	chrVI	834	0	0.5	25
	chrVI	904	1	0.5	25
	chrVI	1129	0	0.5	25
	chrVI	1148	0	0.5	25
	chrVI	1181	1	0.5	25
	chrVI	1240	1	0.5	25
	chrVI	1405	0	0.5	25
	chrVI	1425	0	0.5	25
	chrVI	1427	0	0.5	25
	chrVI	1452	1	0.5	25
	chrVI	1492	1	0.5	25
	chrVI	1759	1	0.5	25
	chrVI	2999	0	0.5	25
	chrVI	3027	0	0.5	25
	chrVI	3037	0	0.5	25
	chrVI	3069	1	0.5	25
	chrVI	3096	1	0.5	25
	chrVI	3116	1	0.5	25
	chrVI	3619	0	0.5	25
	chrVI	3637	0	0.5	25
	chrVI	3672	1	0.5	25
	chrVI	3703	1	0.5	25
	chrVI	4174	0	0.5	25
	chrVI	4215	0	0.5	25
	chrVI	4238	1	0.5	25
	chrVI	4497	0	0.5	25
	chrVI	4522	0	0.5	25
	chrVI	4522	1	0.5	25
	chrVI	4524	0	0.5	25
	chrVI	4550	0	0.5	25
	chrVI	4556	0	1.0	25
	chrVI	4584	1	0.5	25
	chrVI	4588	1	1.0	25
	chrVI	4617	1	0.5	25
	chrVI	4618	1	0.5	25
	chrVI	4626	1	0.5	25
	chrVI	4637	0	1.0	25
	chrVI	4686	0	1.5	25
	chrVI	4687	0	0.5	24
	chrVI	4687	0	0.5	25
	chrVI	4688	0	1.0	25
	chrVI	4697	0	0.5	24
	chrVI	4699	1	1.0	25
	chrVI	4715	0	0.5	25
	chrVI	4721	1	0.5	25
	chrVI	4740	0	0.5	25
	chrVI	4748	0	0.5	25
	chrVI	4749	1	0.5	25
	chrVI	4751	1	0.5	25
	chrVI	4762	0	0.5	25
	chrVI	4762	1	0.5	25
	chrVI	4776	1	0.5	25
	chrVI	4787	1	0.5	25
	chrVI	4789	1	0.5	25
	chrVI	4806	1	0.5	25
	chrVI	4809	1	0.5	25
	chrVI	4825	1	0.5	25
	chrVI	4829	0	0.5	25
	chrVI	4829	1	1.0	25
	chrVI	4876	1	0.5	25
	chrVI	4927	0	0.5	25
	chrVI	4933	0	0.5	25
	chrVI	4947	0	0.5	25
	chrVI	4968	0	0.5	25
	chrVI	4977	0	0.5	25
	chrVI	4988	0	0.5	25
	chrVI	5003	1	0.5	25
	chrVI	5023	1	0.5	25
	chrVI	5032	1	0.5	25
	chrVI	5040	1	0.5	25
	chrVI	5051	0	1.0	25
	chrVI	5062	0	0.5	25
	chrVI	5086	0	0.5	25
	chrVI	5091	1	0.5	25
	chrVI	5103	1	1.0	25
	chrVI	5112	0	0.5	25
	chrVI	5177	0	0.5	25
	chrVI	5178	1	0.5	25
	chrVI	5186	0	0.5	25
	chrVI	5189	0	0.5	25
	chrVI	5189	1	0.5	25
	chrVI	5193	1	0.5	25
	chrVI	5212	0	0.5	25
	chrVI	5212	1	0.5	25
	chrVI	5218	0	0.5	25
	chrVI	5244	0	0.5	25
	chrVI	5249	0	0.5	25
	chrVI	5251	0	0.5	25
	chrVI	5279	1	0.5	25
	chrVI	5285	1	0.5	25
	chrVI	5292	1	1.0	25
	chrVI	5295	0	0.5	25
	chrVI	5315	1	1.0	25
	chrVI	5318	1	0.5	25
	chrVI	5331	0	0.5	25
	chrVI	5369	1	0.5	25
	chrVI	5373	1	0.5	25
	chrVI	5431	1	0.5	25
	chrVI	5437	0	2.0	25
	chrVI	5438	0	0.5	25
	chrVI	5439	0	0.5	25
	chrVI	5444	0	0.5	25
	chrVI	5445	0	1.0	25
	chrVI	5446	0	1.0	25
	chrVI	5470	0	0.5	25
	chrVI	5499	0	0.5	25
	chrVI	5510	1	0.5	25
	chrVI	5511	1	0.5	25
	chrVI	5512	1	0.5	25
	chrVI	5513	0	0.5	25
	chrVI	5515	1	0.5	25
	chrVI	5518	1	0.5	25
	chrVI	5519	1	1.0	25
	chrVI	5520	1	0.5	25
	chrVI	5529	1	0.5	25
	chrVI	5532	1	1.0	25
	chrVI	5541	0	0.5	25
	chrVI	5544	0	1.0	25
	chrVI	5551	1	0.5	25
	chrVI	5568	1	0.5	25
	chrVI	5593	1	0.5	25
	chrVI	5616	0	0.5	25
	chrVI	5625	0	0.5	25
	chrVI	5630	1	0.5	25
	chrVI	5670	1	1.0	25
	chrVI	5671	0	0.5	25
	chrVI	5675	0	1.0	25
	chrVI	5686	0	0.5	25
	chrVI	5691	1	0.5	25
	chrVI	5693	1	0.5	25
	chrVI	5701	0	0.5	25
	chrVI	5714	1	0.5	25
	chrVI	5715	0	0.5	25
	chrVI	5748	0	0.5	25
	chrVI	5759	0	0.5	25
	chrVI	5762	1	1.0	25
	chrVI	5766	1	0.5	25
	chrVI	5770	1	0.5	25
	chrVI	5803	1	0.5	25
	chrVI	5805	1	0.5	25
	chrVI	5824	0	0.5	25
	chrVI	5870	0	0.5	25
	chrVI	5887	1	0.5	25
	chrVI	5892	1	0.5	25
	chrVI	5908	1	0.5	25
	chrVI	5966	0	0.5	25
	chrVI	5999	0	0.5	25
	chrVI	6026	0	0.5	25
	chrVI	6037	0	1.0	25
	chrVI	6058	1	0.5	25
	chrVI	6066	1	0.5	25
	chrVI	6074	1	0.5	25
	chrVI	6099	0	0.5	25
	chrVI	6107	0	0.5	25
	chrVI	6138	0	0.5	25
	chrVI	6139	0	1.0	25
	chrVI	6174	1	0.5	25
	chrVI	6190	1	0.5	25
	chrVI	6197	1	0.5	25
	chrVI	6202	0	0.5	25
	chrVI	6207	0	0.5	25
	chrVI	6217	1	0.5	25
	chrVI	6220	1	0.5	25
	chrVI	6228	0	0.5	25
	chrVI	6249	0	0.5	25
	chrVI	6253	0	0.5	25
	chrVI	6279	0	0.5	25
	chrVI	6279	1	1.0	25
	chrVI	6289	0	0.5	25
	chrVI	6290	0	0.5	25
	chrVI	6294	0	2.0	25
	chrVI	6297	0	1.0	25
	chrVI	6315	0	0.5	25
	chrVI	6318	0	0.5	25
	chrVI	6318	1	0.5	25
	chrVI	6339	1	1.0	25
	chrVI	6355	1	2.5	25
	chrVI	6356	1	1.0	25
	chrVI	6358	0	1.0	25
	chrVI	6358	1	1.0	25
	chrVI	6367	1	0.5	25
	chrVI	6373	1	0.5	25
	chrVI	6400	0	0.5	25
	chrVI	6415	0	0.5	25
	chrVI	6417	0	0.5	25
	chrVI	6418	1	1.5	25
	chrVI	6445	1	0.5	25
	chrVI	6457	0	0.5	25
	chrVI	6461	0	0.5	25
	chrVI	6462	0	0.5	25
	chrVI	6489	1	0.5	25
	chrVI	6513	1	0.5	25
	chrVI	6533	1	0.5	25
	chrVI	6547	0	0.5	25
	chrVI	6547	1	0.5	25
	chrVI	6548	1	0.5	25
	chrVI	6565	0	0.5	25
	chrVI	6565	1	0.5	25
	chrVI	6603	0	0.5	25
	chrVI	6611	0	0.5	25
	chrVI	6620	1	0.5	25
	chrVI	6673	0	0.5	25
	chrVI	6675	1	0.5	25
	chrVI	6677	1	0.5	25
	chrVI	6721	1	0.5	25
	chrVI	6754	0	1.0	25
	chrVI	6774	0	0.5	25
	chrVI	6779	1	0.5	25
	chrVI	6825	1	1.0	25
	chrVI	6836	1	0.5	25
	chrVI	7250	0	0.5	25
	chrVI	7406	1	0.5	25
	chrVI	7453	0	0.5	25
	chrVI	7507	0	0.5	25
	chrVI	7507	1	0.5	25
	chrVI	7652	0	0.5	25
	chrVI	7653	0	0.5	25
	chrVI	7704	1	0.5	25
	chrVI	7712	1	0.5	25
	chrVI	7721	1	0.5	25
	chrVI	7913	0	0.5	25
	chrVI	7962	0	0.5	25
	chrVI	7975	0	0.5	25
	chrVI	8020	1	0.5	25
	chrVI	8025	0	0.5	25
	chrVI	8027	0	0.5	25
	chrVI	8044	1	0.5	25
	chrVI	8047	1	0.5	25
	chrVI	8074	1	0.5	25
	chrVI	8102	0	0.5	25
	chrVI	8122	0	1.0	25
	chrVI	8146	0	1.0	25
	chrVI	8169	1	0.5	25
	chrVI	8186	1	0.5	25
	chrVI	8192	0	0.5	25
	chrVI	8201	1	1.0	25
	chrVI	8217	1	1.0	25
	chrVI	8265	1	0.5	25
	chrVI	8340	0	0.5	25
	chrVI	8350	0	0.5	25
	chrVI	8352	0	0.5	25
	chrVI	8354	0	2.5	25
	chrVI	8396	0	0.5	25
	chrVI	8396	1	0.5	25
	chrVI	8400	0	0.5	25
	chrVI	8413	1	0.5	25
	chrVI	8415	1	0.5	25
	chrVI	8429	1	1.5	25
	chrVI	8438	1	0.5	25
	chrVI	8439	1	0.5	25
	chrVI	8480	1	0.5	25
	chrVI	8484	1	0.5	25
	chrVI	8623	0	0.5	25
	chrVI	8687	0	0.5	24
	chrVI	8711	1	0.5	25
	chrVI	8754	1	0.5	25
	chrVI	8849	0	1.0	25
	chrVI	8977	0	0.5	25
	chrVI	8978	0	0.5	25
	chrVI	8978	1	1.0	25
	chrVI	9032	1	0.5	25
	chrVI	9077	1	0.5	25
	chrVI	9086	0	0.5	25
	chrVI	9164	0	1.0	25
	chrVI	9183	0	0.5	25
	chrVI	9203	1	0.5	25
	chrVI	9236	1	1.0	25
	chrVI	9239	1	0.5	25
	chrVI	9469	0	0.5	25
	chrVI	9512	0	0.5	25
	chrVI	9544	1	0.5	25
	chrVI	9693	1	0.5	25
	chrVI	9814	0	0.5	25
	chrVI	9933	1	0.5	25
	chrVI	10606	0	0.5	25
	chrVI	10668	1	0.5	25
	chrVI	10684	0	0.5	25
	chrVI	10716	1	0.5	25
	chrVI	10955	0	0.5	25
	chrVI	10987	0	0.5	25
	chrVI	11070	0	0.5	23
	chrVI	11074	1	0.5	25
	chrVI	11083	1	0.5	25
	chrVI	11108	1	0.5	25
	chrVI	11118	0	1.0	25
	chrVI	11143	0	0.5	25
	chrVI	11153	0	0.5	25
	chrVI	11161	0	0.5	25
	chrVI	11206	0	0.5	25
	chrVI	11212	1	0.5	25
	chrVI	11218	1	0.5	25
	chrVI	11224	1	0.5	25
	chrVI	11285	1	0.5	25
	chrVI	11325	1	1.0	25
	chrVI	11344	0	1.0	25
	chrVI	11560	0	0.5	25
	chrVI	11664	0	0.5	25
	chrVI	11665	1	0.5	25
	chrVI	11683	1	1.0	25
	chrVI	11697	1	0.5	25
	chrVI	12073	0	0.5	25
	chrVI	12087	0	0.5	25
	chrVI	12141	1	0.5	25
	chrVI	12170	1	0.5	25
	chrVI	12297	0	0.5	25
	chrVI	12372	0	0.5	25
	chrVI	12375	0	0.5	25
	chrVI	12383	0	0.5	25
	chrVI	12393	0	0.5	25
	chrVI	12435	1	0.5	25
	chrVI	12442	1	0.5	25
	chrVI	12447	1	0.5	25
	chrVI	12452	1	0.5	25
	chrVI	12479	1	0.5	25
	chrVI	12814	0	0.5	25
	chrVI	12870	1	0.5	25
	chrVI	13110	0	0.5	25
	chrVI	13294	0	0.5	25
	chrVI	13323	0	0.5	25
	chrVI	13351	1	1.0	25
	chrVI	13356	0	0.5	25
	chrVI	13391	1	0.5	25
	chrVI	13399	1	0.5	25
	chrVI	13440	0	0.5	25
	chrVI	13530	1	0.5	25
	chrVI	13869	0	0.5	25
	chrVI	13958	0	0.5	25
	chrVI	13998	1	0.5	25
	chrVI	14039	0	0.5	25
	chrVI	14040	1	0.5	25
	chrVI	14048	0	0.5	25
	chrVI	14051	0	0.5	25
	chrVI	14079	0	0.5	25
	chrVI	14104	1	0.5	25
	chrVI	14105	0	0.5	25
	chrVI	14107	0	0.5	25
	chrVI	14115	0	0.5	25
	chrVI	14118	1	0.5	25
	chrVI	14121	1	0.5	25
	chrVI	14135	0	0.5	25
	chrVI	14143	1	0.5	25
	chrVI	14164	1	0.5	25
	chrVI	14170	1	0.5	25
	chrVI	14173	1	0.5	25
	chrVI	14200	0	0.5	25
	chrVI	14215	0	0.5	25
	chrVI	14216	0	0.5	25
	chrVI	14235	0	0.5	25
	chrVI	14242	1	0.5	25
	chrVI	14256	0	0.5	25
	chrVI	14274	0	0.5	25
	chrVI	14277	0	0.5	25
	chrVI	14278	0	0.5	25
	chrVI	14285	1	0.5	25
	chrVI	14288	1	0.5	25
	chrVI	14300	1	0.5	25
	chrVI	14306	1	0.5	25
	chrVI	14325	1	0.5	25
	chrVI	14347	0	0.5	25
	chrVI	14367	0	0.5	25
	chrVI	14378	1	0.5	25
	chrVI	14428	1	0.5	25
	chrVI	14438	0	0.5	25
	chrVI	14444	0	0.5	25
	chrVI	14451	1	0.5	25
	chrVI	14457	1	0.5	25
	chrVI	14467	1	0.5	25
	chrVI	14528	1	0.5	25
	chrVI	14548	1	0.5	25
	chrVI	14564	0	0.5	25
	chrVI	14648	1	0.5	25
	chrVI	14690	0	0.5	25
	chrVI	14699	0	1.5	25
	chrVI	14731	0	0.5	25
	chrVI	14768	0	0.5	25
	chrVI	14781	1	0.5	25
	chrVI	14794	1	0.5	25
	chrVI	14815	0	0.5	25
	chrVI	14856	1	1.5	25
	chrVI	14860	0	0.5	25
	chrVI	14862	0	0.5	25
	chrVI	14886	1	0.5	25
	chrVI	14915	1	0.5	25
	chrVI	14917	1	0.5	25
	chrVI	14959	0	0.5	25
	chrVI	14972	0	0.5	25
	chrVI	15066	1	0.5	25
	chrVI	15081	1	0.5	25
	chrVI	15117	1	0.5	25
	chrVI	15152	0	0.5	25
	chrVI	15165	0	0.5	25
	chrVI	15196	0	0.5	25
	chrVI	15210	0	1.0	25
	chrVI	15219	0	0.5	25
	chrVI	15220	1	0.5	25
	chrVI	15243	0	0.5	25
	chrVI	15275	0	0.5	25
	chrVI	15275	1	0.5	25
	chrVI	15283	1	0.5	25
	chrVI	15284	1	0.5	25
	chrVI	15296	1	0.5	25
	chrVI	15315	1	1.0	25
	chrVI	15342	1	0.5	25
	chrVI	15370	0	0.5	25
	chrVI	15388	0	1.0	25
	chrVI	15413	1	0.5	25
	chrVI	15421	0	0.5	25
	chrVI	15434	0	1.5	25
	chrVI	15437	0	0.5	25
	chrVI	15444	1	0.5	25
	chrVI	15447	0	0.5	25
	chrVI	15449	0	0.5	25
	chrVI	15458	0	0.5	25
	chrVI	15462	0	0.5	23
	chrVI	15468	1	0.5	25
	chrVI	15470	0	0.5	25
	chrVI	15476	0	0.5	25
	chrVI	15483	0	0.5	25
	chrVI	15489	1	1.5	25
	chrVI	15490	0	1.0	25
	chrVI	15508	0	0.5	25
	chrVI	15509	1	0.5	25
	chrVI	15516	1	0.5	25
	chrVI	15527	0	0.5	25
	chrVI	15528	1	0.5	25
	chrVI	15530	0	1.0	25
	chrVI	15531	1	0.5	25
	chrVI	15534	1	0.5	25
	chrVI	15539	0	1.5	25
	chrVI	15554	0	1.0	25
	chrVI	15557	1	0.5	25
	chrVI	15558	1	0.5	25
	chrVI	15559	1	0.5	25
	chrVI	15562	1	0.5	25
	chrVI	15563	0	0.5	25
	chrVI	15623	1	1.5	25
	chrVI	15626	1	0.5	25
	chrVI	15628	1	1.0	25
	chrVI	15647	1	1.0	25
	chrVI	15671	1	0.5	25
	chrVI	15679	1	0.5	25
	chrVI	15702	0	1.0	25
	chrVI	15716	0	0.5	25
	chrVI	15736	0	1.0	25
	chrVI	15741	0	0.5	25
	chrVI	15783	0	0.5	25
	chrVI	15783	1	0.5	25
	chrVI	15786	0	0.5	25
	chrVI	15802	0	0.5	25
	chrVI	15814	1	0.5	25
	chrVI	15843	1	0.5	25
	chrVI	15848	1	1.0	25
	chrVI	15850	0	0.5	25
	chrVI	15852	1	1.5	25
	chrVI	15854	1	1.0	25
	chrVI	15885	0	0.5	25
	chrVI	15889	1	0.5	25
	chrVI	15945	1	0.5	25
	chrVI	15947	0	0.5	25
	chrVI	15948	0	0.5	25
	chrVI	15954	0	1.0	25
	chrVI	15965	1	0.5	25
	chrVI	16017	1	1.5	25
	chrVI	16021	0	0.5	25
	chrVI	16046	0	0.5	25
	chrVI	16080	0	0.5	25
	chrVI	16097	1	0.5	25
	chrVI	16107	0	0.5	25
	chrVI	16114	1	0.5	25
	chrVI	16123	0	0.5	25
	chrVI	16128	0	1.0	25
	chrVI	16133	0	0.5	25
	chrVI	16138	1	0.5	25
	chrVI	16141	0	0.5	25
	chrVI	16162	1	0.5	25
	chrVI	16173	1	0.5	25
	chrVI	16181	1	0.5	25
	chrVI	16201	1	0.5	25
	chrVI	16209	1	0.5	25
	chrVI	16221	1	0.5	25
	chrVI	16233	0	0.5	25
	chrVI	16262	0	0.5	25
	chrVI	16265	0	0.5	25
	chrVI	16290	0	0.5	25
	chrVI	16293	1	0.5	25
	chrVI	16317	1	0.5	25
	chrVI	16318	0	0.5	25
	chrVI	16344	1	0.5	24
	chrVI	16346	0	0.5	25
	chrVI	16349	1	0.5	25
	chrVI	16379	0	0.5	25
	chrVI	16382	1	0.5	25
	chrVI	16397	0	0.5	25
	chrVI	16400	0	0.5	25
	chrVI	16403	0	0.5	25
	chrVI	16404	1	1.0	25
	chrVI	16434	0	0.5	25
	chrVI	16458	1	0.5	25
	chrVI	16476	1	0.5	25
	chrVI	16479	0	2.0	25
	chrVI	16485	0	0.5	25
	chrVI	16492	1	1.0	25
	chrVI	16498	0	0.5	25
	chrVI	16498	1	0.5	25
	chrVI	16501	0	1.5	25
	chrVI	16524	0	0.5	25
	chrVI	16525	0	1.5	25
	chrVI	16530	0	1.0	25
	chrVI	16531	0	0.5	25
	chrVI	16537	0	0.5	25
	chrVI	16546	1	1.0	25
	chrVI	16548	0	0.5	25
	chrVI	16552	0	1.0	25
	chrVI	16553	0	0.5	25
	chrVI	16558	1	0.5	25
	chrVI	16562	1	0.5	25
	chrVI	16563	0	0.5	25
	chrVI	16578	0	0.5	25
	chrVI	16589	0	0.5	25
	chrVI	16591	1	1.0	25
	chrVI	16598	0	0.5	25
	chrVI	16606	1	0.5	25
	chrVI	16607	0	0.5	25
	chrVI	16607	1	0.5	25
	chrVI	16612	1	2.0	25
	chrVI	16615	1	0.5	25
	chrVI	16616	1	1.5	25
	chrVI	16623	1	0.5	25
	chrVI	16642	1	0.5	25
	chrVI	16644	0	0.5	25
	chrVI	16645	1	0.5	25
	chrVI	16647	0	0.5	25
	chrVI	16650	1	1.0	25
	chrVI	16651	0	0.5	25
	chrVI	16652	0	0.5	25
	chrVI	16667	1	1.5	25
	chrVI	16668	0	0.5	25
	chrVI	16690	1	0.5	25
	chrVI	16709	1	1.0	25
	chrVI	16711	1	0.5	25
	chrVI	16712	0	1.0	25
	chrVI	16714	0	0.5	25
	chrVI	16715	0	0.5	25
	chrVI	16721	0	0.5	25
	chrVI	16737	0	0.5	25
	chrVI	16748	1	0.5	25
	chrVI	16757	1	0.5	25
	chrVI	16762	0	0.5	25
	chrVI	16774	1	1.0	25
	chrVI	16792	1	0.5	25
	chrVI	16797	1	0.5	25
	chrVI	16803	0	0.5	25
	chrVI	16805	1	0.5	25
	chrVI	16809	1	0.5	25
	chrVI	16811	0	0.5	25
	chrVI	16818	0	0.5	25
	chrVI	16820	1	0.5	25
	chrVI	16822	0	0.5	25
	chrVI	16834	1	0.5	25
	chrVI	16847	0	0.5	25
	chrVI	16848	0	0.5	25
	chrVI	16849	0	0.5	25
	chrVI	16860	0	1.0	25
	chrVI	16876	1	0.5	25
	chrVI	16899	1	0.5	25
	chrVI	16906	1	0.5	25
	chrVI	16910	1	0.5	25
	chrVI	16916	0	0.5	25
	chrVI	16933	0	1.0	25
	chrVI	16952	1	1.0	25
	chrVI	16966	0	0.5	25
	chrVI	16969	1	0.5	25
	chrVI	16978	1	0.5	25
	chrVI	16993	1	0.5	25
	chrVI	17002	1	0.5	25
	chrVI	17005	0	0.5	25
	chrVI	17023	1	0.5	25
	chrVI	17031	0	0.5	25
	chrVI	17041	1	0.5	25
	chrVI	17124	1	0.5	25
	chrVI	17131	0	0.5	25
	chrVI	17156	0	0.5	25
	chrVI	17184	0	0.5	25
	chrVI	17201	1	0.5	25
	chrVI	17204	0	0.5	25
	chrVI	17222	0	0.5	25
	chrVI	17225	0	0.5	25
	chrVI	17241	0	0.5	25
	chrVI	17246	1	0.5	25
	chrVI	17261	1	0.5	24
	chrVI	17262	1	0.5	25
	chrVI	17269	1	0.5	25
	chrVI	17276	1	0.5	25
	chrVI	17287	0	0.5	25
	chrVI	17294	1	0.5	25
	chrVI	17296	0	1.0	25
	chrVI	17318	0	1.5	25
	chrVI	17335	0	0.5	25
	chrVI	17337	0	1.0	25
	chrVI	17337	1	0.5	25
	chrVI	17359	0	0.5	25
	chrVI	17381	1	0.5	25
	chrVI	17383	1	1.0	25
	chrVI	17402	1	0.5	25
	chrVI	17405	1	0.5	25
	chrVI	17409	1	1.0	25
	chrVI	17416	1	0.5	25
	chrVI	17431	1	0.5	25
	chrVI	17468	0	0.5	25
	chrVI	17478	1	0.5	25
	chrVI	17500	1	0.5	25
	chrVI	17502	0	0.5	25
	chrVI	17504	0	0.5	25
	chrVI	17524	0	1.0	25
	chrVI	17533	0	0.5	25
	chrVI	17548	0	0.5	25
	chrVI	17553	1	0.5	25
	chrVI	17573	0	0.5	25
	chrVI	17575	0	0.5	25
	chrVI	17604	1	0.5	25
	chrVI	17619	1	1.0	25
	chrVI	17620	0	0.5	25
	chrVI	17620	1	0.5	25
	chrVI	17622	1	0.5	25
	chrVI	17645	0	0.5	25
	chrVI	17665	0	0.5	25
	chrVI	17691	1	0.5	25
	chrVI	17697	1	0.5	25
	chrVI	17707	0	0.5	25
	chrVI	17711	1	0.5	25
	chrVI	17741	1	0.5	25
	chrVI	17771	1	0.5	25
	chrVI	17773	1	0.5	25
	chrVI	17794	0	0.5	25
	chrVI	17832	0	0.5	25
	chrVI	17852	0	0.5	25
	chrVI	17866	1	0.5	25
	chrVI	17873	1	0.5	25
	chrVI	17880	0	0.5	25
	chrVI	17882	0	0.5	25
	chrVI	17888	0	0.5	25
	chrVI	17943	1	0.5	25
	chrVI	17954	0	0.5	25
	chrVI	17957	1	0.5	25
	chrVI	17961	1	0.5	25
	chrVI	17990	1	0.5	25
	chrVI	18003	0	0.5	25
	chrVI	18011	1	0.5	25
	chrVI	18017	0	0.5	25
	chrVI	18023	0	0.5	25
	chrVI	18035	1	0.5	25
	chrVI	18040	0	0.5	25
	chrVI	18048	0	1.0	25
	chrVI	18056	0	1.5	25
	chrVI	18087	0	0.5	25
	chrVI	18089	1	0.5	25
	chrVI	18090	1	0.5	25
	chrVI	18092	0	0.5	25
	chrVI	18106	1	1.0	25
	chrVI	18109	1	0.5	25
	chrVI	18112	1	0.5	25
	chrVI	18126	0	0.5	25
	chrVI	18148	1	0.5	25
	chrVI	18152	0	0.5	25
	chrVI	18170	0	0.5	25
	chrVI	18172	1	1.0	25
	chrVI	18175	1	0.5	25
	chrVI	18184	0	0.5	25
	chrVI	18189	0	0.5	25
	chrVI	18211	1	0.5	25
	chrVI	18246	1	0.5	25
	chrVI	18280	1	0.5	25
	chrVI	18281	1	0.5	25
	chrVI	18323	0	0.5	25
	chrVI	18335	1	0.5	25
	chrVI	18337	0	0.5	25
	chrVI	18357	1	0.5	25
	chrVI	18383	1	0.5	25
	chrVI	18387	0	0.5	25
	chrVI	18389	1	0.5	25
	chrVI	18407	0	0.5	25
	chrVI	18418	0	0.5	25
	chrVI	18429	0	0.5	25
	chrVI	18436	0	0.5	25
	chrVI	18450	1	0.5	25
	chrVI	18466	0	0.5	25
	chrVI	18477	1	0.5	25
	chrVI	18481	1	0.5	25
	chrVI	18489	1	0.5	25
	chrVI	18501	0	0.5	25
	chrVI	18507	1	0.5	25
	chrVI	18570	1	0.5	25
	chrVI	18576	0	1.0	25
	chrVI	18603	0	0.5	25
	chrVI	18607	0	0.5	25
	chrVI	18624	1	0.5	25
	chrVI	18629	1	1.0	25
	chrVI	18639	0	0.5	25
	chrVI	18641	0	0.5	23
	chrVI	18641	0	0.5	25
	chrVI	18657	1	0.5	25
	chrVI	18662	1	0.5	25
	chrVI	18684	1	1.0	25
	chrVI	18716	0	0.5	25
	chrVI	18718	1	0.5	25
	chrVI	18729	0	0.5	25
	chrVI	18784	0	0.5	25
	chrVI	18796	1	0.5	25
	chrVI	18797	1	0.5	25
	chrVI	18822	0	0.5	25
	chrVI	18824	0	1.0	25
	chrVI	18839	0	0.5	25
	chrVI	18855	0	1.0	25
	chrVI	18860	1	0.5	25
	chrVI	18868	1	0.5	25
	chrVI	18875	0	0.5	25
	chrVI	18880	1	0.5	25
	chrVI	18899	0	0.5	25
	chrVI	18902	1	0.5	25
	chrVI	18915	0	0.5	25
	chrVI	18921	1	0.5	25
	chrVI	18936	0	0.5	25
	chrVI	18940	1	0.5	25
	chrVI	18952	0	0.5	25
	chrVI	18957	0	0.5	25
	chrVI	18983	0	1.0	25
	chrVI	18990	1	0.5	25
	chrVI	18991	0	0.5	25
	chrVI	18999	1	0.5	25
	chrVI	19014	1	0.5	25
	chrVI	19021	1	1.0	25
	chrVI	19035	1	1.5	25
	chrVI	19042	0	0.5	25
	chrVI	19042	1	1.0	25
	chrVI	19046	0	0.5	25
	chrVI	19060	0	0.5	25
	chrVI	19063	0	0.5	25
	chrVI	19070	0	0.5	25
	chrVI	19085	0	0.5	25
	chrVI	19094	1	0.5	25
	chrVI	19108	0	1.5	25
	chrVI	19112	1	0.5	25
	chrVI	19113	1	0.5	25
	chrVI	19129	0	0.5	25
	chrVI	19143	1	0.5	25
	chrVI	19157	1	0.5	25
	chrVI	19169	1	0.5	25
	chrVI	19170	1	1.5	25
	chrVI	19203	1	0.5	25
	chrVI	19293	0	0.5	25
	chrVI	19294	0	0.5	25
	chrVI	19317	0	0.5	25
	chrVI	19336	0	0.5	25
	chrVI	19342	0	1.0	25
	chrVI	19347	0	1.0	25
	chrVI	19353	1	0.5	25
	chrVI	19383	0	0.5	25
	chrVI	19395	1	0.5	25
	chrVI	19402	0	0.5	25
	chrVI	19421	1	1.0	25
	chrVI	19425	0	0.5	25
	chrVI	19425	1	1.0	25
	chrVI	19440	0	0.5	25
	chrVI	19460	1	0.5	25
	chrVI	19467	1	0.5	25
	chrVI	19472	1	0.5	25
	chrVI	19495	1	0.5	25
	chrVI	19517	0	0.5	25
	chrVI	19519	0	0.5	25
	chrVI	19525	0	0.5	25
	chrVI	19530	1	0.5	25
	chrVI	19536	1	0.5	25
	chrVI	19564	0	0.5	25
	chrVI	19581	1	0.5	25
	chrVI	19583	0	0.5	25
	chrVI	19592	0	0.5	25
	chrVI	19599	0	1.0	25
	chrVI	19600	1	0.5	25
	chrVI	19613	1	0.5	25
	chrVI	19614	0	0.5	25
	chrVI	19626	0	1.0	25
	chrVI	19627	0	0.5	25
	chrVI	19648	0	0.5	25
	chrVI	19648	1	0.5	25
	chrVI	19654	1	0.5	25
	chrVI	19655	1	0.5	25
	chrVI	19657	0	0.5	25
	chrVI	19662	1	0.5	25
	chrVI	19672	0	1.0	25
	chrVI	19673	0	0.5	25
	chrVI	19680	1	1.5	25
	chrVI	19682	0	0.5	25
	chrVI	19691	1	0.5	25
	chrVI	19698	0	0.5	25
	chrVI	19710	0	0.5	25
	chrVI	19713	1	0.5	25
	chrVI	19718	1	0.5	25
	chrVI	19724	1	0.5	25
	chrVI	19743	1	1.5	25
	chrVI	19746	0	0.5	25
	chrVI	19751	0	1.0	25
	chrVI	19761	0	1.0	25
	chrVI	19763	1	0.5	25
	chrVI	19765	0	0.5	25
	chrVI	19789	1	0.5	25
	chrVI	19808	1	0.5	25
	chrVI	19809	1	0.5	25
	chrVI	19822	0	0.5	25
	chrVI	19832	1	0.5	25
	chrVI	19836	0	0.5	25
	chrVI	19841	0	0.5	25
	chrVI	19841	1	0.5	25
	chrVI	19851	0	0.5	25
	chrVI	19858	0	0.5	25
	chrVI	19873	1	0.5	25
	chrVI	19884	0	0.5	25
	chrVI	19884	1	0.5	25
	chrVI	19891	1	0.5	25
	chrVI	19898	1	0.5	25
	chrVI	19903	0	0.5	25
	chrVI	19920	1	1.0	25
	chrVI	19921	0	0.5	25
	chrVI	19923	1	0.5	25
	chrVI	19942	0	0.5	25
	chrVI	19943	0	0.5	25
	chrVI	19943	1	0.5	25
	chrVI	19957	0	0.5	25
	chrVI	19975	1	0.5	25
	chrVI	19977	1	1.0	25
	chrVI	19978	0	0.5	25
	chrVI	20007	1	0.5	25
	chrVI	20036	1	0.5	25
	chrVI	20064	0	0.5	25
	chrVI	20103	1	0.5	25
	chrVI	20115	1	0.5	25
	chrVI	20135	1	0.5	25
	chrVI	20142	0	0.5	25
	chrVI	20181	0	0.5	25
	chrVI	20195	0	0.5	25
	chrVI	20207	0	0.5	25
	chrVI	20208	0	0.5	25
	chrVI	20208	1	0.5	25
	chrVI	20215	1	0.5	25
	chrVI	20234	0	0.5	25
	chrVI	20255	1	0.5	25
	chrVI	20263	1	0.5	25
	chrVI	20272	0	1.0	25
	chrVI	20282	1	0.5	25
	chrVI	20291	0	0.5	25
	chrVI	20303	0	0.5	25
	chrVI	20309	1	0.5	25
	chrVI	20313	0	1.0	25
	chrVI	20330	0	1.0	25
	chrVI	20344	0	1.0	25
	chrVI	20350	1	0.5	25
	chrVI	20370	1	1.0	25
	chrVI	20375	0	0.5	25
	chrVI	20385	1	1.0	25
	chrVI	20409	0	0.5	25
	chrVI	20420	1	0.5	25
	chrVI	20428	1	1.0	25
	chrVI	20433	1	1.0	25
	chrVI	20452	0	0.5	25
	chrVI	20493	0	0.5	25
	chrVI	20499	1	0.5	25
	chrVI	20506	0	0.5	25
	chrVI	20529	0	0.5	25
	chrVI	20534	0	0.5	25
	chrVI	20538	0	0.5	25
	chrVI	20547	0	0.5	25
	chrVI	20559	1	0.5	25
	chrVI	20566	1	0.5	25
	chrVI	20577	1	0.5	25
	chrVI	20584	1	0.5	25
	chrVI	20586	1	0.5	25
	chrVI	20597	0	0.5	25
	chrVI	20606	0	0.5	25
	chrVI	20610	1	0.5	25
	chrVI	20631	0	0.5	25
	chrVI	20634	1	0.5	25
	chrVI	20636	0	0.5	25
	chrVI	20655	0	0.5	25
	chrVI	20673	1	0.5	25
	chrVI	20701	1	0.5	25
	chrVI	20702	1	0.5	25
	chrVI	20710	1	0.5	25
	chrVI	20712	0	1.0	25
	chrVI	20717	0	0.5	25
	chrVI	20721	0	0.5	25
	chrVI	20722	1	0.5	25
	chrVI	20723	0	0.5	25
	chrVI	20730	0	0.5	25
	chrVI	20739	1	0.5	25
	chrVI	20742	0	1.0	25
	chrVI	20767	1	0.5	25
	chrVI	20775	0	0.5	25
	chrVI	20778	1	0.5	25
	chrVI	20786	1	0.5	25
	chrVI	20790	0	0.5	25
	chrVI	20790	1	0.5	25
	chrVI	20791	0	0.5	25
	chrVI	20793	0	0.5	25
	chrVI	20810	1	0.5	25
	chrVI	20812	1	0.5	25
	chrVI	20814	1	0.5	25
	chrVI	20819	0	0.5	25
	chrVI	20820	1	1.0	25
	chrVI	20854	0	0.5	25
	chrVI	20859	0	0.5	25
	chrVI	20869	1	0.5	25
	chrVI	20881	1	0.5	25
	chrVI	20894	1	0.5	25
	chrVI	20915	0	0.5	25
	chrVI	20917	1	0.5	25
	chrVI	20951	0	0.5	25
	chrVI	20958	0	0.5	25
	chrVI	20964	0	0.5	25
	chrVI	20973	1	0.5	25
	chrVI	20974	0	0.5	25
	chrVI	20991	0	0.5	25
	chrVI	21011	1	0.5	25
	chrVI	21019	0	0.5	25
	chrVI	21032	1	0.5	25
	chrVI	21035	0	0.5	25
	chrVI	21035	1	0.5	25
	chrVI	21038	1	0.5	25
	chrVI	21039	0	0.5	25
	chrVI	21047	1	0.5	25
	chrVI	21068	1	0.5	25
	chrVI	21070	1	0.5	25
	chrVI	21098	1	0.5	25
	chrVI	21101	1	0.5	25
	chrVI	21112	0	1.0	25
	chrVI	21125	0	0.5	25
	chrVI	21128	0	0.5	25
	chrVI	21155	0	0.5	25
	chrVI	21166	1	1.0	25
	chrVI	21175	1	0.5	25
	chrVI	21191	1	0.5	25
	chrVI	21202	1	0.5	25
	chrVI	21236	0	0.5	25
	chrVI	21241	0	0.5	25
	chrVI	21278	0	0.5	25
	chrVI	21284	1	0.5	25
	chrVI	21300	1	0.5	25
	chrVI	21311	1	0.5	25
	chrVI	21321	1	0.5	25
	chrVI	21322	0	1.0	25
	chrVI	21338	0	0.5	25
	chrVI	21366	0	0.5	25
	chrVI	21400	0	0.5	25
	chrVI	21434	1	0.5	25
	chrVI	21435	0	0.5	25
	chrVI	21447	0	0.5	25
	chrVI	21453	1	0.5	25
	chrVI	21486	1	1.0	25
	chrVI	21490	1	0.5	25
	chrVI	21502	1	0.5	25
	chrVI	21516	0	0.5	25
	chrVI	21545	1	0.5	25
	chrVI	21547	0	1.0	25
	chrVI	21555	0	0.5	25
	chrVI	21569	1	0.5	25
	chrVI	21575	0	0.5	25
	chrVI	21606	0	0.5	25
	chrVI	21609	1	0.5	25
	chrVI	21614	1	1.0	25
	chrVI	21651	1	0.5	25
	chrVI	21660	1	0.5	25
	chrVI	21683	0	0.5	25
	chrVI	21761	0	0.5	25
	chrVI	21770	1	0.5	25
	chrVI	21789	0	0.5	25
	chrVI	21828	0	1.0	25
	chrVI	21853	1	0.5	25
	chrVI	21926	0	0.5	25
	chrVI	21933	0	0.5	25
	chrVI	21951	1	0.5	25
	chrVI	21972	0	0.5	25
	chrVI	21979	0	0.5	25
	chrVI	21992	1	1.0	25
	chrVI	21995	0	0.5	25
	chrVI	22000	1	0.5	25
	chrVI	22006	1	0.5	25
	chrVI	22015	1	0.5	25
	chrVI	22064	1	0.5	25
	chrVI	22078	1	0.5	25
	chrVI	22082	0	0.5	25
	chrVI	22101	0	0.5	25
	chrVI	22131	0	0.5	25
	chrVI	22145	1	0.5	25
	chrVI	22172	1	0.5	25
	chrVI	22210	1	0.5	25
	chrVI	22219	0	0.5	25
	chrVI	22242	0	0.5	25
	chrVI	22298	0	0.5	25
	chrVI	22303	0	0.5	25
	chrVI	22319	1	0.5	25
	chrVI	22350	0	0.5	25
	chrVI	22355	1	0.5	25
	chrVI	22371	1	0.5	25
	chrVI	22377	1	0.5	25
	chrVI	22398	0	0.5	25
	chrVI	22404	0	1.0	25
	chrVI	22429	0	1.0	25
	chrVI	22430	0	0.5	25
	chrVI	22440	1	0.5	25
	chrVI	22449	0	1.0	25
	chrVI	22487	1	1.0	25
	chrVI	22522	0	0.5	25
	chrVI	22525	1	1.0	25
	chrVI	22559	1	1.0	25
	chrVI	22560	0	0.5	25
	chrVI	22565	0	0.5	25
	chrVI	22582	1	0.5	25
	chrVI	22586	1	0.5	25
	chrVI	22600	0	0.5	25
	chrVI	22607	1	0.5	25
	chrVI	22632	1	0.5	25
	chrVI	22639	1	0.5	25
	chrVI	22694	0	0.5	25
	chrVI	22697	0	0.5	25
	chrVI	22724	0	0.5	25
	chrVI	22729	1	0.5	25
	chrVI	22774	1	0.5	25
	chrVI	22845	1	0.5	25
	chrVI	22913	0	1.0	25
	chrVI	22918	0	0.5	25
	chrVI	22918	1	0.5	25
	chrVI	22935	0	0.5	25
	chrVI	22942	0	0.5	25
	chrVI	22950	0	2.0	25
	chrVI	22956	0	1.0	25
	chrVI	22964	1	0.5	25
	chrVI	22966	0	0.5	25
	chrVI	22968	0	0.5	25
	chrVI	22968	1	0.5	25
	chrVI	22969	0	0.5	25
	chrVI	22970	0	0.5	25
	chrVI	22974	0	0.5	25
	chrVI	22984	1	0.5	25
	chrVI	22985	1	0.5	25
	chrVI	23005	0	0.5	25
	chrVI	23011	1	0.5	25
	chrVI	23012	0	0.5	25
	chrVI	23014	0	0.5	25
	chrVI	23016	1	0.5	25
	chrVI	23024	1	1.0	25
	chrVI	23025	1	0.5	25
	chrVI	23029	1	0.5	25
	chrVI	23031	1	0.5	25
	chrVI	23035	1	1.0	25
	chrVI	23048	1	0.5	25
	chrVI	23049	1	1.0	25
	chrVI	23050	0	0.5	25
	chrVI	23054	1	0.5	25
	chrVI	23068	0	1.0	25
	chrVI	23074	1	0.5	25
	chrVI	23083	0	0.5	25
	chrVI	23122	0	0.5	25
	chrVI	23145	0	0.5	25
	chrVI	23149	0	0.5	25
	chrVI	23160	1	0.5	25
	chrVI	23175	1	0.5	25
	chrVI	23182	0	0.5	25
	chrVI	23213	1	1.0	25
	chrVI	23219	1	0.5	25
	chrVI	23225	1	1.0	25
	chrVI	23241	0	0.5	25
	chrVI	23244	0	1.0	25
	chrVI	23249	1	0.5	25
	chrVI	23260	0	0.5	25
	chrVI	23281	1	0.5	25
	chrVI	23284	0	0.5	25
	chrVI	23310	1	0.5	25
	chrVI	23312	1	0.5	25
	chrVI	23317	1	0.5	25
	chrVI	23326	0	1.0	25
	chrVI	23333	1	0.5	25
	chrVI	23346	0	0.5	25
	chrVI	23349	1	0.5	25
	chrVI	23374	0	0.5	25
	chrVI	23390	0	0.5	25
	chrVI	23395	1	1.5	25
	chrVI	23396	0	0.5	25
	chrVI	23410	0	0.5	25
	chrVI	23417	0	1.0	25
	chrVI	23424	1	0.5	25
	chrVI	23461	1	0.5	25
	chrVI	23469	0	0.5	25
	chrVI	23473	1	1.0	25
	chrVI	23474	1	0.5	25
	chrVI	23569	1	0.5	25
	chrVI	23601	0	0.5	25
	chrVI	23617	1	0.5	25
	chrVI	23639	1	0.5	25
	chrVI	23709	0	0.5	25
	chrVI	23727	0	0.5	25
	chrVI	23776	0	0.5	25
	chrVI	23787	1	0.5	25
	chrVI	23872	0	1.0	25
	chrVI	23897	0	0.5	25
	chrVI	23901	1	0.5	25
	chrVI	23911	0	1.0	25
	chrVI	23940	1	0.5	25
	chrVI	23949	0	0.5	25
	chrVI	23954	1	0.5	25
	chrVI	23998	1	1.0	25
	chrVI	24019	0	0.5	25
	chrVI	24024	0	0.5	25
	chrVI	24047	0	0.5	25
	chrVI	24090	1	1.0	25
	chrVI	24095	1	0.5	25
	chrVI	24102	0	0.5	24
	chrVI	24120	1	0.5	25
	chrVI	24146	0	0.5	25
	chrVI	24190	1	0.5	25
	chrVI	24217	1	0.5	25
	chrVI	24243	0	0.5	25
	chrVI	24264	0	1.0	25
	chrVI	24289	0	0.5	25
	chrVI	24296	1	0.5	25
	chrVI	24301	0	0.5	25
	chrVI	24307	0	0.5	25
	chrVI	24322	1	0.5	25
	chrVI	24328	1	0.5	25
	chrVI	24351	1	0.5	25
	chrVI	24356	1	0.5	25
	chrVI	24368	1	0.5	25
	chrVI	24375	1	0.5	25
	chrVI	24394	0	1.0	25
	chrVI	24457	0	0.5	25
	chrVI	24478	1	1.0	25
	chrVI	24523	1	0.5	25
	chrVI	24546	0	0.5	25
	chrVI	24573	0	0.5	25
	chrVI	24581	0	0.5	25
	chrVI	24603	0	0.5	25
	chrVI	24621	1	0.5	25
	chrVI	24624	0	0.5	25
	chrVI	24651	1	0.5	25
	chrVI	24661	1	0.5	25
	chrVI	24665	1	0.5	25
	chrVI	24673	0	1.0	25
	chrVI	24674	1	0.5	25
	chrVI	24701	0	0.5	25
	chrVI	24715	0	0.5	25
	chrVI	24716	1	0.5	25
	chrVI	24749	1	0.5	25
	chrVI	24752	0	0.5	25
	chrVI	24753	0	0.5	25
	chrVI	24765	0	0.5	25
	chrVI	24766	0	0.5	25
	chrVI	24767	0	0.5	25
	chrVI	24798	1	0.5	25
	chrVI	24803	1	0.5	25
	chrVI	24852	1	0.5	25
	chrVI	24856	0	0.5	25
	chrVI	24857	1	1.0	25
	chrVI	24866	0	0.5	25
	chrVI	24866	1	0.5	25
	chrVI	24877	1	0.5	25
	chrVI	24900	1	0.5	25
	chrVI	24927	1	0.5	25
	chrVI	24950	0	0.5	25
	chrVI	25010	1	0.5	25
	chrVI	25031	1	0.5	25
	chrVI	25085	0	0.5	25
	chrVI	25163	0	0.5	25
	chrVI	25167	0	0.5	25
	chrVI	25172	0	0.5	25
	chrVI	25194	0	0.5	25
	chrVI	25215	0	0.5	25
	chrVI	25217	1	0.5	25
	chrVI	25231	1	0.5	25
	chrVI	25239	0	0.5	25
	chrVI	25241	1	0.5	25
	chrVI	25245	1	0.5	25
	chrVI	25246	1	0.5	25
	chrVI	25248	0	0.5	23
	chrVI	25248	0	0.5	25
	chrVI	25249	0	0.5	25
	chrVI	25251	0	0.5	25
	chrVI	25268	0	0.5	25
	chrVI	25280	0	0.5	25
	chrVI	25283	0	0.5	25
	chrVI	25290	1	0.5	25
	chrVI	25295	1	0.5	25
	chrVI	25297	0	0.5	25
	chrVI	25304	0	0.5	25
	chrVI	25312	1	0.5	25
	chrVI	25313	1	0.5	25
	chrVI	25318	1	0.5	25
	chrVI	25320	1	0.5	25
	chrVI	25337	1	0.5	25
	chrVI	25343	1	0.5	25
	chrVI	25347	1	0.5	25
	chrVI	25350	1	0.5	25
	chrVI	25362	1	0.5	25
	chrVI	25373	0	1.0	25
	chrVI	25418	0	0.5	25
	chrVI	25421	0	0.5	25
	chrVI	25442	0	1.0	25
	chrVI	25450	1	0.5	25
	chrVI	25452	1	1.0	25
	chrVI	25480	0	0.5	25
	chrVI	25520	0	0.5	25
	chrVI	25527	1	0.5	25
	chrVI	25528	1	1.0	25
	chrVI	25538	0	0.5	25
	chrVI	25541	0	0.5	25
	chrVI	25547	0	0.5	25
	chrVI	25549	1	0.5	25
	chrVI	25581	1	0.5	25
	chrVI	25599	0	0.5	25
	chrVI	25604	0	0.5	25
	chrVI	25610	1	0.5	25
	chrVI	25613	1	0.5	25
	chrVI	25616	0	0.5	25
	chrVI	25623	1	0.5	25
	chrVI	25637	0	0.5	25
	chrVI	25650	0	0.5	25
	chrVI	25659	0	0.5	25
	chrVI	25659	1	0.5	25
	chrVI	25706	0	0.5	25
	chrVI	25719	0	0.5	25
	chrVI	25723	1	0.5	25
	chrVI	25724	1	0.5	25
	chrVI	25727	1	0.5	25
	chrVI	25731	1	0.5	25
	chrVI	25735	1	0.5	25
	chrVI	25776	1	0.5	25
	chrVI	25784	0	0.5	25
	chrVI	25791	0	0.5	25
	chrVI	25798	1	0.5	25
	chrVI	25810	0	0.5	25
	chrVI	25849	1	0.5	24
	chrVI	25855	0	0.5	25
	chrVI	25862	1	0.5	25
	chrVI	25868	0	0.5	25
	chrVI	25869	0	1.5	25
	chrVI	25873	1	0.5	25
	chrVI	25883	0	0.5	25
	chrVI	25906	0	0.5	25
	chrVI	25944	1	0.5	25
	chrVI	25951	0	0.5	25
	chrVI	25972	1	0.5	25
	chrVI	25976	1	1.5	25
	chrVI	25977	0	0.5	25
	chrVI	25980	1	0.5	25
	chrVI	26015	1	0.5	25
	chrVI	26022	1	0.5	25
	chrVI	26032	0	0.5	25
	chrVI	26052	1	0.5	25
	chrVI	26062	0	0.5	25
	chrVI	26071	0	0.5	25
	chrVI	26111	1	0.5	25
	chrVI	26123	1	0.5	25
	chrVI	26214	1	0.5	25
	chrVI	26251	0	0.5	25
	chrVI	26263	0	0.5	25
	chrVI	26308	1	0.5	25
	chrVI	26346	0	0.5	25
	chrVI	26355	0	0.5	25
	chrVI	26361	1	0.5	25
	chrVI	26362	0	1.5	25
	chrVI	26379	0	0.5	25
	chrVI	26386	1	0.5	25
	chrVI	26402	0	0.5	25
	chrVI	26403	0	0.5	25
	chrVI	26408	0	0.5	25
	chrVI	26417	1	0.5	25
	chrVI	26421	0	0.5	25
	chrVI	26427	1	0.5	25
	chrVI	26428	1	1.0	25
	chrVI	26438	1	0.5	25
	chrVI	26451	1	0.5	25
	chrVI	26484	0	0.5	25
	chrVI	26497	0	0.5	25
	chrVI	26503	1	0.5	25
	chrVI	26523	0	0.5	25
	chrVI	26572	1	0.5	25
	chrVI	26576	0	0.5	25
	chrVI	26594	1	0.5	25
	chrVI	26601	0	0.5	23
	chrVI	26606	1	0.5	25
	chrVI	26619	1	0.5	25
	chrVI	26641	0	1.0	25
	chrVI	26652	0	0.5	25
	chrVI	26658	0	0.5	25
	chrVI	26679	1	0.5	25
	chrVI	26702	0	0.5	25
	chrVI	26704	1	0.5	25
	chrVI	26716	0	0.5	25
	chrVI	26721	0	1.0	25
	chrVI	26745	0	0.5	25
	chrVI	26758	1	1.0	25
	chrVI	26759	0	0.5	25
	chrVI	26772	0	0.5	25
	chrVI	26777	0	0.5	25
	chrVI	26777	1	1.0	25
	chrVI	26790	1	0.5	25
	chrVI	26796	1	0.5	25
	chrVI	26801	0	0.5	25
	chrVI	26805	0	0.5	25
	chrVI	26820	1	0.5	25
	chrVI	26829	1	0.5	25
	chrVI	26830	1	0.5	25
	chrVI	26841	1	0.5	25
	chrVI	26844	1	0.5	25
	chrVI	26848	0	0.5	25
	chrVI	26860	1	1.0	25
	chrVI	26877	1	0.5	25
	chrVI	26878	1	0.5	25
	chrVI	26892	0	0.5	25
	chrVI	26905	0	0.5	25
	chrVI	26912	0	0.5	25
	chrVI	26928	1	0.5	25
	chrVI	26933	1	0.5	25
	chrVI	26948	0	0.5	25
	chrVI	26951	0	0.5	25
	chrVI	26954	0	0.5	25
	chrVI	26976	1	0.5	25
	chrVI	26992	0	0.5	25
	chrVI	27015	1	1.0	25
	chrVI	27017	1	0.5	25
	chrVI	27019	0	0.5	25
	chrVI	27031	1	0.5	25
	chrVI	27037	0	0.5	25
	chrVI	27057	1	0.5	25
	chrVI	27076	0	0.5	25
	chrVI	27082	1	0.5	25
	chrVI	27111	0	0.5	25
	chrVI	27113	0	0.5	25
	chrVI	27126	1	0.5	25
	chrVI	27131	0	0.5	25
	chrVI	27146	1	0.5	25
	chrVI	27163	1	0.5	25
	chrVI	27185	1	0.5	25
	chrVI	27187	1	0.5	25
	chrVI	27199	0	0.5	25
	chrVI	27202	0	1.0	25
	chrVI	27255	0	0.5	25
	chrVI	27256	0	0.5	25
	chrVI	27257	0	0.5	25
	chrVI	27292	0	1.0	25
	chrVI	27315	0	0.5	25
	chrVI	27322	1	0.5	25
	chrVI	27333	1	0.5	25
	chrVI	27348	1	0.5	25
	chrVI	27355	1	1.0	25
	chrVI	27356	0	0.5	25
	chrVI	27377	0	0.5	25
	chrVI	27381	1	1.0	25
	chrVI	27382	0	0.5	25
	chrVI	27401	1	0.5	25
	chrVI	27411	0	1.0	25
	chrVI	27414	1	0.5	25
	chrVI	27419	1	0.5	25
	chrVI	27420	0	1.0	25
	chrVI	27438	1	0.5	25
	chrVI	27457	0	0.5	25
	chrVI	27459	0	0.5	25
	chrVI	27468	1	0.5	25
	chrVI	27471	0	1.5	25
	chrVI	27474	0	0.5	25
	chrVI	27477	1	1.0	25
	chrVI	27485	0	0.5	25
	chrVI	27491	1	0.5	25
	chrVI	27497	0	1.0	25
	chrVI	27499	0	0.5	25
	chrVI	27509	1	0.5	25
	chrVI	27518	0	0.5	25
	chrVI	27520	1	0.5	25
	chrVI	27538	1	1.5	25
	chrVI	27546	1	0.5	25
	chrVI	27575	0	0.5	25
	chrVI	27578	0	0.5	25
	chrVI	27596	0	0.5	25
	chrVI	27634	1	0.5	25
	chrVI	27635	0	0.5	25
	chrVI	27639	1	1.0	25
	chrVI	27644	0	0.5	25
	chrVI	27648	1	0.5	25
	chrVI	27651	0	1.0	25
	chrVI	27655	0	0.5	25
	chrVI	27655	1	0.5	25
	chrVI	27658	0	0.5	25
	chrVI	27668	0	1.0	25
	chrVI	27675	0	1.0	25
	chrVI	27676	1	0.5	25
	chrVI	27677	0	1.0	25
	chrVI	27695	1	0.5	25
	chrVI	27696	1	0.5	25
	chrVI	27697	1	0.5	25
	chrVI	27706	1	0.5	25
	chrVI	27710	1	0.5	25
	chrVI	27711	0	0.5	25
	chrVI	27714	1	0.5	25
	chrVI	27724	0	0.5	25
	chrVI	27738	1	1.0	25
	chrVI	27739	0	0.5	25
	chrVI	27768	0	0.5	25
	chrVI	27789	0	0.5	25
	chrVI	27804	1	0.5	25
	chrVI	27807	1	0.5	25
	chrVI	27808	0	0.5	25
	chrVI	27821	1	0.5	25
	chrVI	27823	1	0.5	25
	chrVI	27824	1	0.5	25
	chrVI	27826	1	1.0	25
	chrVI	27834	1	0.5	25
	chrVI	27851	0	0.5	25
	chrVI	27858	0	0.5	25
	chrVI	27859	0	0.5	25
	chrVI	27878	1	0.5	25
	chrVI	27886	0	0.5	25
	chrVI	27895	1	1.0	25
	chrVI	27896	0	0.5	25
	chrVI	27899	1	0.5	25
	chrVI	27911	0	0.5	25
	chrVI	27942	0	0.5	25
	chrVI	27947	1	0.5	25
	chrVI	27951	0	1.0	25
	chrVI	27952	0	0.5	25
	chrVI	27952	1	0.5	25
	chrVI	27959	0	0.5	25
	chrVI	27959	1	0.5	25
	chrVI	27967	0	0.5	25
	chrVI	27970	1	0.5	25
	chrVI	27991	1	1.0	25
	chrVI	27992	0	0.5	25
	chrVI	28004	0	0.5	25
	chrVI	28006	0	0.5	25
	chrVI	28012	0	0.5	25
	chrVI	28020	1	0.5	25
	chrVI	28028	1	0.5	25
	chrVI	28030	0	0.5	25
	chrVI	28030	1	0.5	25
	chrVI	28035	0	0.5	25
	chrVI	28035	1	0.5	25
	chrVI	28053	0	1.0	25
	chrVI	28057	0	0.5	25
	chrVI	28063	1	0.5	25
	chrVI	28077	1	0.5	25
	chrVI	28079	0	0.5	25
	chrVI	28089	1	0.5	25
	chrVI	28095	0	1.0	25
	chrVI	28110	1	0.5	25
	chrVI	28119	1	1.0	25
	chrVI	28134	1	0.5	25
	chrVI	28135	1	0.5	25
	chrVI	28138	1	1.0	25
	chrVI	28147	1	0.5	25
	chrVI	28150	0	0.5	25
	chrVI	28163	1	0.5	25
	chrVI	28186	0	0.5	25
	chrVI	28189	0	0.5	25
	chrVI	28212	1	1.0	25
	chrVI	28214	0	0.5	25
	chrVI	28243	1	0.5	25
	chrVI	28248	1	0.5	25
	chrVI	28250	0	0.5	25
	chrVI	28257	1	0.5	25
	chrVI	28258	0	0.5	25
	chrVI	28278	1	0.5	25
	chrVI	28279	0	0.5	25
	chrVI	28287	0	0.5	25
	chrVI	28296	0	0.5	25
	chrVI	28300	1	0.5	25
	chrVI	28302	0	0.5	25
	chrVI	28308	0	0.5	25
	chrVI	28331	0	0.5	25
	chrVI	28337	1	0.5	25
	chrVI	28342	0	0.5	25
	chrVI	28348	1	0.5	25
	chrVI	28364	1	0.5	25
	chrVI	28365	0	0.5	25
	chrVI	28367	1	0.5	25
	chrVI	28398	1	0.5	25
	chrVI	28405	1	0.5	25
	chrVI	28411	0	1.0	25
	chrVI	28415	1	0.5	25
	chrVI	28421	0	0.5	25
	chrVI	28438	1	0.5	25
	chrVI	28439	0	0.5	25
	chrVI	28440	1	0.5	25
	chrVI	28441	0	0.5	25
	chrVI	28444	1	0.5	25
	chrVI	28475	0	0.5	25
	chrVI	28486	1	0.5	25
	chrVI	28493	0	0.5	25
	chrVI	28508	1	0.5	25
	chrVI	28513	1	1.0	25
	chrVI	28521	0	0.5	25
	chrVI	28524	0	0.5	25
	chrVI	28529	0	0.5	25
	chrVI	28538	1	0.5	25
	chrVI	28562	0	0.5	25
	chrVI	28568	1	0.5	25
	chrVI	28576	0	0.5	25
	chrVI	28587	1	0.5	25
	chrVI	28588	0	0.5	25
	chrVI	28610	0	0.5	25
	chrVI	28628	1	0.5	25
	chrVI	28629	0	0.5	25
	chrVI	28635	0	0.5	25
	chrVI	28640	1	0.5	25
	chrVI	28653	1	0.5	25
	chrVI	28654	0	1.0	25
	chrVI	28655	0	0.5	25
	chrVI	28657	1	0.5	25
	chrVI	28660	1	0.5	25
	chrVI	28662	0	0.5	25
	chrVI	28669	1	0.5	25
	chrVI	28674	0	0.5	25
	chrVI	28675	0	0.5	25
	chrVI	28676	0	1.0	25
	chrVI	28697	0	0.5	25
	chrVI	28712	1	0.5	25
	chrVI	28717	1	0.5	25
	chrVI	28720	1	1.0	25
	chrVI	28721	1	0.5	25
	chrVI	28722	1	0.5	25
	chrVI	28723	0	0.5	25
	chrVI	28723	1	0.5	25
	chrVI	28732	0	0.5	25
	chrVI	28743	0	1.5	25
	chrVI	28747	1	1.0	25
	chrVI	28762	1	0.5	25
	chrVI	28772	1	0.5	25
	chrVI	28819	1	0.5	25
	chrVI	28830	0	0.5	25
	chrVI	28834	1	1.5	25
	chrVI	28836	0	0.5	25
	chrVI	28855	0	1.0	25
	chrVI	28857	1	0.5	25
	chrVI	28869	1	0.5	25
	chrVI	28871	0	1.0	25
	chrVI	28871	1	0.5	25
	chrVI	28872	0	0.5	25
	chrVI	28886	1	1.0	25
	chrVI	28893	1	0.5	25
	chrVI	28912	0	0.5	25
	chrVI	28937	1	0.5	25
	chrVI	28942	1	1.0	25
	chrVI	28960	0	0.5	25
	chrVI	28978	0	0.5	25
	chrVI	28997	0	0.5	25
	chrVI	29000	0	0.5	25
	chrVI	29013	0	0.5	25
	chrVI	29033	1	0.5	25
	chrVI	29044	1	0.5	25
	chrVI	29051	0	1.0	25
	chrVI	29067	0	0.5	25
	chrVI	29071	1	0.5	25
	chrVI	29082	0	0.5	25
	chrVI	29085	1	0.5	25
	chrVI	29102	1	0.5	25
	chrVI	29112	1	0.5	25
	chrVI	29114	0	0.5	25
	chrVI	29127	0	0.5	25
	chrVI	29135	0	0.5	25
	chrVI	29137	0	0.5	25
	chrVI	29149	1	0.5	25
	chrVI	29160	1	1.0	25
	chrVI	29187	0	1.0	25
	chrVI	29192	1	0.5	25
	chrVI	29197	1	0.5	25
	chrVI	29201	1	0.5	25
	chrVI	29202	1	0.5	25
	chrVI	29238	1	0.5	25
	chrVI	29252	0	0.5	25
	chrVI	29257	1	0.5	25
	chrVI	29258	0	0.5	25
	chrVI	29260	0	0.5	25
	chrVI	29269	0	0.5	25
	chrVI	29276	0	0.5	25
	chrVI	29295	1	0.5	25
	chrVI	29315	0	0.5	25
	chrVI	29315	1	0.5	25
	chrVI	29325	1	0.5	25
	chrVI	29349	1	0.5	25
	chrVI	29357	1	0.5	25
	chrVI	29361	0	0.5	25
	chrVI	29381	0	0.5	25
	chrVI	29386	0	0.5	25
	chrVI	29389	0	0.5	25
	chrVI	29423	1	0.5	25
	chrVI	29427	1	0.5	25
	chrVI	29448	1	0.5	25
	chrVI	29458	1	0.5	25
	chrVI	29487	0	0.5	25
	chrVI	29494	0	0.5	25
	chrVI	29518	1	0.5	25
	chrVI	29529	0	1.0	25
	chrVI	29543	1	0.5	25
	chrVI	29551	0	0.5	25
	chrVI	29557	1	0.5	25
	chrVI	29559	0	0.5	25
	chrVI	29563	1	0.5	25
	chrVI	29589	0	0.5	25
	chrVI	29605	0	0.5	25
	chrVI	29618	1	0.5	25
	chrVI	29642	0	0.5	25
	chrVI	29686	1	0.5	25
	chrVI	29688	1	0.5	25
	chrVI	29700	0	0.5	25
	chrVI	29714	1	0.5	25
	chrVI	29741	1	1.0	25
	chrVI	29757	0	0.5	25
	chrVI	29768	1	0.5	25
	chrVI	29790	0	1.0	25
	chrVI	29792	0	0.5	25
	chrVI	29815	1	0.5	25
	chrVI	29821	0	2.0	25
	chrVI	29850	0	0.5	25
	chrVI	29860	0	0.5	25
	chrVI	29870	1	1.0	25
	chrVI	29874	1	0.5	25
	chrVI	29885	1	0.5	25
	chrVI	29886	1	1.0	25
	chrVI	29887	0	0.5	25
	chrVI	29902	1	1.0	25
	chrVI	29942	0	0.5	25
	chrVI	29977	1	0.5	25
	chrVI	30010	0	0.5	25
	chrVI	30018	0	0.5	25
	chrVI	30025	0	1.0	25
	chrVI	30037	0	0.5	25
	chrVI	30037	1	0.5	25
	chrVI	30048	1	0.5	25
	chrVI	30064	0	0.5	25
	chrVI	30072	0	0.5	25
	chrVI	30079	0	0.5	25
	chrVI	30088	0	1.0	25
	chrVI	30094	1	0.5	25
	chrVI	30097	1	0.5	25
	chrVI	30106	1	0.5	25
	chrVI	30114	1	0.5	25
	chrVI	30128	1	0.5	25
	chrVI	30131	1	0.5	25
	chrVI	30132	0	0.5	25
	chrVI	30139	0	0.5	25
	chrVI	30139	1	0.5	25
	chrVI	30174	0	0.5	25
	chrVI	30199	1	0.5	25
	chrVI	30211	0	0.5	25
	chrVI	30213	1	0.5	25
	chrVI	30227	1	0.5	25
	chrVI	30247	0	0.5	25
	chrVI	30273	1	0.5	25
	chrVI	30292	1	1.0	25
	chrVI	30301	1	0.5	25
	chrVI	30302	0	0.5	25
	chrVI	30353	1	0.5	25
	chrVI	30360	0	0.5	25
	chrVI	30365	0	0.5	25
	chrVI	30400	1	0.5	25
	chrVI	30407	1	0.5	25
	chrVI	30408	0	0.5	25
	chrVI	30421	1	0.5	25
	chrVI	30460	0	1.0	25
	chrVI	30475	1	0.5	25
	chrVI	30532	1	0.5	25
	chrVI	30535	0	0.5	25
	chrVI	30583	0	0.5	25
	chrVI	30608	0	1.0	25
	chrVI	30611	0	0.5	25
	chrVI	30613	1	0.5	25
	chrVI	30627	0	0.5	25
	chrVI	30628	0	0.5	25
	chrVI	30629	0	0.5	25
	chrVI	30633	0	0.5	25
	chrVI	30652	1	0.5	25
	chrVI	30653	0	0.5	25
	chrVI	30665	0	0.5	25
	chrVI	30665	1	1.0	25
	chrVI	30670	1	0.5	25
	chrVI	30674	1	1.0	25
	chrVI	30694	1	0.5	25
	chrVI	30700	1	0.5	25
	chrVI	30705	0	0.5	25
	chrVI	30706	0	0.5	25
	chrVI	30715	0	0.5	25
	chrVI	30717	0	0.5	25
	chrVI	30717	1	0.5	25
	chrVI	30720	1	0.5	25
	chrVI	30721	1	0.5	25
	chrVI	30734	0	0.5	25
	chrVI	30757	1	0.5	25
	chrVI	30764	1	0.5	25
	chrVI	30777	1	0.5	25
	chrVI	30791	1	0.5	25
	chrVI	30802	1	0.5	25
	chrVI	30813	1	0.5	25
	chrVI	30817	0	0.5	25
	chrVI	30818	0	0.5	25
	chrVI	30835	0	0.5	25
	chrVI	30841	0	0.5	25
	chrVI	30850	0	0.5	25
	chrVI	30873	1	0.5	25
	chrVI	30891	0	1.0	25
	chrVI	30926	1	0.5	25
	chrVI	30928	0	0.5	25
	chrVI	30928	1	0.5	25
	chrVI	30935	1	0.5	25
	chrVI	30983	0	0.5	25
	chrVI	30993	0	0.5	25
	chrVI	31011	1	1.0	25
	chrVI	31042	0	0.5	25
	chrVI	31053	0	0.5	25
	chrVI	31070	1	0.5	25
	chrVI	31071	1	1.0	25
	chrVI	31080	0	0.5	25
	chrVI	31097	0	0.5	25
	chrVI	31101	1	0.5	25
	chrVI	31129	1	0.5	25
	chrVI	31130	0	2.0	25
	chrVI	31131	0	0.5	25
	chrVI	31133	0	1.0	25
	chrVI	31134	0	0.5	25
	chrVI	31139	1	0.5	25
	chrVI	31181	1	0.5	25
	chrVI	31192	1	0.5	25
	chrVI	31202	1	0.5	25
	chrVI	31211	1	1.0	25
	chrVI	31213	1	2.0	25
	chrVI	31214	0	0.5	25
	chrVI	31215	0	0.5	25
	chrVI	31215	1	0.5	25
	chrVI	31225	0	0.5	25
	chrVI	31238	0	0.5	25
	chrVI	31240	0	1.5	25
	chrVI	31263	0	0.5	25
	chrVI	31286	0	1.0	25
	chrVI	31289	0	0.5	25
	chrVI	31305	1	0.5	25
	chrVI	31306	1	0.5	25
	chrVI	31312	1	1.0	25
	chrVI	31313	0	1.5	25
	chrVI	31313	1	1.5	25
	chrVI	31314	0	6.5	25
	chrVI	31320	1	0.5	25
	chrVI	31363	1	2.5	25
	chrVI	31364	0	1.0	25
	chrVI	31384	0	0.5	25
	chrVI	31386	0	0.5	25
	chrVI	31386	1	3.5	25
	chrVI	31405	1	0.5	25
	chrVI	31408	1	0.5	25
	chrVI	31415	0	0.5	25
	chrVI	31430	1	2.0	25
	chrVI	31431	1	1.0	25
	chrVI	31435	1	1.0	25
	chrVI	31455	1	0.5	25
	chrVI	31480	1	0.5	25
	chrVI	31482	0	0.5	25
	chrVI	31520	0	0.5	25
	chrVI	31528	0	0.5	25
	chrVI	31582	1	1.0	25
	chrVI	31596	1	0.5	25
	chrVI	31660	0	0.5	25
	chrVI	31729	1	0.5	25
	chrVI	31779	0	0.5	25
	chrVI	31847	1	0.5	25
	chrVI	31860	0	0.5	25
	chrVI	31872	0	0.5	25
	chrVI	31878	0	0.5	25
	chrVI	31889	0	0.5	25
	chrVI	31890	0	1.0	25
	chrVI	31897	0	0.5	25
	chrVI	31914	0	1.0	25
	chrVI	31923	1	0.5	25
	chrVI	31932	0	0.5	25
	chrVI	31934	1	0.5	25
	chrVI	31941	1	0.5	25
	chrVI	31942	1	0.5	25
	chrVI	31951	0	0.5	25
	chrVI	31951	1	0.5	25
	chrVI	31960	1	1.0	25
	chrVI	31963	0	0.5	25
	chrVI	31976	1	0.5	25
	chrVI	32014	1	0.5	25
	chrVI	32015	0	1.0	25
	chrVI	32019	0	0.5	25
	chrVI	32022	0	0.5	25
	chrVI	32026	0	0.5	25
	chrVI	32031	0	0.5	25
	chrVI	32041	0	0.5	25
	chrVI	32044	0	1.5	25
	chrVI	32050	0	0.5	25
	chrVI	32051	0	1.0	25
	chrVI	32059	0	0.5	25
	chrVI	32062	1	0.5	25
	chrVI	32070	0	0.5	25
	chrVI	32075	0	0.5	25
	chrVI	32076	0	0.5	25
	chrVI	32092	1	0.5	25
	chrVI	32107	1	0.5	25
	chrVI	32108	1	1.0	25
	chrVI	32109	1	0.5	25
	chrVI	32111	1	0.5	25
	chrVI	32112	0	0.5	25
	chrVI	32112	1	0.5	25
	chrVI	32113	1	1.0	25
	chrVI	32115	0	2.5	25
	chrVI	32115	1	0.5	25
	chrVI	32117	1	0.5	25
	chrVI	32118	0	0.5	25
	chrVI	32124	1	1.0	25
	chrVI	32128	1	0.5	25
	chrVI	32138	0	1.0	25
	chrVI	32145	1	0.5	25
	chrVI	32150	1	0.5	25
	chrVI	32151	0	0.5	24
	chrVI	32156	1	0.5	25
	chrVI	32160	0	0.5	25
	chrVI	32166	1	0.5	25
	chrVI	32175	1	1.5	25
	chrVI	32176	0	1.0	25
	chrVI	32183	1	0.5	25
	chrVI	32195	1	0.5	25
	chrVI	32196	0	1.5	25
	chrVI	32196	1	1.5	25
	chrVI	32198	1	0.5	25
	chrVI	32199	0	2.0	25
	chrVI	32201	0	1.0	25
	chrVI	32204	0	0.5	25
	chrVI	32205	1	0.5	25
	chrVI	32228	0	0.5	25
	chrVI	32228	1	0.5	25
	chrVI	32237	1	0.5	25
	chrVI	32245	1	0.5	25
	chrVI	32254	1	2.5	25
	chrVI	32256	1	1.0	25
	chrVI	32257	1	0.5	25
	chrVI	32291	1	1.5	25
	chrVI	32309	0	0.5	25
	chrVI	32321	0	0.5	25
	chrVI	32354	1	0.5	25
	chrVI	32383	0	0.5	25
	chrVI	32387	1	0.5	25
	chrVI	32388	0	1.5	25
	chrVI	32411	1	0.5	25
	chrVI	32438	0	0.5	25
	chrVI	32450	0	0.5	25
	chrVI	32464	0	0.5	25
	chrVI	32488	0	0.5	25
	chrVI	32503	1	1.5	25
	chrVI	32512	1	0.5	25
	chrVI	32513	0	0.5	25
	chrVI	32519	0	0.5	25
	chrVI	32521	1	0.5	25
	chrVI	32531	0	0.5	25
	chrVI	32540	1	0.5	25
	chrVI	32544	0	0.5	25
	chrVI	32548	1	0.5	25
	chrVI	32550	1	0.5	25
	chrVI	32579	1	0.5	25
	chrVI	32597	1	0.5	25
	chrVI	32611	1	0.5	25
	chrVI	32614	0	0.5	25
	chrVI	32653	0	0.5	25
	chrVI	32655	0	0.5	25
	chrVI	32658	0	0.5	25
	chrVI	32661	0	0.5	25
	chrVI	32671	1	0.5	25
	chrVI	32676	0	0.5	25
	chrVI	32678	0	0.5	25
	chrVI	32683	0	0.5	25
	chrVI	32687	0	0.5	25
	chrVI	32694	0	0.5	25
	chrVI	32703	0	0.5	25
	chrVI	32715	1	0.5	25
	chrVI	32716	1	0.5	25
	chrVI	32719	0	0.5	25
	chrVI	32726	0	0.5	25
	chrVI	32727	0	0.5	25
	chrVI	32735	1	0.5	25
	chrVI	32736	1	0.5	25
	chrVI	32737	0	0.5	25
	chrVI	32741	0	0.5	25
	chrVI	32742	1	1.0	25
	chrVI	32745	0	0.5	25
	chrVI	32749	0	0.5	25
	chrVI	32749	1	0.5	25
	chrVI	32751	0	0.5	25
	chrVI	32756	1	0.5	25
	chrVI	32767	1	0.5	25
	chrVI	32769	0	0.5	25
	chrVI	32770	0	0.5	25
	chrVI	32774	0	0.5	25
	chrVI	32778	1	0.5	25
	chrVI	32784	0	1.0	25
	chrVI	32784	1	0.5	25
	chrVI	32795	0	0.5	25
	chrVI	32798	0	1.0	25
	chrVI	32815	1	0.5	25
	chrVI	32821	1	0.5	25
	chrVI	32823	1	0.5	25
	chrVI	32824	1	0.5	25
	chrVI	32825	1	0.5	25
	chrVI	32833	1	0.5	25
	chrVI	32836	0	0.5	25
	chrVI	32836	1	0.5	25
	chrVI	32837	1	0.5	25
	chrVI	32843	0	0.5	25
	chrVI	32850	1	0.5	25
	chrVI	32854	1	0.5	25
	chrVI	32860	1	0.5	25
	chrVI	32871	1	0.5	25
	chrVI	32905	0	0.5	25
	chrVI	32905	1	0.5	25
	chrVI	32907	0	1.0	25
	chrVI	32912	0	0.5	25
	chrVI	32919	0	0.5	25
	chrVI	32933	0	0.5	25
	chrVI	32935	0	1.0	25
	chrVI	32936	0	0.5	25
	chrVI	32938	0	0.5	25
	chrVI	32941	1	0.5	25
	chrVI	32942	1	0.5	25
	chrVI	32943	0	0.5	25
	chrVI	32953	0	0.5	25
	chrVI	32955	0	0.5	25
	chrVI	32956	1	0.5	25
	chrVI	32961	0	0.5	25
	chrVI	32962	1	0.5	25
	chrVI	32980	1	0.5	25
	chrVI	32981	1	0.5	25
	chrVI	32983	0	0.5	25
	chrVI	32989	0	0.5	25
	chrVI	32989	1	2.0	25
	chrVI	32990	0	0.5	25
	chrVI	32993	0	1.0	25
	chrVI	32993	1	0.5	25
	chrVI	33003	1	0.5	25
	chrVI	33004	0	0.5	25
	chrVI	33013	0	0.5	25
	chrVI	33013	1	0.5	25
	chrVI	33019	1	1.0	25
	chrVI	33025	1	0.5	25
	chrVI	33028	1	0.5	25
	chrVI	33029	1	0.5	25
	chrVI	33030	0	0.5	25
	chrVI	33030	1	0.5	25
	chrVI	33058	1	0.5	25
	chrVI	33061	1	0.5	25
	chrVI	33072	0	0.5	25
	chrVI	33078	1	0.5	25
	chrVI	33090	0	0.5	25
	chrVI	33104	1	0.5	24
	chrVI	33105	1	0.5	25
	chrVI	33120	0	0.5	25
	chrVI	33135	1	0.5	25
	chrVI	33138	1	0.5	25
	chrVI	33149	0	0.5	25
	chrVI	33152	0	1.0	25
	chrVI	33163	1	0.5	25
	chrVI	33167	0	1.0	25
	chrVI	33178	1	0.5	25
	chrVI	33179	1	1.0	25
	chrVI	33217	1	1.0	25
	chrVI	33224	1	0.5	25
	chrVI	33225	1	0.5	25
	chrVI	33238	1	0.5	25
	chrVI	33247	0	0.5	25
	chrVI	33262	0	0.5	25
	chrVI	33273	0	0.5	25
	chrVI	33300	0	0.5	25
	chrVI	33320	0	0.5	25
	chrVI	33321	0	0.5	25
	chrVI	33323	1	0.5	25
	chrVI	33324	1	0.5	25
	chrVI	33334	1	0.5	25
	chrVI	33337	1	0.5	25
	chrVI	33366	0	0.5	25
	chrVI	33370	0	0.5	25
	chrVI	33395	1	0.5	25
	chrVI	33405	0	0.5	25
	chrVI	33416	0	0.5	25
	chrVI	33430	0	0.5	25
	chrVI	33450	1	0.5	25
	chrVI	33458	1	0.5	25
	chrVI	33485	1	0.5	25
	chrVI	33500	1	0.5	25
	chrVI	33517	1	0.5	25
	chrVI	33521	1	0.5	25
	chrVI	33618	0	0.5	25
	chrVI	33665	0	0.5	25
	chrVI	33673	1	0.5	25
	chrVI	33707	0	0.5	25
	chrVI	33714	0	0.5	25
	chrVI	33765	1	0.5	25
	chrVI	33773	1	0.5	25
	chrVI	33779	1	0.5	25
	chrVI	33797	0	0.5	25
	chrVI	33819	0	0.5	25
	chrVI	33856	0	1.5	25
	chrVI	33868	1	0.5	25
	chrVI	33874	1	0.5	25
	chrVI	33886	0	0.5	25
	chrVI	33911	0	0.5	25
	chrVI	33927	0	0.5	25
	chrVI	33929	1	1.5	25
	chrVI	33947	0	0.5	25
	chrVI	33956	0	0.5	25
	chrVI	33991	1	0.5	25
	chrVI	34008	1	0.5	25
	chrVI	34011	1	0.5	25
	chrVI	34018	1	0.5	25
	chrVI	34046	1	0.5	25
	chrVI	34085	0	0.5	25
	chrVI	34176	1	0.5	25
	chrVI	34189	0	0.5	25
	chrVI	34220	0	0.5	25
	chrVI	34241	0	0.5	25
	chrVI	34243	0	0.5	25
	chrVI	34277	0	0.5	25
	chrVI	34288	1	0.5	25
	chrVI	34301	0	0.5	25
	chrVI	34322	1	0.5	25
	chrVI	34331	0	0.5	25
	chrVI	34344	1	0.5	25
	chrVI	34353	1	0.5	25
	chrVI	34362	1	0.5	25
	chrVI	34377	1	0.5	25
	chrVI	34396	1	0.5	25
	chrVI	34417	0	0.5	25
	chrVI	34460	1	0.5	25
	chrVI	34463	0	0.5	25
	chrVI	34482	0	0.5	25
	chrVI	34538	1	0.5	25
	chrVI	34539	0	1.0	25
	chrVI	34548	0	0.5	25
	chrVI	34560	1	0.5	25
	chrVI	34564	0	0.5	25
	chrVI	34567	0	0.5	25
	chrVI	34587	0	0.5	25
	chrVI	34608	1	0.5	25
	chrVI	34616	1	0.5	25
	chrVI	34619	1	0.5	25
	chrVI	34620	1	0.5	25
	chrVI	34639	0	0.5	25
	chrVI	34653	1	0.5	25
	chrVI	34654	0	0.5	25
	chrVI	34694	0	0.5	25
	chrVI	34699	0	0.5	25
	chrVI	34719	1	0.5	25
	chrVI	34733	0	0.5	25
	chrVI	34746	1	0.5	25
	chrVI	34752	1	0.5	25
	chrVI	34761	1	0.5	25
	chrVI	34807	1	0.5	25
	chrVI	34814	1	0.5	25
	chrVI	34831	0	0.5	25
	chrVI	34866	0	1.0	25
	chrVI	34875	0	0.5	25
	chrVI	34878	1	0.5	25
	chrVI	34900	0	0.5	25
	chrVI	34946	0	0.5	25
	chrVI	34962	1	1.5	25
	chrVI	34975	1	0.5	25
	chrVI	34981	0	0.5	25
	chrVI	34994	1	0.5	25
	chrVI	35004	0	0.5	25
	chrVI	35025	0	1.0	25
	chrVI	35053	1	0.5	25
	chrVI	35064	0	0.5	25
	chrVI	35139	1	1.0	25
	chrVI	35163	1	0.5	25
	chrVI	35215	0	0.5	25
	chrVI	35247	0	0.5	25
	chrVI	35255	1	0.5	25
	chrVI	35262	0	0.5	25
	chrVI	35266	0	0.5	25
	chrVI	35279	0	0.5	25
	chrVI	35295	0	0.5	25
	chrVI	35300	1	0.5	25
	chrVI	35306	0	0.5	25
	chrVI	35322	1	0.5	25
	chrVI	35327	1	0.5	25
	chrVI	35331	0	0.5	25
	chrVI	35353	1	0.5	25
	chrVI	35369	0	0.5	25
	chrVI	35370	0	0.5	25
	chrVI	35395	1	0.5	25
	chrVI	35397	1	0.5	25
	chrVI	35402	1	1.0	25
	chrVI	35413	0	0.5	25
	chrVI	35426	0	0.5	25
	chrVI	35442	0	0.5	25
	chrVI	35443	1	0.5	25
	chrVI	35465	0	1.0	25
	chrVI	35480	1	0.5	25
	chrVI	35507	0	0.5	25
	chrVI	35522	1	0.5	25
	chrVI	35583	1	0.5	25
	chrVI	35598	1	0.5	25
	chrVI	35605	0	0.5	25
	chrVI	35641	1	0.5	25
	chrVI	35651	1	1.0	25
	chrVI	35663	0	0.5	25
	chrVI	35664	0	0.5	25
	chrVI	35683	1	0.5	25
	chrVI	35707	0	0.5	25
	chrVI	35715	1	0.5	25
	chrVI	35727	1	0.5	25
	chrVI	35736	0	0.5	25
	chrVI	35737	0	0.5	25
	chrVI	35740	0	0.5	25
	chrVI	35782	1	0.5	25
	chrVI	35794	1	0.5	25
	chrVI	35804	0	0.5	25
	chrVI	35817	1	0.5	25
	chrVI	35822	0	0.5	25
	chrVI	35832	0	1.0	25
	chrVI	35853	1	0.5	25
	chrVI	35867	1	1.0	25
	chrVI	35876	0	0.5	25
	chrVI	35884	1	0.5	25
	chrVI	35894	0	0.5	25
	chrVI	35895	0	1.0	25
	chrVI	35910	0	1.5	25
	chrVI	35924	0	0.5	25
	chrVI	35951	1	0.5	25
	chrVI	35952	0	0.5	25
	chrVI	35954	0	0.5	25
	chrVI	35958	1	0.5	25
	chrVI	35965	1	0.5	25
	chrVI	35966	1	1.5	25
	chrVI	35970	1	0.5	25
	chrVI	35975	1	0.5	25
	chrVI	35998	1	0.5	25
	chrVI	36015	0	0.5	25
	chrVI	36030	1	0.5	25
	chrVI	36054	0	0.5	25
	chrVI	36072	0	0.5	25
	chrVI	36085	1	0.5	25
	chrVI	36127	1	0.5	25
	chrVI	36135	0	0.5	25
	chrVI	36182	0	0.5	25
	chrVI	36182	1	0.5	25
	chrVI	36184	0	1.0	25
	chrVI	36187	0	0.5	25
	chrVI	36188	1	0.5	25
	chrVI	36196	0	0.5	25
	chrVI	36205	0	0.5	25
	chrVI	36212	0	1.0	25
	chrVI	36239	1	0.5	25
	chrVI	36264	1	0.5	25
	chrVI	36266	1	0.5	25
	chrVI	36271	1	1.0	25
	chrVI	36275	1	0.5	25
	chrVI	36291	0	0.5	25
	chrVI	36292	0	0.5	25
	chrVI	36307	1	1.0	25
	chrVI	36347	0	0.5	25
	chrVI	36354	1	0.5	25
	chrVI	36363	1	0.5	25
	chrVI	36415	1	0.5	25
	chrVI	36416	0	0.5	25
	chrVI	36424	0	0.5	25
	chrVI	36459	1	0.5	25
	chrVI	36460	1	0.5	25
	chrVI	36465	0	2.5	25
	chrVI	36485	0	0.5	25
	chrVI	36491	1	0.5	25
	chrVI	36525	1	0.5	25
	chrVI	36530	0	0.5	25
	chrVI	36551	1	0.5	25
	chrVI	36555	0	0.5	25
	chrVI	36588	0	0.5	25
	chrVI	36605	0	0.5	25
	chrVI	36627	1	0.5	25
	chrVI	36631	1	0.5	25
	chrVI	36632	1	0.5	25
	chrVI	36633	1	1.5	25
	chrVI	36634	0	0.5	25
	chrVI	36639	0	0.5	25
	chrVI	36640	0	0.5	25
	chrVI	36641	0	1.5	25
	chrVI	36644	0	0.5	25
	chrVI	36647	0	1.0	25
	chrVI	36651	0	0.5	25
	chrVI	36660	0	1.0	25
	chrVI	36661	0	3.5	25
	chrVI	36662	0	1.0	25
	chrVI	36666	1	0.5	25
	chrVI	36678	0	0.5	25
	chrVI	36680	0	0.5	25
	chrVI	36691	1	0.5	25
	chrVI	36695	0	0.5	25
	chrVI	36695	1	0.5	25
	chrVI	36705	1	0.5	25
	chrVI	36706	1	0.5	25
	chrVI	36707	1	0.5	25
	chrVI	36708	0	0.5	25
	chrVI	36709	0	1.0	25
	chrVI	36711	1	0.5	25
	chrVI	36731	1	0.5	25
	chrVI	36734	1	0.5	25
	chrVI	36735	1	0.5	25
	chrVI	36736	1	1.5	25
	chrVI	36737	1	1.0	25
	chrVI	36738	1	2.0	25
	chrVI	36741	0	0.5	25
	chrVI	36743	1	2.0	25
	chrVI	36744	1	0.5	25
	chrVI	36745	1	0.5	25
	chrVI	36746	1	1.0	25
	chrVI	36759	0	1.0	25
	chrVI	36778	0	1.0	25
	chrVI	36778	1	0.5	25
	chrVI	36779	0	0.5	25
	chrVI	36783	1	0.5	25
	chrVI	36811	0	0.5	25
	chrVI	36834	1	0.5	25
	chrVI	36853	1	0.5	25
	chrVI	36875	1	0.5	25
	chrVI	36886	1	0.5	25
	chrVI	36897	1	0.5	25
	chrVI	36902	1	0.5	25
	chrVI	36908	0	0.5	25
	chrVI	36925	0	0.5	25
	chrVI	36928	0	0.5	25
	chrVI	36980	1	0.5	25
	chrVI	36996	0	0.5	25
	chrVI	37004	1	0.5	25
	chrVI	37022	0	0.5	25
	chrVI	37051	0	0.5	25
	chrVI	37052	1	1.0	25
	chrVI	37060	0	0.5	25
	chrVI	37084	1	0.5	25
	chrVI	37086	0	0.5	25
	chrVI	37086	1	0.5	25
	chrVI	37100	1	0.5	25
	chrVI	37105	1	0.5	25
	chrVI	37127	0	0.5	25
	chrVI	37168	1	0.5	25
	chrVI	37215	0	0.5	25
	chrVI	37261	0	0.5	25
	chrVI	37272	0	0.5	25
	chrVI	37274	0	0.5	25
	chrVI	37277	0	0.5	25
	chrVI	37297	0	0.5	25
	chrVI	37341	1	0.5	25
	chrVI	37343	1	0.5	25
	chrVI	37371	1	0.5	25
	chrVI	37376	1	0.5	25
	chrVI	37398	1	0.5	25
	chrVI	37415	1	0.5	25
	chrVI	37430	1	0.5	25
	chrVI	37432	0	0.5	25
	chrVI	37441	0	0.5	25
	chrVI	37451	0	0.5	25
	chrVI	37487	1	0.5	25
	chrVI	37540	0	0.5	25
	chrVI	37541	0	0.5	25
	chrVI	37579	1	0.5	25
	chrVI	37583	0	0.5	25
	chrVI	37584	1	0.5	25
	chrVI	37608	1	0.5	25
	chrVI	37664	0	0.5	25
	chrVI	37669	1	0.5	25
	chrVI	37688	0	0.5	25
	chrVI	37740	0	1.0	25
	chrVI	37752	1	0.5	25
	chrVI	37770	0	0.5	25
	chrVI	37770	1	0.5	25
	chrVI	37775	0	0.5	25
	chrVI	37793	0	0.5	25
	chrVI	37802	1	0.5	25
	chrVI	37819	1	1.0	25
	chrVI	37836	1	0.5	25
	chrVI	37837	1	0.5	25
	chrVI	37844	0	0.5	25
	chrVI	37855	1	0.5	25
	chrVI	37857	0	0.5	25
	chrVI	37860	0	0.5	25
	chrVI	37862	0	0.5	25
	chrVI	37888	0	0.5	25
	chrVI	37898	0	0.5	25
	chrVI	37909	0	0.5	25
	chrVI	37910	0	1.0	25
	chrVI	37929	1	0.5	25
	chrVI	37932	1	0.5	25
	chrVI	37950	1	0.5	25
	chrVI	37964	0	0.5	25
	chrVI	37965	1	0.5	25
	chrVI	37966	1	1.0	25
	chrVI	37968	1	0.5	25
	chrVI	37969	1	0.5	25
	chrVI	37991	1	0.5	25
	chrVI	38019	0	0.5	25
	chrVI	38043	1	0.5	25
	chrVI	38050	0	0.5	25
	chrVI	38060	0	0.5	25
	chrVI	38061	0	0.5	25
	chrVI	38080	0	0.5	25
	chrVI	38082	0	1.0	25
	chrVI	38088	0	0.5	25
	chrVI	38093	0	0.5	25
	chrVI	38109	1	0.5	25
	chrVI	38124	0	0.5	25
	chrVI	38128	0	1.0	25
	chrVI	38131	1	0.5	25
	chrVI	38146	1	0.5	25
	chrVI	38147	1	1.5	25
	chrVI	38148	0	0.5	25
	chrVI	38152	0	0.5	25
	chrVI	38155	1	0.5	25
	chrVI	38180	1	0.5	25
	chrVI	38194	1	0.5	25
	chrVI	38246	1	0.5	25
	chrVI	38252	1	1.0	25
	chrVI	38261	0	0.5	25
	chrVI	38266	0	0.5	25
	chrVI	38267	0	0.5	25
	chrVI	38274	0	0.5	25
	chrVI	38278	0	1.5	25
	chrVI	38305	1	0.5	25
	chrVI	38316	0	1.0	25
	chrVI	38322	1	0.5	25
	chrVI	38330	0	0.5	25
	chrVI	38337	1	0.5	25
	chrVI	38343	1	0.5	25
	chrVI	38344	1	0.5	25
	chrVI	38347	1	0.5	25
	chrVI	38354	1	1.5	25
	chrVI	38360	0	0.5	25
	chrVI	38374	0	0.5	25
	chrVI	38387	1	0.5	25
	chrVI	38388	1	1.0	25
	chrVI	38428	1	0.5	25
	chrVI	38429	0	1.0	25
	chrVI	38440	0	0.5	25
	chrVI	38451	0	0.5	25
	chrVI	38454	1	0.5	25
	chrVI	38465	0	0.5	25
	chrVI	38480	1	0.5	25
	chrVI	38483	1	0.5	25
	chrVI	38492	1	0.5	25
	chrVI	38496	1	0.5	25
	chrVI	38518	0	0.5	25
	chrVI	38554	0	0.5	25
	chrVI	38575	1	0.5	25
	chrVI	38590	1	0.5	25
	chrVI	38600	0	1.0	25
	chrVI	38626	0	0.5	25
	chrVI	38646	0	0.5	25
	chrVI	38647	1	0.5	25
	chrVI	38653	1	1.0	25
	chrVI	38664	0	0.5	25
	chrVI	38679	0	0.5	25
	chrVI	38690	0	0.5	25
	chrVI	38708	0	0.5	25
	chrVI	38729	1	0.5	25
	chrVI	38738	0	0.5	25
	chrVI	38740	0	0.5	25
	chrVI	38744	1	0.5	25
	chrVI	38753	1	0.5	25
	chrVI	38757	1	0.5	25
	chrVI	38758	0	0.5	25
	chrVI	38777	1	0.5	25
	chrVI	38784	1	0.5	25
	chrVI	38791	1	0.5	25
	chrVI	38795	0	1.0	25
	chrVI	38808	0	0.5	25
	chrVI	38834	0	0.5	25
	chrVI	38860	1	0.5	25
	chrVI	38861	0	0.5	25
	chrVI	38861	1	1.0	25
	chrVI	38889	1	0.5	25
	chrVI	38891	0	0.5	25
	chrVI	38892	1	0.5	25
	chrVI	38893	0	0.5	25
	chrVI	38904	1	0.5	25
	chrVI	38908	1	0.5	25
	chrVI	38940	0	0.5	25
	chrVI	38955	0	0.5	25
	chrVI	38966	0	0.5	25
	chrVI	38976	0	0.5	25
	chrVI	38981	0	0.5	25
	chrVI	39005	0	0.5	25
	chrVI	39012	1	0.5	25
	chrVI	39018	0	0.5	25
	chrVI	39034	1	0.5	25
	chrVI	39036	0	0.5	25
	chrVI	39041	1	0.5	25
	chrVI	39049	1	0.5	25
	chrVI	39052	0	1.0	25
	chrVI	39059	1	0.5	25
	chrVI	39061	1	0.5	25
	chrVI	39072	0	0.5	25
	chrVI	39072	1	0.5	25
	chrVI	39080	0	0.5	25
	chrVI	39084	1	0.5	25
	chrVI	39087	0	0.5	25
	chrVI	39100	1	0.5	25
	chrVI	39111	1	0.5	25
	chrVI	39116	0	0.5	25
	chrVI	39117	1	0.5	25
	chrVI	39118	0	0.5	25
	chrVI	39130	1	0.5	25
	chrVI	39150	0	0.5	25
	chrVI	39153	1	0.5	25
	chrVI	39170	1	0.5	25
	chrVI	39209	1	0.5	25
	chrVI	39215	0	0.5	25
	chrVI	39225	0	0.5	25
	chrVI	39239	0	0.5	25
	chrVI	39249	0	0.5	25
	chrVI	39258	0	1.0	25
	chrVI	39258	1	0.5	25
	chrVI	39264	1	0.5	25
	chrVI	39266	1	0.5	25
	chrVI	39288	1	0.5	25
	chrVI	39289	0	0.5	25
	chrVI	39295	1	0.5	25
	chrVI	39306	1	0.5	25
	chrVI	39313	1	0.5	25
	chrVI	39331	1	0.5	25
	chrVI	39357	1	0.5	25
	chrVI	39399	1	0.5	25
	chrVI	39404	0	0.5	25
	chrVI	39533	0	1.5	25
	chrVI	39552	0	0.5	25
	chrVI	39552	1	0.5	25
	chrVI	39573	0	0.5	25
	chrVI	39594	1	0.5	25
	chrVI	39617	1	1.5	25
	chrVI	39637	0	1.0	25
	chrVI	39643	0	0.5	24
	chrVI	39645	0	0.5	25
	chrVI	39678	0	0.5	25
	chrVI	39680	0	0.5	25
	chrVI	39697	1	1.0	25
	chrVI	39705	0	0.5	25
	chrVI	39709	1	0.5	25
	chrVI	39729	1	0.5	25
	chrVI	39736	1	0.5	25
	chrVI	39743	0	0.5	25
	chrVI	39752	1	0.5	25
	chrVI	39776	1	0.5	25
	chrVI	39780	0	0.5	25
	chrVI	39782	1	0.5	25
	chrVI	39788	0	0.5	25
	chrVI	39793	0	0.5	25
	chrVI	39797	0	0.5	25
	chrVI	39817	1	0.5	25
	chrVI	39830	0	0.5	25
	chrVI	39841	0	0.5	25
	chrVI	39859	1	0.5	25
	chrVI	39877	0	0.5	25
	chrVI	39924	1	0.5	25
	chrVI	39929	1	1.0	25
	chrVI	39940	0	0.5	25
	chrVI	39941	0	1.0	25
	chrVI	39951	0	0.5	25
	chrVI	39952	1	0.5	25
	chrVI	39975	1	0.5	25
	chrVI	40000	1	0.5	25
	chrVI	40058	0	0.5	25
	chrVI	40076	1	0.5	25
	chrVI	40103	1	1.0	25
	chrVI	40107	0	0.5	25
	chrVI	40143	0	0.5	25
	chrVI	40147	1	0.5	25
	chrVI	40156	1	0.5	25
	chrVI	40206	1	0.5	25
	chrVI	40238	0	1.5	25
	chrVI	40240	0	0.5	25
	chrVI	40242	0	0.5	25
	chrVI	40244	0	1.0	25
	chrVI	40245	0	0.5	25
	chrVI	40250	0	0.5	25
	chrVI	40251	0	0.5	25
	chrVI	40252	0	2.5	25
	chrVI	40253	0	0.5	25
	chrVI	40260	0	0.5	25
	chrVI	40261	0	1.0	25
	chrVI	40263	0	1.5	25
	chrVI	40264	0	3.0	25
	chrVI	40265	0	0.5	25
	chrVI	40266	0	0.5	25
	chrVI	40267	0	1.5	25
	chrVI	40281	0	0.5	25
	chrVI	40282	0	0.5	25
	chrVI	40282	1	1.0	25
	chrVI	40283	0	0.5	25
	chrVI	40284	0	2.0	25
	chrVI	40285	0	1.5	25
	chrVI	40287	0	0.5	25
	chrVI	40291	1	0.5	25
	chrVI	40293	0	1.0	25
	chrVI	40294	0	1.0	25
	chrVI	40304	1	1.0	25
	chrVI	40305	0	1.5	25
	chrVI	40312	1	0.5	25
	chrVI	40314	1	0.5	25
	chrVI	40324	1	0.5	25
	chrVI	40326	1	0.5	25
	chrVI	40330	1	2.0	25
	chrVI	40331	1	1.0	25
	chrVI	40332	1	1.5	25
	chrVI	40337	1	2.0	25
	chrVI	40339	1	1.0	25
	chrVI	40340	1	1.5	25
	chrVI	40341	1	1.0	25
	chrVI	40342	1	2.0	25
	chrVI	40343	0	1.0	25
	chrVI	40343	1	2.5	25
	chrVI	40350	1	0.5	25
	chrVI	40353	1	0.5	25
	chrVI	40357	1	0.5	25
	chrVI	40359	1	0.5	25
	chrVI	40362	1	0.5	25
	chrVI	40365	1	0.5	25
	chrVI	40372	1	0.5	25
	chrVI	40375	1	0.5	25
	chrVI	40378	1	1.5	25
	chrVI	40379	0	1.0	25
	chrVI	40387	0	0.5	25
	chrVI	40393	0	0.5	25
	chrVI	40394	0	0.5	25
	chrVI	40443	1	1.0	25
	chrVI	40444	1	0.5	25
	chrVI	40447	1	0.5	25
	chrVI	40452	0	0.5	25
	chrVI	40469	0	0.5	25
	chrVI	40473	0	0.5	25
	chrVI	40473	1	0.5	25
	chrVI	40504	1	0.5	25
	chrVI	40509	1	0.5	25
	chrVI	40524	1	1.0	25
	chrVI	40526	1	0.5	25
	chrVI	40530	1	0.5	25
	chrVI	40532	1	0.5	25
	chrVI	40540	1	0.5	25
	chrVI	40542	0	0.5	25
	chrVI	40544	0	0.5	25
	chrVI	40552	0	0.5	25
	chrVI	40559	0	0.5	25
	chrVI	40560	0	0.5	25
	chrVI	40572	1	0.5	25
	chrVI	40605	1	0.5	25
	chrVI	40609	0	0.5	25
	chrVI	40647	1	0.5	25
	chrVI	40702	0	0.5	25
	chrVI	40715	0	1.0	25
	chrVI	40726	1	0.5	25
	chrVI	40735	0	1.0	25
	chrVI	40737	0	0.5	25
	chrVI	40755	0	0.5	25
	chrVI	40758	1	0.5	25
	chrVI	40773	0	0.5	25
	chrVI	40781	0	0.5	25
	chrVI	40791	0	0.5	25
	chrVI	40794	1	0.5	25
	chrVI	40795	1	1.0	25
	chrVI	40807	1	0.5	25
	chrVI	40808	1	0.5	25
	chrVI	40844	1	1.0	25
	chrVI	40857	1	0.5	25
	chrVI	40861	1	0.5	25
	chrVI	40863	1	0.5	25
	chrVI	40871	1	0.5	25
	chrVI	40874	0	0.5	25
	chrVI	40927	1	0.5	25
	chrVI	40957	0	0.5	25
	chrVI	40981	0	0.5	25
	chrVI	41026	1	0.5	25
	chrVI	41030	0	0.5	25
	chrVI	41054	1	0.5	25
	chrVI	41088	0	0.5	25
	chrVI	41100	1	0.5	25
	chrVI	41132	0	0.5	25
	chrVI	41160	1	0.5	25
	chrVI	41171	0	0.5	25
	chrVI	41186	0	0.5	25
	chrVI	41217	0	0.5	25
	chrVI	41227	1	0.5	25
	chrVI	41243	1	0.5	25
	chrVI	41250	0	1.0	25
	chrVI	41277	1	0.5	25
	chrVI	41279	1	0.5	25
	chrVI	41305	0	0.5	25
	chrVI	41323	1	0.5	25
	chrVI	41380	1	0.5	25
	chrVI	41395	1	0.5	25
	chrVI	41429	0	0.5	25
	chrVI	41444	0	0.5	25
	chrVI	41457	0	0.5	25
	chrVI	41468	0	0.5	25
	chrVI	41476	0	0.5	25
	chrVI	41512	1	0.5	25
	chrVI	41525	0	1.0	25
	chrVI	41525	1	0.5	25
	chrVI	41526	0	0.5	25
	chrVI	41528	0	0.5	25
	chrVI	41533	1	0.5	25
	chrVI	41564	0	0.5	25
	chrVI	41580	0	0.5	25
	chrVI	41581	0	1.0	25
	chrVI	41601	1	0.5	25
	chrVI	41603	1	0.5	25
	chrVI	41617	1	0.5	25
	chrVI	41626	1	0.5	25
	chrVI	41638	0	0.5	25
	chrVI	41647	0	0.5	25
	chrVI	41659	1	0.5	25
	chrVI	41679	0	0.5	25
	chrVI	41684	1	1.0	25
	chrVI	41685	1	0.5	25
	chrVI	41695	1	0.5	25
	chrVI	41697	1	0.5	25
	chrVI	41717	0	0.5	25
	chrVI	41727	1	0.5	25
	chrVI	41742	1	0.5	25
	chrVI	41801	1	0.5	25
	chrVI	41804	1	0.5	25
	chrVI	41809	0	0.5	25
	chrVI	41821	0	0.5	25
	chrVI	41826	0	0.5	25
	chrVI	41852	0	0.5	25
	chrVI	41865	1	0.5	25
	chrVI	41875	0	0.5	25
	chrVI	41896	1	0.5	25
	chrVI	41922	1	0.5	25
	chrVI	41938	0	0.5	25
	chrVI	41941	1	0.5	25
	chrVI	41950	0	0.5	25
	chrVI	41954	0	0.5	25
	chrVI	42017	0	0.5	25
	chrVI	42022	0	0.5	25
	chrVI	42023	0	0.5	25
	chrVI	42048	1	0.5	25
	chrVI	42053	1	0.5	25
	chrVI	42054	1	0.5	25
	chrVI	42067	0	0.5	25
	chrVI	42078	1	0.5	25
	chrVI	42083	0	0.5	25
	chrVI	42104	1	0.5	25
	chrVI	42117	1	0.5	25
	chrVI	42119	0	0.5	25
	chrVI	42133	1	0.5	25
	chrVI	42143	0	0.5	25
	chrVI	42147	1	0.5	25
	chrVI	42168	1	0.5	25
	chrVI	42184	0	0.5	25
	chrVI	42185	0	0.5	25
	chrVI	42211	1	0.5	25
	chrVI	42222	1	0.5	25
	chrVI	42237	1	0.5	25
	chrVI	42274	0	1.0	25
	chrVI	42277	0	0.5	25
	chrVI	42299	0	0.5	25
	chrVI	42310	0	0.5	25
	chrVI	42324	0	0.5	25
	chrVI	42339	1	0.5	25
	chrVI	42342	1	0.5	25
	chrVI	42343	0	0.5	25
	chrVI	42347	0	1.0	25
	chrVI	42357	1	0.5	25
	chrVI	42365	0	0.5	25
	chrVI	42367	0	0.5	25
	chrVI	42370	1	0.5	25
	chrVI	42373	1	1.0	25
	chrVI	42384	0	1.5	25
	chrVI	42392	0	0.5	25
	chrVI	42415	1	1.5	25
	chrVI	42420	0	1.0	25
	chrVI	42429	1	0.5	25
	chrVI	42437	0	0.5	25
	chrVI	42437	1	0.5	25
	chrVI	42440	0	0.5	25
	chrVI	42448	1	0.5	25
	chrVI	42462	0	1.0	25
	chrVI	42480	0	0.5	25
	chrVI	42482	0	1.0	25
	chrVI	42491	1	1.5	25
	chrVI	42500	1	1.0	25
	chrVI	42501	1	0.5	25
	chrVI	42502	0	0.5	25
	chrVI	42507	1	0.5	25
	chrVI	42510	0	0.5	25
	chrVI	42510	1	0.5	25
	chrVI	42518	0	0.5	25
	chrVI	42519	0	1.0	25
	chrVI	42522	0	1.5	25
	chrVI	42530	0	0.5	25
	chrVI	42534	1	1.0	25
	chrVI	42538	0	0.5	25
	chrVI	42548	0	0.5	25
	chrVI	42554	0	0.5	25
	chrVI	42570	0	0.5	25
	chrVI	42576	1	1.5	25
	chrVI	42577	1	0.5	25
	chrVI	42580	1	0.5	25
	chrVI	42581	0	0.5	25
	chrVI	42585	1	1.0	25
	chrVI	42586	1	0.5	25
	chrVI	42588	1	0.5	25
	chrVI	42595	0	0.5	25
	chrVI	42599	0	0.5	25
	chrVI	42606	1	0.5	25
	chrVI	42607	0	0.5	25
	chrVI	42611	0	0.5	25
	chrVI	42616	1	0.5	25
	chrVI	42621	1	0.5	25
	chrVI	42649	0	0.5	25
	chrVI	42655	1	0.5	25
	chrVI	42658	1	0.5	25
	chrVI	42665	1	0.5	25
	chrVI	42669	1	0.5	25
	chrVI	42670	0	0.5	25
	chrVI	42680	0	0.5	25
	chrVI	42683	1	0.5	25
	chrVI	42684	0	0.5	25
	chrVI	42691	0	0.5	25
	chrVI	42691	1	0.5	25
	chrVI	42692	0	2.0	25
	chrVI	42692	1	0.5	25
	chrVI	42693	0	5.0	25
	chrVI	42705	1	0.5	25
	chrVI	42709	0	0.5	25
	chrVI	42716	0	0.5	25
	chrVI	42723	1	1.0	25
	chrVI	42724	1	0.5	25
	chrVI	42725	1	1.5	25
	chrVI	42726	0	1.5	25
	chrVI	42727	0	0.5	25
	chrVI	42734	0	0.5	25
	chrVI	42743	1	0.5	25
	chrVI	42749	1	0.5	25
	chrVI	42751	1	1.0	25
	chrVI	42761	1	1.0	25
	chrVI	42762	1	2.0	25
	chrVI	42763	0	0.5	25
	chrVI	42764	1	2.5	25
	chrVI	42765	0	0.5	25
	chrVI	42775	0	0.5	25
	chrVI	42784	1	1.0	25
	chrVI	42793	0	0.5	25
	chrVI	42799	0	0.5	25
	chrVI	42802	1	0.5	25
	chrVI	42855	1	0.5	25
	chrVI	42863	1	0.5	25
	chrVI	42873	0	0.5	25
	chrVI	42880	0	0.5	25
	chrVI	42881	1	0.5	25
	chrVI	42887	1	0.5	25
	chrVI	42908	1	0.5	25
	chrVI	42911	0	0.5	25
	chrVI	42933	1	0.5	25
	chrVI	42934	1	0.5	25
	chrVI	42935	1	0.5	25
	chrVI	42936	0	0.5	25
	chrVI	42936	1	0.5	25
	chrVI	42943	1	0.5	25
	chrVI	42963	0	0.5	25
	chrVI	43009	1	0.5	25
	chrVI	43017	0	0.5	25
	chrVI	43060	0	0.5	25
	chrVI	43061	0	0.5	25
	chrVI	43067	0	0.5	25
	chrVI	43070	0	0.5	25
	chrVI	43079	1	0.5	25
	chrVI	43084	0	1.0	25
	chrVI	43093	1	0.5	25
	chrVI	43111	1	0.5	25
	chrVI	43118	0	0.5	25
	chrVI	43118	1	0.5	25
	chrVI	43122	0	0.5	25
	chrVI	43128	1	0.5	25
	chrVI	43139	1	0.5	25
	chrVI	43142	0	0.5	25
	chrVI	43177	0	1.0	25
	chrVI	43179	1	1.0	25
	chrVI	43226	1	0.5	25
	chrVI	43227	1	0.5	25
	chrVI	43228	0	0.5	25
	chrVI	43231	0	0.5	25
	chrVI	43235	0	0.5	25
	chrVI	43242	1	0.5	25
	chrVI	43249	0	0.5	25
	chrVI	43259	0	0.5	25
	chrVI	43276	1	1.0	25
	chrVI	43287	1	0.5	25
	chrVI	43288	1	0.5	25
	chrVI	43290	1	0.5	25
	chrVI	43322	0	0.5	25
	chrVI	43328	1	0.5	25
	chrVI	43331	0	0.5	25
	chrVI	43363	0	1.0	25
	chrVI	43390	1	0.5	25
	chrVI	43400	1	0.5	25
	chrVI	43410	1	0.5	25
	chrVI	43412	0	0.5	25
	chrVI	43418	0	0.5	25
	chrVI	43419	0	2.0	25
	chrVI	43422	0	1.0	25
	chrVI	43428	1	0.5	25
	chrVI	43432	1	1.0	25
	chrVI	43456	0	0.5	25
	chrVI	43463	1	1.0	25
	chrVI	43478	1	0.5	25
	chrVI	43486	1	0.5	25
	chrVI	43495	1	1.0	25
	chrVI	43511	1	1.0	25
	chrVI	43568	0	0.5	25
	chrVI	43591	0	0.5	25
	chrVI	43596	0	0.5	25
	chrVI	43622	0	0.5	25
	chrVI	43633	0	0.5	25
	chrVI	43637	0	0.5	25
	chrVI	43640	1	0.5	25
	chrVI	43646	0	0.5	25
	chrVI	43654	1	0.5	25
	chrVI	43667	1	0.5	25
	chrVI	43682	1	0.5	25
	chrVI	43718	1	0.5	25
	chrVI	43765	1	0.5	25
	chrVI	43791	0	0.5	25
	chrVI	43830	0	1.0	25
	chrVI	43841	0	0.5	25
	chrVI	43849	1	0.5	25
	chrVI	43881	0	0.5	25
	chrVI	43890	1	0.5	25
	chrVI	43891	0	0.5	25
	chrVI	43914	1	1.0	25
	chrVI	43927	1	1.0	25
	chrVI	43938	0	0.5	25
	chrVI	43938	1	0.5	25
	chrVI	43954	1	0.5	25
	chrVI	43976	0	0.5	25
	chrVI	43997	0	0.5	25
	chrVI	44015	0	0.5	25
	chrVI	44024	1	0.5	25
	chrVI	44030	0	0.5	25
	chrVI	44047	0	0.5	25
	chrVI	44056	0	0.5	25
	chrVI	44062	0	0.5	25
	chrVI	44065	0	0.5	25
	chrVI	44069	1	0.5	25
	chrVI	44075	0	0.5	25
	chrVI	44078	0	0.5	25
	chrVI	44090	0	0.5	25
	chrVI	44104	1	0.5	25
	chrVI	44120	1	0.5	25
	chrVI	44128	1	0.5	25
	chrVI	44134	1	0.5	25
	chrVI	44155	1	1.5	25
	chrVI	44164	1	0.5	25
	chrVI	44176	0	1.0	25
	chrVI	44182	0	0.5	25
	chrVI	44198	0	0.5	25
	chrVI	44198	1	0.5	25
	chrVI	44208	1	0.5	25
	chrVI	44226	0	0.5	25
	chrVI	44238	1	0.5	25
	chrVI	44301	0	0.5	25
	chrVI	44311	1	0.5	25
	chrVI	44318	1	1.0	25
	chrVI	44352	0	0.5	25
	chrVI	44354	1	0.5	25
	chrVI	44358	1	0.5	25
	chrVI	44398	0	0.5	25
	chrVI	44414	0	0.5	25
	chrVI	44435	1	0.5	25
	chrVI	44446	0	0.5	25
	chrVI	44449	0	0.5	25
	chrVI	44456	0	0.5	25
	chrVI	44477	1	0.5	25
	chrVI	44478	1	0.5	25
	chrVI	44487	1	0.5	25
	chrVI	44496	0	2.0	25
	chrVI	44503	0	0.5	25
	chrVI	44507	0	0.5	25
	chrVI	44509	1	0.5	25
	chrVI	44521	0	0.5	25
	chrVI	44536	1	0.5	25
	chrVI	44551	1	0.5	25
	chrVI	44554	0	1.0	25
	chrVI	44556	0	0.5	25
	chrVI	44570	1	1.0	25
	chrVI	44575	0	0.5	25
	chrVI	44575	1	1.0	25
	chrVI	44583	0	0.5	25
	chrVI	44584	0	0.5	25
	chrVI	44585	0	0.5	25
	chrVI	44586	0	0.5	25
	chrVI	44589	1	0.5	25
	chrVI	44590	1	0.5	25
	chrVI	44592	0	0.5	25
	chrVI	44599	0	0.5	25
	chrVI	44625	1	1.5	25
	chrVI	44627	0	0.5	25
	chrVI	44634	1	0.5	25
	chrVI	44642	0	0.5	25
	chrVI	44643	0	0.5	25
	chrVI	44654	1	0.5	25
	chrVI	44660	1	1.0	25
	chrVI	44673	0	0.5	25
	chrVI	44713	1	0.5	25
	chrVI	44723	0	0.5	25
	chrVI	44724	1	0.5	25
	chrVI	44732	1	0.5	25
	chrVI	44747	1	0.5	25
	chrVI	44770	1	0.5	25
	chrVI	44795	1	0.5	25
	chrVI	44812	1	0.5	25
	chrVI	44831	0	0.5	25
	chrVI	44838	0	0.5	25
	chrVI	44876	0	0.5	25
	chrVI	44894	0	0.5	25
	chrVI	44900	0	1.0	25
	chrVI	44903	1	0.5	25
	chrVI	44919	1	0.5	25
	chrVI	44931	1	0.5	25
	chrVI	44999	1	0.5	25
	chrVI	45044	0	0.5	25
	chrVI	45058	1	1.0	25
	chrVI	45068	0	0.5	25
	chrVI	45075	0	0.5	25
	chrVI	45098	1	0.5	25
	chrVI	45115	1	0.5	25
	chrVI	45127	1	0.5	25
	chrVI	45131	1	0.5	25
	chrVI	45132	0	0.5	25
	chrVI	45162	0	0.5	25
	chrVI	45192	0	0.5	25
	chrVI	45209	0	0.5	25
	chrVI	45247	0	0.5	25
	chrVI	45247	1	0.5	25
	chrVI	45258	1	0.5	25
	chrVI	45261	0	1.0	25
	chrVI	45275	1	0.5	25
	chrVI	45290	1	0.5	25
	chrVI	45305	1	0.5	25
	chrVI	45318	0	0.5	25
	chrVI	45349	0	0.5	25
	chrVI	45372	0	0.5	25
	chrVI	45396	1	0.5	25
	chrVI	45410	1	0.5	25
	chrVI	45414	1	0.5	25
	chrVI	45424	0	0.5	25
	chrVI	45433	1	1.0	25
	chrVI	45486	0	0.5	25
	chrVI	45492	0	0.5	25
	chrVI	45504	0	0.5	25
	chrVI	45537	0	0.5	25
	chrVI	45544	0	0.5	25
	chrVI	45585	0	0.5	25
	chrVI	45594	0	0.5	25
	chrVI	45604	1	0.5	25
	chrVI	45610	0	1.0	25
	chrVI	45611	0	1.0	25
	chrVI	45612	0	0.5	25
	chrVI	45618	0	1.0	25
	chrVI	45625	1	0.5	25
	chrVI	45646	1	1.0	25
	chrVI	45656	1	0.5	25
	chrVI	45657	0	0.5	25
	chrVI	45657	1	0.5	25
	chrVI	45661	1	0.5	25
	chrVI	45669	0	0.5	25
	chrVI	45683	1	2.5	25
	chrVI	45684	1	0.5	25
	chrVI	45694	1	0.5	25
	chrVI	45698	1	0.5	25
	chrVI	45713	0	0.5	25
	chrVI	45736	0	0.5	25
	chrVI	45740	0	0.5	25
	chrVI	45786	1	0.5	25
	chrVI	45793	0	0.5	25
	chrVI	45799	1	0.5	25
	chrVI	45819	1	0.5	25
	chrVI	45828	1	1.0	25
	chrVI	45870	1	0.5	25
	chrVI	45903	0	0.5	25
	chrVI	45936	0	0.5	25
	chrVI	45937	1	0.5	25
	chrVI	45947	0	0.5	25
	chrVI	45980	0	0.5	25
	chrVI	45981	0	1.0	25
	chrVI	45997	0	0.5	25
	chrVI	46004	1	0.5	25
	chrVI	46009	1	0.5	25
	chrVI	46021	0	0.5	25
	chrVI	46029	0	0.5	25
	chrVI	46037	1	0.5	25
	chrVI	46040	0	0.5	25
	chrVI	46089	0	0.5	25
	chrVI	46090	1	0.5	25
	chrVI	46092	1	0.5	25
	chrVI	46095	1	0.5	25
	chrVI	46106	1	0.5	25
	chrVI	46146	0	1.0	25
	chrVI	46152	0	0.5	25
	chrVI	46182	0	0.5	25
	chrVI	46185	1	0.5	25
	chrVI	46199	1	1.0	25
	chrVI	46222	1	1.0	25
	chrVI	46226	1	0.5	25
	chrVI	46253	0	0.5	25
	chrVI	46258	0	0.5	25
	chrVI	46298	0	1.0	25
	chrVI	46317	0	0.5	25
	chrVI	46323	1	0.5	25
	chrVI	46332	0	0.5	25
	chrVI	46335	1	0.5	25
	chrVI	46353	1	1.0	25
	chrVI	46359	0	0.5	25
	chrVI	46371	0	1.0	25
	chrVI	46373	1	0.5	25
	chrVI	46377	0	0.5	25
	chrVI	46377	1	0.5	25
	chrVI	46389	0	0.5	25
	chrVI	46395	0	1.0	25
	chrVI	46420	1	0.5	25
	chrVI	46428	1	0.5	25
	chrVI	46430	0	0.5	25
	chrVI	46431	1	0.5	25
	chrVI	46461	1	1.0	25
	chrVI	46464	1	0.5	25
	chrVI	46468	1	0.5	25
	chrVI	46484	1	0.5	25
	chrVI	46488	0	0.5	25
	chrVI	46518	0	0.5	25
	chrVI	46528	0	0.5	25
	chrVI	46529	0	0.5	25
	chrVI	46547	1	0.5	25
	chrVI	46571	0	0.5	25
	chrVI	46602	1	0.5	25
	chrVI	46611	1	0.5	25
	chrVI	46615	1	0.5	25
	chrVI	46624	1	0.5	25
	chrVI	46629	1	0.5	25
	chrVI	46649	0	0.5	25
	chrVI	46691	1	0.5	25
	chrVI	46708	0	0.5	25
	chrVI	46736	0	0.5	25
	chrVI	46757	0	0.5	25
	chrVI	46771	0	1.0	25
	chrVI	46785	1	0.5	25
	chrVI	46788	1	0.5	25
	chrVI	46794	0	1.0	25
	chrVI	46821	1	0.5	25
	chrVI	46850	1	0.5	25
	chrVI	46852	0	0.5	25
	chrVI	46877	1	1.0	25
	chrVI	46930	1	0.5	25
	chrVI	46957	0	0.5	25
	chrVI	46999	0	0.5	25
	chrVI	47003	0	1.0	25
	chrVI	47020	0	0.5	25
	chrVI	47024	1	0.5	25
	chrVI	47029	0	0.5	25
	chrVI	47036	0	0.5	25
	chrVI	47046	1	0.5	25
	chrVI	47067	0	0.5	25
	chrVI	47069	0	0.5	25
	chrVI	47074	0	0.5	25
	chrVI	47076	1	0.5	25
	chrVI	47078	1	0.5	25
	chrVI	47092	1	1.0	25
	chrVI	47100	1	0.5	25
	chrVI	47102	1	0.5	25
	chrVI	47105	0	0.5	25
	chrVI	47131	1	0.5	25
	chrVI	47135	1	0.5	25
	chrVI	47145	0	0.5	25
	chrVI	47145	1	0.5	25
	chrVI	47162	0	0.5	25
	chrVI	47172	1	0.5	25
	chrVI	47174	0	0.5	25
	chrVI	47177	0	0.5	25
	chrVI	47227	1	0.5	25
	chrVI	47232	0	0.5	25
	chrVI	47240	1	0.5	25
	chrVI	47273	0	0.5	25
	chrVI	47304	1	0.5	25
	chrVI	47310	1	0.5	25
	chrVI	47315	0	0.5	25
	chrVI	47317	1	0.5	25
	chrVI	47324	1	0.5	25
	chrVI	47380	0	0.5	25
	chrVI	47401	0	0.5	25
	chrVI	47448	1	0.5	25
	chrVI	47460	0	0.5	25
	chrVI	47465	1	0.5	25
	chrVI	47474	0	0.5	25
	chrVI	47532	0	0.5	25
	chrVI	47539	0	0.5	25
	chrVI	47545	1	0.5	25
	chrVI	47557	0	0.5	25
	chrVI	47569	0	0.5	25
	chrVI	47594	1	0.5	25
	chrVI	47601	1	0.5	25
	chrVI	47617	1	0.5	25
	chrVI	47625	1	0.5	25
	chrVI	47630	1	0.5	25
	chrVI	47646	1	0.5	25
	chrVI	47734	0	0.5	25
	chrVI	47738	0	0.5	25
	chrVI	47764	0	0.5	25
	chrVI	47765	0	0.5	25
	chrVI	47779	0	0.5	25
	chrVI	47793	0	0.5	25
	chrVI	47813	1	0.5	25
	chrVI	47817	0	0.5	25
	chrVI	47823	0	0.5	25
	chrVI	47824	1	0.5	25
	chrVI	47830	1	0.5	25
	chrVI	47833	1	1.0	25
	chrVI	47879	0	0.5	25
	chrVI	47886	0	0.5	25
	chrVI	47906	1	0.5	25
	chrVI	47907	1	0.5	25
	chrVI	47928	1	0.5	25
	chrVI	47944	0	0.5	25
	chrVI	47953	0	1.0	25
	chrVI	48011	0	0.5	25
	chrVI	48020	0	0.5	25
	chrVI	48022	1	1.0	25
	chrVI	48056	1	0.5	25
	chrVI	48087	0	0.5	25
	chrVI	48090	0	0.5	25
	chrVI	48095	1	0.5	25
	chrVI	48127	1	0.5	25
	chrVI	48136	0	0.5	25
	chrVI	48151	1	0.5	25
	chrVI	48173	0	0.5	25
	chrVI	48173	1	0.5	25
	chrVI	48174	0	0.5	25
	chrVI	48186	1	0.5	25
	chrVI	48213	1	0.5	25
	chrVI	48230	1	1.0	25
	chrVI	48266	1	0.5	25
	chrVI	48270	0	1.5	25
	chrVI	48324	0	0.5	25
	chrVI	48388	1	0.5	24
	chrVI	48391	0	0.5	25
	chrVI	48414	0	0.5	25
	chrVI	48415	1	1.5	25
	chrVI	48474	0	0.5	25
	chrVI	48480	0	0.5	25
	chrVI	48483	1	0.5	25
	chrVI	48491	0	1.0	25
	chrVI	48544	1	0.5	25
	chrVI	48552	1	1.0	25
	chrVI	48566	0	0.5	25
	chrVI	48594	1	0.5	25
	chrVI	48596	0	0.5	25
	chrVI	48604	0	0.5	25
	chrVI	48611	0	0.5	25
	chrVI	48623	0	1.0	25
	chrVI	48634	1	1.0	25
	chrVI	48661	0	0.5	25
	chrVI	48661	1	0.5	25
	chrVI	48662	1	0.5	25
	chrVI	48675	0	0.5	24
	chrVI	48676	1	0.5	25
	chrVI	48678	1	1.0	25
	chrVI	48682	0	0.5	25
	chrVI	48697	0	0.5	25
	chrVI	48733	1	0.5	25
	chrVI	48742	0	0.5	25
	chrVI	48742	1	0.5	25
	chrVI	48769	0	0.5	25
	chrVI	48773	1	0.5	25
	chrVI	48785	0	0.5	25
	chrVI	48809	0	0.5	25
	chrVI	48827	1	0.5	25
	chrVI	48830	1	0.5	25
	chrVI	48860	1	0.5	25
	chrVI	48875	1	0.5	25
	chrVI	48886	0	0.5	25
	chrVI	48889	0	0.5	25
	chrVI	48902	0	0.5	25
	chrVI	48906	0	0.5	25
	chrVI	48939	0	0.5	25
	chrVI	48960	0	0.5	25
	chrVI	48967	1	0.5	25
	chrVI	48974	0	1.0	25
	chrVI	48980	1	0.5	25
	chrVI	48982	0	0.5	25
	chrVI	48986	0	0.5	25
	chrVI	48990	0	0.5	25
	chrVI	48998	0	0.5	25
	chrVI	48999	0	0.5	25
	chrVI	49018	0	0.5	25
	chrVI	49019	1	0.5	25
	chrVI	49036	0	1.5	25
	chrVI	49036	1	0.5	25
	chrVI	49037	1	1.5	25
	chrVI	49038	1	0.5	25
	chrVI	49040	0	0.5	25
	chrVI	49044	1	0.5	25
	chrVI	49045	1	0.5	25
	chrVI	49055	1	0.5	25
	chrVI	49056	0	0.5	25
	chrVI	49056	1	0.5	25
	chrVI	49057	1	0.5	25
	chrVI	49060	1	0.5	25
	chrVI	49066	1	0.5	25
	chrVI	49073	0	0.5	25
	chrVI	49082	0	0.5	25
	chrVI	49084	1	1.0	25
	chrVI	49087	0	0.5	25
	chrVI	49098	1	0.5	25
	chrVI	49100	1	0.5	25
	chrVI	49116	0	0.5	25
	chrVI	49126	1	0.5	25
	chrVI	49130	0	0.5	25
	chrVI	49135	1	0.5	25
	chrVI	49138	1	0.5	25
	chrVI	49147	0	0.5	25
	chrVI	49184	0	0.5	25
	chrVI	49192	1	0.5	25
	chrVI	49193	0	1.0	25
	chrVI	49194	0	0.5	25
	chrVI	49200	0	0.5	25
	chrVI	49212	0	0.5	25
	chrVI	49228	1	0.5	25
	chrVI	49231	1	0.5	25
	chrVI	49235	1	1.0	25
	chrVI	49237	0	0.5	25
	chrVI	49242	1	0.5	25
	chrVI	49256	1	0.5	25
	chrVI	49265	1	0.5	25
	chrVI	49268	0	0.5	25
	chrVI	49271	1	0.5	25
	chrVI	49284	0	0.5	25
	chrVI	49299	1	0.5	25
	chrVI	49345	0	0.5	25
	chrVI	49350	1	0.5	25
	chrVI	49382	0	0.5	25
	chrVI	49422	1	0.5	25
	chrVI	49435	1	0.5	25
	chrVI	49438	0	0.5	25
	chrVI	49465	1	0.5	25
	chrVI	49467	0	0.5	25
	chrVI	49483	1	0.5	25
	chrVI	49490	0	0.5	25
	chrVI	49546	1	0.5	25
	chrVI	49565	1	0.5	25
	chrVI	49598	1	0.5	25
	chrVI	49613	0	1.0	25
	chrVI	49628	0	0.5	25
	chrVI	49639	0	0.5	25
	chrVI	49649	0	0.5	25
	chrVI	49683	0	0.5	25
	chrVI	49688	1	0.5	25
	chrVI	49693	0	0.5	25
	chrVI	49698	1	1.0	25
	chrVI	49704	1	0.5	25
	chrVI	49717	0	0.5	25
	chrVI	49724	1	0.5	25
	chrVI	49730	0	0.5	25
	chrVI	49731	0	0.5	25
	chrVI	49747	1	0.5	25
	chrVI	49753	1	0.5	25
	chrVI	49778	0	0.5	25
	chrVI	49798	0	0.5	25
	chrVI	49803	1	0.5	25
	chrVI	49804	1	0.5	25
	chrVI	49806	0	0.5	25
	chrVI	49810	0	0.5	25
	chrVI	49813	1	0.5	25
	chrVI	49835	0	1.0	25
	chrVI	49861	1	0.5	25
	chrVI	49864	0	1.0	25
	chrVI	49869	0	0.5	25
	chrVI	49885	1	0.5	25
	chrVI	49890	1	0.5	25
	chrVI	49897	1	0.5	25
	chrVI	49908	1	1.0	25
	chrVI	49927	1	0.5	25
	chrVI	49928	0	0.5	25
	chrVI	49951	0	1.0	25
	chrVI	49964	1	0.5	25
	chrVI	49990	1	0.5	25
	chrVI	49994	1	0.5	25
	chrVI	50108	1	1.0	25
	chrVI	50136	0	1.0	25
	chrVI	50233	0	1.0	25
	chrVI	50288	1	1.0	25
	chrVI	50290	0	0.5	25
	chrVI	50302	1	1.0	25
	chrVI	50303	0	0.5	25
	chrVI	50325	0	0.5	25
	chrVI	50351	0	0.5	25
	chrVI	50354	1	0.5	25
	chrVI	50363	1	0.5	25
	chrVI	50368	0	0.5	25
	chrVI	50398	1	0.5	25
	chrVI	50403	1	0.5	25
	chrVI	50418	0	0.5	25
	chrVI	50436	0	0.5	25
	chrVI	50463	1	0.5	25
	chrVI	50494	1	0.5	25
	chrVI	50562	0	0.5	25
	chrVI	50586	1	0.5	25
	chrVI	50627	0	0.5	25
	chrVI	50648	1	0.5	25
	chrVI	50695	0	0.5	25
	chrVI	50713	0	0.5	25
	chrVI	50782	0	0.5	25
	chrVI	50797	1	0.5	25
	chrVI	50800	1	0.5	25
	chrVI	50804	1	0.5	25
	chrVI	50806	0	0.5	25
	chrVI	50810	0	0.5	25
	chrVI	50847	1	0.5	25
	chrVI	50849	0	0.5	25
	chrVI	50861	0	1.0	25
	chrVI	50862	0	0.5	25
	chrVI	50888	1	0.5	25
	chrVI	50897	0	1.0	25
	chrVI	50897	1	1.0	25
	chrVI	50936	1	1.0	25
	chrVI	50946	0	0.5	25
	chrVI	50950	1	1.0	25
	chrVI	50956	0	0.5	25
	chrVI	50960	1	0.5	25
	chrVI	50962	0	0.5	25
	chrVI	50985	1	0.5	25
	chrVI	51004	1	0.5	25
	chrVI	51030	0	0.5	25
	chrVI	51035	0	1.0	25
	chrVI	51037	0	0.5	25
	chrVI	51054	0	0.5	25
	chrVI	51066	1	0.5	25
	chrVI	51068	0	0.5	25
	chrVI	51069	0	0.5	25
	chrVI	51097	1	0.5	25
	chrVI	51104	1	0.5	25
	chrVI	51105	1	0.5	25
	chrVI	51122	0	0.5	25
	chrVI	51137	1	0.5	25
	chrVI	51140	0	0.5	25
	chrVI	51140	1	0.5	25
	chrVI	51158	1	0.5	25
	chrVI	51169	0	1.0	25
	chrVI	51170	0	0.5	25
	chrVI	51187	0	3.0	25
	chrVI	51189	1	0.5	25
	chrVI	51200	0	0.5	25
	chrVI	51201	0	1.0	25
	chrVI	51206	0	1.0	25
	chrVI	51206	1	0.5	25
	chrVI	51207	0	0.5	25
	chrVI	51217	1	0.5	25
	chrVI	51220	1	0.5	25
	chrVI	51222	1	0.5	25
	chrVI	51267	1	1.0	25
	chrVI	51271	1	1.5	25
	chrVI	51273	1	1.0	25
	chrVI	51274	1	1.0	25
	chrVI	51279	1	0.5	25
	chrVI	51280	1	1.0	25
	chrVI	51283	0	0.5	25
	chrVI	51284	1	0.5	25
	chrVI	51327	0	0.5	25
	chrVI	51371	0	0.5	25
	chrVI	51391	0	0.5	25
	chrVI	51397	0	0.5	25
	chrVI	51401	0	1.0	25
	chrVI	51401	1	0.5	25
	chrVI	51413	0	0.5	25
	chrVI	51425	0	0.5	25
	chrVI	51434	0	1.0	25
	chrVI	51450	1	0.5	25
	chrVI	51452	1	0.5	25
	chrVI	51467	1	1.0	25
	chrVI	51492	1	0.5	25
	chrVI	51548	0	0.5	25
	chrVI	51593	1	0.5	25
	chrVI	51609	1	0.5	25
	chrVI	51615	1	1.0	25
	chrVI	51618	0	0.5	25
	chrVI	51618	1	0.5	25
	chrVI	51620	0	0.5	25
	chrVI	51628	1	0.5	25
	chrVI	51636	0	0.5	25
	chrVI	51655	1	0.5	25
	chrVI	51678	1	0.5	25
	chrVI	51691	1	0.5	25
	chrVI	51703	0	0.5	25
	chrVI	51714	0	0.5	25
	chrVI	51715	0	0.5	25
	chrVI	51719	0	0.5	25
	chrVI	51752	1	0.5	25
	chrVI	51766	0	0.5	25
	chrVI	51788	0	0.5	25
	chrVI	51798	1	0.5	25
	chrVI	51814	0	0.5	25
	chrVI	51822	1	0.5	25
	chrVI	51852	1	0.5	25
	chrVI	51862	0	1.0	25
	chrVI	51872	0	0.5	25
	chrVI	51886	1	1.0	25
	chrVI	51894	1	0.5	25
	chrVI	51899	0	0.5	25
	chrVI	51924	0	0.5	25
	chrVI	51931	0	0.5	25
	chrVI	51937	1	1.0	25
	chrVI	51950	1	0.5	25
	chrVI	51969	1	0.5	25
	chrVI	51981	1	0.5	25
	chrVI	52004	1	0.5	25
	chrVI	52015	0	0.5	25
	chrVI	52020	0	0.5	25
	chrVI	52054	0	0.5	25
	chrVI	52055	0	0.5	25
	chrVI	52058	0	0.5	25
	chrVI	52078	0	0.5	25
	chrVI	52082	1	0.5	25
	chrVI	52094	0	0.5	25
	chrVI	52096	1	0.5	25
	chrVI	52120	1	0.5	25
	chrVI	52149	1	0.5	25
	chrVI	52168	1	0.5	25
	chrVI	52170	1	0.5	25
	chrVI	52232	0	0.5	25
	chrVI	52234	0	1.0	25
	chrVI	52243	0	0.5	25
	chrVI	52260	1	0.5	25
	chrVI	52288	0	1.0	25
	chrVI	52302	0	0.5	25
	chrVI	52307	1	1.0	25
	chrVI	52318	0	1.0	25
	chrVI	52331	1	0.5	25
	chrVI	52356	0	0.5	25
	chrVI	52359	0	0.5	25
	chrVI	52360	1	1.0	25
	chrVI	52377	1	0.5	25
	chrVI	52381	1	0.5	25
	chrVI	52392	0	1.0	25
	chrVI	52398	0	0.5	25
	chrVI	52398	1	0.5	25
	chrVI	52413	1	0.5	25
	chrVI	52414	0	0.5	25
	chrVI	52428	1	0.5	25
	chrVI	52430	1	0.5	25
	chrVI	52439	1	1.0	25
	chrVI	52458	0	0.5	25
	chrVI	52470	0	0.5	25
	chrVI	52473	0	1.5	25
	chrVI	52477	1	0.5	25
	chrVI	52488	0	0.5	25
	chrVI	52497	0	0.5	25
	chrVI	52517	0	0.5	25
	chrVI	52525	1	0.5	25
	chrVI	52530	1	0.5	25
	chrVI	52563	1	1.0	25
	chrVI	52575	0	0.5	25
	chrVI	52580	0	0.5	25
	chrVI	52586	1	0.5	25
	chrVI	52592	0	0.5	25
	chrVI	52596	1	0.5	25
	chrVI	52631	0	0.5	25
	chrVI	52649	1	0.5	25
	chrVI	52672	0	0.5	25
	chrVI	52677	1	1.5	25
	chrVI	52682	1	0.5	25
	chrVI	52689	1	0.5	25
	chrVI	52700	1	0.5	25
	chrVI	52707	0	0.5	25
	chrVI	52708	0	0.5	25
	chrVI	52730	0	0.5	25
	chrVI	52738	0	0.5	25
	chrVI	52741	0	0.5	25
	chrVI	52743	0	0.5	25
	chrVI	52777	0	0.5	25
	chrVI	52788	1	0.5	25
	chrVI	52790	1	0.5	25
	chrVI	52805	1	0.5	25
	chrVI	52811	1	0.5	25
	chrVI	52826	0	0.5	25
	chrVI	52833	0	0.5	25
	chrVI	52836	0	0.5	25
	chrVI	52852	0	0.5	25
	chrVI	52852	1	0.5	25
	chrVI	52868	0	0.5	25
	chrVI	52869	0	0.5	25
	chrVI	52872	0	0.5	25
	chrVI	52874	0	0.5	25
	chrVI	52889	0	0.5	25
	chrVI	52891	1	0.5	25
	chrVI	52897	1	0.5	25
	chrVI	52900	1	0.5	25
	chrVI	52907	0	0.5	25
	chrVI	52914	1	0.5	25
	chrVI	52918	0	1.0	25
	chrVI	52924	0	0.5	25
	chrVI	52924	1	0.5	25
	chrVI	52930	1	0.5	25
	chrVI	52931	1	0.5	25
	chrVI	52937	0	0.5	25
	chrVI	52939	0	1.0	25
	chrVI	52942	0	0.5	25
	chrVI	52960	0	0.5	25
	chrVI	52969	1	0.5	25
	chrVI	52973	1	0.5	25
	chrVI	52979	1	0.5	25
	chrVI	52986	1	0.5	25
	chrVI	52990	1	0.5	25
	chrVI	53009	1	1.0	25
	chrVI	53014	1	0.5	25
	chrVI	53015	1	0.5	25
	chrVI	53023	0	0.5	25
	chrVI	53025	1	0.5	25
	chrVI	53028	0	1.0	25
	chrVI	53035	1	0.5	25
	chrVI	53037	1	0.5	25
	chrVI	53039	0	1.0	25
	chrVI	53040	0	1.5	25
	chrVI	53041	1	0.5	25
	chrVI	53042	0	0.5	25
	chrVI	53044	0	1.5	25
	chrVI	53068	0	0.5	25
	chrVI	53077	1	0.5	25
	chrVI	53087	1	0.5	25
	chrVI	53092	0	0.5	25
	chrVI	53095	1	0.5	25
	chrVI	53100	1	0.5	25
	chrVI	53101	1	0.5	25
	chrVI	53102	0	0.5	25
	chrVI	53102	1	0.5	25
	chrVI	53103	0	2.5	25
	chrVI	53103	1	0.5	25
	chrVI	53105	1	0.5	25
	chrVI	53107	0	0.5	25
	chrVI	53108	1	0.5	25
	chrVI	53121	1	0.5	25
	chrVI	53128	0	0.5	25
	chrVI	53128	1	0.5	25
	chrVI	53131	1	0.5	25
	chrVI	53143	1	0.5	25
	chrVI	53149	0	0.5	25
	chrVI	53151	1	0.5	25
	chrVI	53160	1	0.5	25
	chrVI	53170	1	0.5	25
	chrVI	53172	1	0.5	25
	chrVI	53176	1	0.5	25
	chrVI	53186	1	0.5	25
	chrVI	53188	1	0.5	25
	chrVI	53193	0	0.5	25
	chrVI	53226	1	0.5	25
	chrVI	53234	1	1.5	25
	chrVI	53250	1	0.5	25
	chrVI	53261	0	0.5	25
	chrVI	53293	0	1.0	25
	chrVI	53294	0	0.5	25
	chrVI	53307	1	0.5	25
	chrVI	53346	1	1.0	25
	chrVI	53387	0	0.5	25
	chrVI	53424	0	0.5	25
	chrVI	53441	0	0.5	25
	chrVI	53450	1	0.5	25
	chrVI	53464	0	0.5	25
	chrVI	53468	0	0.5	25
	chrVI	53494	0	1.0	25
	chrVI	53494	1	0.5	25
	chrVI	53507	1	0.5	25
	chrVI	53508	1	0.5	25
	chrVI	53512	0	0.5	25
	chrVI	53557	1	0.5	25
	chrVI	53566	1	1.0	25
	chrVI	53568	0	0.5	25
	chrVI	53596	0	0.5	25
	chrVI	53624	1	0.5	25
	chrVI	53656	1	0.5	25
	chrVI	53674	0	0.5	25
	chrVI	53705	0	0.5	25
	chrVI	53720	1	0.5	25
	chrVI	53735	1	0.5	25
	chrVI	53737	0	0.5	25
	chrVI	53750	1	0.5	25
	chrVI	53755	1	0.5	25
	chrVI	53802	0	0.5	25
	chrVI	53803	1	0.5	25
	chrVI	53825	0	0.5	24
	chrVI	53869	1	0.5	25
	chrVI	53895	0	0.5	25
	chrVI	53917	1	0.5	25
	chrVI	53936	0	0.5	25
	chrVI	53937	0	0.5	25
	chrVI	53960	1	0.5	25
	chrVI	53980	1	0.5	25
	chrVI	53981	0	0.5	25
	chrVI	53994	1	0.5	25
	chrVI	54053	0	1.0	25
	chrVI	54055	1	0.5	25
	chrVI	54062	0	0.5	25
	chrVI	54068	0	0.5	25
	chrVI	54073	0	0.5	25
	chrVI	54113	0	0.5	25
	chrVI	54116	0	0.5	25
	chrVI	54134	1	0.5	25
	chrVI	54146	1	1.0	25
	chrVI	54165	1	0.5	25
	chrVI	54178	0	0.5	25
	chrVI	54183	1	0.5	25
	chrVI	54191	1	0.5	25
	chrVI	54223	0	0.5	25
	chrVI	54256	1	0.5	25
	chrVI	54262	0	0.5	25
	chrVI	54274	0	0.5	25
	chrVI	54289	0	0.5	25
	chrVI	54290	0	0.5	25
	chrVI	54302	1	0.5	25
	chrVI	54305	1	0.5	25
	chrVI	54313	0	0.5	25
	chrVI	54336	1	1.0	25
	chrVI	54337	0	1.0	25
	chrVI	54345	0	0.5	24
	chrVI	54354	0	1.5	25
	chrVI	54361	0	0.5	25
	chrVI	54374	1	0.5	25
	chrVI	54375	1	0.5	25
	chrVI	54391	0	1.0	25
	chrVI	54416	0	0.5	25
	chrVI	54429	0	1.0	25
	chrVI	54435	1	0.5	24
	chrVI	54436	1	1.0	25
	chrVI	54437	0	1.0	25
	chrVI	54438	1	1.5	25
	chrVI	54439	1	0.5	25
	chrVI	54443	0	0.5	25
	chrVI	54446	0	0.5	25
	chrVI	54450	0	0.5	25
	chrVI	54451	0	0.5	25
	chrVI	54456	0	0.5	25
	chrVI	54457	0	0.5	25
	chrVI	54461	1	1.0	25
	chrVI	54464	0	2.0	25
	chrVI	54465	0	0.5	25
	chrVI	54466	0	0.5	25
	chrVI	54488	1	0.5	25
	chrVI	54492	0	0.5	25
	chrVI	54495	1	0.5	25
	chrVI	54498	1	0.5	25
	chrVI	54518	1	0.5	24
	chrVI	54518	1	0.5	25
	chrVI	54519	0	1.0	25
	chrVI	54525	1	1.0	25
	chrVI	54526	1	0.5	25
	chrVI	54527	1	0.5	25
	chrVI	54538	1	0.5	25
	chrVI	54541	0	0.5	25
	chrVI	54542	0	0.5	25
	chrVI	54545	1	1.0	25
	chrVI	54548	1	0.5	25
	chrVI	54552	1	0.5	25
	chrVI	54558	1	0.5	25
	chrVI	54564	1	0.5	25
	chrVI	54566	1	0.5	25
	chrVI	54567	1	0.5	25
	chrVI	54569	0	0.5	25
	chrVI	54576	1	0.5	25
	chrVI	54577	1	1.0	25
	chrVI	54592	0	0.5	25
	chrVI	54594	1	0.5	25
	chrVI	54637	1	0.5	25
	chrVI	54661	0	0.5	25
	chrVI	54662	0	0.5	25
	chrVI	54671	0	0.5	25
	chrVI	54700	0	0.5	25
	chrVI	54721	1	0.5	25
	chrVI	54726	0	0.5	25
	chrVI	54729	1	0.5	25
	chrVI	54730	0	0.5	25
	chrVI	54733	0	0.5	25
	chrVI	54739	1	0.5	25
	chrVI	54740	0	0.5	25
	chrVI	54741	0	0.5	25
	chrVI	54771	0	0.5	25
	chrVI	54772	1	0.5	25
	chrVI	54779	1	0.5	25
	chrVI	54780	1	0.5	25
	chrVI	54790	1	0.5	25
	chrVI	54795	0	0.5	25
	chrVI	54807	1	0.5	25
	chrVI	54822	1	0.5	25
	chrVI	54825	1	0.5	25
	chrVI	54829	1	0.5	25
	chrVI	54830	0	1.5	25
	chrVI	54839	1	0.5	25
	chrVI	54847	0	0.5	25
	chrVI	54854	0	0.5	25
	chrVI	54860	0	0.5	25
	chrVI	54862	0	0.5	25
	chrVI	54869	1	0.5	25
	chrVI	54874	0	0.5	25
	chrVI	54876	0	0.5	25
	chrVI	54886	1	1.5	25
	chrVI	54891	0	0.5	25
	chrVI	54900	0	0.5	25
	chrVI	54906	0	0.5	25
	chrVI	54908	0	0.5	25
	chrVI	54913	0	1.5	25
	chrVI	54917	0	1.0	25
	chrVI	54927	0	1.5	25
	chrVI	54933	1	1.0	25
	chrVI	54943	1	0.5	25
	chrVI	54945	0	0.5	25
	chrVI	54955	1	1.0	25
	chrVI	54958	0	0.5	25
	chrVI	54963	1	0.5	25
	chrVI	54971	1	0.5	25
	chrVI	54977	1	0.5	25
	chrVI	54986	1	0.5	25
	chrVI	54998	0	0.5	25
	chrVI	54998	1	1.5	25
	chrVI	55000	1	0.5	25
	chrVI	55008	0	0.5	25
	chrVI	55018	1	1.5	25
	chrVI	55059	0	0.5	25
	chrVI	55072	1	1.0	25
	chrVI	55078	0	0.5	25
	chrVI	55089	0	1.5	25
	chrVI	55090	1	0.5	25
	chrVI	55091	0	1.0	25
	chrVI	55091	1	0.5	25
	chrVI	55105	1	0.5	25
	chrVI	55106	0	0.5	25
	chrVI	55113	0	0.5	25
	chrVI	55138	1	0.5	25
	chrVI	55151	1	0.5	25
	chrVI	55152	1	0.5	25
	chrVI	55154	1	0.5	25
	chrVI	55182	1	1.5	25
	chrVI	55210	0	1.0	25
	chrVI	55212	0	1.0	25
	chrVI	55212	1	0.5	25
	chrVI	55213	0	1.0	25
	chrVI	55239	0	0.5	25
	chrVI	55247	0	0.5	25
	chrVI	55264	1	0.5	25
	chrVI	55265	1	0.5	25
	chrVI	55269	1	0.5	23
	chrVI	55281	0	0.5	25
	chrVI	55287	1	0.5	25
	chrVI	55289	1	0.5	25
	chrVI	55290	0	0.5	25
	chrVI	55290	1	0.5	25
	chrVI	55297	1	1.0	25
	chrVI	55330	0	0.5	25
	chrVI	55331	1	0.5	25
	chrVI	55335	0	0.5	25
	chrVI	55399	0	0.5	25
	chrVI	55407	1	1.0	25
	chrVI	55457	0	0.5	25
	chrVI	55461	0	1.0	25
	chrVI	55472	1	0.5	25
	chrVI	55488	1	0.5	25
	chrVI	55511	1	0.5	25
	chrVI	55523	1	1.0	25
	chrVI	55545	0	0.5	25
	chrVI	55546	0	0.5	25
	chrVI	55552	1	0.5	25
	chrVI	55577	1	0.5	25
	chrVI	55585	0	0.5	25
	chrVI	55608	1	0.5	25
	chrVI	55616	0	0.5	25
	chrVI	55626	1	0.5	25
	chrVI	55657	0	0.5	25
	chrVI	55661	1	0.5	25
	chrVI	55664	1	0.5	25
	chrVI	55707	0	0.5	25
	chrVI	55720	0	0.5	25
	chrVI	55726	0	0.5	25
	chrVI	55768	0	0.5	25
	chrVI	55776	0	1.0	25
	chrVI	55781	0	0.5	25
	chrVI	55785	0	0.5	25
	chrVI	55785	1	0.5	25
	chrVI	55797	1	0.5	25
	chrVI	55804	0	0.5	25
	chrVI	55809	0	0.5	25
	chrVI	55832	0	0.5	25
	chrVI	55837	1	0.5	25
	chrVI	55839	1	0.5	25
	chrVI	55858	1	0.5	25
	chrVI	55864	0	0.5	25
	chrVI	55867	1	0.5	25
	chrVI	55876	0	0.5	25
	chrVI	55884	1	0.5	25
	chrVI	55890	1	1.0	25
	chrVI	55910	0	0.5	25
	chrVI	55917	1	0.5	25
	chrVI	55918	0	0.5	25
	chrVI	55942	1	0.5	25
	chrVI	55965	1	0.5	25
	chrVI	55978	1	0.5	25
	chrVI	55990	0	0.5	25
	chrVI	56001	0	0.5	25
	chrVI	56009	0	0.5	25
	chrVI	56027	0	0.5	25
	chrVI	56027	1	0.5	25
	chrVI	56032	0	0.5	25
	chrVI	56047	1	0.5	25
	chrVI	56062	0	1.0	25
	chrVI	56062	1	0.5	25
	chrVI	56066	0	0.5	25
	chrVI	56080	0	0.5	25
	chrVI	56087	1	0.5	25
	chrVI	56094	0	0.5	25
	chrVI	56094	1	0.5	25
	chrVI	56098	1	0.5	25
	chrVI	56117	1	1.0	25
	chrVI	56125	1	0.5	25
	chrVI	56132	0	1.0	25
	chrVI	56132	1	0.5	25
	chrVI	56134	0	1.0	25
	chrVI	56135	0	0.5	25
	chrVI	56146	1	0.5	25
	chrVI	56157	1	0.5	25
	chrVI	56166	1	0.5	25
	chrVI	56177	0	0.5	25
	chrVI	56187	1	0.5	25
	chrVI	56189	0	1.0	25
	chrVI	56189	1	0.5	25
	chrVI	56190	0	1.5	25
	chrVI	56192	1	0.5	25
	chrVI	56197	0	0.5	25
	chrVI	56202	1	0.5	25
	chrVI	56209	0	0.5	25
	chrVI	56222	0	0.5	25
	chrVI	56233	0	0.5	25
	chrVI	56246	1	0.5	25
	chrVI	56247	1	1.0	25
	chrVI	56249	1	0.5	25
	chrVI	56255	1	1.5	25
	chrVI	56261	1	0.5	25
	chrVI	56265	1	0.5	25
	chrVI	56273	0	0.5	25
	chrVI	56290	0	0.5	25
	chrVI	56299	1	0.5	25
	chrVI	56302	0	0.5	25
	chrVI	56308	1	0.5	25
	chrVI	56326	0	0.5	25
	chrVI	56338	0	0.5	25
	chrVI	56353	1	0.5	25
	chrVI	56359	1	0.5	25
	chrVI	56362	0	0.5	25
	chrVI	56374	1	0.5	25
	chrVI	56397	1	0.5	25
	chrVI	56400	1	0.5	25
	chrVI	56403	1	0.5	25
	chrVI	56433	0	0.5	25
	chrVI	56464	0	0.5	25
	chrVI	56524	1	0.5	25
	chrVI	56531	0	1.0	25
	chrVI	56544	0	0.5	25
	chrVI	56570	1	0.5	25
	chrVI	56594	1	0.5	25
	chrVI	56602	1	0.5	25
	chrVI	56604	0	0.5	25
	chrVI	56616	0	0.5	25
	chrVI	56617	0	0.5	25
	chrVI	56620	1	0.5	25
	chrVI	56625	0	0.5	25
	chrVI	56648	0	0.5	25
	chrVI	56651	1	0.5	25
	chrVI	56671	0	0.5	25
	chrVI	56687	1	0.5	25
	chrVI	56688	1	0.5	25
	chrVI	56694	1	0.5	25
	chrVI	56704	0	0.5	25
	chrVI	56713	1	0.5	25
	chrVI	56737	1	0.5	25
	chrVI	56761	0	0.5	25
	chrVI	56776	1	0.5	25
	chrVI	56800	0	0.5	25
	chrVI	56824	0	0.5	25
	chrVI	56841	1	0.5	25
	chrVI	56870	1	0.5	25
	chrVI	56915	0	0.5	25
	chrVI	56935	0	0.5	25
	chrVI	56946	0	0.5	25
	chrVI	56970	0	1.0	25
	chrVI	56971	1	0.5	25
	chrVI	56980	1	0.5	25
	chrVI	56995	0	0.5	25
	chrVI	56997	1	0.5	25
	chrVI	57012	0	0.5	25
	chrVI	57028	1	0.5	25
	chrVI	57038	1	0.5	25
	chrVI	57046	1	0.5	25
	chrVI	57053	0	0.5	25
	chrVI	57060	0	0.5	25
	chrVI	57069	1	0.5	25
	chrVI	57071	1	0.5	25
	chrVI	57074	0	0.5	25
	chrVI	57153	1	0.5	25
	chrVI	57156	1	0.5	25
	chrVI	57157	0	0.5	25
	chrVI	57162	0	1.0	25
	chrVI	57169	0	0.5	25
	chrVI	57191	0	0.5	25
	chrVI	57199	0	1.0	25
	chrVI	57202	0	0.5	25
	chrVI	57207	0	0.5	25
	chrVI	57224	1	0.5	25
	chrVI	57227	1	0.5	25
	chrVI	57246	0	0.5	25
	chrVI	57255	1	0.5	25
	chrVI	57258	0	0.5	25
	chrVI	57268	0	1.0	25
	chrVI	57268	1	1.0	25
	chrVI	57269	1	0.5	25
	chrVI	57279	0	0.5	25
	chrVI	57298	0	0.5	25
	chrVI	57303	1	0.5	25
	chrVI	57321	1	1.0	25
	chrVI	57325	1	0.5	25
	chrVI	57327	1	0.5	25
	chrVI	57336	1	0.5	25
	chrVI	57340	1	0.5	25
	chrVI	57361	1	0.5	25
	chrVI	57363	0	0.5	25
	chrVI	57396	1	0.5	25
	chrVI	57401	0	0.5	25
	chrVI	57448	1	0.5	25
	chrVI	57460	0	0.5	25
	chrVI	57467	1	0.5	25
	chrVI	57470	1	0.5	25
	chrVI	57492	0	0.5	25
	chrVI	57510	0	0.5	25
	chrVI	57525	0	0.5	25
	chrVI	57528	1	0.5	25
	chrVI	57542	0	0.5	25
	chrVI	57550	0	0.5	25
	chrVI	57557	1	0.5	25
	chrVI	57565	0	0.5	25
	chrVI	57592	1	0.5	25
	chrVI	57603	1	0.5	25
	chrVI	57605	0	0.5	25
	chrVI	57609	1	0.5	25
	chrVI	57614	0	0.5	25
	chrVI	57653	0	0.5	25
	chrVI	57660	1	0.5	25
	chrVI	57665	1	0.5	25
	chrVI	57670	0	0.5	25
	chrVI	57679	0	0.5	25
	chrVI	57700	1	0.5	25
	chrVI	57727	0	1.0	25
	chrVI	57735	1	0.5	25
	chrVI	57751	1	0.5	25
	chrVI	57759	1	0.5	25
	chrVI	57805	0	0.5	25
	chrVI	57814	1	1.0	25
	chrVI	57871	1	0.5	25
	chrVI	57884	0	0.5	25
	chrVI	57889	1	0.5	25
	chrVI	57906	0	0.5	25
	chrVI	57915	0	0.5	25
	chrVI	57920	0	0.5	25
	chrVI	57924	0	0.5	25
	chrVI	57940	0	0.5	25
	chrVI	57941	0	1.0	25
	chrVI	57944	1	0.5	25
	chrVI	57958	1	0.5	25
	chrVI	57991	1	0.5	24
	chrVI	57991	1	1.0	25
	chrVI	57993	1	0.5	25
	chrVI	57995	0	1.0	25
	chrVI	58013	1	0.5	25
	chrVI	58030	0	0.5	25
	chrVI	58032	0	0.5	25
	chrVI	58033	0	0.5	25
	chrVI	58059	0	0.5	25
	chrVI	58061	0	0.5	25
	chrVI	58084	1	0.5	25
	chrVI	58116	1	0.5	25
	chrVI	58127	1	0.5	25
	chrVI	58131	1	1.0	25
	chrVI	58141	1	0.5	25
	chrVI	58154	0	0.5	25
	chrVI	58159	1	1.0	25
	chrVI	58160	0	0.5	25
	chrVI	58161	0	0.5	25
	chrVI	58162	0	1.5	25
	chrVI	58168	0	0.5	25
	chrVI	58173	0	0.5	25
	chrVI	58177	0	1.0	25
	chrVI	58183	1	0.5	25
	chrVI	58216	0	0.5	25
	chrVI	58217	0	0.5	25
	chrVI	58222	1	0.5	25
	chrVI	58223	1	0.5	25
	chrVI	58225	1	1.0	25
	chrVI	58270	0	0.5	25
	chrVI	58286	1	1.0	25
	chrVI	58301	1	0.5	25
	chrVI	58326	0	0.5	25
	chrVI	58329	1	1.5	25
	chrVI	58344	1	0.5	25
	chrVI	58345	0	0.5	25
	chrVI	58353	0	0.5	25
	chrVI	58353	1	0.5	25
	chrVI	58354	0	0.5	25
	chrVI	58357	0	0.5	25
	chrVI	58380	0	0.5	25
	chrVI	58382	0	2.5	25
	chrVI	58410	0	0.5	25
	chrVI	58411	1	0.5	25
	chrVI	58412	1	0.5	25
	chrVI	58414	1	0.5	25
	chrVI	58416	0	1.0	25
	chrVI	58418	1	0.5	25
	chrVI	58431	1	0.5	25
	chrVI	58434	0	0.5	25
	chrVI	58438	1	0.5	25
	chrVI	58445	0	0.5	25
	chrVI	58445	1	0.5	25
	chrVI	58448	1	0.5	25
	chrVI	58453	1	0.5	25
	chrVI	58457	0	0.5	25
	chrVI	58463	0	0.5	25
	chrVI	58466	1	0.5	25
	chrVI	58477	1	0.5	25
	chrVI	58481	1	0.5	25
	chrVI	58498	1	0.5	25
	chrVI	58500	0	0.5	25
	chrVI	58500	1	0.5	25
	chrVI	58502	0	0.5	25
	chrVI	58517	1	0.5	25
	chrVI	58524	0	0.5	25
	chrVI	58524	1	0.5	25
	chrVI	58525	0	0.5	25
	chrVI	58525	1	0.5	25
	chrVI	58528	1	0.5	25
	chrVI	58532	0	0.5	25
	chrVI	58537	0	0.5	25
	chrVI	58565	1	0.5	25
	chrVI	58603	1	0.5	25
	chrVI	58635	0	0.5	25
	chrVI	58658	0	0.5	25
	chrVI	58664	1	0.5	25
	chrVI	58667	0	0.5	25
	chrVI	58691	1	0.5	25
	chrVI	58703	1	0.5	25
	chrVI	58715	1	0.5	25
	chrVI	58737	0	0.5	25
	chrVI	58747	0	0.5	25
	chrVI	58757	1	0.5	25
	chrVI	58765	0	0.5	25
	chrVI	58769	1	0.5	25
	chrVI	58770	0	0.5	25
	chrVI	58791	1	0.5	25
	chrVI	58813	1	0.5	25
	chrVI	58814	0	0.5	25
	chrVI	58837	0	0.5	25
	chrVI	58840	1	0.5	25
	chrVI	58847	1	0.5	25
	chrVI	58858	0	0.5	25
	chrVI	58863	0	1.0	25
	chrVI	58870	0	0.5	25
	chrVI	58873	0	0.5	25
	chrVI	58879	1	0.5	25
	chrVI	58886	1	1.0	25
	chrVI	58915	1	0.5	25
	chrVI	58934	1	1.0	25
	chrVI	58965	1	1.0	25
	chrVI	58984	0	1.0	25
	chrVI	59030	0	0.5	25
	chrVI	59048	0	0.5	25
	chrVI	59053	1	1.0	25
	chrVI	59054	0	0.5	25
	chrVI	59061	1	0.5	25
	chrVI	59062	0	0.5	25
	chrVI	59082	0	0.5	25
	chrVI	59087	0	0.5	25
	chrVI	59099	0	0.5	25
	chrVI	59106	0	1.0	25
	chrVI	59111	1	0.5	25
	chrVI	59132	1	0.5	25
	chrVI	59135	0	1.0	25
	chrVI	59144	0	0.5	25
	chrVI	59154	1	0.5	25
	chrVI	59160	1	0.5	25
	chrVI	59169	1	0.5	25
	chrVI	59175	1	0.5	25
	chrVI	59177	1	0.5	25
	chrVI	59182	0	0.5	25
	chrVI	59183	0	0.5	25
	chrVI	59190	1	0.5	25
	chrVI	59192	1	1.0	25
	chrVI	59211	0	0.5	25
	chrVI	59225	0	0.5	25
	chrVI	59241	1	0.5	25
	chrVI	59245	0	0.5	25
	chrVI	59270	1	0.5	25
	chrVI	59280	1	0.5	25
	chrVI	59281	1	1.0	25
	chrVI	59305	1	0.5	25
	chrVI	59311	0	0.5	25
	chrVI	59323	0	0.5	25
	chrVI	59337	0	0.5	25
	chrVI	59363	1	0.5	25
	chrVI	59392	1	0.5	25
	chrVI	59410	1	0.5	25
	chrVI	59412	0	0.5	25
	chrVI	59429	0	0.5	25
	chrVI	59458	1	0.5	25
	chrVI	59461	0	0.5	25
	chrVI	59466	0	0.5	25
	chrVI	59493	0	0.5	25
	chrVI	59496	0	0.5	25
	chrVI	59503	0	0.5	25
	chrVI	59504	0	0.5	25
	chrVI	59507	1	0.5	25
	chrVI	59510	0	0.5	25
	chrVI	59525	0	0.5	25
	chrVI	59531	0	0.5	25
	chrVI	59536	1	0.5	25
	chrVI	59540	0	0.5	25
	chrVI	59552	1	0.5	25
	chrVI	59561	0	0.5	25
	chrVI	59561	1	0.5	25
	chrVI	59580	0	0.5	25
	chrVI	59581	0	1.0	25
	chrVI	59584	1	0.5	25
	chrVI	59589	0	0.5	25
	chrVI	59589	1	0.5	25
	chrVI	59590	1	1.0	25
	chrVI	59603	1	0.5	25
	chrVI	59605	1	1.0	25
	chrVI	59610	0	0.5	25
	chrVI	59631	1	0.5	25
	chrVI	59634	1	0.5	25
	chrVI	59646	0	0.5	25
	chrVI	59653	1	0.5	25
	chrVI	59657	0	0.5	25
	chrVI	59657	1	1.0	25
	chrVI	59667	0	0.5	25
	chrVI	59693	1	0.5	25
	chrVI	59709	0	0.5	25
	chrVI	59733	1	0.5	25
	chrVI	59744	1	0.5	25
	chrVI	59778	0	0.5	25
	chrVI	59782	0	0.5	25
	chrVI	59791	0	0.5	25
	chrVI	59792	1	0.5	25
	chrVI	59795	1	0.5	25
	chrVI	59819	0	0.5	25
	chrVI	59836	0	1.5	25
	chrVI	59845	1	0.5	25
	chrVI	59883	1	1.0	25
	chrVI	59886	1	0.5	25
	chrVI	59908	0	0.5	25
	chrVI	59913	1	0.5	25
	chrVI	59915	0	0.5	25
	chrVI	59926	0	0.5	25
	chrVI	59929	1	0.5	25
	chrVI	59937	0	0.5	25
	chrVI	59937	1	0.5	25
	chrVI	59939	0	0.5	25
	chrVI	59969	1	0.5	25
	chrVI	59975	0	1.0	25
	chrVI	59979	1	0.5	25
	chrVI	60000	1	0.5	25
	chrVI	60010	1	0.5	25
	chrVI	60011	0	0.5	25
	chrVI	60019	1	0.5	25
	chrVI	60040	0	0.5	25
	chrVI	60053	1	0.5	25
	chrVI	60061	0	0.5	25
	chrVI	60064	0	0.5	25
	chrVI	60089	0	1.0	25
	chrVI	60112	1	0.5	25
	chrVI	60114	1	0.5	25
	chrVI	60124	0	0.5	25
	chrVI	60127	1	1.0	25
	chrVI	60136	1	0.5	25
	chrVI	60153	1	0.5	25
	chrVI	60162	0	0.5	25
	chrVI	60169	1	0.5	25
	chrVI	60175	0	0.5	25
	chrVI	60195	0	0.5	25
	chrVI	60198	0	0.5	25
	chrVI	60214	1	0.5	25
	chrVI	60254	0	0.5	25
	chrVI	60268	0	1.0	25
	chrVI	60292	1	0.5	25
	chrVI	60315	0	0.5	25
	chrVI	60321	0	0.5	25
	chrVI	60329	0	0.5	25
	chrVI	60333	0	0.5	25
	chrVI	60354	1	1.0	25
	chrVI	60356	1	0.5	25
	chrVI	60368	1	0.5	25
	chrVI	60384	1	0.5	25
	chrVI	60386	1	0.5	25
	chrVI	60388	1	0.5	25
	chrVI	60407	0	1.0	25
	chrVI	60410	1	0.5	25
	chrVI	60411	0	0.5	25
	chrVI	60413	0	0.5	25
	chrVI	60434	1	0.5	25
	chrVI	60435	1	0.5	25
	chrVI	60441	0	0.5	25
	chrVI	60450	1	0.5	25
	chrVI	60452	1	0.5	25
	chrVI	60468	1	0.5	25
	chrVI	60472	0	0.5	25
	chrVI	60484	1	0.5	25
	chrVI	60492	0	0.5	25
	chrVI	60496	0	0.5	25
	chrVI	60512	0	0.5	25
	chrVI	60514	0	0.5	25
	chrVI	60518	1	0.5	25
	chrVI	60532	1	1.0	25
	chrVI	60548	1	0.5	25
	chrVI	60564	0	0.5	25
	chrVI	60599	1	0.5	25
	chrVI	60651	1	0.5	25
	chrVI	60661	1	0.5	25
	chrVI	60758	0	1.0	25
	chrVI	60766	0	0.5	25
	chrVI	60813	0	1.0	25
	chrVI	60826	0	0.5	25
	chrVI	60831	1	0.5	25
	chrVI	60854	0	0.5	25
	chrVI	60874	1	1.0	25
	chrVI	60876	0	1.0	25
	chrVI	60887	1	0.5	25
	chrVI	60899	1	0.5	25
	chrVI	60907	0	0.5	25
	chrVI	60926	1	0.5	25
	chrVI	60927	0	0.5	25
	chrVI	60938	0	0.5	25
	chrVI	60946	1	1.0	25
	chrVI	60958	0	0.5	25
	chrVI	60962	0	0.5	25
	chrVI	60966	0	0.5	25
	chrVI	60970	0	0.5	25
	chrVI	60979	1	0.5	25
	chrVI	61008	0	0.5	25
	chrVI	61008	1	1.0	25
	chrVI	61013	0	0.5	25
	chrVI	61015	0	0.5	25
	chrVI	61024	0	0.5	25
	chrVI	61029	0	0.5	25
	chrVI	61035	0	0.5	25
	chrVI	61049	0	0.5	25
	chrVI	61059	1	0.5	25
	chrVI	61066	1	0.5	25
	chrVI	61074	1	0.5	25
	chrVI	61081	1	0.5	25
	chrVI	61088	1	0.5	25
	chrVI	61095	1	1.0	25
	chrVI	61102	0	0.5	25
	chrVI	61106	1	0.5	25
	chrVI	61113	1	1.0	25
	chrVI	61147	0	0.5	25
	chrVI	61155	1	0.5	25
	chrVI	61157	0	0.5	25
	chrVI	61158	0	0.5	25
	chrVI	61169	1	0.5	25
	chrVI	61188	0	1.0	25
	chrVI	61191	0	0.5	25
	chrVI	61200	0	1.0	25
	chrVI	61201	0	0.5	25
	chrVI	61212	1	0.5	25
	chrVI	61220	1	0.5	25
	chrVI	61231	1	0.5	25
	chrVI	61236	1	0.5	25
	chrVI	61248	0	0.5	25
	chrVI	61259	0	0.5	25
	chrVI	61261	1	0.5	25
	chrVI	61270	0	0.5	25
	chrVI	61272	1	1.0	25
	chrVI	61274	1	0.5	25
	chrVI	61296	0	0.5	25
	chrVI	61297	1	1.0	25
	chrVI	61307	1	0.5	25
	chrVI	61311	0	1.0	25
	chrVI	61334	1	0.5	25
	chrVI	61340	1	1.0	25
	chrVI	61351	0	0.5	25
	chrVI	61376	0	0.5	25
	chrVI	61401	0	1.0	25
	chrVI	61408	1	0.5	25
	chrVI	61420	1	0.5	25
	chrVI	61432	1	0.5	25
	chrVI	61470	0	0.5	25
	chrVI	61475	0	0.5	25
	chrVI	61487	0	1.0	25
	chrVI	61487	1	1.0	25
	chrVI	61532	1	0.5	25
	chrVI	61541	1	0.5	25
	chrVI	61550	1	0.5	25
	chrVI	61557	0	0.5	25
	chrVI	61624	1	0.5	25
	chrVI	61642	0	0.5	25
	chrVI	61650	1	1.0	25
	chrVI	61672	0	0.5	25
	chrVI	61697	0	0.5	25
	chrVI	61731	0	0.5	25
	chrVI	61740	1	0.5	25
	chrVI	61749	0	1.0	25
	chrVI	61754	0	0.5	25
	chrVI	61757	0	0.5	25
	chrVI	61771	0	0.5	25
	chrVI	61778	0	0.5	25
	chrVI	61793	1	0.5	25
	chrVI	61796	0	0.5	25
	chrVI	61805	0	0.5	25
	chrVI	61807	1	0.5	25
	chrVI	61827	0	0.5	25
	chrVI	61829	0	0.5	25
	chrVI	61830	1	0.5	25
	chrVI	61833	1	0.5	25
	chrVI	61845	1	0.5	25
	chrVI	61856	0	0.5	25
	chrVI	61860	1	0.5	25
	chrVI	61872	1	0.5	25
	chrVI	61877	1	0.5	25
	chrVI	61879	1	1.0	25
	chrVI	61888	1	0.5	25
	chrVI	61890	1	0.5	25
	chrVI	61917	0	0.5	25
	chrVI	61923	1	0.5	25
	chrVI	61949	1	0.5	25
	chrVI	61990	1	0.5	25
	chrVI	62038	0	0.5	25
	chrVI	62041	0	0.5	25
	chrVI	62050	0	0.5	25
	chrVI	62069	0	0.5	25
	chrVI	62070	0	0.5	25
	chrVI	62099	0	0.5	25
	chrVI	62107	1	0.5	25
	chrVI	62128	1	0.5	25
	chrVI	62140	0	0.5	25
	chrVI	62143	1	0.5	25
	chrVI	62145	1	0.5	25
	chrVI	62195	1	0.5	25
	chrVI	62236	1	0.5	25
	chrVI	62297	0	0.5	25
	chrVI	62321	1	0.5	25
	chrVI	62353	0	0.5	25
	chrVI	62375	0	0.5	25
	chrVI	62384	1	0.5	25
	chrVI	62385	0	0.5	24
	chrVI	62395	0	0.5	25
	chrVI	62444	1	0.5	25
	chrVI	62463	0	0.5	25
	chrVI	62466	1	0.5	25
	chrVI	62469	1	0.5	25
	chrVI	62470	0	0.5	25
	chrVI	62476	0	0.5	25
	chrVI	62481	0	0.5	25
	chrVI	62489	0	0.5	25
	chrVI	62518	1	0.5	25
	chrVI	62538	1	0.5	25
	chrVI	62540	1	0.5	25
	chrVI	62557	1	0.5	25
	chrVI	62568	0	0.5	25
	chrVI	62569	1	0.5	25
	chrVI	62603	0	0.5	25
	chrVI	62643	0	0.5	25
	chrVI	62668	0	0.5	25
	chrVI	62676	0	0.5	25
	chrVI	62678	1	0.5	25
	chrVI	62688	1	0.5	25
	chrVI	62705	0	0.5	25
	chrVI	62713	0	1.0	25
	chrVI	62713	1	0.5	25
	chrVI	62728	1	0.5	25
	chrVI	62760	1	0.5	25
	chrVI	62781	1	0.5	25
	chrVI	62822	0	0.5	25
	chrVI	62823	1	0.5	25
	chrVI	62824	0	0.5	25
	chrVI	62826	0	0.5	25
	chrVI	62881	1	0.5	25
	chrVI	62890	1	1.0	25
	chrVI	62891	1	0.5	25
	chrVI	62911	1	0.5	25
	chrVI	62912	0	1.0	25
	chrVI	62923	0	0.5	25
	chrVI	62956	0	0.5	25
	chrVI	62974	1	0.5	25
	chrVI	63010	0	0.5	25
	chrVI	63011	1	1.0	25
	chrVI	63022	0	0.5	25
	chrVI	63024	0	0.5	25
	chrVI	63024	1	0.5	25
	chrVI	63029	0	0.5	25
	chrVI	63033	0	0.5	25
	chrVI	63048	0	0.5	25
	chrVI	63064	0	0.5	25
	chrVI	63068	0	0.5	25
	chrVI	63068	1	0.5	25
	chrVI	63073	1	0.5	25
	chrVI	63082	1	0.5	25
	chrVI	63083	1	0.5	25
	chrVI	63101	0	0.5	25
	chrVI	63113	1	0.5	25
	chrVI	63127	1	0.5	25
	chrVI	63134	0	0.5	25
	chrVI	63150	1	0.5	25
	chrVI	63168	1	1.0	25
	chrVI	63180	1	0.5	25
	chrVI	63183	0	0.5	25
	chrVI	63256	1	0.5	25
	chrVI	63306	0	0.5	25
	chrVI	63350	0	0.5	25
	chrVI	63365	0	0.5	25
	chrVI	63380	1	0.5	25
	chrVI	63381	0	0.5	25
	chrVI	63387	0	0.5	24
	chrVI	63391	0	0.5	25
	chrVI	63399	0	0.5	25
	chrVI	63410	1	0.5	24
	chrVI	63414	1	0.5	25
	chrVI	63448	1	1.0	25
	chrVI	63450	1	0.5	25
	chrVI	63455	0	0.5	25
	chrVI	63460	1	0.5	25
	chrVI	63504	0	0.5	25
	chrVI	63527	0	0.5	25
	chrVI	63568	0	0.5	25
	chrVI	63575	0	0.5	25
	chrVI	63578	0	0.5	25
	chrVI	63588	1	0.5	25
	chrVI	63602	0	0.5	25
	chrVI	63614	0	0.5	25
	chrVI	63620	0	0.5	25
	chrVI	63622	0	0.5	25
	chrVI	63626	0	0.5	25
	chrVI	63648	1	0.5	25
	chrVI	63652	1	0.5	25
	chrVI	63673	1	0.5	25
	chrVI	63690	1	0.5	25
	chrVI	63700	1	0.5	25
	chrVI	63706	1	0.5	25
	chrVI	63723	1	1.0	25
	chrVI	63727	1	0.5	25
	chrVI	63729	1	0.5	25
	chrVI	63739	0	0.5	25
	chrVI	63742	0	0.5	25
	chrVI	63757	0	0.5	25
	chrVI	63787	0	0.5	25
	chrVI	63805	0	0.5	25
	chrVI	63806	0	0.5	25
	chrVI	63808	1	0.5	25
	chrVI	63814	1	0.5	25
	chrVI	63818	0	0.5	25
	chrVI	63844	1	0.5	25
	chrVI	63862	0	0.5	25
	chrVI	63871	1	0.5	25
	chrVI	63872	1	0.5	25
	chrVI	63873	1	0.5	25
	chrVI	63893	0	0.5	25
	chrVI	63900	0	0.5	25
	chrVI	63917	1	0.5	25
	chrVI	63918	0	0.5	25
	chrVI	63941	1	0.5	25
	chrVI	63952	0	1.0	25
	chrVI	63957	0	0.5	25
	chrVI	63988	0	0.5	25
	chrVI	63995	1	0.5	25
	chrVI	63996	0	0.5	25
	chrVI	64010	0	1.0	25
	chrVI	64017	0	0.5	25
	chrVI	64022	1	1.0	25
	chrVI	64037	1	0.5	25
	chrVI	64048	0	0.5	25
	chrVI	64052	0	0.5	25
	chrVI	64071	1	0.5	25
	chrVI	64073	0	0.5	25
	chrVI	64078	0	0.5	25
	chrVI	64081	1	0.5	25
	chrVI	64082	0	1.0	25
	chrVI	64083	0	1.5	25
	chrVI	64086	1	0.5	25
	chrVI	64088	0	0.5	25
	chrVI	64094	1	0.5	25
	chrVI	64100	0	1.0	25
	chrVI	64101	0	1.0	25
	chrVI	64103	0	2.5	25
	chrVI	64103	1	0.5	25
	chrVI	64111	1	0.5	25
	chrVI	64131	0	0.5	25
	chrVI	64132	1	1.0	25
	chrVI	64133	0	1.0	25
	chrVI	64133	1	0.5	25
	chrVI	64134	0	0.5	25
	chrVI	64139	1	0.5	25
	chrVI	64143	0	0.5	25
	chrVI	64148	1	0.5	25
	chrVI	64149	1	0.5	25
	chrVI	64150	0	0.5	25
	chrVI	64153	1	1.5	25
	chrVI	64154	0	0.5	24
	chrVI	64155	0	0.5	25
	chrVI	64159	1	0.5	25
	chrVI	64161	0	0.5	25
	chrVI	64176	1	0.5	25
	chrVI	64177	1	0.5	25
	chrVI	64178	0	0.5	25
	chrVI	64178	1	0.5	25
	chrVI	64180	1	1.5	25
	chrVI	64181	1	0.5	25
	chrVI	64182	0	0.5	25
	chrVI	64182	1	1.5	25
	chrVI	64195	1	0.5	25
	chrVI	64200	1	0.5	25
	chrVI	64202	1	1.0	25
	chrVI	64207	0	1.0	25
	chrVI	64213	0	0.5	25
	chrVI	64216	1	0.5	25
	chrVI	64222	1	0.5	25
	chrVI	64224	1	0.5	25
	chrVI	64237	0	0.5	25
	chrVI	64248	1	0.5	25
	chrVI	64258	1	0.5	25
	chrVI	64273	0	0.5	25
	chrVI	64274	1	0.5	25
	chrVI	64275	1	0.5	25
	chrVI	64287	1	0.5	25
	chrVI	64302	0	0.5	25
	chrVI	64318	0	0.5	25
	chrVI	64318	1	0.5	25
	chrVI	64321	0	0.5	25
	chrVI	64332	0	0.5	25
	chrVI	64341	1	0.5	25
	chrVI	64356	1	0.5	25
	chrVI	64358	1	0.5	25
	chrVI	64375	0	0.5	25
	chrVI	64379	1	0.5	25
	chrVI	64409	0	0.5	25
	chrVI	64426	1	1.0	25
	chrVI	64462	1	0.5	25
	chrVI	64465	0	0.5	25
	chrVI	64480	1	0.5	25
	chrVI	64481	0	0.5	25
	chrVI	64501	0	0.5	25
	chrVI	64511	0	0.5	25
	chrVI	64515	0	0.5	25
	chrVI	64515	1	0.5	25
	chrVI	64530	0	0.5	25
	chrVI	64531	0	0.5	25
	chrVI	64552	1	0.5	25
	chrVI	64561	1	0.5	25
	chrVI	64562	1	0.5	25
	chrVI	64567	1	0.5	25
	chrVI	64577	1	0.5	25
	chrVI	64581	0	0.5	25
	chrVI	64583	0	0.5	25
	chrVI	64613	1	0.5	25
	chrVI	64622	0	0.5	25
	chrVI	64632	0	0.5	25
	chrVI	64652	1	0.5	25
	chrVI	64664	0	0.5	25
	chrVI	64668	0	0.5	25
	chrVI	64680	0	1.0	25
	chrVI	64684	1	1.0	25
	chrVI	64691	1	0.5	25
	chrVI	64700	1	0.5	25
	chrVI	64722	0	0.5	25
	chrVI	64739	0	1.0	25
	chrVI	64744	1	0.5	25
	chrVI	64752	1	1.0	25
	chrVI	64759	0	0.5	25
	chrVI	64774	0	0.5	25
	chrVI	64780	0	0.5	25
	chrVI	64784	0	0.5	25
	chrVI	64789	1	0.5	25
	chrVI	64800	0	0.5	25
	chrVI	64805	1	0.5	25
	chrVI	64820	0	0.5	25
	chrVI	64828	1	0.5	25
	chrVI	64829	1	0.5	25
	chrVI	64839	1	0.5	25
	chrVI	64842	1	0.5	25
	chrVI	64855	1	0.5	25
	chrVI	64875	0	0.5	25
	chrVI	64878	1	0.5	25
	chrVI	64881	1	0.5	25
	chrVI	64922	0	0.5	25
	chrVI	64942	0	0.5	25
	chrVI	64963	1	0.5	25
	chrVI	64983	0	0.5	25
	chrVI	64995	1	0.5	25
	chrVI	65000	1	0.5	25
	chrVI	65013	0	0.5	25
	chrVI	65045	0	0.5	25
	chrVI	65046	0	1.5	25
	chrVI	65047	1	0.5	25
	chrVI	65048	0	0.5	25
	chrVI	65049	0	0.5	25
	chrVI	65050	0	0.5	25
	chrVI	65051	0	1.0	25
	chrVI	65052	1	0.5	25
	chrVI	65056	0	0.5	25
	chrVI	65060	0	0.5	25
	chrVI	65068	0	0.5	25
	chrVI	65074	0	0.5	25
	chrVI	65081	1	0.5	25
	chrVI	65091	0	0.5	25
	chrVI	65092	1	0.5	25
	chrVI	65093	1	0.5	25
	chrVI	65113	1	0.5	25
	chrVI	65114	1	0.5	25
	chrVI	65124	0	1.0	25
	chrVI	65124	1	0.5	25
	chrVI	65131	0	0.5	25
	chrVI	65132	0	0.5	25
	chrVI	65141	1	0.5	25
	chrVI	65142	1	0.5	25
	chrVI	65149	0	0.5	25
	chrVI	65182	1	0.5	25
	chrVI	65183	1	0.5	25
	chrVI	65185	0	1.5	25
	chrVI	65186	0	0.5	25
	chrVI	65206	1	0.5	25
	chrVI	65208	1	0.5	25
	chrVI	65217	0	0.5	25
	chrVI	65217	1	1.0	25
	chrVI	65223	1	0.5	25
	chrVI	65224	1	0.5	25
	chrVI	65225	1	0.5	25
	chrVI	65227	0	1.5	25
	chrVI	65229	0	0.5	25
	chrVI	65229	1	0.5	25
	chrVI	65230	0	0.5	25
	chrVI	65232	0	0.5	25
	chrVI	65249	1	1.0	25
	chrVI	65252	1	0.5	25
	chrVI	65255	0	0.5	25
	chrVI	65256	1	0.5	25
	chrVI	65264	1	1.0	25
	chrVI	65267	0	0.5	25
	chrVI	65275	1	0.5	25
	chrVI	65281	1	0.5	25
	chrVI	65285	0	0.5	25
	chrVI	65289	1	0.5	25
	chrVI	65305	0	0.5	25
	chrVI	65336	1	0.5	25
	chrVI	65347	1	0.5	25
	chrVI	65352	1	0.5	25
	chrVI	65356	1	0.5	25
	chrVI	65372	0	0.5	25
	chrVI	65394	1	0.5	25
	chrVI	65405	1	0.5	25
	chrVI	65407	0	0.5	25
	chrVI	65412	1	0.5	25
	chrVI	65413	0	0.5	25
	chrVI	65428	1	0.5	25
	chrVI	65430	1	0.5	25
	chrVI	65464	1	0.5	25
	chrVI	65467	0	0.5	25
	chrVI	65471	1	0.5	25
	chrVI	65472	0	0.5	25
	chrVI	65475	0	0.5	25
	chrVI	65547	0	0.5	25
	chrVI	65570	1	0.5	25
	chrVI	65580	0	0.5	25
	chrVI	65586	1	0.5	25
	chrVI	65594	0	0.5	25
	chrVI	65607	1	0.5	25
	chrVI	65615	0	0.5	25
	chrVI	65629	1	0.5	25
	chrVI	65633	0	0.5	25
	chrVI	65673	0	0.5	25
	chrVI	65693	1	0.5	25
	chrVI	65695	1	0.5	25
	chrVI	65730	1	0.5	25
	chrVI	65761	1	0.5	25
	chrVI	65762	1	0.5	25
	chrVI	65842	0	0.5	25
	chrVI	65912	1	0.5	25
	chrVI	65936	0	0.5	25
	chrVI	65964	0	0.5	25
	chrVI	65997	0	0.5	25
	chrVI	66013	0	0.5	25
	chrVI	66019	1	0.5	25
	chrVI	66041	0	0.5	25
	chrVI	66062	1	0.5	25
	chrVI	66063	0	0.5	25
	chrVI	66086	1	0.5	25
	chrVI	66088	1	0.5	25
	chrVI	66096	0	0.5	25
	chrVI	66101	1	0.5	25
	chrVI	66131	1	0.5	25
	chrVI	66141	1	0.5	25
	chrVI	66153	0	0.5	25
	chrVI	66168	0	0.5	25
	chrVI	66181	0	0.5	25
	chrVI	66200	0	0.5	25
	chrVI	66245	1	0.5	25
	chrVI	66257	1	0.5	25
	chrVI	66260	1	0.5	25
	chrVI	66266	0	0.5	25
	chrVI	66292	1	0.5	25
	chrVI	66325	0	0.5	25
	chrVI	66356	1	0.5	25
	chrVI	66370	0	0.5	25
	chrVI	66370	1	0.5	25
	chrVI	66402	0	0.5	25
	chrVI	66424	0	0.5	25
	chrVI	66439	0	0.5	25
	chrVI	66440	1	0.5	25
	chrVI	66453	0	0.5	25
	chrVI	66458	0	0.5	25
	chrVI	66459	1	0.5	25
	chrVI	66475	0	0.5	25
	chrVI	66513	1	0.5	25
	chrVI	66515	1	0.5	25
	chrVI	66537	1	0.5	25
	chrVI	66538	1	0.5	25
	chrVI	66556	1	0.5	25
	chrVI	66621	0	0.5	25
	chrVI	66654	0	0.5	25
	chrVI	66660	0	0.5	25
	chrVI	66698	1	0.5	25
	chrVI	66702	1	0.5	25
	chrVI	66724	1	0.5	25
	chrVI	66768	0	0.5	25
	chrVI	66827	0	0.5	25
	chrVI	66853	0	0.5	25
	chrVI	66859	1	0.5	25
	chrVI	66876	0	0.5	25
	chrVI	66900	1	0.5	25
	chrVI	66912	0	0.5	25
	chrVI	66938	1	0.5	25
	chrVI	66939	1	0.5	25
	chrVI	66942	0	0.5	25
	chrVI	66966	0	0.5	25
	chrVI	66977	0	0.5	25
	chrVI	66984	0	1.0	25
	chrVI	67042	0	0.5	25
	chrVI	67047	0	0.5	25
	chrVI	67047	1	0.5	25
	chrVI	67049	1	0.5	25
	chrVI	67050	1	0.5	25
	chrVI	67090	0	0.5	25
	chrVI	67096	0	0.5	25
	chrVI	67122	1	0.5	25
	chrVI	67137	1	1.0	25
	chrVI	67146	1	1.0	25
	chrVI	67161	0	0.5	25
	chrVI	67173	0	0.5	25
	chrVI	67173	1	0.5	25
	chrVI	67206	0	1.0	25
	chrVI	67207	0	1.5	25
	chrVI	67210	1	0.5	25
	chrVI	67216	0	0.5	25
	chrVI	67252	1	0.5	25
	chrVI	67253	0	0.5	25
	chrVI	67256	1	0.5	25
	chrVI	67266	0	1.0	25
	chrVI	67273	1	0.5	25
	chrVI	67300	1	2.0	25
	chrVI	67354	0	0.5	25
	chrVI	67366	0	0.5	25
	chrVI	67383	1	0.5	25
	chrVI	67404	1	0.5	25
	chrVI	67414	1	0.5	25
	chrVI	67420	1	0.5	25
	chrVI	67428	0	0.5	25
	chrVI	67432	0	0.5	25
	chrVI	67480	1	1.0	25
	chrVI	67504	0	0.5	25
	chrVI	67505	0	0.5	25
	chrVI	67519	1	0.5	25
	chrVI	67521	1	0.5	25
	chrVI	67541	0	1.0	25
	chrVI	67563	0	0.5	25
	chrVI	67593	1	0.5	25
	chrVI	67597	1	0.5	25
	chrVI	67631	1	1.0	25
	chrVI	67638	1	0.5	25
	chrVI	67654	0	0.5	25
	chrVI	67680	0	0.5	25
	chrVI	67704	0	0.5	25
	chrVI	67717	0	0.5	25
	chrVI	67719	0	0.5	25
	chrVI	67724	0	0.5	25
	chrVI	67733	1	0.5	25
	chrVI	67760	0	0.5	25
	chrVI	67764	1	0.5	25
	chrVI	67773	1	0.5	25
	chrVI	67782	1	0.5	25
	chrVI	67783	1	0.5	25
	chrVI	67806	1	0.5	25
	chrVI	67820	0	0.5	25
	chrVI	67824	0	0.5	25
	chrVI	67833	1	0.5	25
	chrVI	67835	0	1.0	25
	chrVI	67857	0	0.5	25
	chrVI	67886	1	0.5	25
	chrVI	67901	1	0.5	25
	chrVI	67921	1	1.0	25
	chrVI	67922	0	0.5	25
	chrVI	67949	1	0.5	25
	chrVI	67955	0	0.5	25
	chrVI	67992	1	0.5	25
	chrVI	67996	0	0.5	25
	chrVI	68017	0	1.0	25
	chrVI	68027	0	0.5	25
	chrVI	68071	0	0.5	25
	chrVI	68075	0	0.5	25
	chrVI	68081	1	0.5	25
	chrVI	68131	0	0.5	25
	chrVI	68140	1	0.5	25
	chrVI	68141	1	0.5	25
	chrVI	68150	1	1.0	25
	chrVI	68206	1	0.5	25
	chrVI	68273	0	1.0	25
	chrVI	68275	0	0.5	25
	chrVI	68302	1	0.5	25
	chrVI	68309	1	0.5	25
	chrVI	68320	0	0.5	25
	chrVI	68323	0	0.5	25
	chrVI	68334	1	0.5	25
	chrVI	68336	0	0.5	25
	chrVI	68343	1	0.5	25
	chrVI	68368	0	0.5	25
	chrVI	68387	0	0.5	25
	chrVI	68401	1	0.5	25
	chrVI	68407	1	0.5	25
	chrVI	68408	1	0.5	25
	chrVI	68437	1	0.5	25
	chrVI	68443	0	0.5	25
	chrVI	68447	0	0.5	25
	chrVI	68452	0	1.0	25
	chrVI	68470	0	0.5	25
	chrVI	68474	1	0.5	25
	chrVI	68484	1	0.5	25
	chrVI	68485	0	0.5	25
	chrVI	68510	0	0.5	25
	chrVI	68514	1	0.5	25
	chrVI	68520	1	0.5	25
	chrVI	68532	1	0.5	25
	chrVI	68537	0	0.5	25
	chrVI	68545	1	1.0	25
	chrVI	68548	0	0.5	25
	chrVI	68558	0	0.5	25
	chrVI	68596	0	0.5	25
	chrVI	68601	1	0.5	25
	chrVI	68612	1	0.5	25
	chrVI	68618	1	0.5	25
	chrVI	68619	1	0.5	25
	chrVI	68623	1	0.5	25
	chrVI	68630	0	0.5	25
	chrVI	68632	0	1.0	25
	chrVI	68660	1	0.5	25
	chrVI	68681	0	0.5	25
	chrVI	68686	0	0.5	25
	chrVI	68704	1	0.5	25
	chrVI	68708	0	1.0	25
	chrVI	68715	0	1.0	25
	chrVI	68719	0	0.5	25
	chrVI	68724	0	0.5	25
	chrVI	68743	0	0.5	25
	chrVI	68751	0	0.5	25
	chrVI	68758	0	0.5	25
	chrVI	68758	1	0.5	25
	chrVI	68772	0	0.5	25
	chrVI	68778	0	0.5	25
	chrVI	68781	1	0.5	25
	chrVI	68782	0	1.0	25
	chrVI	68786	0	1.0	25
	chrVI	68786	1	0.5	25
	chrVI	68792	1	1.0	25
	chrVI	68793	1	0.5	25
	chrVI	68794	1	0.5	25
	chrVI	68795	0	1.5	25
	chrVI	68796	0	2.0	25
	chrVI	68797	0	0.5	25
	chrVI	68812	1	0.5	25
	chrVI	68813	0	0.5	25
	chrVI	68813	1	0.5	25
	chrVI	68814	0	0.5	25
	chrVI	68817	0	0.5	25
	chrVI	68818	0	0.5	25
	chrVI	68820	0	1.0	25
	chrVI	68822	0	0.5	25
	chrVI	68828	1	0.5	25
	chrVI	68829	0	0.5	25
	chrVI	68832	0	0.5	25
	chrVI	68832	1	1.0	25
	chrVI	68835	0	0.5	25
	chrVI	68835	1	0.5	25
	chrVI	68838	0	0.5	25
	chrVI	68842	1	0.5	25
	chrVI	68843	1	0.5	25
	chrVI	68846	0	1.0	25
	chrVI	68847	1	0.5	25
	chrVI	68849	1	1.0	25
	chrVI	68851	0	0.5	25
	chrVI	68855	0	0.5	25
	chrVI	68856	1	1.0	25
	chrVI	68857	1	0.5	25
	chrVI	68858	0	0.5	25
	chrVI	68865	0	0.5	25
	chrVI	68868	0	0.5	25
	chrVI	68872	0	0.5	25
	chrVI	68872	1	0.5	25
	chrVI	68875	1	0.5	25
	chrVI	68876	1	0.5	25
	chrVI	68877	0	0.5	25
	chrVI	68880	0	1.0	25
	chrVI	68881	0	0.5	25
	chrVI	68887	1	0.5	25
	chrVI	68891	1	0.5	25
	chrVI	68892	1	0.5	25
	chrVI	68893	0	0.5	25
	chrVI	68896	1	1.0	25
	chrVI	68899	0	0.5	25
	chrVI	68902	1	0.5	25
	chrVI	68904	1	0.5	25
	chrVI	68906	1	0.5	25
	chrVI	68909	1	0.5	25
	chrVI	68923	0	0.5	25
	chrVI	68923	1	1.0	25
	chrVI	68938	1	1.0	25
	chrVI	68939	1	1.0	25
	chrVI	68940	1	1.5	25
	chrVI	68941	1	1.5	25
	chrVI	68952	1	0.5	25
	chrVI	68953	1	0.5	25
	chrVI	68955	1	0.5	25
	chrVI	68967	0	0.5	25
	chrVI	68970	0	0.5	25
	chrVI	68973	0	1.0	25
	chrVI	68997	1	0.5	25
	chrVI	69004	0	1.5	25
	chrVI	69026	1	0.5	25
	chrVI	69038	1	0.5	25
	chrVI	69043	0	0.5	25
	chrVI	69049	1	1.0	25
	chrVI	69063	0	0.5	25
	chrVI	69070	1	1.5	25
	chrVI	69075	1	0.5	25
	chrVI	69077	1	1.5	25
	chrVI	69082	0	0.5	25
	chrVI	69085	0	0.5	25
	chrVI	69113	0	0.5	25
	chrVI	69140	1	0.5	25
	chrVI	69143	1	0.5	25
	chrVI	69149	0	0.5	25
	chrVI	69149	1	0.5	25
	chrVI	69158	1	0.5	25
	chrVI	69174	0	0.5	25
	chrVI	69176	1	0.5	25
	chrVI	69210	0	0.5	25
	chrVI	69225	1	0.5	25
	chrVI	69229	0	0.5	25
	chrVI	69241	0	0.5	25
	chrVI	69267	0	1.0	25
	chrVI	69289	1	0.5	25
	chrVI	69292	0	1.0	25
	chrVI	69303	1	0.5	25
	chrVI	69306	0	0.5	25
	chrVI	69311	1	0.5	25
	chrVI	69313	1	0.5	25
	chrVI	69324	1	0.5	25
	chrVI	69376	1	0.5	25
	chrVI	69380	0	0.5	25
	chrVI	69395	0	0.5	25
	chrVI	69415	0	0.5	25
	chrVI	69439	1	0.5	25
	chrVI	69441	1	1.0	25
	chrVI	69456	0	0.5	25
	chrVI	69471	0	0.5	25
	chrVI	69477	1	0.5	25
	chrVI	69500	0	0.5	25
	chrVI	69505	1	0.5	25
	chrVI	69516	0	0.5	25
	chrVI	69530	1	0.5	25
	chrVI	69531	0	0.5	25
	chrVI	69542	1	0.5	25
	chrVI	69574	0	0.5	25
	chrVI	69591	1	0.5	25
	chrVI	69598	1	0.5	25
	chrVI	69603	0	1.0	25
	chrVI	69642	1	0.5	25
	chrVI	69670	0	0.5	25
	chrVI	69670	1	1.0	25
	chrVI	69685	0	0.5	25
	chrVI	69728	0	0.5	25
	chrVI	69768	1	0.5	25
	chrVI	69799	1	0.5	25
	chrVI	69804	0	0.5	25
	chrVI	69848	1	0.5	25
	chrVI	69855	1	0.5	25
	chrVI	69885	1	0.5	25
	chrVI	69949	0	0.5	25
	chrVI	69956	0	0.5	25
	chrVI	69972	1	0.5	25
	chrVI	70014	0	0.5	25
	chrVI	70039	0	0.5	25
	chrVI	70059	1	0.5	25
	chrVI	70061	1	0.5	25
	chrVI	70070	0	1.0	25
	chrVI	70116	0	0.5	25
	chrVI	70116	1	0.5	25
	chrVI	70162	0	0.5	25
	chrVI	70163	0	0.5	25
	chrVI	70170	0	0.5	25
	chrVI	70173	0	0.5	25
	chrVI	70200	1	0.5	25
	chrVI	70203	1	0.5	25
	chrVI	70217	0	0.5	25
	chrVI	70246	0	0.5	25
	chrVI	70248	1	0.5	25
	chrVI	70255	0	0.5	25
	chrVI	70273	0	1.0	25
	chrVI	70284	1	0.5	25
	chrVI	70285	1	0.5	25
	chrVI	70308	1	0.5	25
	chrVI	70316	0	0.5	25
	chrVI	70319	1	0.5	25
	chrVI	70329	1	0.5	25
	chrVI	70330	0	0.5	25
	chrVI	70334	1	1.0	25
	chrVI	70341	0	0.5	25
	chrVI	70349	0	0.5	25
	chrVI	70363	1	1.0	25
	chrVI	70386	1	0.5	25
	chrVI	70389	0	0.5	25
	chrVI	70390	1	0.5	25
	chrVI	70393	0	0.5	25
	chrVI	70397	1	0.5	25
	chrVI	70423	1	0.5	25
	chrVI	70424	0	0.5	25
	chrVI	70431	1	0.5	25
	chrVI	70432	1	0.5	25
	chrVI	70457	0	1.0	25
	chrVI	70457	1	0.5	25
	chrVI	70511	1	0.5	25
	chrVI	70513	1	0.5	25
	chrVI	70525	0	0.5	25
	chrVI	70555	0	0.5	25
	chrVI	70604	1	0.5	25
	chrVI	70632	1	0.5	25
	chrVI	70634	0	0.5	25
	chrVI	70636	0	1.0	25
	chrVI	70667	0	0.5	25
	chrVI	70686	1	0.5	25
	chrVI	70693	1	0.5	25
	chrVI	70700	0	1.0	25
	chrVI	70736	1	0.5	25
	chrVI	70747	1	0.5	25
	chrVI	70755	1	0.5	25
	chrVI	70806	0	0.5	25
	chrVI	70808	1	1.0	25
	chrVI	70872	0	0.5	25
	chrVI	70881	0	0.5	25
	chrVI	70883	0	0.5	25
	chrVI	70898	0	0.5	25
	chrVI	70907	0	0.5	25
	chrVI	70909	0	0.5	25
	chrVI	70920	1	0.5	25
	chrVI	70941	1	0.5	25
	chrVI	70943	1	0.5	25
	chrVI	70947	0	0.5	25
	chrVI	70967	1	0.5	25
	chrVI	70969	1	0.5	25
	chrVI	70971	1	0.5	25
	chrVI	70991	1	0.5	25
	chrVI	71010	0	0.5	25
	chrVI	71013	1	0.5	25
	chrVI	71032	0	0.5	25
	chrVI	71050	0	0.5	25
	chrVI	71051	0	0.5	25
	chrVI	71060	0	0.5	25
	chrVI	71063	0	0.5	25
	chrVI	71097	1	0.5	25
	chrVI	71110	1	0.5	25
	chrVI	71124	1	0.5	25
	chrVI	71127	0	0.5	25
	chrVI	71140	1	0.5	25
	chrVI	71156	0	0.5	25
	chrVI	71160	1	0.5	25
	chrVI	71178	1	0.5	25
	chrVI	71221	0	0.5	25
	chrVI	71251	1	0.5	25
	chrVI	71272	0	0.5	25
	chrVI	71306	1	0.5	25
	chrVI	71316	1	0.5	25
	chrVI	71318	0	0.5	25
	chrVI	71323	0	1.0	25
	chrVI	71336	0	1.0	25
	chrVI	71345	1	0.5	25
	chrVI	71367	0	0.5	25
	chrVI	71373	1	0.5	25
	chrVI	71383	1	0.5	25
	chrVI	71389	1	0.5	25
	chrVI	71406	0	0.5	25
	chrVI	71419	1	1.0	25
	chrVI	71425	1	0.5	25
	chrVI	71439	0	0.5	25
	chrVI	71477	0	0.5	25
	chrVI	71487	1	0.5	25
	chrVI	71508	0	0.5	25
	chrVI	71509	1	0.5	25
	chrVI	71528	0	0.5	25
	chrVI	71538	0	0.5	25
	chrVI	71553	1	0.5	25
	chrVI	71558	1	0.5	25
	chrVI	71588	1	0.5	25
	chrVI	71611	1	0.5	25
	chrVI	71735	0	0.5	25
	chrVI	71789	0	0.5	25
	chrVI	71796	1	0.5	25
	chrVI	71824	0	0.5	25
	chrVI	71832	0	1.0	25
	chrVI	71848	0	1.5	25
	chrVI	71859	1	0.5	25
	chrVI	71868	0	0.5	25
	chrVI	71868	1	0.5	25
	chrVI	71876	0	0.5	25
	chrVI	71892	0	0.5	25
	chrVI	71908	1	1.0	25
	chrVI	71944	1	0.5	25
	chrVI	71962	0	0.5	25
	chrVI	71965	0	1.0	25
	chrVI	71971	1	0.5	25
	chrVI	71979	0	0.5	25
	chrVI	72004	1	0.5	25
	chrVI	72019	1	0.5	25
	chrVI	72022	1	0.5	25
	chrVI	72025	0	0.5	25
	chrVI	72029	1	1.5	25
	chrVI	72037	1	0.5	25
	chrVI	72053	1	0.5	25
	chrVI	72067	1	0.5	25
	chrVI	72101	0	0.5	25
	chrVI	72114	0	0.5	25
	chrVI	72126	0	0.5	25
	chrVI	72135	1	0.5	25
	chrVI	72168	0	0.5	25
	chrVI	72185	1	0.5	25
	chrVI	72197	0	0.5	25
	chrVI	72213	0	0.5	25
	chrVI	72232	1	0.5	25
	chrVI	72236	0	1.0	25
	chrVI	72250	0	0.5	25
	chrVI	72250	1	0.5	25
	chrVI	72255	1	0.5	25
	chrVI	72295	0	0.5	25
	chrVI	72312	1	0.5	25
	chrVI	72317	1	1.0	25
	chrVI	72330	1	0.5	25
	chrVI	72341	0	0.5	25
	chrVI	72344	1	0.5	25
	chrVI	72347	0	0.5	25
	chrVI	72352	0	0.5	25
	chrVI	72366	0	0.5	25
	chrVI	72374	0	0.5	25
	chrVI	72376	0	0.5	25
	chrVI	72410	0	0.5	25
	chrVI	72426	0	0.5	25
	chrVI	72434	1	0.5	25
	chrVI	72438	1	0.5	25
	chrVI	72445	1	0.5	25
	chrVI	72456	0	0.5	25
	chrVI	72478	0	0.5	25
	chrVI	72486	1	0.5	25
	chrVI	72487	0	0.5	25
	chrVI	72495	1	0.5	25
	chrVI	72497	1	0.5	25
	chrVI	72500	1	0.5	25
	chrVI	72516	1	0.5	25
	chrVI	72531	0	0.5	25
	chrVI	72547	1	0.5	25
	chrVI	72555	1	0.5	25
	chrVI	72563	0	0.5	25
	chrVI	72578	0	0.5	25
	chrVI	72589	0	0.5	25
	chrVI	72614	1	1.0	25
	chrVI	72620	0	0.5	25
	chrVI	72630	1	0.5	25
	chrVI	72650	0	0.5	25
	chrVI	72656	1	0.5	25
	chrVI	72719	0	0.5	25
	chrVI	72731	1	0.5	25
	chrVI	72763	1	0.5	25
	chrVI	72772	1	0.5	25
	chrVI	72777	0	0.5	25
	chrVI	72789	1	0.5	25
	chrVI	72807	0	0.5	25
	chrVI	72834	1	0.5	25
	chrVI	72855	1	0.5	25
	chrVI	72875	0	0.5	25
	chrVI	72953	1	0.5	25
	chrVI	72960	0	0.5	25
	chrVI	72967	0	0.5	25
	chrVI	73016	0	0.5	25
	chrVI	73055	0	0.5	25
	chrVI	73059	0	0.5	25
	chrVI	73059	1	0.5	25
	chrVI	73072	0	0.5	25
	chrVI	73113	1	0.5	25
	chrVI	73119	1	0.5	25
	chrVI	73124	0	0.5	25
	chrVI	73125	1	0.5	25
	chrVI	73159	0	0.5	25
	chrVI	73167	0	1.5	25
	chrVI	73183	1	0.5	25
	chrVI	73189	1	0.5	25
	chrVI	73203	0	0.5	25
	chrVI	73207	1	0.5	25
	chrVI	73223	0	0.5	25
	chrVI	73225	0	0.5	25
	chrVI	73229	0	0.5	25
	chrVI	73231	0	0.5	25
	chrVI	73236	1	0.5	25
	chrVI	73237	0	0.5	25
	chrVI	73243	0	0.5	25
	chrVI	73249	0	0.5	25
	chrVI	73257	0	0.5	25
	chrVI	73258	1	0.5	25
	chrVI	73278	1	0.5	25
	chrVI	73293	1	0.5	25
	chrVI	73295	1	0.5	25
	chrVI	73302	0	0.5	25
	chrVI	73317	1	1.0	25
	chrVI	73318	1	0.5	25
	chrVI	73321	1	0.5	25
	chrVI	73323	1	1.0	25
	chrVI	73348	1	0.5	25
	chrVI	73349	1	0.5	25
	chrVI	73362	1	0.5	25
	chrVI	73381	0	0.5	25
	chrVI	73436	0	0.5	25
	chrVI	73450	0	0.5	25
	chrVI	73478	0	0.5	25
	chrVI	73487	1	0.5	25
	chrVI	73488	0	0.5	25
	chrVI	73494	0	0.5	25
	chrVI	73515	1	0.5	25
	chrVI	73516	1	0.5	25
	chrVI	73520	1	0.5	25
	chrVI	73525	0	0.5	25
	chrVI	73527	0	0.5	25
	chrVI	73562	1	0.5	25
	chrVI	73599	0	0.5	25
	chrVI	73603	1	0.5	25
	chrVI	73657	0	0.5	25
	chrVI	73668	0	0.5	25
	chrVI	73675	1	0.5	25
	chrVI	73677	1	0.5	25
	chrVI	73678	0	0.5	25
	chrVI	73685	0	0.5	25
	chrVI	73713	1	0.5	25
	chrVI	73747	1	0.5	25
	chrVI	73748	1	0.5	25
	chrVI	73749	0	0.5	25
	chrVI	73790	1	0.5	25
	chrVI	73818	0	1.5	25
	chrVI	73842	1	0.5	25
	chrVI	73843	0	0.5	25
	chrVI	73851	1	0.5	25
	chrVI	73892	1	1.5	25
	chrVI	73903	1	0.5	25
	chrVI	73937	0	0.5	25
	chrVI	74002	1	0.5	25
	chrVI	74092	0	1.0	25
	chrVI	74144	0	0.5	25
	chrVI	74155	0	0.5	25
	chrVI	74186	1	1.0	25
	chrVI	74189	0	0.5	25
	chrVI	74194	0	0.5	25
	chrVI	74201	1	0.5	25
	chrVI	74221	0	0.5	25
	chrVI	74245	1	0.5	25
	chrVI	74261	1	0.5	25
	chrVI	74282	1	0.5	25
	chrVI	74296	1	0.5	25
	chrVI	74310	0	0.5	25
	chrVI	74348	0	0.5	25
	chrVI	74349	0	0.5	25
	chrVI	74351	0	1.0	25
	chrVI	74367	0	0.5	25
	chrVI	74368	1	0.5	25
	chrVI	74411	1	0.5	25
	chrVI	74419	0	0.5	25
	chrVI	74429	1	1.0	25
	chrVI	74432	1	0.5	25
	chrVI	74435	1	0.5	25
	chrVI	74451	0	0.5	25
	chrVI	74465	0	1.0	25
	chrVI	74517	0	1.5	25
	chrVI	74523	1	0.5	25
	chrVI	74528	1	1.0	25
	chrVI	74586	1	0.5	25
	chrVI	74593	1	0.5	25
	chrVI	74595	1	0.5	25
	chrVI	74604	0	1.0	25
	chrVI	74608	1	0.5	25
	chrVI	74618	0	0.5	25
	chrVI	74636	0	0.5	25
	chrVI	74672	0	0.5	25
	chrVI	74675	1	0.5	25
	chrVI	74678	1	0.5	25
	chrVI	74683	0	1.0	25
	chrVI	74699	0	0.5	25
	chrVI	74714	1	1.0	25
	chrVI	74717	1	0.5	25
	chrVI	74718	1	0.5	25
	chrVI	74720	0	0.5	25
	chrVI	74742	1	0.5	25
	chrVI	74747	0	1.0	25
	chrVI	74756	1	0.5	25
	chrVI	74788	0	0.5	25
	chrVI	74795	0	0.5	25
	chrVI	74801	1	0.5	25
	chrVI	74807	0	0.5	25
	chrVI	74828	1	0.5	25
	chrVI	74863	1	0.5	25
	chrVI	74866	1	0.5	25
	chrVI	74873	1	0.5	25
	chrVI	74879	0	0.5	25
	chrVI	74882	0	0.5	25
	chrVI	74930	0	2.0	25
	chrVI	74932	0	0.5	25
	chrVI	74941	0	0.5	25
	chrVI	74948	0	0.5	25
	chrVI	74959	1	0.5	25
	chrVI	74969	0	0.5	25
	chrVI	74979	0	0.5	25
	chrVI	74983	1	0.5	25
	chrVI	74984	0	0.5	25
	chrVI	74989	1	0.5	25
	chrVI	74992	1	0.5	25
	chrVI	74995	1	0.5	25
	chrVI	74999	0	0.5	25
	chrVI	75001	1	1.0	25
	chrVI	75003	0	0.5	25
	chrVI	75005	1	0.5	25
	chrVI	75008	0	0.5	25
	chrVI	75009	0	1.0	25
	chrVI	75039	0	0.5	25
	chrVI	75046	1	0.5	25
	chrVI	75047	1	0.5	25
	chrVI	75054	1	0.5	25
	chrVI	75055	1	0.5	25
	chrVI	75056	0	0.5	25
	chrVI	75061	1	0.5	25
	chrVI	75063	0	0.5	25
	chrVI	75071	0	0.5	25
	chrVI	75079	1	0.5	25
	chrVI	75086	1	0.5	25
	chrVI	75093	1	0.5	25
	chrVI	75094	0	0.5	25
	chrVI	75094	1	0.5	25
	chrVI	75101	0	0.5	25
	chrVI	75113	1	0.5	25
	chrVI	75114	1	0.5	25
	chrVI	75117	1	0.5	25
	chrVI	75126	1	0.5	25
	chrVI	75132	1	0.5	25
	chrVI	75162	1	0.5	25
	chrVI	75180	0	0.5	25
	chrVI	75181	0	0.5	25
	chrVI	75216	1	0.5	25
	chrVI	75283	0	0.5	25
	chrVI	75286	1	0.5	25
	chrVI	75305	0	0.5	25
	chrVI	75307	0	0.5	25
	chrVI	75347	0	0.5	25
	chrVI	75349	1	0.5	25
	chrVI	75362	1	0.5	25
	chrVI	75363	1	0.5	25
	chrVI	75388	1	0.5	25
	chrVI	75411	0	0.5	25
	chrVI	75411	1	0.5	25
	chrVI	75424	0	0.5	25
	chrVI	75432	0	0.5	25
	chrVI	75475	1	0.5	25
	chrVI	75490	0	0.5	25
	chrVI	75505	1	0.5	25
	chrVI	75521	0	0.5	25
	chrVI	75545	0	0.5	25
	chrVI	75554	1	0.5	25
	chrVI	75567	1	0.5	25
	chrVI	75622	0	0.5	25
	chrVI	75624	0	0.5	25
	chrVI	75661	1	0.5	25
	chrVI	75702	1	0.5	25
	chrVI	75726	0	0.5	25
	chrVI	75732	0	0.5	25
	chrVI	75735	0	0.5	25
	chrVI	75745	0	0.5	25
	chrVI	75779	0	1.0	25
	chrVI	75795	1	0.5	25
	chrVI	75812	1	0.5	25
	chrVI	75826	1	0.5	25
	chrVI	75839	1	0.5	25
	chrVI	75840	0	0.5	25
	chrVI	75840	1	0.5	25
	chrVI	75841	1	0.5	25
	chrVI	75847	1	0.5	25
	chrVI	75848	0	0.5	25
	chrVI	75900	0	0.5	25
	chrVI	75903	1	0.5	25
	chrVI	75908	0	0.5	25
	chrVI	75915	1	0.5	25
	chrVI	75927	0	0.5	25
	chrVI	75933	0	0.5	25
	chrVI	75944	0	0.5	25
	chrVI	75950	0	0.5	25
	chrVI	75960	1	0.5	25
	chrVI	75963	0	0.5	25
	chrVI	75963	1	0.5	25
	chrVI	75966	0	0.5	25
	chrVI	75969	0	0.5	25
	chrVI	75974	0	0.5	25
	chrVI	75982	0	0.5	25
	chrVI	75986	1	0.5	25
	chrVI	75991	0	0.5	25
	chrVI	75993	0	0.5	25
	chrVI	75996	1	0.5	25
	chrVI	76000	1	0.5	25
	chrVI	76005	1	0.5	25
	chrVI	76007	1	0.5	25
	chrVI	76011	1	1.0	25
	chrVI	76013	0	0.5	25
	chrVI	76033	1	0.5	25
	chrVI	76037	1	0.5	25
	chrVI	76043	0	0.5	25
	chrVI	76045	1	0.5	25
	chrVI	76057	1	0.5	25
	chrVI	76061	1	0.5	25
	chrVI	76067	0	0.5	25
	chrVI	76068	0	0.5	25
	chrVI	76082	0	0.5	25
	chrVI	76091	0	1.0	25
	chrVI	76092	1	0.5	25
	chrVI	76111	1	0.5	25
	chrVI	76132	0	0.5	25
	chrVI	76132	1	0.5	25
	chrVI	76143	0	0.5	25
	chrVI	76143	1	0.5	25
	chrVI	76160	1	0.5	25
	chrVI	76162	1	1.0	25
	chrVI	76165	1	0.5	25
	chrVI	76171	0	0.5	25
	chrVI	76189	0	1.0	25
	chrVI	76216	1	0.5	25
	chrVI	76219	1	0.5	25
	chrVI	76226	0	1.0	25
	chrVI	76233	1	1.0	25
	chrVI	76234	0	0.5	25
	chrVI	76235	0	1.5	25
	chrVI	76238	0	0.5	25
	chrVI	76243	0	0.5	25
	chrVI	76255	0	0.5	25
	chrVI	76287	0	1.0	25
	chrVI	76290	1	0.5	25
	chrVI	76301	1	0.5	25
	chrVI	76304	1	1.5	25
	chrVI	76310	0	0.5	25
	chrVI	76317	1	0.5	24
	chrVI	76324	1	1.0	25
	chrVI	76336	0	0.5	25
	chrVI	76352	1	1.0	25
	chrVI	76362	1	0.5	25
	chrVI	76363	1	0.5	25
	chrVI	76372	0	0.5	25
	chrVI	76374	0	0.5	25
	chrVI	76381	0	0.5	25
	chrVI	76383	0	1.0	25
	chrVI	76391	1	0.5	25
	chrVI	76398	0	0.5	25
	chrVI	76403	0	0.5	25
	chrVI	76413	1	0.5	25
	chrVI	76425	0	0.5	25
	chrVI	76433	0	0.5	25
	chrVI	76449	1	0.5	25
	chrVI	76456	1	0.5	25
	chrVI	76473	0	0.5	25
	chrVI	76484	1	0.5	25
	chrVI	76492	1	0.5	25
	chrVI	76493	0	0.5	25
	chrVI	76496	0	0.5	25
	chrVI	76496	1	0.5	25
	chrVI	76497	0	0.5	25
	chrVI	76498	0	1.0	25
	chrVI	76498	1	0.5	25
	chrVI	76499	0	1.0	25
	chrVI	76500	0	1.0	25
	chrVI	76511	0	0.5	25
	chrVI	76513	0	0.5	25
	chrVI	76518	0	0.5	25
	chrVI	76518	1	0.5	25
	chrVI	76520	0	1.0	25
	chrVI	76521	0	1.0	25
	chrVI	76528	0	0.5	25
	chrVI	76532	0	0.5	25
	chrVI	76537	0	0.5	25
	chrVI	76543	1	0.5	25
	chrVI	76544	0	0.5	25
	chrVI	76544	1	0.5	25
	chrVI	76548	1	0.5	25
	chrVI	76549	0	0.5	25
	chrVI	76555	1	0.5	25
	chrVI	76560	0	0.5	25
	chrVI	76562	1	0.5	25
	chrVI	76566	1	2.5	25
	chrVI	76567	1	1.5	25
	chrVI	76568	0	0.5	25
	chrVI	76579	1	0.5	25
	chrVI	76580	1	0.5	25
	chrVI	76590	0	0.5	25
	chrVI	76590	1	0.5	25
	chrVI	76592	1	0.5	25
	chrVI	76596	1	0.5	25
	chrVI	76598	1	0.5	25
	chrVI	76605	0	0.5	25
	chrVI	76618	0	0.5	25
	chrVI	76620	1	0.5	25
	chrVI	76630	1	0.5	25
	chrVI	76642	1	0.5	25
	chrVI	76643	0	1.0	25
	chrVI	76650	1	0.5	25
	chrVI	76655	0	0.5	25
	chrVI	76656	1	0.5	25
	chrVI	76673	1	0.5	25
	chrVI	76681	1	1.0	25
	chrVI	76699	0	0.5	25
	chrVI	76707	1	0.5	25
	chrVI	76749	1	0.5	25
	chrVI	76763	1	1.0	25
	chrVI	76769	0	0.5	25
	chrVI	76811	1	0.5	25
	chrVI	76813	0	0.5	25
	chrVI	76820	0	0.5	25
	chrVI	76845	0	0.5	25
	chrVI	76882	0	0.5	25
	chrVI	76902	1	0.5	25
	chrVI	76903	0	0.5	25
	chrVI	76905	0	0.5	25
	chrVI	76908	0	0.5	25
	chrVI	76916	0	0.5	25
	chrVI	76916	1	0.5	25
	chrVI	76946	1	0.5	25
	chrVI	76950	0	1.0	25
	chrVI	76952	1	0.5	25
	chrVI	76961	1	0.5	25
	chrVI	76970	1	0.5	25
	chrVI	76971	1	1.0	25
	chrVI	76972	0	0.5	25
	chrVI	76977	0	0.5	25
	chrVI	76982	0	0.5	25
	chrVI	77001	1	0.5	25
	chrVI	77006	0	0.5	25
	chrVI	77009	1	1.0	25
	chrVI	77048	0	1.0	25
	chrVI	77049	1	0.5	25
	chrVI	77055	1	0.5	25
	chrVI	77077	1	0.5	25
	chrVI	77091	0	0.5	25
	chrVI	77101	1	0.5	25
	chrVI	77134	0	0.5	25
	chrVI	77175	1	0.5	25
	chrVI	77190	0	0.5	25
	chrVI	77202	0	0.5	25
	chrVI	77207	0	0.5	25
	chrVI	77208	0	0.5	25
	chrVI	77224	0	0.5	25
	chrVI	77236	1	0.5	25
	chrVI	77243	1	1.0	25
	chrVI	77271	1	0.5	25
	chrVI	77284	0	0.5	25
	chrVI	77296	1	0.5	25
	chrVI	77299	0	0.5	25
	chrVI	77307	0	0.5	25
	chrVI	77321	0	0.5	25
	chrVI	77332	1	0.5	25
	chrVI	77344	0	0.5	25
	chrVI	77348	1	1.0	25
	chrVI	77352	1	0.5	25
	chrVI	77360	1	0.5	25
	chrVI	77361	0	0.5	25
	chrVI	77377	1	0.5	25
	chrVI	77378	1	0.5	25
	chrVI	77398	0	0.5	25
	chrVI	77426	0	0.5	25
	chrVI	77429	1	0.5	25
	chrVI	77455	0	0.5	25
	chrVI	77473	0	0.5	25
	chrVI	77473	1	0.5	25
	chrVI	77484	0	0.5	25
	chrVI	77491	1	0.5	25
	chrVI	77500	1	0.5	25
	chrVI	77517	1	0.5	25
	chrVI	77532	0	0.5	25
	chrVI	77559	1	0.5	25
	chrVI	77564	0	1.0	25
	chrVI	77617	1	0.5	25
	chrVI	77623	0	0.5	25
	chrVI	77638	0	0.5	25
	chrVI	77642	0	0.5	25
	chrVI	77647	0	1.0	25
	chrVI	77669	1	1.0	25
	chrVI	77708	0	1.0	25
	chrVI	77709	1	0.5	25
	chrVI	77710	0	0.5	25
	chrVI	77711	1	0.5	25
	chrVI	77716	0	0.5	25
	chrVI	77719	0	1.0	25
	chrVI	77725	1	0.5	25
	chrVI	77734	0	1.0	25
	chrVI	77752	0	0.5	25
	chrVI	77792	1	0.5	25
	chrVI	77794	0	1.0	25
	chrVI	77799	0	0.5	25
	chrVI	77812	1	1.5	25
	chrVI	77821	1	0.5	25
	chrVI	77822	1	1.0	25
	chrVI	77825	0	0.5	25
	chrVI	77829	0	0.5	25
	chrVI	77829	1	0.5	25
	chrVI	77830	0	0.5	25
	chrVI	77832	1	0.5	25
	chrVI	77860	0	0.5	25
	chrVI	77862	1	1.0	25
	chrVI	77864	0	0.5	25
	chrVI	77864	1	0.5	25
	chrVI	77866	1	0.5	25
	chrVI	77881	1	0.5	25
	chrVI	77884	1	0.5	25
	chrVI	77886	1	0.5	25
	chrVI	77893	1	0.5	25
	chrVI	77895	0	0.5	25
	chrVI	77900	1	0.5	25
	chrVI	77901	1	0.5	25
	chrVI	77902	0	0.5	25
	chrVI	77931	0	0.5	25
	chrVI	77934	0	0.5	25
	chrVI	77936	0	0.5	25
	chrVI	77950	1	0.5	25
	chrVI	77952	0	0.5	25
	chrVI	77958	0	0.5	25
	chrVI	77969	0	0.5	25
	chrVI	77985	1	0.5	25
	chrVI	77987	0	1.0	25
	chrVI	77991	1	0.5	25
	chrVI	77996	1	0.5	25
	chrVI	77997	1	0.5	25
	chrVI	78004	1	0.5	25
	chrVI	78038	1	0.5	25
	chrVI	78042	0	0.5	25
	chrVI	78043	1	1.0	25
	chrVI	78044	0	0.5	25
	chrVI	78057	0	0.5	25
	chrVI	78073	1	0.5	25
	chrVI	78086	1	0.5	25
	chrVI	78094	1	0.5	25
	chrVI	78101	0	1.5	25
	chrVI	78103	0	0.5	25
	chrVI	78106	0	0.5	25
	chrVI	78107	0	0.5	25
	chrVI	78137	1	0.5	25
	chrVI	78140	0	0.5	25
	chrVI	78168	1	0.5	25
	chrVI	78169	1	1.5	25
	chrVI	78170	0	0.5	25
	chrVI	78188	1	0.5	25
	chrVI	78189	1	0.5	25
	chrVI	78198	1	0.5	25
	chrVI	78208	1	0.5	25
	chrVI	78231	1	0.5	25
	chrVI	78239	0	1.0	25
	chrVI	78303	1	1.0	25
	chrVI	78463	0	0.5	25
	chrVI	78474	0	0.5	25
	chrVI	78525	1	0.5	25
	chrVI	78526	0	0.5	25
	chrVI	78536	1	0.5	25
	chrVI	78552	0	0.5	25
	chrVI	78554	0	0.5	25
	chrVI	78568	0	0.5	25
	chrVI	78621	1	0.5	25
	chrVI	78622	0	0.5	25
	chrVI	78634	0	0.5	25
	chrVI	78636	0	0.5	25
	chrVI	78656	0	0.5	25
	chrVI	78660	1	0.5	25
	chrVI	78663	1	0.5	25
	chrVI	78679	0	0.5	25
	chrVI	78689	0	0.5	25
	chrVI	78690	1	0.5	25
	chrVI	78702	1	0.5	25
	chrVI	78722	0	2.5	25
	chrVI	78723	0	1.5	25
	chrVI	78725	0	0.5	25
	chrVI	78726	0	0.5	25
	chrVI	78734	1	0.5	25
	chrVI	78737	1	0.5	25
	chrVI	78741	0	0.5	25
	chrVI	78752	0	0.5	25
	chrVI	78757	0	0.5	25
	chrVI	78781	1	1.0	25
	chrVI	78782	1	0.5	25
	chrVI	78783	1	0.5	25
	chrVI	78785	0	1.0	25
	chrVI	78790	0	1.0	25
	chrVI	78798	1	0.5	25
	chrVI	78806	0	0.5	25
	chrVI	78823	1	0.5	25
	chrVI	78836	1	0.5	25
	chrVI	78839	0	0.5	25
	chrVI	78839	1	0.5	25
	chrVI	78847	0	0.5	25
	chrVI	78850	0	0.5	25
	chrVI	78851	0	0.5	25
	chrVI	78851	1	0.5	25
	chrVI	78859	0	0.5	25
	chrVI	78867	1	1.5	25
	chrVI	78875	1	1.0	25
	chrVI	78876	1	1.0	25
	chrVI	78879	1	0.5	25
	chrVI	78881	1	0.5	25
	chrVI	78882	0	1.0	25
	chrVI	78887	0	0.5	25
	chrVI	78897	1	0.5	25
	chrVI	78902	1	1.0	25
	chrVI	78904	0	0.5	25
	chrVI	78908	1	1.0	25
	chrVI	78916	1	0.5	25
	chrVI	78920	0	0.5	25
	chrVI	78927	1	0.5	25
	chrVI	78933	1	0.5	25
	chrVI	78938	0	0.5	25
	chrVI	78945	1	0.5	25
	chrVI	78978	0	0.5	25
	chrVI	78984	0	0.5	25
	chrVI	78997	0	0.5	25
	chrVI	79009	1	0.5	25
	chrVI	79011	1	0.5	25
	chrVI	79020	0	0.5	25
	chrVI	79023	0	0.5	25
	chrVI	79034	1	0.5	25
	chrVI	79036	1	0.5	25
	chrVI	79037	1	0.5	25
	chrVI	79041	1	0.5	25
	chrVI	79079	1	0.5	25
	chrVI	79080	1	0.5	25
	chrVI	79082	0	0.5	25
	chrVI	79092	0	1.0	25
	chrVI	79092	1	0.5	25
	chrVI	79114	0	0.5	25
	chrVI	79145	0	0.5	25
	chrVI	79146	1	1.0	25
	chrVI	79162	1	0.5	25
	chrVI	79164	0	1.5	25
	chrVI	79167	0	0.5	25
	chrVI	79180	1	0.5	25
	chrVI	79212	1	0.5	25
	chrVI	79216	0	1.0	25
	chrVI	79217	1	0.5	25
	chrVI	79218	0	1.0	25
	chrVI	79222	1	0.5	25
	chrVI	79244	0	0.5	25
	chrVI	79262	0	0.5	25
	chrVI	79263	0	0.5	25
	chrVI	79265	1	0.5	25
	chrVI	79274	0	0.5	25
	chrVI	79284	1	0.5	25
	chrVI	79291	0	0.5	25
	chrVI	79293	0	0.5	25
	chrVI	79294	1	2.5	25
	chrVI	79311	1	0.5	25
	chrVI	79319	1	0.5	25
	chrVI	79335	0	0.5	25
	chrVI	79340	1	0.5	25
	chrVI	79345	1	0.5	25
	chrVI	79349	0	0.5	25
	chrVI	79352	0	0.5	25
	chrVI	79356	0	0.5	25
	chrVI	79369	0	0.5	25
	chrVI	79372	0	0.5	25
	chrVI	79387	1	0.5	25
	chrVI	79393	0	0.5	25
	chrVI	79402	1	0.5	25
	chrVI	79413	0	1.0	25
	chrVI	79416	0	0.5	25
	chrVI	79423	1	0.5	25
	chrVI	79427	1	1.0	25
	chrVI	79428	1	0.5	25
	chrVI	79439	0	0.5	25
	chrVI	79442	1	0.5	25
	chrVI	79444	1	0.5	25
	chrVI	79477	1	0.5	25
	chrVI	79491	1	0.5	25
	chrVI	79512	0	0.5	25
	chrVI	79547	1	0.5	25
	chrVI	79548	0	0.5	25
	chrVI	79551	0	0.5	25
	chrVI	79565	0	0.5	25
	chrVI	79592	1	1.5	25
	chrVI	79593	0	1.0	25
	chrVI	79612	0	1.5	25
	chrVI	79619	1	0.5	25
	chrVI	79637	0	1.0	25
	chrVI	79638	1	0.5	25
	chrVI	79655	1	0.5	25
	chrVI	79658	1	1.0	25
	chrVI	79687	1	0.5	25
	chrVI	79694	1	1.0	25
	chrVI	79725	0	0.5	25
	chrVI	79726	1	1.0	25
	chrVI	79745	0	0.5	25
	chrVI	79766	0	0.5	25
	chrVI	79774	0	0.5	24
	chrVI	79808	1	0.5	25
	chrVI	79809	0	0.5	25
	chrVI	79832	0	0.5	25
	chrVI	79847	1	0.5	25
	chrVI	79850	1	0.5	25
	chrVI	79883	1	0.5	25
	chrVI	79887	1	0.5	25
	chrVI	79898	0	0.5	25
	chrVI	79932	1	0.5	25
	chrVI	79955	0	0.5	25
	chrVI	79967	0	0.5	25
	chrVI	79979	1	0.5	25
	chrVI	79986	0	0.5	25
	chrVI	79993	0	0.5	25
	chrVI	80018	0	0.5	25
	chrVI	80027	1	0.5	25
	chrVI	80045	1	0.5	25
	chrVI	80048	1	0.5	25
	chrVI	80050	0	0.5	25
	chrVI	80064	0	0.5	25
	chrVI	80097	1	0.5	25
	chrVI	80104	1	0.5	25
	chrVI	80117	0	0.5	25
	chrVI	80118	0	1.0	25
	chrVI	80127	1	0.5	25
	chrVI	80132	0	0.5	25
	chrVI	80137	1	0.5	25
	chrVI	80143	0	0.5	25
	chrVI	80153	0	1.0	25
	chrVI	80174	0	0.5	25
	chrVI	80178	0	0.5	25
	chrVI	80220	1	0.5	25
	chrVI	80223	1	1.0	25
	chrVI	80231	0	0.5	25
	chrVI	80235	0	0.5	25
	chrVI	80243	0	0.5	25
	chrVI	80244	0	1.0	25
	chrVI	80249	0	0.5	25
	chrVI	80264	1	1.0	25
	chrVI	80267	0	1.0	25
	chrVI	80268	0	1.0	25
	chrVI	80269	0	1.0	25
	chrVI	80269	1	0.5	25
	chrVI	80271	0	0.5	25
	chrVI	80272	0	1.0	25
	chrVI	80274	0	0.5	25
	chrVI	80275	0	1.0	25
	chrVI	80285	0	1.5	25
	chrVI	80288	1	0.5	25
	chrVI	80290	0	0.5	25
	chrVI	80292	0	0.5	25
	chrVI	80295	1	0.5	25
	chrVI	80298	1	0.5	25
	chrVI	80299	1	0.5	25
	chrVI	80304	0	0.5	25
	chrVI	80304	1	0.5	25
	chrVI	80305	0	1.5	25
	chrVI	80305	1	0.5	25
	chrVI	80306	0	0.5	25
	chrVI	80308	0	0.5	25
	chrVI	80309	0	0.5	25
	chrVI	80311	0	0.5	25
	chrVI	80320	0	0.5	25
	chrVI	80322	1	0.5	25
	chrVI	80335	1	0.5	25
	chrVI	80336	1	0.5	25
	chrVI	80342	0	0.5	25
	chrVI	80344	1	1.0	25
	chrVI	80345	1	0.5	25
	chrVI	80346	1	0.5	25
	chrVI	80348	0	0.5	25
	chrVI	80349	1	0.5	25
	chrVI	80354	1	0.5	25
	chrVI	80355	1	2.5	25
	chrVI	80357	1	1.0	25
	chrVI	80358	1	0.5	25
	chrVI	80360	1	2.0	25
	chrVI	80365	0	0.5	25
	chrVI	80369	0	0.5	25
	chrVI	80369	1	1.0	25
	chrVI	80370	1	0.5	25
	chrVI	80371	0	0.5	25
	chrVI	80373	1	1.0	25
	chrVI	80374	1	1.0	25
	chrVI	80375	0	0.5	25
	chrVI	80375	1	0.5	25
	chrVI	80401	1	0.5	25
	chrVI	80403	1	0.5	25
	chrVI	80409	1	0.5	25
	chrVI	80410	0	0.5	25
	chrVI	80416	0	1.0	25
	chrVI	80420	0	0.5	25
	chrVI	80424	1	0.5	25
	chrVI	80429	0	0.5	25
	chrVI	80478	1	0.5	25
	chrVI	80486	0	0.5	25
	chrVI	80494	1	0.5	25
	chrVI	80497	1	0.5	25
	chrVI	80515	1	0.5	25
	chrVI	80544	1	0.5	25
	chrVI	80548	1	0.5	25
	chrVI	80556	0	0.5	25
	chrVI	80564	0	0.5	25
	chrVI	80612	0	1.0	25
	chrVI	80615	0	0.5	25
	chrVI	80631	1	0.5	25
	chrVI	80636	1	0.5	25
	chrVI	80655	0	0.5	25
	chrVI	80659	1	0.5	25
	chrVI	80666	0	0.5	25
	chrVI	80673	1	1.0	25
	chrVI	80678	1	0.5	25
	chrVI	80687	0	0.5	25
	chrVI	80720	1	0.5	25
	chrVI	80744	1	0.5	25
	chrVI	80760	0	0.5	25
	chrVI	80764	1	0.5	25
	chrVI	80769	1	0.5	25
	chrVI	80780	0	0.5	25
	chrVI	80787	0	0.5	25
	chrVI	80802	0	0.5	25
	chrVI	80811	1	0.5	25
	chrVI	80821	0	0.5	25
	chrVI	80849	0	0.5	25
	chrVI	80854	1	0.5	25
	chrVI	80866	0	0.5	25
	chrVI	80874	1	0.5	25
	chrVI	80885	1	0.5	25
	chrVI	80890	0	0.5	25
	chrVI	80895	1	0.5	25
	chrVI	80918	1	0.5	25
	chrVI	80942	1	0.5	25
	chrVI	80973	0	0.5	25
	chrVI	81001	0	0.5	25
	chrVI	81010	1	0.5	25
	chrVI	81031	0	0.5	25
	chrVI	81056	0	0.5	25
	chrVI	81088	0	0.5	25
	chrVI	81088	1	0.5	25
	chrVI	81111	1	0.5	25
	chrVI	81132	1	0.5	25
	chrVI	81138	0	0.5	25
	chrVI	81139	0	1.0	25
	chrVI	81151	1	0.5	25
	chrVI	81163	0	0.5	25
	chrVI	81167	1	0.5	25
	chrVI	81197	1	0.5	25
	chrVI	81214	0	0.5	25
	chrVI	81215	1	0.5	25
	chrVI	81228	1	0.5	25
	chrVI	81242	1	0.5	25
	chrVI	81246	0	0.5	25
	chrVI	81267	0	0.5	25
	chrVI	81271	0	0.5	25
	chrVI	81283	1	0.5	25
	chrVI	81308	1	0.5	25
	chrVI	81323	0	0.5	25
	chrVI	81324	0	0.5	25
	chrVI	81326	0	0.5	25
	chrVI	81328	0	0.5	25
	chrVI	81331	0	0.5	25
	chrVI	81340	1	0.5	25
	chrVI	81342	0	0.5	25
	chrVI	81348	1	0.5	25
	chrVI	81361	0	0.5	25
	chrVI	81390	1	1.0	25
	chrVI	81401	1	0.5	25
	chrVI	81402	0	0.5	25
	chrVI	81417	1	0.5	25
	chrVI	81425	1	0.5	25
	chrVI	81457	1	0.5	25
	chrVI	81458	1	0.5	25
	chrVI	81463	1	0.5	25
	chrVI	81468	0	0.5	25
	chrVI	81471	0	0.5	25
	chrVI	81530	1	0.5	25
	chrVI	81541	1	0.5	25
	chrVI	81585	0	1.0	25
	chrVI	81605	0	0.5	25
	chrVI	81611	0	1.0	25
	chrVI	81625	1	0.5	25
	chrVI	81648	0	0.5	25
	chrVI	81648	1	0.5	25
	chrVI	81668	0	0.5	25
	chrVI	81674	1	0.5	25
	chrVI	81675	0	0.5	25
	chrVI	81691	1	1.0	25
	chrVI	81694	0	0.5	25
	chrVI	81699	1	0.5	25
	chrVI	81722	1	0.5	25
	chrVI	81726	0	1.0	25
	chrVI	81729	0	1.0	25
	chrVI	81772	1	0.5	25
	chrVI	81774	0	0.5	25
	chrVI	81778	0	0.5	25
	chrVI	81784	1	0.5	25
	chrVI	81793	1	0.5	25
	chrVI	81794	1	0.5	25
	chrVI	81806	0	0.5	25
	chrVI	81809	0	0.5	25
	chrVI	81830	0	0.5	25
	chrVI	81833	0	0.5	25
	chrVI	81858	0	1.0	25
	chrVI	81866	1	0.5	25
	chrVI	81875	0	0.5	25
	chrVI	81886	1	1.0	25
	chrVI	81890	1	0.5	25
	chrVI	81895	1	1.0	25
	chrVI	81905	0	0.5	25
	chrVI	81907	0	0.5	25
	chrVI	81915	0	0.5	25
	chrVI	81936	1	0.5	25
	chrVI	81937	0	0.5	25
	chrVI	81938	0	0.5	25
	chrVI	81945	1	1.0	25
	chrVI	81961	0	0.5	25
	chrVI	81962	0	0.5	25
	chrVI	81963	0	0.5	25
	chrVI	81965	1	0.5	25
	chrVI	81971	0	1.0	25
	chrVI	81973	0	0.5	25
	chrVI	81974	0	0.5	25
	chrVI	81975	0	1.0	25
	chrVI	81983	0	0.5	25
	chrVI	81984	0	0.5	25
	chrVI	81985	0	0.5	25
	chrVI	81989	0	1.0	25
	chrVI	81990	0	0.5	25
	chrVI	81992	0	0.5	25
	chrVI	82005	0	0.5	25
	chrVI	82016	1	0.5	25
	chrVI	82018	0	0.5	25
	chrVI	82018	1	0.5	25
	chrVI	82028	1	3.0	25
	chrVI	82032	0	0.5	25
	chrVI	82039	1	0.5	25
	chrVI	82041	1	1.5	25
	chrVI	82042	1	0.5	25
	chrVI	82043	0	0.5	25
	chrVI	82046	1	0.5	25
	chrVI	82048	1	0.5	25
	chrVI	82051	1	0.5	25
	chrVI	82052	0	0.5	25
	chrVI	82071	0	1.0	25
	chrVI	82071	1	0.5	25
	chrVI	82072	1	1.0	25
	chrVI	82079	1	0.5	25
	chrVI	82084	1	0.5	25
	chrVI	82090	1	0.5	25
	chrVI	82096	1	0.5	25
	chrVI	82106	0	0.5	25
	chrVI	82110	1	0.5	25
	chrVI	82163	1	0.5	25
	chrVI	82170	0	0.5	25
	chrVI	82172	1	0.5	25
	chrVI	82175	0	0.5	25
	chrVI	82178	1	0.5	25
	chrVI	82179	0	0.5	25
	chrVI	82197	0	1.0	25
	chrVI	82201	0	0.5	25
	chrVI	82202	0	0.5	25
	chrVI	82223	1	0.5	25
	chrVI	82233	1	0.5	25
	chrVI	82237	0	0.5	25
	chrVI	82251	0	0.5	25
	chrVI	82259	1	1.0	25
	chrVI	82276	1	0.5	25
	chrVI	82286	0	0.5	25
	chrVI	82301	0	0.5	25
	chrVI	82308	1	0.5	25
	chrVI	82309	0	1.5	25
	chrVI	82311	1	0.5	25
	chrVI	82314	0	0.5	25
	chrVI	82321	0	0.5	25
	chrVI	82351	1	1.0	25
	chrVI	82353	0	1.0	25
	chrVI	82354	0	0.5	25
	chrVI	82357	0	1.0	25
	chrVI	82363	1	0.5	25
	chrVI	82364	1	0.5	25
	chrVI	82365	1	0.5	25
	chrVI	82372	1	0.5	25
	chrVI	82379	1	1.0	25
	chrVI	82392	0	0.5	25
	chrVI	82392	1	1.0	25
	chrVI	82404	0	0.5	25
	chrVI	82407	1	0.5	25
	chrVI	82412	1	0.5	25
	chrVI	82413	1	0.5	25
	chrVI	82416	1	0.5	25
	chrVI	82435	0	0.5	25
	chrVI	82443	0	1.0	25
	chrVI	82463	0	0.5	25
	chrVI	82491	0	0.5	25
	chrVI	82505	1	0.5	25
	chrVI	82521	1	1.0	25
	chrVI	82528	0	1.0	25
	chrVI	82533	1	1.0	25
	chrVI	82536	0	0.5	25
	chrVI	82539	0	0.5	25
	chrVI	82541	1	0.5	25
	chrVI	82555	1	0.5	25
	chrVI	82557	0	0.5	25
	chrVI	82564	1	0.5	25
	chrVI	82565	1	1.0	25
	chrVI	82577	0	1.0	25
	chrVI	82578	1	1.0	25
	chrVI	82596	1	0.5	25
	chrVI	82601	1	0.5	25
	chrVI	82616	1	0.5	25
	chrVI	82624	1	1.0	25
	chrVI	82629	0	0.5	25
	chrVI	82645	0	0.5	25
	chrVI	82664	0	0.5	25
	chrVI	82697	1	0.5	25
	chrVI	82707	0	0.5	25
	chrVI	82710	1	0.5	25
	chrVI	82722	1	0.5	25
	chrVI	82757	0	0.5	25
	chrVI	82782	0	0.5	25
	chrVI	82792	1	0.5	25
	chrVI	82822	1	0.5	25
	chrVI	82859	0	0.5	25
	chrVI	82869	0	0.5	25
	chrVI	82874	1	0.5	25
	chrVI	82922	1	0.5	25
	chrVI	82928	0	0.5	25
	chrVI	82963	1	0.5	25
	chrVI	82977	0	0.5	25
	chrVI	83006	0	0.5	25
	chrVI	83035	1	0.5	24
	chrVI	83051	1	0.5	25
	chrVI	83059	1	0.5	25
	chrVI	83065	0	0.5	25
	chrVI	83121	0	0.5	25
	chrVI	83157	0	0.5	25
	chrVI	83161	0	1.0	25
	chrVI	83167	0	0.5	25
	chrVI	83167	1	0.5	25
	chrVI	83200	0	0.5	25
	chrVI	83208	0	0.5	25
	chrVI	83236	1	0.5	25
	chrVI	83237	1	0.5	25
	chrVI	83255	0	0.5	25
	chrVI	83266	1	0.5	25
	chrVI	83278	1	0.5	25
	chrVI	83290	0	0.5	25
	chrVI	83306	1	1.0	25
	chrVI	83329	0	0.5	25
	chrVI	83342	0	0.5	25
	chrVI	83366	0	0.5	25
	chrVI	83366	1	0.5	25
	chrVI	83375	1	1.0	25
	chrVI	83390	1	1.0	25
	chrVI	83430	1	0.5	25
	chrVI	83437	0	0.5	25
	chrVI	83446	0	1.0	25
	chrVI	83452	0	0.5	25
	chrVI	83464	0	0.5	25
	chrVI	83518	1	0.5	25
	chrVI	83545	1	0.5	25
	chrVI	83569	0	0.5	25
	chrVI	83570	0	0.5	25
	chrVI	83602	0	0.5	25
	chrVI	83607	1	0.5	25
	chrVI	83614	0	0.5	25
	chrVI	83621	1	1.0	25
	chrVI	83626	1	0.5	25
	chrVI	83628	1	0.5	25
	chrVI	83677	0	0.5	25
	chrVI	83686	0	0.5	25
	chrVI	83691	1	0.5	25
	chrVI	83693	1	0.5	25
	chrVI	83703	0	0.5	25
	chrVI	83708	0	0.5	25
	chrVI	83745	1	0.5	25
	chrVI	83751	1	0.5	25
	chrVI	83764	1	0.5	25
	chrVI	83788	0	0.5	25
	chrVI	83789	0	0.5	25
	chrVI	83793	1	0.5	25
	chrVI	83808	0	0.5	25
	chrVI	83856	0	0.5	25
	chrVI	83856	1	0.5	25
	chrVI	83867	0	0.5	25
	chrVI	83877	0	0.5	25
	chrVI	83894	1	0.5	25
	chrVI	83918	1	0.5	25
	chrVI	83921	0	1.5	25
	chrVI	83933	0	0.5	25
	chrVI	83939	0	0.5	25
	chrVI	83951	0	0.5	25
	chrVI	83953	0	0.5	25
	chrVI	83958	1	0.5	25
	chrVI	83968	0	0.5	25
	chrVI	83979	0	0.5	25
	chrVI	83980	1	0.5	25
	chrVI	84014	1	1.0	25
	chrVI	84016	1	1.5	25
	chrVI	84024	1	0.5	25
	chrVI	84062	0	0.5	25
	chrVI	84071	1	0.5	25
	chrVI	84079	0	0.5	25
	chrVI	84083	0	0.5	25
	chrVI	84093	0	0.5	25
	chrVI	84094	0	0.5	25
	chrVI	84095	0	0.5	25
	chrVI	84108	1	0.5	25
	chrVI	84110	1	0.5	25
	chrVI	84119	1	0.5	25
	chrVI	84124	1	0.5	25
	chrVI	84126	0	0.5	25
	chrVI	84131	0	0.5	25
	chrVI	84134	1	0.5	25
	chrVI	84139	1	0.5	25
	chrVI	84150	0	1.0	25
	chrVI	84176	1	0.5	25
	chrVI	84186	0	0.5	25
	chrVI	84194	1	0.5	25
	chrVI	84218	0	0.5	25
	chrVI	84223	0	0.5	25
	chrVI	84245	0	0.5	25
	chrVI	84248	0	0.5	25
	chrVI	84256	1	0.5	25
	chrVI	84261	1	1.5	25
	chrVI	84263	0	0.5	25
	chrVI	84267	0	0.5	25
	chrVI	84286	0	0.5	25
	chrVI	84293	0	0.5	25
	chrVI	84293	1	0.5	25
	chrVI	84302	0	0.5	25
	chrVI	84309	0	0.5	25
	chrVI	84310	1	0.5	25
	chrVI	84312	0	0.5	25
	chrVI	84323	1	0.5	25
	chrVI	84326	1	0.5	25
	chrVI	84331	0	1.0	25
	chrVI	84341	1	0.5	25
	chrVI	84347	1	0.5	25
	chrVI	84351	1	0.5	25
	chrVI	84358	1	0.5	25
	chrVI	84362	1	0.5	25
	chrVI	84363	1	0.5	25
	chrVI	84364	1	0.5	25
	chrVI	84382	1	0.5	25
	chrVI	84393	1	0.5	25
	chrVI	84411	1	0.5	25
	chrVI	84440	0	0.5	25
	chrVI	84474	0	0.5	25
	chrVI	84484	0	0.5	25
	chrVI	84486	0	0.5	25
	chrVI	84491	0	1.0	25
	chrVI	84492	1	0.5	25
	chrVI	84493	1	0.5	25
	chrVI	84494	0	1.0	25
	chrVI	84498	0	0.5	25
	chrVI	84508	0	0.5	25
	chrVI	84527	1	0.5	25
	chrVI	84531	1	0.5	25
	chrVI	84536	0	0.5	25
	chrVI	84540	1	0.5	25
	chrVI	84565	1	1.5	25
	chrVI	84578	1	0.5	25
	chrVI	84591	1	0.5	25
	chrVI	84594	0	0.5	25
	chrVI	84595	1	0.5	25
	chrVI	84596	0	0.5	25
	chrVI	84612	0	0.5	25
	chrVI	84619	0	0.5	25
	chrVI	84622	0	0.5	25
	chrVI	84623	0	0.5	25
	chrVI	84647	1	0.5	25
	chrVI	84650	1	1.0	25
	chrVI	84665	0	0.5	25
	chrVI	84683	1	0.5	25
	chrVI	84685	0	0.5	25
	chrVI	84688	0	0.5	25
	chrVI	84691	1	0.5	25
	chrVI	84705	1	0.5	25
	chrVI	84731	0	0.5	25
	chrVI	84746	1	0.5	25
	chrVI	84758	1	0.5	25
	chrVI	84759	0	0.5	25
	chrVI	84759	1	0.5	25
	chrVI	84760	0	0.5	25
	chrVI	84767	0	0.5	25
	chrVI	84767	1	0.5	25
	chrVI	84778	0	0.5	25
	chrVI	84788	1	0.5	25
	chrVI	84808	1	0.5	25
	chrVI	84820	1	0.5	25
	chrVI	84848	1	0.5	25
	chrVI	84861	0	0.5	25
	chrVI	84869	1	0.5	25
	chrVI	84939	0	0.5	25
	chrVI	84941	0	0.5	25
	chrVI	84945	0	0.5	25
	chrVI	84947	1	0.5	25
	chrVI	84977	1	0.5	25
	chrVI	84993	0	0.5	25
	chrVI	84999	0	0.5	25
	chrVI	85004	0	0.5	25
	chrVI	85011	0	0.5	25
	chrVI	85017	1	0.5	25
	chrVI	85019	0	0.5	25
	chrVI	85031	0	0.5	25
	chrVI	85061	1	0.5	25
	chrVI	85070	1	1.0	25
	chrVI	85086	0	0.5	25
	chrVI	85100	0	0.5	25
	chrVI	85100	1	0.5	25
	chrVI	85118	1	0.5	25
	chrVI	85126	0	0.5	25
	chrVI	85145	0	0.5	25
	chrVI	85159	0	1.0	25
	chrVI	85160	1	0.5	25
	chrVI	85174	1	0.5	25
	chrVI	85175	0	0.5	25
	chrVI	85177	0	1.0	25
	chrVI	85189	1	0.5	25
	chrVI	85191	1	0.5	25
	chrVI	85194	1	1.0	25
	chrVI	85205	0	0.5	25
	chrVI	85234	1	0.5	25
	chrVI	85235	0	0.5	25
	chrVI	85235	1	1.0	25
	chrVI	85254	1	1.0	25
	chrVI	85258	1	0.5	25
	chrVI	85271	0	0.5	25
	chrVI	85286	0	1.0	25
	chrVI	85326	1	0.5	25
	chrVI	85336	1	0.5	25
	chrVI	85341	0	1.0	25
	chrVI	85349	1	1.0	25
	chrVI	85402	0	0.5	25
	chrVI	85405	0	1.0	25
	chrVI	85433	1	1.0	25
	chrVI	85450	0	1.0	25
	chrVI	85470	0	0.5	25
	chrVI	85477	1	0.5	25
	chrVI	85484	0	0.5	25
	chrVI	85519	1	1.0	25
	chrVI	85532	0	0.5	25
	chrVI	85534	1	0.5	25
	chrVI	85551	0	0.5	25
	chrVI	85557	0	0.5	25
	chrVI	85568	1	1.0	25
	chrVI	85572	0	0.5	25
	chrVI	85579	0	0.5	25
	chrVI	85582	0	0.5	25
	chrVI	85594	0	0.5	25
	chrVI	85595	0	0.5	25
	chrVI	85596	1	0.5	25
	chrVI	85620	1	0.5	25
	chrVI	85633	1	0.5	25
	chrVI	85641	1	0.5	25
	chrVI	85645	1	1.5	25
	chrVI	85666	1	0.5	25
	chrVI	85677	0	0.5	25
	chrVI	85687	0	0.5	25
	chrVI	85745	1	0.5	25
	chrVI	85746	0	0.5	25
	chrVI	85756	0	1.0	25
	chrVI	85777	1	0.5	25
	chrVI	85799	1	0.5	25
	chrVI	85809	1	0.5	25
	chrVI	85811	0	1.0	25
	chrVI	85813	0	0.5	25
	chrVI	85815	1	0.5	25
	chrVI	85863	0	0.5	25
	chrVI	85865	0	0.5	25
	chrVI	85868	1	0.5	25
	chrVI	85869	1	0.5	25
	chrVI	85871	1	1.0	25
	chrVI	85879	0	0.5	25
	chrVI	85895	0	0.5	25
	chrVI	85916	1	0.5	25
	chrVI	85948	0	0.5	25
	chrVI	85956	1	0.5	25
	chrVI	85962	0	0.5	25
	chrVI	85962	1	0.5	25
	chrVI	85963	0	0.5	25
	chrVI	86009	1	0.5	25
	chrVI	86031	1	0.5	25
	chrVI	86033	0	0.5	25
	chrVI	86038	1	0.5	25
	chrVI	86055	0	0.5	25
	chrVI	86060	0	0.5	25
	chrVI	86090	1	0.5	25
	chrVI	86092	1	0.5	25
	chrVI	86096	0	0.5	25
	chrVI	86123	0	0.5	25
	chrVI	86157	1	0.5	25
	chrVI	86161	0	0.5	25
	chrVI	86173	1	0.5	25
	chrVI	86183	0	0.5	25
	chrVI	86202	1	0.5	25
	chrVI	86215	0	0.5	25
	chrVI	86231	1	0.5	25
	chrVI	86232	0	1.0	25
	chrVI	86254	0	0.5	25
	chrVI	86284	1	0.5	25
	chrVI	86293	0	0.5	25
	chrVI	86293	1	0.5	25
	chrVI	86301	1	0.5	25
	chrVI	86310	1	0.5	25
	chrVI	86326	1	0.5	25
	chrVI	86347	0	0.5	25
	chrVI	86370	1	1.0	25
	chrVI	86371	0	0.5	25
	chrVI	86383	0	0.5	25
	chrVI	86413	1	0.5	25
	chrVI	86458	0	0.5	25
	chrVI	86470	0	0.5	25
	chrVI	86487	0	0.5	25
	chrVI	86501	0	0.5	25
	chrVI	86516	0	0.5	25
	chrVI	86547	0	0.5	25
	chrVI	86583	0	0.5	25
	chrVI	86584	1	0.5	25
	chrVI	86597	1	1.0	25
	chrVI	86606	1	0.5	25
	chrVI	86610	0	0.5	25
	chrVI	86627	0	0.5	25
	chrVI	86634	1	0.5	25
	chrVI	86639	0	0.5	25
	chrVI	86640	0	0.5	25
	chrVI	86649	1	0.5	25
	chrVI	86651	1	0.5	25
	chrVI	86670	1	0.5	25
	chrVI	86677	0	0.5	25
	chrVI	86680	0	1.0	25
	chrVI	86688	1	1.5	25
	chrVI	86697	0	0.5	25
	chrVI	86723	1	0.5	25
	chrVI	86738	1	0.5	25
	chrVI	86754	1	0.5	25
	chrVI	86769	0	0.5	25
	chrVI	86790	1	1.0	25
	chrVI	86821	1	0.5	25
	chrVI	86858	0	0.5	25
	chrVI	86860	0	0.5	25
	chrVI	86882	1	0.5	25
	chrVI	86883	0	1.0	25
	chrVI	86904	0	0.5	25
	chrVI	86913	0	0.5	25
	chrVI	86935	1	0.5	25
	chrVI	86939	0	0.5	25
	chrVI	86945	1	0.5	25
	chrVI	86950	1	0.5	25
	chrVI	86967	1	0.5	25
	chrVI	86968	0	0.5	25
	chrVI	86973	0	0.5	25
	chrVI	86985	0	0.5	25
	chrVI	86990	1	0.5	25
	chrVI	86994	0	0.5	25
	chrVI	87003	1	0.5	25
	chrVI	87009	1	0.5	25
	chrVI	87017	0	0.5	25
	chrVI	87027	1	0.5	25
	chrVI	87029	0	0.5	25
	chrVI	87038	1	0.5	25
	chrVI	87047	1	0.5	25
	chrVI	87055	1	0.5	25
	chrVI	87063	0	0.5	25
	chrVI	87081	0	0.5	25
	chrVI	87111	1	0.5	25
	chrVI	87122	1	0.5	25
	chrVI	87127	0	0.5	25
	chrVI	87130	0	0.5	25
	chrVI	87149	0	0.5	24
	chrVI	87168	1	0.5	25
	chrVI	87171	1	0.5	25
	chrVI	87193	0	0.5	25
	chrVI	87193	1	0.5	25
	chrVI	87194	0	1.0	25
	chrVI	87206	0	0.5	25
	chrVI	87213	1	0.5	25
	chrVI	87217	1	0.5	25
	chrVI	87241	0	0.5	25
	chrVI	87303	1	0.5	25
	chrVI	87312	0	0.5	25
	chrVI	87315	1	0.5	25
	chrVI	87322	1	0.5	25
	chrVI	87329	0	0.5	25
	chrVI	87339	0	0.5	25
	chrVI	87344	0	0.5	25
	chrVI	87346	0	0.5	25
	chrVI	87363	0	0.5	25
	chrVI	87365	0	0.5	23
	chrVI	87375	1	0.5	24
	chrVI	87376	0	0.5	25
	chrVI	87377	0	0.5	25
	chrVI	87377	1	0.5	25
	chrVI	87382	0	0.5	25
	chrVI	87389	1	0.5	25
	chrVI	87391	0	0.5	25
	chrVI	87391	1	0.5	25
	chrVI	87392	0	0.5	25
	chrVI	87394	0	0.5	25
	chrVI	87395	0	1.0	25
	chrVI	87396	0	2.5	25
	chrVI	87398	0	0.5	23
	chrVI	87408	1	0.5	25
	chrVI	87418	1	0.5	25
	chrVI	87429	0	0.5	25
	chrVI	87433	1	0.5	25
	chrVI	87435	1	0.5	25
	chrVI	87439	0	0.5	25
	chrVI	87442	1	2.0	25
	chrVI	87443	1	0.5	25
	chrVI	87444	1	0.5	25
	chrVI	87450	1	0.5	25
	chrVI	87453	1	0.5	25
	chrVI	87457	1	0.5	25
	chrVI	87458	0	0.5	25
	chrVI	87459	1	0.5	25
	chrVI	87461	1	0.5	25
	chrVI	87472	1	0.5	25
	chrVI	87486	0	0.5	25
	chrVI	87487	0	0.5	25
	chrVI	87492	1	1.0	25
	chrVI	87493	1	0.5	25
	chrVI	87495	1	0.5	25
	chrVI	87511	0	0.5	25
	chrVI	87516	0	0.5	25
	chrVI	87520	0	0.5	25
	chrVI	87522	0	0.5	25
	chrVI	87546	1	0.5	25
	chrVI	87556	0	0.5	25
	chrVI	87562	0	0.5	25
	chrVI	87569	0	0.5	25
	chrVI	87574	1	0.5	25
	chrVI	87578	1	0.5	25
	chrVI	87582	1	0.5	25
	chrVI	87589	1	0.5	25
	chrVI	87591	1	0.5	25
	chrVI	87612	1	1.0	25
	chrVI	87613	0	0.5	25
	chrVI	87620	0	0.5	25
	chrVI	87625	0	0.5	25
	chrVI	87625	1	1.0	25
	chrVI	87631	0	0.5	25
	chrVI	87634	1	0.5	25
	chrVI	87650	1	0.5	25
	chrVI	87680	0	0.5	25
	chrVI	87687	1	0.5	25
	chrVI	87694	0	0.5	25
	chrVI	87694	1	0.5	25
	chrVI	87701	1	0.5	25
	chrVI	87711	0	0.5	25
	chrVI	87738	1	0.5	25
	chrVI	87768	1	0.5	25
	chrVI	87778	0	0.5	25
	chrVI	87780	0	0.5	25
	chrVI	87780	1	0.5	25
	chrVI	87830	1	0.5	25
	chrVI	87855	1	0.5	25
	chrVI	87874	0	0.5	25
	chrVI	87929	1	0.5	25
	chrVI	87944	0	0.5	25
	chrVI	87946	0	0.5	25
	chrVI	87947	0	0.5	25
	chrVI	87987	1	0.5	25
	chrVI	88011	1	0.5	25
	chrVI	88035	1	0.5	25
	chrVI	88042	0	0.5	25
	chrVI	88096	1	0.5	25
	chrVI	88193	0	0.5	25
	chrVI	88194	0	0.5	25
	chrVI	88228	0	0.5	25
	chrVI	88237	0	0.5	25
	chrVI	88251	1	0.5	25
	chrVI	88263	1	0.5	25
	chrVI	88267	0	0.5	25
	chrVI	88283	1	0.5	25
	chrVI	88309	0	0.5	25
	chrVI	88314	0	0.5	25
	chrVI	88323	0	0.5	25
	chrVI	88326	1	0.5	25
	chrVI	88330	0	0.5	25
	chrVI	88336	1	0.5	25
	chrVI	88368	1	0.5	25
	chrVI	88370	1	0.5	25
	chrVI	88379	1	0.5	25
	chrVI	88406	1	0.5	25
	chrVI	88408	0	0.5	25
	chrVI	88411	0	1.0	25
	chrVI	88434	0	0.5	25
	chrVI	88451	0	0.5	25
	chrVI	88456	1	1.0	25
	chrVI	88459	0	1.0	25
	chrVI	88476	0	0.5	25
	chrVI	88505	1	0.5	25
	chrVI	88523	1	1.0	25
	chrVI	88527	1	0.5	25
	chrVI	88554	1	0.5	25
	chrVI	88573	1	0.5	25
	chrVI	88588	0	0.5	25
	chrVI	88644	1	0.5	25
	chrVI	88684	0	0.5	25
	chrVI	88697	0	1.0	25
	chrVI	88712	0	0.5	25
	chrVI	88742	0	1.0	25
	chrVI	88750	1	1.0	25
	chrVI	88753	1	0.5	25
	chrVI	88760	0	0.5	25
	chrVI	88778	0	0.5	25
	chrVI	88792	0	0.5	25
	chrVI	88794	0	0.5	25
	chrVI	88815	1	1.0	25
	chrVI	88817	1	0.5	25
	chrVI	88818	0	0.5	25
	chrVI	88833	1	0.5	25
	chrVI	88868	0	0.5	25
	chrVI	88888	0	0.5	25
	chrVI	88891	1	0.5	25
	chrVI	88894	0	0.5	25
	chrVI	88913	0	0.5	25
	chrVI	88914	0	0.5	25
	chrVI	88918	1	0.5	25
	chrVI	88921	1	0.5	25
	chrVI	88953	1	1.0	25
	chrVI	88975	1	0.5	25
	chrVI	88981	1	0.5	25
	chrVI	88988	1	0.5	25
	chrVI	88989	1	0.5	25
	chrVI	89000	0	0.5	25
	chrVI	89020	0	1.0	25
	chrVI	89046	0	1.0	25
	chrVI	89066	1	0.5	25
	chrVI	89112	1	0.5	25
	chrVI	89133	0	0.5	25
	chrVI	89139	1	1.0	25
	chrVI	89169	0	0.5	25
	chrVI	89182	0	0.5	25
	chrVI	89195	0	0.5	25
	chrVI	89201	1	0.5	25
	chrVI	89203	0	0.5	25
	chrVI	89242	1	0.5	25
	chrVI	89244	0	0.5	25
	chrVI	89251	1	0.5	25
	chrVI	89259	1	0.5	25
	chrVI	89265	1	0.5	25
	chrVI	89278	0	0.5	25
	chrVI	89301	0	1.0	25
	chrVI	89306	1	0.5	25
	chrVI	89327	1	0.5	25
	chrVI	89359	0	0.5	25
	chrVI	89360	0	0.5	25
	chrVI	89361	0	0.5	25
	chrVI	89361	1	0.5	25
	chrVI	89370	0	0.5	25
	chrVI	89371	0	0.5	25
	chrVI	89421	0	0.5	25
	chrVI	89421	1	0.5	25
	chrVI	89425	1	0.5	25
	chrVI	89429	0	0.5	25
	chrVI	89434	1	0.5	25
	chrVI	89435	0	0.5	25
	chrVI	89440	0	0.5	25
	chrVI	89468	0	0.5	25
	chrVI	89481	0	0.5	25
	chrVI	89486	0	0.5	25
	chrVI	89497	1	0.5	25
	chrVI	89501	0	0.5	25
	chrVI	89502	1	0.5	25
	chrVI	89504	0	0.5	25
	chrVI	89510	0	1.0	25
	chrVI	89510	1	0.5	25
	chrVI	89511	0	0.5	25
	chrVI	89511	1	0.5	25
	chrVI	89512	0	0.5	25
	chrVI	89514	0	0.5	25
	chrVI	89517	0	0.5	25
	chrVI	89521	1	0.5	25
	chrVI	89536	1	0.5	25
	chrVI	89542	1	2.0	25
	chrVI	89555	1	1.0	25
	chrVI	89566	1	0.5	25
	chrVI	89570	1	1.0	25
	chrVI	89573	1	1.0	25
	chrVI	89587	0	0.5	25
	chrVI	89589	1	0.5	25
	chrVI	89604	0	0.5	25
	chrVI	89612	0	0.5	25
	chrVI	89623	0	0.5	25
	chrVI	89644	1	0.5	25
	chrVI	89662	0	0.5	25
	chrVI	89673	1	0.5	25
	chrVI	89687	1	0.5	25
	chrVI	89702	0	0.5	25
	chrVI	89703	0	0.5	25
	chrVI	89708	0	0.5	25
	chrVI	89711	0	0.5	25
	chrVI	89726	1	0.5	25
	chrVI	89728	0	0.5	25
	chrVI	89730	1	0.5	25
	chrVI	89751	1	0.5	25
	chrVI	89752	0	0.5	25
	chrVI	89773	1	1.0	25
	chrVI	89783	0	0.5	25
	chrVI	89787	0	0.5	25
	chrVI	89790	0	0.5	25
	chrVI	89794	1	0.5	25
	chrVI	89800	1	0.5	25
	chrVI	89811	1	0.5	25
	chrVI	89812	1	0.5	25
	chrVI	89832	1	0.5	25
	chrVI	89857	0	0.5	25
	chrVI	89869	0	0.5	25
	chrVI	89884	0	0.5	25
	chrVI	89911	0	0.5	25
	chrVI	89921	0	0.5	25
	chrVI	89921	1	0.5	25
	chrVI	89932	1	0.5	25
	chrVI	89934	1	0.5	25
	chrVI	89938	1	0.5	25
	chrVI	89939	0	0.5	25
	chrVI	89945	1	0.5	25
	chrVI	89947	0	0.5	25
	chrVI	89971	0	0.5	25
	chrVI	89988	1	0.5	25
	chrVI	90000	1	0.5	25
	chrVI	90010	1	0.5	25
	chrVI	90012	1	0.5	25
	chrVI	90017	1	0.5	25
	chrVI	90033	0	0.5	25
	chrVI	90038	0	0.5	25
	chrVI	90097	0	0.5	25
	chrVI	90116	1	0.5	25
	chrVI	90172	1	0.5	25
	chrVI	90199	0	1.0	25
	chrVI	90206	0	0.5	25
	chrVI	90231	0	1.0	25
	chrVI	90234	0	0.5	25
	chrVI	90306	1	0.5	25
	chrVI	90312	0	0.5	25
	chrVI	90313	0	0.5	25
	chrVI	90325	0	0.5	25
	chrVI	90331	1	0.5	25
	chrVI	90366	0	0.5	25
	chrVI	90366	1	0.5	25
	chrVI	90368	0	0.5	25
	chrVI	90371	1	0.5	25
	chrVI	90372	0	0.5	25
	chrVI	90373	0	0.5	25
	chrVI	90373	1	0.5	25
	chrVI	90375	0	0.5	25
	chrVI	90378	0	1.0	25
	chrVI	90385	1	1.0	25
	chrVI	90387	0	0.5	25
	chrVI	90405	0	1.0	25
	chrVI	90412	1	0.5	25
	chrVI	90423	0	0.5	25
	chrVI	90430	1	0.5	25
	chrVI	90432	1	2.5	25
	chrVI	90433	1	0.5	25
	chrVI	90441	1	0.5	25
	chrVI	90442	0	0.5	25
	chrVI	90443	0	0.5	25
	chrVI	90453	0	0.5	25
	chrVI	90476	0	0.5	25
	chrVI	90486	1	0.5	25
	chrVI	90489	1	1.0	25
	chrVI	90522	1	1.5	25
	chrVI	90523	0	0.5	25
	chrVI	90528	0	0.5	25
	chrVI	90540	0	0.5	25
	chrVI	90559	1	0.5	25
	chrVI	90567	1	1.0	25
	chrVI	90568	0	0.5	25
	chrVI	90595	1	0.5	25
	chrVI	90604	0	0.5	25
	chrVI	90605	1	0.5	25
	chrVI	90620	0	0.5	25
	chrVI	90626	1	0.5	25
	chrVI	90662	1	0.5	25
	chrVI	90672	0	0.5	25
	chrVI	90680	0	1.5	25
	chrVI	90681	0	0.5	25
	chrVI	90686	0	0.5	25
	chrVI	90692	0	0.5	25
	chrVI	90696	1	0.5	25
	chrVI	90698	0	0.5	25
	chrVI	90699	0	2.0	25
	chrVI	90699	1	0.5	25
	chrVI	90703	0	0.5	25
	chrVI	90725	0	0.5	25
	chrVI	90749	1	0.5	25
	chrVI	90752	1	0.5	25
	chrVI	90764	1	2.0	25
	chrVI	90770	1	1.0	25
	chrVI	90771	1	1.0	25
	chrVI	90772	1	0.5	25
	chrVI	90795	1	0.5	25
	chrVI	90822	0	0.5	25
	chrVI	90823	0	1.0	25
	chrVI	90833	0	0.5	25
	chrVI	90835	0	0.5	25
	chrVI	90871	1	0.5	25
	chrVI	90877	1	0.5	25
	chrVI	90882	0	1.0	25
	chrVI	90887	1	0.5	25
	chrVI	90906	1	0.5	25
	chrVI	90908	0	0.5	25
	chrVI	90910	0	0.5	25
	chrVI	90914	1	1.0	25
	chrVI	90916	1	0.5	25
	chrVI	90924	0	0.5	25
	chrVI	90932	0	0.5	25
	chrVI	90943	0	0.5	25
	chrVI	90954	1	1.0	25
	chrVI	90996	1	0.5	25
	chrVI	91004	0	0.5	25
	chrVI	91040	0	0.5	25
	chrVI	91056	1	0.5	25
	chrVI	91070	1	0.5	25
	chrVI	91072	1	0.5	25
	chrVI	91076	1	0.5	25
	chrVI	91096	1	0.5	25
	chrVI	91154	1	0.5	25
	chrVI	91190	0	0.5	25
	chrVI	91199	0	0.5	25
	chrVI	91257	1	0.5	25
	chrVI	91268	0	0.5	25
	chrVI	91273	0	0.5	25
	chrVI	91280	0	0.5	25
	chrVI	91315	0	0.5	25
	chrVI	91342	1	0.5	25
	chrVI	91348	1	0.5	25
	chrVI	91357	0	0.5	25
	chrVI	91359	1	0.5	25
	chrVI	91361	0	1.0	25
	chrVI	91361	1	0.5	25
	chrVI	91365	1	0.5	25
	chrVI	91392	0	0.5	25
	chrVI	91394	0	0.5	25
	chrVI	91436	1	1.0	25
	chrVI	91447	1	0.5	25
	chrVI	91469	1	0.5	25
	chrVI	91481	1	0.5	25
	chrVI	91496	0	0.5	25
	chrVI	91542	0	1.0	25
	chrVI	91559	1	0.5	25
	chrVI	91573	0	0.5	25
	chrVI	91584	0	0.5	25
	chrVI	91617	1	1.0	25
	chrVI	91627	1	0.5	25
	chrVI	91632	0	0.5	25
	chrVI	91634	0	0.5	25
	chrVI	91646	0	0.5	25
	chrVI	91665	1	0.5	25
	chrVI	91674	0	0.5	25
	chrVI	91676	0	0.5	25
	chrVI	91693	1	0.5	25
	chrVI	91708	1	0.5	25
	chrVI	91710	1	0.5	25
	chrVI	91720	0	1.0	25
	chrVI	91725	0	0.5	25
	chrVI	91739	1	0.5	25
	chrVI	91758	1	0.5	25
	chrVI	91760	0	0.5	25
	chrVI	91809	1	1.0	25
	chrVI	91824	0	0.5	25
	chrVI	91828	0	0.5	25
	chrVI	91837	1	0.5	25
	chrVI	91869	0	0.5	25
	chrVI	91872	0	0.5	25
	chrVI	91879	0	0.5	25
	chrVI	91905	1	0.5	25
	chrVI	91915	1	0.5	25
	chrVI	91933	1	0.5	25
	chrVI	91945	0	0.5	25
	chrVI	91956	1	0.5	25
	chrVI	91978	0	0.5	25
	chrVI	91980	1	0.5	25
	chrVI	92022	1	0.5	25
	chrVI	92055	0	0.5	25
	chrVI	92058	0	0.5	25
	chrVI	92099	1	0.5	25
	chrVI	92111	1	0.5	25
	chrVI	92117	1	0.5	25
	chrVI	92128	1	0.5	25
	chrVI	92134	0	0.5	25
	chrVI	92163	0	0.5	25
	chrVI	92176	0	0.5	25
	chrVI	92233	1	0.5	25
	chrVI	92236	0	1.0	25
	chrVI	92240	0	0.5	25
	chrVI	92248	0	0.5	25
	chrVI	92262	1	0.5	25
	chrVI	92269	1	0.5	25
	chrVI	92270	0	0.5	25
	chrVI	92271	0	0.5	25
	chrVI	92311	1	1.0	25
	chrVI	92323	0	0.5	25
	chrVI	92323	1	0.5	25
	chrVI	92328	1	0.5	25
	chrVI	92347	1	0.5	25
	chrVI	92403	1	0.5	25
	chrVI	92406	1	0.5	25
	chrVI	92426	0	0.5	25
	chrVI	92471	0	0.5	25
	chrVI	92472	0	1.5	25
	chrVI	92493	1	0.5	25
	chrVI	92500	0	0.5	25
	chrVI	92506	0	0.5	25
	chrVI	92550	1	0.5	25
	chrVI	92553	1	0.5	25
	chrVI	92560	1	0.5	25
	chrVI	92569	0	0.5	25
	chrVI	92591	0	0.5	25
	chrVI	92606	1	0.5	25
	chrVI	92619	1	1.0	25
	chrVI	92622	1	0.5	25
	chrVI	92628	0	0.5	25
	chrVI	92641	0	0.5	25
	chrVI	92644	0	0.5	25
	chrVI	92645	0	0.5	25
	chrVI	92667	0	0.5	25
	chrVI	92681	0	0.5	25
	chrVI	92684	0	0.5	25
	chrVI	92705	1	1.0	25
	chrVI	92715	1	0.5	25
	chrVI	92719	1	0.5	25
	chrVI	92720	0	0.5	25
	chrVI	92721	1	0.5	25
	chrVI	92738	1	0.5	25
	chrVI	92752	1	0.5	25
	chrVI	92764	0	0.5	25
	chrVI	92767	0	0.5	25
	chrVI	92774	1	0.5	25
	chrVI	92810	0	0.5	25
	chrVI	92814	0	0.5	25
	chrVI	92818	1	0.5	25
	chrVI	92825	0	0.5	25
	chrVI	92865	1	1.0	25
	chrVI	92867	0	0.5	25
	chrVI	92868	1	0.5	25
	chrVI	92891	1	0.5	25
	chrVI	92901	1	0.5	25
	chrVI	92913	0	0.5	25
	chrVI	92916	1	0.5	25
	chrVI	92999	1	0.5	25
	chrVI	93023	0	0.5	25
	chrVI	93026	0	0.5	25
	chrVI	93074	1	0.5	25
	chrVI	93076	0	0.5	25
	chrVI	93098	0	1.0	25
	chrVI	93130	1	0.5	25
	chrVI	93139	0	0.5	25
	chrVI	93154	1	0.5	25
	chrVI	93199	1	0.5	25
	chrVI	93200	0	0.5	25
	chrVI	93215	0	0.5	25
	chrVI	93216	0	0.5	25
	chrVI	93261	0	0.5	25
	chrVI	93265	0	0.5	25
	chrVI	93270	0	0.5	25
	chrVI	93296	0	0.5	25
	chrVI	93301	1	0.5	25
	chrVI	93302	0	0.5	25
	chrVI	93312	0	0.5	25
	chrVI	93327	0	0.5	25
	chrVI	93332	0	0.5	25
	chrVI	93333	0	0.5	25
	chrVI	93341	1	1.0	25
	chrVI	93346	1	1.0	25
	chrVI	93368	0	0.5	25
	chrVI	93368	1	0.5	25
	chrVI	93375	0	0.5	25
	chrVI	93377	0	0.5	25
	chrVI	93383	0	0.5	25
	chrVI	93384	1	0.5	25
	chrVI	93387	1	0.5	25
	chrVI	93400	0	0.5	25
	chrVI	93409	1	0.5	25
	chrVI	93418	1	0.5	25
	chrVI	93429	0	0.5	25
	chrVI	93432	0	0.5	25
	chrVI	93441	1	0.5	25
	chrVI	93445	1	0.5	25
	chrVI	93451	1	0.5	25
	chrVI	93453	1	0.5	25
	chrVI	93457	0	0.5	25
	chrVI	93474	1	1.0	25
	chrVI	93475	0	0.5	25
	chrVI	93480	0	0.5	25
	chrVI	93482	1	0.5	25
	chrVI	93484	1	0.5	25
	chrVI	93503	0	0.5	25
	chrVI	93505	1	0.5	25
	chrVI	93513	0	1.0	25
	chrVI	93517	0	0.5	25
	chrVI	93518	1	0.5	25
	chrVI	93547	0	0.5	25
	chrVI	93555	0	0.5	25
	chrVI	93583	0	0.5	25
	chrVI	93592	0	0.5	25
	chrVI	93592	1	0.5	25
	chrVI	93598	1	1.0	25
	chrVI	93608	0	0.5	25
	chrVI	93623	1	0.5	25
	chrVI	93626	1	1.0	25
	chrVI	93629	0	0.5	25
	chrVI	93633	1	0.5	25
	chrVI	93634	1	0.5	25
	chrVI	93648	1	1.0	25
	chrVI	93649	1	0.5	25
	chrVI	93654	0	0.5	25
	chrVI	93655	0	0.5	25
	chrVI	93656	1	0.5	25
	chrVI	93660	1	0.5	25
	chrVI	93670	0	0.5	25
	chrVI	93707	1	0.5	25
	chrVI	93732	1	0.5	25
	chrVI	93733	1	0.5	25
	chrVI	93749	1	0.5	25
	chrVI	93773	0	1.0	25
	chrVI	93818	0	0.5	25
	chrVI	93819	0	0.5	25
	chrVI	93833	1	1.0	25
	chrVI	93841	0	0.5	25
	chrVI	93895	1	0.5	25
	chrVI	93918	1	0.5	25
	chrVI	93952	1	0.5	25
	chrVI	94018	0	0.5	25
	chrVI	94065	0	1.0	25
	chrVI	94111	1	1.0	25
	chrVI	94126	0	0.5	25
	chrVI	94128	1	0.5	25
	chrVI	94233	0	0.5	25
	chrVI	94284	0	1.0	25
	chrVI	94337	0	0.5	25
	chrVI	94342	0	0.5	25
	chrVI	94374	1	0.5	25
	chrVI	94388	1	1.0	25
	chrVI	94397	1	0.5	25
	chrVI	94440	0	0.5	25
	chrVI	94470	1	0.5	25
	chrVI	94472	1	0.5	25
	chrVI	94503	0	1.5	25
	chrVI	94540	0	0.5	25
	chrVI	94583	1	1.0	25
	chrVI	94593	1	0.5	25
	chrVI	94606	1	0.5	25
	chrVI	94609	0	0.5	25
	chrVI	94662	0	0.5	25
	chrVI	94685	1	0.5	25
	chrVI	94698	1	0.5	25
	chrVI	94721	0	0.5	25
	chrVI	94758	1	0.5	25
	chrVI	94770	0	0.5	25
	chrVI	94800	0	0.5	25
	chrVI	94817	0	0.5	25
	chrVI	94855	0	0.5	25
	chrVI	94855	1	0.5	25
	chrVI	94862	1	0.5	25
	chrVI	94870	1	0.5	25
	chrVI	94890	1	0.5	25
	chrVI	94904	0	0.5	25
	chrVI	94924	0	0.5	25
	chrVI	94947	0	0.5	25
	chrVI	94954	1	0.5	25
	chrVI	94963	1	0.5	25
	chrVI	94976	0	0.5	25
	chrVI	95010	1	0.5	25
	chrVI	95011	1	0.5	25
	chrVI	95021	0	0.5	25
	chrVI	95051	1	0.5	25
	chrVI	95080	0	1.0	25
	chrVI	95090	0	0.5	25
	chrVI	95096	1	0.5	25
	chrVI	95100	0	0.5	25
	chrVI	95117	0	0.5	25
	chrVI	95122	0	1.0	25
	chrVI	95123	0	0.5	25
	chrVI	95129	0	0.5	25
	chrVI	95133	0	0.5	25
	chrVI	95136	0	0.5	25
	chrVI	95152	0	0.5	25
	chrVI	95162	1	0.5	25
	chrVI	95166	0	0.5	25
	chrVI	95167	1	1.0	25
	chrVI	95169	1	0.5	24
	chrVI	95170	1	0.5	25
	chrVI	95181	0	0.5	25
	chrVI	95193	0	0.5	25
	chrVI	95195	1	0.5	25
	chrVI	95198	0	0.5	25
	chrVI	95203	1	0.5	25
	chrVI	95205	0	0.5	25
	chrVI	95208	1	0.5	25
	chrVI	95209	0	0.5	25
	chrVI	95212	1	0.5	25
	chrVI	95217	0	0.5	25
	chrVI	95220	0	0.5	25
	chrVI	95221	0	1.0	25
	chrVI	95221	1	0.5	25
	chrVI	95223	0	0.5	25
	chrVI	95228	1	0.5	25
	chrVI	95234	0	1.0	25
	chrVI	95235	1	1.0	25
	chrVI	95251	0	0.5	25
	chrVI	95252	1	0.5	25
	chrVI	95258	1	1.0	25
	chrVI	95270	1	0.5	25
	chrVI	95274	0	0.5	25
	chrVI	95285	1	1.0	25
	chrVI	95288	0	0.5	25
	chrVI	95288	1	1.0	25
	chrVI	95291	0	1.0	25
	chrVI	95292	0	1.0	25
	chrVI	95304	1	0.5	25
	chrVI	95313	0	0.5	25
	chrVI	95313	1	0.5	25
	chrVI	95314	0	1.0	25
	chrVI	95315	1	0.5	25
	chrVI	95316	1	0.5	25
	chrVI	95324	0	0.5	25
	chrVI	95324	1	0.5	25
	chrVI	95344	1	0.5	25
	chrVI	95346	1	1.0	25
	chrVI	95347	1	0.5	25
	chrVI	95348	0	0.5	25
	chrVI	95348	1	0.5	25
	chrVI	95354	0	1.0	25
	chrVI	95357	1	0.5	25
	chrVI	95365	1	0.5	25
	chrVI	95381	0	0.5	25
	chrVI	95409	1	1.0	25
	chrVI	95413	1	0.5	25
	chrVI	95415	1	0.5	25
	chrVI	95420	0	1.0	25
	chrVI	95422	1	0.5	25
	chrVI	95429	1	0.5	25
	chrVI	95437	0	0.5	25
	chrVI	95470	0	0.5	25
	chrVI	95477	0	0.5	25
	chrVI	95487	1	1.0	25
	chrVI	95493	1	0.5	25
	chrVI	95494	1	0.5	25
	chrVI	95502	0	0.5	25
	chrVI	95516	0	0.5	25
	chrVI	95527	0	0.5	25
	chrVI	95535	0	0.5	25
	chrVI	95553	0	0.5	25
	chrVI	95554	0	1.0	25
	chrVI	95556	0	1.0	25
	chrVI	95573	1	0.5	25
	chrVI	95575	1	0.5	25
	chrVI	95577	0	0.5	25
	chrVI	95583	0	0.5	25
	chrVI	95603	1	0.5	25
	chrVI	95604	1	1.0	25
	chrVI	95605	0	0.5	25
	chrVI	95614	0	0.5	25
	chrVI	95624	1	1.5	25
	chrVI	95625	0	1.5	25
	chrVI	95626	1	0.5	25
	chrVI	95627	0	0.5	25
	chrVI	95647	1	0.5	25
	chrVI	95658	0	0.5	25
	chrVI	95660	0	0.5	25
	chrVI	95665	0	0.5	25
	chrVI	95666	1	0.5	25
	chrVI	95673	1	0.5	25
	chrVI	95694	1	0.5	25
	chrVI	95702	1	0.5	25
	chrVI	95727	1	1.5	25
	chrVI	95729	0	1.0	25
	chrVI	95741	0	0.5	25
	chrVI	95751	0	0.5	25
	chrVI	95754	0	0.5	25
	chrVI	95762	0	0.5	25
	chrVI	95772	0	0.5	25
	chrVI	95782	1	0.5	25
	chrVI	95789	1	1.0	25
	chrVI	95790	0	0.5	25
	chrVI	95801	0	0.5	25
	chrVI	95810	1	0.5	25
	chrVI	95818	0	1.0	25
	chrVI	95823	1	0.5	25
	chrVI	95849	0	0.5	25
	chrVI	95857	0	0.5	25
	chrVI	95859	1	0.5	25
	chrVI	95866	0	0.5	25
	chrVI	95873	1	0.5	25
	chrVI	95877	1	0.5	25
	chrVI	95878	1	0.5	25
	chrVI	95879	1	0.5	25
	chrVI	95889	0	0.5	25
	chrVI	95891	0	1.5	25
	chrVI	95892	0	0.5	25
	chrVI	95911	1	0.5	25
	chrVI	95926	1	1.0	25
	chrVI	95927	0	0.5	25
	chrVI	95929	1	0.5	25
	chrVI	95932	0	0.5	25
	chrVI	95932	1	0.5	25
	chrVI	95934	0	1.0	25
	chrVI	95937	0	0.5	25
	chrVI	95938	0	0.5	25
	chrVI	95938	1	0.5	25
	chrVI	95941	0	0.5	25
	chrVI	95959	1	1.5	25
	chrVI	95961	1	0.5	25
	chrVI	95962	0	0.5	25
	chrVI	95962	1	0.5	25
	chrVI	95963	0	0.5	25
	chrVI	95963	1	0.5	25
	chrVI	95967	0	0.5	25
	chrVI	95984	1	0.5	25
	chrVI	96000	1	0.5	25
	chrVI	96021	1	0.5	25
	chrVI	96026	1	1.0	25
	chrVI	96028	1	1.5	25
	chrVI	96029	1	0.5	25
	chrVI	96030	1	0.5	25
	chrVI	96034	0	0.5	25
	chrVI	96045	1	0.5	25
	chrVI	96048	0	0.5	25
	chrVI	96069	1	0.5	25
	chrVI	96082	0	0.5	25
	chrVI	96084	0	0.5	25
	chrVI	96086	0	0.5	25
	chrVI	96092	1	0.5	25
	chrVI	96126	1	0.5	25
	chrVI	96159	1	0.5	25
	chrVI	96163	0	0.5	25
	chrVI	96168	1	0.5	25
	chrVI	96177	0	0.5	25
	chrVI	96188	0	0.5	25
	chrVI	96198	1	0.5	25
	chrVI	96199	0	0.5	25
	chrVI	96203	0	0.5	25
	chrVI	96215	0	0.5	25
	chrVI	96232	1	0.5	25
	chrVI	96259	0	1.0	25
	chrVI	96260	1	0.5	25
	chrVI	96269	0	0.5	25
	chrVI	96271	0	0.5	25
	chrVI	96274	0	0.5	25
	chrVI	96276	0	1.0	25
	chrVI	96279	0	0.5	24
	chrVI	96306	0	0.5	25
	chrVI	96315	0	0.5	25
	chrVI	96315	1	1.5	25
	chrVI	96320	1	0.5	25
	chrVI	96327	1	0.5	25
	chrVI	96335	1	0.5	25
	chrVI	96347	1	0.5	25
	chrVI	96348	1	1.0	25
	chrVI	96351	1	1.0	25
	chrVI	96355	1	0.5	25
	chrVI	96386	1	0.5	25
	chrVI	96398	0	0.5	25
	chrVI	96408	0	0.5	25
	chrVI	96425	0	0.5	25
	chrVI	96427	1	0.5	25
	chrVI	96428	0	0.5	25
	chrVI	96435	0	0.5	25
	chrVI	96439	0	0.5	25
	chrVI	96458	1	0.5	25
	chrVI	96495	1	0.5	25
	chrVI	96507	1	0.5	25
	chrVI	96512	0	0.5	25
	chrVI	96512	1	0.5	25
	chrVI	96513	0	0.5	25
	chrVI	96529	1	0.5	25
	chrVI	96572	1	0.5	25
	chrVI	96575	0	0.5	25
	chrVI	96611	0	0.5	25
	chrVI	96612	1	0.5	25
	chrVI	96616	0	0.5	25
	chrVI	96619	1	0.5	25
	chrVI	96697	1	0.5	25
	chrVI	96698	1	0.5	25
	chrVI	96769	0	1.0	25
	chrVI	96780	0	0.5	25
	chrVI	96794	1	0.5	25
	chrVI	96835	1	0.5	25
	chrVI	96866	1	1.0	25
	chrVI	96890	0	0.5	25
	chrVI	96928	0	0.5	25
	chrVI	96976	1	0.5	25
	chrVI	97021	1	0.5	25
	chrVI	97027	0	0.5	25
	chrVI	97052	0	0.5	25
	chrVI	97099	0	0.5	25
	chrVI	97129	1	0.5	25
	chrVI	97156	1	0.5	25
	chrVI	97170	0	0.5	25
	chrVI	97188	0	0.5	25
	chrVI	97191	0	0.5	25
	chrVI	97201	0	1.0	25
	chrVI	97224	1	0.5	25
	chrVI	97271	0	0.5	25
	chrVI	97316	1	0.5	25
	chrVI	97317	1	1.0	25
	chrVI	97319	0	0.5	25
	chrVI	97336	0	1.0	25
	chrVI	97362	1	0.5	25
	chrVI	97364	1	0.5	25
	chrVI	97400	0	0.5	25
	chrVI	97456	1	0.5	25
	chrVI	97459	0	0.5	25
	chrVI	97497	0	0.5	25
	chrVI	97513	0	0.5	25
	chrVI	97515	0	0.5	25
	chrVI	97526	1	0.5	25
	chrVI	97534	1	0.5	25
	chrVI	97547	1	1.5	25
	chrVI	97549	0	0.5	25
	chrVI	97553	0	0.5	25
	chrVI	97561	0	0.5	25
	chrVI	97578	1	0.5	25
	chrVI	97579	0	0.5	25
	chrVI	97582	1	0.5	25
	chrVI	97585	0	0.5	25
	chrVI	97601	0	0.5	25
	chrVI	97605	1	1.0	25
	chrVI	97606	1	0.5	25
	chrVI	97607	0	0.5	25
	chrVI	97608	1	0.5	25
	chrVI	97632	1	0.5	24
	chrVI	97639	0	1.0	25
	chrVI	97649	1	0.5	25
	chrVI	97672	0	0.5	25
	chrVI	97685	1	0.5	23
	chrVI	97692	0	0.5	25
	chrVI	97710	0	0.5	25
	chrVI	97718	0	0.5	25
	chrVI	97728	0	0.5	25
	chrVI	97742	0	0.5	25
	chrVI	97747	1	0.5	25
	chrVI	97758	1	0.5	25
	chrVI	97759	1	0.5	25
	chrVI	97762	1	0.5	25
	chrVI	97764	1	0.5	25
	chrVI	97778	0	0.5	25
	chrVI	97779	0	0.5	25
	chrVI	97797	1	0.5	25
	chrVI	97804	1	0.5	25
	chrVI	97805	1	0.5	25
	chrVI	97826	0	0.5	25
	chrVI	97828	1	0.5	25
	chrVI	97829	0	0.5	25
	chrVI	97831	0	0.5	25
	chrVI	97853	1	0.5	25
	chrVI	97858	1	0.5	25
	chrVI	97882	0	0.5	25
	chrVI	97901	1	0.5	25
	chrVI	97906	1	0.5	25
	chrVI	97909	1	0.5	25
	chrVI	97914	0	0.5	25
	chrVI	97935	0	0.5	25
	chrVI	97937	0	0.5	25
	chrVI	97952	0	0.5	25
	chrVI	97978	0	0.5	25
	chrVI	97999	0	0.5	25
	chrVI	98005	0	0.5	25
	chrVI	98008	0	0.5	25
	chrVI	98035	0	0.5	25
	chrVI	98063	0	0.5	24
	chrVI	98067	1	0.5	25
	chrVI	98078	0	0.5	25
	chrVI	98082	1	0.5	25
	chrVI	98089	1	0.5	25
	chrVI	98091	1	0.5	25
	chrVI	98111	1	0.5	25
	chrVI	98128	1	1.5	25
	chrVI	98159	1	0.5	25
	chrVI	98164	0	0.5	25
	chrVI	98171	1	0.5	25
	chrVI	98176	1	0.5	25
	chrVI	98185	1	0.5	25
	chrVI	98196	0	0.5	25
	chrVI	98247	1	0.5	25
	chrVI	98269	0	0.5	25
	chrVI	98271	0	0.5	25
	chrVI	98273	0	0.5	25
	chrVI	98325	1	0.5	25
	chrVI	98331	0	0.5	25
	chrVI	98332	1	0.5	25
	chrVI	98348	0	0.5	25
	chrVI	98354	0	0.5	25
	chrVI	98355	0	0.5	25
	chrVI	98364	1	0.5	25
	chrVI	98371	0	1.0	25
	chrVI	98373	0	1.0	25
	chrVI	98376	0	1.0	25
	chrVI	98387	1	0.5	25
	chrVI	98390	1	0.5	25
	chrVI	98396	1	0.5	25
	chrVI	98400	1	0.5	25
	chrVI	98412	0	0.5	25
	chrVI	98414	0	1.5	25
	chrVI	98433	0	0.5	25
	chrVI	98434	1	1.0	25
	chrVI	98441	0	0.5	25
	chrVI	98444	1	0.5	25
	chrVI	98450	1	1.0	25
	chrVI	98453	1	1.0	25
	chrVI	98470	1	1.0	25
	chrVI	98494	1	0.5	25
	chrVI	98497	1	0.5	25
	chrVI	98512	1	0.5	25
	chrVI	98519	0	0.5	25
	chrVI	98521	0	0.5	25
	chrVI	98522	1	0.5	25
	chrVI	98548	0	0.5	25
	chrVI	98553	0	0.5	25
	chrVI	98555	0	0.5	25
	chrVI	98565	1	0.5	25
	chrVI	98573	0	0.5	25
	chrVI	98588	1	0.5	25
	chrVI	98589	0	0.5	25
	chrVI	98609	1	0.5	25
	chrVI	98619	1	0.5	25
	chrVI	98630	0	0.5	25
	chrVI	98652	0	0.5	25
	chrVI	98653	1	0.5	25
	chrVI	98654	1	0.5	25
	chrVI	98672	1	0.5	25
	chrVI	98675	0	1.0	25
	chrVI	98676	0	0.5	25
	chrVI	98685	1	0.5	25
	chrVI	98690	0	0.5	25
	chrVI	98705	1	0.5	25
	chrVI	98714	1	0.5	25
	chrVI	98718	0	0.5	25
	chrVI	98722	0	0.5	25
	chrVI	98724	0	0.5	25
	chrVI	98731	1	0.5	25
	chrVI	98754	1	0.5	25
	chrVI	98756	0	0.5	25
	chrVI	98773	1	0.5	25
	chrVI	98776	1	0.5	25
	chrVI	98781	0	1.0	25
	chrVI	98785	1	0.5	25
	chrVI	98823	0	0.5	25
	chrVI	98825	1	1.0	25
	chrVI	98827	1	0.5	25
	chrVI	98841	0	0.5	25
	chrVI	98842	0	0.5	25
	chrVI	98847	0	0.5	25
	chrVI	98851	0	0.5	25
	chrVI	98857	0	0.5	25
	chrVI	98864	0	0.5	25
	chrVI	98865	0	1.5	25
	chrVI	98866	0	7.0	25
	chrVI	98867	0	0.5	25
	chrVI	98871	0	1.5	25
	chrVI	98877	1	0.5	25
	chrVI	98878	0	0.5	25
	chrVI	98880	0	0.5	25
	chrVI	98894	1	0.5	25
	chrVI	98895	1	0.5	25
	chrVI	98896	0	3.0	25
	chrVI	98904	1	0.5	25
	chrVI	98913	1	0.5	25
	chrVI	98916	0	0.5	25
	chrVI	98919	1	0.5	25
	chrVI	98923	1	0.5	25
	chrVI	98924	1	1.5	25
	chrVI	98928	0	1.0	25
	chrVI	98929	0	0.5	25
	chrVI	98929	1	2.0	25
	chrVI	98933	1	0.5	25
	chrVI	98936	1	2.0	25
	chrVI	98939	1	0.5	25
	chrVI	98943	1	0.5	25
	chrVI	98952	1	2.5	25
	chrVI	98953	1	0.5	25
	chrVI	98958	1	0.5	25
	chrVI	98959	1	2.0	25
	chrVI	98965	1	0.5	25
	chrVI	98966	1	1.0	25
	chrVI	98967	1	1.5	25
	chrVI	98968	1	0.5	25
	chrVI	98970	1	0.5	25
	chrVI	98981	0	0.5	25
	chrVI	98990	0	0.5	25
	chrVI	99017	0	0.5	25
	chrVI	99025	0	0.5	25
	chrVI	99040	1	0.5	25
	chrVI	99042	0	0.5	25
	chrVI	99044	0	0.5	25
	chrVI	99062	0	0.5	25
	chrVI	99062	1	0.5	25
	chrVI	99067	0	0.5	25
	chrVI	99070	0	0.5	25
	chrVI	99074	1	0.5	25
	chrVI	99078	1	0.5	25
	chrVI	99108	1	0.5	25
	chrVI	99109	1	0.5	25
	chrVI	99113	0	0.5	25
	chrVI	99121	0	0.5	25
	chrVI	99121	1	1.0	25
	chrVI	99129	1	0.5	25
	chrVI	99150	1	0.5	25
	chrVI	99170	0	0.5	25
	chrVI	99171	0	1.0	25
	chrVI	99181	0	0.5	25
	chrVI	99186	1	0.5	25
	chrVI	99194	1	0.5	25
	chrVI	99201	0	0.5	25
	chrVI	99226	1	1.0	25
	chrVI	99240	1	0.5	25
	chrVI	99241	0	0.5	25
	chrVI	99248	0	0.5	25
	chrVI	99273	1	0.5	25
	chrVI	99275	0	0.5	25
	chrVI	99283	1	0.5	25
	chrVI	99296	1	0.5	25
	chrVI	99312	1	0.5	25
	chrVI	99345	1	0.5	25
	chrVI	99420	0	0.5	25
	chrVI	99461	0	0.5	25
	chrVI	99468	0	0.5	25
	chrVI	99473	1	0.5	25
	chrVI	99479	0	0.5	25
	chrVI	99497	0	0.5	25
	chrVI	99501	0	0.5	25
	chrVI	99508	1	0.5	25
	chrVI	99528	0	0.5	25
	chrVI	99532	0	0.5	25
	chrVI	99545	0	0.5	25
	chrVI	99562	1	0.5	25
	chrVI	99570	1	0.5	25
	chrVI	99597	1	0.5	25
	chrVI	99629	0	1.0	25
	chrVI	99640	0	0.5	25
	chrVI	99640	1	0.5	25
	chrVI	99653	1	0.5	25
	chrVI	99669	1	0.5	25
	chrVI	99670	0	0.5	25
	chrVI	99697	0	0.5	25
	chrVI	99700	1	0.5	25
	chrVI	99707	0	0.5	25
	chrVI	99715	0	0.5	25
	chrVI	99762	0	0.5	25
	chrVI	99764	1	1.0	25
	chrVI	99768	1	0.5	25
	chrVI	99804	0	0.5	25
	chrVI	99806	1	0.5	25
	chrVI	99810	1	1.0	25
	chrVI	99811	0	0.5	25
	chrVI	99811	1	0.5	25
	chrVI	99849	1	0.5	25
	chrVI	99851	0	0.5	25
	chrVI	99852	0	1.0	25
	chrVI	99908	1	1.0	25
	chrVI	99915	1	0.5	25
	chrVI	99980	0	0.5	25
	chrVI	99999	0	1.0	25
	chrVI	100003	0	0.5	25
	chrVI	100018	0	0.5	25
	chrVI	100023	0	0.5	25
	chrVI	100023	1	0.5	25
	chrVI	100044	1	0.5	25
	chrVI	100049	1	0.5	25
	chrVI	100053	0	0.5	25
	chrVI	100056	1	0.5	25
	chrVI	100067	0	0.5	25
	chrVI	100072	1	0.5	25
	chrVI	100075	1	0.5	25
	chrVI	100110	1	0.5	25
	chrVI	100125	1	0.5	25
	chrVI	100128	1	0.5	25
	chrVI	100139	0	0.5	25
	chrVI	100156	0	0.5	25
	chrVI	100159	1	0.5	25
	chrVI	100169	0	0.5	25
	chrVI	100177	0	0.5	25
	chrVI	100179	1	0.5	25
	chrVI	100184	1	0.5	25
	chrVI	100185	0	0.5	25
	chrVI	100199	0	0.5	25
	chrVI	100232	1	0.5	25
	chrVI	100249	1	0.5	25
	chrVI	100252	0	0.5	25
	chrVI	100265	1	0.5	25
	chrVI	100282	1	0.5	25
	chrVI	100319	1	0.5	25
	chrVI	100376	0	0.5	25
	chrVI	100381	0	0.5	25
	chrVI	100383	0	0.5	25
	chrVI	100408	1	0.5	25
	chrVI	100416	0	0.5	25
	chrVI	100427	0	1.0	25
	chrVI	100438	0	0.5	25
	chrVI	100442	1	0.5	25
	chrVI	100452	0	0.5	25
	chrVI	100457	0	0.5	25
	chrVI	100458	0	0.5	25
	chrVI	100466	1	0.5	25
	chrVI	100473	0	1.0	25
	chrVI	100476	0	0.5	25
	chrVI	100502	1	1.0	25
	chrVI	100511	0	0.5	25
	chrVI	100529	1	0.5	25
	chrVI	100532	1	1.0	25
	chrVI	100533	1	1.0	25
	chrVI	100542	1	0.5	25
	chrVI	100545	0	0.5	25
	chrVI	100552	1	0.5	25
	chrVI	100582	1	0.5	25
	chrVI	100583	0	0.5	25
	chrVI	100614	1	0.5	25
	chrVI	100624	1	0.5	25
	chrVI	100638	0	1.0	25
	chrVI	100644	0	1.0	25
	chrVI	100662	0	0.5	25
	chrVI	100670	0	0.5	25
	chrVI	100679	0	0.5	25
	chrVI	100714	0	0.5	25
	chrVI	100722	1	0.5	25
	chrVI	100723	1	1.0	25
	chrVI	100740	1	0.5	25
	chrVI	100743	0	0.5	25
	chrVI	100766	1	1.0	25
	chrVI	100773	1	0.5	25
	chrVI	100787	0	1.0	25
	chrVI	100811	1	0.5	25
	chrVI	100829	0	0.5	25
	chrVI	100845	1	0.5	25
	chrVI	100846	0	0.5	25
	chrVI	100853	0	0.5	25
	chrVI	100855	0	0.5	25
	chrVI	100879	1	0.5	25
	chrVI	100881	1	1.0	25
	chrVI	100883	0	1.0	25
	chrVI	100902	0	0.5	25
	chrVI	100920	1	0.5	25
	chrVI	100925	0	0.5	25
	chrVI	100944	1	1.0	25
	chrVI	100947	1	0.5	25
	chrVI	100952	0	0.5	25
	chrVI	100997	0	0.5	25
	chrVI	100998	1	0.5	25
	chrVI	101030	1	0.5	25
	chrVI	101043	0	0.5	25
	chrVI	101050	0	0.5	25
	chrVI	101055	0	0.5	25
	chrVI	101104	1	0.5	25
	chrVI	101117	1	0.5	25
	chrVI	101122	0	0.5	25
	chrVI	101133	1	0.5	25
	chrVI	101136	1	0.5	25
	chrVI	101137	1	0.5	25
	chrVI	101139	0	0.5	25
	chrVI	101146	0	0.5	25
	chrVI	101151	1	0.5	25
	chrVI	101164	1	0.5	25
	chrVI	101168	0	0.5	25
	chrVI	101187	0	0.5	25
	chrVI	101226	1	0.5	25
	chrVI	101228	1	0.5	25
	chrVI	101259	0	0.5	25
	chrVI	101263	1	0.5	25
	chrVI	101300	0	0.5	25
	chrVI	101307	1	0.5	25
	chrVI	101308	0	1.5	25
	chrVI	101311	0	0.5	25
	chrVI	101320	1	0.5	25
	chrVI	101321	0	0.5	25
	chrVI	101322	0	0.5	25
	chrVI	101327	0	0.5	25
	chrVI	101334	0	0.5	25
	chrVI	101335	1	0.5	25
	chrVI	101350	0	1.0	25
	chrVI	101358	1	0.5	25
	chrVI	101359	0	0.5	25
	chrVI	101361	0	1.5	25
	chrVI	101367	0	0.5	25
	chrVI	101388	1	1.5	25
	chrVI	101389	0	0.5	25
	chrVI	101408	1	0.5	25
	chrVI	101409	0	0.5	25
	chrVI	101416	1	0.5	25
	chrVI	101425	0	2.0	25
	chrVI	101426	0	1.0	25
	chrVI	101427	0	0.5	25
	chrVI	101429	0	0.5	25
	chrVI	101431	0	1.0	25
	chrVI	101433	0	1.0	25
	chrVI	101437	0	0.5	25
	chrVI	101437	1	1.0	25
	chrVI	101438	0	0.5	25
	chrVI	101439	0	1.0	25
	chrVI	101442	0	0.5	25
	chrVI	101447	1	0.5	25
	chrVI	101456	0	0.5	25
	chrVI	101457	0	0.5	25
	chrVI	101469	1	0.5	25
	chrVI	101485	1	1.5	25
	chrVI	101491	0	1.0	25
	chrVI	101491	1	1.0	25
	chrVI	101492	0	0.5	25
	chrVI	101492	1	0.5	25
	chrVI	101494	0	0.5	25
	chrVI	101497	1	0.5	25
	chrVI	101502	0	0.5	25
	chrVI	101502	1	0.5	23
	chrVI	101502	1	2.0	25
	chrVI	101503	0	0.5	25
	chrVI	101505	1	0.5	25
	chrVI	101508	1	1.0	25
	chrVI	101509	1	1.0	25
	chrVI	101510	0	0.5	25
	chrVI	101517	0	0.5	25
	chrVI	101521	1	3.0	25
	chrVI	101523	1	0.5	25
	chrVI	101524	1	0.5	25
	chrVI	101532	0	1.0	25
	chrVI	101534	1	0.5	25
	chrVI	101535	1	0.5	25
	chrVI	101536	1	1.0	25
	chrVI	101537	0	1.0	25
	chrVI	101543	0	0.5	25
	chrVI	101566	1	0.5	25
	chrVI	101572	1	0.5	25
	chrVI	101577	1	0.5	25
	chrVI	101578	0	0.5	25
	chrVI	101589	1	1.0	25
	chrVI	101592	1	0.5	25
	chrVI	101597	1	0.5	25
	chrVI	101619	0	0.5	25
	chrVI	101621	0	0.5	25
	chrVI	101625	0	0.5	25
	chrVI	101633	0	1.0	25
	chrVI	101634	0	0.5	25
	chrVI	101643	1	0.5	25
	chrVI	101645	1	0.5	25
	chrVI	101650	1	0.5	25
	chrVI	101676	0	0.5	25
	chrVI	101682	1	0.5	25
	chrVI	101700	1	1.0	25
	chrVI	101711	1	0.5	25
	chrVI	101720	0	1.0	25
	chrVI	101722	0	0.5	25
	chrVI	101724	1	0.5	25
	chrVI	101726	0	0.5	25
	chrVI	101730	1	0.5	25
	chrVI	101737	1	0.5	25
	chrVI	101740	0	1.5	25
	chrVI	101752	1	0.5	25
	chrVI	101754	1	0.5	25
	chrVI	101776	1	0.5	25
	chrVI	101789	1	0.5	25
	chrVI	101795	0	0.5	25
	chrVI	101798	0	0.5	25
	chrVI	101822	1	1.5	25
	chrVI	101826	1	0.5	25
	chrVI	101832	0	0.5	25
	chrVI	101852	1	0.5	25
	chrVI	101886	0	0.5	25
	chrVI	101912	0	0.5	25
	chrVI	101915	0	1.0	25
	chrVI	101926	0	0.5	25
	chrVI	101927	1	0.5	25
	chrVI	101931	0	0.5	25
	chrVI	101974	1	0.5	25
	chrVI	101988	1	0.5	25
	chrVI	101992	1	0.5	25
	chrVI	101996	1	0.5	25
	chrVI	101999	1	0.5	25
	chrVI	102002	0	0.5	25
	chrVI	102045	1	0.5	25
	chrVI	102048	0	0.5	25
	chrVI	102062	0	0.5	25
	chrVI	102083	1	0.5	25
	chrVI	102096	1	1.0	25
	chrVI	102097	1	0.5	25
	chrVI	102098	0	0.5	25
	chrVI	102101	0	0.5	25
	chrVI	102110	0	0.5	25
	chrVI	102119	0	0.5	25
	chrVI	102122	1	0.5	25
	chrVI	102139	0	0.5	25
	chrVI	102140	0	0.5	25
	chrVI	102145	0	0.5	25
	chrVI	102156	1	0.5	25
	chrVI	102157	1	0.5	25
	chrVI	102161	0	0.5	25
	chrVI	102187	1	0.5	25
	chrVI	102189	1	0.5	25
	chrVI	102190	0	0.5	25
	chrVI	102198	1	0.5	25
	chrVI	102199	0	1.0	25
	chrVI	102210	1	0.5	25
	chrVI	102213	0	0.5	25
	chrVI	102218	0	1.0	25
	chrVI	102222	1	0.5	25
	chrVI	102272	1	0.5	25
	chrVI	102273	1	1.0	25
	chrVI	102282	1	0.5	25
	chrVI	102285	0	0.5	25
	chrVI	102313	1	0.5	25
	chrVI	102348	1	0.5	25
	chrVI	102370	0	0.5	25
	chrVI	102374	0	0.5	25
	chrVI	102400	1	1.0	25
	chrVI	102426	0	0.5	25
	chrVI	102435	1	0.5	25
	chrVI	102489	1	0.5	25
	chrVI	102536	0	0.5	25
	chrVI	102555	1	0.5	25
	chrVI	102556	0	0.5	25
	chrVI	102576	0	0.5	25
	chrVI	102577	0	0.5	25
	chrVI	102615	1	0.5	25
	chrVI	102616	0	0.5	25
	chrVI	102620	0	0.5	25
	chrVI	102630	0	0.5	25
	chrVI	102661	0	0.5	25
	chrVI	102671	1	0.5	25
	chrVI	102674	0	0.5	25
	chrVI	102692	1	0.5	25
	chrVI	102713	1	0.5	25
	chrVI	102722	1	0.5	25
	chrVI	102740	1	0.5	25
	chrVI	102751	0	0.5	25
	chrVI	102760	0	1.0	25
	chrVI	102762	0	0.5	25
	chrVI	102766	0	0.5	25
	chrVI	102780	0	0.5	25
	chrVI	102780	1	0.5	25
	chrVI	102795	0	0.5	25
	chrVI	102801	1	0.5	25
	chrVI	102814	0	0.5	25
	chrVI	102816	1	0.5	25
	chrVI	102818	1	1.0	25
	chrVI	102829	0	0.5	25
	chrVI	102830	0	0.5	25
	chrVI	102831	1	0.5	25
	chrVI	102845	0	0.5	25
	chrVI	102853	1	0.5	25
	chrVI	102864	1	0.5	25
	chrVI	102867	1	0.5	25
	chrVI	102882	1	0.5	25
	chrVI	102883	1	0.5	25
	chrVI	102885	0	0.5	25
	chrVI	102907	1	0.5	25
	chrVI	102916	0	0.5	25
	chrVI	102919	0	0.5	25
	chrVI	102928	1	0.5	25
	chrVI	102930	0	0.5	25
	chrVI	102931	0	1.0	25
	chrVI	102948	1	0.5	25
	chrVI	102954	1	0.5	25
	chrVI	102999	1	0.5	25
	chrVI	103003	1	0.5	25
	chrVI	103017	0	0.5	25
	chrVI	103055	0	0.5	25
	chrVI	103060	0	0.5	25
	chrVI	103066	0	0.5	25
	chrVI	103078	0	1.0	25
	chrVI	103096	1	0.5	25
	chrVI	103097	1	0.5	25
	chrVI	103100	0	0.5	25
	chrVI	103103	0	0.5	25
	chrVI	103105	0	0.5	25
	chrVI	103106	0	0.5	25
	chrVI	103114	1	0.5	25
	chrVI	103118	1	0.5	25
	chrVI	103136	0	0.5	25
	chrVI	103137	0	1.0	25
	chrVI	103141	1	0.5	25
	chrVI	103150	0	0.5	25
	chrVI	103156	1	0.5	25
	chrVI	103171	1	0.5	25
	chrVI	103173	0	0.5	25
	chrVI	103173	1	0.5	25
	chrVI	103186	1	0.5	25
	chrVI	103190	0	0.5	25
	chrVI	103190	1	0.5	25
	chrVI	103205	1	0.5	25
	chrVI	103208	1	1.5	25
	chrVI	103210	0	0.5	25
	chrVI	103211	0	0.5	25
	chrVI	103215	0	1.0	25
	chrVI	103217	0	0.5	25
	chrVI	103219	0	0.5	25
	chrVI	103223	0	0.5	25
	chrVI	103225	0	0.5	25
	chrVI	103248	0	0.5	25
	chrVI	103269	1	0.5	25
	chrVI	103270	0	0.5	25
	chrVI	103273	0	1.0	25
	chrVI	103277	1	1.0	25
	chrVI	103278	0	1.5	25
	chrVI	103280	0	1.0	25
	chrVI	103280	1	1.0	25
	chrVI	103282	0	0.5	25
	chrVI	103282	1	0.5	25
	chrVI	103283	0	0.5	25
	chrVI	103284	0	1.5	25
	chrVI	103288	0	0.5	25
	chrVI	103288	1	1.0	25
	chrVI	103289	0	0.5	25
	chrVI	103290	0	1.0	25
	chrVI	103298	1	1.0	25
	chrVI	103299	0	1.0	25
	chrVI	103300	0	0.5	25
	chrVI	103301	0	0.5	25
	chrVI	103326	1	1.0	25
	chrVI	103328	1	0.5	25
	chrVI	103333	1	0.5	25
	chrVI	103335	0	0.5	25
	chrVI	103342	1	0.5	25
	chrVI	103353	1	0.5	25
	chrVI	103354	0	0.5	25
	chrVI	103358	1	0.5	25
	chrVI	103359	1	0.5	25
	chrVI	103360	0	1.0	25
	chrVI	103362	0	0.5	25
	chrVI	103362	1	3.0	25
	chrVI	103363	0	1.5	25
	chrVI	103363	1	1.0	25
	chrVI	103364	0	0.5	25
	chrVI	103364	1	1.0	25
	chrVI	103366	0	1.5	25
	chrVI	103396	0	0.5	25
	chrVI	103409	1	0.5	25
	chrVI	103414	1	0.5	25
	chrVI	103415	1	1.0	25
	chrVI	103416	1	0.5	25
	chrVI	103417	1	1.0	25
	chrVI	103421	1	0.5	25
	chrVI	103426	0	1.0	25
	chrVI	103427	0	1.5	25
	chrVI	103428	1	0.5	25
	chrVI	103434	1	0.5	25
	chrVI	103435	0	0.5	25
	chrVI	103442	1	0.5	25
	chrVI	103451	0	0.5	25
	chrVI	103457	0	0.5	25
	chrVI	103457	1	0.5	25
	chrVI	103503	1	0.5	25
	chrVI	103504	0	0.5	25
	chrVI	103510	1	0.5	25
	chrVI	103513	1	0.5	25
	chrVI	103523	0	0.5	25
	chrVI	103544	0	0.5	25
	chrVI	103544	1	1.0	25
	chrVI	103545	0	4.0	25
	chrVI	103545	1	0.5	25
	chrVI	103546	0	2.0	25
	chrVI	103546	1	1.0	25
	chrVI	103547	0	2.5	25
	chrVI	103557	0	0.5	25
	chrVI	103568	0	0.5	25
	chrVI	103572	0	0.5	25
	chrVI	103578	0	0.5	25
	chrVI	103581	0	0.5	25
	chrVI	103584	0	0.5	25
	chrVI	103587	0	0.5	25
	chrVI	103587	1	1.0	25
	chrVI	103588	0	1.0	25
	chrVI	103594	1	2.0	25
	chrVI	103595	1	1.0	25
	chrVI	103596	0	1.0	25
	chrVI	103599	0	0.5	25
	chrVI	103601	1	0.5	25
	chrVI	103612	1	4.0	25
	chrVI	103613	0	0.5	25
	chrVI	103619	1	0.5	25
	chrVI	103629	1	1.0	25
	chrVI	103630	1	1.0	25
	chrVI	103631	0	0.5	25
	chrVI	103631	1	2.5	25
	chrVI	103632	0	1.5	25
	chrVI	103632	1	1.5	25
	chrVI	103633	0	0.5	25
	chrVI	103635	0	1.0	25
	chrVI	103638	1	0.5	25
	chrVI	103647	0	0.5	25
	chrVI	103647	1	0.5	25
	chrVI	103648	1	0.5	25
	chrVI	103650	1	0.5	25
	chrVI	103651	0	1.0	25
	chrVI	103652	1	0.5	25
	chrVI	103658	1	0.5	25
	chrVI	103663	1	0.5	25
	chrVI	103680	1	1.0	25
	chrVI	103690	1	0.5	25
	chrVI	103692	0	0.5	25
	chrVI	103699	1	0.5	25
	chrVI	103703	1	0.5	25
	chrVI	103739	0	0.5	25
	chrVI	103742	1	1.0	25
	chrVI	103748	0	0.5	25
	chrVI	103765	1	0.5	25
	chrVI	103768	0	1.0	25
	chrVI	103773	0	0.5	25
	chrVI	103792	1	0.5	25
	chrVI	103800	1	0.5	25
	chrVI	103805	1	0.5	25
	chrVI	103821	1	0.5	25
	chrVI	103826	1	0.5	25
	chrVI	103828	0	0.5	25
	chrVI	103835	0	0.5	25
	chrVI	103836	0	1.0	25
	chrVI	103843	1	1.0	25
	chrVI	103846	0	1.0	25
	chrVI	103864	0	0.5	25
	chrVI	103870	0	0.5	25
	chrVI	103888	0	1.0	25
	chrVI	103896	0	0.5	25
	chrVI	103901	0	0.5	25
	chrVI	103902	1	1.0	25
	chrVI	103910	1	0.5	25
	chrVI	103920	1	1.0	25
	chrVI	103927	1	0.5	25
	chrVI	103928	1	0.5	25
	chrVI	103929	1	0.5	25
	chrVI	103938	1	2.0	25
	chrVI	103953	0	0.5	25
	chrVI	103963	1	0.5	25
	chrVI	103964	1	0.5	25
	chrVI	103966	0	0.5	25
	chrVI	103972	1	0.5	25
	chrVI	103981	0	0.5	25
	chrVI	103984	1	0.5	25
	chrVI	104014	0	0.5	25
	chrVI	104019	1	0.5	25
	chrVI	104028	1	0.5	25
	chrVI	104058	1	0.5	25
	chrVI	104063	0	1.0	25
	chrVI	104075	1	0.5	25
	chrVI	104078	0	0.5	25
	chrVI	104088	0	0.5	25
	chrVI	104096	1	0.5	25
	chrVI	104100	0	0.5	25
	chrVI	104112	1	1.0	25
	chrVI	104150	1	0.5	25
	chrVI	104153	0	0.5	25
	chrVI	104179	1	0.5	25
	chrVI	104213	1	0.5	25
	chrVI	104243	0	0.5	25
	chrVI	104256	1	0.5	25
	chrVI	104303	1	0.5	25
	chrVI	104343	0	0.5	25
	chrVI	104365	0	0.5	25
	chrVI	104367	0	0.5	25
	chrVI	104418	0	0.5	25
	chrVI	104421	1	0.5	25
	chrVI	104423	0	1.0	25
	chrVI	104466	0	0.5	25
	chrVI	104471	1	0.5	25
	chrVI	104498	0	0.5	25
	chrVI	104499	1	0.5	25
	chrVI	104527	1	0.5	25
	chrVI	104537	1	0.5	25
	chrVI	104538	1	0.5	25
	chrVI	104544	0	0.5	25
	chrVI	104549	0	0.5	25
	chrVI	104551	1	0.5	25
	chrVI	104553	1	0.5	25
	chrVI	104569	0	0.5	25
	chrVI	104603	1	0.5	25
	chrVI	104614	0	0.5	25
	chrVI	104618	1	0.5	25
	chrVI	104633	1	0.5	25
	chrVI	104639	0	0.5	25
	chrVI	104641	0	1.0	25
	chrVI	104664	0	0.5	25
	chrVI	104688	0	0.5	25
	chrVI	104718	1	0.5	25
	chrVI	104738	1	0.5	25
	chrVI	104741	0	0.5	25
	chrVI	104743	0	0.5	25
	chrVI	104744	0	0.5	25
	chrVI	104744	1	0.5	25
	chrVI	104756	1	0.5	25
	chrVI	104757	1	0.5	25
	chrVI	104762	1	0.5	25
	chrVI	104766	0	0.5	25
	chrVI	104810	0	0.5	25
	chrVI	104817	0	0.5	25
	chrVI	104826	1	0.5	25
	chrVI	104863	1	0.5	25
	chrVI	104867	0	0.5	25
	chrVI	104872	1	0.5	25
	chrVI	104905	1	0.5	25
	chrVI	104906	1	0.5	25
	chrVI	104916	1	0.5	25
	chrVI	104979	0	0.5	25
	chrVI	104999	0	0.5	25
	chrVI	105015	1	0.5	25
	chrVI	105029	1	0.5	25
	chrVI	105032	0	0.5	25
	chrVI	105044	0	1.0	25
	chrVI	105061	0	0.5	25
	chrVI	105062	1	0.5	25
	chrVI	105083	0	0.5	25
	chrVI	105091	1	0.5	25
	chrVI	105115	1	1.0	25
	chrVI	105126	0	0.5	25
	chrVI	105127	0	0.5	25
	chrVI	105157	1	0.5	25
	chrVI	105169	1	0.5	25
	chrVI	105204	0	0.5	25
	chrVI	105216	1	0.5	25
	chrVI	105282	1	0.5	25
	chrVI	105311	0	0.5	25
	chrVI	105348	0	0.5	25
	chrVI	105370	1	0.5	25
	chrVI	105423	1	0.5	25
	chrVI	105507	1	0.5	25
	chrVI	105536	0	0.5	25
	chrVI	105547	0	0.5	25
	chrVI	105601	0	0.5	25
	chrVI	105609	0	0.5	25
	chrVI	105614	0	0.5	25
	chrVI	105645	1	1.0	25
	chrVI	105648	0	0.5	25
	chrVI	105651	0	0.5	25
	chrVI	105673	0	0.5	25
	chrVI	105674	1	0.5	25
	chrVI	105678	1	0.5	25
	chrVI	105690	1	0.5	25
	chrVI	105698	1	0.5	25
	chrVI	105705	0	0.5	25
	chrVI	105734	1	0.5	25
	chrVI	105738	1	0.5	25
	chrVI	105744	0	0.5	25
	chrVI	105777	0	0.5	25
	chrVI	105785	0	0.5	25
	chrVI	105792	0	0.5	25
	chrVI	105795	1	0.5	25
	chrVI	105804	0	1.0	25
	chrVI	105814	0	1.0	25
	chrVI	105823	0	0.5	25
	chrVI	105852	1	0.5	25
	chrVI	105857	1	0.5	25
	chrVI	105865	0	0.5	25
	chrVI	105874	1	1.0	25
	chrVI	105879	1	0.5	25
	chrVI	105907	1	0.5	25
	chrVI	105909	1	0.5	25
	chrVI	105911	1	0.5	25
	chrVI	105981	1	1.0	25
	chrVI	105989	0	0.5	25
	chrVI	105990	0	0.5	25
	chrVI	105994	0	0.5	25
	chrVI	105997	0	0.5	25
	chrVI	106007	0	0.5	25
	chrVI	106040	0	0.5	25
	chrVI	106049	1	0.5	25
	chrVI	106066	1	0.5	25
	chrVI	106071	1	0.5	25
	chrVI	106082	1	0.5	25
	chrVI	106084	0	0.5	25
	chrVI	106089	1	0.5	25
	chrVI	106148	0	0.5	25
	chrVI	106148	1	0.5	25
	chrVI	106150	0	0.5	25
	chrVI	106156	1	0.5	25
	chrVI	106157	0	0.5	25
	chrVI	106165	0	0.5	25
	chrVI	106174	0	0.5	25
	chrVI	106188	0	0.5	25
	chrVI	106192	1	0.5	25
	chrVI	106211	1	0.5	25
	chrVI	106241	1	0.5	25
	chrVI	106245	1	0.5	25
	chrVI	106252	0	0.5	25
	chrVI	106262	0	0.5	25
	chrVI	106263	1	0.5	25
	chrVI	106264	0	1.0	25
	chrVI	106289	0	0.5	25
	chrVI	106309	0	1.0	25
	chrVI	106310	1	0.5	25
	chrVI	106318	0	1.0	25
	chrVI	106319	1	1.0	25
	chrVI	106321	0	0.5	25
	chrVI	106324	0	0.5	25
	chrVI	106332	1	0.5	25
	chrVI	106341	0	0.5	25
	chrVI	106347	0	0.5	25
	chrVI	106375	1	0.5	25
	chrVI	106384	1	0.5	25
	chrVI	106387	0	0.5	25
	chrVI	106396	1	1.0	25
	chrVI	106399	0	1.0	25
	chrVI	106401	1	0.5	25
	chrVI	106404	0	0.5	25
	chrVI	106404	1	1.5	25
	chrVI	106405	0	0.5	25
	chrVI	106406	0	0.5	25
	chrVI	106430	0	0.5	25
	chrVI	106431	0	0.5	25
	chrVI	106432	1	0.5	25
	chrVI	106454	0	1.0	25
	chrVI	106483	1	2.0	25
	chrVI	106484	1	0.5	25
	chrVI	106489	1	0.5	25
	chrVI	106491	1	1.0	25
	chrVI	106513	1	0.5	25
	chrVI	106521	0	0.5	25
	chrVI	106525	1	1.0	25
	chrVI	106534	0	0.5	25
	chrVI	106545	0	0.5	25
	chrVI	106563	1	0.5	25
	chrVI	106574	0	0.5	25
	chrVI	106588	0	0.5	25
	chrVI	106616	1	0.5	25
	chrVI	106621	1	0.5	25
	chrVI	106633	0	0.5	25
	chrVI	106653	0	0.5	25
	chrVI	106655	0	1.0	25
	chrVI	106657	0	0.5	25
	chrVI	106669	1	0.5	25
	chrVI	106684	0	0.5	25
	chrVI	106697	0	0.5	25
	chrVI	106710	1	0.5	25
	chrVI	106716	1	0.5	25
	chrVI	106720	0	0.5	25
	chrVI	106731	1	0.5	25
	chrVI	106740	1	0.5	25
	chrVI	106744	1	0.5	25
	chrVI	106747	1	0.5	25
	chrVI	106753	1	0.5	25
	chrVI	106763	1	0.5	25
	chrVI	106793	0	0.5	25
	chrVI	106798	0	0.5	25
	chrVI	106850	0	0.5	25
	chrVI	106852	1	0.5	25
	chrVI	106854	1	1.0	25
	chrVI	106864	0	0.5	25
	chrVI	106867	0	0.5	25
	chrVI	106872	0	0.5	25
	chrVI	106876	0	0.5	25
	chrVI	106877	0	0.5	25
	chrVI	106892	0	0.5	25
	chrVI	106895	0	0.5	25
	chrVI	106927	1	0.5	25
	chrVI	106929	1	0.5	25
	chrVI	106932	1	0.5	25
	chrVI	106938	1	0.5	25
	chrVI	106942	1	0.5	25
	chrVI	106949	0	0.5	25
	chrVI	106951	1	1.0	25
	chrVI	106954	1	0.5	25
	chrVI	106979	0	0.5	25
	chrVI	106990	0	0.5	25
	chrVI	106999	0	0.5	25
	chrVI	107011	1	0.5	25
	chrVI	107050	1	0.5	25
	chrVI	107067	1	0.5	25
	chrVI	107100	0	1.0	25
	chrVI	107101	0	0.5	25
	chrVI	107147	1	0.5	25
	chrVI	107161	1	0.5	25
	chrVI	107166	1	0.5	25
	chrVI	107176	1	0.5	25
	chrVI	107184	0	0.5	25
	chrVI	107196	0	0.5	25
	chrVI	107222	0	0.5	25
	chrVI	107240	0	0.5	25
	chrVI	107245	1	0.5	25
	chrVI	107272	0	0.5	25
	chrVI	107274	1	0.5	25
	chrVI	107285	0	0.5	25
	chrVI	107290	1	0.5	25
	chrVI	107296	0	0.5	25
	chrVI	107299	1	0.5	25
	chrVI	107317	0	1.0	25
	chrVI	107332	1	0.5	25
	chrVI	107338	1	0.5	25
	chrVI	107348	1	0.5	25
	chrVI	107382	0	0.5	25
	chrVI	107400	1	1.0	25
	chrVI	107463	0	0.5	25
	chrVI	107475	0	0.5	25
	chrVI	107483	0	0.5	25
	chrVI	107502	0	0.5	25
	chrVI	107522	0	0.5	25
	chrVI	107537	1	0.5	25
	chrVI	107556	1	0.5	25
	chrVI	107560	0	0.5	25
	chrVI	107561	1	0.5	25
	chrVI	107568	1	0.5	25
	chrVI	107602	0	0.5	25
	chrVI	107610	1	0.5	25
	chrVI	107625	0	0.5	25
	chrVI	107630	1	0.5	25
	chrVI	107633	0	0.5	25
	chrVI	107647	0	0.5	25
	chrVI	107648	0	0.5	25
	chrVI	107650	0	1.0	25
	chrVI	107662	0	0.5	25
	chrVI	107662	1	0.5	25
	chrVI	107663	0	2.0	25
	chrVI	107672	0	1.0	25
	chrVI	107685	1	0.5	25
	chrVI	107690	0	0.5	25
	chrVI	107712	1	0.5	25
	chrVI	107713	1	0.5	25
	chrVI	107714	1	0.5	25
	chrVI	107715	1	0.5	25
	chrVI	107718	0	0.5	25
	chrVI	107719	1	0.5	25
	chrVI	107720	0	0.5	25
	chrVI	107723	1	1.0	25
	chrVI	107725	1	0.5	25
	chrVI	107734	1	0.5	25
	chrVI	107735	0	0.5	25
	chrVI	107736	0	0.5	25
	chrVI	107740	0	0.5	25
	chrVI	107741	1	1.0	25
	chrVI	107744	1	0.5	25
	chrVI	107758	1	0.5	25
	chrVI	107770	1	0.5	25
	chrVI	107771	1	0.5	25
	chrVI	107772	1	0.5	25
	chrVI	107785	1	0.5	25
	chrVI	107791	0	1.0	25
	chrVI	107793	1	0.5	23
	chrVI	107806	0	0.5	25
	chrVI	107806	1	0.5	25
	chrVI	107822	0	0.5	25
	chrVI	107863	0	0.5	25
	chrVI	107868	1	0.5	25
	chrVI	107880	1	1.0	25
	chrVI	107900	1	0.5	25
	chrVI	107911	1	0.5	25
	chrVI	107916	0	1.0	25
	chrVI	107933	0	0.5	25
	chrVI	107963	1	1.0	25
	chrVI	107973	0	1.0	25
	chrVI	108049	0	0.5	25
	chrVI	108069	0	0.5	25
	chrVI	108088	0	0.5	25
	chrVI	108094	1	0.5	25
	chrVI	108095	0	0.5	25
	chrVI	108103	1	0.5	25
	chrVI	108111	1	0.5	25
	chrVI	108113	0	0.5	25
	chrVI	108139	1	1.0	25
	chrVI	108149	0	0.5	25
	chrVI	108149	1	0.5	25
	chrVI	108167	1	0.5	25
	chrVI	108187	1	0.5	25
	chrVI	108196	0	0.5	25
	chrVI	108205	1	0.5	25
	chrVI	108213	0	0.5	25
	chrVI	108233	1	0.5	25
	chrVI	108234	0	0.5	25
	chrVI	108283	0	0.5	25
	chrVI	108309	1	0.5	25
	chrVI	108315	1	0.5	25
	chrVI	108325	0	0.5	25
	chrVI	108337	0	1.0	25
	chrVI	108359	1	0.5	25
	chrVI	108370	0	0.5	25
	chrVI	108372	0	1.0	25
	chrVI	108374	0	1.0	25
	chrVI	108380	0	1.0	25
	chrVI	108423	1	1.0	25
	chrVI	108424	0	1.0	25
	chrVI	108439	0	0.5	25
	chrVI	108451	1	1.0	25
	chrVI	108456	1	0.5	25
	chrVI	108463	1	1.0	25
	chrVI	108471	1	0.5	25
	chrVI	108479	0	0.5	25
	chrVI	108484	0	0.5	25
	chrVI	108488	1	0.5	25
	chrVI	108489	0	0.5	25
	chrVI	108505	0	0.5	25
	chrVI	108537	1	0.5	25
	chrVI	108549	1	1.0	25
	chrVI	108550	0	0.5	25
	chrVI	108550	1	0.5	25
	chrVI	108562	0	1.0	25
	chrVI	108586	0	0.5	25
	chrVI	108622	1	0.5	25
	chrVI	108631	1	1.0	25
	chrVI	108642	1	0.5	25
	chrVI	108647	1	0.5	25
	chrVI	108656	1	0.5	25
	chrVI	108688	1	0.5	25
	chrVI	108716	1	0.5	25
	chrVI	108719	0	0.5	25
	chrVI	108737	0	0.5	25
	chrVI	108738	0	0.5	25
	chrVI	108757	0	0.5	25
	chrVI	108767	0	0.5	25
	chrVI	108790	0	0.5	25
	chrVI	108801	1	0.5	25
	chrVI	108803	0	0.5	25
	chrVI	108808	0	0.5	25
	chrVI	108822	0	0.5	25
	chrVI	108826	1	0.5	25
	chrVI	108836	0	0.5	25
	chrVI	108842	1	0.5	25
	chrVI	108844	1	0.5	25
	chrVI	108870	1	0.5	25
	chrVI	108871	1	0.5	25
	chrVI	108876	1	0.5	25
	chrVI	108878	1	0.5	25
	chrVI	108891	1	0.5	25
	chrVI	108905	1	0.5	25
	chrVI	108914	0	1.0	25
	chrVI	108948	0	0.5	25
	chrVI	108965	1	1.0	25
	chrVI	108971	0	0.5	25
	chrVI	109018	1	0.5	25
	chrVI	109021	0	0.5	25
	chrVI	109033	0	1.5	25
	chrVI	109053	0	0.5	25
	chrVI	109066	0	0.5	25
	chrVI	109067	1	0.5	25
	chrVI	109070	0	0.5	25
	chrVI	109077	1	0.5	25
	chrVI	109083	0	0.5	25
	chrVI	109097	1	1.0	25
	chrVI	109115	1	0.5	25
	chrVI	109125	1	0.5	25
	chrVI	109134	0	0.5	25
	chrVI	109170	1	0.5	25
	chrVI	109180	0	0.5	25
	chrVI	109189	0	0.5	25
	chrVI	109191	0	0.5	25
	chrVI	109201	1	0.5	25
	chrVI	109205	1	0.5	25
	chrVI	109207	1	0.5	25
	chrVI	109230	0	0.5	25
	chrVI	109260	1	0.5	25
	chrVI	109262	1	0.5	25
	chrVI	109269	0	0.5	25
	chrVI	109272	0	0.5	25
	chrVI	109305	0	0.5	25
	chrVI	109355	0	0.5	25
	chrVI	109356	0	0.5	25
	chrVI	109356	1	0.5	25
	chrVI	109358	1	0.5	25
	chrVI	109368	0	0.5	25
	chrVI	109375	0	0.5	25
	chrVI	109392	1	0.5	25
	chrVI	109393	0	0.5	25
	chrVI	109404	0	0.5	25
	chrVI	109414	0	1.0	25
	chrVI	109415	0	0.5	25
	chrVI	109421	0	0.5	25
	chrVI	109432	1	0.5	25
	chrVI	109440	1	0.5	25
	chrVI	109443	1	0.5	25
	chrVI	109445	0	0.5	25
	chrVI	109446	1	0.5	25
	chrVI	109456	1	1.0	25
	chrVI	109464	0	0.5	25
	chrVI	109485	1	0.5	25
	chrVI	109488	1	0.5	25
	chrVI	109493	0	0.5	25
	chrVI	109496	1	0.5	25
	chrVI	109504	1	0.5	25
	chrVI	109522	1	1.0	25
	chrVI	109527	1	0.5	25
	chrVI	109537	1	0.5	25
	chrVI	109568	0	0.5	25
	chrVI	109588	0	0.5	25
	chrVI	109591	1	0.5	25
	chrVI	109599	0	0.5	25
	chrVI	109657	1	0.5	25
	chrVI	109667	1	0.5	25
	chrVI	109680	1	0.5	25
	chrVI	109693	0	0.5	25
	chrVI	109729	0	0.5	25
	chrVI	109754	0	0.5	25
	chrVI	109778	0	0.5	25
	chrVI	109806	0	0.5	25
	chrVI	109810	1	0.5	25
	chrVI	109847	0	0.5	25
	chrVI	109848	1	0.5	25
	chrVI	109852	1	0.5	25
	chrVI	109861	1	0.5	25
	chrVI	109863	0	0.5	25
	chrVI	109901	1	0.5	25
	chrVI	109913	0	0.5	25
	chrVI	109917	0	0.5	25
	chrVI	109928	1	0.5	25
	chrVI	109933	0	0.5	25
	chrVI	109964	0	0.5	25
	chrVI	109978	0	0.5	25
	chrVI	109986	0	0.5	25
	chrVI	109992	0	0.5	25
	chrVI	110005	0	0.5	25
	chrVI	110010	0	0.5	25
	chrVI	110015	0	0.5	25
	chrVI	110026	0	3.0	25
	chrVI	110026	1	1.0	25
	chrVI	110027	0	0.5	25
	chrVI	110029	0	0.5	25
	chrVI	110030	0	1.0	25
	chrVI	110031	0	1.5	25
	chrVI	110032	1	0.5	25
	chrVI	110034	0	1.5	25
	chrVI	110037	0	0.5	25
	chrVI	110041	1	0.5	25
	chrVI	110043	0	2.5	25
	chrVI	110049	1	1.0	25
	chrVI	110058	0	1.0	25
	chrVI	110082	1	1.0	25
	chrVI	110086	1	1.0	25
	chrVI	110087	0	1.5	25
	chrVI	110089	0	0.5	25
	chrVI	110091	1	1.0	25
	chrVI	110095	1	0.5	25
	chrVI	110098	1	2.5	25
	chrVI	110099	0	1.0	25
	chrVI	110099	1	0.5	25
	chrVI	110100	0	1.5	25
	chrVI	110100	1	0.5	25
	chrVI	110103	0	2.0	25
	chrVI	110103	1	0.5	25
	chrVI	110104	0	0.5	25
	chrVI	110104	1	0.5	25
	chrVI	110105	0	0.5	25
	chrVI	110109	1	1.5	25
	chrVI	110110	0	1.0	25
	chrVI	110110	1	0.5	25
	chrVI	110111	0	1.0	25
	chrVI	110111	1	0.5	25
	chrVI	110118	1	0.5	25
	chrVI	110122	0	0.5	25
	chrVI	110128	1	0.5	25
	chrVI	110130	1	0.5	25
	chrVI	110140	1	0.5	25
	chrVI	110145	1	0.5	25
	chrVI	110147	1	0.5	25
	chrVI	110150	1	0.5	25
	chrVI	110151	1	3.0	25
	chrVI	110152	1	1.5	25
	chrVI	110160	1	1.5	25
	chrVI	110164	1	1.5	25
	chrVI	110165	1	1.0	25
	chrVI	110168	0	0.5	25
	chrVI	110190	1	0.5	25
	chrVI	110211	1	0.5	25
	chrVI	110250	0	0.5	25
	chrVI	110257	0	0.5	25
	chrVI	110294	0	0.5	25
	chrVI	110309	1	0.5	25
	chrVI	110313	0	0.5	25
	chrVI	110316	1	1.0	25
	chrVI	110324	0	0.5	25
	chrVI	110327	1	0.5	25
	chrVI	110336	0	1.0	25
	chrVI	110377	1	0.5	25
	chrVI	110385	0	0.5	25
	chrVI	110397	1	0.5	25
	chrVI	110398	1	0.5	25
	chrVI	110399	0	0.5	25
	chrVI	110404	1	0.5	25
	chrVI	110422	1	1.0	25
	chrVI	110432	0	0.5	25
	chrVI	110437	0	0.5	25
	chrVI	110443	1	0.5	25
	chrVI	110445	0	0.5	25
	chrVI	110458	0	0.5	25
	chrVI	110471	1	0.5	25
	chrVI	110488	0	0.5	25
	chrVI	110496	0	0.5	25
	chrVI	110502	1	0.5	25
	chrVI	110513	0	0.5	25
	chrVI	110523	0	0.5	25
	chrVI	110523	1	0.5	25
	chrVI	110532	1	0.5	25
	chrVI	110542	1	0.5	25
	chrVI	110557	1	0.5	25
	chrVI	110580	1	0.5	25
	chrVI	110612	0	0.5	25
	chrVI	110615	0	0.5	25
	chrVI	110618	1	0.5	25
	chrVI	110637	0	0.5	25
	chrVI	110641	0	0.5	25
	chrVI	110642	1	0.5	24
	chrVI	110663	0	0.5	25
	chrVI	110675	1	0.5	25
	chrVI	110683	0	0.5	25
	chrVI	110690	1	0.5	25
	chrVI	110728	1	0.5	25
	chrVI	110764	1	0.5	25
	chrVI	110795	0	0.5	25
	chrVI	110805	0	1.0	25
	chrVI	110828	1	0.5	25
	chrVI	110844	1	0.5	25
	chrVI	110846	1	0.5	25
	chrVI	110849	0	0.5	25
	chrVI	110862	0	0.5	25
	chrVI	110869	1	0.5	25
	chrVI	110889	0	0.5	25
	chrVI	110901	1	0.5	25
	chrVI	110910	0	0.5	25
	chrVI	110911	0	0.5	25
	chrVI	110916	1	0.5	25
	chrVI	110937	1	0.5	25
	chrVI	110949	0	1.0	25
	chrVI	110952	1	0.5	25
	chrVI	110959	0	0.5	25
	chrVI	110961	1	0.5	25
	chrVI	110978	1	0.5	25
	chrVI	110980	0	0.5	25
	chrVI	111011	1	0.5	25
	chrVI	111022	1	0.5	25
	chrVI	111035	1	0.5	25
	chrVI	111071	0	0.5	25
	chrVI	111078	1	0.5	25
	chrVI	111084	0	0.5	25
	chrVI	111098	0	0.5	25
	chrVI	111100	0	0.5	25
	chrVI	111120	0	1.0	25
	chrVI	111139	0	0.5	25
	chrVI	111157	1	0.5	25
	chrVI	111158	1	0.5	25
	chrVI	111180	1	1.0	25
	chrVI	111190	1	0.5	25
	chrVI	111202	0	0.5	25
	chrVI	111207	0	0.5	25
	chrVI	111207	1	0.5	25
	chrVI	111213	1	0.5	25
	chrVI	111216	0	2.0	25
	chrVI	111223	0	0.5	25
	chrVI	111260	0	0.5	25
	chrVI	111268	0	0.5	25
	chrVI	111272	0	0.5	25
	chrVI	111280	0	1.0	25
	chrVI	111287	0	0.5	25
	chrVI	111289	0	0.5	25
	chrVI	111295	1	0.5	25
	chrVI	111309	0	0.5	25
	chrVI	111311	0	0.5	25
	chrVI	111330	0	0.5	25
	chrVI	111332	0	1.0	25
	chrVI	111334	0	1.0	25
	chrVI	111339	1	0.5	25
	chrVI	111359	1	0.5	25
	chrVI	111361	1	0.5	25
	chrVI	111365	1	1.0	25
	chrVI	111366	0	0.5	25
	chrVI	111366	1	0.5	25
	chrVI	111371	0	0.5	25
	chrVI	111372	1	0.5	25
	chrVI	111377	1	1.0	25
	chrVI	111378	0	0.5	25
	chrVI	111380	1	0.5	25
	chrVI	111382	1	0.5	23
	chrVI	111392	0	0.5	25
	chrVI	111393	0	1.5	25
	chrVI	111399	0	0.5	25
	chrVI	111399	1	0.5	25
	chrVI	111404	0	0.5	25
	chrVI	111410	1	1.0	25
	chrVI	111411	1	0.5	25
	chrVI	111413	0	0.5	25
	chrVI	111421	0	0.5	25
	chrVI	111427	1	2.5	25
	chrVI	111428	1	0.5	25
	chrVI	111432	0	0.5	25
	chrVI	111434	0	0.5	25
	chrVI	111435	0	0.5	25
	chrVI	111435	1	0.5	25
	chrVI	111438	0	0.5	25
	chrVI	111439	1	0.5	25
	chrVI	111441	0	0.5	25
	chrVI	111450	1	0.5	25
	chrVI	111451	1	0.5	25
	chrVI	111458	1	0.5	25
	chrVI	111464	0	0.5	25
	chrVI	111465	0	0.5	25
	chrVI	111472	1	0.5	25
	chrVI	111477	0	0.5	25
	chrVI	111503	1	1.0	25
	chrVI	111504	1	1.0	25
	chrVI	111505	1	0.5	25
	chrVI	111506	0	0.5	25
	chrVI	111519	1	1.0	25
	chrVI	111523	1	0.5	25
	chrVI	111528	1	0.5	25
	chrVI	111529	1	0.5	25
	chrVI	111547	0	1.0	25
	chrVI	111550	0	0.5	25
	chrVI	111571	1	0.5	25
	chrVI	111578	0	0.5	25
	chrVI	111604	1	0.5	25
	chrVI	111617	0	0.5	25
	chrVI	111659	0	0.5	25
	chrVI	111672	1	1.0	25
	chrVI	111678	1	1.5	25
	chrVI	111683	0	0.5	25
	chrVI	111700	0	0.5	25
	chrVI	111708	1	0.5	25
	chrVI	111709	0	0.5	25
	chrVI	111714	0	0.5	25
	chrVI	111719	0	0.5	25
	chrVI	111721	0	1.0	25
	chrVI	111723	0	0.5	25
	chrVI	111733	0	0.5	25
	chrVI	111752	0	0.5	25
	chrVI	111753	1	0.5	25
	chrVI	111762	1	0.5	25
	chrVI	111772	1	0.5	25
	chrVI	111779	1	0.5	25
	chrVI	111795	1	1.0	25
	chrVI	111798	0	1.0	25
	chrVI	111804	0	0.5	25
	chrVI	111814	0	0.5	25
	chrVI	111824	1	1.0	25
	chrVI	111851	0	0.5	25
	chrVI	111861	1	0.5	25
	chrVI	111862	1	0.5	25
	chrVI	111866	1	0.5	25
	chrVI	111871	1	0.5	25
	chrVI	111885	0	0.5	25
	chrVI	111885	1	0.5	25
	chrVI	111889	0	0.5	25
	chrVI	111915	1	0.5	25
	chrVI	111925	0	0.5	25
	chrVI	111935	0	1.5	25
	chrVI	111936	0	2.5	25
	chrVI	111955	1	0.5	25
	chrVI	111956	0	1.0	25
	chrVI	111957	0	2.0	25
	chrVI	111963	0	0.5	25
	chrVI	111975	1	0.5	25
	chrVI	111976	0	0.5	25
	chrVI	111984	1	0.5	25
	chrVI	111987	1	2.5	25
	chrVI	111988	0	0.5	25
	chrVI	112006	1	0.5	25
	chrVI	112008	1	1.0	25
	chrVI	112019	1	2.0	25
	chrVI	112031	1	0.5	25
	chrVI	112039	1	0.5	25
	chrVI	112041	0	0.5	25
	chrVI	112042	1	0.5	25
	chrVI	112043	1	0.5	25
	chrVI	112049	1	0.5	25
	chrVI	112059	0	0.5	25
	chrVI	112084	1	0.5	25
	chrVI	112092	1	0.5	25
	chrVI	112094	0	0.5	25
	chrVI	112121	0	1.0	25
	chrVI	112159	0	0.5	25
	chrVI	112190	0	0.5	25
	chrVI	112200	1	0.5	25
	chrVI	112202	1	1.0	25
	chrVI	112204	0	0.5	25
	chrVI	112206	0	0.5	25
	chrVI	112210	0	0.5	25
	chrVI	112213	0	0.5	25
	chrVI	112222	0	0.5	25
	chrVI	112254	1	0.5	25
	chrVI	112264	1	0.5	25
	chrVI	112269	1	0.5	25
	chrVI	112272	1	0.5	25
	chrVI	112286	1	0.5	25
	chrVI	112310	1	0.5	25
	chrVI	112311	0	0.5	25
	chrVI	112316	0	0.5	25
	chrVI	112322	1	0.5	25
	chrVI	112323	0	0.5	25
	chrVI	112323	1	0.5	25
	chrVI	112347	0	0.5	25
	chrVI	112408	1	0.5	25
	chrVI	112410	1	0.5	25
	chrVI	112428	1	0.5	25
	chrVI	112430	0	0.5	25
	chrVI	112437	1	0.5	25
	chrVI	112464	0	0.5	25
	chrVI	112479	1	0.5	25
	chrVI	112482	1	0.5	25
	chrVI	112496	0	0.5	25
	chrVI	112536	1	0.5	25
	chrVI	112545	0	0.5	25
	chrVI	112573	0	0.5	25
	chrVI	112592	0	0.5	25
	chrVI	112647	1	0.5	25
	chrVI	112656	1	0.5	25
	chrVI	112667	0	0.5	25
	chrVI	112668	0	0.5	25
	chrVI	112677	1	0.5	25
	chrVI	112679	0	0.5	25
	chrVI	112721	1	0.5	25
	chrVI	112723	0	0.5	25
	chrVI	112734	1	0.5	25
	chrVI	112741	1	0.5	25
	chrVI	112744	0	0.5	25
	chrVI	112771	0	0.5	25
	chrVI	112793	1	0.5	25
	chrVI	112824	1	0.5	25
	chrVI	112861	0	0.5	25
	chrVI	112878	0	0.5	25
	chrVI	112887	0	0.5	25
	chrVI	112905	1	0.5	25
	chrVI	112933	0	0.5	25
	chrVI	112935	0	0.5	25
	chrVI	112955	1	0.5	25
	chrVI	112956	1	0.5	25
	chrVI	112964	0	0.5	25
	chrVI	112967	1	0.5	25
	chrVI	112974	1	0.5	25
	chrVI	112995	0	1.5	25
	chrVI	113010	0	1.0	25
	chrVI	113013	1	0.5	25
	chrVI	113015	1	0.5	25
	chrVI	113020	1	0.5	25
	chrVI	113037	0	0.5	25
	chrVI	113052	1	1.0	25
	chrVI	113059	0	0.5	25
	chrVI	113088	0	0.5	25
	chrVI	113101	1	0.5	25
	chrVI	113113	0	0.5	25
	chrVI	113132	0	0.5	25
	chrVI	113135	0	0.5	25
	chrVI	113168	1	1.0	25
	chrVI	113169	0	0.5	25
	chrVI	113172	0	0.5	25
	chrVI	113178	1	0.5	25
	chrVI	113179	0	0.5	25
	chrVI	113182	0	0.5	25
	chrVI	113191	1	0.5	25
	chrVI	113201	1	0.5	25
	chrVI	113205	1	0.5	25
	chrVI	113211	1	0.5	25
	chrVI	113218	0	0.5	25
	chrVI	113222	1	0.5	25
	chrVI	113239	1	0.5	25
	chrVI	113258	1	0.5	25
	chrVI	113261	1	0.5	25
	chrVI	113274	1	0.5	25
	chrVI	113277	0	1.0	25
	chrVI	113283	0	0.5	25
	chrVI	113333	1	0.5	25
	chrVI	113343	0	0.5	25
	chrVI	113347	1	0.5	25
	chrVI	113358	0	0.5	25
	chrVI	113372	0	0.5	25
	chrVI	113393	1	0.5	25
	chrVI	113413	1	0.5	25
	chrVI	113429	1	0.5	25
	chrVI	113476	1	0.5	25
	chrVI	113532	1	0.5	25
	chrVI	113551	0	0.5	25
	chrVI	113571	0	0.5	25
	chrVI	113586	0	0.5	25
	chrVI	113616	1	0.5	25
	chrVI	113641	1	0.5	25
	chrVI	113642	1	0.5	25
	chrVI	113679	0	0.5	25
	chrVI	113691	0	1.0	25
	chrVI	113738	1	0.5	25
	chrVI	113765	0	1.5	25
	chrVI	113766	0	0.5	25
	chrVI	113782	1	1.0	25
	chrVI	113805	0	0.5	25
	chrVI	113820	0	0.5	25
	chrVI	113828	1	0.5	25
	chrVI	113836	1	1.0	25
	chrVI	113846	0	0.5	25
	chrVI	113854	1	0.5	25
	chrVI	113877	0	0.5	25
	chrVI	113885	1	0.5	25
	chrVI	113887	1	0.5	25
	chrVI	113900	1	0.5	25
	chrVI	113928	0	0.5	25
	chrVI	113949	0	0.5	25
	chrVI	113977	0	0.5	25
	chrVI	113982	0	1.0	25
	chrVI	113991	0	0.5	25
	chrVI	113992	1	0.5	25
	chrVI	113994	0	1.5	25
	chrVI	114010	1	0.5	25
	chrVI	114018	1	0.5	25
	chrVI	114025	1	0.5	25
	chrVI	114026	0	0.5	25
	chrVI	114037	0	0.5	25
	chrVI	114044	0	0.5	25
	chrVI	114046	1	1.5	25
	chrVI	114049	1	0.5	25
	chrVI	114052	1	0.5	25
	chrVI	114065	1	0.5	25
	chrVI	114072	0	0.5	25
	chrVI	114073	0	1.0	25
	chrVI	114074	0	1.0	25
	chrVI	114075	0	6.5	25
	chrVI	114076	0	5.0	25
	chrVI	114077	0	4.0	25
	chrVI	114078	0	4.0	25
	chrVI	114079	0	1.5	25
	chrVI	114080	0	5.0	25
	chrVI	114085	1	0.5	25
	chrVI	114086	0	3.0	25
	chrVI	114087	0	1.0	25
	chrVI	114088	0	1.0	25
	chrVI	114089	0	1.0	25
	chrVI	114090	0	2.5	25
	chrVI	114091	0	2.0	25
	chrVI	114091	1	0.5	25
	chrVI	114092	0	2.0	25
	chrVI	114093	0	0.5	25
	chrVI	114094	0	0.5	25
	chrVI	114102	0	0.5	25
	chrVI	114104	0	0.5	25
	chrVI	114108	1	0.5	25
	chrVI	114111	0	0.5	25
	chrVI	114115	0	0.5	25
	chrVI	114117	0	0.5	25
	chrVI	114127	1	1.0	25
	chrVI	114128	0	1.5	25
	chrVI	114138	1	0.5	25
	chrVI	114139	1	0.5	25
	chrVI	114140	1	0.5	25
	chrVI	114151	1	0.5	25
	chrVI	114153	1	0.5	25
	chrVI	114154	1	2.5	25
	chrVI	114156	1	1.5	25
	chrVI	114157	1	2.0	25
	chrVI	114158	1	1.5	25
	chrVI	114159	0	0.5	25
	chrVI	114159	1	1.5	25
	chrVI	114162	1	0.5	25
	chrVI	114163	1	6.0	25
	chrVI	114164	1	7.5	25
	chrVI	114165	0	0.5	25
	chrVI	114165	1	4.5	25
	chrVI	114166	1	7.5	25
	chrVI	114167	0	0.5	25
	chrVI	114167	1	2.5	25
	chrVI	114168	0	0.5	25
	chrVI	114175	1	0.5	25
	chrVI	114177	1	1.5	25
	chrVI	114178	1	1.0	25
	chrVI	114182	1	1.5	25
	chrVI	114189	0	1.0	25
	chrVI	114191	0	0.5	25
	chrVI	114192	0	0.5	25
	chrVI	114211	0	0.5	25
	chrVI	114223	0	0.5	25
	chrVI	114232	1	0.5	25
	chrVI	114234	1	0.5	25
	chrVI	114242	1	0.5	25
	chrVI	114245	1	0.5	25
	chrVI	114246	1	1.0	25
	chrVI	114252	0	0.5	25
	chrVI	114259	0	0.5	25
	chrVI	114268	0	0.5	25
	chrVI	114273	1	0.5	25
	chrVI	114275	0	0.5	25
	chrVI	114297	1	0.5	25
	chrVI	114303	1	0.5	25
	chrVI	114321	0	0.5	25
	chrVI	114327	1	0.5	25
	chrVI	114330	1	0.5	25
	chrVI	114331	1	1.0	25
	chrVI	114333	0	0.5	25
	chrVI	114336	1	0.5	25
	chrVI	114341	1	0.5	25
	chrVI	114342	0	0.5	25
	chrVI	114344	0	0.5	25
	chrVI	114351	0	1.5	25
	chrVI	114355	0	0.5	25
	chrVI	114369	1	0.5	25
	chrVI	114423	1	0.5	25
	chrVI	114427	0	0.5	25
	chrVI	114450	0	0.5	25
	chrVI	114482	1	0.5	25
	chrVI	114491	1	0.5	25
	chrVI	114506	1	1.0	25
	chrVI	114517	0	0.5	25
	chrVI	114521	0	0.5	25
	chrVI	114524	1	0.5	25
	chrVI	114534	0	1.0	25
	chrVI	114535	0	0.5	25
	chrVI	114551	1	0.5	25
	chrVI	114555	0	1.0	25
	chrVI	114557	0	1.0	25
	chrVI	114571	1	0.5	25
	chrVI	114575	0	0.5	25
	chrVI	114576	1	0.5	25
	chrVI	114580	1	0.5	25
	chrVI	114587	1	0.5	25
	chrVI	114590	0	0.5	25
	chrVI	114606	0	0.5	25
	chrVI	114606	1	0.5	25
	chrVI	114611	1	0.5	25
	chrVI	114613	0	0.5	25
	chrVI	114622	1	0.5	25
	chrVI	114641	0	1.5	25
	chrVI	114651	1	0.5	25
	chrVI	114670	0	1.0	25
	chrVI	114670	1	0.5	25
	chrVI	114671	0	0.5	25
	chrVI	114688	0	0.5	25
	chrVI	114689	1	1.5	25
	chrVI	114690	0	0.5	25
	chrVI	114696	1	1.0	25
	chrVI	114708	1	0.5	25
	chrVI	114719	1	1.0	25
	chrVI	114720	1	0.5	25
	chrVI	114735	0	2.0	25
	chrVI	114741	1	0.5	25
	chrVI	114744	0	0.5	25
	chrVI	114745	0	0.5	25
	chrVI	114750	0	0.5	25
	chrVI	114767	1	0.5	25
	chrVI	114783	1	0.5	25
	chrVI	114784	1	0.5	25
	chrVI	114805	1	1.0	25
	chrVI	114806	0	0.5	25
	chrVI	114810	1	1.0	25
	chrVI	114834	1	0.5	25
	chrVI	114837	0	0.5	25
	chrVI	114840	1	0.5	25
	chrVI	114855	0	0.5	25
	chrVI	114857	0	0.5	25
	chrVI	114857	1	0.5	25
	chrVI	114867	0	1.0	25
	chrVI	114878	0	0.5	25
	chrVI	114920	0	0.5	25
	chrVI	114925	1	0.5	25
	chrVI	114927	0	0.5	25
	chrVI	114929	0	0.5	25
	chrVI	114932	1	0.5	25
	chrVI	114936	0	0.5	25
	chrVI	114941	1	1.0	25
	chrVI	114965	1	0.5	25
	chrVI	114966	1	0.5	25
	chrVI	114968	1	0.5	25
	chrVI	114975	1	0.5	25
	chrVI	114978	0	0.5	25
	chrVI	114979	1	0.5	25
	chrVI	114987	0	0.5	25
	chrVI	115006	1	0.5	25
	chrVI	115019	1	0.5	25
	chrVI	115044	1	0.5	25
	chrVI	115051	0	1.0	25
	chrVI	115052	1	0.5	25
	chrVI	115068	0	0.5	25
	chrVI	115069	1	0.5	25
	chrVI	115073	0	0.5	25
	chrVI	115080	0	0.5	25
	chrVI	115085	1	0.5	25
	chrVI	115091	1	0.5	25
	chrVI	115102	0	0.5	25
	chrVI	115104	0	0.5	25
	chrVI	115109	0	1.0	25
	chrVI	115114	0	0.5	25
	chrVI	115126	0	0.5	25
	chrVI	115127	1	0.5	25
	chrVI	115148	1	0.5	25
	chrVI	115150	1	0.5	25
	chrVI	115159	1	0.5	25
	chrVI	115179	0	0.5	25
	chrVI	115198	1	0.5	25
	chrVI	115199	0	0.5	25
	chrVI	115207	0	0.5	25
	chrVI	115207	1	0.5	25
	chrVI	115221	0	0.5	25
	chrVI	115235	1	0.5	25
	chrVI	115263	1	0.5	25
	chrVI	115264	1	0.5	25
	chrVI	115265	0	0.5	25
	chrVI	115272	1	1.0	25
	chrVI	115284	0	0.5	25
	chrVI	115295	0	0.5	25
	chrVI	115353	1	0.5	25
	chrVI	115366	0	1.0	25
	chrVI	115368	0	0.5	25
	chrVI	115380	0	0.5	25
	chrVI	115392	0	0.5	25
	chrVI	115405	1	0.5	25
	chrVI	115460	1	1.0	25
	chrVI	115462	1	0.5	25
	chrVI	115466	1	0.5	25
	chrVI	115467	0	0.5	25
	chrVI	115471	0	0.5	25
	chrVI	115492	1	0.5	25
	chrVI	115532	1	0.5	25
	chrVI	115533	1	0.5	25
	chrVI	115550	1	0.5	25
	chrVI	115588	0	0.5	25
	chrVI	115590	0	0.5	25
	chrVI	115621	0	0.5	25
	chrVI	115640	1	0.5	25
	chrVI	115648	0	0.5	25
	chrVI	115657	1	0.5	25
	chrVI	115660	1	0.5	25
	chrVI	115662	0	0.5	25
	chrVI	115717	1	0.5	25
	chrVI	115719	0	0.5	25
	chrVI	115749	1	0.5	25
	chrVI	115766	0	0.5	25
	chrVI	115781	0	0.5	25
	chrVI	115809	0	0.5	25
	chrVI	115820	1	0.5	25
	chrVI	115822	0	1.0	25
	chrVI	115823	1	0.5	25
	chrVI	115827	0	1.0	25
	chrVI	115831	0	0.5	25
	chrVI	115832	0	1.0	25
	chrVI	115833	0	1.0	25
	chrVI	115834	0	0.5	25
	chrVI	115838	0	0.5	25
	chrVI	115838	1	0.5	25
	chrVI	115851	0	0.5	25
	chrVI	115866	1	0.5	25
	chrVI	115867	0	0.5	25
	chrVI	115878	1	0.5	25
	chrVI	115882	0	0.5	25
	chrVI	115883	0	0.5	25
	chrVI	115889	1	0.5	25
	chrVI	115891	1	0.5	25
	chrVI	115895	1	0.5	25
	chrVI	115896	0	0.5	25
	chrVI	115897	1	1.0	25
	chrVI	115898	1	0.5	25
	chrVI	115906	0	0.5	25
	chrVI	115906	1	0.5	25
	chrVI	115907	0	0.5	25
	chrVI	115919	1	0.5	25
	chrVI	115921	1	0.5	25
	chrVI	115928	1	0.5	25
	chrVI	115932	1	0.5	25
	chrVI	115933	1	0.5	25
	chrVI	115938	0	1.0	25
	chrVI	115953	0	0.5	25
	chrVI	115954	1	0.5	25
	chrVI	115967	1	0.5	25
	chrVI	115970	1	0.5	25
	chrVI	115973	0	0.5	25
	chrVI	115973	1	0.5	25
	chrVI	115979	0	0.5	25
	chrVI	115986	1	0.5	25
	chrVI	115996	0	0.5	25
	chrVI	115997	1	1.5	25
	chrVI	116011	1	0.5	25
	chrVI	116033	0	0.5	25
	chrVI	116050	0	0.5	25
	chrVI	116051	0	0.5	25
	chrVI	116055	1	0.5	25
	chrVI	116068	1	0.5	25
	chrVI	116074	0	0.5	25
	chrVI	116085	1	0.5	25
	chrVI	116109	1	0.5	25
	chrVI	116110	0	0.5	25
	chrVI	116110	1	1.0	25
	chrVI	116115	0	0.5	25
	chrVI	116178	1	0.5	25
	chrVI	116201	1	0.5	25
	chrVI	116218	1	0.5	25
	chrVI	116288	1	0.5	25
	chrVI	116289	0	0.5	25
	chrVI	116304	0	0.5	25
	chrVI	116313	0	0.5	25
	chrVI	116316	0	0.5	25
	chrVI	116332	0	0.5	25
	chrVI	116351	0	0.5	25
	chrVI	116397	1	0.5	25
	chrVI	116398	1	0.5	25
	chrVI	116408	1	0.5	25
	chrVI	116429	0	0.5	25
	chrVI	116433	1	0.5	25
	chrVI	116436	0	0.5	25
	chrVI	116443	1	0.5	25
	chrVI	116455	1	0.5	25
	chrVI	116456	1	0.5	25
	chrVI	116478	1	0.5	25
	chrVI	116519	0	0.5	25
	chrVI	116618	0	0.5	25
	chrVI	116638	0	0.5	25
	chrVI	116676	0	0.5	25
	chrVI	116684	1	0.5	25
	chrVI	116722	1	0.5	25
	chrVI	116735	0	0.5	25
	chrVI	116739	1	0.5	25
	chrVI	116740	0	0.5	25
	chrVI	116757	1	0.5	25
	chrVI	116760	0	0.5	25
	chrVI	116776	0	0.5	25
	chrVI	116788	1	0.5	25
	chrVI	116791	0	0.5	25
	chrVI	116803	1	0.5	25
	chrVI	116809	0	0.5	25
	chrVI	116861	1	0.5	25
	chrVI	116871	1	0.5	25
	chrVI	116881	0	0.5	25
	chrVI	116882	0	0.5	25
	chrVI	116888	0	1.5	25
	chrVI	116892	1	0.5	25
	chrVI	116893	0	0.5	25
	chrVI	116901	1	0.5	25
	chrVI	116921	0	0.5	25
	chrVI	116927	0	0.5	25
	chrVI	116939	1	0.5	25
	chrVI	116945	0	0.5	25
	chrVI	116949	1	0.5	25
	chrVI	116959	1	0.5	25
	chrVI	117004	1	0.5	25
	chrVI	117010	1	0.5	25
	chrVI	117029	0	1.0	25
	chrVI	117037	0	1.0	25
	chrVI	117040	0	1.0	25
	chrVI	117040	1	1.5	25
	chrVI	117071	0	0.5	25
	chrVI	117093	1	0.5	25
	chrVI	117107	1	0.5	25
	chrVI	117110	1	1.0	25
	chrVI	117113	0	0.5	25
	chrVI	117125	1	0.5	25
	chrVI	117147	1	0.5	25
	chrVI	117179	0	1.0	25
	chrVI	117187	1	0.5	25
	chrVI	117201	0	0.5	25
	chrVI	117216	1	1.0	25
	chrVI	117252	1	1.0	25
	chrVI	117261	0	0.5	25
	chrVI	117316	1	0.5	25
	chrVI	117348	1	0.5	25
	chrVI	117355	0	1.5	25
	chrVI	117391	0	0.5	25
	chrVI	117403	1	1.0	25
	chrVI	117419	1	0.5	25
	chrVI	117443	1	0.5	25
	chrVI	117484	0	1.0	25
	chrVI	117522	0	0.5	25
	chrVI	117577	1	1.0	25
	chrVI	117582	0	0.5	25
	chrVI	117668	0	0.5	25
	chrVI	117681	0	0.5	25
	chrVI	117723	0	0.5	25
	chrVI	117738	1	0.5	25
	chrVI	117743	1	0.5	25
	chrVI	117768	0	0.5	25
	chrVI	117786	1	1.0	25
	chrVI	117792	1	0.5	25
	chrVI	117808	0	0.5	25
	chrVI	117828	0	0.5	25
	chrVI	117828	1	0.5	25
	chrVI	117838	0	0.5	25
	chrVI	117908	1	0.5	25
	chrVI	117917	0	1.0	25
	chrVI	117932	0	0.5	25
	chrVI	117934	0	0.5	25
	chrVI	117950	0	0.5	25
	chrVI	117954	1	0.5	25
	chrVI	118004	1	1.0	25
	chrVI	118013	1	0.5	25
	chrVI	118026	0	0.5	25
	chrVI	118064	0	0.5	25
	chrVI	118070	0	1.0	25
	chrVI	118073	0	0.5	25
	chrVI	118081	1	0.5	25
	chrVI	118084	1	1.0	25
	chrVI	118092	0	0.5	25
	chrVI	118103	1	0.5	25
	chrVI	118108	0	0.5	25
	chrVI	118121	0	1.0	25
	chrVI	118128	1	0.5	25
	chrVI	118134	0	0.5	25
	chrVI	118152	1	1.5	25
	chrVI	118188	1	1.0	25
	chrVI	118211	0	1.0	25
	chrVI	118216	0	0.5	25
	chrVI	118252	0	0.5	25
	chrVI	118252	1	0.5	25
	chrVI	118254	0	1.0	25
	chrVI	118275	0	0.5	25
	chrVI	118277	0	0.5	25
	chrVI	118286	1	1.0	25
	chrVI	118302	1	0.5	25
	chrVI	118325	0	0.5	25
	chrVI	118341	0	1.5	25
	chrVI	118345	1	1.0	25
	chrVI	118354	1	0.5	25
	chrVI	118357	1	0.5	25
	chrVI	118358	0	0.5	25
	chrVI	118359	0	0.5	25
	chrVI	118361	1	0.5	25
	chrVI	118374	0	0.5	25
	chrVI	118399	1	0.5	25
	chrVI	118403	1	0.5	25
	chrVI	118412	0	0.5	25
	chrVI	118430	1	0.5	25
	chrVI	118431	0	0.5	25
	chrVI	118432	0	0.5	25
	chrVI	118452	0	0.5	25
	chrVI	118452	1	0.5	25
	chrVI	118460	0	0.5	25
	chrVI	118461	0	0.5	25
	chrVI	118466	1	0.5	25
	chrVI	118476	1	1.5	25
	chrVI	118481	0	0.5	25
	chrVI	118482	0	0.5	25
	chrVI	118493	1	0.5	25
	chrVI	118499	1	0.5	25
	chrVI	118525	0	0.5	25
	chrVI	118531	1	0.5	25
	chrVI	118534	1	0.5	25
	chrVI	118535	0	0.5	25
	chrVI	118541	0	0.5	25
	chrVI	118543	0	0.5	25
	chrVI	118545	1	0.5	25
	chrVI	118556	0	0.5	25
	chrVI	118562	0	0.5	25
	chrVI	118565	0	0.5	25
	chrVI	118574	0	0.5	25
	chrVI	118585	0	1.0	25
	chrVI	118592	0	1.5	25
	chrVI	118593	0	0.5	25
	chrVI	118595	0	0.5	25
	chrVI	118598	1	0.5	25
	chrVI	118607	0	0.5	25
	chrVI	118612	1	0.5	25
	chrVI	118614	0	0.5	25
	chrVI	118615	1	0.5	25
	chrVI	118616	1	0.5	25
	chrVI	118617	0	0.5	25
	chrVI	118621	1	0.5	25
	chrVI	118622	1	0.5	25
	chrVI	118623	1	0.5	25
	chrVI	118625	1	0.5	25
	chrVI	118628	0	0.5	25
	chrVI	118628	1	0.5	25
	chrVI	118631	0	0.5	25
	chrVI	118633	1	0.5	25
	chrVI	118636	0	0.5	25
	chrVI	118636	1	1.0	25
	chrVI	118640	1	0.5	25
	chrVI	118641	1	0.5	25
	chrVI	118645	0	0.5	25
	chrVI	118647	0	0.5	25
	chrVI	118649	1	0.5	25
	chrVI	118653	1	0.5	25
	chrVI	118654	1	1.0	25
	chrVI	118655	0	0.5	25
	chrVI	118659	0	1.0	25
	chrVI	118660	0	0.5	25
	chrVI	118663	0	0.5	25
	chrVI	118663	1	0.5	25
	chrVI	118665	1	0.5	25
	chrVI	118666	0	0.5	25
	chrVI	118676	0	0.5	25
	chrVI	118678	0	0.5	25
	chrVI	118683	0	0.5	25
	chrVI	118684	0	0.5	25
	chrVI	118685	0	0.5	25
	chrVI	118688	1	0.5	25
	chrVI	118690	1	0.5	25
	chrVI	118693	0	0.5	25
	chrVI	118701	1	0.5	25
	chrVI	118704	1	0.5	25
	chrVI	118711	1	0.5	25
	chrVI	118712	0	0.5	25
	chrVI	118714	1	0.5	25
	chrVI	118716	1	1.5	25
	chrVI	118717	0	0.5	25
	chrVI	118717	1	1.0	25
	chrVI	118719	0	0.5	25
	chrVI	118726	0	0.5	25
	chrVI	118727	1	0.5	25
	chrVI	118738	1	1.0	25
	chrVI	118742	0	0.5	25
	chrVI	118743	1	0.5	25
	chrVI	118746	1	0.5	25
	chrVI	118748	0	1.0	25
	chrVI	118749	0	0.5	25
	chrVI	118750	0	0.5	25
	chrVI	118755	1	0.5	25
	chrVI	118757	0	0.5	25
	chrVI	118758	0	1.0	25
	chrVI	118766	0	0.5	25
	chrVI	118770	0	0.5	25
	chrVI	118781	1	0.5	25
	chrVI	118785	1	0.5	25
	chrVI	118786	1	0.5	25
	chrVI	118789	0	0.5	25
	chrVI	118798	1	0.5	25
	chrVI	118807	1	1.0	25
	chrVI	118811	1	0.5	25
	chrVI	118812	1	1.0	25
	chrVI	118813	0	0.5	25
	chrVI	118815	1	0.5	25
	chrVI	118820	1	1.0	25
	chrVI	118822	1	0.5	25
	chrVI	118824	1	0.5	25
	chrVI	118828	1	0.5	25
	chrVI	118840	0	1.0	25
	chrVI	118843	1	0.5	25
	chrVI	118867	0	0.5	25
	chrVI	118869	1	0.5	25
	chrVI	118879	1	0.5	25
	chrVI	118894	1	0.5	25
	chrVI	118912	0	0.5	25
	chrVI	118916	1	0.5	25
	chrVI	118928	0	0.5	25
	chrVI	118947	0	0.5	25
	chrVI	118959	1	0.5	25
	chrVI	119003	1	0.5	25
	chrVI	119005	1	0.5	25
	chrVI	119008	0	0.5	25
	chrVI	119013	0	0.5	25
	chrVI	119020	0	0.5	25
	chrVI	119021	0	0.5	25
	chrVI	119044	0	0.5	25
	chrVI	119059	0	0.5	25
	chrVI	119070	0	0.5	25
	chrVI	119075	1	0.5	25
	chrVI	119076	0	0.5	25
	chrVI	119077	1	0.5	25
	chrVI	119088	1	0.5	25
	chrVI	119091	1	1.0	25
	chrVI	119102	1	0.5	25
	chrVI	119124	1	0.5	25
	chrVI	119133	0	0.5	25
	chrVI	119139	0	0.5	25
	chrVI	119157	0	0.5	25
	chrVI	119172	0	0.5	25
	chrVI	119173	0	0.5	25
	chrVI	119197	1	0.5	25
	chrVI	119203	1	0.5	25
	chrVI	119214	0	1.0	25
	chrVI	119217	1	0.5	25
	chrVI	119221	1	0.5	25
	chrVI	119222	0	3.0	25
	chrVI	119226	1	0.5	25
	chrVI	119227	0	0.5	25
	chrVI	119228	0	0.5	25
	chrVI	119229	1	0.5	25
	chrVI	119234	0	0.5	25
	chrVI	119235	0	0.5	25
	chrVI	119241	0	0.5	25
	chrVI	119244	0	0.5	25
	chrVI	119249	0	0.5	25
	chrVI	119249	1	0.5	25
	chrVI	119253	0	0.5	25
	chrVI	119255	1	0.5	25
	chrVI	119257	0	0.5	25
	chrVI	119272	0	0.5	25
	chrVI	119285	1	0.5	25
	chrVI	119300	1	0.5	25
	chrVI	119306	1	0.5	25
	chrVI	119312	1	1.0	25
	chrVI	119315	0	0.5	25
	chrVI	119319	1	2.0	25
	chrVI	119322	0	1.0	25
	chrVI	119322	1	1.0	25
	chrVI	119325	1	0.5	25
	chrVI	119326	1	1.0	25
	chrVI	119336	1	1.0	25
	chrVI	119337	0	0.5	25
	chrVI	119338	0	0.5	25
	chrVI	119339	0	0.5	25
	chrVI	119340	0	0.5	25
	chrVI	119348	0	0.5	25
	chrVI	119367	0	0.5	25
	chrVI	119368	0	0.5	25
	chrVI	119371	0	0.5	25
	chrVI	119378	1	0.5	25
	chrVI	119398	1	0.5	25
	chrVI	119400	1	0.5	25
	chrVI	119404	0	0.5	25
	chrVI	119417	0	0.5	25
	chrVI	119420	0	0.5	25
	chrVI	119429	1	0.5	25
	chrVI	119430	1	0.5	25
	chrVI	119438	0	0.5	25
	chrVI	119469	0	0.5	25
	chrVI	119471	1	1.5	25
	chrVI	119472	0	0.5	25
	chrVI	119473	0	0.5	25
	chrVI	119474	0	0.5	25
	chrVI	119475	0	0.5	25
	chrVI	119487	0	0.5	25
	chrVI	119502	1	0.5	25
	chrVI	119508	0	0.5	25
	chrVI	119508	1	0.5	25
	chrVI	119511	1	0.5	25
	chrVI	119521	1	0.5	25
	chrVI	119531	0	0.5	25
	chrVI	119534	1	1.0	25
	chrVI	119542	1	0.5	25
	chrVI	119551	0	0.5	25
	chrVI	119551	1	1.0	25
	chrVI	119556	0	0.5	25
	chrVI	119559	1	0.5	25
	chrVI	119575	0	0.5	25
	chrVI	119594	1	0.5	25
	chrVI	119628	1	0.5	25
	chrVI	119631	0	1.0	25
	chrVI	119640	1	0.5	25
	chrVI	119645	1	0.5	25
	chrVI	119653	1	0.5	25
	chrVI	119661	1	0.5	25
	chrVI	119668	0	0.5	25
	chrVI	119669	0	0.5	25
	chrVI	119683	0	0.5	25
	chrVI	119689	0	0.5	25
	chrVI	119691	1	1.0	25
	chrVI	119705	1	0.5	25
	chrVI	119713	1	0.5	25
	chrVI	119716	1	0.5	25
	chrVI	119724	0	1.0	25
	chrVI	119731	1	0.5	25
	chrVI	119737	1	0.5	25
	chrVI	119746	1	0.5	25
	chrVI	119783	0	0.5	25
	chrVI	119791	0	0.5	25
	chrVI	119816	1	1.0	25
	chrVI	119817	0	1.0	25
	chrVI	119825	1	0.5	25
	chrVI	119842	1	0.5	25
	chrVI	119847	0	1.0	25
	chrVI	119855	1	0.5	25
	chrVI	119872	0	0.5	25
	chrVI	119899	1	1.0	25
	chrVI	119917	1	1.0	25
	chrVI	119928	1	0.5	25
	chrVI	119944	0	0.5	25
	chrVI	119946	0	0.5	25
	chrVI	119961	0	0.5	25
	chrVI	119987	0	0.5	25
	chrVI	119999	1	0.5	25
	chrVI	120003	0	0.5	25
	chrVI	120004	0	0.5	25
	chrVI	120005	0	0.5	25
	chrVI	120021	1	0.5	25
	chrVI	120025	0	0.5	25
	chrVI	120029	1	0.5	25
	chrVI	120045	1	0.5	25
	chrVI	120055	1	0.5	25
	chrVI	120065	1	0.5	25
	chrVI	120066	0	0.5	25
	chrVI	120070	0	1.0	25
	chrVI	120089	0	0.5	25
	chrVI	120111	1	0.5	25
	chrVI	120126	1	0.5	25
	chrVI	120148	0	0.5	25
	chrVI	120158	1	0.5	25
	chrVI	120162	1	1.0	25
	chrVI	120163	0	0.5	25
	chrVI	120164	1	0.5	25
	chrVI	120165	0	0.5	25
	chrVI	120201	0	0.5	25
	chrVI	120212	1	0.5	25
	chrVI	120223	1	0.5	25
	chrVI	120226	0	0.5	25
	chrVI	120229	0	0.5	25
	chrVI	120253	1	0.5	25
	chrVI	120260	0	0.5	25
	chrVI	120281	1	0.5	25
	chrVI	120288	0	0.5	25
	chrVI	120304	1	0.5	25
	chrVI	120317	1	0.5	25
	chrVI	120322	1	0.5	25
	chrVI	120360	0	0.5	25
	chrVI	120364	0	0.5	25
	chrVI	120397	0	0.5	25
	chrVI	120405	0	1.0	25
	chrVI	120411	1	1.0	25
	chrVI	120413	1	0.5	25
	chrVI	120467	1	0.5	25
	chrVI	120478	0	0.5	25
	chrVI	120497	0	0.5	25
	chrVI	120520	0	0.5	25
	chrVI	120532	1	0.5	25
	chrVI	120534	0	1.0	25
	chrVI	120566	1	0.5	25
	chrVI	120580	1	0.5	25
	chrVI	120600	1	1.0	25
	chrVI	120604	0	0.5	25
	chrVI	120618	0	0.5	25
	chrVI	120635	0	0.5	25
	chrVI	120636	1	1.0	25
	chrVI	120643	0	0.5	25
	chrVI	120649	0	0.5	25
	chrVI	120656	0	0.5	25
	chrVI	120663	1	0.5	25
	chrVI	120680	1	0.5	25
	chrVI	120712	1	0.5	25
	chrVI	120723	1	0.5	25
	chrVI	120730	0	0.5	25
	chrVI	120757	0	0.5	25
	chrVI	120769	1	0.5	25
	chrVI	120787	0	0.5	25
	chrVI	120787	1	0.5	25
	chrVI	120794	0	0.5	25
	chrVI	120816	1	0.5	25
	chrVI	120820	0	0.5	25
	chrVI	120845	1	0.5	25
	chrVI	120850	0	0.5	25
	chrVI	120868	1	0.5	25
	chrVI	120890	1	0.5	25
	chrVI	120908	0	0.5	25
	chrVI	120915	0	0.5	25
	chrVI	120919	1	0.5	25
	chrVI	120934	0	0.5	25
	chrVI	120941	1	0.5	25
	chrVI	120971	1	0.5	25
	chrVI	120973	0	0.5	25
	chrVI	120976	0	0.5	25
	chrVI	120984	0	0.5	25
	chrVI	120989	1	0.5	25
	chrVI	120995	0	0.5	25
	chrVI	121031	1	0.5	25
	chrVI	121036	0	0.5	25
	chrVI	121039	1	0.5	25
	chrVI	121075	1	0.5	25
	chrVI	121092	0	0.5	25
	chrVI	121136	1	0.5	25
	chrVI	121145	1	0.5	25
	chrVI	121170	1	0.5	25
	chrVI	121173	0	0.5	25
	chrVI	121248	1	0.5	25
	chrVI	121261	1	0.5	25
	chrVI	121262	0	0.5	25
	chrVI	121281	0	0.5	25
	chrVI	121325	1	0.5	25
	chrVI	121369	0	0.5	25
	chrVI	121439	0	0.5	25
	chrVI	121439	1	0.5	25
	chrVI	121473	0	1.0	25
	chrVI	121506	1	0.5	25
	chrVI	121530	1	1.0	25
	chrVI	121531	1	0.5	25
	chrVI	121574	0	0.5	25
	chrVI	121576	0	0.5	25
	chrVI	121615	0	0.5	25
	chrVI	121640	1	0.5	25
	chrVI	121656	1	0.5	25
	chrVI	121662	0	0.5	25
	chrVI	121668	0	0.5	25
	chrVI	121668	1	0.5	25
	chrVI	121669	0	0.5	25
	chrVI	121712	1	0.5	25
	chrVI	121723	1	0.5	25
	chrVI	121733	1	0.5	25
	chrVI	121736	0	0.5	25
	chrVI	121827	0	0.5	25
	chrVI	121832	1	0.5	25
	chrVI	121834	0	0.5	25
	chrVI	121874	1	0.5	25
	chrVI	121876	0	0.5	25
	chrVI	121916	1	0.5	25
	chrVI	121929	0	0.5	25
	chrVI	121954	1	0.5	25
	chrVI	121970	0	0.5	25
	chrVI	121985	0	0.5	25
	chrVI	121993	0	0.5	25
	chrVI	122001	0	0.5	25
	chrVI	122006	1	0.5	25
	chrVI	122008	0	0.5	25
	chrVI	122041	0	0.5	25
	chrVI	122065	1	0.5	25
	chrVI	122067	1	0.5	25
	chrVI	122092	0	0.5	25
	chrVI	122100	1	0.5	25
	chrVI	122124	0	0.5	25
	chrVI	122125	0	1.0	25
	chrVI	122133	0	1.0	25
	chrVI	122135	0	0.5	25
	chrVI	122154	0	0.5	25
	chrVI	122156	0	0.5	25
	chrVI	122164	1	0.5	25
	chrVI	122168	0	0.5	25
	chrVI	122179	1	0.5	25
	chrVI	122204	1	0.5	25
	chrVI	122207	1	0.5	25
	chrVI	122214	1	1.0	25
	chrVI	122224	0	0.5	25
	chrVI	122233	0	0.5	25
	chrVI	122241	1	0.5	25
	chrVI	122242	0	0.5	25
	chrVI	122248	1	0.5	25
	chrVI	122252	0	0.5	25
	chrVI	122271	1	1.0	25
	chrVI	122276	1	0.5	25
	chrVI	122295	1	0.5	25
	chrVI	122304	1	0.5	25
	chrVI	122305	0	0.5	25
	chrVI	122314	0	0.5	25
	chrVI	122319	1	1.0	25
	chrVI	122329	0	0.5	25
	chrVI	122341	1	0.5	25
	chrVI	122353	1	0.5	25
	chrVI	122361	0	0.5	25
	chrVI	122373	0	0.5	25
	chrVI	122380	1	0.5	25
	chrVI	122423	1	0.5	25
	chrVI	122429	1	0.5	25
	chrVI	122460	1	0.5	25
	chrVI	122486	0	1.0	25
	chrVI	122500	0	0.5	25
	chrVI	122534	1	0.5	25
	chrVI	122543	0	0.5	25
	chrVI	122544	0	0.5	25
	chrVI	122554	0	0.5	25
	chrVI	122571	0	0.5	25
	chrVI	122587	0	0.5	25
	chrVI	122588	1	0.5	25
	chrVI	122589	1	0.5	25
	chrVI	122610	0	0.5	25
	chrVI	122612	1	0.5	25
	chrVI	122613	1	0.5	25
	chrVI	122622	1	0.5	25
	chrVI	122636	1	1.0	25
	chrVI	122655	0	0.5	25
	chrVI	122658	1	0.5	25
	chrVI	122677	1	0.5	25
	chrVI	122707	1	0.5	25
	chrVI	122768	0	0.5	25
	chrVI	122785	0	0.5	25
	chrVI	122789	0	1.0	25
	chrVI	122816	0	0.5	25
	chrVI	122839	1	0.5	25
	chrVI	122841	1	0.5	25
	chrVI	122854	0	0.5	25
	chrVI	122856	1	0.5	25
	chrVI	122860	1	1.0	25
	chrVI	122902	0	0.5	25
	chrVI	122924	0	0.5	25
	chrVI	122929	0	0.5	25
	chrVI	122931	0	0.5	25
	chrVI	122933	0	0.5	25
	chrVI	122949	1	0.5	25
	chrVI	122955	0	0.5	25
	chrVI	122968	0	0.5	25
	chrVI	122978	0	0.5	25
	chrVI	122985	1	0.5	25
	chrVI	122997	0	0.5	25
	chrVI	123015	1	0.5	25
	chrVI	123019	1	0.5	25
	chrVI	123034	0	0.5	25
	chrVI	123049	1	0.5	25
	chrVI	123079	1	0.5	25
	chrVI	123086	0	0.5	25
	chrVI	123091	1	0.5	25
	chrVI	123101	0	0.5	25
	chrVI	123110	0	1.0	25
	chrVI	123147	1	0.5	25
	chrVI	123157	0	0.5	25
	chrVI	123159	0	0.5	25
	chrVI	123161	1	0.5	25
	chrVI	123168	0	0.5	25
	chrVI	123169	0	1.0	25
	chrVI	123172	1	1.0	25
	chrVI	123173	0	1.5	25
	chrVI	123178	1	0.5	25
	chrVI	123180	0	1.0	25
	chrVI	123181	0	2.5	25
	chrVI	123182	0	0.5	25
	chrVI	123185	0	2.0	25
	chrVI	123185	1	0.5	25
	chrVI	123186	0	3.0	25
	chrVI	123188	0	0.5	25
	chrVI	123189	0	0.5	25
	chrVI	123193	0	0.5	25
	chrVI	123194	0	0.5	25
	chrVI	123196	0	1.0	25
	chrVI	123197	0	0.5	25
	chrVI	123198	0	2.0	25
	chrVI	123200	0	0.5	25
	chrVI	123200	1	0.5	25
	chrVI	123201	0	2.0	25
	chrVI	123202	0	2.0	25
	chrVI	123203	0	1.0	25
	chrVI	123204	0	2.0	25
	chrVI	123205	0	0.5	25
	chrVI	123207	0	1.0	25
	chrVI	123218	0	0.5	25
	chrVI	123222	0	0.5	25
	chrVI	123231	1	1.0	25
	chrVI	123233	1	0.5	25
	chrVI	123235	1	0.5	25
	chrVI	123239	0	0.5	25
	chrVI	123244	0	0.5	25
	chrVI	123248	1	1.0	25
	chrVI	123252	1	0.5	25
	chrVI	123255	1	2.0	25
	chrVI	123258	1	0.5	25
	chrVI	123259	1	0.5	25
	chrVI	123261	0	0.5	25
	chrVI	123261	1	3.5	25
	chrVI	123262	1	10.0	25
	chrVI	123263	0	1.0	25
	chrVI	123263	1	0.5	25
	chrVI	123269	1	0.5	25
	chrVI	123271	1	0.5	25
	chrVI	123277	1	2.0	25
	chrVI	123278	1	1.0	25
	chrVI	123279	0	0.5	25
	chrVI	123281	0	0.5	25
	chrVI	123282	0	0.5	25
	chrVI	123284	1	1.5	25
	chrVI	123294	1	0.5	25
	chrVI	123295	1	2.5	25
	chrVI	123296	1	1.0	25
	chrVI	123297	0	1.0	25
	chrVI	123302	0	0.5	25
	chrVI	123303	0	0.5	25
	chrVI	123318	1	0.5	25
	chrVI	123334	1	0.5	25
	chrVI	123341	0	0.5	25
	chrVI	123345	1	0.5	25
	chrVI	123350	1	0.5	25
	chrVI	123367	1	0.5	25
	chrVI	123368	0	0.5	25
	chrVI	123375	0	0.5	25
	chrVI	123377	1	0.5	25
	chrVI	123393	1	0.5	25
	chrVI	123400	1	0.5	25
	chrVI	123401	1	0.5	25
	chrVI	123412	1	0.5	25
	chrVI	123430	1	0.5	25
	chrVI	123461	0	0.5	25
	chrVI	123478	1	0.5	25
	chrVI	123567	0	0.5	25
	chrVI	123572	0	0.5	25
	chrVI	123583	0	0.5	25
	chrVI	123608	0	0.5	25
	chrVI	123617	0	0.5	25
	chrVI	123618	1	0.5	25
	chrVI	123620	0	0.5	25
	chrVI	123622	1	0.5	25
	chrVI	123638	1	0.5	25
	chrVI	123641	0	0.5	25
	chrVI	123657	0	0.5	25
	chrVI	123674	1	0.5	25
	chrVI	123678	1	0.5	25
	chrVI	123693	0	0.5	25
	chrVI	123700	1	0.5	25
	chrVI	123707	1	0.5	25
	chrVI	123725	1	0.5	25
	chrVI	123729	0	0.5	25
	chrVI	123749	1	0.5	25
	chrVI	123753	1	0.5	25
	chrVI	123756	0	0.5	25
	chrVI	123760	0	0.5	25
	chrVI	123766	0	0.5	25
	chrVI	123779	1	0.5	25
	chrVI	123782	1	0.5	25
	chrVI	123791	0	0.5	25
	chrVI	123796	0	0.5	25
	chrVI	123816	1	0.5	25
	chrVI	123821	0	0.5	25
	chrVI	123825	1	0.5	25
	chrVI	123834	1	0.5	25
	chrVI	123843	0	0.5	25
	chrVI	123844	0	1.0	25
	chrVI	123855	1	0.5	25
	chrVI	123867	0	0.5	23
	chrVI	123894	0	0.5	25
	chrVI	123909	1	0.5	25
	chrVI	123919	0	0.5	25
	chrVI	123943	1	0.5	25
	chrVI	123956	1	0.5	25
	chrVI	123968	1	0.5	25
	chrVI	123971	0	1.0	25
	chrVI	123983	1	0.5	25
	chrVI	123984	1	0.5	25
	chrVI	123994	0	0.5	25
	chrVI	124008	0	0.5	25
	chrVI	124016	1	1.0	25
	chrVI	124033	0	0.5	25
	chrVI	124053	0	0.5	25
	chrVI	124076	0	0.5	25
	chrVI	124077	0	0.5	25
	chrVI	124084	1	0.5	24
	chrVI	124085	1	0.5	25
	chrVI	124091	1	0.5	25
	chrVI	124092	1	0.5	25
	chrVI	124115	1	0.5	25
	chrVI	124116	1	0.5	25
	chrVI	124136	1	0.5	25
	chrVI	124140	0	0.5	25
	chrVI	124154	0	1.0	25
	chrVI	124193	0	0.5	25
	chrVI	124198	0	0.5	25
	chrVI	124203	0	0.5	25
	chrVI	124232	1	0.5	25
	chrVI	124241	1	1.0	25
	chrVI	124266	1	0.5	25
	chrVI	124290	1	1.0	25
	chrVI	124293	1	0.5	25
	chrVI	124334	0	0.5	25
	chrVI	124367	0	0.5	25
	chrVI	124369	0	0.5	25
	chrVI	124404	0	0.5	25
	chrVI	124433	0	0.5	25
	chrVI	124436	1	0.5	25
	chrVI	124438	1	0.5	25
	chrVI	124453	1	0.5	25
	chrVI	124456	0	0.5	25
	chrVI	124468	0	0.5	25
	chrVI	124471	0	0.5	25
	chrVI	124475	0	1.0	25
	chrVI	124483	1	0.5	25
	chrVI	124486	0	0.5	25
	chrVI	124504	1	0.5	25
	chrVI	124508	1	0.5	25
	chrVI	124518	0	0.5	25
	chrVI	124533	1	0.5	25
	chrVI	124550	0	0.5	25
	chrVI	124554	0	0.5	25
	chrVI	124556	1	0.5	25
	chrVI	124566	0	0.5	25
	chrVI	124566	1	0.5	25
	chrVI	124586	0	1.0	25
	chrVI	124587	1	0.5	25
	chrVI	124588	1	1.0	25
	chrVI	124606	1	0.5	25
	chrVI	124648	1	0.5	25
	chrVI	124649	0	0.5	25
	chrVI	124684	1	0.5	25
	chrVI	124685	0	0.5	25
	chrVI	124694	0	0.5	25
	chrVI	124720	0	0.5	25
	chrVI	124758	1	0.5	25
	chrVI	124769	1	0.5	25
	chrVI	124770	1	0.5	25
	chrVI	124783	1	0.5	25
	chrVI	124803	0	0.5	25
	chrVI	124859	0	1.0	25
	chrVI	124862	0	0.5	25
	chrVI	124864	1	0.5	25
	chrVI	124888	1	0.5	25
	chrVI	124930	0	0.5	25
	chrVI	124933	0	0.5	25
	chrVI	124941	0	0.5	25
	chrVI	124954	1	0.5	25
	chrVI	124960	1	0.5	25
	chrVI	124989	1	0.5	25
	chrVI	124993	1	0.5	25
	chrVI	124994	0	0.5	25
	chrVI	125003	1	0.5	25
	chrVI	125006	0	0.5	25
	chrVI	125037	1	1.0	25
	chrVI	125039	0	0.5	25
	chrVI	125054	1	0.5	25
	chrVI	125058	0	0.5	25
	chrVI	125059	0	0.5	25
	chrVI	125066	0	0.5	25
	chrVI	125084	1	0.5	25
	chrVI	125093	1	0.5	25
	chrVI	125133	0	0.5	25
	chrVI	125133	1	0.5	25
	chrVI	125148	1	0.5	25
	chrVI	125162	1	0.5	25
	chrVI	125185	0	0.5	25
	chrVI	125202	0	0.5	25
	chrVI	125208	1	0.5	25
	chrVI	125269	1	0.5	25
	chrVI	125286	0	0.5	25
	chrVI	125302	1	0.5	25
	chrVI	125335	0	0.5	25
	chrVI	125379	0	0.5	25
	chrVI	125423	0	1.0	25
	chrVI	125435	1	0.5	25
	chrVI	125441	1	0.5	25
	chrVI	125488	1	0.5	25
	chrVI	125502	1	0.5	25
	chrVI	125504	0	0.5	25
	chrVI	125539	1	0.5	25
	chrVI	125556	0	0.5	25
	chrVI	125572	0	0.5	25
	chrVI	125594	0	0.5	25
	chrVI	125613	1	0.5	25
	chrVI	125624	1	0.5	25
	chrVI	125639	0	0.5	25
	chrVI	125646	1	0.5	25
	chrVI	125649	0	0.5	25
	chrVI	125652	0	0.5	25
	chrVI	125654	0	1.0	25
	chrVI	125671	0	0.5	25
	chrVI	125702	0	0.5	25
	chrVI	125707	1	0.5	25
	chrVI	125712	1	0.5	25
	chrVI	125721	1	1.0	25
	chrVI	125722	1	0.5	25
	chrVI	125724	1	0.5	25
	chrVI	125731	0	0.5	25
	chrVI	125733	0	0.5	25
	chrVI	125737	1	0.5	25
	chrVI	125776	0	0.5	25
	chrVI	125783	1	0.5	25
	chrVI	125787	1	0.5	25
	chrVI	125833	0	0.5	25
	chrVI	125844	1	0.5	25
	chrVI	125857	0	0.5	25
	chrVI	125858	0	0.5	25
	chrVI	125874	1	0.5	25
	chrVI	125880	0	0.5	25
	chrVI	125882	0	0.5	25
	chrVI	125884	0	0.5	25
	chrVI	125899	0	0.5	25
	chrVI	125910	0	0.5	25
	chrVI	125930	1	0.5	25
	chrVI	125944	1	0.5	25
	chrVI	125951	1	0.5	25
	chrVI	125961	1	0.5	25
	chrVI	125966	0	0.5	25
	chrVI	125974	1	0.5	25
	chrVI	125975	1	0.5	25
	chrVI	125976	1	0.5	25
	chrVI	125982	0	0.5	25
	chrVI	125986	0	0.5	25
	chrVI	126010	1	0.5	25
	chrVI	126017	1	0.5	25
	chrVI	126030	0	0.5	25
	chrVI	126035	0	0.5	25
	chrVI	126037	0	0.5	25
	chrVI	126052	0	0.5	25
	chrVI	126057	1	0.5	25
	chrVI	126059	0	0.5	25
	chrVI	126076	1	0.5	25
	chrVI	126099	0	1.0	25
	chrVI	126125	1	0.5	25
	chrVI	126132	1	0.5	25
	chrVI	126141	1	0.5	25
	chrVI	126155	0	0.5	25
	chrVI	126158	0	0.5	25
	chrVI	126190	0	0.5	25
	chrVI	126202	1	0.5	25
	chrVI	126205	1	0.5	25
	chrVI	126217	0	0.5	25
	chrVI	126234	1	0.5	25
	chrVI	126241	0	0.5	25
	chrVI	126257	0	0.5	25
	chrVI	126258	1	0.5	25
	chrVI	126263	1	0.5	25
	chrVI	126280	1	1.0	25
	chrVI	126281	0	0.5	25
	chrVI	126290	0	0.5	25
	chrVI	126301	1	0.5	25
	chrVI	126317	1	0.5	25
	chrVI	126324	1	0.5	25
	chrVI	126325	1	0.5	25
	chrVI	126336	1	0.5	25
	chrVI	126421	0	0.5	25
	chrVI	126488	0	0.5	25
	chrVI	126500	1	0.5	25
	chrVI	126528	1	0.5	25
	chrVI	126533	0	1.0	25
	chrVI	126535	0	1.0	25
	chrVI	126542	0	0.5	25
	chrVI	126562	0	0.5	25
	chrVI	126621	1	0.5	25
	chrVI	126625	1	1.0	25
	chrVI	126628	1	1.0	25
	chrVI	126685	0	0.5	25
	chrVI	126717	0	0.5	25
	chrVI	126723	0	0.5	25
	chrVI	126733	1	0.5	25
	chrVI	126739	0	0.5	25
	chrVI	126742	0	0.5	25
	chrVI	126771	1	0.5	25
	chrVI	126784	1	0.5	25
	chrVI	126798	1	0.5	25
	chrVI	126805	1	0.5	25
	chrVI	126848	0	0.5	25
	chrVI	126878	0	0.5	25
	chrVI	126889	1	0.5	25
	chrVI	126925	0	0.5	25
	chrVI	126944	1	0.5	25
	chrVI	126949	0	0.5	25
	chrVI	126960	0	0.5	25
	chrVI	126992	0	0.5	25
	chrVI	126994	0	1.0	25
	chrVI	127013	1	0.5	25
	chrVI	127022	1	0.5	25
	chrVI	127026	0	0.5	25
	chrVI	127031	1	0.5	25
	chrVI	127032	0	1.0	25
	chrVI	127055	1	1.0	25
	chrVI	127064	1	0.5	25
	chrVI	127085	1	1.0	25
	chrVI	127092	0	0.5	25
	chrVI	127097	0	0.5	25
	chrVI	127100	0	0.5	25
	chrVI	127125	0	0.5	25
	chrVI	127140	1	0.5	25
	chrVI	127154	0	0.5	25
	chrVI	127156	0	1.0	25
	chrVI	127158	0	0.5	25
	chrVI	127179	1	0.5	25
	chrVI	127200	1	0.5	25
	chrVI	127218	1	0.5	25
	chrVI	127219	1	0.5	25
	chrVI	127246	1	0.5	25
	chrVI	127267	1	0.5	25
	chrVI	127283	0	0.5	25
	chrVI	127295	0	0.5	25
	chrVI	127314	1	0.5	25
	chrVI	127315	1	1.0	25
	chrVI	127361	0	0.5	25
	chrVI	127376	0	0.5	25
	chrVI	127379	0	0.5	25
	chrVI	127384	0	0.5	25
	chrVI	127385	1	0.5	25
	chrVI	127388	0	0.5	25
	chrVI	127397	0	0.5	25
	chrVI	127405	0	0.5	25
	chrVI	127419	1	0.5	25
	chrVI	127420	0	0.5	25
	chrVI	127430	1	0.5	25
	chrVI	127442	0	0.5	25
	chrVI	127453	1	0.5	25
	chrVI	127466	0	0.5	25
	chrVI	127467	1	0.5	25
	chrVI	127468	1	0.5	25
	chrVI	127479	0	0.5	25
	chrVI	127487	0	0.5	25
	chrVI	127501	1	0.5	25
	chrVI	127502	1	1.0	25
	chrVI	127503	0	0.5	25
	chrVI	127522	0	0.5	25
	chrVI	127527	0	0.5	25
	chrVI	127532	1	0.5	25
	chrVI	127534	1	0.5	25
	chrVI	127538	0	0.5	25
	chrVI	127549	1	0.5	25
	chrVI	127550	0	0.5	25
	chrVI	127552	1	0.5	25
	chrVI	127555	0	0.5	25
	chrVI	127562	1	0.5	25
	chrVI	127579	1	0.5	25
	chrVI	127580	0	0.5	25
	chrVI	127605	1	0.5	25
	chrVI	127629	1	0.5	25
	chrVI	127644	1	1.5	25
	chrVI	127669	1	0.5	25
	chrVI	127671	0	0.5	25
	chrVI	127677	0	0.5	25
	chrVI	127685	0	0.5	25
	chrVI	127707	0	0.5	25
	chrVI	127710	0	0.5	25
	chrVI	127729	1	0.5	25
	chrVI	127752	0	0.5	25
	chrVI	127759	0	0.5	25
	chrVI	127760	1	0.5	25
	chrVI	127761	1	0.5	25
	chrVI	127765	0	0.5	25
	chrVI	127773	0	1.5	25
	chrVI	127776	1	0.5	25
	chrVI	127795	0	0.5	25
	chrVI	127811	0	0.5	25
	chrVI	127815	1	0.5	25
	chrVI	127818	1	0.5	25
	chrVI	127832	0	0.5	25
	chrVI	127841	1	0.5	25
	chrVI	127842	1	1.0	25
	chrVI	127848	1	0.5	25
	chrVI	127858	1	0.5	25
	chrVI	127894	0	0.5	25
	chrVI	127903	1	0.5	25
	chrVI	127910	1	0.5	25
	chrVI	127944	0	0.5	25
	chrVI	127955	0	0.5	25
	chrVI	127981	0	0.5	25
	chrVI	127985	0	0.5	25
	chrVI	127987	1	0.5	25
	chrVI	128033	1	0.5	25
	chrVI	128037	1	0.5	25
	chrVI	128057	1	0.5	25
	chrVI	128068	1	0.5	25
	chrVI	128072	0	0.5	25
	chrVI	128110	1	0.5	25
	chrVI	128112	0	0.5	25
	chrVI	128120	1	0.5	25
	chrVI	128129	0	0.5	25
	chrVI	128144	0	1.0	25
	chrVI	128152	0	1.0	25
	chrVI	128192	0	0.5	25
	chrVI	128201	1	1.0	25
	chrVI	128217	0	0.5	25
	chrVI	128231	0	0.5	25
	chrVI	128237	1	1.0	25
	chrVI	128238	1	0.5	25
	chrVI	128258	1	0.5	25
	chrVI	128292	1	0.5	25
	chrVI	128294	1	0.5	25
	chrVI	128295	0	0.5	25
	chrVI	128305	0	0.5	25
	chrVI	128320	0	0.5	25
	chrVI	128328	0	0.5	25
	chrVI	128359	1	0.5	25
	chrVI	128360	1	0.5	25
	chrVI	128365	1	0.5	25
	chrVI	128366	0	0.5	25
	chrVI	128371	1	1.0	25
	chrVI	128392	0	0.5	25
	chrVI	128396	0	1.0	25
	chrVI	128407	0	0.5	25
	chrVI	128409	0	1.0	25
	chrVI	128434	0	0.5	25
	chrVI	128443	1	0.5	25
	chrVI	128452	1	1.0	25
	chrVI	128453	1	0.5	25
	chrVI	128463	1	0.5	25
	chrVI	128468	1	0.5	25
	chrVI	128510	0	0.5	25
	chrVI	128514	1	0.5	25
	chrVI	128532	0	0.5	25
	chrVI	128534	0	0.5	25
	chrVI	128575	0	0.5	25
	chrVI	128576	1	0.5	25
	chrVI	128582	1	0.5	25
	chrVI	128589	1	0.5	25
	chrVI	128607	0	0.5	25
	chrVI	128641	1	0.5	25
	chrVI	128651	1	0.5	25
	chrVI	128672	0	0.5	25
	chrVI	128677	1	0.5	25
	chrVI	128687	0	0.5	25
	chrVI	128706	0	0.5	25
	chrVI	128731	1	0.5	25
	chrVI	128737	0	0.5	25
	chrVI	128774	1	0.5	25
	chrVI	128799	1	0.5	25
	chrVI	128815	0	0.5	25
	chrVI	128845	0	0.5	25
	chrVI	128845	1	0.5	25
	chrVI	128875	0	0.5	25
	chrVI	128885	1	0.5	25
	chrVI	128913	1	0.5	25
	chrVI	128923	0	0.5	25
	chrVI	128928	1	0.5	25
	chrVI	128947	0	0.5	25
	chrVI	128949	0	0.5	25
	chrVI	128991	0	0.5	25
	chrVI	128993	1	0.5	25
	chrVI	129007	0	1.0	25
	chrVI	129022	1	0.5	25
	chrVI	129046	0	0.5	25
	chrVI	129047	0	0.5	25
	chrVI	129049	0	0.5	25
	chrVI	129055	0	1.0	25
	chrVI	129059	1	0.5	25
	chrVI	129062	0	0.5	25
	chrVI	129095	1	0.5	25
	chrVI	129096	0	0.5	25
	chrVI	129125	0	0.5	25
	chrVI	129128	1	0.5	25
	chrVI	129132	0	0.5	25
	chrVI	129140	1	1.0	25
	chrVI	129161	1	1.0	25
	chrVI	129162	1	1.0	25
	chrVI	129170	0	1.0	25
	chrVI	129174	1	0.5	25
	chrVI	129184	1	0.5	25
	chrVI	129209	0	0.5	25
	chrVI	129217	0	0.5	25
	chrVI	129219	1	0.5	25
	chrVI	129239	0	0.5	25
	chrVI	129247	1	1.0	25
	chrVI	129254	1	0.5	25
	chrVI	129273	0	0.5	25
	chrVI	129287	1	1.0	25
	chrVI	129301	0	0.5	25
	chrVI	129320	1	0.5	25
	chrVI	129346	0	0.5	25
	chrVI	129367	0	0.5	25
	chrVI	129408	0	0.5	25
	chrVI	129420	1	0.5	25
	chrVI	129436	0	0.5	25
	chrVI	129436	1	0.5	25
	chrVI	129443	0	0.5	25
	chrVI	129452	0	0.5	25
	chrVI	129472	0	0.5	25
	chrVI	129473	1	0.5	25
	chrVI	129475	1	0.5	25
	chrVI	129499	0	1.0	25
	chrVI	129513	0	0.5	25
	chrVI	129514	1	0.5	25
	chrVI	129519	1	0.5	25
	chrVI	129525	1	0.5	25
	chrVI	129536	1	0.5	25
	chrVI	129547	0	0.5	25
	chrVI	129574	0	0.5	25
	chrVI	129580	1	0.5	25
	chrVI	129609	1	0.5	25
	chrVI	129619	1	1.5	25
	chrVI	129624	0	0.5	25
	chrVI	129637	0	0.5	25
	chrVI	129653	0	0.5	25
	chrVI	129653	1	0.5	25
	chrVI	129680	0	0.5	25
	chrVI	129680	1	0.5	25
	chrVI	129711	1	0.5	25
	chrVI	129729	0	0.5	25
	chrVI	129749	1	0.5	25
	chrVI	129800	0	0.5	25
	chrVI	129830	0	0.5	25
	chrVI	129837	0	0.5	25
	chrVI	129841	1	0.5	25
	chrVI	129851	1	0.5	25
	chrVI	129857	0	1.5	25
	chrVI	129862	0	1.0	25
	chrVI	129867	0	0.5	25
	chrVI	129889	1	0.5	25
	chrVI	129895	1	1.0	25
	chrVI	129934	0	0.5	25
	chrVI	129942	1	1.0	25
	chrVI	129944	0	0.5	25
	chrVI	129946	1	0.5	25
	chrVI	129948	1	0.5	25
	chrVI	129952	0	1.5	25
	chrVI	129970	0	0.5	25
	chrVI	129987	0	0.5	25
	chrVI	130001	0	0.5	25
	chrVI	130002	0	0.5	25
	chrVI	130003	1	0.5	25
	chrVI	130011	1	0.5	25
	chrVI	130016	0	1.5	25
	chrVI	130017	0	0.5	25
	chrVI	130020	1	1.0	25
	chrVI	130021	0	0.5	25
	chrVI	130022	0	0.5	25
	chrVI	130023	0	0.5	25
	chrVI	130024	0	0.5	25
	chrVI	130024	1	1.0	25
	chrVI	130025	0	1.5	25
	chrVI	130026	0	0.5	25
	chrVI	130057	0	0.5	25
	chrVI	130057	1	0.5	25
	chrVI	130067	1	0.5	25
	chrVI	130068	0	0.5	25
	chrVI	130073	1	0.5	25
	chrVI	130074	1	1.0	25
	chrVI	130076	1	0.5	25
	chrVI	130083	1	0.5	25
	chrVI	130084	1	0.5	25
	chrVI	130085	1	1.0	25
	chrVI	130087	0	0.5	25
	chrVI	130087	1	1.0	25
	chrVI	130088	0	0.5	25
	chrVI	130093	1	0.5	25
	chrVI	130096	1	1.0	25
	chrVI	130103	0	0.5	25
	chrVI	130108	0	1.0	25
	chrVI	130113	1	0.5	25
	chrVI	130119	0	0.5	25
	chrVI	130120	1	0.5	25
	chrVI	130150	1	0.5	25
	chrVI	130152	0	0.5	25
	chrVI	130152	1	1.0	25
	chrVI	130156	1	1.0	25
	chrVI	130160	1	0.5	25
	chrVI	130161	1	0.5	25
	chrVI	130208	0	0.5	25
	chrVI	130210	0	0.5	25
	chrVI	130213	1	0.5	25
	chrVI	130214	1	0.5	25
	chrVI	130216	0	0.5	25
	chrVI	130221	0	0.5	25
	chrVI	130231	0	0.5	25
	chrVI	130251	0	0.5	25
	chrVI	130260	0	0.5	25
	chrVI	130272	0	0.5	25
	chrVI	130272	1	1.0	25
	chrVI	130276	0	0.5	25
	chrVI	130279	1	1.0	25
	chrVI	130293	0	0.5	25
	chrVI	130301	0	0.5	25
	chrVI	130310	1	0.5	25
	chrVI	130312	1	0.5	25
	chrVI	130322	0	0.5	25
	chrVI	130328	0	0.5	25
	chrVI	130339	0	0.5	25
	chrVI	130339	1	0.5	25
	chrVI	130342	1	0.5	25
	chrVI	130350	0	0.5	25
	chrVI	130357	1	0.5	25
	chrVI	130371	0	0.5	25
	chrVI	130375	0	0.5	25
	chrVI	130384	1	0.5	25
	chrVI	130385	1	0.5	25
	chrVI	130390	1	0.5	25
	chrVI	130404	1	0.5	25
	chrVI	130416	0	1.5	25
	chrVI	130426	0	0.5	25
	chrVI	130439	0	0.5	25
	chrVI	130440	1	0.5	25
	chrVI	130474	0	0.5	25
	chrVI	130477	1	0.5	25
	chrVI	130495	1	0.5	25
	chrVI	130497	0	0.5	25
	chrVI	130510	1	0.5	25
	chrVI	130515	1	1.5	25
	chrVI	130552	0	0.5	25
	chrVI	130559	1	0.5	25
	chrVI	130560	1	0.5	25
	chrVI	130619	1	0.5	25
	chrVI	130621	1	0.5	25
	chrVI	130646	0	0.5	25
	chrVI	130667	0	0.5	25
	chrVI	130687	1	0.5	25
	chrVI	130706	0	0.5	25
	chrVI	130723	1	0.5	25
	chrVI	130733	0	0.5	25
	chrVI	130734	0	0.5	25
	chrVI	130791	1	0.5	25
	chrVI	130816	1	0.5	25
	chrVI	130819	0	0.5	25
	chrVI	130843	0	0.5	25
	chrVI	130848	1	0.5	25
	chrVI	130860	0	0.5	23
	chrVI	130869	1	0.5	25
	chrVI	130876	0	0.5	25
	chrVI	130881	0	0.5	25
	chrVI	130883	0	1.0	25
	chrVI	130890	0	0.5	25
	chrVI	130892	0	0.5	25
	chrVI	130893	0	0.5	25
	chrVI	130896	0	0.5	25
	chrVI	130903	0	0.5	25
	chrVI	130918	1	0.5	25
	chrVI	130932	1	0.5	25
	chrVI	130940	1	0.5	25
	chrVI	130941	1	0.5	25
	chrVI	130942	0	0.5	25
	chrVI	130942	1	0.5	25
	chrVI	130943	0	1.0	25
	chrVI	130948	1	0.5	25
	chrVI	130959	0	0.5	25
	chrVI	130968	1	0.5	25
	chrVI	130976	0	0.5	23
	chrVI	130984	1	0.5	25
	chrVI	130985	1	0.5	25
	chrVI	130986	0	1.0	25
	chrVI	130988	0	0.5	25
	chrVI	130990	0	0.5	25
	chrVI	131006	1	0.5	25
	chrVI	131009	1	0.5	25
	chrVI	131012	1	1.0	25
	chrVI	131028	1	1.0	25
	chrVI	131029	1	0.5	25
	chrVI	131030	0	0.5	25
	chrVI	131036	0	0.5	25
	chrVI	131037	0	0.5	25
	chrVI	131042	0	0.5	25
	chrVI	131045	0	0.5	25
	chrVI	131046	1	0.5	25
	chrVI	131057	1	0.5	25
	chrVI	131081	1	0.5	25
	chrVI	131083	0	0.5	25
	chrVI	131091	1	0.5	25
	chrVI	131092	1	1.0	25
	chrVI	131093	0	0.5	25
	chrVI	131096	0	0.5	25
	chrVI	131097	1	1.0	25
	chrVI	131126	0	0.5	25
	chrVI	131127	0	0.5	25
	chrVI	131134	1	0.5	25
	chrVI	131138	1	0.5	25
	chrVI	131147	1	0.5	25
	chrVI	131150	0	0.5	25
	chrVI	131159	0	0.5	25
	chrVI	131168	0	0.5	25
	chrVI	131181	0	0.5	25
	chrVI	131204	0	1.0	25
	chrVI	131223	1	0.5	25
	chrVI	131225	1	0.5	25
	chrVI	131233	0	0.5	25
	chrVI	131241	1	0.5	25
	chrVI	131251	0	0.5	25
	chrVI	131259	1	0.5	25
	chrVI	131264	1	1.0	25
	chrVI	131265	0	1.0	25
	chrVI	131278	0	0.5	25
	chrVI	131280	1	0.5	25
	chrVI	131284	0	0.5	25
	chrVI	131286	0	0.5	25
	chrVI	131289	1	0.5	25
	chrVI	131292	0	0.5	25
	chrVI	131294	0	0.5	25
	chrVI	131296	1	0.5	25
	chrVI	131307	1	0.5	25
	chrVI	131330	0	0.5	25
	chrVI	131338	1	0.5	25
	chrVI	131347	1	0.5	25
	chrVI	131350	0	0.5	25
	chrVI	131372	1	0.5	25
	chrVI	131388	1	0.5	25
	chrVI	131393	1	0.5	25
	chrVI	131408	0	0.5	25
	chrVI	131412	0	0.5	25
	chrVI	131430	1	1.0	25
	chrVI	131431	0	1.5	25
	chrVI	131432	0	0.5	25
	chrVI	131435	0	0.5	25
	chrVI	131438	1	0.5	25
	chrVI	131439	0	0.5	25
	chrVI	131448	0	1.0	25
	chrVI	131452	1	0.5	25
	chrVI	131453	0	0.5	25
	chrVI	131463	0	1.0	25
	chrVI	131463	1	1.0	25
	chrVI	131465	0	0.5	25
	chrVI	131473	0	1.0	25
	chrVI	131473	1	1.0	25
	chrVI	131474	0	0.5	25
	chrVI	131475	0	1.5	25
	chrVI	131476	0	0.5	25
	chrVI	131482	0	0.5	25
	chrVI	131483	0	0.5	25
	chrVI	131484	1	0.5	25
	chrVI	131485	1	0.5	25
	chrVI	131492	0	1.0	25
	chrVI	131496	1	0.5	25
	chrVI	131499	0	1.0	25
	chrVI	131515	0	0.5	25
	chrVI	131526	0	0.5	25
	chrVI	131527	1	0.5	25
	chrVI	131532	1	2.0	25
	chrVI	131534	1	1.0	25
	chrVI	131562	0	0.5	25
	chrVI	131564	0	0.5	25
	chrVI	131571	1	0.5	25
	chrVI	131573	0	0.5	25
	chrVI	131578	1	0.5	25
	chrVI	131579	1	0.5	25
	chrVI	131582	1	1.5	25
	chrVI	131598	1	1.0	25
	chrVI	131599	0	0.5	25
	chrVI	131606	0	0.5	25
	chrVI	131607	0	0.5	25
	chrVI	131615	1	0.5	25
	chrVI	131617	0	0.5	25
	chrVI	131619	1	0.5	25
	chrVI	131640	1	0.5	25
	chrVI	131644	1	0.5	25
	chrVI	131646	1	2.0	25
	chrVI	131647	0	1.5	25
	chrVI	131648	0	0.5	25
	chrVI	131648	1	0.5	25
	chrVI	131649	0	0.5	25
	chrVI	131650	0	1.5	25
	chrVI	131651	0	2.5	25
	chrVI	131659	0	0.5	25
	chrVI	131682	0	0.5	25
	chrVI	131687	1	0.5	25
	chrVI	131690	0	0.5	25
	chrVI	131691	1	1.5	25
	chrVI	131702	1	0.5	25
	chrVI	131704	1	0.5	25
	chrVI	131708	1	0.5	25
	chrVI	131720	1	1.0	25
	chrVI	131721	1	2.0	25
	chrVI	131722	1	0.5	25
	chrVI	131723	0	0.5	25
	chrVI	131725	1	0.5	25
	chrVI	131728	1	3.0	25
	chrVI	131741	0	1.0	25
	chrVI	131744	1	0.5	25
	chrVI	131756	0	1.0	25
	chrVI	131758	1	0.5	25
	chrVI	131773	0	0.5	25
	chrVI	131777	0	0.5	25
	chrVI	131781	0	1.5	25
	chrVI	131784	0	0.5	25
	chrVI	131792	0	0.5	25
	chrVI	131810	0	0.5	25
	chrVI	131849	1	0.5	25
	chrVI	131855	1	2.0	25
	chrVI	131863	1	0.5	25
	chrVI	131871	1	0.5	25
	chrVI	131877	1	1.0	25
	chrVI	131893	1	0.5	25
	chrVI	131897	1	0.5	25
	chrVI	131901	1	1.0	25
	chrVI	131930	0	0.5	25
	chrVI	131948	0	0.5	25
	chrVI	131996	1	0.5	25
	chrVI	132001	0	0.5	25
	chrVI	132027	0	1.0	25
	chrVI	132027	1	0.5	25
	chrVI	132029	0	0.5	25
	chrVI	132037	0	0.5	25
	chrVI	132066	0	1.0	25
	chrVI	132098	1	0.5	25
	chrVI	132107	1	0.5	25
	chrVI	132125	1	0.5	25
	chrVI	132139	0	0.5	25
	chrVI	132165	0	0.5	25
	chrVI	132197	1	1.0	25
	chrVI	132199	1	0.5	25
	chrVI	132214	1	1.0	25
	chrVI	132234	0	0.5	25
	chrVI	132236	0	0.5	25
	chrVI	132279	0	0.5	25
	chrVI	132296	1	0.5	25
	chrVI	132305	0	1.0	25
	chrVI	132314	1	0.5	25
	chrVI	132344	0	0.5	25
	chrVI	132359	0	0.5	25
	chrVI	132371	1	1.0	25
	chrVI	132373	1	0.5	25
	chrVI	132383	0	0.5	25
	chrVI	132398	1	0.5	25
	chrVI	132401	0	0.5	25
	chrVI	132406	0	0.5	25
	chrVI	132410	1	0.5	25
	chrVI	132426	0	0.5	25
	chrVI	132444	0	0.5	25
	chrVI	132446	0	0.5	25
	chrVI	132448	1	0.5	25
	chrVI	132469	1	0.5	25
	chrVI	132472	1	0.5	25
	chrVI	132483	0	0.5	25
	chrVI	132494	1	0.5	25
	chrVI	132507	0	1.0	25
	chrVI	132509	0	0.5	25
	chrVI	132519	1	0.5	25
	chrVI	132522	0	0.5	25
	chrVI	132536	1	0.5	25
	chrVI	132554	0	0.5	25
	chrVI	132559	1	0.5	25
	chrVI	132561	0	0.5	25
	chrVI	132564	0	1.0	25
	chrVI	132590	1	0.5	25
	chrVI	132596	0	0.5	25
	chrVI	132599	0	0.5	25
	chrVI	132608	0	0.5	25
	chrVI	132621	1	0.5	25
	chrVI	132628	0	0.5	25
	chrVI	132630	0	0.5	25
	chrVI	132633	1	0.5	25
	chrVI	132638	1	0.5	25
	chrVI	132652	0	0.5	25
	chrVI	132653	1	0.5	25
	chrVI	132654	0	0.5	25
	chrVI	132654	1	0.5	25
	chrVI	132662	0	0.5	25
	chrVI	132662	1	0.5	25
	chrVI	132664	0	0.5	25
	chrVI	132675	1	0.5	25
	chrVI	132676	1	1.0	25
	chrVI	132680	1	0.5	25
	chrVI	132701	1	0.5	25
	chrVI	132710	1	0.5	25
	chrVI	132715	1	0.5	25
	chrVI	132721	0	0.5	25
	chrVI	132731	0	0.5	25
	chrVI	132735	1	0.5	25
	chrVI	132738	0	0.5	25
	chrVI	132765	0	0.5	25
	chrVI	132780	1	0.5	25
	chrVI	132784	1	0.5	25
	chrVI	132793	1	0.5	25
	chrVI	132800	1	0.5	25
	chrVI	132802	1	0.5	25
	chrVI	132819	0	1.0	25
	chrVI	132834	1	0.5	25
	chrVI	132837	1	0.5	25
	chrVI	132862	0	0.5	25
	chrVI	132879	0	0.5	25
	chrVI	132889	0	0.5	25
	chrVI	132897	0	0.5	25
	chrVI	132905	0	0.5	25
	chrVI	132930	1	0.5	25
	chrVI	132931	0	0.5	25
	chrVI	132969	1	0.5	25
	chrVI	132973	1	0.5	25
	chrVI	132977	0	0.5	25
	chrVI	132986	0	0.5	25
	chrVI	132986	1	0.5	25
	chrVI	133001	1	1.0	25
	chrVI	133003	0	0.5	25
	chrVI	133007	1	0.5	25
	chrVI	133038	1	0.5	25
	chrVI	133042	1	0.5	25
	chrVI	133071	1	0.5	25
	chrVI	133074	0	0.5	25
	chrVI	133167	0	0.5	25
	chrVI	133171	1	0.5	25
	chrVI	133212	0	0.5	25
	chrVI	133219	1	0.5	25
	chrVI	133226	0	0.5	25
	chrVI	133230	0	0.5	25
	chrVI	133243	0	0.5	25
	chrVI	133248	0	0.5	25
	chrVI	133258	1	0.5	25
	chrVI	133266	1	0.5	25
	chrVI	133272	0	0.5	25
	chrVI	133289	1	0.5	25
	chrVI	133298	0	0.5	25
	chrVI	133317	1	0.5	25
	chrVI	133339	1	0.5	25
	chrVI	133342	1	0.5	25
	chrVI	133344	0	0.5	25
	chrVI	133354	0	0.5	25
	chrVI	133372	1	0.5	25
	chrVI	133383	0	0.5	25
	chrVI	133406	0	0.5	25
	chrVI	133415	1	0.5	25
	chrVI	133443	1	0.5	25
	chrVI	133447	1	0.5	25
	chrVI	133474	0	0.5	25
	chrVI	133474	1	0.5	25
	chrVI	133484	1	0.5	25
	chrVI	133497	0	0.5	25
	chrVI	133525	0	0.5	25
	chrVI	133539	0	0.5	25
	chrVI	133548	0	0.5	25
	chrVI	133554	1	0.5	25
	chrVI	133559	1	0.5	25
	chrVI	133564	0	0.5	25
	chrVI	133585	0	0.5	25
	chrVI	133610	0	0.5	25
	chrVI	133615	0	1.0	25
	chrVI	133628	0	0.5	25
	chrVI	133629	0	0.5	25
	chrVI	133629	1	0.5	25
	chrVI	133635	0	1.0	25
	chrVI	133651	1	0.5	25
	chrVI	133653	0	0.5	25
	chrVI	133670	1	0.5	25
	chrVI	133672	1	0.5	25
	chrVI	133674	1	1.0	25
	chrVI	133690	1	0.5	25
	chrVI	133691	1	0.5	25
	chrVI	133702	1	0.5	25
	chrVI	133703	1	0.5	25
	chrVI	133705	0	1.0	25
	chrVI	133733	1	0.5	25
	chrVI	133751	0	0.5	25
	chrVI	133781	0	0.5	25
	chrVI	133807	1	0.5	25
	chrVI	133815	1	1.0	25
	chrVI	133824	0	0.5	25
	chrVI	133826	1	0.5	25
	chrVI	133839	0	0.5	25
	chrVI	133869	0	0.5	25
	chrVI	133892	1	0.5	25
	chrVI	133923	1	0.5	25
	chrVI	133954	1	1.0	25
	chrVI	133972	1	0.5	24
	chrVI	134053	0	0.5	23
	chrVI	134057	0	0.5	25
	chrVI	134093	0	1.5	25
	chrVI	134096	0	0.5	25
	chrVI	134123	1	0.5	25
	chrVI	134124	1	0.5	25
	chrVI	134128	0	1.0	25
	chrVI	134131	0	0.5	25
	chrVI	134138	1	1.0	25
	chrVI	134152	1	0.5	25
	chrVI	134153	0	0.5	25
	chrVI	134190	0	0.5	25
	chrVI	134194	1	0.5	25
	chrVI	134203	0	0.5	25
	chrVI	134228	1	0.5	25
	chrVI	134236	0	0.5	25
	chrVI	134245	0	0.5	25
	chrVI	134246	0	0.5	25
	chrVI	134253	1	0.5	25
	chrVI	134265	1	0.5	25
	chrVI	134272	1	0.5	25
	chrVI	134275	1	0.5	25
	chrVI	134288	1	0.5	25
	chrVI	134297	1	0.5	25
	chrVI	134301	0	0.5	25
	chrVI	134308	1	0.5	25
	chrVI	134309	0	0.5	25
	chrVI	134332	0	0.5	25
	chrVI	134340	1	0.5	25
	chrVI	134341	0	0.5	25
	chrVI	134366	0	0.5	25
	chrVI	134367	1	0.5	25
	chrVI	134371	0	1.0	25
	chrVI	134373	1	0.5	25
	chrVI	134389	0	0.5	25
	chrVI	134397	1	0.5	25
	chrVI	134416	1	1.0	25
	chrVI	134442	0	0.5	25
	chrVI	134454	0	0.5	25
	chrVI	134464	1	0.5	25
	chrVI	134489	1	0.5	25
	chrVI	134491	1	0.5	25
	chrVI	134493	0	0.5	25
	chrVI	134494	0	0.5	25
	chrVI	134498	0	1.0	25
	chrVI	134505	1	0.5	25
	chrVI	134506	0	1.0	25
	chrVI	134513	0	0.5	25
	chrVI	134522	1	0.5	25
	chrVI	134523	0	0.5	25
	chrVI	134526	0	0.5	25
	chrVI	134545	0	0.5	25
	chrVI	134554	1	1.5	25
	chrVI	134563	1	0.5	25
	chrVI	134572	1	1.0	25
	chrVI	134573	0	0.5	25
	chrVI	134604	1	0.5	25
	chrVI	134613	0	1.0	25
	chrVI	134622	0	0.5	25
	chrVI	134625	1	0.5	25
	chrVI	134640	0	0.5	25
	chrVI	134650	0	0.5	25
	chrVI	134651	0	0.5	25
	chrVI	134668	0	0.5	25
	chrVI	134685	1	1.0	25
	chrVI	134692	0	0.5	25
	chrVI	134695	1	0.5	25
	chrVI	134699	1	0.5	25
	chrVI	134703	1	0.5	25
	chrVI	134716	1	0.5	25
	chrVI	134721	1	0.5	25
	chrVI	134727	1	0.5	25
	chrVI	134731	0	0.5	25
	chrVI	134745	1	0.5	25
	chrVI	134746	0	0.5	25
	chrVI	134749	0	0.5	25
	chrVI	134761	1	0.5	25
	chrVI	134774	0	0.5	25
	chrVI	134778	0	0.5	25
	chrVI	134780	1	0.5	25
	chrVI	134790	0	0.5	25
	chrVI	134794	1	0.5	25
	chrVI	134815	0	0.5	25
	chrVI	134821	0	0.5	25
	chrVI	134835	1	0.5	25
	chrVI	134842	1	0.5	25
	chrVI	134847	1	0.5	25
	chrVI	134854	0	0.5	25
	chrVI	134867	1	0.5	25
	chrVI	134869	1	0.5	25
	chrVI	134892	1	0.5	25
	chrVI	134893	0	0.5	25
	chrVI	134920	0	0.5	25
	chrVI	134963	0	0.5	25
	chrVI	134978	1	0.5	25
	chrVI	134980	1	0.5	25
	chrVI	134994	1	0.5	25
	chrVI	135000	0	1.0	25
	chrVI	135036	1	1.0	25
	chrVI	135044	0	0.5	25
	chrVI	135044	1	0.5	25
	chrVI	135047	1	0.5	25
	chrVI	135051	0	0.5	25
	chrVI	135055	0	0.5	25
	chrVI	135062	0	1.5	25
	chrVI	135072	0	0.5	25
	chrVI	135098	1	0.5	25
	chrVI	135101	0	0.5	25
	chrVI	135113	1	0.5	25
	chrVI	135118	0	0.5	25
	chrVI	135138	0	0.5	25
	chrVI	135147	0	0.5	25
	chrVI	135147	1	1.0	25
	chrVI	135151	0	0.5	23
	chrVI	135160	0	0.5	25
	chrVI	135168	1	0.5	25
	chrVI	135169	0	0.5	25
	chrVI	135179	0	0.5	25
	chrVI	135181	0	0.5	25
	chrVI	135191	1	0.5	25
	chrVI	135204	0	0.5	25
	chrVI	135205	1	0.5	25
	chrVI	135210	1	0.5	25
	chrVI	135217	1	0.5	25
	chrVI	135219	1	0.5	24
	chrVI	135226	1	0.5	25
	chrVI	135229	1	0.5	25
	chrVI	135231	0	0.5	25
	chrVI	135243	1	0.5	25
	chrVI	135255	1	0.5	25
	chrVI	135268	1	0.5	25
	chrVI	135277	1	0.5	25
	chrVI	135304	1	0.5	25
	chrVI	135319	0	0.5	25
	chrVI	135348	0	1.5	25
	chrVI	135363	0	0.5	25
	chrVI	135394	1	0.5	25
	chrVI	135396	0	0.5	25
	chrVI	135401	0	0.5	25
	chrVI	135403	1	0.5	25
	chrVI	135416	0	0.5	25
	chrVI	135426	0	0.5	25
	chrVI	135447	1	0.5	25
	chrVI	135458	1	0.5	25
	chrVI	135460	0	0.5	25
	chrVI	135463	0	0.5	25
	chrVI	135464	1	0.5	25
	chrVI	135465	0	0.5	25
	chrVI	135467	0	1.0	25
	chrVI	135473	0	0.5	25
	chrVI	135475	1	0.5	25
	chrVI	135478	1	1.5	25
	chrVI	135479	0	1.0	25
	chrVI	135491	0	1.0	25
	chrVI	135527	0	0.5	25
	chrVI	135528	1	0.5	25
	chrVI	135531	0	0.5	25
	chrVI	135542	0	0.5	25
	chrVI	135546	1	0.5	25
	chrVI	135555	1	0.5	25
	chrVI	135557	0	0.5	25
	chrVI	135562	1	0.5	25
	chrVI	135570	1	0.5	25
	chrVI	135574	1	1.0	25
	chrVI	135586	1	0.5	25
	chrVI	135588	1	0.5	25
	chrVI	135598	0	0.5	25
	chrVI	135613	1	0.5	25
	chrVI	135616	1	1.0	25
	chrVI	135617	0	0.5	25
	chrVI	135620	1	0.5	25
	chrVI	135646	0	0.5	25
	chrVI	135657	1	1.0	25
	chrVI	135672	1	0.5	25
	chrVI	135684	0	0.5	25
	chrVI	135686	0	0.5	25
	chrVI	135709	0	1.0	25
	chrVI	135711	1	0.5	25
	chrVI	135716	0	0.5	25
	chrVI	135740	0	0.5	25
	chrVI	135741	0	0.5	25
	chrVI	135748	1	0.5	25
	chrVI	135754	0	0.5	25
	chrVI	135759	0	0.5	25
	chrVI	135770	1	1.0	25
	chrVI	135777	0	0.5	25
	chrVI	135780	0	0.5	25
	chrVI	135782	1	0.5	25
	chrVI	135783	0	0.5	25
	chrVI	135793	0	0.5	25
	chrVI	135811	1	0.5	25
	chrVI	135817	0	0.5	25
	chrVI	135821	1	0.5	25
	chrVI	135825	0	0.5	25
	chrVI	135828	1	0.5	25
	chrVI	135831	0	0.5	25
	chrVI	135847	1	0.5	25
	chrVI	135859	0	0.5	25
	chrVI	135859	1	0.5	25
	chrVI	135862	0	0.5	25
	chrVI	135873	1	0.5	25
	chrVI	135889	0	1.5	25
	chrVI	135892	0	0.5	25
	chrVI	135893	0	1.5	25
	chrVI	135897	1	0.5	25
	chrVI	135898	0	1.0	25
	chrVI	135900	0	0.5	25
	chrVI	135903	1	0.5	25
	chrVI	135904	0	0.5	25
	chrVI	135906	0	0.5	25
	chrVI	135910	1	0.5	25
	chrVI	135911	0	1.0	25
	chrVI	135921	0	2.0	25
	chrVI	135922	0	0.5	25
	chrVI	135923	0	0.5	25
	chrVI	135925	0	1.5	25
	chrVI	135930	0	0.5	25
	chrVI	135931	0	0.5	25
	chrVI	135933	0	1.0	25
	chrVI	135933	1	0.5	25
	chrVI	135934	0	1.0	25
	chrVI	135936	0	0.5	25
	chrVI	135939	0	1.0	25
	chrVI	135946	1	0.5	25
	chrVI	135948	0	0.5	25
	chrVI	135953	0	0.5	25
	chrVI	135958	0	2.0	25
	chrVI	135958	1	1.0	25
	chrVI	135959	0	0.5	25
	chrVI	135960	0	0.5	25
	chrVI	135961	0	3.0	25
	chrVI	135962	0	1.0	25
	chrVI	135963	0	0.5	25
	chrVI	135963	1	0.5	25
	chrVI	135965	0	0.5	25
	chrVI	135967	1	0.5	25
	chrVI	135969	1	1.0	25
	chrVI	135971	0	0.5	25
	chrVI	135972	1	1.0	25
	chrVI	135976	0	0.5	25
	chrVI	135977	0	0.5	25
	chrVI	135981	0	0.5	25
	chrVI	135983	0	0.5	25
	chrVI	135985	1	1.5	25
	chrVI	135986	1	0.5	25
	chrVI	135987	1	1.0	25
	chrVI	135988	0	1.5	25
	chrVI	135988	1	1.5	25
	chrVI	136001	0	1.0	25
	chrVI	136001	1	1.0	25
	chrVI	136007	1	0.5	25
	chrVI	136008	1	0.5	25
	chrVI	136009	1	1.0	25
	chrVI	136014	1	0.5	25
	chrVI	136015	1	1.0	25
	chrVI	136016	0	1.0	25
	chrVI	136020	1	0.5	25
	chrVI	136021	0	1.0	25
	chrVI	136022	1	0.5	25
	chrVI	136027	1	0.5	25
	chrVI	136028	1	2.5	25
	chrVI	136029	1	3.5	25
	chrVI	136030	0	0.5	25
	chrVI	136030	1	4.5	25
	chrVI	136031	0	0.5	25
	chrVI	136032	1	1.5	25
	chrVI	136038	1	0.5	25
	chrVI	136044	1	0.5	25
	chrVI	136047	0	0.5	25
	chrVI	136054	1	0.5	25
	chrVI	136059	0	0.5	25
	chrVI	136062	1	0.5	25
	chrVI	136063	1	0.5	25
	chrVI	136065	1	0.5	25
	chrVI	136066	0	1.0	25
	chrVI	136066	1	1.0	25
	chrVI	136067	1	1.0	25
	chrVI	136068	1	1.5	25
	chrVI	136076	1	0.5	25
	chrVI	136080	0	1.0	25
	chrVI	136081	0	0.5	25
	chrVI	136087	1	0.5	25
	chrVI	136103	0	1.0	25
	chrVI	136103	1	0.5	25
	chrVI	136120	0	0.5	25
	chrVI	136124	1	0.5	25
	chrVI	136131	0	0.5	25
	chrVI	136143	0	0.5	25
	chrVI	136150	1	1.0	25
	chrVI	136170	1	0.5	25
	chrVI	136176	0	0.5	25
	chrVI	136178	0	0.5	25
	chrVI	136184	1	0.5	25
	chrVI	136192	1	0.5	25
	chrVI	136204	0	0.5	25
	chrVI	136212	1	1.0	25
	chrVI	136231	1	0.5	25
	chrVI	136232	1	1.0	25
	chrVI	136239	1	0.5	25
	chrVI	136243	1	1.0	25
	chrVI	136277	0	0.5	25
	chrVI	136279	0	0.5	24
	chrVI	136291	1	0.5	25
	chrVI	136314	0	0.5	25
	chrVI	136324	1	0.5	24
	chrVI	136342	1	0.5	25
	chrVI	136369	1	0.5	25
	chrVI	136392	1	0.5	25
	chrVI	136401	0	0.5	25
	chrVI	136445	0	1.0	25
	chrVI	136485	1	0.5	25
	chrVI	136496	0	1.0	25
	chrVI	136510	0	0.5	25
	chrVI	136536	1	1.0	25
	chrVI	136572	1	1.0	25
	chrVI	136586	1	0.5	25
	chrVI	136609	0	0.5	25
	chrVI	136636	0	0.5	25
	chrVI	136669	0	0.5	25
	chrVI	136677	0	0.5	25
	chrVI	136691	1	0.5	25
	chrVI	136697	0	0.5	25
	chrVI	136703	1	0.5	25
	chrVI	136729	1	0.5	25
	chrVI	136771	1	0.5	25
	chrVI	136784	1	0.5	25
	chrVI	136793	0	0.5	25
	chrVI	136832	0	0.5	25
	chrVI	136854	0	0.5	25
	chrVI	136858	0	0.5	25
	chrVI	136860	1	0.5	25
	chrVI	136878	1	0.5	25
	chrVI	136895	0	0.5	25
	chrVI	136926	1	0.5	25
	chrVI	136933	0	0.5	25
	chrVI	136946	1	0.5	25
	chrVI	136948	1	0.5	25
	chrVI	136999	0	0.5	25
	chrVI	137028	0	0.5	25
	chrVI	137033	0	0.5	25
	chrVI	137039	0	0.5	25
	chrVI	137064	1	0.5	25
	chrVI	137072	0	0.5	25
	chrVI	137079	1	0.5	25
	chrVI	137083	1	0.5	25
	chrVI	137091	0	0.5	25
	chrVI	137094	0	0.5	25
	chrVI	137103	1	0.5	25
	chrVI	137107	1	0.5	25
	chrVI	137134	0	0.5	25
	chrVI	137135	1	0.5	25
	chrVI	137141	0	0.5	25
	chrVI	137161	1	0.5	25
	chrVI	137165	0	0.5	25
	chrVI	137175	1	0.5	25
	chrVI	137182	0	0.5	25
	chrVI	137192	1	0.5	25
	chrVI	137200	0	1.0	25
	chrVI	137203	1	0.5	25
	chrVI	137216	0	0.5	25
	chrVI	137225	1	0.5	25
	chrVI	137227	0	0.5	25
	chrVI	137258	1	1.0	25
	chrVI	137271	0	0.5	25
	chrVI	137271	1	0.5	25
	chrVI	137272	0	2.0	25
	chrVI	137273	0	1.0	25
	chrVI	137274	0	0.5	25
	chrVI	137275	0	1.0	25
	chrVI	137279	0	0.5	25
	chrVI	137283	0	0.5	25
	chrVI	137290	0	0.5	25
	chrVI	137298	1	0.5	25
	chrVI	137301	0	1.5	25
	chrVI	137304	1	0.5	25
	chrVI	137305	0	0.5	25
	chrVI	137309	1	0.5	25
	chrVI	137312	0	1.0	25
	chrVI	137315	0	0.5	25
	chrVI	137326	1	0.5	25
	chrVI	137333	1	0.5	25
	chrVI	137338	0	0.5	25
	chrVI	137338	1	0.5	25
	chrVI	137348	1	1.0	25
	chrVI	137349	1	1.0	25
	chrVI	137350	1	1.5	25
	chrVI	137351	0	0.5	25
	chrVI	137354	1	0.5	25
	chrVI	137357	1	0.5	25
	chrVI	137369	1	0.5	25
	chrVI	137388	1	1.5	25
	chrVI	137393	1	0.5	25
	chrVI	137425	1	0.5	25
	chrVI	137427	0	0.5	25
	chrVI	137438	0	0.5	25
	chrVI	137458	0	0.5	25
	chrVI	137460	1	1.5	25
	chrVI	137466	0	0.5	25
	chrVI	137497	0	1.0	25
	chrVI	137512	1	0.5	25
	chrVI	137522	1	0.5	25
	chrVI	137537	1	0.5	25
	chrVI	137538	0	0.5	25
	chrVI	137545	1	0.5	25
	chrVI	137561	1	0.5	25
	chrVI	137574	0	0.5	25
	chrVI	137579	1	0.5	25
	chrVI	137597	0	0.5	25
	chrVI	137612	1	0.5	25
	chrVI	137620	1	0.5	25
	chrVI	137621	0	0.5	25
	chrVI	137640	0	0.5	25
	chrVI	137645	0	0.5	25
	chrVI	137662	1	0.5	25
	chrVI	137697	0	0.5	25
	chrVI	137704	1	0.5	25
	chrVI	137739	0	0.5	25
	chrVI	137744	0	0.5	25
	chrVI	137745	0	1.0	25
	chrVI	137746	0	1.0	24
	chrVI	137755	0	0.5	25
	chrVI	137770	0	0.5	25
	chrVI	137798	1	0.5	25
	chrVI	137799	1	0.5	25
	chrVI	137800	0	1.0	25
	chrVI	137801	0	1.5	25
	chrVI	137802	0	0.5	25
	chrVI	137802	1	0.5	25
	chrVI	137806	0	0.5	25
	chrVI	137807	0	0.5	25
	chrVI	137812	0	0.5	25
	chrVI	137818	0	0.5	25
	chrVI	137821	0	0.5	25
	chrVI	137826	1	0.5	25
	chrVI	137832	0	0.5	25
	chrVI	137844	0	0.5	25
	chrVI	137852	1	0.5	25
	chrVI	137866	0	1.0	25
	chrVI	137869	0	0.5	25
	chrVI	137870	0	1.0	25
	chrVI	137880	0	0.5	25
	chrVI	137898	0	0.5	25
	chrVI	137900	0	0.5	23
	chrVI	137906	1	1.5	25
	chrVI	137909	1	1.0	25
	chrVI	137917	1	0.5	25
	chrVI	137942	1	0.5	25
	chrVI	137947	1	1.0	25
	chrVI	137952	1	0.5	25
	chrVI	137956	1	0.5	25
	chrVI	137958	1	0.5	25
	chrVI	137961	1	1.0	25
	chrVI	137964	1	0.5	25
	chrVI	137965	1	0.5	25
	chrVI	137974	1	1.0	25
	chrVI	138007	1	0.5	25
	chrVI	138065	1	0.5	25
	chrVI	138075	1	1.0	25
	chrVI	138078	1	0.5	25
	chrVI	138084	1	0.5	25
	chrVI	138092	1	0.5	25
	chrVI	138170	1	0.5	25
	chrVI	138201	1	0.5	25
	chrVI	143771	0	0.5	25
	chrVI	143797	0	0.5	25
	chrVI	143801	0	0.5	25
	chrVI	143813	0	0.5	25
	chrVI	143823	0	0.5	25
	chrVI	143832	0	0.5	25
	chrVI	143873	1	0.5	25
	chrVI	143875	1	0.5	25
	chrVI	143885	0	0.5	25
	chrVI	143893	1	0.5	25
	chrVI	143894	0	0.5	25
	chrVI	143897	1	0.5	25
	chrVI	143901	1	0.5	25
	chrVI	143910	0	1.5	25
	chrVI	143936	1	0.5	25
	chrVI	143949	0	0.5	25
	chrVI	143949	1	0.5	25
	chrVI	143950	0	0.5	25
	chrVI	143965	0	0.5	25
	chrVI	143973	0	0.5	25
	chrVI	143987	0	0.5	25
	chrVI	143988	1	1.5	25
	chrVI	144012	0	0.5	23
	chrVI	144020	1	0.5	25
	chrVI	144040	1	0.5	25
	chrVI	144046	1	0.5	25
	chrVI	144048	0	0.5	25
	chrVI	144049	0	1.0	25
	chrVI	144060	0	0.5	25
	chrVI	144063	0	0.5	25
	chrVI	144074	1	0.5	25
	chrVI	144075	0	1.0	25
	chrVI	144076	0	0.5	25
	chrVI	144084	0	0.5	25
	chrVI	144088	0	0.5	25
	chrVI	144105	1	0.5	25
	chrVI	144114	0	0.5	25
	chrVI	144126	1	0.5	25
	chrVI	144127	1	0.5	25
	chrVI	144130	1	1.0	25
	chrVI	144135	0	0.5	25
	chrVI	144144	0	0.5	25
	chrVI	144145	0	0.5	25
	chrVI	144149	1	0.5	25
	chrVI	144150	1	0.5	25
	chrVI	144153	1	0.5	25
	chrVI	144160	1	0.5	25
	chrVI	144171	0	0.5	25
	chrVI	144171	1	0.5	25
	chrVI	144176	0	0.5	25
	chrVI	144185	0	0.5	25
	chrVI	144210	1	0.5	25
	chrVI	144217	1	1.5	25
	chrVI	144218	0	1.5	25
	chrVI	144221	0	0.5	25
	chrVI	144242	0	0.5	25
	chrVI	144260	1	0.5	25
	chrVI	144263	1	1.0	25
	chrVI	144270	1	1.0	25
	chrVI	144274	1	0.5	25
	chrVI	144291	0	1.0	25
	chrVI	144301	1	0.5	25
	chrVI	144309	1	0.5	25
	chrVI	144310	0	0.5	25
	chrVI	144336	0	0.5	25
	chrVI	144346	1	0.5	25
	chrVI	144347	0	0.5	25
	chrVI	144347	1	1.0	25
	chrVI	144350	1	0.5	25
	chrVI	144351	0	1.0	25
	chrVI	144362	0	1.0	25
	chrVI	144382	1	0.5	25
	chrVI	144388	0	0.5	25
	chrVI	144403	0	0.5	25
	chrVI	144404	1	0.5	25
	chrVI	144407	0	0.5	25
	chrVI	144417	1	0.5	25
	chrVI	144421	0	0.5	25
	chrVI	144424	1	0.5	25
	chrVI	144427	1	0.5	25
	chrVI	144431	0	0.5	25
	chrVI	144457	1	0.5	25
	chrVI	144458	1	0.5	25
	chrVI	144463	0	0.5	25
	chrVI	144466	0	0.5	25
	chrVI	144469	0	0.5	25
	chrVI	144473	0	0.5	25
	chrVI	144479	1	0.5	25
	chrVI	144483	1	0.5	25
	chrVI	144490	1	0.5	25
	chrVI	144534	1	1.5	25
	chrVI	144535	0	0.5	25
	chrVI	144542	1	0.5	25
	chrVI	144550	0	0.5	25
	chrVI	144550	1	0.5	25
	chrVI	144554	1	0.5	25
	chrVI	144563	0	0.5	25
	chrVI	144563	1	0.5	25
	chrVI	144566	0	0.5	25
	chrVI	144583	0	0.5	25
	chrVI	144590	0	0.5	25
	chrVI	144612	0	0.5	25
	chrVI	144618	0	0.5	25
	chrVI	144629	1	1.0	25
	chrVI	144636	1	0.5	25
	chrVI	144644	1	0.5	25
	chrVI	144651	0	0.5	25
	chrVI	144661	0	0.5	25
	chrVI	144662	1	0.5	25
	chrVI	144664	1	0.5	25
	chrVI	144670	0	1.0	25
	chrVI	144672	0	0.5	25
	chrVI	144677	0	0.5	25
	chrVI	144680	0	0.5	25
	chrVI	144681	1	0.5	25
	chrVI	144686	0	0.5	25
	chrVI	144688	1	0.5	25
	chrVI	144691	0	0.5	25
	chrVI	144722	1	0.5	25
	chrVI	144727	1	0.5	25
	chrVI	144738	0	0.5	25
	chrVI	144739	1	0.5	25
	chrVI	144748	1	0.5	25
	chrVI	144758	1	0.5	25
	chrVI	144760	0	0.5	25
	chrVI	144772	1	1.0	25
	chrVI	144786	0	0.5	25
	chrVI	144790	0	1.0	25
	chrVI	144796	0	1.0	25
	chrVI	144808	1	0.5	25
	chrVI	144824	1	0.5	25
	chrVI	144825	1	0.5	25
	chrVI	144831	0	0.5	25
	chrVI	144841	0	0.5	25
	chrVI	144843	1	0.5	25
	chrVI	144855	1	0.5	25
	chrVI	144872	0	0.5	25
	chrVI	144873	0	0.5	25
	chrVI	144874	0	0.5	25
	chrVI	144884	0	0.5	25
	chrVI	144898	1	0.5	25
	chrVI	144902	1	0.5	25
	chrVI	144907	0	0.5	25
	chrVI	144916	1	0.5	25
	chrVI	144917	1	0.5	25
	chrVI	144931	1	0.5	25
	chrVI	144942	1	0.5	25
	chrVI	144955	1	0.5	25
	chrVI	144958	1	0.5	25
	chrVI	144963	0	0.5	25
	chrVI	144984	0	0.5	25
	chrVI	144984	1	0.5	25
	chrVI	144992	0	0.5	25
	chrVI	145006	0	1.0	25
	chrVI	145016	1	0.5	25
	chrVI	145030	0	0.5	25
	chrVI	145032	0	0.5	25
	chrVI	145035	1	0.5	25
	chrVI	145040	1	0.5	25
	chrVI	145041	0	0.5	25
	chrVI	145051	0	0.5	25
	chrVI	145066	1	0.5	25
	chrVI	145069	0	0.5	25
	chrVI	145070	1	0.5	25
	chrVI	145097	1	0.5	25
	chrVI	145101	1	0.5	25
	chrVI	145103	1	0.5	25
	chrVI	145110	1	0.5	25
	chrVI	145112	1	0.5	25
	chrVI	145116	0	0.5	25
	chrVI	145130	0	1.0	25
	chrVI	145160	1	0.5	25
	chrVI	145190	1	0.5	25
	chrVI	145204	0	0.5	25
	chrVI	145214	0	0.5	25
	chrVI	145218	1	1.0	25
	chrVI	145223	0	0.5	25
	chrVI	145255	0	0.5	25
	chrVI	145255	1	0.5	25
	chrVI	145258	0	0.5	25
	chrVI	145267	0	0.5	25
	chrVI	145268	0	0.5	25
	chrVI	145282	1	0.5	25
	chrVI	145293	1	0.5	25
	chrVI	145304	0	0.5	25
	chrVI	145305	1	0.5	25
	chrVI	145307	0	0.5	25
	chrVI	145318	0	0.5	25
	chrVI	145330	0	0.5	25
	chrVI	145350	0	0.5	25
	chrVI	145352	0	0.5	25
	chrVI	145364	1	0.5	25
	chrVI	145367	1	1.0	25
	chrVI	145376	0	0.5	25
	chrVI	145387	1	1.0	25
	chrVI	145388	1	0.5	25
	chrVI	145399	0	1.0	25
	chrVI	145416	1	0.5	25
	chrVI	145418	0	1.0	25
	chrVI	145442	0	0.5	25
	chrVI	145443	1	0.5	25
	chrVI	145445	0	1.0	25
	chrVI	145448	1	0.5	25
	chrVI	145452	1	0.5	25
	chrVI	145463	0	0.5	25
	chrVI	145466	0	0.5	25
	chrVI	145477	0	0.5	25
	chrVI	145501	1	1.0	25
	chrVI	145505	1	0.5	25
	chrVI	145516	1	0.5	25
	chrVI	145519	0	1.0	25
	chrVI	145522	1	1.0	25
	chrVI	145526	0	0.5	25
	chrVI	145528	0	0.5	25
	chrVI	145539	1	0.5	25
	chrVI	145547	1	0.5	25
	chrVI	145560	1	0.5	25
	chrVI	145566	0	0.5	25
	chrVI	145572	0	0.5	25
	chrVI	145585	1	1.0	25
	chrVI	145595	0	0.5	25
	chrVI	145598	0	0.5	25
	chrVI	145602	1	1.0	25
	chrVI	145611	1	0.5	25
	chrVI	145617	1	0.5	25
	chrVI	145630	0	0.5	24
	chrVI	145645	1	0.5	25
	chrVI	145646	1	0.5	25
	chrVI	145655	0	0.5	25
	chrVI	145663	1	0.5	25
	chrVI	145677	0	0.5	25
	chrVI	145680	1	0.5	25
	chrVI	145713	1	0.5	25
	chrVI	145716	0	0.5	25
	chrVI	145730	0	1.0	25
	chrVI	145733	1	0.5	25
	chrVI	145766	1	0.5	25
	chrVI	145767	0	1.0	25
	chrVI	145778	0	0.5	25
	chrVI	145802	1	1.0	25
	chrVI	145813	0	0.5	25
	chrVI	145817	0	1.0	25
	chrVI	145832	1	1.0	25
	chrVI	145849	0	0.5	25
	chrVI	145856	1	0.5	25
	chrVI	145866	0	0.5	25
	chrVI	145884	1	0.5	25
	chrVI	145886	1	1.0	25
	chrVI	145936	1	0.5	25
	chrVI	145942	0	0.5	25
	chrVI	145961	1	0.5	25
	chrVI	145968	0	0.5	25
	chrVI	145978	0	1.0	25
	chrVI	146045	1	0.5	25
	chrVI	146053	0	0.5	25
	chrVI	146061	0	1.0	25
	chrVI	146067	1	1.0	25
	chrVI	146097	1	0.5	25
	chrVI	146101	0	0.5	25
	chrVI	146120	1	0.5	25
	chrVI	146124	1	0.5	25
	chrVI	146125	1	0.5	25
	chrVI	146129	0	0.5	25
	chrVI	146154	0	0.5	25
	chrVI	146155	1	0.5	25
	chrVI	146165	1	0.5	25
	chrVI	146179	0	0.5	25
	chrVI	146222	1	0.5	25
	chrVI	146228	1	0.5	25
	chrVI	146229	1	0.5	25
	chrVI	146230	0	0.5	25
	chrVI	146233	0	0.5	25
	chrVI	146234	0	0.5	25
	chrVI	146251	0	0.5	25
	chrVI	146258	0	0.5	25
	chrVI	146263	1	0.5	25
	chrVI	146264	0	0.5	25
	chrVI	146265	1	0.5	25
	chrVI	146288	1	0.5	25
	chrVI	146299	0	0.5	25
	chrVI	146302	1	0.5	25
	chrVI	146314	0	0.5	25
	chrVI	146320	0	0.5	25
	chrVI	146333	0	0.5	25
	chrVI	146334	1	0.5	25
	chrVI	146348	1	0.5	25
	chrVI	146351	0	0.5	25
	chrVI	146352	0	0.5	25
	chrVI	146378	1	0.5	25
	chrVI	146379	1	0.5	25
	chrVI	146385	1	0.5	25
	chrVI	146389	0	0.5	25
	chrVI	146397	1	0.5	25
	chrVI	146403	1	0.5	25
	chrVI	146406	0	0.5	25
	chrVI	146426	0	0.5	25
	chrVI	146434	0	0.5	25
	chrVI	146435	0	0.5	25
	chrVI	146438	1	0.5	25
	chrVI	146452	1	0.5	25
	chrVI	146477	0	0.5	25
	chrVI	146484	1	0.5	25
	chrVI	146497	1	0.5	25
	chrVI	146502	0	0.5	25
	chrVI	146517	0	0.5	25
	chrVI	146517	1	0.5	25
	chrVI	146529	0	0.5	25
	chrVI	146532	1	0.5	25
	chrVI	146552	1	0.5	25
	chrVI	146555	0	0.5	25
	chrVI	146556	1	0.5	25
	chrVI	146565	1	0.5	25
	chrVI	146587	1	0.5	23
	chrVI	146604	1	0.5	25
	chrVI	146607	0	0.5	25
	chrVI	146624	0	0.5	25
	chrVI	146642	0	0.5	25
	chrVI	146662	0	0.5	25
	chrVI	146670	1	0.5	25
	chrVI	146683	0	0.5	25
	chrVI	146699	0	0.5	25
	chrVI	146712	0	0.5	25
	chrVI	146721	1	0.5	25
	chrVI	146724	1	0.5	25
	chrVI	146729	1	0.5	25
	chrVI	146752	0	0.5	25
	chrVI	146753	0	0.5	25
	chrVI	146759	1	0.5	25
	chrVI	146772	1	0.5	25
	chrVI	146778	0	0.5	25
	chrVI	146788	0	0.5	25
	chrVI	146814	1	0.5	25
	chrVI	146824	0	0.5	25
	chrVI	146850	1	0.5	25
	chrVI	146853	1	0.5	25
	chrVI	146861	1	0.5	25
	chrVI	146869	0	0.5	25
	chrVI	146895	0	0.5	25
	chrVI	146908	0	0.5	25
	chrVI	146919	0	0.5	25
	chrVI	146924	1	0.5	25
	chrVI	146944	0	0.5	25
	chrVI	146947	0	1.0	25
	chrVI	146955	1	0.5	25
	chrVI	146958	0	0.5	25
	chrVI	146959	0	1.0	25
	chrVI	146963	0	0.5	25
	chrVI	146965	0	0.5	25
	chrVI	146970	0	0.5	25
	chrVI	146981	1	0.5	25
	chrVI	146987	0	0.5	25
	chrVI	146988	1	0.5	25
	chrVI	147003	0	0.5	25
	chrVI	147003	1	0.5	25
	chrVI	147015	1	0.5	25
	chrVI	147017	0	0.5	25
	chrVI	147020	1	1.0	25
	chrVI	147023	1	1.0	25
	chrVI	147026	1	0.5	25
	chrVI	147028	0	1.0	25
	chrVI	147040	1	0.5	25
	chrVI	147042	0	0.5	25
	chrVI	147059	1	0.5	25
	chrVI	147066	1	0.5	25
	chrVI	147070	1	0.5	25
	chrVI	147073	0	0.5	25
	chrVI	147074	0	0.5	25
	chrVI	147075	0	0.5	25
	chrVI	147075	1	0.5	25
	chrVI	147078	0	0.5	25
	chrVI	147095	0	0.5	25
	chrVI	147095	1	0.5	25
	chrVI	147103	0	0.5	25
	chrVI	147113	1	0.5	25
	chrVI	147117	1	1.0	25
	chrVI	147118	1	0.5	25
	chrVI	147145	1	0.5	25
	chrVI	147154	0	0.5	25
	chrVI	147168	1	0.5	25
	chrVI	147176	1	0.5	25
	chrVI	147188	1	0.5	25
	chrVI	147199	0	0.5	25
	chrVI	147204	0	0.5	25
	chrVI	147214	1	0.5	25
	chrVI	147243	1	0.5	25
	chrVI	147251	0	1.0	25
	chrVI	147264	1	1.0	25
	chrVI	147288	0	0.5	25
	chrVI	147313	1	1.0	25
	chrVI	147334	0	1.0	25
	chrVI	147343	0	0.5	25
	chrVI	147352	0	0.5	25
	chrVI	147355	1	0.5	25
	chrVI	147392	0	0.5	25
	chrVI	147396	0	0.5	25
	chrVI	147398	0	0.5	25
	chrVI	147404	0	0.5	25
	chrVI	147408	1	0.5	25
	chrVI	147412	1	1.0	25
	chrVI	147428	1	0.5	25
	chrVI	147429	1	0.5	25
	chrVI	147431	0	0.5	25
	chrVI	147440	1	0.5	25
	chrVI	147447	0	0.5	25
	chrVI	147487	1	0.5	25
	chrVI	147494	1	0.5	25
	chrVI	147524	0	0.5	25
	chrVI	147555	0	0.5	25
	chrVI	147556	1	0.5	25
	chrVI	147557	0	1.0	25
	chrVI	147578	0	0.5	25
	chrVI	147584	0	1.0	25
	chrVI	147585	0	0.5	25
	chrVI	147588	1	0.5	25
	chrVI	147610	1	0.5	25
	chrVI	147670	0	0.5	25
	chrVI	147686	1	1.0	25
	chrVI	147705	1	0.5	25
	chrVI	147710	0	0.5	25
	chrVI	147715	1	0.5	25
	chrVI	147726	1	1.0	25
	chrVI	147727	1	0.5	25
	chrVI	147728	1	0.5	25
	chrVI	147749	0	0.5	25
	chrVI	147757	1	0.5	25
	chrVI	147762	0	1.0	25
	chrVI	147791	1	0.5	25
	chrVI	147795	0	0.5	25
	chrVI	147799	1	0.5	25
	chrVI	147849	1	1.0	25
	chrVI	147869	0	0.5	25
	chrVI	147889	0	0.5	25
	chrVI	147890	0	0.5	25
	chrVI	147894	0	0.5	25
	chrVI	147895	0	0.5	25
	chrVI	147898	0	1.5	25
	chrVI	147906	1	0.5	25
	chrVI	147932	1	0.5	25
	chrVI	147933	1	0.5	25
	chrVI	147936	0	0.5	25
	chrVI	147942	1	0.5	25
	chrVI	147957	1	0.5	25
	chrVI	147964	1	0.5	25
	chrVI	147971	1	1.0	25
	chrVI	147972	1	0.5	25
	chrVI	147973	0	0.5	25
	chrVI	147998	0	0.5	25
	chrVI	148002	0	0.5	25
	chrVI	148002	1	0.5	25
	chrVI	148004	0	0.5	25
	chrVI	148024	0	0.5	25
	chrVI	148040	1	0.5	25
	chrVI	148048	1	0.5	25
	chrVI	148060	0	0.5	25
	chrVI	148076	1	0.5	25
	chrVI	148112	1	0.5	25
	chrVI	148139	1	0.5	25
	chrVI	148151	1	0.5	25
	chrVI	148152	0	0.5	25
	chrVI	148195	0	0.5	25
	chrVI	148206	0	0.5	25
	chrVI	148210	1	0.5	25
	chrVI	148232	0	0.5	25
	chrVI	148248	0	0.5	25
	chrVI	148258	0	0.5	25
	chrVI	148269	0	0.5	25
	chrVI	148274	1	0.5	25
	chrVI	148276	1	0.5	25
	chrVI	148292	0	1.0	25
	chrVI	148304	1	0.5	25
	chrVI	148307	0	0.5	25
	chrVI	148309	0	0.5	25
	chrVI	148357	1	0.5	25
	chrVI	148366	0	0.5	25
	chrVI	148368	0	0.5	25
	chrVI	148375	0	0.5	25
	chrVI	148380	0	0.5	25
	chrVI	148380	1	0.5	25
	chrVI	148388	0	0.5	25
	chrVI	148397	0	0.5	25
	chrVI	148405	1	0.5	25
	chrVI	148409	1	1.0	25
	chrVI	148425	0	0.5	25
	chrVI	148427	0	0.5	25
	chrVI	148444	1	0.5	25
	chrVI	148449	1	0.5	25
	chrVI	148461	0	0.5	25
	chrVI	148462	0	0.5	25
	chrVI	148470	0	0.5	25
	chrVI	148470	1	0.5	25
	chrVI	148477	1	0.5	25
	chrVI	148481	0	1.0	25
	chrVI	148484	0	0.5	25
	chrVI	148493	1	0.5	25
	chrVI	148495	1	0.5	25
	chrVI	148497	1	1.0	25
	chrVI	148507	1	0.5	25
	chrVI	148518	1	0.5	25
	chrVI	148536	1	0.5	25
	chrVI	148543	1	0.5	25
	chrVI	148561	1	0.5	25
	chrVI	148567	0	0.5	25
	chrVI	148583	0	0.5	25
	chrVI	148592	0	0.5	25
	chrVI	148613	0	0.5	25
	chrVI	148639	0	0.5	25
	chrVI	148650	1	0.5	25
	chrVI	148651	1	0.5	25
	chrVI	148653	1	1.0	25
	chrVI	148654	0	0.5	25
	chrVI	148655	0	0.5	25
	chrVI	148658	0	0.5	25
	chrVI	148659	0	1.0	25
	chrVI	148660	0	1.0	25
	chrVI	148674	0	0.5	25
	chrVI	148675	1	0.5	25
	chrVI	148690	0	0.5	25
	chrVI	148692	0	0.5	25
	chrVI	148695	0	0.5	25
	chrVI	148701	1	1.0	25
	chrVI	148702	0	0.5	25
	chrVI	148702	1	0.5	25
	chrVI	148710	1	0.5	25
	chrVI	148716	0	0.5	25
	chrVI	148719	1	1.0	25
	chrVI	148733	1	0.5	25
	chrVI	148744	1	0.5	25
	chrVI	148746	1	0.5	25
	chrVI	148748	0	0.5	25
	chrVI	148748	1	0.5	25
	chrVI	148759	0	0.5	25
	chrVI	148759	1	0.5	25
	chrVI	148760	0	0.5	25
	chrVI	148772	1	0.5	25
	chrVI	148801	1	0.5	25
	chrVI	148802	0	0.5	25
	chrVI	148802	1	0.5	25
	chrVI	148818	0	0.5	25
	chrVI	148819	1	0.5	25
	chrVI	148820	1	1.0	25
	chrVI	148823	0	1.0	25
	chrVI	148839	0	0.5	25
	chrVI	148842	0	0.5	25
	chrVI	148873	1	0.5	25
	chrVI	148879	0	0.5	25
	chrVI	148881	1	0.5	25
	chrVI	148894	1	1.0	25
	chrVI	148907	1	0.5	25
	chrVI	148909	1	0.5	25
	chrVI	148911	1	1.0	25
	chrVI	148913	0	0.5	25
	chrVI	148918	0	0.5	25
	chrVI	148927	0	1.0	25
	chrVI	148935	0	0.5	25
	chrVI	148936	1	0.5	25
	chrVI	148952	0	0.5	25
	chrVI	148956	0	0.5	25
	chrVI	148963	0	0.5	25
	chrVI	148965	1	0.5	25
	chrVI	148966	0	0.5	25
	chrVI	148974	0	0.5	25
	chrVI	148978	0	0.5	25
	chrVI	148979	0	1.0	25
	chrVI	148982	0	0.5	25
	chrVI	148984	1	1.0	25
	chrVI	148985	1	0.5	25
	chrVI	148986	0	0.5	25
	chrVI	148992	0	1.0	25
	chrVI	148993	0	1.0	25
	chrVI	149009	0	0.5	25
	chrVI	149012	0	0.5	25
	chrVI	149017	1	0.5	25
	chrVI	149020	0	0.5	25
	chrVI	149027	1	0.5	25
	chrVI	149029	1	0.5	25
	chrVI	149030	1	0.5	25
	chrVI	149035	1	0.5	25
	chrVI	149042	0	0.5	25
	chrVI	149042	1	1.5	25
	chrVI	149043	1	1.0	25
	chrVI	149046	0	0.5	25
	chrVI	149046	1	0.5	25
	chrVI	149047	0	0.5	25
	chrVI	149054	1	0.5	25
	chrVI	149058	0	1.0	25
	chrVI	149071	1	0.5	25
	chrVI	149072	1	0.5	25
	chrVI	149074	1	0.5	25
	chrVI	149082	0	0.5	25
	chrVI	149086	0	0.5	25
	chrVI	149094	1	0.5	25
	chrVI	149098	0	0.5	25
	chrVI	149101	0	0.5	25
	chrVI	149101	1	0.5	25
	chrVI	149102	1	0.5	25
	chrVI	149119	0	0.5	25
	chrVI	149127	0	0.5	25
	chrVI	149141	1	0.5	25
	chrVI	149147	1	0.5	25
	chrVI	149161	1	0.5	25
	chrVI	149173	1	0.5	25
	chrVI	149180	0	0.5	25
	chrVI	149191	0	0.5	25
	chrVI	149192	0	1.5	25
	chrVI	149195	0	0.5	25
	chrVI	149198	1	0.5	25
	chrVI	149199	1	0.5	25
	chrVI	149203	1	0.5	25
	chrVI	149216	1	1.5	25
	chrVI	149229	1	0.5	25
	chrVI	149249	1	0.5	25
	chrVI	149258	1	0.5	25
	chrVI	149266	0	0.5	25
	chrVI	149291	0	0.5	25
	chrVI	149293	1	1.5	25
	chrVI	149298	0	0.5	25
	chrVI	149337	1	0.5	25
	chrVI	149347	0	0.5	25
	chrVI	149377	0	0.5	25
	chrVI	149378	1	0.5	25
	chrVI	149382	1	0.5	25
	chrVI	149385	1	0.5	25
	chrVI	149406	0	0.5	25
	chrVI	149437	0	0.5	25
	chrVI	149437	1	0.5	25
	chrVI	149439	0	0.5	25
	chrVI	149464	1	0.5	25
	chrVI	149524	0	0.5	25
	chrVI	149527	0	0.5	25
	chrVI	149530	0	0.5	25
	chrVI	149535	0	0.5	25
	chrVI	149536	1	0.5	25
	chrVI	149537	0	0.5	25
	chrVI	149541	0	1.0	25
	chrVI	149549	0	0.5	25
	chrVI	149558	0	0.5	25
	chrVI	149561	1	0.5	25
	chrVI	149569	0	0.5	25
	chrVI	149580	1	1.0	25
	chrVI	149590	0	0.5	25
	chrVI	149594	1	0.5	25
	chrVI	149595	1	0.5	25
	chrVI	149596	1	0.5	25
	chrVI	149603	1	0.5	25
	chrVI	149621	1	0.5	25
	chrVI	149631	1	0.5	25
	chrVI	149632	1	0.5	25
	chrVI	149638	1	0.5	25
	chrVI	149666	1	0.5	25
	chrVI	149686	0	0.5	25
	chrVI	149702	0	1.0	25
	chrVI	149714	0	0.5	25
	chrVI	149766	0	0.5	25
	chrVI	149776	1	0.5	25
	chrVI	149798	0	1.5	25
	chrVI	149807	1	0.5	25
	chrVI	149809	0	1.0	25
	chrVI	149809	1	0.5	25
	chrVI	149810	0	1.0	25
	chrVI	149812	0	0.5	25
	chrVI	149825	0	0.5	25
	chrVI	149831	0	1.0	25
	chrVI	149840	0	0.5	25
	chrVI	149841	1	0.5	25
	chrVI	149843	0	0.5	25
	chrVI	149849	0	0.5	25
	chrVI	149852	0	0.5	25
	chrVI	149857	0	0.5	25
	chrVI	149858	1	0.5	25
	chrVI	149863	1	1.0	25
	chrVI	149864	1	1.5	25
	chrVI	149865	0	0.5	25
	chrVI	149865	1	1.0	25
	chrVI	149866	0	2.5	25
	chrVI	149867	0	4.5	25
	chrVI	149869	0	0.5	25
	chrVI	149887	0	0.5	25
	chrVI	149888	0	0.5	25
	chrVI	149890	1	1.0	25
	chrVI	149902	1	0.5	25
	chrVI	149903	1	0.5	25
	chrVI	149906	1	0.5	25
	chrVI	149910	1	0.5	25
	chrVI	149918	1	0.5	25
	chrVI	149924	1	0.5	25
	chrVI	149932	0	0.5	25
	chrVI	149934	1	7.5	25
	chrVI	149935	0	1.0	25
	chrVI	149950	1	0.5	25
	chrVI	149952	1	0.5	25
	chrVI	149953	1	0.5	25
	chrVI	149954	1	0.5	25
	chrVI	149955	1	0.5	25
	chrVI	149957	0	0.5	25
	chrVI	149981	0	1.0	25
	chrVI	150009	0	0.5	25
	chrVI	150028	1	0.5	25
	chrVI	150060	0	0.5	25
	chrVI	150062	0	0.5	25
	chrVI	150070	1	0.5	25
	chrVI	150077	0	0.5	25
	chrVI	150086	1	0.5	25
	chrVI	150088	1	1.5	25
	chrVI	150104	1	0.5	25
	chrVI	150110	0	0.5	25
	chrVI	150125	1	0.5	25
	chrVI	150138	1	0.5	25
	chrVI	150148	0	0.5	25
	chrVI	150154	0	1.0	25
	chrVI	150175	1	0.5	25
	chrVI	150179	1	0.5	25
	chrVI	150212	1	1.0	25
	chrVI	150226	0	0.5	25
	chrVI	150266	0	0.5	25
	chrVI	150297	1	0.5	25
	chrVI	150298	0	0.5	25
	chrVI	150305	0	0.5	25
	chrVI	150329	1	0.5	25
	chrVI	150330	1	0.5	25
	chrVI	150353	0	0.5	25
	chrVI	150355	0	0.5	25
	chrVI	150361	0	0.5	25
	chrVI	150362	1	0.5	25
	chrVI	150366	0	0.5	25
	chrVI	150373	0	0.5	25
	chrVI	150383	1	0.5	25
	chrVI	150388	0	0.5	25
	chrVI	150416	0	0.5	25
	chrVI	150421	1	0.5	25
	chrVI	150422	0	0.5	25
	chrVI	150426	1	0.5	25
	chrVI	150435	1	0.5	25
	chrVI	150436	0	0.5	25
	chrVI	150442	0	0.5	25
	chrVI	150447	1	0.5	25
	chrVI	150449	0	0.5	25
	chrVI	150454	0	1.5	25
	chrVI	150457	0	0.5	25
	chrVI	150464	1	0.5	25
	chrVI	150468	1	0.5	25
	chrVI	150473	0	0.5	25
	chrVI	150486	1	0.5	25
	chrVI	150487	0	0.5	25
	chrVI	150491	0	0.5	25
	chrVI	150500	1	0.5	25
	chrVI	150501	1	1.0	25
	chrVI	150502	0	0.5	25
	chrVI	150502	1	0.5	25
	chrVI	150503	1	0.5	25
	chrVI	150538	0	0.5	25
	chrVI	150541	0	0.5	25
	chrVI	150548	1	0.5	25
	chrVI	150549	0	0.5	25
	chrVI	150556	0	0.5	25
	chrVI	150577	1	1.0	25
	chrVI	150585	0	0.5	25
	chrVI	150590	1	0.5	25
	chrVI	150591	1	1.5	25
	chrVI	150601	0	0.5	25
	chrVI	150610	1	0.5	25
	chrVI	150616	1	1.0	25
	chrVI	150639	1	0.5	25
	chrVI	150640	0	0.5	25
	chrVI	150661	1	0.5	25
	chrVI	150672	0	0.5	25
	chrVI	150709	0	0.5	25
	chrVI	150717	0	0.5	25
	chrVI	150719	0	1.0	25
	chrVI	150727	1	0.5	25
	chrVI	150739	1	0.5	25
	chrVI	150746	0	0.5	25
	chrVI	150773	0	0.5	25
	chrVI	150777	1	1.0	25
	chrVI	150778	1	0.5	25
	chrVI	150779	0	0.5	25
	chrVI	150789	1	1.0	25
	chrVI	150798	0	1.0	25
	chrVI	150814	1	0.5	25
	chrVI	150840	1	1.0	25
	chrVI	150845	0	0.5	25
	chrVI	150858	1	0.5	25
	chrVI	150866	1	0.5	25
	chrVI	150883	1	0.5	25
	chrVI	150908	0	0.5	25
	chrVI	150936	0	0.5	25
	chrVI	150998	0	0.5	25
	chrVI	151009	0	1.0	25
	chrVI	151015	0	0.5	25
	chrVI	151026	0	0.5	25
	chrVI	151030	0	0.5	25
	chrVI	151074	0	0.5	25
	chrVI	151077	0	0.5	25
	chrVI	151083	1	0.5	25
	chrVI	151084	1	0.5	25
	chrVI	151089	0	0.5	25
	chrVI	151099	1	1.0	25
	chrVI	151109	1	0.5	25
	chrVI	151113	1	0.5	25
	chrVI	151116	0	0.5	25
	chrVI	151134	1	1.0	25
	chrVI	151145	0	0.5	25
	chrVI	151146	0	0.5	25
	chrVI	151160	1	0.5	25
	chrVI	151172	0	0.5	25
	chrVI	151185	1	0.5	25
	chrVI	151190	1	0.5	25
	chrVI	151205	1	0.5	25
	chrVI	151217	1	0.5	25
	chrVI	151220	1	0.5	25
	chrVI	151278	1	0.5	25
	chrVI	151279	0	0.5	25
	chrVI	151282	0	0.5	25
	chrVI	151296	0	0.5	25
	chrVI	151361	1	0.5	25
	chrVI	151377	0	0.5	25
	chrVI	151409	1	0.5	25
	chrVI	151444	1	0.5	25
	chrVI	151445	0	0.5	25
	chrVI	151454	0	0.5	25
	chrVI	151465	0	0.5	25
	chrVI	151470	0	0.5	25
	chrVI	151484	0	1.0	25
	chrVI	151495	1	0.5	25
	chrVI	151516	0	0.5	25
	chrVI	151517	1	0.5	25
	chrVI	151519	1	0.5	25
	chrVI	151530	1	0.5	25
	chrVI	151531	0	0.5	25
	chrVI	151545	0	0.5	25
	chrVI	151558	1	0.5	25
	chrVI	151561	0	0.5	25
	chrVI	151593	1	0.5	25
	chrVI	151596	0	0.5	25
	chrVI	151600	1	0.5	25
	chrVI	151603	0	0.5	25
	chrVI	151609	0	0.5	25
	chrVI	151625	1	0.5	25
	chrVI	151648	1	1.0	25
	chrVI	151649	0	0.5	25
	chrVI	151653	0	0.5	25
	chrVI	151655	0	1.0	25
	chrVI	151655	1	0.5	25
	chrVI	151662	0	0.5	25
	chrVI	151663	1	0.5	25
	chrVI	151682	0	0.5	25
	chrVI	151688	1	0.5	25
	chrVI	151689	1	0.5	25
	chrVI	151695	1	0.5	25
	chrVI	151722	1	0.5	25
	chrVI	151751	0	0.5	25
	chrVI	151754	1	1.0	25
	chrVI	151756	0	0.5	25
	chrVI	151756	1	0.5	25
	chrVI	151764	0	0.5	25
	chrVI	151765	1	0.5	25
	chrVI	151791	0	0.5	25
	chrVI	151793	0	0.5	25
	chrVI	151806	1	0.5	25
	chrVI	151808	1	0.5	25
	chrVI	151845	1	0.5	25
	chrVI	151848	1	0.5	25
	chrVI	151866	0	1.0	25
	chrVI	151873	0	1.5	25
	chrVI	151881	1	0.5	25
	chrVI	151885	0	0.5	25
	chrVI	151903	0	0.5	25
	chrVI	151931	1	1.0	25
	chrVI	151936	0	0.5	25
	chrVI	151940	1	1.0	25
	chrVI	151955	0	0.5	25
	chrVI	151996	1	0.5	25
	chrVI	151997	0	0.5	25
	chrVI	152005	0	0.5	25
	chrVI	152005	1	1.5	25
	chrVI	152010	0	0.5	25
	chrVI	152014	1	0.5	25
	chrVI	152066	0	1.0	25
	chrVI	152068	0	0.5	25
	chrVI	152068	1	0.5	25
	chrVI	152081	0	0.5	25
	chrVI	152099	1	0.5	25
	chrVI	152134	0	0.5	25
	chrVI	152147	0	1.0	25
	chrVI	152156	0	0.5	25
	chrVI	152173	0	0.5	25
	chrVI	152181	0	0.5	25
	chrVI	152181	1	1.5	25
	chrVI	152194	1	0.5	25
	chrVI	152202	0	0.5	25
	chrVI	152202	1	0.5	25
	chrVI	152217	1	0.5	25
	chrVI	152222	1	0.5	25
	chrVI	152239	1	1.0	25
	chrVI	152251	0	1.0	25
	chrVI	152271	1	0.5	25
	chrVI	152279	0	1.0	25
	chrVI	152298	1	0.5	25
	chrVI	152307	0	0.5	25
	chrVI	152316	0	0.5	25
	chrVI	152322	0	0.5	25
	chrVI	152326	1	1.5	25
	chrVI	152340	0	0.5	25
	chrVI	152342	1	1.0	25
	chrVI	152353	0	0.5	25
	chrVI	152358	1	0.5	25
	chrVI	152364	0	0.5	25
	chrVI	152377	1	0.5	25
	chrVI	152391	1	0.5	25
	chrVI	152392	0	0.5	25
	chrVI	152393	0	0.5	25
	chrVI	152409	0	1.0	25
	chrVI	152411	0	0.5	25
	chrVI	152426	1	0.5	25
	chrVI	152442	1	0.5	25
	chrVI	152446	0	0.5	25
	chrVI	152455	0	0.5	25
	chrVI	152457	0	0.5	25
	chrVI	152466	0	0.5	25
	chrVI	152480	0	1.5	25
	chrVI	152483	0	0.5	25
	chrVI	152490	1	0.5	25
	chrVI	152499	0	0.5	25
	chrVI	152517	1	0.5	25
	chrVI	152520	0	1.5	25
	chrVI	152520	1	0.5	25
	chrVI	152531	1	2.0	25
	chrVI	152532	0	1.5	25
	chrVI	152533	0	0.5	25
	chrVI	152539	0	1.0	25
	chrVI	152545	1	0.5	25
	chrVI	152547	0	0.5	25
	chrVI	152553	0	0.5	25
	chrVI	152553	1	0.5	25
	chrVI	152563	1	1.0	25
	chrVI	152580	0	0.5	25
	chrVI	152589	1	3.0	25
	chrVI	152592	1	0.5	25
	chrVI	152593	1	0.5	25
	chrVI	152598	0	0.5	25
	chrVI	152623	1	0.5	25
	chrVI	152628	1	0.5	25
	chrVI	152629	1	0.5	25
	chrVI	152643	1	0.5	24
	chrVI	152671	1	0.5	25
	chrVI	152678	1	0.5	25
	chrVI	152715	0	1.0	25
	chrVI	152716	1	0.5	25
	chrVI	152730	1	0.5	25
	chrVI	152731	0	0.5	25
	chrVI	152777	1	0.5	25
	chrVI	152791	1	0.5	25
	chrVI	152792	1	0.5	25
	chrVI	152813	0	0.5	25
	chrVI	152815	1	0.5	25
	chrVI	152847	0	0.5	25
	chrVI	152858	0	0.5	25
	chrVI	152861	0	0.5	25
	chrVI	152872	1	0.5	25
	chrVI	152885	0	0.5	25
	chrVI	152925	1	0.5	25
	chrVI	152944	1	0.5	25
	chrVI	152946	1	0.5	25
	chrVI	152987	0	0.5	25
	chrVI	153008	1	0.5	25
	chrVI	153046	0	0.5	25
	chrVI	153104	0	0.5	25
	chrVI	153128	1	1.0	25
	chrVI	153141	0	0.5	25
	chrVI	153154	1	0.5	25
	chrVI	153160	0	0.5	25
	chrVI	153183	1	0.5	25
	chrVI	153198	0	0.5	25
	chrVI	153202	0	0.5	25
	chrVI	153205	0	1.0	25
	chrVI	153207	0	0.5	25
	chrVI	153208	0	0.5	25
	chrVI	153214	0	0.5	25
	chrVI	153216	0	0.5	25
	chrVI	153225	0	0.5	25
	chrVI	153229	0	1.0	25
	chrVI	153230	0	2.5	25
	chrVI	153232	0	2.0	25
	chrVI	153234	0	1.0	25
	chrVI	153236	0	0.5	25
	chrVI	153237	0	0.5	25
	chrVI	153267	1	0.5	25
	chrVI	153268	0	1.0	25
	chrVI	153269	0	0.5	25
	chrVI	153275	1	0.5	25
	chrVI	153283	1	0.5	25
	chrVI	153286	1	0.5	25
	chrVI	153288	0	1.0	25
	chrVI	153293	1	1.5	25
	chrVI	153294	1	1.5	25
	chrVI	153295	0	0.5	25
	chrVI	153295	1	1.0	25
	chrVI	153300	1	2.5	25
	chrVI	153302	0	0.5	25
	chrVI	153304	1	0.5	25
	chrVI	153313	0	0.5	25
	chrVI	153313	1	0.5	25
	chrVI	153314	1	0.5	25
	chrVI	153315	1	0.5	25
	chrVI	153318	1	0.5	25
	chrVI	153319	0	0.5	25
	chrVI	153319	1	0.5	25
	chrVI	153321	1	1.5	25
	chrVI	153323	1	0.5	25
	chrVI	153329	0	0.5	25
	chrVI	153329	1	0.5	25
	chrVI	153331	0	1.0	25
	chrVI	153333	0	0.5	25
	chrVI	153365	0	0.5	25
	chrVI	153371	1	0.5	25
	chrVI	153372	1	1.0	25
	chrVI	153414	1	1.0	25
	chrVI	153423	0	0.5	25
	chrVI	153430	1	0.5	25
	chrVI	153453	1	0.5	25
	chrVI	153458	1	0.5	25
	chrVI	153462	1	0.5	25
	chrVI	153474	1	0.5	25
	chrVI	153475	1	0.5	25
	chrVI	153482	0	0.5	25
	chrVI	153492	0	0.5	25
	chrVI	153497	0	1.5	25
	chrVI	153515	1	0.5	25
	chrVI	153533	0	0.5	25
	chrVI	153553	1	0.5	25
	chrVI	153564	1	0.5	25
	chrVI	153574	1	0.5	25
	chrVI	153587	0	0.5	25
	chrVI	153611	1	0.5	25
	chrVI	153632	0	0.5	25
	chrVI	153648	0	0.5	25
	chrVI	153660	0	0.5	25
	chrVI	153686	0	0.5	25
	chrVI	153695	1	0.5	25
	chrVI	153698	0	0.5	25
	chrVI	153714	1	0.5	25
	chrVI	153719	1	1.0	25
	chrVI	153751	0	0.5	25
	chrVI	153752	1	0.5	25
	chrVI	153762	0	1.0	25
	chrVI	153791	1	0.5	25
	chrVI	153805	0	0.5	25
	chrVI	153816	0	0.5	25
	chrVI	153821	0	0.5	25
	chrVI	153821	1	1.0	25
	chrVI	153827	0	0.5	25
	chrVI	153831	1	1.0	25
	chrVI	153839	0	0.5	25
	chrVI	153858	1	0.5	25
	chrVI	153863	1	0.5	25
	chrVI	153875	0	0.5	25
	chrVI	153892	0	0.5	25
	chrVI	153895	1	0.5	25
	chrVI	153896	0	0.5	25
	chrVI	153914	0	1.0	25
	chrVI	153918	1	0.5	25
	chrVI	153968	1	0.5	25
	chrVI	153969	1	0.5	25
	chrVI	153972	1	0.5	25
	chrVI	153977	1	0.5	25
	chrVI	153978	1	0.5	25
	chrVI	153983	0	0.5	25
	chrVI	153984	0	0.5	25
	chrVI	153989	0	0.5	25
	chrVI	153993	0	0.5	25
	chrVI	153999	0	0.5	25
	chrVI	154020	0	0.5	25
	chrVI	154031	0	0.5	25
	chrVI	154040	1	0.5	25
	chrVI	154042	1	0.5	25
	chrVI	154058	0	0.5	25
	chrVI	154064	1	1.5	25
	chrVI	154072	1	0.5	25
	chrVI	154074	1	0.5	25
	chrVI	154078	1	0.5	25
	chrVI	154090	0	0.5	25
	chrVI	154100	0	1.0	25
	chrVI	154114	0	0.5	25
	chrVI	154115	1	1.0	25
	chrVI	154138	1	0.5	25
	chrVI	154148	0	0.5	25
	chrVI	154157	0	1.0	25
	chrVI	154172	0	0.5	25
	chrVI	154194	1	1.0	25
	chrVI	154202	1	0.5	25
	chrVI	154207	1	0.5	25
	chrVI	154220	1	1.0	25
	chrVI	154225	1	0.5	25
	chrVI	154266	0	0.5	25
	chrVI	154323	1	0.5	25
	chrVI	154325	0	0.5	25
	chrVI	154326	0	0.5	25
	chrVI	154348	0	0.5	25
	chrVI	154359	1	0.5	25
	chrVI	154362	0	0.5	25
	chrVI	154366	1	0.5	25
	chrVI	154369	0	0.5	25
	chrVI	154396	0	0.5	25
	chrVI	154398	0	0.5	25
	chrVI	154404	0	0.5	25
	chrVI	154414	0	1.0	25
	chrVI	154415	1	0.5	25
	chrVI	154438	1	0.5	25
	chrVI	154439	0	0.5	25
	chrVI	154456	1	0.5	25
	chrVI	154458	1	1.0	25
	chrVI	154469	1	0.5	25
	chrVI	154471	0	0.5	25
	chrVI	154514	0	0.5	25
	chrVI	154517	1	0.5	25
	chrVI	154519	1	0.5	25
	chrVI	154565	0	0.5	25
	chrVI	154600	1	0.5	25
	chrVI	154601	0	0.5	25
	chrVI	154602	1	0.5	25
	chrVI	154612	0	0.5	25
	chrVI	154612	1	1.0	25
	chrVI	154615	0	0.5	25
	chrVI	154643	0	0.5	25
	chrVI	154646	1	0.5	25
	chrVI	154678	1	0.5	25
	chrVI	154682	0	0.5	25
	chrVI	154688	0	1.0	25
	chrVI	154691	0	0.5	25
	chrVI	154707	1	0.5	25
	chrVI	154729	0	0.5	25
	chrVI	154743	0	0.5	25
	chrVI	154743	1	0.5	25
	chrVI	154748	0	0.5	25
	chrVI	154778	1	0.5	25
	chrVI	154791	1	1.0	25
	chrVI	154796	1	0.5	25
	chrVI	154808	1	0.5	25
	chrVI	154835	0	0.5	25
	chrVI	154852	0	0.5	25
	chrVI	154854	0	0.5	25
	chrVI	154903	0	0.5	25
	chrVI	154911	0	0.5	25
	chrVI	154915	1	0.5	25
	chrVI	154917	1	0.5	25
	chrVI	154918	0	1.0	25
	chrVI	154924	1	0.5	25
	chrVI	154925	0	0.5	25
	chrVI	154941	1	1.0	25
	chrVI	154956	1	0.5	25
	chrVI	154959	1	0.5	25
	chrVI	154979	1	0.5	25
	chrVI	154990	0	0.5	25
	chrVI	155007	1	0.5	25
	chrVI	155008	0	0.5	25
	chrVI	155016	1	0.5	25
	chrVI	155026	0	1.5	25
	chrVI	155060	0	0.5	25
	chrVI	155088	1	0.5	25
	chrVI	155098	1	1.5	25
	chrVI	155103	0	0.5	25
	chrVI	155104	0	0.5	25
	chrVI	155124	1	0.5	25
	chrVI	155126	0	0.5	25
	chrVI	155144	1	0.5	25
	chrVI	155170	0	0.5	25
	chrVI	155171	0	0.5	25
	chrVI	155184	1	0.5	25
	chrVI	155186	1	0.5	25
	chrVI	155187	0	1.0	25
	chrVI	155211	1	0.5	25
	chrVI	155245	0	1.0	25
	chrVI	155251	1	0.5	25
	chrVI	155265	0	0.5	25
	chrVI	155289	0	0.5	25
	chrVI	155291	1	0.5	25
	chrVI	155305	0	1.0	25
	chrVI	155313	1	1.0	25
	chrVI	155321	0	0.5	25
	chrVI	155333	0	0.5	25
	chrVI	155346	0	0.5	25
	chrVI	155366	1	0.5	25
	chrVI	155386	0	0.5	25
	chrVI	155388	1	0.5	25
	chrVI	155412	0	0.5	25
	chrVI	155424	1	0.5	25
	chrVI	155430	1	0.5	25
	chrVI	155445	0	0.5	25
	chrVI	155450	0	1.5	25
	chrVI	155452	1	0.5	25
	chrVI	155459	0	0.5	25
	chrVI	155468	0	0.5	25
	chrVI	155475	0	0.5	25
	chrVI	155481	1	0.5	25
	chrVI	155484	1	0.5	25
	chrVI	155492	0	0.5	25
	chrVI	155500	0	0.5	25
	chrVI	155511	1	1.0	25
	chrVI	155518	1	0.5	25
	chrVI	155519	0	0.5	25
	chrVI	155521	1	0.5	25
	chrVI	155552	1	0.5	25
	chrVI	155554	0	0.5	25
	chrVI	155571	1	0.5	25
	chrVI	155581	1	0.5	25
	chrVI	155587	1	0.5	25
	chrVI	155598	1	0.5	25
	chrVI	155602	1	1.0	25
	chrVI	155612	0	0.5	25
	chrVI	155631	1	1.0	25
	chrVI	155663	0	0.5	25
	chrVI	155699	1	0.5	25
	chrVI	155703	0	0.5	25
	chrVI	155704	1	0.5	25
	chrVI	155711	1	0.5	25
	chrVI	155725	0	0.5	25
	chrVI	155765	1	0.5	25
	chrVI	155766	0	0.5	25
	chrVI	155767	0	0.5	25
	chrVI	155787	1	0.5	25
	chrVI	155800	1	0.5	25
	chrVI	155837	0	0.5	25
	chrVI	155846	1	0.5	25
	chrVI	155905	0	0.5	25
	chrVI	155911	0	1.5	25
	chrVI	155917	0	0.5	25
	chrVI	155922	0	0.5	25
	chrVI	155931	0	0.5	25
	chrVI	155939	1	0.5	25
	chrVI	155954	1	0.5	25
	chrVI	155955	0	3.0	25
	chrVI	155956	0	0.5	25
	chrVI	155958	0	0.5	25
	chrVI	155969	1	0.5	25
	chrVI	155975	0	1.0	25
	chrVI	155992	1	0.5	25
	chrVI	156001	0	0.5	25
	chrVI	156005	1	0.5	25
	chrVI	156011	1	2.5	25
	chrVI	156012	0	1.0	25
	chrVI	156014	1	2.0	25
	chrVI	156015	0	2.0	25
	chrVI	156016	0	0.5	25
	chrVI	156017	0	1.0	25
	chrVI	156021	0	0.5	25
	chrVI	156032	1	0.5	25
	chrVI	156034	0	0.5	25
	chrVI	156041	1	0.5	25
	chrVI	156048	1	0.5	25
	chrVI	156056	1	0.5	25
	chrVI	156059	1	0.5	25
	chrVI	156060	1	0.5	25
	chrVI	156074	0	0.5	25
	chrVI	156075	0	0.5	25
	chrVI	156085	1	1.5	25
	chrVI	156094	1	0.5	25
	chrVI	156096	1	1.5	25
	chrVI	156114	0	1.0	25
	chrVI	156115	1	1.0	25
	chrVI	156123	1	0.5	25
	chrVI	156130	1	0.5	25
	chrVI	156134	1	0.5	25
	chrVI	156139	0	0.5	25
	chrVI	156174	1	0.5	25
	chrVI	156180	1	0.5	25
	chrVI	156229	0	0.5	25
	chrVI	156238	0	0.5	25
	chrVI	156240	0	0.5	25
	chrVI	156258	1	0.5	25
	chrVI	156265	1	0.5	25
	chrVI	156270	0	0.5	25
	chrVI	156279	1	0.5	25
	chrVI	156280	1	0.5	25
	chrVI	156286	0	0.5	25
	chrVI	156287	0	0.5	25
	chrVI	156289	1	0.5	25
	chrVI	156294	0	0.5	25
	chrVI	156340	1	0.5	25
	chrVI	156350	0	0.5	25
	chrVI	156358	0	0.5	25
	chrVI	156360	0	0.5	25
	chrVI	156360	1	0.5	25
	chrVI	156369	0	0.5	25
	chrVI	156404	1	0.5	25
	chrVI	156419	1	0.5	25
	chrVI	156420	0	1.0	25
	chrVI	156423	1	0.5	25
	chrVI	156428	1	0.5	25
	chrVI	156440	0	0.5	25
	chrVI	156462	1	0.5	25
	chrVI	156514	0	0.5	25
	chrVI	156536	1	1.0	25
	chrVI	156540	0	1.0	25
	chrVI	156554	1	0.5	25
	chrVI	156562	1	0.5	25
	chrVI	156568	0	1.0	25
	chrVI	156574	0	0.5	25
	chrVI	156581	0	0.5	25
	chrVI	156602	0	0.5	25
	chrVI	156604	1	1.0	25
	chrVI	156622	0	0.5	25
	chrVI	156637	0	0.5	25
	chrVI	156638	0	1.0	25
	chrVI	156638	1	0.5	25
	chrVI	156642	1	0.5	25
	chrVI	156646	1	1.0	25
	chrVI	156683	1	0.5	25
	chrVI	156689	1	0.5	25
	chrVI	156703	1	0.5	25
	chrVI	156706	1	1.0	25
	chrVI	156729	0	0.5	25
	chrVI	156771	1	0.5	25
	chrVI	156773	1	0.5	25
	chrVI	156786	0	0.5	25
	chrVI	156794	0	0.5	25
	chrVI	156800	0	0.5	25
	chrVI	156819	0	0.5	25
	chrVI	156842	1	0.5	25
	chrVI	156848	1	0.5	25
	chrVI	156857	0	0.5	25
	chrVI	156864	0	0.5	25
	chrVI	156869	0	0.5	25
	chrVI	156886	1	0.5	25
	chrVI	156898	0	0.5	25
	chrVI	156907	0	0.5	25
	chrVI	156916	1	0.5	25
	chrVI	156921	1	0.5	25
	chrVI	156933	1	0.5	25
	chrVI	156938	1	0.5	25
	chrVI	156944	0	0.5	25
	chrVI	156953	1	0.5	25
	chrVI	156973	0	0.5	25
	chrVI	156976	1	0.5	25
	chrVI	157008	0	0.5	25
	chrVI	157017	1	0.5	25
	chrVI	157059	0	0.5	25
	chrVI	157069	1	0.5	25
	chrVI	157100	1	0.5	25
	chrVI	157113	1	0.5	25
	chrVI	157115	0	0.5	25
	chrVI	157122	0	1.0	25
	chrVI	157136	0	1.0	25
	chrVI	157143	0	0.5	25
	chrVI	157155	0	0.5	25
	chrVI	157175	1	0.5	25
	chrVI	157183	0	0.5	25
	chrVI	157209	1	1.0	25
	chrVI	157210	1	0.5	25
	chrVI	157219	1	1.0	25
	chrVI	157226	1	0.5	25
	chrVI	157227	0	0.5	25
	chrVI	157243	0	0.5	25
	chrVI	157253	1	0.5	25
	chrVI	157271	1	0.5	25
	chrVI	157282	0	0.5	25
	chrVI	157290	1	0.5	25
	chrVI	157295	0	1.0	25
	chrVI	157304	0	0.5	25
	chrVI	157310	0	0.5	25
	chrVI	157316	0	0.5	25
	chrVI	157321	0	1.0	25
	chrVI	157322	0	0.5	25
	chrVI	157334	0	0.5	25
	chrVI	157336	1	0.5	25
	chrVI	157367	1	0.5	25
	chrVI	157373	0	0.5	25
	chrVI	157373	1	0.5	25
	chrVI	157374	0	1.0	25
	chrVI	157389	0	0.5	25
	chrVI	157392	1	0.5	25
	chrVI	157399	0	0.5	25
	chrVI	157401	1	0.5	25
	chrVI	157402	0	1.0	25
	chrVI	157407	1	1.0	25
	chrVI	157415	1	0.5	25
	chrVI	157419	1	0.5	25
	chrVI	157420	1	0.5	25
	chrVI	157447	1	0.5	25
	chrVI	157453	0	0.5	25
	chrVI	157469	1	1.0	25
	chrVI	157482	0	0.5	25
	chrVI	157482	1	0.5	25
	chrVI	157488	0	0.5	25
	chrVI	157493	1	0.5	25
	chrVI	157494	1	1.0	25
	chrVI	157522	1	0.5	25
	chrVI	157532	1	0.5	25
	chrVI	157546	0	0.5	25
	chrVI	157550	0	0.5	25
	chrVI	157573	1	0.5	25
	chrVI	157585	0	0.5	25
	chrVI	157600	1	0.5	25
	chrVI	157612	1	0.5	25
	chrVI	157652	0	0.5	25
	chrVI	157655	1	0.5	25
	chrVI	157659	0	0.5	25
	chrVI	157685	0	0.5	25
	chrVI	157707	0	0.5	25
	chrVI	157719	0	0.5	25
	chrVI	157728	0	1.0	25
	chrVI	157730	0	2.0	25
	chrVI	157744	1	0.5	25
	chrVI	157775	1	0.5	25
	chrVI	157778	1	0.5	25
	chrVI	157790	0	0.5	25
	chrVI	157791	0	0.5	25
	chrVI	157798	1	2.0	25
	chrVI	157799	0	0.5	25
	chrVI	157813	1	0.5	25
	chrVI	157815	0	0.5	25
	chrVI	157815	1	1.0	25
	chrVI	157827	0	0.5	25
	chrVI	157829	0	0.5	25
	chrVI	157842	0	0.5	25
	chrVI	157849	1	0.5	25
	chrVI	157859	0	0.5	25
	chrVI	157859	1	1.0	25
	chrVI	157860	0	1.0	25
	chrVI	157862	0	0.5	25
	chrVI	157863	1	1.0	25
	chrVI	157864	0	0.5	25
	chrVI	157865	0	1.0	25
	chrVI	157871	0	0.5	25
	chrVI	157884	1	0.5	25
	chrVI	157886	1	0.5	25
	chrVI	157887	0	0.5	25
	chrVI	157898	0	0.5	25
	chrVI	157901	0	1.5	25
	chrVI	157920	1	1.0	25
	chrVI	157955	1	0.5	25
	chrVI	157960	0	1.0	25
	chrVI	157966	0	0.5	25
	chrVI	157970	1	0.5	25
	chrVI	157973	1	0.5	25
	chrVI	157974	0	1.0	25
	chrVI	157979	0	0.5	25
	chrVI	157987	1	0.5	25
	chrVI	158000	0	0.5	25
	chrVI	158001	1	0.5	25
	chrVI	158004	0	0.5	25
	chrVI	158014	1	0.5	25
	chrVI	158016	0	0.5	25
	chrVI	158017	0	0.5	25
	chrVI	158019	1	0.5	25
	chrVI	158056	0	0.5	25
	chrVI	158065	1	4.5	25
	chrVI	158067	0	0.5	25
	chrVI	158073	0	0.5	25
	chrVI	158073	1	0.5	25
	chrVI	158074	1	0.5	25
	chrVI	158075	0	0.5	25
	chrVI	158078	0	0.5	25
	chrVI	158084	0	0.5	25
	chrVI	158084	1	1.0	25
	chrVI	158093	0	0.5	25
	chrVI	158093	1	0.5	25
	chrVI	158094	0	1.0	25
	chrVI	158103	0	1.0	25
	chrVI	158121	0	1.0	25
	chrVI	158131	1	0.5	25
	chrVI	158132	1	0.5	25
	chrVI	158137	1	0.5	25
	chrVI	158145	1	0.5	25
	chrVI	158148	1	0.5	25
	chrVI	158154	1	1.0	25
	chrVI	158170	1	1.0	25
	chrVI	158190	1	1.0	25
	chrVI	158205	0	1.0	25
	chrVI	158238	0	0.5	25
	chrVI	158262	1	0.5	25
	chrVI	158265	0	0.5	25
	chrVI	158268	0	0.5	25
	chrVI	158269	0	0.5	25
	chrVI	158275	1	0.5	25
	chrVI	158282	0	1.0	25
	chrVI	158295	0	0.5	25
	chrVI	158304	0	0.5	25
	chrVI	158309	1	1.0	25
	chrVI	158317	1	0.5	25
	chrVI	158330	1	0.5	25
	chrVI	158338	1	1.0	25
	chrVI	158342	0	0.5	25
	chrVI	158344	0	1.0	25
	chrVI	158365	1	0.5	25
	chrVI	158375	0	0.5	25
	chrVI	158379	1	0.5	25
	chrVI	158380	1	0.5	25
	chrVI	158382	0	0.5	25
	chrVI	158389	1	0.5	25
	chrVI	158399	1	0.5	25
	chrVI	158419	0	0.5	25
	chrVI	158421	1	1.0	25
	chrVI	158446	1	0.5	25
	chrVI	158448	0	0.5	25
	chrVI	158448	1	0.5	25
	chrVI	158450	0	1.0	25
	chrVI	158453	0	0.5	25
	chrVI	158456	0	0.5	25
	chrVI	158464	0	0.5	25
	chrVI	158477	0	0.5	25
	chrVI	158484	1	0.5	25
	chrVI	158495	1	0.5	25
	chrVI	158511	1	0.5	25
	chrVI	158525	1	0.5	25
	chrVI	158532	1	0.5	25
	chrVI	158545	0	0.5	25
	chrVI	158547	0	0.5	25
	chrVI	158559	1	0.5	25
	chrVI	158592	1	0.5	25
	chrVI	158623	1	1.5	25
	chrVI	158641	0	0.5	25
	chrVI	158655	0	0.5	25
	chrVI	158657	0	0.5	25
	chrVI	158664	0	0.5	25
	chrVI	158687	0	0.5	25
	chrVI	158698	0	0.5	25
	chrVI	158705	0	0.5	25
	chrVI	158707	1	0.5	25
	chrVI	158708	0	0.5	25
	chrVI	158708	1	0.5	25
	chrVI	158716	0	0.5	25
	chrVI	158719	1	0.5	25
	chrVI	158731	1	0.5	25
	chrVI	158734	0	0.5	25
	chrVI	158749	0	0.5	25
	chrVI	158761	1	0.5	25
	chrVI	158771	1	0.5	25
	chrVI	158784	1	1.0	25
	chrVI	158786	0	0.5	25
	chrVI	158797	1	0.5	25
	chrVI	158807	1	0.5	25
	chrVI	158808	1	0.5	25
	chrVI	158857	1	0.5	25
	chrVI	158880	1	0.5	25
	chrVI	158882	0	1.5	25
	chrVI	158886	0	0.5	25
	chrVI	158921	0	1.0	25
	chrVI	158950	0	1.5	25
	chrVI	158956	0	0.5	25
	chrVI	158971	0	0.5	25
	chrVI	158981	0	0.5	25
	chrVI	158982	1	0.5	25
	chrVI	158996	0	0.5	25
	chrVI	158999	1	0.5	25
	chrVI	159002	0	0.5	25
	chrVI	159008	0	0.5	25
	chrVI	159020	0	0.5	25
	chrVI	159022	0	0.5	25
	chrVI	159024	0	0.5	25
	chrVI	159026	1	0.5	25
	chrVI	159031	0	0.5	25
	chrVI	159031	1	0.5	25
	chrVI	159039	1	1.0	25
	chrVI	159046	0	0.5	25
	chrVI	159060	1	0.5	25
	chrVI	159075	1	0.5	25
	chrVI	159090	1	0.5	25
	chrVI	159095	1	0.5	25
	chrVI	159098	1	1.0	25
	chrVI	159099	1	0.5	25
	chrVI	159101	0	0.5	25
	chrVI	159104	0	0.5	25
	chrVI	159112	1	2.0	25
	chrVI	159138	1	0.5	25
	chrVI	159140	0	1.0	25
	chrVI	159141	1	0.5	25
	chrVI	159145	0	0.5	25
	chrVI	159146	0	0.5	25
	chrVI	159151	0	0.5	25
	chrVI	159166	1	0.5	25
	chrVI	159172	0	1.0	25
	chrVI	159173	1	0.5	25
	chrVI	159175	0	0.5	25
	chrVI	159176	0	0.5	25
	chrVI	159181	0	0.5	25
	chrVI	159186	0	0.5	25
	chrVI	159194	1	0.5	25
	chrVI	159199	1	1.0	25
	chrVI	159200	0	0.5	25
	chrVI	159201	1	1.0	25
	chrVI	159202	0	0.5	25
	chrVI	159207	1	0.5	25
	chrVI	159222	0	0.5	25
	chrVI	159228	1	0.5	25
	chrVI	159229	1	0.5	25
	chrVI	159246	1	0.5	25
	chrVI	159252	1	0.5	25
	chrVI	159254	1	0.5	25
	chrVI	159258	1	0.5	25
	chrVI	159263	1	0.5	25
	chrVI	159306	0	1.0	25
	chrVI	159307	0	0.5	25
	chrVI	159310	0	0.5	25
	chrVI	159365	1	0.5	25
	chrVI	159367	0	0.5	25
	chrVI	159368	0	1.0	25
	chrVI	159373	0	0.5	25
	chrVI	159379	1	1.0	25
	chrVI	159381	0	0.5	25
	chrVI	159385	0	1.0	25
	chrVI	159385	1	0.5	25
	chrVI	159388	0	0.5	25
	chrVI	159389	0	1.0	25
	chrVI	159412	1	0.5	25
	chrVI	159414	1	0.5	25
	chrVI	159415	1	0.5	25
	chrVI	159417	1	0.5	25
	chrVI	159419	1	0.5	25
	chrVI	159423	0	0.5	25
	chrVI	159431	1	0.5	25
	chrVI	159442	1	0.5	25
	chrVI	159446	1	1.0	25
	chrVI	159450	0	0.5	25
	chrVI	159484	1	0.5	25
	chrVI	159485	1	0.5	25
	chrVI	159507	1	0.5	25
	chrVI	159525	1	0.5	25
	chrVI	159551	1	0.5	25
	chrVI	159552	0	0.5	25
	chrVI	159561	0	0.5	25
	chrVI	159640	1	1.0	25
	chrVI	159653	0	0.5	25
	chrVI	159655	0	0.5	25
	chrVI	159711	1	0.5	25
	chrVI	159719	0	1.0	25
	chrVI	159723	1	0.5	25
	chrVI	159739	0	0.5	25
	chrVI	159746	0	1.0	25
	chrVI	159772	0	0.5	25
	chrVI	159801	1	0.5	25
	chrVI	159848	0	0.5	25
	chrVI	159860	1	0.5	25
	chrVI	159895	1	1.0	25
	chrVI	159904	0	0.5	25
	chrVI	159918	1	0.5	25
	chrVI	159923	1	1.0	25
	chrVI	159987	1	0.5	25
	chrVI	159989	0	0.5	25
	chrVI	160025	0	0.5	25
	chrVI	160051	1	0.5	25
	chrVI	160079	0	0.5	25
	chrVI	160088	0	0.5	25
	chrVI	160174	1	0.5	25
	chrVI	160175	1	0.5	25
	chrVI	160183	0	0.5	25
	chrVI	160201	0	0.5	25
	chrVI	160221	0	0.5	25
	chrVI	160235	0	0.5	25
	chrVI	160252	1	0.5	25
	chrVI	160259	0	0.5	25
	chrVI	160265	1	0.5	25
	chrVI	160270	0	0.5	25
	chrVI	160287	1	0.5	25
	chrVI	160304	1	0.5	25
	chrVI	160308	0	1.0	25
	chrVI	160311	1	0.5	25
	chrVI	160316	1	0.5	25
	chrVI	160326	0	0.5	25
	chrVI	160330	1	0.5	25
	chrVI	160358	1	1.0	25
	chrVI	160359	0	1.0	25
	chrVI	160378	0	0.5	25
	chrVI	160380	0	0.5	25
	chrVI	160383	0	1.0	25
	chrVI	160385	0	0.5	25
	chrVI	160388	0	0.5	25
	chrVI	160393	0	0.5	25
	chrVI	160396	0	0.5	25
	chrVI	160403	0	0.5	25
	chrVI	160407	0	0.5	25
	chrVI	160408	0	0.5	25
	chrVI	160410	0	0.5	25
	chrVI	160414	0	1.0	25
	chrVI	160415	0	0.5	25
	chrVI	160417	0	0.5	25
	chrVI	160433	1	0.5	25
	chrVI	160444	1	0.5	25
	chrVI	160445	1	0.5	25
	chrVI	160446	0	0.5	25
	chrVI	160446	1	1.5	25
	chrVI	160447	1	1.0	25
	chrVI	160451	0	0.5	25
	chrVI	160458	1	0.5	25
	chrVI	160468	1	0.5	25
	chrVI	160472	1	1.0	25
	chrVI	160476	1	0.5	25
	chrVI	160479	1	1.0	25
	chrVI	160480	1	0.5	25
	chrVI	160482	0	0.5	25
	chrVI	160483	1	0.5	25
	chrVI	160499	1	0.5	25
	chrVI	160514	0	0.5	25
	chrVI	160515	0	0.5	25
	chrVI	160534	1	0.5	25
	chrVI	160546	0	0.5	25
	chrVI	160555	0	0.5	25
	chrVI	160555	1	0.5	25
	chrVI	160561	0	0.5	25
	chrVI	160576	0	1.0	25
	chrVI	160599	1	0.5	25
	chrVI	160602	1	0.5	25
	chrVI	160604	0	0.5	25
	chrVI	160604	1	0.5	25
	chrVI	160605	1	0.5	25
	chrVI	160606	1	0.5	25
	chrVI	160607	0	0.5	25
	chrVI	160617	1	0.5	25
	chrVI	160631	1	0.5	25
	chrVI	160636	0	0.5	25
	chrVI	160645	0	0.5	25
	chrVI	160648	0	1.0	25
	chrVI	160657	0	0.5	25
	chrVI	160660	0	0.5	25
	chrVI	160678	0	0.5	25
	chrVI	160704	1	1.5	25
	chrVI	160707	0	0.5	25
	chrVI	160718	1	0.5	25
	chrVI	160719	1	1.0	25
	chrVI	160755	1	0.5	25
	chrVI	160783	1	0.5	25
	chrVI	160794	0	0.5	25
	chrVI	160795	1	1.0	25
	chrVI	160836	0	0.5	25
	chrVI	160842	1	0.5	25
	chrVI	160882	1	0.5	25
	chrVI	160886	0	0.5	25
	chrVI	160887	1	0.5	25
	chrVI	160888	0	0.5	25
	chrVI	160924	1	0.5	25
	chrVI	160925	1	0.5	25
	chrVI	160930	0	0.5	25
	chrVI	160932	0	0.5	25
	chrVI	160933	0	0.5	25
	chrVI	160936	1	0.5	25
	chrVI	160977	0	0.5	25
	chrVI	160993	1	0.5	25
	chrVI	161001	1	0.5	25
	chrVI	161010	1	0.5	25
	chrVI	161015	0	0.5	25
	chrVI	161038	1	0.5	25
	chrVI	161041	0	0.5	25
	chrVI	161081	1	0.5	25
	chrVI	161092	0	0.5	25
	chrVI	161130	0	0.5	25
	chrVI	161154	1	0.5	25
	chrVI	161168	1	0.5	25
	chrVI	161177	0	0.5	25
	chrVI	161183	0	0.5	25
	chrVI	161189	0	0.5	25
	chrVI	161207	0	0.5	25
	chrVI	161221	1	0.5	25
	chrVI	161223	0	0.5	25
	chrVI	161242	0	0.5	25
	chrVI	161254	1	0.5	25
	chrVI	161257	0	0.5	25
	chrVI	161258	1	0.5	25
	chrVI	161262	0	1.0	25
	chrVI	161266	0	0.5	25
	chrVI	161293	1	0.5	25
	chrVI	161298	1	0.5	25
	chrVI	161305	1	0.5	25
	chrVI	161309	1	0.5	25
	chrVI	161314	0	0.5	25
	chrVI	161317	1	0.5	25
	chrVI	161318	1	0.5	25
	chrVI	161321	0	0.5	25
	chrVI	161321	1	1.0	25
	chrVI	161323	0	1.0	25
	chrVI	161328	0	1.0	25
	chrVI	161329	0	0.5	25
	chrVI	161334	0	0.5	25
	chrVI	161351	0	0.5	25
	chrVI	161352	0	1.0	25
	chrVI	161354	0	1.0	25
	chrVI	161355	0	0.5	25
	chrVI	161361	1	0.5	25
	chrVI	161396	1	0.5	25
	chrVI	161404	1	1.0	25
	chrVI	161406	1	0.5	25
	chrVI	161412	1	0.5	25
	chrVI	161418	1	1.0	25
	chrVI	161420	1	0.5	25
	chrVI	161427	0	0.5	25
	chrVI	161428	1	0.5	25
	chrVI	161435	1	0.5	25
	chrVI	161440	0	0.5	25
	chrVI	161441	1	0.5	25
	chrVI	161446	0	0.5	25
	chrVI	161456	0	0.5	25
	chrVI	161489	0	0.5	25
	chrVI	161492	0	0.5	25
	chrVI	161497	1	0.5	25
	chrVI	161501	1	0.5	25
	chrVI	161503	0	0.5	25
	chrVI	161506	0	0.5	25
	chrVI	161518	1	0.5	25
	chrVI	161537	0	0.5	25
	chrVI	161537	1	0.5	25
	chrVI	161557	1	0.5	25
	chrVI	161562	1	0.5	25
	chrVI	161578	1	0.5	25
	chrVI	161583	1	0.5	25
	chrVI	161590	0	0.5	25
	chrVI	161601	1	0.5	25
	chrVI	161610	0	0.5	25
	chrVI	161610	1	0.5	25
	chrVI	161611	1	0.5	25
	chrVI	161619	0	0.5	25
	chrVI	161631	0	0.5	25
	chrVI	161635	1	0.5	25
	chrVI	161648	0	0.5	25
	chrVI	161661	0	0.5	25
	chrVI	161679	1	0.5	25
	chrVI	161698	1	0.5	25
	chrVI	161704	0	0.5	25
	chrVI	161705	0	0.5	25
	chrVI	161714	0	0.5	25
	chrVI	161730	1	0.5	25
	chrVI	161731	1	0.5	25
	chrVI	161734	0	0.5	25
	chrVI	161768	0	0.5	25
	chrVI	161772	1	0.5	25
	chrVI	161779	1	0.5	25
	chrVI	161780	0	0.5	25
	chrVI	161783	0	0.5	25
	chrVI	161791	0	0.5	25
	chrVI	161795	1	1.5	25
	chrVI	161797	0	0.5	25
	chrVI	161801	0	0.5	25
	chrVI	161812	0	1.5	25
	chrVI	161838	1	0.5	25
	chrVI	161850	1	0.5	25
	chrVI	161853	1	0.5	25
	chrVI	161872	0	0.5	25
	chrVI	161875	0	0.5	25
	chrVI	161880	1	0.5	25
	chrVI	161882	0	1.0	25
	chrVI	161903	0	0.5	25
	chrVI	161915	0	1.0	25
	chrVI	161927	1	0.5	25
	chrVI	161935	1	0.5	25
	chrVI	161969	1	1.0	25
	chrVI	161972	1	0.5	25
	chrVI	161973	1	0.5	25
	chrVI	161974	0	0.5	25
	chrVI	161979	1	0.5	25
	chrVI	161985	1	0.5	25
	chrVI	161988	1	2.0	25
	chrVI	161996	0	0.5	25
	chrVI	162046	1	0.5	25
	chrVI	162061	0	1.5	25
	chrVI	162096	0	0.5	25
	chrVI	162103	0	0.5	25
	chrVI	162149	0	0.5	25
	chrVI	162153	1	1.5	25
	chrVI	162154	0	0.5	25
	chrVI	162155	1	0.5	25
	chrVI	162161	0	0.5	25
	chrVI	162169	1	0.5	25
	chrVI	162170	0	1.0	25
	chrVI	162173	0	0.5	25
	chrVI	162175	0	0.5	25
	chrVI	162197	1	0.5	25
	chrVI	162209	0	0.5	25
	chrVI	162211	1	0.5	25
	chrVI	162213	1	0.5	25
	chrVI	162240	1	1.0	25
	chrVI	162262	1	0.5	25
	chrVI	162279	1	0.5	25
	chrVI	162302	0	0.5	25
	chrVI	162313	1	0.5	25
	chrVI	162315	1	0.5	25
	chrVI	162320	0	0.5	25
	chrVI	162334	0	0.5	25
	chrVI	162350	0	0.5	25
	chrVI	162354	0	1.5	25
	chrVI	162355	0	0.5	25
	chrVI	162359	0	0.5	25
	chrVI	162359	1	0.5	25
	chrVI	162372	0	0.5	25
	chrVI	162373	0	0.5	25
	chrVI	162381	0	0.5	25
	chrVI	162384	1	0.5	25
	chrVI	162386	0	0.5	25
	chrVI	162392	1	0.5	25
	chrVI	162394	1	0.5	25
	chrVI	162395	0	0.5	25
	chrVI	162395	1	0.5	25
	chrVI	162411	1	0.5	25
	chrVI	162415	1	1.0	25
	chrVI	162417	0	1.5	25
	chrVI	162421	1	0.5	25
	chrVI	162444	0	1.0	25
	chrVI	162447	0	0.5	25
	chrVI	162452	0	0.5	25
	chrVI	162453	1	0.5	25
	chrVI	162459	1	0.5	25
	chrVI	162460	0	0.5	25
	chrVI	162466	1	0.5	25
	chrVI	162471	1	0.5	25
	chrVI	162472	1	0.5	25
	chrVI	162474	0	0.5	25
	chrVI	162476	0	1.0	25
	chrVI	162480	0	0.5	25
	chrVI	162493	0	0.5	25
	chrVI	162498	1	0.5	25
	chrVI	162507	1	0.5	25
	chrVI	162511	1	0.5	25
	chrVI	162516	1	1.0	25
	chrVI	162523	0	0.5	25
	chrVI	162524	1	0.5	25
	chrVI	162526	1	0.5	25
	chrVI	162538	1	1.0	25
	chrVI	162549	1	0.5	25
	chrVI	162558	1	0.5	25
	chrVI	162586	1	0.5	25
	chrVI	162589	0	0.5	25
	chrVI	162589	1	0.5	25
	chrVI	162608	0	0.5	25
	chrVI	162637	0	0.5	25
	chrVI	162650	0	0.5	25
	chrVI	162673	0	0.5	25
	chrVI	162673	1	0.5	25
	chrVI	162694	1	0.5	25
	chrVI	162715	0	0.5	25
	chrVI	162731	0	0.5	25
	chrVI	162732	1	0.5	25
	chrVI	162735	0	0.5	25
	chrVI	162737	1	0.5	25
	chrVI	162766	1	0.5	25
	chrVI	162773	1	0.5	25
	chrVI	162797	0	0.5	25
	chrVI	162803	1	0.5	25
	chrVI	162811	0	0.5	25
	chrVI	162812	0	0.5	25
	chrVI	162824	0	0.5	25
	chrVI	162824	1	0.5	25
	chrVI	162827	1	0.5	25
	chrVI	162844	0	0.5	25
	chrVI	162860	1	0.5	25
	chrVI	162879	1	1.0	25
	chrVI	162883	0	1.0	25
	chrVI	162886	0	0.5	25
	chrVI	162907	0	0.5	25
	chrVI	162916	0	0.5	25
	chrVI	162924	1	0.5	25
	chrVI	162927	1	0.5	25
	chrVI	162942	0	0.5	25
	chrVI	162950	0	0.5	25
	chrVI	162957	1	1.0	25
	chrVI	162958	0	0.5	25
	chrVI	162963	1	0.5	25
	chrVI	162977	0	0.5	25
	chrVI	162977	1	0.5	25
	chrVI	162986	0	0.5	25
	chrVI	162995	1	0.5	25
	chrVI	162996	0	0.5	25
	chrVI	163002	1	0.5	25
	chrVI	163023	0	0.5	25
	chrVI	163025	1	0.5	25
	chrVI	163031	1	0.5	25
	chrVI	163036	1	0.5	25
	chrVI	163038	0	1.0	25
	chrVI	163040	1	0.5	25
	chrVI	163043	0	0.5	25
	chrVI	163046	1	0.5	25
	chrVI	163078	0	0.5	25
	chrVI	163079	1	0.5	25
	chrVI	163082	0	0.5	25
	chrVI	163089	1	1.0	25
	chrVI	163106	1	0.5	25
	chrVI	163119	0	0.5	25
	chrVI	163125	0	0.5	25
	chrVI	163166	1	0.5	25
	chrVI	163169	1	0.5	25
	chrVI	163172	1	0.5	25
	chrVI	163180	0	0.5	25
	chrVI	163194	1	0.5	25
	chrVI	163195	0	0.5	25
	chrVI	163221	0	0.5	25
	chrVI	163247	1	0.5	25
	chrVI	163272	1	0.5	25
	chrVI	163298	0	0.5	25
	chrVI	163308	0	0.5	25
	chrVI	163344	1	0.5	25
	chrVI	163351	1	0.5	25
	chrVI	163353	0	0.5	25
	chrVI	163355	0	1.0	25
	chrVI	163361	1	0.5	25
	chrVI	163376	0	0.5	25
	chrVI	163378	0	0.5	25
	chrVI	163396	0	0.5	25
	chrVI	163433	0	0.5	25
	chrVI	163442	1	0.5	25
	chrVI	163447	0	0.5	25
	chrVI	163449	1	0.5	25
	chrVI	163450	1	0.5	25
	chrVI	163466	0	0.5	25
	chrVI	163474	0	0.5	25
	chrVI	163487	1	0.5	25
	chrVI	163494	1	0.5	25
	chrVI	163539	0	0.5	24
	chrVI	163539	1	0.5	25
	chrVI	163543	0	0.5	25
	chrVI	163546	1	0.5	25
	chrVI	163547	0	0.5	25
	chrVI	163547	1	0.5	25
	chrVI	163556	0	0.5	25
	chrVI	163586	0	0.5	25
	chrVI	163595	0	0.5	25
	chrVI	163600	1	0.5	25
	chrVI	163614	0	0.5	25
	chrVI	163618	1	0.5	25
	chrVI	163627	1	0.5	25
	chrVI	163632	1	0.5	25
	chrVI	163633	1	0.5	25
	chrVI	163660	0	0.5	25
	chrVI	163661	1	0.5	25
	chrVI	163664	0	0.5	25
	chrVI	163666	1	0.5	25
	chrVI	163669	1	0.5	25
	chrVI	163674	1	0.5	25
	chrVI	163690	0	0.5	25
	chrVI	163692	0	0.5	25
	chrVI	163705	0	0.5	25
	chrVI	163712	1	0.5	25
	chrVI	163756	1	0.5	25
	chrVI	163769	1	0.5	25
	chrVI	163789	0	0.5	25
	chrVI	163802	0	0.5	25
	chrVI	163822	1	0.5	25
	chrVI	163848	0	0.5	25
	chrVI	163855	0	0.5	25
	chrVI	163855	1	0.5	25
	chrVI	163858	0	0.5	25
	chrVI	163858	1	0.5	25
	chrVI	163872	1	0.5	25
	chrVI	163901	0	1.0	25
	chrVI	163904	1	0.5	25
	chrVI	163926	1	0.5	25
	chrVI	163929	1	0.5	25
	chrVI	163960	1	1.0	25
	chrVI	163990	0	0.5	25
	chrVI	163993	0	0.5	25
	chrVI	163997	0	1.0	25
	chrVI	164010	0	1.5	25
	chrVI	164031	0	0.5	25
	chrVI	164052	1	1.0	25
	chrVI	164064	0	0.5	25
	chrVI	164067	0	1.0	25
	chrVI	164081	0	0.5	25
	chrVI	164081	1	0.5	25
	chrVI	164085	1	0.5	25
	chrVI	164089	0	0.5	25
	chrVI	164116	1	0.5	24
	chrVI	164117	1	0.5	25
	chrVI	164123	1	0.5	25
	chrVI	164126	0	0.5	25
	chrVI	164161	1	0.5	25
	chrVI	164167	1	1.5	25
	chrVI	164176	0	0.5	25
	chrVI	164177	0	0.5	25
	chrVI	164178	1	0.5	25
	chrVI	164242	1	0.5	25
	chrVI	164250	1	0.5	25
	chrVI	164253	0	0.5	25
	chrVI	164259	0	0.5	25
	chrVI	164269	1	0.5	25
	chrVI	164334	0	0.5	25
	chrVI	164334	1	0.5	25
	chrVI	164335	0	0.5	25
	chrVI	164336	1	0.5	25
	chrVI	164367	0	1.5	25
	chrVI	164388	1	0.5	25
	chrVI	164399	1	0.5	25
	chrVI	164446	1	1.0	25
	chrVI	164457	0	0.5	25
	chrVI	164467	0	0.5	25
	chrVI	164469	0	1.0	25
	chrVI	164486	1	0.5	25
	chrVI	164491	0	0.5	25
	chrVI	164502	0	0.5	25
	chrVI	164519	0	0.5	25
	chrVI	164528	1	0.5	25
	chrVI	164540	1	0.5	25
	chrVI	164552	1	0.5	25
	chrVI	164556	1	1.0	25
	chrVI	164558	1	0.5	25
	chrVI	164601	0	0.5	25
	chrVI	164608	0	0.5	25
	chrVI	164632	0	1.0	25
	chrVI	164634	1	0.5	25
	chrVI	164662	0	0.5	25
	chrVI	164670	0	0.5	25
	chrVI	164684	0	0.5	25
	chrVI	164687	1	0.5	25
	chrVI	164690	1	1.0	25
	chrVI	164692	0	1.5	25
	chrVI	164692	1	1.0	25
	chrVI	164693	0	1.0	25
	chrVI	164697	1	0.5	25
	chrVI	164710	0	0.5	25
	chrVI	164742	0	0.5	25
	chrVI	164756	1	0.5	25
	chrVI	164780	1	0.5	25
	chrVI	164786	0	0.5	25
	chrVI	164789	0	0.5	25
	chrVI	164796	0	0.5	25
	chrVI	164806	1	0.5	25
	chrVI	164844	0	0.5	25
	chrVI	164851	0	0.5	25
	chrVI	164852	0	1.5	25
	chrVI	164860	1	0.5	25
	chrVI	164861	0	1.0	25
	chrVI	164873	0	1.0	25
	chrVI	164884	1	1.0	25
	chrVI	164886	0	1.5	25
	chrVI	164886	1	0.5	25
	chrVI	164887	0	1.0	25
	chrVI	164888	0	0.5	25
	chrVI	164889	0	0.5	25
	chrVI	164912	1	0.5	25
	chrVI	164913	1	0.5	25
	chrVI	164915	1	1.0	25
	chrVI	164919	1	3.5	25
	chrVI	164920	0	0.5	25
	chrVI	164925	1	0.5	25
	chrVI	164928	0	0.5	25
	chrVI	164931	0	0.5	25
	chrVI	164931	1	0.5	25
	chrVI	164938	1	0.5	25
	chrVI	164942	0	1.5	25
	chrVI	164944	1	0.5	25
	chrVI	164945	0	0.5	25
	chrVI	164945	1	0.5	25
	chrVI	164958	1	0.5	25
	chrVI	164960	1	0.5	25
	chrVI	164964	0	1.0	25
	chrVI	164966	0	0.5	25
	chrVI	164966	1	0.5	25
	chrVI	164981	1	1.0	25
	chrVI	164990	1	0.5	25
	chrVI	165003	1	0.5	25
	chrVI	165015	1	1.5	25
	chrVI	165023	1	0.5	25
	chrVI	165026	0	0.5	25
	chrVI	165026	1	1.0	25
	chrVI	165037	1	0.5	25
	chrVI	165040	0	0.5	25
	chrVI	165074	1	0.5	25
	chrVI	165075	0	0.5	25
	chrVI	165092	0	0.5	25
	chrVI	165096	1	0.5	25
	chrVI	165109	0	0.5	25
	chrVI	165116	0	0.5	25
	chrVI	165119	1	0.5	25
	chrVI	165131	0	0.5	25
	chrVI	165139	0	0.5	25
	chrVI	165141	0	0.5	25
	chrVI	165150	1	0.5	25
	chrVI	165155	1	0.5	25
	chrVI	165161	0	0.5	25
	chrVI	165163	1	0.5	25
	chrVI	165200	1	0.5	25
	chrVI	165206	1	0.5	25
	chrVI	165207	0	0.5	25
	chrVI	165208	0	0.5	25
	chrVI	165226	1	0.5	25
	chrVI	165252	1	0.5	25
	chrVI	165254	1	0.5	25
	chrVI	165279	1	0.5	25
	chrVI	165284	1	0.5	25
	chrVI	165295	0	0.5	25
	chrVI	165304	0	0.5	25
	chrVI	165343	0	0.5	25
	chrVI	165364	1	0.5	25
	chrVI	165421	1	0.5	25
	chrVI	165451	1	0.5	25
	chrVI	165459	0	0.5	25
	chrVI	165472	0	0.5	25
	chrVI	165528	0	0.5	25
	chrVI	165538	1	0.5	25
	chrVI	165549	1	0.5	25
	chrVI	165556	0	0.5	25
	chrVI	165584	1	0.5	25
	chrVI	165585	0	0.5	25
	chrVI	165620	0	0.5	25
	chrVI	165629	1	0.5	25
	chrVI	165630	1	0.5	25
	chrVI	165643	0	0.5	25
	chrVI	165667	0	0.5	25
	chrVI	165669	0	0.5	25
	chrVI	165672	0	0.5	25
	chrVI	165682	0	0.5	23
	chrVI	165712	1	0.5	25
	chrVI	165723	1	0.5	25
	chrVI	165727	0	0.5	25
	chrVI	165733	0	0.5	25
	chrVI	165740	1	0.5	25
	chrVI	165771	1	0.5	25
	chrVI	165774	1	0.5	25
	chrVI	165779	1	0.5	25
	chrVI	165792	0	0.5	25
	chrVI	165801	1	0.5	25
	chrVI	165813	0	0.5	25
	chrVI	165815	1	0.5	25
	chrVI	165816	0	0.5	25
	chrVI	165856	0	0.5	25
	chrVI	165861	0	0.5	25
	chrVI	165866	1	0.5	25
	chrVI	165877	0	0.5	25
	chrVI	165899	1	0.5	25
	chrVI	165908	0	0.5	25
	chrVI	165910	0	0.5	25
	chrVI	165915	1	0.5	25
	chrVI	165921	1	0.5	25
	chrVI	165929	0	0.5	25
	chrVI	165935	0	0.5	25
	chrVI	165954	1	0.5	24
	chrVI	165958	0	0.5	25
	chrVI	165966	1	0.5	25
	chrVI	165971	0	0.5	25
	chrVI	165976	1	0.5	25
	chrVI	165983	1	0.5	25
	chrVI	165985	0	0.5	25
	chrVI	165989	1	0.5	25
	chrVI	166000	1	0.5	25
	chrVI	166018	1	0.5	25
	chrVI	166024	1	0.5	25
	chrVI	166059	1	0.5	25
	chrVI	166083	0	0.5	25
	chrVI	166098	0	0.5	25
	chrVI	166102	0	0.5	25
	chrVI	166126	0	0.5	25
	chrVI	166127	0	0.5	25
	chrVI	166147	1	0.5	25
	chrVI	166164	0	0.5	25
	chrVI	166169	0	0.5	25
	chrVI	166181	1	0.5	25
	chrVI	166183	0	1.0	25
	chrVI	166209	0	0.5	25
	chrVI	166233	1	0.5	25
	chrVI	166236	1	0.5	25
	chrVI	166237	0	1.0	25
	chrVI	166245	0	0.5	25
	chrVI	166245	1	0.5	25
	chrVI	166251	1	0.5	25
	chrVI	166265	1	0.5	25
	chrVI	166267	1	1.0	25
	chrVI	166268	0	0.5	25
	chrVI	166286	0	0.5	25
	chrVI	166287	0	1.0	25
	chrVI	166301	1	0.5	25
	chrVI	166304	0	0.5	25
	chrVI	166311	0	0.5	25
	chrVI	166320	0	0.5	25
	chrVI	166325	0	0.5	25
	chrVI	166328	1	1.0	25
	chrVI	166330	1	1.0	25
	chrVI	166357	1	0.5	25
	chrVI	166399	0	0.5	25
	chrVI	166416	1	0.5	25
	chrVI	166422	1	1.0	25
	chrVI	166423	0	0.5	25
	chrVI	166452	0	0.5	25
	chrVI	166464	1	0.5	25
	chrVI	166467	1	0.5	25
	chrVI	166471	0	0.5	25
	chrVI	166474	0	0.5	25
	chrVI	166476	1	0.5	25
	chrVI	166482	1	0.5	25
	chrVI	166505	0	0.5	25
	chrVI	166520	1	0.5	25
	chrVI	166526	1	0.5	25
	chrVI	166535	0	0.5	25
	chrVI	166541	1	0.5	25
	chrVI	166542	0	0.5	25
	chrVI	166544	0	0.5	25
	chrVI	166549	0	0.5	25
	chrVI	166551	0	1.0	25
	chrVI	166577	0	0.5	25
	chrVI	166585	0	0.5	25
	chrVI	166589	0	0.5	25
	chrVI	166594	1	0.5	25
	chrVI	166608	1	1.0	25
	chrVI	166611	0	0.5	25
	chrVI	166611	1	0.5	25
	chrVI	166614	0	0.5	25
	chrVI	166614	1	0.5	25
	chrVI	166615	0	2.0	25
	chrVI	166616	0	0.5	25
	chrVI	166617	0	0.5	25
	chrVI	166626	1	0.5	25
	chrVI	166630	0	0.5	25
	chrVI	166631	1	0.5	25
	chrVI	166633	1	0.5	25
	chrVI	166635	0	0.5	25
	chrVI	166636	1	0.5	25
	chrVI	166640	0	0.5	25
	chrVI	166651	0	0.5	25
	chrVI	166654	1	0.5	25
	chrVI	166671	1	1.5	25
	chrVI	166672	0	0.5	25
	chrVI	166690	1	0.5	25
	chrVI	166692	1	3.0	25
	chrVI	166694	1	0.5	25
	chrVI	166698	0	0.5	25
	chrVI	166712	0	0.5	25
	chrVI	166714	1	0.5	25
	chrVI	166715	1	0.5	25
	chrVI	166731	1	0.5	25
	chrVI	166732	0	0.5	25
	chrVI	166750	0	0.5	25
	chrVI	166758	0	0.5	25
	chrVI	166793	1	0.5	25
	chrVI	166799	1	0.5	25
	chrVI	166808	1	0.5	25
	chrVI	166812	0	0.5	25
	chrVI	166827	1	0.5	25
	chrVI	166828	1	0.5	25
	chrVI	166834	0	0.5	25
	chrVI	166845	0	0.5	25
	chrVI	166910	0	0.5	25
	chrVI	166920	1	0.5	25
	chrVI	166924	0	0.5	25
	chrVI	166928	0	0.5	25
	chrVI	166965	1	0.5	25
	chrVI	166966	1	0.5	25
	chrVI	166969	0	0.5	25
	chrVI	166984	0	0.5	25
	chrVI	166987	1	0.5	25
	chrVI	166993	1	0.5	25
	chrVI	167023	1	0.5	25
	chrVI	167074	1	0.5	25
	chrVI	167075	0	0.5	25
	chrVI	167103	0	0.5	25
	chrVI	167125	1	0.5	25
	chrVI	167151	0	0.5	25
	chrVI	167152	0	1.0	25
	chrVI	167159	0	1.0	25
	chrVI	167168	1	0.5	25
	chrVI	167170	0	0.5	25
	chrVI	167170	1	0.5	25
	chrVI	167172	0	0.5	25
	chrVI	167216	1	0.5	23
	chrVI	167216	1	0.5	25
	chrVI	167243	1	1.0	25
	chrVI	167254	1	0.5	25
	chrVI	167288	0	0.5	25
	chrVI	167296	0	0.5	25
	chrVI	167305	0	0.5	25
	chrVI	167309	0	0.5	25
	chrVI	167312	1	0.5	25
	chrVI	167319	0	0.5	25
	chrVI	167322	0	0.5	25
	chrVI	167329	1	0.5	25
	chrVI	167330	0	0.5	25
	chrVI	167342	0	0.5	25
	chrVI	167361	0	0.5	25
	chrVI	167369	1	0.5	25
	chrVI	167370	1	0.5	25
	chrVI	167374	1	0.5	25
	chrVI	167379	1	0.5	25
	chrVI	167388	1	0.5	25
	chrVI	167405	1	0.5	25
	chrVI	167428	0	1.0	25
	chrVI	167444	1	0.5	25
	chrVI	167459	0	1.0	25
	chrVI	167460	0	1.0	25
	chrVI	167467	0	0.5	25
	chrVI	167473	0	0.5	25
	chrVI	167479	0	0.5	25
	chrVI	167485	0	1.0	25
	chrVI	167503	0	1.0	25
	chrVI	167517	1	0.5	25
	chrVI	167522	1	0.5	25
	chrVI	167525	0	0.5	25
	chrVI	167535	0	0.5	25
	chrVI	167536	1	1.0	25
	chrVI	167537	0	0.5	25
	chrVI	167540	0	0.5	25
	chrVI	167540	1	1.0	25
	chrVI	167547	1	0.5	25
	chrVI	167553	1	0.5	25
	chrVI	167561	1	0.5	25
	chrVI	167563	1	0.5	25
	chrVI	167567	0	0.5	25
	chrVI	167571	0	0.5	25
	chrVI	167584	0	0.5	25
	chrVI	167586	0	0.5	25
	chrVI	167586	1	1.0	25
	chrVI	167595	0	0.5	25
	chrVI	167595	1	0.5	25
	chrVI	167615	1	0.5	25
	chrVI	167618	1	0.5	25
	chrVI	167631	0	0.5	25
	chrVI	167633	1	1.0	25
	chrVI	167634	1	0.5	25
	chrVI	167635	0	0.5	25
	chrVI	167637	0	0.5	25
	chrVI	167641	1	0.5	25
	chrVI	167643	0	0.5	25
	chrVI	167643	1	0.5	25
	chrVI	167646	1	0.5	25
	chrVI	167651	0	0.5	25
	chrVI	167652	0	0.5	25
	chrVI	167656	0	0.5	25
	chrVI	167666	1	0.5	25
	chrVI	167670	0	0.5	25
	chrVI	167672	0	0.5	25
	chrVI	167674	0	0.5	25
	chrVI	167676	0	1.0	25
	chrVI	167682	0	0.5	25
	chrVI	167682	1	0.5	25
	chrVI	167691	1	0.5	25
	chrVI	167722	1	0.5	25
	chrVI	167726	1	1.0	25
	chrVI	167727	1	0.5	25
	chrVI	167728	1	0.5	25
	chrVI	167730	1	0.5	25
	chrVI	167732	0	0.5	25
	chrVI	167735	1	0.5	25
	chrVI	167740	1	0.5	25
	chrVI	167747	1	0.5	25
	chrVI	167749	0	0.5	25
	chrVI	167750	1	1.0	25
	chrVI	167751	0	0.5	25
	chrVI	167758	1	0.5	25
	chrVI	167761	0	0.5	25
	chrVI	167764	0	0.5	25
	chrVI	167786	0	0.5	25
	chrVI	167792	0	0.5	25
	chrVI	167792	1	0.5	25
	chrVI	167798	1	0.5	25
	chrVI	167800	0	0.5	25
	chrVI	167808	0	0.5	25
	chrVI	167834	1	0.5	25
	chrVI	167843	1	0.5	25
	chrVI	167845	1	0.5	25
	chrVI	167848	1	0.5	25
	chrVI	167853	1	0.5	25
	chrVI	167867	0	0.5	25
	chrVI	167868	0	0.5	25
	chrVI	167874	1	0.5	25
	chrVI	167877	0	0.5	25
	chrVI	167884	1	0.5	25
	chrVI	167890	1	0.5	25
	chrVI	167904	0	0.5	25
	chrVI	167911	0	0.5	25
	chrVI	167937	1	0.5	25
	chrVI	167940	1	0.5	25
	chrVI	167953	1	0.5	25
	chrVI	167959	1	0.5	25
	chrVI	167963	0	0.5	25
	chrVI	168021	0	0.5	25
	chrVI	168026	0	0.5	25
	chrVI	168031	1	0.5	25
	chrVI	168061	0	0.5	25
	chrVI	168079	1	0.5	25
	chrVI	168081	1	0.5	25
	chrVI	168101	1	0.5	25
	chrVI	168102	1	0.5	25
	chrVI	168103	0	0.5	25
	chrVI	168113	0	0.5	25
	chrVI	168128	0	0.5	25
	chrVI	168131	0	0.5	25
	chrVI	168155	0	0.5	25
	chrVI	168156	0	0.5	25
	chrVI	168157	1	0.5	25
	chrVI	168173	1	0.5	25
	chrVI	168207	1	0.5	25
	chrVI	168225	1	0.5	25
	chrVI	168261	0	0.5	25
	chrVI	168271	1	0.5	25
	chrVI	168275	0	0.5	25
	chrVI	168281	1	0.5	25
	chrVI	168289	0	0.5	25
	chrVI	168295	0	0.5	25
	chrVI	168318	1	0.5	25
	chrVI	168329	0	0.5	25
	chrVI	168347	0	0.5	25
	chrVI	168380	1	0.5	25
	chrVI	168387	0	0.5	25
	chrVI	168396	1	0.5	25
	chrVI	168402	1	0.5	25
	chrVI	168446	1	0.5	25
	chrVI	168451	0	0.5	25
	chrVI	168508	1	0.5	25
	chrVI	168512	1	0.5	25
	chrVI	168525	0	0.5	25
	chrVI	168566	1	0.5	25
	chrVI	168586	1	0.5	25
	chrVI	168588	0	0.5	25
	chrVI	168599	0	0.5	25
	chrVI	168605	0	0.5	25
	chrVI	168606	0	0.5	25
	chrVI	168639	0	0.5	25
	chrVI	168641	0	0.5	25
	chrVI	168645	0	1.0	25
	chrVI	168649	1	0.5	25
	chrVI	168662	1	0.5	25
	chrVI	168691	1	0.5	25
	chrVI	168705	1	0.5	25
	chrVI	168721	0	0.5	25
	chrVI	168724	0	0.5	25
	chrVI	168745	0	0.5	25
	chrVI	168748	0	0.5	25
	chrVI	168775	1	0.5	25
	chrVI	168781	1	0.5	25
	chrVI	168782	1	0.5	25
	chrVI	168783	0	0.5	25
	chrVI	168811	1	0.5	25
	chrVI	168813	0	0.5	25
	chrVI	168816	1	1.0	25
	chrVI	168817	1	0.5	25
	chrVI	168832	0	0.5	25
	chrVI	168832	1	1.0	25
	chrVI	168871	0	0.5	25
	chrVI	168888	0	0.5	25
	chrVI	168890	1	0.5	25
	chrVI	168894	0	0.5	25
	chrVI	168900	1	0.5	25
	chrVI	168905	0	0.5	25
	chrVI	168913	1	0.5	25
	chrVI	168937	0	0.5	25
	chrVI	168946	1	0.5	25
	chrVI	168956	0	0.5	25
	chrVI	168977	0	0.5	25
	chrVI	168983	1	0.5	25
	chrVI	168984	0	0.5	25
	chrVI	168984	1	0.5	23
	chrVI	168994	0	0.5	25
	chrVI	169000	1	0.5	25
	chrVI	169021	0	0.5	25
	chrVI	169033	1	0.5	25
	chrVI	169037	1	0.5	25
	chrVI	169100	1	0.5	25
	chrVI	169123	1	0.5	25
	chrVI	169124	0	0.5	25
	chrVI	169143	1	0.5	25
	chrVI	169190	0	0.5	25
	chrVI	169261	1	0.5	25
	chrVI	169264	1	0.5	25
	chrVI	169297	0	1.5	25
	chrVI	169307	0	0.5	25
	chrVI	169308	0	0.5	25
	chrVI	169316	0	0.5	25
	chrVI	169317	0	1.0	25
	chrVI	169318	0	0.5	25
	chrVI	169320	0	1.0	25
	chrVI	169321	0	2.5	25
	chrVI	169325	0	0.5	25
	chrVI	169326	0	0.5	25
	chrVI	169328	0	0.5	25
	chrVI	169333	0	0.5	25
	chrVI	169334	0	1.5	25
	chrVI	169335	0	1.0	25
	chrVI	169338	0	0.5	25
	chrVI	169339	0	1.5	25
	chrVI	169342	0	0.5	25
	chrVI	169357	0	1.0	25
	chrVI	169379	1	1.0	25
	chrVI	169388	1	1.5	25
	chrVI	169389	1	0.5	25
	chrVI	169391	1	1.0	25
	chrVI	169392	1	1.0	25
	chrVI	169393	1	0.5	25
	chrVI	169394	0	1.0	25
	chrVI	169394	1	2.5	25
	chrVI	169397	1	0.5	25
	chrVI	169398	1	0.5	25
	chrVI	169403	0	0.5	25
	chrVI	169404	1	0.5	24
	chrVI	169404	1	1.5	25
	chrVI	169408	1	1.5	25
	chrVI	169411	1	1.0	25
	chrVI	169412	0	0.5	25
	chrVI	169415	1	1.0	25
	chrVI	169417	0	0.5	25
	chrVI	169425	0	1.0	25
	chrVI	169441	1	0.5	25
	chrVI	169443	1	0.5	25
	chrVI	169468	1	0.5	25
	chrVI	169476	0	0.5	25
	chrVI	169485	0	0.5	25
	chrVI	169487	0	0.5	25
	chrVI	169489	0	0.5	25
	chrVI	169499	1	0.5	25
	chrVI	169508	1	0.5	25
	chrVI	169538	1	0.5	25
	chrVI	169543	0	0.5	25
	chrVI	169555	0	0.5	25
	chrVI	169557	1	0.5	25
	chrVI	169560	1	0.5	25
	chrVI	169575	1	0.5	25
	chrVI	169583	1	1.0	25
	chrVI	169588	1	0.5	25
	chrVI	169592	1	0.5	25
	chrVI	169596	0	0.5	25
	chrVI	169610	1	0.5	25
	chrVI	169628	0	0.5	25
	chrVI	169645	1	0.5	25
	chrVI	169648	1	1.0	25
	chrVI	169684	0	1.0	25
	chrVI	169700	1	0.5	25
	chrVI	169702	0	0.5	25
	chrVI	169717	0	4.0	25
	chrVI	169720	0	1.0	25
	chrVI	169723	0	0.5	25
	chrVI	169726	0	0.5	25
	chrVI	169740	0	2.0	25
	chrVI	169741	0	1.5	25
	chrVI	169742	0	0.5	25
	chrVI	169743	0	2.0	25
	chrVI	169751	0	1.0	25
	chrVI	169769	0	0.5	25
	chrVI	169772	1	0.5	25
	chrVI	169780	1	1.0	25
	chrVI	169782	1	1.0	25
	chrVI	169783	1	1.5	25
	chrVI	169784	1	0.5	25
	chrVI	169790	0	0.5	25
	chrVI	169793	1	0.5	25
	chrVI	169800	1	0.5	25
	chrVI	169804	1	0.5	25
	chrVI	169806	1	1.5	25
	chrVI	169807	1	2.5	25
	chrVI	169808	1	1.0	25
	chrVI	169811	1	1.5	25
	chrVI	169812	1	0.5	25
	chrVI	169814	0	0.5	25
	chrVI	169815	0	0.5	25
	chrVI	169824	1	0.5	25
	chrVI	169831	1	0.5	25
	chrVI	169832	1	1.0	25
	chrVI	169847	0	0.5	25
	chrVI	169851	0	0.5	25
	chrVI	169893	1	0.5	25
	chrVI	169914	1	1.0	25
	chrVI	169920	1	0.5	25
	chrVI	169942	1	0.5	25
	chrVI	170004	0	0.5	25
	chrVI	170122	0	0.5	25
	chrVI	170139	1	0.5	25
	chrVI	170144	0	0.5	25
	chrVI	170223	0	0.5	25
	chrVI	170239	1	0.5	25
	chrVI	170244	0	1.0	25
	chrVI	170283	0	0.5	25
	chrVI	170287	1	0.5	25
	chrVI	170289	0	1.5	25
	chrVI	170291	1	0.5	25
	chrVI	170301	0	0.5	25
	chrVI	170314	1	0.5	25
	chrVI	170319	1	1.0	25
	chrVI	170324	0	0.5	25
	chrVI	170354	0	0.5	25
	chrVI	170358	0	0.5	25
	chrVI	170360	0	0.5	25
	chrVI	170361	1	0.5	25
	chrVI	170382	1	0.5	25
	chrVI	170412	1	0.5	25
	chrVI	170418	1	0.5	25
	chrVI	170421	1	0.5	25
	chrVI	170424	0	0.5	25
	chrVI	170433	1	0.5	25
	chrVI	170440	0	0.5	25
	chrVI	170464	1	1.0	25
	chrVI	170466	0	1.0	25
	chrVI	170472	0	0.5	25
	chrVI	170486	1	0.5	25
	chrVI	170489	0	0.5	25
	chrVI	170491	0	0.5	25
	chrVI	170520	0	1.0	25
	chrVI	170531	1	0.5	25
	chrVI	170567	0	0.5	25
	chrVI	170578	1	1.0	25
	chrVI	170599	0	0.5	25
	chrVI	170604	0	0.5	25
	chrVI	170619	1	0.5	25
	chrVI	170621	1	0.5	25
	chrVI	170627	0	0.5	25
	chrVI	170637	1	0.5	25
	chrVI	170638	0	0.5	25
	chrVI	170645	0	1.0	25
	chrVI	170660	1	0.5	25
	chrVI	170663	0	0.5	25
	chrVI	170666	1	1.0	25
	chrVI	170673	1	0.5	25
	chrVI	170674	0	0.5	25
	chrVI	170679	1	0.5	25
	chrVI	170697	1	0.5	25
	chrVI	170728	1	0.5	25
	chrVI	170743	0	0.5	25
	chrVI	170763	0	0.5	25
	chrVI	170774	1	0.5	25
	chrVI	170783	0	0.5	25
	chrVI	170795	0	0.5	25
	chrVI	170796	0	1.0	25
	chrVI	170798	1	1.0	25
	chrVI	170805	1	0.5	25
	chrVI	170813	1	0.5	25
	chrVI	170816	0	0.5	25
	chrVI	170820	0	0.5	25
	chrVI	170827	1	0.5	25
	chrVI	170847	0	0.5	25
	chrVI	170874	1	0.5	25
	chrVI	170876	1	1.0	25
	chrVI	170892	0	0.5	25
	chrVI	170903	1	0.5	25
	chrVI	170926	0	1.0	25
	chrVI	170946	1	0.5	25
	chrVI	170950	0	0.5	25
	chrVI	170953	1	0.5	25
	chrVI	170983	1	0.5	25
	chrVI	170984	1	0.5	25
	chrVI	170985	0	0.5	25
	chrVI	170987	0	0.5	25
	chrVI	171006	1	0.5	25
	chrVI	171010	0	1.0	25
	chrVI	171014	1	0.5	25
	chrVI	171015	0	0.5	25
	chrVI	171022	0	0.5	25
	chrVI	171028	1	1.0	25
	chrVI	171030	1	0.5	25
	chrVI	171039	0	0.5	25
	chrVI	171062	0	0.5	25
	chrVI	171088	1	1.0	25
	chrVI	171096	0	0.5	25
	chrVI	171107	1	1.0	25
	chrVI	171129	1	0.5	25
	chrVI	171152	1	0.5	25
	chrVI	171159	0	0.5	25
	chrVI	171166	0	0.5	25
	chrVI	171200	1	0.5	25
	chrVI	171232	1	0.5	25
	chrVI	171238	1	0.5	25
	chrVI	171316	0	0.5	25
	chrVI	171334	0	0.5	25
	chrVI	171356	0	0.5	25
	chrVI	171357	0	0.5	25
	chrVI	171366	0	0.5	25
	chrVI	171367	0	0.5	25
	chrVI	171393	0	1.0	25
	chrVI	171394	1	0.5	25
	chrVI	171398	1	0.5	25
	chrVI	171413	0	0.5	25
	chrVI	171425	1	0.5	25
	chrVI	171426	1	0.5	25
	chrVI	171427	1	0.5	25
	chrVI	171433	0	0.5	25
	chrVI	171438	0	0.5	25
	chrVI	171439	0	1.5	25
	chrVI	171443	1	0.5	25
	chrVI	171459	0	0.5	25
	chrVI	171469	1	0.5	25
	chrVI	171476	1	0.5	25
	chrVI	171493	0	1.0	25
	chrVI	171502	1	0.5	25
	chrVI	171504	1	0.5	25
	chrVI	171524	0	0.5	25
	chrVI	171535	1	0.5	25
	chrVI	171541	1	0.5	25
	chrVI	171599	0	0.5	25
	chrVI	171600	1	0.5	25
	chrVI	171607	1	1.0	25
	chrVI	171612	1	1.0	25
	chrVI	171644	0	0.5	25
	chrVI	171648	1	0.5	25
	chrVI	171654	1	0.5	25
	chrVI	171672	0	1.5	25
	chrVI	171729	1	0.5	25
	chrVI	171731	1	0.5	25
	chrVI	171740	0	0.5	25
	chrVI	171781	0	0.5	25
	chrVI	171853	1	0.5	25
	chrVI	171859	1	1.0	25
	chrVI	171884	0	0.5	25
	chrVI	171938	0	1.0	25
	chrVI	171943	0	0.5	25
	chrVI	171969	1	0.5	25
	chrVI	171985	0	0.5	25
	chrVI	171990	1	1.0	25
	chrVI	172009	0	0.5	25
	chrVI	172012	1	0.5	25
	chrVI	172042	1	0.5	25
	chrVI	172055	0	0.5	25
	chrVI	172061	1	1.0	25
	chrVI	172063	0	0.5	25
	chrVI	172081	0	0.5	25
	chrVI	172134	1	0.5	25
	chrVI	172148	1	0.5	25
	chrVI	172155	0	0.5	25
	chrVI	172170	0	0.5	25
	chrVI	172245	1	0.5	25
	chrVI	172261	1	0.5	25
	chrVI	172262	0	1.0	25
	chrVI	172265	0	0.5	25
	chrVI	172291	0	0.5	25
	chrVI	172295	0	0.5	25
	chrVI	172296	0	0.5	25
	chrVI	172314	0	0.5	25
	chrVI	172315	1	0.5	25
	chrVI	172316	1	0.5	25
	chrVI	172326	1	1.0	25
	chrVI	172327	0	0.5	25
	chrVI	172343	1	0.5	25
	chrVI	172344	0	0.5	25
	chrVI	172346	0	1.0	25
	chrVI	172371	1	0.5	25
	chrVI	172385	1	0.5	25
	chrVI	172386	1	0.5	25
	chrVI	172392	0	0.5	25
	chrVI	172397	1	0.5	25
	chrVI	172407	0	1.0	25
	chrVI	172431	1	0.5	25
	chrVI	172449	1	1.0	25
	chrVI	172466	0	0.5	25
	chrVI	172469	0	0.5	25
	chrVI	172472	0	1.0	25
	chrVI	172474	1	0.5	25
	chrVI	172478	0	0.5	25
	chrVI	172484	1	1.0	25
	chrVI	172496	0	0.5	25
	chrVI	172498	0	0.5	25
	chrVI	172506	0	0.5	25
	chrVI	172529	1	0.5	25
	chrVI	172530	1	0.5	25
	chrVI	172532	1	0.5	25
	chrVI	172548	1	0.5	25
	chrVI	172549	1	0.5	25
	chrVI	172571	1	1.0	25
	chrVI	172589	0	0.5	25
	chrVI	172611	0	0.5	25
	chrVI	172661	1	0.5	25
	chrVI	172674	1	0.5	25
	chrVI	172679	0	0.5	25
	chrVI	172687	0	0.5	25
	chrVI	172717	1	0.5	25
	chrVI	172721	0	0.5	25
	chrVI	172725	1	0.5	25
	chrVI	172763	1	0.5	25
	chrVI	172765	0	0.5	25
	chrVI	172785	1	0.5	25
	chrVI	172810	0	0.5	25
	chrVI	172834	1	0.5	25
	chrVI	172849	0	0.5	25
	chrVI	172864	0	0.5	25
	chrVI	172883	1	0.5	25
	chrVI	172928	1	0.5	25
	chrVI	172951	1	0.5	25
	chrVI	172963	0	1.0	25
	chrVI	172970	0	0.5	25
	chrVI	173032	1	1.0	25
	chrVI	173038	1	0.5	25
	chrVI	173088	0	0.5	25
	chrVI	173112	0	0.5	25
	chrVI	173122	0	0.5	25
	chrVI	173128	0	1.0	25
	chrVI	173141	0	0.5	25
	chrVI	173148	0	1.0	25
	chrVI	173160	1	0.5	25
	chrVI	173189	1	0.5	25
	chrVI	173203	1	0.5	25
	chrVI	173204	0	0.5	25
	chrVI	173210	1	1.0	25
	chrVI	173214	1	0.5	25
	chrVI	173251	1	0.5	25
	chrVI	173265	0	1.0	25
	chrVI	173285	1	1.0	25
	chrVI	173287	0	0.5	25
	chrVI	173291	0	0.5	25
	chrVI	173297	0	0.5	25
	chrVI	173347	0	0.5	25
	chrVI	173370	0	0.5	25
	chrVI	173370	1	0.5	25
	chrVI	173371	0	1.0	25
	chrVI	173371	1	1.0	25
	chrVI	173372	1	0.5	25
	chrVI	173377	0	0.5	25
	chrVI	173390	1	0.5	25
	chrVI	173400	1	0.5	25
	chrVI	173414	0	0.5	25
	chrVI	173425	0	1.0	25
	chrVI	173425	1	0.5	25
	chrVI	173434	0	0.5	25
	chrVI	173443	1	0.5	25
	chrVI	173444	0	0.5	25
	chrVI	173448	1	0.5	25
	chrVI	173452	0	0.5	25
	chrVI	173460	0	0.5	25
	chrVI	173472	0	0.5	25
	chrVI	173474	1	1.0	25
	chrVI	173483	1	0.5	25
	chrVI	173496	1	0.5	25
	chrVI	173502	1	1.0	25
	chrVI	173522	1	0.5	25
	chrVI	173539	0	0.5	25
	chrVI	173559	0	1.5	25
	chrVI	173571	1	0.5	25
	chrVI	173576	0	1.0	25
	chrVI	173594	0	0.5	25
	chrVI	173609	1	0.5	25
	chrVI	173628	0	0.5	25
	chrVI	173648	1	1.5	25
	chrVI	173657	1	0.5	25
	chrVI	173658	1	1.5	25
	chrVI	173662	0	0.5	25
	chrVI	173671	0	0.5	25
	chrVI	173714	1	0.5	25
	chrVI	173719	1	0.5	25
	chrVI	173725	0	0.5	25
	chrVI	173780	1	0.5	25
	chrVI	173804	1	0.5	25
	chrVI	173817	0	0.5	25
	chrVI	173878	0	0.5	25
	chrVI	173881	0	1.0	25
	chrVI	173890	1	0.5	25
	chrVI	173930	0	0.5	25
	chrVI	173936	1	0.5	25
	chrVI	173937	0	0.5	25
	chrVI	173956	0	0.5	25
	chrVI	173958	0	0.5	25
	chrVI	173959	1	1.0	25
	chrVI	173970	0	1.0	25
	chrVI	173986	1	0.5	25
	chrVI	173990	0	0.5	25
	chrVI	174006	0	1.0	25
	chrVI	174009	1	0.5	25
	chrVI	174024	1	0.5	25
	chrVI	174025	0	0.5	25
	chrVI	174029	0	2.0	25
	chrVI	174030	0	0.5	25
	chrVI	174037	1	0.5	25
	chrVI	174038	1	0.5	25
	chrVI	174045	0	0.5	25
	chrVI	174063	0	0.5	25
	chrVI	174076	1	0.5	25
	chrVI	174077	0	0.5	25
	chrVI	174077	1	1.5	25
	chrVI	174078	0	0.5	25
	chrVI	174081	1	0.5	25
	chrVI	174096	0	1.0	25
	chrVI	174103	1	0.5	25
	chrVI	174105	1	0.5	25
	chrVI	174106	1	1.0	25
	chrVI	174108	1	0.5	25
	chrVI	174109	0	1.5	25
	chrVI	174113	0	0.5	25
	chrVI	174118	1	1.0	25
	chrVI	174123	1	0.5	25
	chrVI	174127	1	0.5	25
	chrVI	174128	0	0.5	25
	chrVI	174129	0	0.5	25
	chrVI	174130	0	1.0	25
	chrVI	174145	1	0.5	25
	chrVI	174147	0	0.5	25
	chrVI	174149	0	0.5	25
	chrVI	174156	0	1.0	25
	chrVI	174165	1	0.5	25
	chrVI	174168	1	0.5	25
	chrVI	174169	1	0.5	23
	chrVI	174169	1	1.0	25
	chrVI	174184	0	0.5	24
	chrVI	174184	1	0.5	25
	chrVI	174187	1	0.5	25
	chrVI	174194	0	0.5	25
	chrVI	174203	0	0.5	25
	chrVI	174218	0	1.0	25
	chrVI	174222	0	0.5	25
	chrVI	174223	1	0.5	25
	chrVI	174224	1	0.5	25
	chrVI	174242	1	1.0	25
	chrVI	174243	1	0.5	25
	chrVI	174256	0	0.5	25
	chrVI	174269	0	0.5	25
	chrVI	174270	1	0.5	25
	chrVI	174277	1	0.5	25
	chrVI	174279	1	0.5	25
	chrVI	174280	0	0.5	25
	chrVI	174280	1	0.5	25
	chrVI	174306	1	0.5	25
	chrVI	174336	1	0.5	25
	chrVI	174337	0	1.0	25
	chrVI	174339	1	0.5	25
	chrVI	174372	1	0.5	25
	chrVI	174400	1	0.5	25
	chrVI	174418	1	1.0	25
	chrVI	174434	0	1.0	25
	chrVI	174445	0	0.5	25
	chrVI	174450	1	0.5	25
	chrVI	174598	0	0.5	25
	chrVI	174609	1	0.5	25
	chrVI	174613	1	0.5	25
	chrVI	174647	0	0.5	25
	chrVI	174656	0	0.5	25
	chrVI	174666	1	0.5	25
	chrVI	174710	1	0.5	25
	chrVI	174715	0	0.5	25
	chrVI	174740	0	0.5	25
	chrVI	174778	1	0.5	25
	chrVI	174782	0	0.5	25
	chrVI	174785	0	0.5	25
	chrVI	174808	1	0.5	25
	chrVI	174837	1	0.5	25
	chrVI	174854	0	0.5	25
	chrVI	174860	1	0.5	25
	chrVI	174873	0	0.5	25
	chrVI	174878	1	0.5	25
	chrVI	174891	0	0.5	25
	chrVI	174902	0	0.5	25
	chrVI	174933	1	0.5	25
	chrVI	174939	1	0.5	25
	chrVI	174940	0	0.5	25
	chrVI	174955	0	1.0	25
	chrVI	174956	1	0.5	25
	chrVI	174981	1	0.5	25
	chrVI	174993	1	0.5	25
	chrVI	174995	1	0.5	25
	chrVI	175010	0	1.0	25
	chrVI	175016	1	0.5	25
	chrVI	175019	0	0.5	25
	chrVI	175068	0	0.5	25
	chrVI	175103	1	1.0	25
	chrVI	175123	0	0.5	25
	chrVI	175129	1	0.5	25
	chrVI	175143	0	0.5	25
	chrVI	175193	1	0.5	25
	chrVI	175259	1	0.5	25
	chrVI	175270	1	0.5	25
	chrVI	175277	0	0.5	25
	chrVI	175286	1	0.5	25
	chrVI	175291	0	0.5	25
	chrVI	175348	1	0.5	25
	chrVI	175350	1	0.5	25
	chrVI	175361	0	0.5	25
	chrVI	175420	0	0.5	25
	chrVI	175425	1	0.5	25
	chrVI	175431	0	0.5	25
	chrVI	175444	0	1.0	25
	chrVI	175453	0	0.5	25
	chrVI	175500	1	0.5	25
	chrVI	175512	1	1.0	25
	chrVI	175515	1	0.5	25
	chrVI	175534	0	0.5	25
	chrVI	175539	1	0.5	25
	chrVI	175624	0	0.5	25
	chrVI	175624	1	0.5	25
	chrVI	175630	0	0.5	25
	chrVI	175634	0	0.5	25
	chrVI	175666	0	0.5	25
	chrVI	175672	0	0.5	25
	chrVI	175690	0	0.5	25
	chrVI	175700	1	1.0	25
	chrVI	175720	1	0.5	25
	chrVI	175721	0	0.5	25
	chrVI	175721	1	0.5	25
	chrVI	175749	0	0.5	25
	chrVI	175769	1	0.5	25
	chrVI	175773	1	0.5	25
	chrVI	175813	0	0.5	25
	chrVI	175816	0	0.5	25
	chrVI	175842	1	1.0	25
	chrVI	175854	1	0.5	25
	chrVI	175943	0	0.5	25
	chrVI	176010	0	0.5	25
	chrVI	176027	0	0.5	25
	chrVI	176033	0	0.5	25
	chrVI	176048	0	0.5	25
	chrVI	176059	1	0.5	25
	chrVI	176077	1	0.5	25
	chrVI	176095	1	0.5	25
	chrVI	176177	1	0.5	25
	chrVI	176182	0	0.5	25
	chrVI	176193	1	0.5	25
	chrVI	176198	0	0.5	25
	chrVI	176208	1	0.5	25
	chrVI	176298	0	0.5	25
	chrVI	176337	1	0.5	25
	chrVI	176341	1	0.5	25
	chrVI	176355	1	0.5	25
	chrVI	176367	0	0.5	25
	chrVI	176392	0	0.5	25
	chrVI	176432	0	1.0	25
	chrVI	176438	0	0.5	25
	chrVI	176442	0	0.5	25
	chrVI	176483	0	0.5	25
	chrVI	176483	1	0.5	25
	chrVI	176485	1	0.5	25
	chrVI	176496	0	0.5	25
	chrVI	176519	1	0.5	25
	chrVI	176520	0	0.5	25
	chrVI	176553	1	0.5	25
	chrVI	176555	0	0.5	25
	chrVI	176562	0	0.5	25
	chrVI	176563	0	0.5	25
	chrVI	176565	0	0.5	25
	chrVI	176567	0	0.5	25
	chrVI	176573	1	1.0	25
	chrVI	176574	0	0.5	25
	chrVI	176604	0	0.5	25
	chrVI	176607	1	0.5	25
	chrVI	176613	0	0.5	25
	chrVI	176628	0	0.5	25
	chrVI	176632	1	0.5	25
	chrVI	176636	0	0.5	25
	chrVI	176648	1	0.5	25
	chrVI	176666	1	0.5	25
	chrVI	176675	0	0.5	25
	chrVI	176683	0	0.5	25
	chrVI	176683	1	1.0	25
	chrVI	176687	0	0.5	25
	chrVI	176688	1	0.5	25
	chrVI	176689	0	1.0	25
	chrVI	176697	1	0.5	25
	chrVI	176702	1	0.5	25
	chrVI	176718	0	0.5	25
	chrVI	176719	0	0.5	25
	chrVI	176726	1	0.5	25
	chrVI	176727	1	0.5	25
	chrVI	176728	0	0.5	25
	chrVI	176739	0	0.5	25
	chrVI	176749	1	0.5	25
	chrVI	176753	1	2.0	25
	chrVI	176754	0	1.0	25
	chrVI	176763	1	0.5	25
	chrVI	176771	0	0.5	25
	chrVI	176799	1	0.5	25
	chrVI	176821	1	0.5	25
	chrVI	176823	1	0.5	25
	chrVI	176824	0	1.5	25
	chrVI	176829	0	1.5	25
	chrVI	176829	1	0.5	25
	chrVI	176830	0	1.0	25
	chrVI	176896	0	0.5	25
	chrVI	176896	1	0.5	25
	chrVI	176901	1	1.0	25
	chrVI	176905	1	1.0	25
	chrVI	176907	0	1.0	25
	chrVI	176912	1	0.5	25
	chrVI	176913	0	0.5	25
	chrVI	176913	1	0.5	25
	chrVI	176917	1	0.5	25
	chrVI	176918	0	0.5	25
	chrVI	176919	0	0.5	25
	chrVI	176919	1	1.5	25
	chrVI	176920	0	1.0	25
	chrVI	176932	0	1.0	25
	chrVI	176942	1	0.5	25
	chrVI	176957	1	0.5	25
	chrVI	176966	0	0.5	25
	chrVI	176967	0	0.5	25
	chrVI	176967	1	1.0	25
	chrVI	176973	0	0.5	25
	chrVI	176980	1	0.5	25
	chrVI	176984	1	1.0	25
	chrVI	177005	0	0.5	25
	chrVI	177006	1	0.5	25
	chrVI	177014	1	0.5	25
	chrVI	177017	0	0.5	25
	chrVI	177021	0	0.5	25
	chrVI	177034	0	0.5	25
	chrVI	177038	1	0.5	25
	chrVI	177044	1	0.5	25
	chrVI	177070	1	0.5	25
	chrVI	177076	1	1.0	25
	chrVI	177093	1	0.5	25
	chrVI	177096	1	1.0	25
	chrVI	177098	0	0.5	25
	chrVI	177107	0	0.5	25
	chrVI	177193	0	0.5	25
	chrVI	177205	1	0.5	25
	chrVI	177215	0	0.5	25
	chrVI	177243	0	0.5	25
	chrVI	177254	1	0.5	25
	chrVI	177264	0	0.5	25
	chrVI	177275	1	0.5	25
	chrVI	177289	1	0.5	25
	chrVI	177294	1	0.5	25
	chrVI	177306	1	0.5	25
	chrVI	177326	0	0.5	25
	chrVI	177349	1	0.5	25
	chrVI	177377	0	1.0	25
	chrVI	177418	1	0.5	25
	chrVI	177433	0	0.5	25
	chrVI	177442	0	0.5	25
	chrVI	177452	1	1.0	25
	chrVI	177465	0	0.5	25
	chrVI	177512	0	0.5	25
	chrVI	177519	1	0.5	25
	chrVI	177526	0	0.5	25
	chrVI	177568	1	0.5	25
	chrVI	177591	0	0.5	25
	chrVI	177594	1	0.5	25
	chrVI	177597	1	0.5	25
	chrVI	177598	0	1.0	25
	chrVI	177598	1	0.5	25
	chrVI	177650	1	0.5	25
	chrVI	177656	0	0.5	25
	chrVI	177665	0	0.5	25
	chrVI	177711	1	0.5	25
	chrVI	177758	1	1.0	25
	chrVI	177768	0	0.5	25
	chrVI	177772	0	1.5	25
	chrVI	177787	0	0.5	25
	chrVI	177789	0	0.5	25
	chrVI	177807	0	0.5	25
	chrVI	177807	1	0.5	25
	chrVI	177843	1	0.5	25
	chrVI	177852	1	0.5	25
	chrVI	177857	1	1.5	25
	chrVI	177875	1	0.5	25
	chrVI	177886	1	0.5	25
	chrVI	177909	0	1.0	25
	chrVI	177980	1	1.0	25
	chrVI	178049	0	1.0	25
	chrVI	178109	1	1.0	25
	chrVI	178127	0	0.5	25
	chrVI	178156	0	0.5	25
	chrVI	178159	0	0.5	25
	chrVI	178175	1	0.5	25
	chrVI	178238	1	0.5	25
	chrVI	178240	1	0.5	25
	chrVI	178332	0	0.5	25
	chrVI	178342	0	0.5	25
	chrVI	178345	0	0.5	25
	chrVI	178376	0	0.5	25
	chrVI	178385	0	0.5	25
	chrVI	178401	0	0.5	25
	chrVI	178405	1	0.5	25
	chrVI	178422	1	0.5	25
	chrVI	178451	0	0.5	25
	chrVI	178459	0	0.5	25
	chrVI	178460	1	0.5	25
	chrVI	178492	1	0.5	25
	chrVI	178512	1	0.5	25
	chrVI	178513	0	0.5	25
	chrVI	178519	1	0.5	25
	chrVI	178543	0	0.5	25
	chrVI	178549	1	0.5	25
	chrVI	178560	0	0.5	25
	chrVI	178569	1	0.5	25
	chrVI	178611	1	0.5	25
	chrVI	178620	1	0.5	25
	chrVI	178633	0	0.5	25
	chrVI	178651	0	1.0	25
	chrVI	178659	0	0.5	25
	chrVI	178661	1	0.5	25
	chrVI	178691	1	0.5	25
	chrVI	178715	1	0.5	25
	chrVI	178732	0	0.5	25
	chrVI	178759	0	0.5	25
	chrVI	178761	0	0.5	25
	chrVI	178769	0	0.5	25
	chrVI	178783	1	0.5	25
	chrVI	178793	0	0.5	25
	chrVI	178803	1	1.0	25
	chrVI	178816	1	0.5	25
	chrVI	178819	0	1.0	25
	chrVI	178825	1	0.5	25
	chrVI	178843	0	0.5	25
	chrVI	178845	0	0.5	25
	chrVI	178847	1	0.5	25
	chrVI	178849	0	0.5	25
	chrVI	178852	0	0.5	25
	chrVI	178853	1	0.5	25
	chrVI	178885	1	0.5	25
	chrVI	178903	0	0.5	25
	chrVI	178907	1	0.5	25
	chrVI	178909	1	1.5	25
	chrVI	178945	1	0.5	25
	chrVI	178948	0	0.5	25
	chrVI	178998	1	0.5	25
	chrVI	179016	0	0.5	25
	chrVI	179054	1	0.5	25
	chrVI	179124	0	1.0	25
	chrVI	179129	0	1.0	25
	chrVI	179130	0	0.5	25
	chrVI	179137	0	0.5	25
	chrVI	179140	1	0.5	25
	chrVI	179144	0	0.5	25
	chrVI	179171	0	0.5	25
	chrVI	179196	1	0.5	25
	chrVI	179199	1	0.5	25
	chrVI	179205	1	1.0	25
	chrVI	179212	1	1.5	25
	chrVI	179229	0	0.5	25
	chrVI	179236	1	0.5	25
	chrVI	179256	0	0.5	25
	chrVI	179257	0	0.5	25
	chrVI	179263	0	1.0	25
	chrVI	179267	0	0.5	25
	chrVI	179268	0	0.5	25
	chrVI	179299	1	0.5	25
	chrVI	179302	0	0.5	25
	chrVI	179310	1	1.0	25
	chrVI	179322	1	0.5	25
	chrVI	179331	1	0.5	25
	chrVI	179341	0	0.5	25
	chrVI	179346	1	0.5	25
	chrVI	179354	1	0.5	25
	chrVI	179356	0	0.5	25
	chrVI	179362	0	0.5	25
	chrVI	179363	1	0.5	25
	chrVI	179365	0	0.5	25
	chrVI	179370	0	1.0	25
	chrVI	179378	1	0.5	25
	chrVI	179383	0	0.5	25
	chrVI	179403	1	0.5	25
	chrVI	179410	1	0.5	25
	chrVI	179421	1	0.5	25
	chrVI	179435	1	0.5	25
	chrVI	179436	1	0.5	25
	chrVI	179438	0	0.5	25
	chrVI	179454	1	0.5	25
	chrVI	179472	0	1.0	25
	chrVI	179528	0	0.5	25
	chrVI	179548	1	1.0	25
	chrVI	179559	0	0.5	25
	chrVI	179560	0	1.0	25
	chrVI	179571	0	0.5	25
	chrVI	179585	0	0.5	25
	chrVI	179588	0	0.5	25
	chrVI	179632	1	1.0	25
	chrVI	179648	0	0.5	25
	chrVI	179657	1	0.5	25
	chrVI	179685	1	0.5	25
	chrVI	179686	1	0.5	25
	chrVI	179694	1	0.5	25
	chrVI	179747	1	0.5	25
	chrVI	179774	1	0.5	25
	chrVI	179777	0	0.5	25
	chrVI	179786	0	0.5	25
	chrVI	179837	1	0.5	25
	chrVI	179839	1	0.5	25
	chrVI	179891	0	0.5	25
	chrVI	179895	0	0.5	25
	chrVI	179899	1	0.5	25
	chrVI	179914	0	0.5	25
	chrVI	179926	0	1.0	25
	chrVI	179931	0	0.5	25
	chrVI	179933	0	0.5	25
	chrVI	179934	0	0.5	25
	chrVI	179938	0	0.5	25
	chrVI	179944	1	0.5	25
	chrVI	179945	0	0.5	25
	chrVI	179975	0	0.5	25
	chrVI	179976	1	0.5	25
	chrVI	179984	1	0.5	25
	chrVI	179991	0	0.5	25
	chrVI	179991	1	0.5	25
	chrVI	180002	0	0.5	25
	chrVI	180005	1	0.5	25
	chrVI	180006	0	0.5	25
	chrVI	180027	1	0.5	25
	chrVI	180029	1	0.5	25
	chrVI	180030	0	0.5	25
	chrVI	180033	0	0.5	25
	chrVI	180040	1	0.5	25
	chrVI	180047	0	0.5	25
	chrVI	180047	1	0.5	25
	chrVI	180063	1	0.5	25
	chrVI	180064	0	0.5	25
	chrVI	180081	1	0.5	25
	chrVI	180087	1	1.0	25
	chrVI	180099	1	0.5	25
	chrVI	180123	0	0.5	25
	chrVI	180158	1	1.0	25
	chrVI	180195	0	0.5	25
	chrVI	180206	1	1.0	25
	chrVI	180219	0	0.5	25
	chrVI	180223	0	0.5	25
	chrVI	180267	1	0.5	25
	chrVI	180272	1	0.5	25
	chrVI	180277	0	0.5	25
	chrVI	180279	0	0.5	25
	chrVI	180312	0	0.5	25
	chrVI	180321	1	1.0	25
	chrVI	180351	1	0.5	25
	chrVI	180378	1	0.5	25
	chrVI	180383	1	0.5	25
	chrVI	180402	0	0.5	25
	chrVI	180409	0	0.5	25
	chrVI	180456	1	0.5	25
	chrVI	180462	0	0.5	25
	chrVI	180467	1	0.5	25
	chrVI	180470	0	0.5	25
	chrVI	180505	0	0.5	25
	chrVI	180534	1	0.5	25
	chrVI	180536	0	0.5	25
	chrVI	180550	1	0.5	25
	chrVI	180564	0	0.5	25
	chrVI	180606	1	0.5	25
	chrVI	180614	1	0.5	25
	chrVI	180671	0	0.5	25
	chrVI	180691	1	0.5	25
	chrVI	180711	0	0.5	25
	chrVI	180724	0	0.5	25
	chrVI	180732	0	0.5	25
	chrVI	180753	0	0.5	25
	chrVI	180774	1	0.5	25
	chrVI	180788	1	0.5	25
	chrVI	180798	1	0.5	25
	chrVI	180805	1	0.5	25
	chrVI	180814	0	0.5	25
	chrVI	180841	0	0.5	25
	chrVI	180845	0	2.5	25
	chrVI	180860	0	0.5	25
	chrVI	180867	0	1.5	25
	chrVI	180868	0	1.5	25
	chrVI	180879	0	1.0	25
	chrVI	180898	1	0.5	25
	chrVI	180899	1	0.5	25
	chrVI	180903	1	1.5	25
	chrVI	180905	0	0.5	25
	chrVI	180907	1	0.5	25
	chrVI	180924	0	0.5	25
	chrVI	180925	1	0.5	25
	chrVI	180928	1	1.5	25
	chrVI	180929	0	0.5	25
	chrVI	180929	1	1.5	25
	chrVI	180933	0	0.5	25
	chrVI	180944	0	1.0	25
	chrVI	180945	0	0.5	25
	chrVI	180945	1	1.0	25
	chrVI	180946	1	0.5	25
	chrVI	180956	1	0.5	25
	chrVI	180963	1	0.5	25
	chrVI	180965	1	0.5	25
	chrVI	180969	0	0.5	25
	chrVI	180996	0	1.0	25
	chrVI	181022	1	0.5	25
	chrVI	181053	0	0.5	25
	chrVI	181060	1	1.0	25
	chrVI	181061	1	0.5	25
	chrVI	181070	0	0.5	25
	chrVI	181073	0	0.5	25
	chrVI	181082	1	0.5	25
	chrVI	181088	1	1.0	25
	chrVI	181101	1	0.5	25
	chrVI	181105	0	0.5	25
	chrVI	181112	1	0.5	25
	chrVI	181117	0	0.5	25
	chrVI	181123	1	0.5	25
	chrVI	181142	1	0.5	25
	chrVI	181154	0	0.5	25
	chrVI	181184	0	0.5	25
	chrVI	181223	1	0.5	25
	chrVI	181235	1	0.5	25
	chrVI	181271	1	0.5	25
	chrVI	181278	1	0.5	24
	chrVI	181279	0	0.5	25
	chrVI	181286	0	0.5	25
	chrVI	181294	0	0.5	25
	chrVI	181351	0	0.5	25
	chrVI	181352	0	0.5	25
	chrVI	181371	0	0.5	25
	chrVI	181374	0	0.5	25
	chrVI	181395	0	0.5	25
	chrVI	181417	0	1.0	25
	chrVI	181421	1	0.5	25
	chrVI	181422	1	0.5	25
	chrVI	181423	0	0.5	25
	chrVI	181424	0	1.5	25
	chrVI	181427	0	0.5	25
	chrVI	181429	0	0.5	25
	chrVI	181432	1	0.5	25
	chrVI	181433	0	0.5	25
	chrVI	181433	1	0.5	25
	chrVI	181435	0	1.0	25
	chrVI	181436	0	0.5	25
	chrVI	181439	0	0.5	25
	chrVI	181442	1	0.5	25
	chrVI	181454	0	1.0	25
	chrVI	181456	0	0.5	25
	chrVI	181460	1	0.5	25
	chrVI	181469	0	0.5	25
	chrVI	181503	0	0.5	25
	chrVI	181506	1	0.5	25
	chrVI	181507	0	0.5	25
	chrVI	181517	1	0.5	25
	chrVI	181531	0	0.5	25
	chrVI	181535	1	1.0	25
	chrVI	181544	1	0.5	25
	chrVI	181547	1	1.5	25
	chrVI	181559	0	0.5	25
	chrVI	181566	1	0.5	25
	chrVI	181594	1	2.0	25
	chrVI	181595	0	0.5	25
	chrVI	181595	1	0.5	25
	chrVI	181596	1	0.5	25
	chrVI	181597	0	1.0	25
	chrVI	181599	0	0.5	25
	chrVI	181603	1	0.5	25
	chrVI	181607	0	0.5	25
	chrVI	181608	1	1.0	25
	chrVI	181610	1	0.5	25
	chrVI	181613	1	0.5	25
	chrVI	181619	0	0.5	25
	chrVI	181651	1	0.5	25
	chrVI	181664	1	0.5	25
	chrVI	181680	1	0.5	25
	chrVI	181711	0	0.5	25
	chrVI	181714	1	0.5	25
	chrVI	181723	0	0.5	25
	chrVI	181734	1	0.5	25
	chrVI	181739	0	0.5	25
	chrVI	181758	1	0.5	25
	chrVI	181772	1	0.5	25
	chrVI	181774	1	0.5	25
	chrVI	181775	0	1.0	25
	chrVI	181784	1	1.0	25
	chrVI	181800	0	1.0	25
	chrVI	181810	1	0.5	25
	chrVI	181819	0	0.5	25
	chrVI	181822	0	0.5	25
	chrVI	181826	0	0.5	25
	chrVI	181836	0	0.5	25
	chrVI	181868	1	0.5	25
	chrVI	181896	1	1.0	25
	chrVI	181902	1	0.5	25
	chrVI	181932	1	0.5	25
	chrVI	181937	1	0.5	25
	chrVI	181956	1	1.0	25
	chrVI	181957	0	0.5	25
	chrVI	182005	0	0.5	25
	chrVI	182030	1	0.5	25
	chrVI	182031	1	0.5	25
	chrVI	182063	0	0.5	25
	chrVI	182069	1	0.5	25
	chrVI	182070	0	0.5	25
	chrVI	182089	0	0.5	25
	chrVI	182094	0	1.5	25
	chrVI	182095	0	1.5	25
	chrVI	182096	0	1.0	25
	chrVI	182125	0	0.5	25
	chrVI	182126	1	0.5	25
	chrVI	182127	1	0.5	25
	chrVI	182150	1	0.5	25
	chrVI	182151	0	0.5	25
	chrVI	182160	0	0.5	25
	chrVI	182164	1	0.5	25
	chrVI	182184	1	0.5	25
	chrVI	182185	1	1.0	25
	chrVI	182231	1	0.5	25
	chrVI	182253	1	0.5	25
	chrVI	182265	0	1.0	25
	chrVI	182268	1	0.5	25
	chrVI	182275	1	0.5	25
	chrVI	182314	1	1.0	25
	chrVI	182328	1	1.0	25
	chrVI	182330	0	0.5	25
	chrVI	182333	1	0.5	25
	chrVI	182387	1	0.5	25
	chrVI	182453	0	0.5	25
	chrVI	182461	0	0.5	25
	chrVI	182472	0	0.5	25
	chrVI	182478	0	0.5	25
	chrVI	182532	1	0.5	25
	chrVI	182533	1	0.5	25
	chrVI	182543	0	0.5	25
	chrVI	182550	0	0.5	25
	chrVI	182575	0	1.0	25
	chrVI	182583	0	0.5	25
	chrVI	182590	0	0.5	25
	chrVI	182620	0	0.5	25
	chrVI	182637	1	0.5	25
	chrVI	182640	1	1.0	25
	chrVI	182648	0	0.5	25
	chrVI	182659	1	0.5	25
	chrVI	182660	1	0.5	25
	chrVI	182665	0	0.5	25
	chrVI	182682	1	0.5	25
	chrVI	182693	1	0.5	25
	chrVI	182708	1	0.5	25
	chrVI	182755	0	0.5	25
	chrVI	182773	1	0.5	25
	chrVI	182805	0	0.5	25
	chrVI	182809	0	0.5	25
	chrVI	182832	1	0.5	25
	chrVI	182836	0	0.5	25
	chrVI	182900	1	0.5	25
	chrVI	182911	1	0.5	25
	chrVI	182912	1	0.5	25
	chrVI	182913	1	0.5	25
	chrVI	182914	0	0.5	25
	chrVI	182963	1	0.5	25
	chrVI	182975	0	0.5	25
	chrVI	182984	1	0.5	25
	chrVI	183012	0	0.5	25
	chrVI	183019	0	1.0	25
	chrVI	183022	0	0.5	25
	chrVI	183025	0	0.5	25
	chrVI	183031	0	0.5	25
	chrVI	183041	0	0.5	25
	chrVI	183055	1	0.5	25
	chrVI	183056	1	0.5	25
	chrVI	183090	1	0.5	25
	chrVI	183104	1	0.5	25
	chrVI	183114	0	1.0	25
	chrVI	183150	0	1.0	25
	chrVI	183152	1	0.5	25
	chrVI	183168	0	0.5	25
	chrVI	183176	0	0.5	25
	chrVI	183177	0	0.5	25
	chrVI	183177	1	0.5	25
	chrVI	183186	0	0.5	25
	chrVI	183197	0	0.5	25
	chrVI	183211	0	0.5	25
	chrVI	183247	1	0.5	25
	chrVI	183251	1	0.5	25
	chrVI	183265	1	0.5	25
	chrVI	183273	1	0.5	25
	chrVI	183274	1	0.5	25
	chrVI	183281	1	1.0	25
	chrVI	183304	1	0.5	25
	chrVI	183323	1	0.5	25
	chrVI	183325	1	1.0	25
	chrVI	183351	0	0.5	25
	chrVI	183439	0	0.5	25
	chrVI	183549	0	0.5	25
	chrVI	183550	0	0.5	25
	chrVI	183565	1	0.5	25
	chrVI	183619	1	0.5	25
	chrVI	183671	0	0.5	25
	chrVI	183680	0	0.5	25
	chrVI	183702	0	0.5	25
	chrVI	183710	0	0.5	25
	chrVI	183711	0	1.5	25
	chrVI	183755	1	1.0	25
	chrVI	183762	1	0.5	25
	chrVI	183769	1	0.5	25
	chrVI	183770	0	0.5	25
	chrVI	183771	1	1.0	25
	chrVI	183772	0	0.5	25
	chrVI	183772	1	0.5	25
	chrVI	183773	0	0.5	25
	chrVI	183773	1	0.5	25
	chrVI	183802	0	0.5	25
	chrVI	183806	0	1.0	25
	chrVI	183842	1	1.0	25
	chrVI	183881	1	1.0	25
	chrVI	183888	0	0.5	25
	chrVI	183892	1	0.5	25
	chrVI	183917	0	0.5	25
	chrVI	183926	0	0.5	25
	chrVI	183933	0	0.5	25
	chrVI	183940	1	0.5	25
	chrVI	183966	0	0.5	25
	chrVI	183978	0	0.5	25
	chrVI	183980	1	0.5	25
	chrVI	183993	1	0.5	25
	chrVI	183996	1	0.5	25
	chrVI	184037	0	1.0	25
	chrVI	184037	1	0.5	25
	chrVI	184040	0	1.0	25
	chrVI	184056	1	0.5	25
	chrVI	184057	0	0.5	25
	chrVI	184065	1	0.5	25
	chrVI	184086	1	1.0	25
	chrVI	184112	1	0.5	25
	chrVI	184113	0	0.5	25
	chrVI	184125	1	1.0	25
	chrVI	184126	0	0.5	25
	chrVI	184127	0	2.0	25
	chrVI	184135	0	0.5	25
	chrVI	184150	0	1.0	25
	chrVI	184164	0	0.5	25
	chrVI	184197	1	0.5	25
	chrVI	184203	1	0.5	25
	chrVI	184216	1	0.5	24
	chrVI	184217	1	0.5	25
	chrVI	184226	1	1.0	25
	chrVI	184233	0	0.5	25
	chrVI	184236	0	0.5	25
	chrVI	184247	0	0.5	25
	chrVI	184250	0	0.5	25
	chrVI	184271	0	0.5	25
	chrVI	184303	0	0.5	25
	chrVI	184305	1	0.5	25
	chrVI	184311	1	0.5	25
	chrVI	184320	1	2.0	25
	chrVI	184321	0	0.5	25
	chrVI	184322	0	0.5	25
	chrVI	184325	0	0.5	25
	chrVI	184329	0	1.5	25
	chrVI	184332	1	0.5	25
	chrVI	184336	0	0.5	25
	chrVI	184336	1	0.5	25
	chrVI	184337	0	2.0	25
	chrVI	184337	1	1.0	25
	chrVI	184342	1	0.5	25
	chrVI	184344	0	2.0	25
	chrVI	184345	0	2.0	25
	chrVI	184346	0	1.5	25
	chrVI	184349	0	0.5	25
	chrVI	184350	0	0.5	25
	chrVI	184370	0	0.5	25
	chrVI	184376	0	0.5	25
	chrVI	184381	0	0.5	25
	chrVI	184397	1	0.5	25
	chrVI	184409	1	0.5	25
	chrVI	184410	1	0.5	25
	chrVI	184413	1	1.0	25
	chrVI	184414	1	3.0	25
	chrVI	184415	1	2.5	25
	chrVI	184416	1	2.5	25
	chrVI	184417	1	0.5	25
	chrVI	184421	0	0.5	25
	chrVI	184428	1	0.5	25
	chrVI	184429	1	0.5	25
	chrVI	184431	0	0.5	25
	chrVI	184448	0	0.5	25
	chrVI	184466	0	1.5	25
	chrVI	184487	0	0.5	25
	chrVI	184504	0	0.5	25
	chrVI	184512	1	0.5	25
	chrVI	184513	1	0.5	25
	chrVI	184522	1	1.0	25
	chrVI	184529	1	0.5	25
	chrVI	184530	1	0.5	25
	chrVI	184532	0	1.5	25
	chrVI	184564	0	0.5	25
	chrVI	184573	1	0.5	25
	chrVI	184576	1	0.5	25
	chrVI	184578	0	0.5	25
	chrVI	184592	0	0.5	25
	chrVI	184598	1	0.5	25
	chrVI	184600	1	0.5	25
	chrVI	184604	1	0.5	25
	chrVI	184605	0	0.5	25
	chrVI	184605	1	0.5	25
	chrVI	184606	0	0.5	25
	chrVI	184639	1	0.5	25
	chrVI	184654	1	0.5	25
	chrVI	184662	1	2.0	25
	chrVI	184668	1	0.5	25
	chrVI	184677	1	0.5	25
	chrVI	184738	0	0.5	25
	chrVI	184740	0	0.5	25
	chrVI	184747	0	1.5	25
	chrVI	184762	0	0.5	25
	chrVI	184763	0	1.0	25
	chrVI	184782	1	0.5	25
	chrVI	184796	1	0.5	25
	chrVI	184801	1	0.5	25
	chrVI	184808	1	0.5	25
	chrVI	184819	0	1.5	25
	chrVI	184820	0	0.5	25
	chrVI	184821	0	0.5	25
	chrVI	184831	1	1.0	25
	chrVI	184836	0	0.5	25
	chrVI	184860	0	0.5	25
	chrVI	184876	0	0.5	25
	chrVI	184904	1	0.5	25
	chrVI	184916	0	0.5	25
	chrVI	184934	1	0.5	25
	chrVI	184935	1	0.5	25
	chrVI	184948	1	1.5	25
	chrVI	184964	1	0.5	25
	chrVI	184968	1	0.5	25
	chrVI	184971	0	0.5	25
	chrVI	184997	0	0.5	25
	chrVI	185020	1	0.5	25
	chrVI	185040	1	0.5	25
	chrVI	185095	0	0.5	25
	chrVI	185152	1	0.5	24
	chrVI	185155	1	0.5	25
	chrVI	185156	0	0.5	25
	chrVI	185170	1	0.5	25
	chrVI	185178	1	0.5	25
	chrVI	185248	1	0.5	25
	chrVI	185269	0	0.5	25
	chrVI	185337	0	0.5	25
	chrVI	185343	1	0.5	25
	chrVI	185394	0	0.5	25
	chrVI	185410	1	0.5	25
	chrVI	185472	1	0.5	25
	chrVI	185615	0	0.5	25
	chrVI	185634	0	0.5	25
	chrVI	185651	0	0.5	25
	chrVI	185674	1	0.5	25
	chrVI	185710	1	0.5	25
	chrVI	185766	0	0.5	25
	chrVI	185814	0	0.5	25
	chrVI	185840	0	0.5	25
	chrVI	185853	0	0.5	25
	chrVI	185857	1	0.5	25
	chrVI	185879	1	0.5	25
	chrVI	185912	1	0.5	25
	chrVI	185930	0	0.5	25
	chrVI	185936	0	0.5	25
	chrVI	185944	1	1.0	25
	chrVI	185960	0	0.5	25
	chrVI	186005	1	0.5	25
	chrVI	186047	1	0.5	25
	chrVI	186050	0	0.5	25
	chrVI	186086	1	0.5	25
	chrVI	186097	1	0.5	25
	chrVI	186161	0	0.5	25
	chrVI	186211	1	0.5	25
	chrVI	186261	0	0.5	25
	chrVI	186277	0	1.0	25
	chrVI	186309	1	0.5	25
	chrVI	186348	1	1.0	25
	chrVI	186361	0	0.5	25
	chrVI	186377	0	0.5	25
	chrVI	186387	0	0.5	25
	chrVI	186392	0	0.5	25
	chrVI	186433	1	0.5	25
	chrVI	186443	0	0.5	25
	chrVI	186445	0	0.5	25
	chrVI	186451	1	0.5	25
	chrVI	186462	0	0.5	25
	chrVI	186470	1	0.5	25
	chrVI	186479	1	0.5	25
	chrVI	186508	0	1.0	25
	chrVI	186521	0	1.0	25
	chrVI	186524	1	0.5	25
	chrVI	186558	0	0.5	25
	chrVI	186570	1	0.5	25
	chrVI	186573	1	0.5	25
	chrVI	186587	1	1.0	25
	chrVI	186594	0	0.5	25
	chrVI	186608	0	0.5	25
	chrVI	186608	1	1.0	25
	chrVI	186614	0	2.0	25
	chrVI	186622	1	0.5	25
	chrVI	186653	1	0.5	25
	chrVI	186654	1	0.5	25
	chrVI	186675	0	0.5	25
	chrVI	186693	1	0.5	25
	chrVI	186696	1	1.5	25
	chrVI	186697	0	1.0	25
	chrVI	186750	0	0.5	25
	chrVI	186764	1	0.5	25
	chrVI	186823	1	1.5	25
	chrVI	186827	0	0.5	25
	chrVI	186841	0	0.5	25
	chrVI	186844	0	0.5	25
	chrVI	186845	0	0.5	25
	chrVI	186855	0	0.5	25
	chrVI	186857	0	0.5	25
	chrVI	186870	0	0.5	25
	chrVI	186872	0	0.5	25
	chrVI	186879	1	0.5	25
	chrVI	186893	0	0.5	25
	chrVI	186914	1	0.5	25
	chrVI	186915	0	0.5	25
	chrVI	186915	1	0.5	25
	chrVI	186931	1	0.5	25
	chrVI	186933	0	1.0	25
	chrVI	186939	1	0.5	25
	chrVI	186940	0	0.5	25
	chrVI	186941	0	0.5	25
	chrVI	186942	1	0.5	25
	chrVI	186943	0	0.5	25
	chrVI	186948	1	0.5	25
	chrVI	186951	0	0.5	25
	chrVI	186973	1	1.0	25
	chrVI	186977	1	0.5	25
	chrVI	186987	0	0.5	25
	chrVI	186990	1	0.5	25
	chrVI	187015	1	0.5	25
	chrVI	187039	0	0.5	25
	chrVI	187040	1	0.5	25
	chrVI	187050	1	0.5	25
	chrVI	187083	0	0.5	25
	chrVI	187093	0	0.5	25
	chrVI	187101	0	0.5	25
	chrVI	187109	1	0.5	25
	chrVI	187111	0	0.5	25
	chrVI	187126	1	0.5	25
	chrVI	187132	0	0.5	25
	chrVI	187136	1	0.5	25
	chrVI	187150	0	0.5	25
	chrVI	187151	1	0.5	25
	chrVI	187153	0	0.5	25
	chrVI	187153	1	0.5	25
	chrVI	187170	0	0.5	25
	chrVI	187177	0	0.5	25
	chrVI	187186	1	0.5	25
	chrVI	187204	1	0.5	25
	chrVI	187207	1	0.5	25
	chrVI	187210	0	0.5	25
	chrVI	187210	1	0.5	25
	chrVI	187213	1	0.5	25
	chrVI	187224	1	0.5	25
	chrVI	187227	1	0.5	25
	chrVI	187230	0	1.0	25
	chrVI	187248	1	0.5	25
	chrVI	187278	0	0.5	25
	chrVI	187283	1	0.5	25
	chrVI	187285	1	0.5	25
	chrVI	187304	1	0.5	25
	chrVI	187305	0	0.5	25
	chrVI	187324	0	0.5	25
	chrVI	187329	1	0.5	25
	chrVI	187339	0	0.5	25
	chrVI	187373	0	0.5	25
	chrVI	187390	0	0.5	25
	chrVI	187391	0	1.0	25
	chrVI	187415	0	0.5	25
	chrVI	187423	1	0.5	25
	chrVI	187428	1	0.5	25
	chrVI	187429	1	0.5	25
	chrVI	187448	1	0.5	25
	chrVI	187449	0	0.5	25
	chrVI	187454	0	0.5	25
	chrVI	187464	1	0.5	25
	chrVI	187479	0	0.5	25
	chrVI	187487	1	0.5	25
	chrVI	187511	1	0.5	25
	chrVI	187512	0	0.5	25
	chrVI	187519	0	2.0	25
	chrVI	187520	0	0.5	24
	chrVI	187544	1	1.0	25
	chrVI	187560	1	0.5	25
	chrVI	187581	1	0.5	25
	chrVI	187588	1	2.5	25
	chrVI	187616	0	0.5	25
	chrVI	187627	0	0.5	25
	chrVI	187649	0	0.5	25
	chrVI	187676	1	0.5	25
	chrVI	187683	0	0.5	25
	chrVI	187683	1	0.5	25
	chrVI	187686	0	0.5	25
	chrVI	187704	0	1.0	25
	chrVI	187707	1	0.5	25
	chrVI	187710	1	0.5	25
	chrVI	187723	0	0.5	25
	chrVI	187730	0	0.5	25
	chrVI	187741	1	0.5	25
	chrVI	187751	1	0.5	25
	chrVI	187774	1	1.5	25
	chrVI	187788	0	0.5	25
	chrVI	187800	0	0.5	25
	chrVI	187816	0	0.5	25
	chrVI	187817	1	0.5	25
	chrVI	187840	1	0.5	25
	chrVI	187875	0	0.5	25
	chrVI	187897	0	0.5	25
	chrVI	187897	1	0.5	25
	chrVI	187924	0	1.0	25
	chrVI	187934	0	0.5	25
	chrVI	187935	1	0.5	25
	chrVI	187936	0	0.5	25
	chrVI	187937	1	0.5	25
	chrVI	187976	1	0.5	25
	chrVI	187982	1	1.0	25
	chrVI	187988	0	0.5	25
	chrVI	187992	0	0.5	25
	chrVI	187995	1	0.5	25
	chrVI	188010	0	0.5	25
	chrVI	188028	0	0.5	25
	chrVI	188035	1	0.5	25
	chrVI	188067	0	0.5	25
	chrVI	188086	1	0.5	25
	chrVI	188098	0	0.5	25
	chrVI	188113	0	1.0	25
	chrVI	188114	0	0.5	25
	chrVI	188118	0	0.5	25
	chrVI	188127	1	0.5	25
	chrVI	188137	0	0.5	25
	chrVI	188143	1	0.5	25
	chrVI	188161	1	0.5	25
	chrVI	188162	0	0.5	25
	chrVI	188170	1	0.5	25
	chrVI	188174	0	0.5	25
	chrVI	188194	1	0.5	25
	chrVI	188230	1	0.5	25
	chrVI	188240	1	1.0	25
	chrVI	188241	1	0.5	25
	chrVI	188248	1	0.5	25
	chrVI	188257	1	0.5	25
	chrVI	188265	0	0.5	25
	chrVI	188280	0	0.5	25
	chrVI	188292	0	0.5	25
	chrVI	188313	1	0.5	25
	chrVI	188334	0	0.5	25
	chrVI	188344	1	0.5	25
	chrVI	188347	1	0.5	25
	chrVI	188381	0	0.5	25
	chrVI	188388	0	0.5	25
	chrVI	188395	1	0.5	25
	chrVI	188396	0	0.5	25
	chrVI	188402	0	0.5	25
	chrVI	188403	0	0.5	25
	chrVI	188405	0	0.5	25
	chrVI	188413	1	0.5	25
	chrVI	188426	1	0.5	25
	chrVI	188439	0	0.5	25
	chrVI	188447	0	0.5	25
	chrVI	188449	0	0.5	23
	chrVI	188467	0	0.5	25
	chrVI	188487	1	0.5	25
	chrVI	188488	1	0.5	25
	chrVI	188496	0	0.5	25
	chrVI	188497	1	0.5	25
	chrVI	188499	1	0.5	25
	chrVI	188506	1	0.5	25
	chrVI	188510	0	0.5	25
	chrVI	188512	0	0.5	25
	chrVI	188531	0	0.5	25
	chrVI	188539	0	0.5	25
	chrVI	188556	0	0.5	25
	chrVI	188556	1	0.5	25
	chrVI	188559	1	0.5	25
	chrVI	188564	1	0.5	25
	chrVI	188574	0	0.5	23
	chrVI	188585	1	0.5	25
	chrVI	188603	1	0.5	25
	chrVI	188609	1	0.5	25
	chrVI	188622	1	0.5	25
	chrVI	188624	0	0.5	25
	chrVI	188646	1	0.5	25
	chrVI	188648	0	0.5	25
	chrVI	188649	1	0.5	25
	chrVI	188652	1	0.5	25
	chrVI	188656	0	2.0	25
	chrVI	188656	1	0.5	25
	chrVI	188659	0	0.5	25
	chrVI	188683	0	0.5	25
	chrVI	188698	0	0.5	25
	chrVI	188712	0	0.5	25
	chrVI	188718	1	0.5	25
	chrVI	188720	0	0.5	25
	chrVI	188726	0	0.5	25
	chrVI	188735	0	0.5	25
	chrVI	188747	0	0.5	25
	chrVI	188748	0	1.0	25
	chrVI	188748	1	0.5	25
	chrVI	188749	0	0.5	25
	chrVI	188750	0	0.5	25
	chrVI	188753	1	0.5	25
	chrVI	188756	1	0.5	25
	chrVI	188762	0	0.5	25
	chrVI	188771	0	0.5	25
	chrVI	188772	1	2.5	25
	chrVI	188791	1	0.5	25
	chrVI	188799	1	0.5	25
	chrVI	188801	1	1.0	25
	chrVI	188811	1	0.5	25
	chrVI	188820	1	0.5	25
	chrVI	188822	1	0.5	25
	chrVI	188825	0	1.0	25
	chrVI	188828	1	0.5	25
	chrVI	188830	1	0.5	25
	chrVI	188832	0	0.5	25
	chrVI	188872	0	0.5	25
	chrVI	188885	0	0.5	25
	chrVI	188887	0	1.0	25
	chrVI	188888	1	0.5	25
	chrVI	188919	0	0.5	25
	chrVI	188934	0	0.5	25
	chrVI	188936	0	1.0	25
	chrVI	188939	1	0.5	25
	chrVI	188947	1	1.5	25
	chrVI	188948	1	0.5	25
	chrVI	188949	1	1.0	25
	chrVI	188962	0	0.5	25
	chrVI	188963	0	0.5	25
	chrVI	188978	1	0.5	25
	chrVI	188986	0	0.5	25
	chrVI	188990	1	0.5	25
	chrVI	188991	1	0.5	25
	chrVI	189006	0	0.5	25
	chrVI	189027	0	0.5	25
	chrVI	189039	0	0.5	25
	chrVI	189055	0	1.0	25
	chrVI	189062	1	0.5	25
	chrVI	189072	1	0.5	25
	chrVI	189090	1	0.5	25
	chrVI	189095	1	1.0	25
	chrVI	189107	0	0.5	25
	chrVI	189119	1	0.5	25
	chrVI	189122	1	1.0	25
	chrVI	189128	1	0.5	25
	chrVI	189130	0	0.5	25
	chrVI	189141	1	0.5	25
	chrVI	189157	1	0.5	25
	chrVI	189171	0	0.5	25
	chrVI	189172	0	0.5	25
	chrVI	189223	1	0.5	25
	chrVI	189229	1	0.5	25
	chrVI	189241	0	0.5	25
	chrVI	189247	0	0.5	25
	chrVI	189249	0	0.5	25
	chrVI	189256	0	0.5	25
	chrVI	189288	0	0.5	25
	chrVI	189289	0	0.5	25
	chrVI	189297	1	0.5	25
	chrVI	189301	0	0.5	25
	chrVI	189307	1	0.5	25
	chrVI	189309	0	0.5	25
	chrVI	189310	0	1.0	25
	chrVI	189330	1	0.5	25
	chrVI	189355	1	0.5	25
	chrVI	189361	1	0.5	25
	chrVI	189379	1	0.5	24
	chrVI	189402	1	1.0	25
	chrVI	189415	1	0.5	25
	chrVI	189433	0	0.5	25
	chrVI	189437	1	0.5	25
	chrVI	189447	0	0.5	25
	chrVI	189456	0	1.0	25
	chrVI	189503	0	0.5	25
	chrVI	189504	0	1.0	25
	chrVI	189508	1	0.5	25
	chrVI	189510	1	0.5	25
	chrVI	189536	0	0.5	25
	chrVI	189542	0	0.5	25
	chrVI	189556	0	0.5	25
	chrVI	189565	1	0.5	25
	chrVI	189570	0	1.0	25
	chrVI	189577	0	0.5	25
	chrVI	189583	0	0.5	25
	chrVI	189587	1	0.5	25
	chrVI	189599	1	1.0	25
	chrVI	189602	1	1.0	25
	chrVI	189603	1	0.5	25
	chrVI	189611	0	0.5	25
	chrVI	189611	1	1.0	25
	chrVI	189616	0	1.0	25
	chrVI	189649	0	0.5	25
	chrVI	189662	1	0.5	25
	chrVI	189672	1	0.5	25
	chrVI	189679	1	0.5	25
	chrVI	189707	1	0.5	25
	chrVI	189708	1	1.0	25
	chrVI	189710	0	0.5	25
	chrVI	189765	1	1.0	25
	chrVI	189767	0	1.0	25
	chrVI	189772	0	0.5	25
	chrVI	189774	0	0.5	25
	chrVI	189778	1	0.5	25
	chrVI	189804	0	0.5	25
	chrVI	189814	0	0.5	25
	chrVI	189830	0	0.5	25
	chrVI	189832	1	0.5	25
	chrVI	189840	1	0.5	25
	chrVI	189845	1	0.5	25
	chrVI	189846	0	0.5	25
	chrVI	189864	0	0.5	25
	chrVI	189869	1	0.5	25
	chrVI	189879	0	0.5	25
	chrVI	189882	1	0.5	25
	chrVI	189913	1	0.5	25
	chrVI	189918	0	1.0	25
	chrVI	189931	1	0.5	25
	chrVI	189935	0	0.5	25
	chrVI	189937	0	0.5	25
	chrVI	189941	0	1.0	25
	chrVI	189975	1	0.5	25
	chrVI	189976	1	0.5	25
	chrVI	189978	0	0.5	25
	chrVI	189979	1	0.5	25
	chrVI	189981	1	0.5	25
	chrVI	189984	0	0.5	25
	chrVI	189992	1	0.5	25
	chrVI	189993	1	0.5	25
	chrVI	189998	1	0.5	25
	chrVI	190008	1	0.5	25
	chrVI	190019	1	0.5	25
	chrVI	190048	0	0.5	25
	chrVI	190059	1	0.5	25
	chrVI	190084	0	0.5	25
	chrVI	190104	0	0.5	25
	chrVI	190105	1	0.5	25
	chrVI	190129	0	0.5	25
	chrVI	190135	1	0.5	25
	chrVI	190142	1	0.5	25
	chrVI	190147	0	1.0	25
	chrVI	190153	1	0.5	25
	chrVI	190214	0	0.5	25
	chrVI	190258	0	0.5	25
	chrVI	190296	1	0.5	25
	chrVI	190300	0	0.5	25
	chrVI	190329	1	1.0	25
	chrVI	190330	0	1.0	25
	chrVI	190338	1	0.5	25
	chrVI	190383	1	0.5	25
	chrVI	190404	1	0.5	25
	chrVI	190425	0	0.5	25
	chrVI	190461	0	0.5	25
	chrVI	190478	0	0.5	25
	chrVI	190483	0	0.5	25
	chrVI	190485	0	0.5	25
	chrVI	190486	0	1.5	25
	chrVI	190534	0	0.5	25
	chrVI	190534	1	1.0	25
	chrVI	190536	1	0.5	25
	chrVI	190551	1	0.5	25
	chrVI	190553	0	0.5	25
	chrVI	190556	1	0.5	25
	chrVI	190570	1	0.5	25
	chrVI	190603	1	0.5	25
	chrVI	190607	1	0.5	25
	chrVI	190636	0	0.5	25
	chrVI	190646	1	1.5	25
	chrVI	190677	0	0.5	25
	chrVI	190724	0	0.5	25
	chrVI	190734	1	0.5	25
	chrVI	190737	0	0.5	25
	chrVI	190739	0	0.5	25
	chrVI	190739	1	0.5	25
	chrVI	190740	0	0.5	25
	chrVI	190741	0	0.5	25
	chrVI	190748	0	1.0	25
	chrVI	190769	1	0.5	25
	chrVI	190774	1	1.0	25
	chrVI	190781	1	0.5	25
	chrVI	190789	0	0.5	25
	chrVI	190796	1	0.5	25
	chrVI	190806	0	0.5	25
	chrVI	190817	1	1.0	25
	chrVI	190847	0	0.5	25
	chrVI	190863	1	0.5	25
	chrVI	190868	1	0.5	25
	chrVI	190884	1	0.5	25
	chrVI	190885	0	0.5	25
	chrVI	190897	0	0.5	25
	chrVI	190905	0	0.5	25
	chrVI	190935	0	0.5	25
	chrVI	190938	1	0.5	25
	chrVI	190939	1	0.5	25
	chrVI	190942	0	0.5	25
	chrVI	190948	0	0.5	25
	chrVI	190952	1	0.5	25
	chrVI	190991	1	0.5	25
	chrVI	191022	1	0.5	25
	chrVI	191047	0	1.0	25
	chrVI	191048	0	0.5	25
	chrVI	191077	0	0.5	25
	chrVI	191090	0	0.5	25
	chrVI	191092	1	0.5	25
	chrVI	191097	0	1.0	25
	chrVI	191102	1	0.5	25
	chrVI	191118	1	0.5	25
	chrVI	191119	0	1.0	25
	chrVI	191122	1	0.5	25
	chrVI	191137	0	1.0	25
	chrVI	191148	0	0.5	25
	chrVI	191152	1	0.5	24
	chrVI	191158	0	0.5	25
	chrVI	191166	0	0.5	25
	chrVI	191177	1	1.0	25
	chrVI	191200	0	0.5	25
	chrVI	191204	1	1.0	25
	chrVI	191207	0	0.5	25
	chrVI	191208	0	0.5	25
	chrVI	191208	1	0.5	25
	chrVI	191209	0	1.0	25
	chrVI	191213	0	0.5	25
	chrVI	191225	1	0.5	25
	chrVI	191253	1	0.5	25
	chrVI	191258	0	0.5	25
	chrVI	191261	1	0.5	25
	chrVI	191262	0	0.5	25
	chrVI	191265	1	0.5	25
	chrVI	191268	0	0.5	25
	chrVI	191272	1	0.5	25
	chrVI	191274	1	1.0	25
	chrVI	191276	1	0.5	25
	chrVI	191300	0	0.5	25
	chrVI	191322	0	0.5	25
	chrVI	191323	1	0.5	25
	chrVI	191324	1	1.0	25
	chrVI	191332	0	0.5	25
	chrVI	191356	0	0.5	25
	chrVI	191380	1	0.5	25
	chrVI	191385	1	0.5	25
	chrVI	191393	0	0.5	25
	chrVI	191407	1	0.5	25
	chrVI	191421	1	0.5	25
	chrVI	191423	0	0.5	25
	chrVI	191430	1	0.5	25
	chrVI	191438	1	1.0	25
	chrVI	191450	1	0.5	25
	chrVI	191457	0	1.0	25
	chrVI	191460	0	0.5	25
	chrVI	191466	0	1.0	25
	chrVI	191472	0	0.5	25
	chrVI	191475	0	2.5	25
	chrVI	191476	0	1.0	25
	chrVI	191476	1	0.5	25
	chrVI	191477	0	1.5	25
	chrVI	191478	0	4.5	25
	chrVI	191481	0	1.5	25
	chrVI	191483	0	0.5	25
	chrVI	191486	0	2.0	25
	chrVI	191487	0	0.5	25
	chrVI	191490	0	1.5	25
	chrVI	191500	0	0.5	25
	chrVI	191518	1	0.5	25
	chrVI	191519	1	1.0	25
	chrVI	191520	1	0.5	25
	chrVI	191523	1	1.0	25
	chrVI	191526	1	0.5	25
	chrVI	191551	1	1.5	25
	chrVI	191553	1	0.5	25
	chrVI	191557	1	3.5	25
	chrVI	191558	1	6.0	25
	chrVI	191560	1	0.5	25
	chrVI	191567	0	0.5	25
	chrVI	191569	1	0.5	25
	chrVI	191575	1	0.5	25
	chrVI	191577	1	0.5	25
	chrVI	191578	1	0.5	25
	chrVI	191592	1	1.0	25
	chrVI	191593	0	0.5	25
	chrVI	191635	0	0.5	25
	chrVI	191655	0	0.5	25
	chrVI	191669	1	1.0	25
	chrVI	191673	1	0.5	25
	chrVI	191674	1	0.5	25
	chrVI	191675	0	2.0	25
	chrVI	191707	1	0.5	25
	chrVI	191726	0	0.5	25
	chrVI	191754	1	0.5	25
	chrVI	191755	0	1.0	25
	chrVI	191762	0	0.5	25
	chrVI	191784	0	1.0	25
	chrVI	191834	0	1.0	25
	chrVI	191840	1	0.5	25
	chrVI	191842	1	0.5	25
	chrVI	191844	1	0.5	25
	chrVI	191850	0	0.5	25
	chrVI	191855	0	0.5	25
	chrVI	191856	1	1.0	25
	chrVI	191863	0	0.5	25
	chrVI	191876	1	1.0	25
	chrVI	191880	0	0.5	25
	chrVI	191884	0	0.5	25
	chrVI	191891	1	1.0	25
	chrVI	191893	0	0.5	25
	chrVI	191896	1	0.5	25
	chrVI	191931	1	0.5	25
	chrVI	191960	1	0.5	25
	chrVI	191975	0	0.5	25
	chrVI	191977	1	0.5	25
	chrVI	191982	1	0.5	25
	chrVI	191999	1	0.5	25
	chrVI	192024	0	0.5	25
	chrVI	192058	1	0.5	25
	chrVI	192060	1	0.5	25
	chrVI	192063	0	0.5	25
	chrVI	192090	1	0.5	25
	chrVI	192098	1	0.5	25
	chrVI	192117	0	1.0	25
	chrVI	192131	1	0.5	25
	chrVI	192136	0	0.5	25
	chrVI	192140	0	0.5	25
	chrVI	192141	0	0.5	25
	chrVI	192144	0	0.5	25
	chrVI	192151	0	0.5	25
	chrVI	192154	0	0.5	25
	chrVI	192171	1	0.5	25
	chrVI	192176	0	0.5	25
	chrVI	192182	1	0.5	25
	chrVI	192190	1	0.5	25
	chrVI	192195	1	0.5	25
	chrVI	192197	1	0.5	25
	chrVI	192214	1	0.5	25
	chrVI	192215	1	0.5	25
	chrVI	192230	0	1.0	25
	chrVI	192234	1	0.5	25
	chrVI	192241	1	0.5	25
	chrVI	192245	0	0.5	25
	chrVI	192253	0	0.5	25
	chrVI	192327	1	0.5	25
	chrVI	192354	1	1.0	25
	chrVI	192368	0	1.0	25
	chrVI	192416	0	0.5	25
	chrVI	192418	0	0.5	25
	chrVI	192423	1	0.5	24
	chrVI	192424	1	0.5	25
	chrVI	192440	1	1.0	25
	chrVI	192444	0	0.5	25
	chrVI	192465	0	0.5	25
	chrVI	192481	0	0.5	25
	chrVI	192495	1	0.5	25
	chrVI	192498	1	0.5	25
	chrVI	192527	1	0.5	25
	chrVI	192528	1	0.5	24
	chrVI	192534	1	0.5	25
	chrVI	192555	0	0.5	25
	chrVI	192570	0	0.5	25
	chrVI	192584	0	0.5	25
	chrVI	192650	0	0.5	25
	chrVI	192652	1	1.0	25
	chrVI	192686	1	0.5	25
	chrVI	192712	0	0.5	25
	chrVI	192728	0	0.5	25
	chrVI	192770	0	0.5	25
	chrVI	192809	1	0.5	25
	chrVI	192824	0	1.0	25
	chrVI	192825	0	0.5	25
	chrVI	192826	0	1.0	25
	chrVI	192857	0	0.5	25
	chrVI	192858	1	0.5	25
	chrVI	192868	1	0.5	25
	chrVI	192869	0	1.0	25
	chrVI	192875	0	0.5	25
	chrVI	192877	0	0.5	25
	chrVI	192885	1	1.0	25
	chrVI	192889	1	1.0	25
	chrVI	192935	0	0.5	25
	chrVI	192936	1	0.5	25
	chrVI	192939	0	0.5	25
	chrVI	192942	1	0.5	25
	chrVI	192947	1	0.5	25
	chrVI	192964	0	0.5	25
	chrVI	192973	0	0.5	25
	chrVI	192983	0	0.5	25
	chrVI	192994	1	0.5	25
	chrVI	193010	1	0.5	25
	chrVI	193015	1	0.5	25
	chrVI	193030	1	0.5	25
	chrVI	193042	0	1.0	25
	chrVI	193052	0	0.5	25
	chrVI	193062	1	0.5	25
	chrVI	193075	0	1.0	25
	chrVI	193083	1	0.5	25
	chrVI	193088	0	0.5	25
	chrVI	193098	1	0.5	25
	chrVI	193103	1	1.0	25
	chrVI	193107	0	0.5	25
	chrVI	193110	0	1.0	25
	chrVI	193128	0	0.5	25
	chrVI	193155	0	1.0	25
	chrVI	193177	1	0.5	25
	chrVI	193187	1	0.5	25
	chrVI	193189	1	1.0	25
	chrVI	193193	1	0.5	25
	chrVI	193200	1	0.5	25
	chrVI	193203	0	0.5	25
	chrVI	193207	1	0.5	25
	chrVI	193219	1	0.5	25
	chrVI	193227	1	0.5	25
	chrVI	193231	1	1.0	25
	chrVI	193232	0	0.5	25
	chrVI	193234	0	0.5	25
	chrVI	193243	0	0.5	25
	chrVI	193247	0	0.5	25
	chrVI	193261	0	1.0	25
	chrVI	193267	1	0.5	25
	chrVI	193270	0	0.5	25
	chrVI	193287	0	0.5	25
	chrVI	193294	1	0.5	25
	chrVI	193298	0	0.5	25
	chrVI	193298	1	0.5	25
	chrVI	193314	1	0.5	25
	chrVI	193315	0	0.5	25
	chrVI	193321	1	0.5	25
	chrVI	193328	0	0.5	25
	chrVI	193346	0	0.5	25
	chrVI	193348	0	0.5	25
	chrVI	193354	1	0.5	25
	chrVI	193371	1	0.5	25
	chrVI	193372	1	0.5	25
	chrVI	193396	1	1.0	25
	chrVI	193402	1	0.5	25
	chrVI	193404	0	0.5	25
	chrVI	193416	0	0.5	25
	chrVI	193420	0	0.5	25
	chrVI	193428	1	0.5	25
	chrVI	193443	0	0.5	25
	chrVI	193461	0	0.5	25
	chrVI	193461	1	0.5	25
	chrVI	193465	1	0.5	25
	chrVI	193472	1	0.5	25
	chrVI	193496	1	0.5	25
	chrVI	193504	0	0.5	25
	chrVI	193522	1	0.5	25
	chrVI	193523	0	0.5	25
	chrVI	193532	0	0.5	25
	chrVI	193541	1	0.5	25
	chrVI	193557	1	1.0	25
	chrVI	193570	0	1.0	25
	chrVI	193571	0	0.5	25
	chrVI	193579	1	0.5	25
	chrVI	193590	0	0.5	25
	chrVI	193619	1	0.5	25
	chrVI	193621	0	0.5	25
	chrVI	193626	1	0.5	25
	chrVI	193628	0	0.5	25
	chrVI	193648	0	1.0	25
	chrVI	193654	0	1.0	25
	chrVI	193659	1	0.5	25
	chrVI	193662	0	0.5	25
	chrVI	193664	0	0.5	25
	chrVI	193665	1	0.5	25
	chrVI	193668	0	0.5	25
	chrVI	193676	0	0.5	25
	chrVI	193688	0	0.5	25
	chrVI	193697	1	0.5	25
	chrVI	193702	0	0.5	25
	chrVI	193711	0	0.5	25
	chrVI	193714	1	0.5	25
	chrVI	193718	1	1.0	25
	chrVI	193726	0	1.0	25
	chrVI	193730	1	0.5	25
	chrVI	193734	1	0.5	25
	chrVI	193735	0	0.5	25
	chrVI	193736	1	0.5	24
	chrVI	193737	0	0.5	25
	chrVI	193737	1	0.5	25
	chrVI	193738	1	1.0	25
	chrVI	193743	0	0.5	25
	chrVI	193743	1	0.5	25
	chrVI	193750	0	0.5	25
	chrVI	193754	1	0.5	25
	chrVI	193771	1	0.5	25
	chrVI	193785	1	0.5	25
	chrVI	193798	1	0.5	25
	chrVI	193808	1	0.5	25
	chrVI	193814	0	0.5	25
	chrVI	193815	1	0.5	25
	chrVI	193816	0	1.0	25
	chrVI	193825	0	0.5	25
	chrVI	193826	0	0.5	25
	chrVI	193845	0	0.5	25
	chrVI	193882	1	1.5	25
	chrVI	193893	1	0.5	25
	chrVI	193901	0	0.5	25
	chrVI	193907	0	0.5	25
	chrVI	193907	1	0.5	25
	chrVI	193913	1	0.5	25
	chrVI	193927	0	1.0	25
	chrVI	193929	1	0.5	25
	chrVI	193930	0	0.5	25
	chrVI	193930	1	0.5	25
	chrVI	193934	0	0.5	25
	chrVI	193954	1	0.5	25
	chrVI	193956	0	0.5	25
	chrVI	193966	1	0.5	25
	chrVI	193974	1	0.5	25
	chrVI	193986	1	0.5	25
	chrVI	193999	0	0.5	25
	chrVI	193999	1	1.0	25
	chrVI	194002	1	0.5	25
	chrVI	194008	1	0.5	25
	chrVI	194018	1	0.5	25
	chrVI	194019	0	0.5	25
	chrVI	194047	0	0.5	25
	chrVI	194048	0	0.5	25
	chrVI	194052	1	0.5	25
	chrVI	194076	1	0.5	25
	chrVI	194110	0	0.5	25
	chrVI	194162	0	0.5	25
	chrVI	194169	1	0.5	25
	chrVI	194170	0	0.5	25
	chrVI	194179	1	0.5	25
	chrVI	194186	0	1.0	25
	chrVI	194197	0	0.5	25
	chrVI	194201	0	0.5	25
	chrVI	194208	0	0.5	25
	chrVI	194224	0	2.0	25
	chrVI	194239	0	0.5	25
	chrVI	194244	1	0.5	25
	chrVI	194249	1	0.5	25
	chrVI	194260	1	0.5	25
	chrVI	194262	0	0.5	25
	chrVI	194279	1	1.0	25
	chrVI	194286	1	0.5	25
	chrVI	194289	1	0.5	25
	chrVI	194311	1	0.5	25
	chrVI	194317	0	0.5	25
	chrVI	194333	1	0.5	25
	chrVI	194340	0	0.5	25
	chrVI	194368	0	0.5	25
	chrVI	194391	1	0.5	25
	chrVI	194399	0	1.0	25
	chrVI	194405	1	0.5	25
	chrVI	194407	1	0.5	25
	chrVI	194410	0	1.0	25
	chrVI	194414	0	0.5	25
	chrVI	194416	0	0.5	25
	chrVI	194417	0	0.5	25
	chrVI	194428	1	0.5	25
	chrVI	194429	0	0.5	25
	chrVI	194437	0	0.5	25
	chrVI	194458	1	1.0	25
	chrVI	194460	1	0.5	25
	chrVI	194465	0	0.5	25
	chrVI	194466	0	0.5	25
	chrVI	194467	0	0.5	25
	chrVI	194469	0	0.5	25
	chrVI	194479	0	0.5	25
	chrVI	194482	0	0.5	25
	chrVI	194485	0	0.5	25
	chrVI	194486	0	0.5	25
	chrVI	194494	1	0.5	25
	chrVI	194511	1	0.5	25
	chrVI	194519	0	0.5	25
	chrVI	194526	1	0.5	25
	chrVI	194543	1	0.5	25
	chrVI	194545	1	0.5	25
	chrVI	194546	1	0.5	25
	chrVI	194550	1	1.0	25
	chrVI	194567	0	0.5	25
	chrVI	194570	0	0.5	25
	chrVI	194570	1	0.5	25
	chrVI	194571	0	0.5	25
	chrVI	194571	1	0.5	25
	chrVI	194574	0	0.5	25
	chrVI	194576	1	2.5	25
	chrVI	194577	0	1.5	25
	chrVI	194578	0	0.5	25
	chrVI	194579	0	2.0	25
	chrVI	194580	0	1.5	25
	chrVI	194581	0	1.0	25
	chrVI	194583	0	3.0	25
	chrVI	194584	0	1.0	25
	chrVI	194590	0	4.0	25
	chrVI	194591	0	2.5	25
	chrVI	194592	0	1.0	25
	chrVI	194593	0	0.5	25
	chrVI	194595	0	0.5	25
	chrVI	194596	0	0.5	25
	chrVI	194597	0	1.5	25
	chrVI	194598	0	1.0	25
	chrVI	194604	0	0.5	25
	chrVI	194605	0	0.5	25
	chrVI	194606	0	1.0	25
	chrVI	194607	1	0.5	25
	chrVI	194620	0	0.5	25
	chrVI	194622	0	1.0	25
	chrVI	194624	1	0.5	25
	chrVI	194626	1	1.0	25
	chrVI	194627	0	1.0	25
	chrVI	194627	1	1.0	25
	chrVI	194628	0	1.0	25
	chrVI	194630	0	0.5	25
	chrVI	194630	1	0.5	25
	chrVI	194636	1	0.5	25
	chrVI	194641	1	0.5	25
	chrVI	194642	1	1.0	25
	chrVI	194643	1	3.0	25
	chrVI	194645	1	2.0	25
	chrVI	194646	1	1.5	25
	chrVI	194647	1	1.0	25
	chrVI	194648	0	1.5	25
	chrVI	194653	1	0.5	25
	chrVI	194655	1	2.0	25
	chrVI	194659	1	0.5	25
	chrVI	194662	1	1.0	25
	chrVI	194668	1	0.5	25
	chrVI	194669	1	1.5	25
	chrVI	194670	1	1.5	25
	chrVI	194671	1	0.5	25
	chrVI	194672	1	0.5	24
	chrVI	194672	1	1.0	25
	chrVI	194673	1	0.5	25
	chrVI	194674	1	0.5	25
	chrVI	194679	1	1.0	25
	chrVI	194680	1	4.5	25
	chrVI	194681	1	3.0	25
	chrVI	194682	0	0.5	25
	chrVI	194688	0	1.0	25
	chrVI	194690	1	0.5	25
	chrVI	194701	1	1.0	25
	chrVI	194720	0	0.5	25
	chrVI	194720	1	0.5	25
	chrVI	194744	0	0.5	25
	chrVI	194749	1	0.5	25
	chrVI	194762	0	1.0	25
	chrVI	194773	0	0.5	25
	chrVI	194791	1	0.5	25
	chrVI	194797	1	0.5	25
	chrVI	194821	1	1.0	25
	chrVI	194832	1	0.5	25
	chrVI	194834	1	0.5	25
	chrVI	194851	0	0.5	25
	chrVI	194852	0	1.5	25
	chrVI	194853	0	0.5	25
	chrVI	194856	0	0.5	25
	chrVI	194908	0	0.5	25
	chrVI	194921	1	0.5	25
	chrVI	194938	1	1.0	25
	chrVI	194951	1	0.5	25
	chrVI	194959	1	0.5	25
	chrVI	194969	0	0.5	25
	chrVI	195003	0	1.0	25
	chrVI	195022	1	0.5	25
	chrVI	195024	1	0.5	25
	chrVI	195028	0	1.0	25
	chrVI	195067	0	0.5	25
	chrVI	195077	1	0.5	25
	chrVI	195099	0	0.5	25
	chrVI	195119	0	0.5	25
	chrVI	195127	0	0.5	25
	chrVI	195155	0	0.5	25
	chrVI	195164	0	0.5	25
	chrVI	195173	0	0.5	25
	chrVI	195179	1	0.5	25
	chrVI	195187	1	0.5	25
	chrVI	195204	0	0.5	25
	chrVI	195218	1	1.0	25
	chrVI	195219	1	0.5	25
	chrVI	195227	0	1.0	25
	chrVI	195237	0	0.5	25
	chrVI	195241	0	0.5	25
	chrVI	195246	1	0.5	25
	chrVI	195276	1	0.5	25
	chrVI	195285	1	1.0	25
	chrVI	195286	1	0.5	25
	chrVI	195287	0	0.5	25
	chrVI	195301	0	0.5	25
	chrVI	195317	0	0.5	25
	chrVI	195329	1	1.0	25
	chrVI	195344	1	1.0	25
	chrVI	195361	1	0.5	25
	chrVI	195383	1	1.5	25
	chrVI	195384	1	0.5	25
	chrVI	195401	0	0.5	25
	chrVI	195460	1	0.5	25
	chrVI	195461	0	0.5	25
	chrVI	195505	0	0.5	25
	chrVI	195522	0	0.5	25
	chrVI	195533	1	0.5	25
	chrVI	195544	0	0.5	25
	chrVI	195550	0	1.0	25
	chrVI	195554	0	0.5	25
	chrVI	195584	1	0.5	25
	chrVI	195588	1	0.5	25
	chrVI	195595	0	0.5	25
	chrVI	195627	0	1.0	25
	chrVI	195629	1	0.5	25
	chrVI	195635	0	0.5	25
	chrVI	195649	0	0.5	25
	chrVI	195659	1	0.5	25
	chrVI	195685	0	0.5	25
	chrVI	195687	1	0.5	25
	chrVI	195702	1	1.5	25
	chrVI	195724	1	1.0	25
	chrVI	195729	1	0.5	25
	chrVI	195765	0	1.0	25
	chrVI	195767	0	0.5	25
	chrVI	195795	0	0.5	25
	chrVI	195833	1	0.5	25
	chrVI	195836	1	1.0	25
	chrVI	195838	1	0.5	25
	chrVI	195858	1	0.5	25
	chrVI	195860	0	0.5	25
	chrVI	195893	0	0.5	25
	chrVI	195902	0	0.5	25
	chrVI	195913	1	0.5	25
	chrVI	195948	0	0.5	25
	chrVI	195961	1	0.5	25
	chrVI	195962	1	0.5	25
	chrVI	195972	0	0.5	25
	chrVI	195979	0	0.5	25
	chrVI	195985	0	0.5	25
	chrVI	196018	0	0.5	25
	chrVI	196028	0	0.5	25
	chrVI	196050	1	0.5	25
	chrVI	196057	1	0.5	25
	chrVI	196060	0	0.5	25
	chrVI	196066	1	0.5	25
	chrVI	196076	0	1.0	25
	chrVI	196094	0	0.5	25
	chrVI	196102	0	1.0	25
	chrVI	196103	0	0.5	25
	chrVI	196114	0	0.5	25
	chrVI	196122	0	1.0	25
	chrVI	196126	1	0.5	25
	chrVI	196127	1	0.5	25
	chrVI	196167	1	0.5	25
	chrVI	196180	1	1.0	25
	chrVI	196181	0	0.5	25
	chrVI	196189	1	0.5	25
	chrVI	196193	1	1.0	25
	chrVI	196199	0	0.5	25
	chrVI	196232	1	0.5	25
	chrVI	196240	0	0.5	25
	chrVI	196245	0	0.5	25
	chrVI	196247	1	0.5	25
	chrVI	196251	1	0.5	25
	chrVI	196252	1	0.5	25
	chrVI	196253	1	1.0	25
	chrVI	196286	0	0.5	25
	chrVI	196294	0	0.5	25
	chrVI	196296	0	1.0	25
	chrVI	196312	0	0.5	25
	chrVI	196317	0	1.0	25
	chrVI	196346	1	1.0	25
	chrVI	196361	1	0.5	25
	chrVI	196367	0	0.5	25
	chrVI	196374	0	0.5	25
	chrVI	196376	0	0.5	25
	chrVI	196394	0	0.5	25
	chrVI	196399	0	0.5	25
	chrVI	196401	0	0.5	25
	chrVI	196405	1	0.5	25
	chrVI	196406	1	0.5	25
	chrVI	196409	0	0.5	25
	chrVI	196409	1	0.5	25
	chrVI	196424	0	0.5	25
	chrVI	196424	1	0.5	25
	chrVI	196443	1	0.5	25
	chrVI	196445	1	1.0	25
	chrVI	196448	0	0.5	25
	chrVI	196453	1	1.0	25
	chrVI	196455	1	0.5	25
	chrVI	196456	0	1.0	25
	chrVI	196462	0	0.5	25
	chrVI	196466	1	0.5	25
	chrVI	196469	0	2.0	25
	chrVI	196471	0	0.5	25
	chrVI	196476	0	0.5	25
	chrVI	196487	1	0.5	25
	chrVI	196495	0	0.5	25
	chrVI	196502	0	0.5	25
	chrVI	196506	1	1.0	25
	chrVI	196507	0	0.5	25
	chrVI	196508	1	0.5	25
	chrVI	196510	1	0.5	25
	chrVI	196520	1	0.5	25
	chrVI	196540	1	0.5	25
	chrVI	196546	0	0.5	25
	chrVI	196556	1	0.5	25
	chrVI	196562	1	0.5	25
	chrVI	196565	0	0.5	25
	chrVI	196567	1	0.5	25
	chrVI	196605	0	1.0	25
	chrVI	196610	1	0.5	25
	chrVI	196620	0	0.5	25
	chrVI	196620	1	0.5	25
	chrVI	196629	0	0.5	25
	chrVI	196637	1	0.5	25
	chrVI	196647	0	0.5	25
	chrVI	196660	1	0.5	25
	chrVI	196673	1	1.5	25
	chrVI	196674	0	1.0	25
	chrVI	196680	1	0.5	25
	chrVI	196681	0	0.5	25
	chrVI	196681	1	0.5	25
	chrVI	196689	1	0.5	25
	chrVI	196692	0	1.0	25
	chrVI	196696	1	0.5	25
	chrVI	196719	0	0.5	25
	chrVI	196734	1	1.0	25
	chrVI	196735	0	0.5	25
	chrVI	196746	1	0.5	25
	chrVI	196747	0	0.5	25
	chrVI	196749	0	0.5	25
	chrVI	196763	0	0.5	25
	chrVI	196773	1	0.5	25
	chrVI	196775	1	0.5	25
	chrVI	196778	1	1.0	25
	chrVI	196790	0	0.5	25
	chrVI	196805	1	0.5	25
	chrVI	196809	1	0.5	25
	chrVI	196810	1	0.5	25
	chrVI	196816	1	0.5	25
	chrVI	196817	1	0.5	25
	chrVI	196823	0	0.5	25
	chrVI	196836	1	0.5	25
	chrVI	196853	0	0.5	25
	chrVI	196859	1	0.5	25
	chrVI	196861	0	0.5	25
	chrVI	196883	1	0.5	25
	chrVI	196885	0	0.5	25
	chrVI	196934	1	0.5	25
	chrVI	196970	0	0.5	25
	chrVI	196980	1	0.5	25
	chrVI	197008	1	0.5	25
	chrVI	197009	0	0.5	25
	chrVI	197040	0	0.5	25
	chrVI	197049	0	0.5	25
	chrVI	197049	1	0.5	25
	chrVI	197099	0	0.5	25
	chrVI	197107	1	0.5	25
	chrVI	197118	0	0.5	25
	chrVI	197133	0	0.5	25
	chrVI	197133	1	0.5	25
	chrVI	197138	0	0.5	25
	chrVI	197145	1	0.5	25
	chrVI	197198	1	0.5	25
	chrVI	197204	1	0.5	25
	chrVI	197217	1	0.5	25
	chrVI	197220	0	0.5	25
	chrVI	197253	0	0.5	25
	chrVI	197264	0	0.5	25
	chrVI	197289	1	0.5	25
	chrVI	197297	1	0.5	25
	chrVI	197302	1	0.5	25
	chrVI	197303	0	0.5	25
	chrVI	197331	0	1.5	25
	chrVI	197362	1	0.5	25
	chrVI	197379	0	0.5	25
	chrVI	197382	1	0.5	25
	chrVI	197395	1	1.5	25
	chrVI	197409	0	0.5	25
	chrVI	197424	1	0.5	25
	chrVI	197432	0	0.5	25
	chrVI	197473	1	0.5	25
	chrVI	197518	1	0.5	25
	chrVI	197520	0	0.5	25
	chrVI	197529	0	0.5	25
	chrVI	197561	0	0.5	25
	chrVI	197566	0	0.5	25
	chrVI	197573	0	0.5	25
	chrVI	197579	0	0.5	25
	chrVI	197590	1	0.5	25
	chrVI	197604	0	0.5	25
	chrVI	197621	1	0.5	25
	chrVI	197646	1	1.0	25
	chrVI	197656	0	0.5	25
	chrVI	197656	1	1.0	25
	chrVI	197659	1	0.5	25
	chrVI	197767	0	0.5	25
	chrVI	197787	1	0.5	25
	chrVI	197817	0	0.5	25
	chrVI	197860	0	0.5	25
	chrVI	197865	0	0.5	25
	chrVI	197869	0	1.0	25
	chrVI	197887	0	0.5	25
	chrVI	197912	1	0.5	25
	chrVI	197918	0	0.5	25
	chrVI	197937	1	1.0	25
	chrVI	197941	1	0.5	25
	chrVI	197946	0	0.5	25
	chrVI	197946	1	0.5	25
	chrVI	197953	0	0.5	25
	chrVI	197983	1	0.5	25
	chrVI	197998	1	0.5	25
	chrVI	198039	1	0.5	25
	chrVI	198052	0	0.5	25
	chrVI	198054	0	0.5	25
	chrVI	198058	1	0.5	25
	chrVI	198072	0	0.5	25
	chrVI	198075	1	0.5	25
	chrVI	198112	1	0.5	25
	chrVI	198113	0	0.5	25
	chrVI	198136	0	0.5	25
	chrVI	198170	1	0.5	25
	chrVI	198193	0	0.5	25
	chrVI	198203	1	0.5	25
	chrVI	198244	1	1.0	25
	chrVI	198252	0	0.5	25
	chrVI	198292	0	0.5	25
	chrVI	198329	1	0.5	25
	chrVI	198335	1	0.5	25
	chrVI	198338	1	0.5	25
	chrVI	198453	0	0.5	25
	chrVI	198463	0	0.5	25
	chrVI	198496	0	0.5	25
	chrVI	198527	1	0.5	25
	chrVI	198547	1	0.5	25
	chrVI	198548	0	0.5	25
	chrVI	198569	1	0.5	25
	chrVI	198622	1	0.5	25
	chrVI	198634	0	0.5	25
	chrVI	198647	0	0.5	25
	chrVI	198690	1	0.5	25
	chrVI	198696	0	0.5	25
	chrVI	198728	0	0.5	25
	chrVI	198740	1	0.5	25
	chrVI	198779	0	0.5	25
	chrVI	198782	1	0.5	25
	chrVI	198798	0	0.5	25
	chrVI	198803	0	0.5	25
	chrVI	198829	0	0.5	25
	chrVI	198849	0	0.5	25
	chrVI	198857	1	0.5	25
	chrVI	198861	0	0.5	25
	chrVI	198868	1	0.5	25
	chrVI	198870	1	0.5	25
	chrVI	198882	0	0.5	25
	chrVI	198884	0	0.5	25
	chrVI	198899	0	1.0	25
	chrVI	198903	0	0.5	25
	chrVI	198920	1	0.5	25
	chrVI	198931	1	0.5	25
	chrVI	198933	0	0.5	25
	chrVI	198942	0	0.5	25
	chrVI	198951	1	0.5	25
	chrVI	198980	1	0.5	25
	chrVI	198988	1	0.5	25
	chrVI	199016	1	0.5	25
	chrVI	199018	0	0.5	25
	chrVI	199041	0	0.5	25
	chrVI	199043	0	0.5	25
	chrVI	199073	0	0.5	25
	chrVI	199077	1	0.5	25
	chrVI	199092	1	0.5	25
	chrVI	199094	1	0.5	25
	chrVI	199099	0	1.0	25
	chrVI	199117	1	0.5	25
	chrVI	199123	1	0.5	25
	chrVI	199131	1	0.5	25
	chrVI	199147	1	0.5	25
	chrVI	199150	0	0.5	25
	chrVI	199152	0	0.5	25
	chrVI	199170	0	0.5	25
	chrVI	199183	0	0.5	25
	chrVI	199186	0	0.5	25
	chrVI	199193	0	0.5	25
	chrVI	199197	0	1.0	25
	chrVI	199199	1	0.5	25
	chrVI	199203	0	1.0	25
	chrVI	199219	1	0.5	25
	chrVI	199221	1	0.5	25
	chrVI	199222	0	0.5	25
	chrVI	199233	1	1.5	25
	chrVI	199236	0	0.5	25
	chrVI	199244	1	1.0	25
	chrVI	199250	0	0.5	25
	chrVI	199254	1	0.5	25
	chrVI	199259	1	0.5	25
	chrVI	199264	0	0.5	25
	chrVI	199264	1	0.5	25
	chrVI	199272	0	0.5	25
	chrVI	199279	0	0.5	25
	chrVI	199281	1	0.5	25
	chrVI	199282	1	1.0	25
	chrVI	199284	0	0.5	25
	chrVI	199285	0	0.5	25
	chrVI	199285	1	0.5	25
	chrVI	199301	1	0.5	25
	chrVI	199321	0	0.5	25
	chrVI	199341	0	0.5	25
	chrVI	199346	1	0.5	25
	chrVI	199351	1	0.5	25
	chrVI	199353	1	0.5	25
	chrVI	199365	1	0.5	25
	chrVI	199387	1	0.5	25
	chrVI	199391	1	0.5	25
	chrVI	199394	0	0.5	25
	chrVI	199395	0	0.5	25
	chrVI	199399	0	1.0	25
	chrVI	199401	0	0.5	25
	chrVI	199402	1	0.5	25
	chrVI	199410	0	1.0	25
	chrVI	199410	1	0.5	25
	chrVI	199421	0	0.5	25
	chrVI	199422	0	0.5	25
	chrVI	199429	0	0.5	25
	chrVI	199450	0	0.5	25
	chrVI	199454	0	0.5	25
	chrVI	199455	1	1.0	25
	chrVI	199456	0	1.0	25
	chrVI	199459	0	0.5	25
	chrVI	199461	0	0.5	25
	chrVI	199461	1	0.5	25
	chrVI	199462	0	0.5	25
	chrVI	199475	1	0.5	25
	chrVI	199490	1	1.5	25
	chrVI	199499	1	0.5	25
	chrVI	199503	0	0.5	25
	chrVI	199514	1	0.5	25
	chrVI	199515	0	1.5	25
	chrVI	199515	1	1.5	25
	chrVI	199521	1	1.0	25
	chrVI	199523	1	0.5	25
	chrVI	199529	1	0.5	25
	chrVI	199533	0	0.5	25
	chrVI	199545	0	0.5	25
	chrVI	199548	0	1.5	25
	chrVI	199564	0	0.5	25
	chrVI	199569	1	1.0	25
	chrVI	199573	1	0.5	25
	chrVI	199590	1	0.5	25
	chrVI	199594	0	0.5	25
	chrVI	199595	0	0.5	25
	chrVI	199597	1	0.5	25
	chrVI	199603	1	0.5	25
	chrVI	199616	0	0.5	25
	chrVI	199619	1	0.5	25
	chrVI	199621	0	1.0	25
	chrVI	199622	0	0.5	25
	chrVI	199623	0	0.5	25
	chrVI	199633	0	0.5	25
	chrVI	199638	1	0.5	25
	chrVI	199642	1	1.0	25
	chrVI	199669	1	0.5	25
	chrVI	199672	1	0.5	25
	chrVI	199679	0	0.5	25
	chrVI	199681	1	0.5	25
	chrVI	199682	1	0.5	25
	chrVI	199685	1	0.5	25
	chrVI	199687	1	0.5	25
	chrVI	199691	0	1.0	25
	chrVI	199703	1	0.5	25
	chrVI	199730	0	0.5	25
	chrVI	199745	1	1.0	25
	chrVI	199746	0	1.0	25
	chrVI	199763	1	0.5	25
	chrVI	199764	0	0.5	25
	chrVI	199773	0	0.5	25
	chrVI	199775	1	0.5	25
	chrVI	199784	0	0.5	25
	chrVI	199792	1	0.5	25
	chrVI	199798	1	1.0	25
	chrVI	199853	1	0.5	25
	chrVI	199864	1	0.5	25
	chrVI	199865	0	0.5	25
	chrVI	199873	1	0.5	25
	chrVI	199882	0	0.5	25
	chrVI	199884	0	0.5	25
	chrVI	199904	1	0.5	25
	chrVI	199922	0	0.5	25
	chrVI	199924	1	0.5	25
	chrVI	199954	1	0.5	25
	chrVI	199975	1	0.5	25
	chrVI	199983	0	0.5	25
	chrVI	200005	0	0.5	25
	chrVI	200020	1	0.5	25
	chrVI	200025	0	1.0	25
	chrVI	200057	0	0.5	25
	chrVI	200073	1	0.5	25
	chrVI	200074	0	0.5	25
	chrVI	200101	1	1.0	25
	chrVI	200120	1	0.5	25
	chrVI	200121	0	0.5	25
	chrVI	200143	1	0.5	25
	chrVI	200158	0	0.5	25
	chrVI	200227	1	0.5	25
	chrVI	200229	1	0.5	25
	chrVI	200231	0	0.5	25
	chrVI	200234	0	0.5	25
	chrVI	200259	0	0.5	25
	chrVI	200275	0	0.5	25
	chrVI	200285	0	0.5	25
	chrVI	200311	1	0.5	25
	chrVI	200319	0	0.5	25
	chrVI	200319	1	0.5	25
	chrVI	200336	0	1.0	25
	chrVI	200345	1	0.5	25
	chrVI	200365	1	1.0	25
	chrVI	200396	0	0.5	25
	chrVI	200397	0	0.5	25
	chrVI	200402	1	1.0	25
	chrVI	200410	1	0.5	25
	chrVI	200411	0	0.5	25
	chrVI	200412	0	0.5	25
	chrVI	200439	1	0.5	25
	chrVI	200464	1	0.5	25
	chrVI	200468	1	1.0	25
	chrVI	200469	0	0.5	25
	chrVI	200491	1	0.5	25
	chrVI	200514	0	0.5	25
	chrVI	200522	0	0.5	25
	chrVI	200528	0	0.5	25
	chrVI	200529	1	0.5	25
	chrVI	200532	0	0.5	25
	chrVI	200572	0	0.5	25
	chrVI	200575	1	0.5	25
	chrVI	200587	1	0.5	25
	chrVI	200590	0	0.5	25
	chrVI	200603	1	0.5	25
	chrVI	200617	0	0.5	25
	chrVI	200639	1	0.5	25
	chrVI	200683	0	0.5	25
	chrVI	200686	0	0.5	25
	chrVI	200695	1	0.5	25
	chrVI	200707	0	1.0	25
	chrVI	200720	1	0.5	25
	chrVI	200746	1	0.5	25
	chrVI	200747	0	0.5	25
	chrVI	200753	0	0.5	25
	chrVI	200765	1	0.5	25
	chrVI	200771	0	0.5	25
	chrVI	200775	0	0.5	25
	chrVI	200778	1	0.5	25
	chrVI	200785	1	0.5	25
	chrVI	200787	1	0.5	25
	chrVI	200831	0	0.5	25
	chrVI	200837	1	0.5	25
	chrVI	200860	1	0.5	25
	chrVI	200874	1	0.5	25
	chrVI	200875	1	0.5	25
	chrVI	200889	0	0.5	25
	chrVI	200897	1	0.5	25
	chrVI	200902	0	0.5	25
	chrVI	200927	0	0.5	25
	chrVI	200933	0	0.5	25
	chrVI	200961	0	0.5	25
	chrVI	200969	0	0.5	25
	chrVI	200969	1	0.5	25
	chrVI	200972	0	0.5	25
	chrVI	200984	1	0.5	25
	chrVI	200989	0	0.5	25
	chrVI	200996	0	0.5	25
	chrVI	201012	0	0.5	24
	chrVI	201029	1	0.5	25
	chrVI	201031	1	1.0	25
	chrVI	201034	0	0.5	25
	chrVI	201042	1	0.5	25
	chrVI	201045	0	0.5	25
	chrVI	201046	1	0.5	25
	chrVI	201048	1	0.5	25
	chrVI	201053	0	0.5	25
	chrVI	201089	1	0.5	25
	chrVI	201101	1	0.5	25
	chrVI	201108	1	0.5	25
	chrVI	201117	0	0.5	25
	chrVI	201121	0	0.5	25
	chrVI	201128	0	0.5	25
	chrVI	201146	0	1.0	25
	chrVI	201147	1	1.0	25
	chrVI	201170	0	0.5	25
	chrVI	201176	1	0.5	25
	chrVI	201229	1	1.0	25
	chrVI	201231	1	0.5	25
	chrVI	201237	0	0.5	25
	chrVI	201248	0	0.5	25
	chrVI	201260	0	0.5	25
	chrVI	201274	1	0.5	25
	chrVI	201281	0	0.5	25
	chrVI	201285	0	0.5	25
	chrVI	201298	1	0.5	25
	chrVI	201314	0	0.5	25
	chrVI	201325	1	0.5	25
	chrVI	201330	1	0.5	25
	chrVI	201331	0	0.5	25
	chrVI	201334	1	0.5	25
	chrVI	201357	0	0.5	25
	chrVI	201361	0	0.5	25
	chrVI	201363	0	0.5	25
	chrVI	201380	0	0.5	25
	chrVI	201380	1	0.5	25
	chrVI	201382	1	0.5	25
	chrVI	201409	0	0.5	25
	chrVI	201414	1	0.5	25
	chrVI	201448	0	0.5	25
	chrVI	201449	0	0.5	25
	chrVI	201451	1	0.5	25
	chrVI	201452	1	0.5	25
	chrVI	201466	1	0.5	25
	chrVI	201471	1	0.5	25
	chrVI	201509	0	0.5	25
	chrVI	201520	1	0.5	25
	chrVI	201525	0	0.5	25
	chrVI	201538	0	0.5	25
	chrVI	201556	0	0.5	25
	chrVI	201568	1	0.5	25
	chrVI	201569	1	0.5	25
	chrVI	201579	1	0.5	25
	chrVI	201604	1	0.5	25
	chrVI	201621	1	0.5	25
	chrVI	201627	0	0.5	25
	chrVI	201634	0	0.5	25
	chrVI	201656	0	0.5	25
	chrVI	201657	1	0.5	25
	chrVI	201660	0	0.5	25
	chrVI	201673	0	0.5	25
	chrVI	201683	0	0.5	25
	chrVI	201691	1	0.5	25
	chrVI	201700	1	0.5	25
	chrVI	201703	1	0.5	25
	chrVI	201709	0	0.5	25
	chrVI	201717	1	0.5	25
	chrVI	201723	0	0.5	25
	chrVI	201727	1	0.5	25
	chrVI	201740	1	0.5	25
	chrVI	201743	1	0.5	25
	chrVI	201746	0	0.5	25
	chrVI	201769	0	1.0	25
	chrVI	201775	1	0.5	25
	chrVI	201789	1	0.5	25
	chrVI	201796	0	0.5	25
	chrVI	201801	0	0.5	25
	chrVI	201814	0	0.5	25
	chrVI	201825	0	0.5	25
	chrVI	201827	1	0.5	25
	chrVI	201830	0	0.5	25
	chrVI	201839	0	0.5	25
	chrVI	201845	1	0.5	25
	chrVI	201857	0	0.5	25
	chrVI	201857	1	0.5	25
	chrVI	201858	0	1.0	25
	chrVI	201858	1	0.5	25
	chrVI	201863	0	0.5	25
	chrVI	201865	0	0.5	25
	chrVI	201870	0	0.5	25
	chrVI	201872	1	0.5	25
	chrVI	201894	0	0.5	25
	chrVI	201897	0	0.5	25
	chrVI	201904	0	0.5	25
	chrVI	201909	0	0.5	25
	chrVI	201910	0	0.5	25
	chrVI	201923	0	0.5	25
	chrVI	201930	1	0.5	25
	chrVI	201932	1	1.0	25
	chrVI	201935	1	0.5	25
	chrVI	201936	1	1.0	25
	chrVI	201949	1	0.5	25
	chrVI	201952	1	0.5	25
	chrVI	201966	1	0.5	25
	chrVI	201969	0	0.5	25
	chrVI	201989	1	0.5	25
	chrVI	201990	1	0.5	25
	chrVI	201995	1	0.5	25
	chrVI	202003	1	0.5	25
	chrVI	202007	0	0.5	25
	chrVI	202039	0	0.5	25
	chrVI	202050	1	1.0	25
	chrVI	202057	1	0.5	25
	chrVI	202089	0	0.5	25
	chrVI	202090	0	0.5	25
	chrVI	202112	1	0.5	25
	chrVI	202118	0	0.5	25
	chrVI	202121	1	0.5	25
	chrVI	202137	0	0.5	25
	chrVI	202137	1	0.5	25
	chrVI	202140	1	0.5	25
	chrVI	202152	1	0.5	25
	chrVI	202173	0	0.5	25
	chrVI	202175	0	0.5	25
	chrVI	202194	0	0.5	25
	chrVI	202212	1	0.5	25
	chrVI	202213	0	0.5	25
	chrVI	202218	0	0.5	25
	chrVI	202258	1	0.5	25
	chrVI	202259	1	0.5	25
	chrVI	202267	0	1.0	25
	chrVI	202280	1	0.5	25
	chrVI	202281	0	0.5	25
	chrVI	202283	1	0.5	25
	chrVI	202292	1	0.5	25
	chrVI	202293	0	0.5	25
	chrVI	202322	1	1.0	25
	chrVI	202334	1	0.5	25
	chrVI	202364	0	0.5	25
	chrVI	202444	1	0.5	25
	chrVI	202461	1	0.5	25
	chrVI	202485	0	0.5	25
	chrVI	202485	1	0.5	25
	chrVI	202522	0	0.5	25
	chrVI	202608	1	0.5	25
	chrVI	202618	1	0.5	25
	chrVI	202634	0	1.0	25
	chrVI	202638	0	0.5	25
	chrVI	202692	0	1.0	25
	chrVI	202702	0	0.5	25
	chrVI	202766	1	1.0	25
	chrVI	202786	1	0.5	25
	chrVI	202807	0	0.5	25
	chrVI	202814	1	0.5	25
	chrVI	202818	1	1.0	25
	chrVI	202867	0	0.5	25
	chrVI	202873	0	0.5	25
	chrVI	202874	1	0.5	25
	chrVI	202947	1	0.5	25
	chrVI	202949	0	0.5	25
	chrVI	202962	0	1.0	25
	chrVI	202966	0	0.5	25
	chrVI	202976	0	0.5	25
	chrVI	202992	0	1.0	25
	chrVI	203020	0	0.5	25
	chrVI	203025	1	0.5	25
	chrVI	203027	1	0.5	25
	chrVI	203035	1	0.5	25
	chrVI	203037	1	0.5	25
	chrVI	203040	1	0.5	25
	chrVI	203042	1	1.0	25
	chrVI	203048	0	0.5	25
	chrVI	203085	1	0.5	25
	chrVI	203110	1	0.5	25
	chrVI	203137	0	0.5	25
	chrVI	203156	1	0.5	25
	chrVI	203186	0	0.5	25
	chrVI	203220	1	0.5	25
	chrVI	203222	0	0.5	25
	chrVI	203279	0	1.0	25
	chrVI	203292	0	0.5	25
	chrVI	203304	1	0.5	25
	chrVI	203309	1	0.5	25
	chrVI	203318	0	1.0	25
	chrVI	203321	0	0.5	25
	chrVI	203327	0	1.0	25
	chrVI	203328	0	0.5	25
	chrVI	203338	0	0.5	25
	chrVI	203343	1	0.5	25
	chrVI	203347	1	0.5	25
	chrVI	203351	0	0.5	25
	chrVI	203354	0	0.5	25
	chrVI	203380	1	0.5	25
	chrVI	203383	1	0.5	25
	chrVI	203384	0	0.5	25
	chrVI	203393	1	0.5	25
	chrVI	203400	0	1.0	25
	chrVI	203400	1	0.5	25
	chrVI	203421	1	0.5	25
	chrVI	203425	1	0.5	25
	chrVI	203428	0	0.5	25
	chrVI	203441	1	0.5	25
	chrVI	203456	0	0.5	25
	chrVI	203463	0	1.0	25
	chrVI	203481	1	0.5	25
	chrVI	203482	0	0.5	25
	chrVI	203483	1	0.5	25
	chrVI	203492	0	0.5	25
	chrVI	203493	0	1.5	25
	chrVI	203493	1	0.5	25
	chrVI	203499	1	0.5	25
	chrVI	203503	1	0.5	25
	chrVI	203505	1	0.5	25
	chrVI	203510	0	1.0	25
	chrVI	203510	1	0.5	25
	chrVI	203511	0	0.5	25
	chrVI	203513	0	0.5	25
	chrVI	203521	0	0.5	25
	chrVI	203522	0	0.5	25
	chrVI	203525	0	1.0	25
	chrVI	203528	0	0.5	25
	chrVI	203531	0	0.5	25
	chrVI	203535	1	1.0	25
	chrVI	203537	0	1.5	25
	chrVI	203539	0	0.5	25
	chrVI	203556	1	0.5	25
	chrVI	203570	1	1.0	25
	chrVI	203573	1	2.0	25
	chrVI	203574	0	0.5	25
	chrVI	203575	0	1.0	25
	chrVI	203582	1	1.0	25
	chrVI	203585	0	1.0	25
	chrVI	203585	1	1.0	25
	chrVI	203597	1	0.5	25
	chrVI	203598	0	0.5	25
	chrVI	203609	1	1.0	25
	chrVI	203616	0	0.5	25
	chrVI	203616	1	0.5	25
	chrVI	203628	1	0.5	25
	chrVI	203631	1	0.5	25
	chrVI	203633	0	0.5	25
	chrVI	203636	1	1.5	25
	chrVI	203641	1	0.5	25
	chrVI	203651	0	0.5	25
	chrVI	203657	1	0.5	25
	chrVI	203663	0	0.5	25
	chrVI	203697	1	0.5	25
	chrVI	203726	0	0.5	25
	chrVI	203728	1	0.5	25
	chrVI	203740	0	0.5	25
	chrVI	203743	1	0.5	24
	chrVI	203744	1	0.5	25
	chrVI	203746	1	0.5	25
	chrVI	203747	1	0.5	25
	chrVI	203749	0	1.5	25
	chrVI	203750	0	0.5	25
	chrVI	203751	0	1.0	25
	chrVI	203754	0	0.5	25
	chrVI	203757	1	1.0	25
	chrVI	203797	1	1.0	25
	chrVI	203822	0	0.5	25
	chrVI	203822	1	1.0	25
	chrVI	203823	1	0.5	25
	chrVI	203829	0	0.5	25
	chrVI	203832	1	0.5	25
	chrVI	203834	1	0.5	25
	chrVI	203835	1	0.5	25
	chrVI	203860	0	0.5	25
	chrVI	203866	1	0.5	25
	chrVI	203867	0	0.5	25
	chrVI	203874	0	0.5	25
	chrVI	203875	1	0.5	25
	chrVI	203888	0	0.5	25
	chrVI	203891	0	1.0	25
	chrVI	203902	0	0.5	25
	chrVI	203930	1	0.5	25
	chrVI	203931	1	0.5	25
	chrVI	203933	0	1.0	25
	chrVI	203951	1	0.5	25
	chrVI	203952	1	0.5	25
	chrVI	203970	0	0.5	25
	chrVI	203982	1	0.5	25
	chrVI	204010	0	0.5	25
	chrVI	204013	1	1.5	25
	chrVI	204017	1	0.5	25
	chrVI	204019	1	0.5	25
	chrVI	204046	1	0.5	25
	chrVI	204079	1	0.5	25
	chrVI	204087	0	1.0	25
	chrVI	204127	0	0.5	25
	chrVI	204147	0	0.5	25
	chrVI	204160	0	0.5	25
	chrVI	204172	1	1.0	25
	chrVI	204175	0	0.5	25
	chrVI	204183	0	0.5	25
	chrVI	204191	1	0.5	25
	chrVI	204196	1	0.5	25
	chrVI	204218	1	0.5	25
	chrVI	204255	1	0.5	25
	chrVI	204280	1	0.5	25
	chrVI	204326	0	0.5	25
	chrVI	204342	0	0.5	25
	chrVI	204343	0	0.5	25
	chrVI	204365	0	0.5	25
	chrVI	204376	0	0.5	25
	chrVI	204385	1	0.5	25
	chrVI	204386	0	0.5	25
	chrVI	204387	1	0.5	25
	chrVI	204395	1	0.5	25
	chrVI	204419	1	0.5	25
	chrVI	204430	0	1.0	25
	chrVI	204438	1	0.5	25
	chrVI	204452	0	0.5	25
	chrVI	204459	0	0.5	25
	chrVI	204459	1	0.5	25
	chrVI	204494	1	0.5	25
	chrVI	204510	0	0.5	25
	chrVI	204512	1	0.5	25
	chrVI	204524	1	0.5	25
	chrVI	204564	0	0.5	25
	chrVI	204586	1	0.5	25
	chrVI	204606	1	0.5	25
	chrVI	204621	0	0.5	25
	chrVI	204626	1	0.5	25
	chrVI	204637	0	0.5	25
	chrVI	204639	0	0.5	23
	chrVI	204661	0	0.5	25
	chrVI	204696	1	0.5	25
	chrVI	204717	1	1.0	25
	chrVI	204801	0	0.5	25
	chrVI	204808	0	0.5	25
	chrVI	204829	0	0.5	25
	chrVI	204837	1	0.5	25
	chrVI	204854	0	0.5	25
	chrVI	204855	0	0.5	25
	chrVI	204868	0	0.5	25
	chrVI	204882	0	0.5	25
	chrVI	204882	1	0.5	25
	chrVI	204883	0	1.0	25
	chrVI	204883	1	0.5	25
	chrVI	204884	0	0.5	25
	chrVI	204885	0	1.5	25
	chrVI	204887	0	0.5	25
	chrVI	204889	0	2.0	25
	chrVI	204891	0	0.5	25
	chrVI	204893	0	0.5	25
	chrVI	204900	0	0.5	25
	chrVI	204916	0	0.5	25
	chrVI	204919	1	0.5	25
	chrVI	204928	1	0.5	25
	chrVI	204929	1	0.5	25
	chrVI	204941	0	0.5	25
	chrVI	204951	1	0.5	25
	chrVI	204959	1	1.0	25
	chrVI	204963	1	2.0	25
	chrVI	204964	1	2.5	25
	chrVI	204965	0	0.5	25
	chrVI	204966	0	0.5	25
	chrVI	204977	0	0.5	25
	chrVI	204989	0	0.5	25
	chrVI	204997	1	0.5	25
	chrVI	205006	1	0.5	25
	chrVI	205009	0	0.5	25
	chrVI	205019	0	0.5	25
	chrVI	205022	0	1.0	25
	chrVI	205033	1	0.5	25
	chrVI	205040	0	0.5	25
	chrVI	205041	1	0.5	25
	chrVI	205050	0	0.5	25
	chrVI	205054	1	0.5	25
	chrVI	205055	1	0.5	25
	chrVI	205056	0	0.5	25
	chrVI	205056	1	1.5	25
	chrVI	205057	0	1.0	25
	chrVI	205057	1	0.5	25
	chrVI	205073	0	0.5	25
	chrVI	205075	1	0.5	25
	chrVI	205094	1	1.0	25
	chrVI	205101	0	0.5	25
	chrVI	205105	0	0.5	25
	chrVI	205118	1	0.5	25
	chrVI	205125	0	1.0	25
	chrVI	205143	1	0.5	25
	chrVI	205155	1	0.5	25
	chrVI	205179	1	0.5	25
	chrVI	205182	0	0.5	25
	chrVI	205190	1	1.0	25
	chrVI	205206	0	1.0	25
	chrVI	205208	0	0.5	25
	chrVI	205214	1	1.0	25
	chrVI	205215	0	0.5	25
	chrVI	205223	1	0.5	25
	chrVI	205228	0	0.5	25
	chrVI	205235	0	0.5	25
	chrVI	205244	0	0.5	25
	chrVI	205262	1	0.5	25
	chrVI	205269	1	0.5	25
	chrVI	205287	1	1.0	25
	chrVI	205327	1	0.5	25
	chrVI	205335	0	0.5	25
	chrVI	205348	0	0.5	25
	chrVI	205364	0	0.5	25
	chrVI	205365	1	0.5	25
	chrVI	205376	0	0.5	25
	chrVI	205379	0	0.5	25
	chrVI	205385	1	0.5	25
	chrVI	205386	0	0.5	25
	chrVI	205394	0	0.5	25
	chrVI	205403	0	0.5	25
	chrVI	205411	1	0.5	25
	chrVI	205418	1	0.5	25
	chrVI	205429	1	0.5	25
	chrVI	205438	0	0.5	25
	chrVI	205439	1	0.5	25
	chrVI	205444	1	0.5	25
	chrVI	205445	1	0.5	25
	chrVI	205447	1	0.5	25
	chrVI	205461	0	0.5	25
	chrVI	205461	1	0.5	25
	chrVI	205466	1	0.5	25
	chrVI	205467	0	0.5	25
	chrVI	205469	1	0.5	25
	chrVI	205473	0	0.5	25
	chrVI	205499	1	0.5	25
	chrVI	205516	1	0.5	25
	chrVI	205531	1	0.5	25
	chrVI	205536	1	0.5	25
	chrVI	205573	0	0.5	25
	chrVI	205581	0	0.5	25
	chrVI	205584	0	0.5	25
	chrVI	205587	0	0.5	25
	chrVI	205595	0	0.5	25
	chrVI	205599	0	0.5	25
	chrVI	205603	0	1.0	25
	chrVI	205619	0	0.5	25
	chrVI	205628	0	0.5	25
	chrVI	205635	0	0.5	25
	chrVI	205641	1	0.5	25
	chrVI	205642	1	0.5	25
	chrVI	205651	1	0.5	25
	chrVI	205653	1	0.5	25
	chrVI	205654	1	0.5	25
	chrVI	205667	1	0.5	25
	chrVI	205685	0	0.5	25
	chrVI	205687	1	0.5	25
	chrVI	205694	1	1.0	25
	chrVI	205697	1	0.5	25
	chrVI	205700	0	0.5	25
	chrVI	205704	1	0.5	25
	chrVI	205707	0	0.5	25
	chrVI	205718	0	0.5	25
	chrVI	205724	1	0.5	25
	chrVI	205725	0	1.0	25
	chrVI	205734	0	0.5	25
	chrVI	205740	1	0.5	25
	chrVI	205767	1	0.5	25
	chrVI	205794	1	0.5	25
	chrVI	205798	0	0.5	25
	chrVI	205812	0	0.5	25
	chrVI	205817	0	0.5	25
	chrVI	205844	0	1.0	25
	chrVI	205844	1	0.5	25
	chrVI	205847	0	0.5	25
	chrVI	205848	0	0.5	25
	chrVI	205857	1	0.5	25
	chrVI	205863	1	0.5	25
	chrVI	205873	1	1.0	25
	chrVI	205878	1	0.5	25
	chrVI	205892	1	0.5	25
	chrVI	205893	0	1.0	25
	chrVI	205914	0	0.5	25
	chrVI	205921	1	1.5	25
	chrVI	205941	1	0.5	25
	chrVI	205943	1	0.5	25
	chrVI	205964	0	0.5	25
	chrVI	206028	0	0.5	25
	chrVI	206028	1	0.5	25
	chrVI	206039	1	0.5	25
	chrVI	206070	0	0.5	25
	chrVI	206098	1	0.5	25
	chrVI	206117	0	0.5	25
	chrVI	206139	0	0.5	25
	chrVI	206145	1	0.5	25
	chrVI	206155	0	0.5	25
	chrVI	206159	0	0.5	25
	chrVI	206171	0	0.5	25
	chrVI	206187	1	0.5	25
	chrVI	206196	0	0.5	25
	chrVI	206217	1	0.5	25
	chrVI	206218	0	0.5	25
	chrVI	206226	1	0.5	25
	chrVI	206234	1	0.5	25
	chrVI	206241	1	0.5	25
	chrVI	206244	0	1.0	25
	chrVI	206247	1	1.0	25
	chrVI	206248	0	0.5	25
	chrVI	206249	1	0.5	25
	chrVI	206250	0	0.5	25
	chrVI	206287	0	0.5	25
	chrVI	206298	1	0.5	25
	chrVI	206309	0	0.5	25
	chrVI	206310	1	1.0	25
	chrVI	206333	0	1.0	25
	chrVI	206338	0	1.0	25
	chrVI	206349	1	0.5	25
	chrVI	206364	1	0.5	25
	chrVI	206374	0	0.5	25
	chrVI	206397	1	0.5	25
	chrVI	206404	1	0.5	25
	chrVI	206406	0	0.5	25
	chrVI	206416	1	0.5	25
	chrVI	206422	1	0.5	25
	chrVI	206449	0	0.5	25
	chrVI	206454	1	1.0	25
	chrVI	206466	0	0.5	25
	chrVI	206475	0	0.5	25
	chrVI	206475	1	0.5	25
	chrVI	206498	0	0.5	25
	chrVI	206500	0	0.5	25
	chrVI	206502	1	0.5	25
	chrVI	206507	0	0.5	25
	chrVI	206533	1	0.5	25
	chrVI	206549	1	0.5	25
	chrVI	206550	0	0.5	25
	chrVI	206551	1	0.5	25
	chrVI	206557	0	1.0	25
	chrVI	206560	1	0.5	25
	chrVI	206599	1	0.5	25
	chrVI	206635	1	0.5	25
	chrVI	206641	0	0.5	25
	chrVI	206650	1	1.0	25
	chrVI	206671	0	0.5	25
	chrVI	206719	1	0.5	25
	chrVI	206740	1	0.5	25
	chrVI	206746	0	1.0	25
	chrVI	206759	0	0.5	25
	chrVI	206761	0	1.5	25
	chrVI	206790	0	0.5	25
	chrVI	206812	1	0.5	25
	chrVI	206830	1	1.0	25
	chrVI	206840	1	0.5	25
	chrVI	206850	0	0.5	25
	chrVI	206856	0	0.5	25
	chrVI	206859	0	0.5	25
	chrVI	206870	0	0.5	25
	chrVI	206878	0	0.5	25
	chrVI	206884	1	0.5	25
	chrVI	206911	1	1.0	25
	chrVI	206912	1	0.5	25
	chrVI	206913	1	0.5	25
	chrVI	206916	0	0.5	25
	chrVI	206917	0	1.0	25
	chrVI	206929	1	0.5	25
	chrVI	206933	1	0.5	25
	chrVI	206947	1	0.5	25
	chrVI	206948	0	0.5	25
	chrVI	206949	0	0.5	25
	chrVI	206970	0	0.5	25
	chrVI	206980	1	0.5	25
	chrVI	206981	1	0.5	25
	chrVI	206993	1	0.5	25
	chrVI	206994	0	0.5	25
	chrVI	207016	0	0.5	25
	chrVI	207060	1	1.0	25
	chrVI	207063	1	0.5	25
	chrVI	207066	0	0.5	25
	chrVI	207083	1	0.5	25
	chrVI	207084	0	1.0	25
	chrVI	207087	0	0.5	25
	chrVI	207089	0	0.5	25
	chrVI	207090	0	0.5	25
	chrVI	207093	0	0.5	25
	chrVI	207096	0	0.5	25
	chrVI	207105	0	0.5	25
	chrVI	207106	0	1.5	25
	chrVI	207106	1	0.5	25
	chrVI	207108	0	0.5	25
	chrVI	207120	0	0.5	24
	chrVI	207121	1	0.5	25
	chrVI	207125	1	0.5	25
	chrVI	207137	0	0.5	25
	chrVI	207142	1	0.5	25
	chrVI	207147	0	0.5	25
	chrVI	207148	0	0.5	25
	chrVI	207161	1	0.5	25
	chrVI	207172	1	0.5	25
	chrVI	207178	0	0.5	25
	chrVI	207180	1	0.5	25
	chrVI	207186	0	0.5	25
	chrVI	207191	1	0.5	25
	chrVI	207209	1	0.5	25
	chrVI	207215	0	0.5	25
	chrVI	207222	1	0.5	25
	chrVI	207276	1	0.5	25
	chrVI	207277	0	0.5	25
	chrVI	207278	0	0.5	25
	chrVI	207282	1	1.0	25
	chrVI	207283	0	1.5	25
	chrVI	207283	1	0.5	25
	chrVI	207284	0	11.5	25
	chrVI	207285	0	0.5	25
	chrVI	207296	1	0.5	25
	chrVI	207297	0	0.5	25
	chrVI	207297	1	0.5	25
	chrVI	207298	0	1.5	25
	chrVI	207302	0	0.5	25
	chrVI	207303	0	0.5	25
	chrVI	207310	0	1.5	25
	chrVI	207321	1	0.5	25
	chrVI	207323	1	1.5	25
	chrVI	207324	1	0.5	23
	chrVI	207324	1	1.0	25
	chrVI	207325	0	0.5	25
	chrVI	207325	1	0.5	25
	chrVI	207326	1	1.0	25
	chrVI	207349	1	0.5	25
	chrVI	207351	1	1.0	25
	chrVI	207352	1	2.0	25
	chrVI	207359	1	3.5	25
	chrVI	207360	1	1.0	25
	chrVI	207361	1	0.5	25
	chrVI	207362	1	3.5	25
	chrVI	207364	0	0.5	25
	chrVI	207364	1	1.0	25
	chrVI	207368	1	1.5	25
	chrVI	207369	0	1.0	25
	chrVI	207369	1	1.0	25
	chrVI	207383	1	0.5	25
	chrVI	207387	0	0.5	25
	chrVI	207398	1	1.0	25
	chrVI	207407	1	0.5	25
	chrVI	207419	0	0.5	25
	chrVI	207433	0	0.5	25
	chrVI	207436	1	0.5	25
	chrVI	207437	0	0.5	25
	chrVI	207464	0	0.5	25
	chrVI	207481	0	0.5	25
	chrVI	207506	1	0.5	25
	chrVI	207515	1	0.5	25
	chrVI	207517	1	0.5	25
	chrVI	207520	0	1.0	25
	chrVI	207533	1	0.5	25
	chrVI	207542	1	0.5	25
	chrVI	207552	0	0.5	25
	chrVI	207563	0	0.5	25
	chrVI	207564	0	0.5	25
	chrVI	207567	1	0.5	25
	chrVI	207569	1	1.0	25
	chrVI	207646	0	0.5	25
	chrVI	207659	0	0.5	25
	chrVI	207662	1	0.5	25
	chrVI	207668	1	1.0	25
	chrVI	207672	0	0.5	25
	chrVI	207681	0	0.5	25
	chrVI	207686	0	0.5	25
	chrVI	207693	1	0.5	25
	chrVI	207713	0	0.5	25
	chrVI	207718	0	0.5	25
	chrVI	207718	1	0.5	25
	chrVI	207726	1	0.5	25
	chrVI	207737	1	0.5	25
	chrVI	207772	1	0.5	25
	chrVI	207787	1	0.5	25
	chrVI	207799	0	0.5	25
	chrVI	207814	0	0.5	25
	chrVI	207849	1	0.5	25
	chrVI	207858	1	0.5	25
	chrVI	207900	0	0.5	25
	chrVI	207909	0	0.5	25
	chrVI	207911	0	0.5	25
	chrVI	207921	0	0.5	25
	chrVI	207939	1	0.5	25
	chrVI	207952	0	0.5	25
	chrVI	207953	1	0.5	25
	chrVI	207959	0	1.0	25
	chrVI	207959	1	0.5	25
	chrVI	207979	0	1.0	25
	chrVI	207999	1	0.5	25
	chrVI	208002	1	0.5	25
	chrVI	208004	0	1.0	25
	chrVI	208004	1	0.5	25
	chrVI	208031	0	0.5	25
	chrVI	208036	1	1.0	25
	chrVI	208038	1	0.5	25
	chrVI	208042	1	0.5	25
	chrVI	208049	1	0.5	25
	chrVI	208050	0	0.5	25
	chrVI	208075	0	0.5	25
	chrVI	208077	0	0.5	25
	chrVI	208082	0	0.5	25
	chrVI	208087	0	0.5	25
	chrVI	208089	0	0.5	25
	chrVI	208115	0	0.5	25
	chrVI	208138	1	0.5	25
	chrVI	208157	0	0.5	25
	chrVI	208158	1	0.5	25
	chrVI	208160	1	0.5	25
	chrVI	208169	0	0.5	25
	chrVI	208178	1	1.0	25
	chrVI	208186	1	0.5	25
	chrVI	208187	0	0.5	25
	chrVI	208232	1	0.5	25
	chrVI	208261	1	0.5	25
	chrVI	208278	1	1.0	25
	chrVI	208293	1	0.5	25
	chrVI	208342	0	0.5	25
	chrVI	208357	0	0.5	25
	chrVI	208358	0	0.5	25
	chrVI	208378	1	0.5	25
	chrVI	208379	1	0.5	25
	chrVI	208382	1	0.5	25
	chrVI	208390	0	0.5	25
	chrVI	208395	0	0.5	25
	chrVI	208414	1	0.5	25
	chrVI	208415	0	1.0	25
	chrVI	208440	0	1.0	25
	chrVI	208443	0	0.5	25
	chrVI	208443	1	0.5	25
	chrVI	208453	0	1.5	25
	chrVI	208454	1	0.5	25
	chrVI	208462	0	0.5	25
	chrVI	208466	0	0.5	25
	chrVI	208481	0	0.5	25
	chrVI	208481	1	0.5	25
	chrVI	208482	1	0.5	25
	chrVI	208487	0	1.0	25
	chrVI	208490	1	0.5	25
	chrVI	208491	1	0.5	25
	chrVI	208520	0	0.5	25
	chrVI	208532	1	1.0	25
	chrVI	208537	1	0.5	25
	chrVI	208547	1	0.5	25
	chrVI	208557	1	0.5	25
	chrVI	208570	1	1.0	25
	chrVI	208578	1	0.5	25
	chrVI	208587	1	1.5	25
	chrVI	208631	0	0.5	25
	chrVI	208659	0	0.5	25
	chrVI	208682	0	0.5	25
	chrVI	208684	1	0.5	25
	chrVI	208725	0	0.5	25
	chrVI	208726	0	0.5	24
	chrVI	208740	1	0.5	25
	chrVI	208746	0	0.5	25
	chrVI	208757	1	0.5	25
	chrVI	208766	0	1.0	25
	chrVI	208781	0	0.5	25
	chrVI	208794	0	0.5	25
	chrVI	208816	1	0.5	25
	chrVI	208825	1	1.0	25
	chrVI	208828	1	1.0	25
	chrVI	208843	0	0.5	25
	chrVI	208844	1	0.5	25
	chrVI	208845	0	0.5	25
	chrVI	208853	0	0.5	25
	chrVI	208865	0	0.5	25
	chrVI	208895	0	0.5	25
	chrVI	208900	0	0.5	25
	chrVI	208920	1	0.5	25
	chrVI	208929	1	0.5	25
	chrVI	208935	1	0.5	25
	chrVI	208949	1	0.5	25
	chrVI	208959	0	0.5	25
	chrVI	208965	0	1.0	25
	chrVI	208969	0	1.0	25
	chrVI	208980	0	0.5	25
	chrVI	208991	1	0.5	25
	chrVI	208992	1	0.5	25
	chrVI	209002	0	0.5	25
	chrVI	209016	0	0.5	25
	chrVI	209020	1	1.0	25
	chrVI	209021	0	0.5	25
	chrVI	209035	0	0.5	25
	chrVI	209038	1	0.5	25
	chrVI	209042	1	0.5	25
	chrVI	209060	1	0.5	25
	chrVI	209071	1	1.0	25
	chrVI	209075	1	0.5	25
	chrVI	209081	0	0.5	25
	chrVI	209091	0	0.5	25
	chrVI	209109	1	0.5	25
	chrVI	209121	1	0.5	25
	chrVI	209123	0	0.5	25
	chrVI	209164	1	0.5	25
	chrVI	209166	1	0.5	25
	chrVI	209170	1	0.5	25
	chrVI	209191	0	0.5	25
	chrVI	209226	0	0.5	25
	chrVI	209245	0	0.5	25
	chrVI	209302	1	0.5	25
	chrVI	209304	0	0.5	25
	chrVI	209307	0	0.5	25
	chrVI	209338	0	0.5	25
	chrVI	209351	1	0.5	25
	chrVI	209359	1	0.5	25
	chrVI	209361	1	0.5	25
	chrVI	209372	0	0.5	25
	chrVI	209383	1	0.5	25
	chrVI	209389	0	1.0	25
	chrVI	209392	0	0.5	25
	chrVI	209395	0	0.5	25
	chrVI	209404	1	0.5	25
	chrVI	209410	0	0.5	25
	chrVI	209411	0	0.5	25
	chrVI	209436	1	0.5	25
	chrVI	209437	0	1.0	25
	chrVI	209452	1	1.0	25
	chrVI	209455	1	0.5	25
	chrVI	209479	1	0.5	25
	chrVI	209492	1	1.0	25
	chrVI	209493	1	1.0	25
	chrVI	209499	0	0.5	25
	chrVI	209523	0	0.5	25
	chrVI	209526	0	0.5	25
	chrVI	209531	0	0.5	25
	chrVI	209540	1	0.5	25
	chrVI	209576	1	0.5	25
	chrVI	209579	1	0.5	25
	chrVI	209582	0	0.5	25
	chrVI	209639	1	0.5	25
	chrVI	209642	1	0.5	25
	chrVI	209669	0	1.0	25
	chrVI	209674	1	0.5	25
	chrVI	209685	0	1.0	25
	chrVI	209693	0	0.5	25
	chrVI	209731	1	0.5	25
	chrVI	209751	1	0.5	25
	chrVI	209758	0	1.0	25
	chrVI	209768	0	1.0	25
	chrVI	209811	1	0.5	25
	chrVI	209822	0	0.5	25
	chrVI	209831	1	1.0	25
	chrVI	209835	1	1.0	25
	chrVI	209839	0	0.5	25
	chrVI	209840	0	0.5	25
	chrVI	209847	0	0.5	25
	chrVI	209859	1	0.5	25
	chrVI	209864	1	1.0	25
	chrVI	209903	0	0.5	25
	chrVI	209911	1	0.5	25
	chrVI	209924	1	0.5	25
	chrVI	209925	1	0.5	25
	chrVI	209961	0	0.5	25
	chrVI	209962	0	0.5	25
	chrVI	209982	0	0.5	25
	chrVI	209998	0	0.5	25
	chrVI	209999	1	0.5	25
	chrVI	210000	1	0.5	25
	chrVI	210003	0	0.5	25
	chrVI	210054	1	0.5	25
	chrVI	210055	0	0.5	25
	chrVI	210063	0	0.5	25
	chrVI	210086	0	0.5	25
	chrVI	210096	0	0.5	25
	chrVI	210105	0	0.5	25
	chrVI	210132	0	0.5	25
	chrVI	210147	1	0.5	25
	chrVI	210150	1	0.5	25
	chrVI	210158	1	0.5	25
	chrVI	210159	0	0.5	25
	chrVI	210161	0	1.0	25
	chrVI	210162	1	0.5	24
	chrVI	210163	0	0.5	25
	chrVI	210163	1	1.0	25
	chrVI	210164	0	0.5	25
	chrVI	210169	1	0.5	25
	chrVI	210182	0	1.0	25
	chrVI	210185	0	0.5	25
	chrVI	210186	0	2.5	25
	chrVI	210192	0	1.5	25
	chrVI	210193	0	0.5	25
	chrVI	210195	0	1.0	25
	chrVI	210199	0	0.5	25
	chrVI	210201	0	0.5	25
	chrVI	210204	0	0.5	25
	chrVI	210208	0	0.5	25
	chrVI	210214	0	1.0	25
	chrVI	210215	0	0.5	25
	chrVI	210220	0	0.5	25
	chrVI	210221	1	1.5	25
	chrVI	210222	0	1.5	25
	chrVI	210223	0	1.0	25
	chrVI	210228	0	0.5	25
	chrVI	210235	0	0.5	25
	chrVI	210242	1	0.5	25
	chrVI	210254	1	0.5	25
	chrVI	210255	1	0.5	25
	chrVI	210257	1	1.0	25
	chrVI	210258	1	0.5	25
	chrVI	210261	1	1.0	25
	chrVI	210262	1	0.5	25
	chrVI	210268	1	1.5	25
	chrVI	210269	1	3.0	25
	chrVI	210271	1	2.5	25
	chrVI	210275	1	0.5	25
	chrVI	210276	1	0.5	25
	chrVI	210277	0	0.5	25
	chrVI	210280	0	0.5	25
	chrVI	210283	1	1.0	25
	chrVI	210287	1	0.5	25
	chrVI	210293	1	0.5	25
	chrVI	210323	1	1.0	25
	chrVI	210337	0	0.5	25
	chrVI	210340	1	0.5	25
	chrVI	210352	1	0.5	25
	chrVI	210415	1	0.5	25
	chrVI	210420	0	0.5	25
	chrVI	210424	0	1.0	25
	chrVI	210433	0	0.5	25
	chrVI	210434	0	1.0	25
	chrVI	210474	1	1.0	25
	chrVI	210488	1	0.5	25
	chrVI	210494	1	1.0	25
	chrVI	210511	0	0.5	25
	chrVI	210541	1	0.5	25
	chrVI	210565	0	0.5	25
	chrVI	210567	1	0.5	25
	chrVI	210593	0	0.5	25
	chrVI	210618	0	0.5	25
	chrVI	210619	1	0.5	25
	chrVI	210633	0	0.5	25
	chrVI	210640	0	0.5	25
	chrVI	210662	0	0.5	25
	chrVI	210664	1	0.5	25
	chrVI	210667	0	0.5	25
	chrVI	210668	0	0.5	25
	chrVI	210673	1	0.5	25
	chrVI	210674	0	0.5	25
	chrVI	210677	0	1.0	25
	chrVI	210686	1	0.5	25
	chrVI	210743	1	1.0	25
	chrVI	210748	0	0.5	25
	chrVI	210751	1	0.5	25
	chrVI	210775	1	0.5	25
	chrVI	210780	0	0.5	25
	chrVI	210792	0	0.5	25
	chrVI	210803	0	0.5	25
	chrVI	210807	1	0.5	25
	chrVI	210809	1	0.5	25
	chrVI	210811	1	0.5	25
	chrVI	210816	1	0.5	25
	chrVI	210827	0	1.5	25
	chrVI	210828	0	0.5	25
	chrVI	210832	1	0.5	25
	chrVI	210851	1	0.5	25
	chrVI	210852	0	0.5	25
	chrVI	210852	1	0.5	25
	chrVI	210853	0	0.5	25
	chrVI	210870	1	0.5	25
	chrVI	210902	1	0.5	25
	chrVI	210915	0	1.0	25
	chrVI	210934	0	1.0	25
	chrVI	210947	0	0.5	25
	chrVI	210948	1	1.0	25
	chrVI	210978	0	0.5	25
	chrVI	210981	1	1.0	25
	chrVI	210999	0	0.5	25
	chrVI	210999	1	0.5	25
	chrVI	211000	1	1.0	25
	chrVI	211009	0	0.5	25
	chrVI	211012	1	1.0	25
	chrVI	211013	0	0.5	25
	chrVI	211017	0	1.0	25
	chrVI	211030	0	0.5	25
	chrVI	211034	1	0.5	25
	chrVI	211064	1	0.5	25
	chrVI	211088	1	0.5	25
	chrVI	211094	1	0.5	25
	chrVI	211104	0	0.5	25
	chrVI	211110	0	0.5	25
	chrVI	211117	1	0.5	25
	chrVI	211124	0	0.5	25
	chrVI	211127	1	0.5	25
	chrVI	211159	1	0.5	25
	chrVI	211177	0	0.5	25
	chrVI	211179	1	0.5	25
	chrVI	211205	0	0.5	25
	chrVI	211208	1	0.5	25
	chrVI	211216	1	0.5	25
	chrVI	211235	0	0.5	25
	chrVI	211243	1	0.5	25
	chrVI	211266	1	0.5	25
	chrVI	211283	0	0.5	25
	chrVI	211284	1	0.5	25
	chrVI	211305	1	0.5	25
	chrVI	211309	0	1.0	25
	chrVI	211311	0	0.5	25
	chrVI	211335	0	0.5	25
	chrVI	211371	1	0.5	25
	chrVI	211377	0	1.0	25
	chrVI	211380	1	1.0	25
	chrVI	211383	1	0.5	25
	chrVI	211436	1	0.5	25
	chrVI	211448	1	1.0	25
	chrVI	211474	1	0.5	25
	chrVI	211508	0	0.5	25
	chrVI	211517	0	0.5	25
	chrVI	211557	0	0.5	25
	chrVI	211567	1	0.5	25
	chrVI	211604	1	0.5	25
	chrVI	211635	1	0.5	25
	chrVI	211641	0	0.5	25
	chrVI	211644	0	0.5	25
	chrVI	211671	0	0.5	25
	chrVI	211696	1	0.5	25
	chrVI	211724	0	0.5	25
	chrVI	211738	1	0.5	25
	chrVI	211753	1	0.5	25
	chrVI	211762	0	0.5	25
	chrVI	211784	0	0.5	25
	chrVI	211792	0	0.5	25
	chrVI	211807	0	0.5	25
	chrVI	211821	1	0.5	25
	chrVI	211828	1	0.5	25
	chrVI	211837	1	0.5	25
	chrVI	211861	1	0.5	25
	chrVI	211878	1	0.5	25
	chrVI	211894	0	1.0	25
	chrVI	211903	0	0.5	25
	chrVI	211987	0	0.5	25
	chrVI	212004	0	1.0	25
	chrVI	212019	0	0.5	25
	chrVI	212030	0	0.5	25
	chrVI	212053	1	1.0	25
	chrVI	212064	0	1.0	25
	chrVI	212073	1	0.5	25
	chrVI	212076	1	0.5	25
	chrVI	212081	1	1.0	25
	chrVI	212138	1	1.0	25
	chrVI	212143	0	0.5	25
	chrVI	212159	0	0.5	25
	chrVI	212181	0	0.5	25
	chrVI	212203	1	0.5	25
	chrVI	212212	1	0.5	25
	chrVI	212222	1	0.5	25
	chrVI	212226	1	0.5	25
	chrVI	212228	0	0.5	25
	chrVI	212239	0	0.5	25
	chrVI	212240	1	0.5	25
	chrVI	212265	1	0.5	25
	chrVI	212304	1	0.5	25
	chrVI	212342	0	0.5	25
	chrVI	212367	0	0.5	25
	chrVI	212432	0	0.5	25
	chrVI	212459	1	0.5	25
	chrVI	212475	0	0.5	25
	chrVI	212492	0	0.5	25
	chrVI	212498	0	0.5	25
	chrVI	212529	0	0.5	25
	chrVI	212537	1	0.5	25
	chrVI	212574	1	0.5	25
	chrVI	212581	1	0.5	25
	chrVI	212588	0	0.5	25
	chrVI	212588	1	0.5	25
	chrVI	212632	1	0.5	25
	chrVI	212649	0	0.5	25
	chrVI	212671	1	0.5	25
	chrVI	212680	1	0.5	25
	chrVI	212687	0	0.5	25
	chrVI	212698	0	0.5	25
	chrVI	212711	0	0.5	25
	chrVI	212724	1	0.5	25
	chrVI	212752	1	0.5	25
	chrVI	212753	0	0.5	25
	chrVI	212822	1	0.5	25
	chrVI	212828	1	0.5	25
	chrVI	212833	0	0.5	25
	chrVI	212843	0	0.5	25
	chrVI	212851	0	0.5	25
	chrVI	212870	0	0.5	25
	chrVI	212874	0	0.5	25
	chrVI	212876	1	0.5	25
	chrVI	212918	0	0.5	25
	chrVI	212980	1	0.5	25
	chrVI	212987	0	0.5	25
	chrVI	212992	0	0.5	25
	chrVI	213009	1	0.5	25
	chrVI	213012	0	0.5	25
	chrVI	213012	1	0.5	25
	chrVI	213021	0	1.0	25
	chrVI	213027	0	0.5	25
	chrVI	213027	1	0.5	25
	chrVI	213028	0	0.5	25
	chrVI	213029	0	0.5	25
	chrVI	213035	0	0.5	25
	chrVI	213048	0	0.5	25
	chrVI	213049	0	3.5	25
	chrVI	213049	1	0.5	25
	chrVI	213050	0	0.5	25
	chrVI	213054	0	0.5	25
	chrVI	213072	0	0.5	25
	chrVI	213072	1	0.5	25
	chrVI	213073	0	0.5	25
	chrVI	213074	0	1.5	25
	chrVI	213075	0	3.0	25
	chrVI	213076	0	1.0	25
	chrVI	213093	1	0.5	25
	chrVI	213102	1	1.0	25
	chrVI	213105	1	0.5	25
	chrVI	213109	0	0.5	25
	chrVI	213117	1	1.5	25
	chrVI	213126	1	2.5	25
	chrVI	213129	1	0.5	25
	chrVI	213141	1	0.5	25
	chrVI	213143	1	1.0	25
	chrVI	213144	1	0.5	25
	chrVI	213145	0	0.5	25
	chrVI	213145	1	1.0	25
	chrVI	213150	1	0.5	25
	chrVI	213155	1	1.0	25
	chrVI	213160	1	2.5	25
	chrVI	213161	1	1.5	25
	chrVI	213162	0	0.5	25
	chrVI	213168	0	0.5	25
	chrVI	213179	1	0.5	25
	chrVI	213181	1	0.5	25
	chrVI	213184	1	0.5	25
	chrVI	213186	0	0.5	25
	chrVI	213222	1	0.5	25
	chrVI	213224	1	0.5	25
	chrVI	213232	0	1.0	25
	chrVI	213255	0	0.5	25
	chrVI	213292	1	1.0	25
	chrVI	213297	1	0.5	25
	chrVI	213300	1	0.5	25
	chrVI	213304	0	0.5	25
	chrVI	213311	0	0.5	25
	chrVI	213328	0	0.5	25
	chrVI	213329	1	0.5	25
	chrVI	213330	0	0.5	25
	chrVI	213348	0	0.5	25
	chrVI	213359	1	0.5	25
	chrVI	213366	0	0.5	25
	chrVI	213378	0	0.5	25
	chrVI	213380	1	0.5	25
	chrVI	213382	1	0.5	25
	chrVI	213405	1	0.5	25
	chrVI	213417	0	0.5	25
	chrVI	213419	1	0.5	25
	chrVI	213430	0	0.5	25
	chrVI	213440	1	0.5	25
	chrVI	213453	0	0.5	25
	chrVI	213460	1	0.5	25
	chrVI	213483	0	0.5	25
	chrVI	213501	1	0.5	25
	chrVI	213505	0	0.5	25
	chrVI	213513	0	0.5	25
	chrVI	213528	1	0.5	25
	chrVI	213539	0	0.5	25
	chrVI	213540	1	0.5	25
	chrVI	213570	1	0.5	25
	chrVI	213584	1	0.5	25
	chrVI	213631	1	0.5	25
	chrVI	213634	0	0.5	25
	chrVI	213666	0	0.5	25
	chrVI	213671	0	0.5	25
	chrVI	213671	1	0.5	25
	chrVI	213682	1	0.5	25
	chrVI	213692	0	0.5	25
	chrVI	213719	0	0.5	25
	chrVI	213741	0	0.5	25
	chrVI	213762	1	0.5	25
	chrVI	213770	1	0.5	25
	chrVI	213774	1	1.0	25
	chrVI	213805	1	0.5	25
	chrVI	213808	0	0.5	25
	chrVI	213850	1	0.5	25
	chrVI	213953	0	0.5	25
	chrVI	213997	1	0.5	25
	chrVI	214040	0	0.5	25
	chrVI	214107	0	0.5	25
	chrVI	214114	1	0.5	25
	chrVI	214142	0	0.5	25
	chrVI	214170	0	0.5	25
	chrVI	214217	1	0.5	25
	chrVI	214218	1	0.5	25
	chrVI	214291	0	0.5	25
	chrVI	214355	1	0.5	25
	chrVI	214376	1	0.5	25
	chrVI	214413	0	0.5	25
	chrVI	214453	0	0.5	25
	chrVI	214465	0	0.5	25
	chrVI	214496	1	0.5	25
	chrVI	214500	1	0.5	25
	chrVI	214512	0	0.5	25
	chrVI	214524	0	0.5	25
	chrVI	214532	0	0.5	25
	chrVI	214536	1	0.5	25
	chrVI	214547	0	0.5	25
	chrVI	214552	0	0.5	25
	chrVI	214575	1	0.5	25
	chrVI	214592	0	0.5	25
	chrVI	214623	1	0.5	25
	chrVI	214625	1	0.5	25
	chrVI	214627	0	0.5	25
	chrVI	214630	1	0.5	25
	chrVI	214646	1	0.5	25
	chrVI	214667	0	0.5	25
	chrVI	214692	1	0.5	25
	chrVI	214723	1	0.5	25
	chrVI	214728	1	0.5	25
	chrVI	214782	0	0.5	25
	chrVI	214798	0	0.5	25
	chrVI	214813	0	0.5	25
	chrVI	214834	0	0.5	25
	chrVI	214837	0	0.5	25
	chrVI	214868	1	0.5	25
	chrVI	214872	1	0.5	25
	chrVI	214881	0	0.5	25
	chrVI	214889	1	0.5	25
	chrVI	214910	0	0.5	25
	chrVI	214946	0	0.5	25
	chrVI	214947	1	0.5	25
	chrVI	214949	1	0.5	25
	chrVI	214960	0	0.5	25
	chrVI	214977	1	0.5	25
	chrVI	214993	1	0.5	25
	chrVI	214995	0	0.5	25
	chrVI	215029	1	0.5	25
	chrVI	215030	1	0.5	25
	chrVI	215036	0	0.5	25
	chrVI	215051	0	0.5	25
	chrVI	215071	1	0.5	25
	chrVI	215114	0	0.5	25
	chrVI	215135	1	0.5	25
	chrVI	215139	1	0.5	25
	chrVI	215180	0	0.5	25
	chrVI	215191	0	0.5	25
	chrVI	215204	1	0.5	25
	chrVI	215206	0	0.5	25
	chrVI	215217	0	0.5	25
	chrVI	215222	0	1.0	25
	chrVI	215237	1	0.5	25
	chrVI	215246	1	0.5	25
	chrVI	215247	0	0.5	25
	chrVI	215281	0	0.5	25
	chrVI	215281	1	0.5	25
	chrVI	215312	1	0.5	25
	chrVI	215324	1	0.5	25
	chrVI	215360	1	0.5	25
	chrVI	215362	1	1.0	25
	chrVI	215437	0	0.5	25
	chrVI	215456	0	0.5	25
	chrVI	215463	0	1.0	25
	chrVI	215469	0	0.5	25
	chrVI	215505	0	0.5	25
	chrVI	215529	1	0.5	25
	chrVI	215536	1	0.5	25
	chrVI	215564	1	0.5	25
	chrVI	215573	1	0.5	25
	chrVI	215578	1	1.0	25
	chrVI	215625	0	1.0	25
	chrVI	215628	0	0.5	25
	chrVI	215662	0	0.5	25
	chrVI	215681	0	0.5	25
	chrVI	215696	1	0.5	25
	chrVI	215720	1	0.5	25
	chrVI	215750	0	0.5	25
	chrVI	215767	0	0.5	25
	chrVI	215771	1	0.5	25
	chrVI	215800	0	1.0	25
	chrVI	215814	1	0.5	25
	chrVI	215836	1	0.5	25
	chrVI	215846	1	0.5	25
	chrVI	215860	1	0.5	25
	chrVI	215876	0	0.5	25
	chrVI	215879	0	0.5	25
	chrVI	215881	1	0.5	25
	chrVI	215894	0	0.5	25
	chrVI	215921	1	0.5	25
	chrVI	215930	0	0.5	25
	chrVI	215932	1	0.5	25
	chrVI	215933	1	0.5	25
	chrVI	215934	0	0.5	25
	chrVI	215951	0	0.5	25
	chrVI	215955	1	0.5	25
	chrVI	215984	0	0.5	25
	chrVI	215993	0	0.5	25
	chrVI	215997	0	0.5	25
	chrVI	216010	1	0.5	25
	chrVI	216016	1	0.5	25
	chrVI	216036	1	0.5	25
	chrVI	216047	0	0.5	25
	chrVI	216050	0	0.5	25
	chrVI	216054	1	0.5	25
	chrVI	216063	1	0.5	25
	chrVI	216069	0	0.5	25
	chrVI	216080	1	0.5	25
	chrVI	216099	1	0.5	25
	chrVI	216100	1	0.5	25
	chrVI	216107	0	1.0	25
	chrVI	216120	1	0.5	25
	chrVI	216170	1	1.0	25
	chrVI	216188	0	0.5	25
	chrVI	216252	0	0.5	25
	chrVI	216253	0	1.0	25
	chrVI	216254	1	0.5	25
	chrVI	216265	0	0.5	25
	chrVI	216268	0	0.5	25
	chrVI	216269	0	0.5	25
	chrVI	216279	0	1.0	25
	chrVI	216299	0	0.5	25
	chrVI	216300	0	1.0	25
	chrVI	216305	0	0.5	25
	chrVI	216345	1	0.5	25
	chrVI	216359	1	1.0	25
	chrVI	216360	0	0.5	25
	chrVI	216360	1	0.5	25
	chrVI	216379	1	0.5	25
	chrVI	216383	0	0.5	25
	chrVI	216383	1	0.5	25
	chrVI	216391	1	0.5	25
	chrVI	216392	1	0.5	25
	chrVI	216395	0	0.5	25
	chrVI	216414	1	0.5	25
	chrVI	216426	0	0.5	25
	chrVI	216428	0	0.5	25
	chrVI	216449	0	0.5	25
	chrVI	216451	1	0.5	25
	chrVI	216457	0	0.5	25
	chrVI	216462	0	0.5	25
	chrVI	216466	0	1.0	25
	chrVI	216473	0	0.5	25
	chrVI	216476	1	0.5	25
	chrVI	216477	0	1.0	25
	chrVI	216478	0	0.5	23
	chrVI	216487	0	0.5	25
	chrVI	216488	0	0.5	25
	chrVI	216488	1	1.0	25
	chrVI	216493	0	0.5	25
	chrVI	216504	1	1.5	25
	chrVI	216505	0	2.0	25
	chrVI	216506	0	0.5	25
	chrVI	216510	0	0.5	25
	chrVI	216512	0	0.5	25
	chrVI	216520	1	1.5	25
	chrVI	216521	0	1.0	25
	chrVI	216522	0	1.0	25
	chrVI	216523	0	1.5	25
	chrVI	216532	1	0.5	25
	chrVI	216533	1	0.5	25
	chrVI	216534	1	0.5	25
	chrVI	216544	1	0.5	25
	chrVI	216545	0	0.5	25
	chrVI	216552	0	0.5	25
	chrVI	216554	1	0.5	25
	chrVI	216555	1	0.5	25
	chrVI	216556	1	0.5	25
	chrVI	216558	1	0.5	25
	chrVI	216560	1	2.0	25
	chrVI	216561	0	0.5	25
	chrVI	216564	1	1.0	25
	chrVI	216566	1	0.5	25
	chrVI	216568	1	0.5	25
	chrVI	216573	1	0.5	25
	chrVI	216575	1	0.5	25
	chrVI	216578	1	0.5	25
	chrVI	216581	1	0.5	25
	chrVI	216593	0	0.5	25
	chrVI	216597	1	0.5	25
	chrVI	216598	1	0.5	25
	chrVI	216601	0	0.5	25
	chrVI	216601	1	0.5	25
	chrVI	216606	0	0.5	25
	chrVI	216607	0	1.0	25
	chrVI	216616	0	0.5	25
	chrVI	216630	1	0.5	25
	chrVI	216649	1	0.5	25
	chrVI	216654	1	0.5	25
	chrVI	216667	1	0.5	25
	chrVI	216668	0	0.5	25
	chrVI	216672	1	1.0	25
	chrVI	216675	0	1.0	25
	chrVI	216702	1	0.5	25
	chrVI	216716	0	0.5	25
	chrVI	216718	0	0.5	25
	chrVI	216725	1	0.5	25
	chrVI	216743	1	0.5	25
	chrVI	216754	1	1.0	25
	chrVI	216776	1	0.5	25
	chrVI	216778	1	0.5	25
	chrVI	216787	0	0.5	25
	chrVI	216794	1	0.5	25
	chrVI	216802	0	0.5	25
	chrVI	216871	0	0.5	25
	chrVI	216881	0	1.0	25
	chrVI	216882	0	0.5	25
	chrVI	216883	0	0.5	25
	chrVI	216888	1	0.5	25
	chrVI	216899	0	0.5	25
	chrVI	216916	0	1.0	25
	chrVI	216917	1	0.5	25
	chrVI	216926	0	0.5	25
	chrVI	216934	1	0.5	25
	chrVI	216946	1	0.5	25
	chrVI	216967	0	0.5	25
	chrVI	216979	0	0.5	25
	chrVI	216984	1	1.0	25
	chrVI	216994	0	0.5	25
	chrVI	217000	0	0.5	25
	chrVI	217002	1	0.5	25
	chrVI	217004	0	1.0	25
	chrVI	217011	1	0.5	25
	chrVI	217024	1	0.5	25
	chrVI	217031	1	0.5	25
	chrVI	217035	0	0.5	25
	chrVI	217037	0	0.5	25
	chrVI	217045	0	0.5	25
	chrVI	217050	1	0.5	25
	chrVI	217053	1	1.5	25
	chrVI	217054	0	1.0	25
	chrVI	217054	1	0.5	25
	chrVI	217062	1	1.0	25
	chrVI	217065	1	0.5	25
	chrVI	217077	0	0.5	25
	chrVI	217101	0	0.5	25
	chrVI	217107	1	0.5	25
	chrVI	217113	1	0.5	25
	chrVI	217128	1	0.5	25
	chrVI	217134	1	0.5	25
	chrVI	217140	0	1.0	25
	chrVI	217141	1	1.0	25
	chrVI	217148	0	0.5	25
	chrVI	217177	0	1.0	25
	chrVI	217199	1	1.0	25
	chrVI	217214	1	0.5	25
	chrVI	217224	0	1.0	25
	chrVI	217233	0	0.5	25
	chrVI	217252	0	0.5	25
	chrVI	217259	0	0.5	25
	chrVI	217293	1	1.0	25
	chrVI	217294	1	0.5	25
	chrVI	217299	1	0.5	25
	chrVI	217310	1	0.5	25
	chrVI	217334	0	0.5	25
	chrVI	217355	0	0.5	25
	chrVI	217357	1	1.0	25
	chrVI	217390	0	0.5	25
	chrVI	217398	1	0.5	25
	chrVI	217413	1	0.5	25
	chrVI	217418	0	0.5	25
	chrVI	217428	0	0.5	25
	chrVI	217432	1	0.5	25
	chrVI	217450	1	0.5	25
	chrVI	217494	1	0.5	25
	chrVI	217509	0	0.5	25
	chrVI	217526	0	0.5	25
	chrVI	217551	0	0.5	25
	chrVI	217563	0	0.5	25
	chrVI	217571	1	0.5	25
	chrVI	217578	0	0.5	25
	chrVI	217582	1	0.5	25
	chrVI	217591	1	0.5	25
	chrVI	217592	1	0.5	25
	chrVI	217599	0	0.5	25
	chrVI	217603	0	0.5	25
	chrVI	217634	0	0.5	25
	chrVI	217636	0	0.5	25
	chrVI	217654	1	0.5	25
	chrVI	217673	1	0.5	25
	chrVI	217674	1	0.5	25
	chrVI	217700	1	0.5	25
	chrVI	217733	0	0.5	25
	chrVI	217741	1	0.5	25
	chrVI	217764	0	0.5	25
	chrVI	217818	1	0.5	25
	chrVI	217834	0	0.5	25
	chrVI	217839	0	0.5	25
	chrVI	217862	0	0.5	25
	chrVI	217868	0	0.5	25
	chrVI	217870	1	0.5	25
	chrVI	217915	1	0.5	25
	chrVI	217916	1	0.5	25
	chrVI	217927	1	0.5	25
	chrVI	217928	0	0.5	25
	chrVI	217933	1	0.5	25
	chrVI	217946	1	0.5	25
	chrVI	217947	0	0.5	25
	chrVI	217948	0	0.5	25
	chrVI	217985	0	0.5	25
	chrVI	217992	0	0.5	25
	chrVI	218004	1	0.5	25
	chrVI	218037	1	0.5	25
	chrVI	218070	0	0.5	25
	chrVI	218078	1	0.5	25
	chrVI	218094	0	0.5	25
	chrVI	218107	0	0.5	25
	chrVI	218118	0	0.5	25
	chrVI	218120	1	0.5	25
	chrVI	218123	1	0.5	25
	chrVI	218181	1	0.5	25
	chrVI	218193	1	0.5	25
	chrVI	218194	0	0.5	25
	chrVI	218203	0	1.5	25
	chrVI	218223	1	0.5	25
	chrVI	218236	0	0.5	25
	chrVI	218249	1	0.5	25
	chrVI	218259	1	1.5	25
	chrVI	218287	1	0.5	25
	chrVI	218353	1	0.5	25
	chrVI	218356	0	0.5	25
	chrVI	218360	0	1.0	25
	chrVI	218382	0	0.5	25
	chrVI	218407	1	0.5	25
	chrVI	218409	0	0.5	25
	chrVI	218410	0	0.5	25
	chrVI	218413	0	0.5	25
	chrVI	218433	0	0.5	25
	chrVI	218443	1	0.5	25
	chrVI	218444	1	0.5	25
	chrVI	218453	1	0.5	25
	chrVI	218478	0	0.5	25
	chrVI	218478	1	0.5	25
	chrVI	218484	1	0.5	25
	chrVI	218497	1	0.5	25
	chrVI	218513	0	0.5	25
	chrVI	218519	0	0.5	25
	chrVI	218535	0	0.5	25
	chrVI	218564	1	0.5	25
	chrVI	218572	1	0.5	25
	chrVI	218574	1	0.5	25
	chrVI	218603	1	0.5	25
	chrVI	218632	0	0.5	25
	chrVI	218635	0	1.0	25
	chrVI	218638	0	0.5	25
	chrVI	218678	1	0.5	25
	chrVI	218692	1	1.0	25
	chrVI	218694	1	0.5	25
	chrVI	218702	0	0.5	25
	chrVI	218721	0	0.5	25
	chrVI	218731	0	0.5	25
	chrVI	218740	0	0.5	25
	chrVI	218751	0	0.5	25
	chrVI	218760	0	0.5	25
	chrVI	218774	1	0.5	25
	chrVI	218783	1	0.5	25
	chrVI	218792	1	0.5	25
	chrVI	218796	1	1.0	25
	chrVI	218807	1	0.5	25
	chrVI	218829	1	0.5	25
	chrVI	218922	0	0.5	25
	chrVI	218928	0	0.5	25
	chrVI	218985	1	0.5	25
	chrVI	218986	1	0.5	25
	chrVI	218992	0	0.5	25
	chrVI	219014	0	1.0	25
	chrVI	219015	0	0.5	25
	chrVI	219023	0	0.5	23
	chrVI	219024	0	0.5	25
	chrVI	219027	0	1.0	25
	chrVI	219063	1	0.5	25
	chrVI	219070	0	1.0	25
	chrVI	219072	1	0.5	25
	chrVI	219075	0	0.5	25
	chrVI	219101	1	1.0	25
	chrVI	219110	1	1.0	25
	chrVI	219117	1	1.0	25
	chrVI	219125	0	0.5	25
	chrVI	219130	1	0.5	25
	chrVI	219131	0	0.5	25
	chrVI	219133	1	0.5	25
	chrVI	219134	1	0.5	25
	chrVI	219135	0	0.5	25
	chrVI	219144	0	1.0	25
	chrVI	219149	0	0.5	25
	chrVI	219164	0	0.5	25
	chrVI	219185	1	1.0	25
	chrVI	219190	1	0.5	25
	chrVI	219191	1	0.5	25
	chrVI	219196	1	0.5	25
	chrVI	219202	0	0.5	25
	chrVI	219209	0	0.5	25
	chrVI	219222	1	0.5	25
	chrVI	219232	0	0.5	25
	chrVI	219261	0	0.5	25
	chrVI	219264	1	0.5	25
	chrVI	219272	0	1.0	25
	chrVI	219274	0	0.5	25
	chrVI	219287	1	0.5	25
	chrVI	219288	1	0.5	25
	chrVI	219307	1	0.5	25
	chrVI	219326	1	0.5	25
	chrVI	219328	1	0.5	25
	chrVI	219335	1	0.5	25
	chrVI	219345	0	0.5	25
	chrVI	219355	1	0.5	25
	chrVI	219365	0	0.5	25
	chrVI	219397	1	0.5	25
	chrVI	219405	0	0.5	25
	chrVI	219467	0	0.5	25
	chrVI	219473	1	0.5	25
	chrVI	219481	0	0.5	25
	chrVI	219483	0	0.5	25
	chrVI	219512	0	0.5	25
	chrVI	219525	1	0.5	25
	chrVI	219530	1	0.5	25
	chrVI	219532	0	0.5	25
	chrVI	219535	0	0.5	25
	chrVI	219544	1	0.5	25
	chrVI	219545	1	0.5	25
	chrVI	219549	0	1.0	25
	chrVI	219555	1	0.5	25
	chrVI	219561	0	0.5	25
	chrVI	219578	0	0.5	25
	chrVI	219596	0	0.5	25
	chrVI	219615	1	0.5	25
	chrVI	219629	1	0.5	25
	chrVI	219647	1	0.5	25
	chrVI	219663	0	0.5	25
	chrVI	219667	0	0.5	25
	chrVI	219672	1	0.5	25
	chrVI	219688	0	0.5	25
	chrVI	219700	1	0.5	25
	chrVI	219713	1	0.5	25
	chrVI	219726	1	0.5	25
	chrVI	219732	1	0.5	25
	chrVI	219733	0	0.5	25
	chrVI	219738	1	0.5	25
	chrVI	219747	1	0.5	25
	chrVI	219774	0	0.5	25
	chrVI	219816	1	0.5	25
	chrVI	219860	0	0.5	25
	chrVI	219865	1	0.5	25
	chrVI	219885	0	0.5	25
	chrVI	219956	0	0.5	25
	chrVI	220000	1	0.5	25
	chrVI	220008	0	0.5	25
	chrVI	220017	1	0.5	25
	chrVI	220018	0	0.5	25
	chrVI	220019	0	0.5	25
	chrVI	220024	0	0.5	25
	chrVI	220030	0	0.5	25
	chrVI	220046	1	0.5	25
	chrVI	220070	1	0.5	25
	chrVI	220089	0	0.5	25
	chrVI	220090	1	0.5	25
	chrVI	220097	1	0.5	25
	chrVI	220130	0	0.5	25
	chrVI	220161	0	0.5	25
	chrVI	220177	0	0.5	25
	chrVI	220178	0	0.5	25
	chrVI	220179	0	0.5	25
	chrVI	220183	1	0.5	25
	chrVI	220184	0	0.5	25
	chrVI	220191	1	0.5	25
	chrVI	220194	0	0.5	25
	chrVI	220199	0	0.5	25
	chrVI	220204	0	1.5	25
	chrVI	220207	0	0.5	25
	chrVI	220211	0	0.5	25
	chrVI	220211	1	0.5	25
	chrVI	220240	0	0.5	25
	chrVI	220241	0	0.5	25
	chrVI	220241	1	1.0	25
	chrVI	220242	1	0.5	25
	chrVI	220250	1	0.5	25
	chrVI	220251	0	2.0	25
	chrVI	220259	0	0.5	25
	chrVI	220259	1	0.5	25
	chrVI	220260	1	0.5	25
	chrVI	220264	1	1.5	25
	chrVI	220267	1	1.0	25
	chrVI	220268	1	0.5	25
	chrVI	220285	0	0.5	25
	chrVI	220297	1	0.5	25
	chrVI	220327	1	1.0	25
	chrVI	220338	0	0.5	25
	chrVI	220354	1	0.5	25
	chrVI	220356	1	0.5	25
	chrVI	220362	0	0.5	25
	chrVI	220365	1	1.0	25
	chrVI	220366	0	0.5	25
	chrVI	220387	0	0.5	25
	chrVI	220390	0	0.5	25
	chrVI	220403	0	0.5	25
	chrVI	220404	0	0.5	25
	chrVI	220406	1	0.5	25
	chrVI	220419	0	0.5	25
	chrVI	220422	1	0.5	25
	chrVI	220423	1	0.5	25
	chrVI	220424	0	0.5	25
	chrVI	220425	0	1.5	25
	chrVI	220429	1	0.5	25
	chrVI	220437	1	0.5	25
	chrVI	220441	0	0.5	25
	chrVI	220454	1	0.5	25
	chrVI	220458	1	0.5	25
	chrVI	220460	1	0.5	25
	chrVI	220481	1	0.5	25
	chrVI	220484	1	0.5	23
	chrVI	220484	1	0.5	25
	chrVI	220491	1	0.5	25
	chrVI	220505	0	0.5	25
	chrVI	220549	0	1.0	25
	chrVI	220602	1	0.5	25
	chrVI	220604	1	0.5	25
	chrVI	220610	1	1.0	25
	chrVI	220611	1	0.5	25
	chrVI	220632	1	0.5	25
	chrVI	220755	0	0.5	25
	chrVI	220809	0	0.5	25
	chrVI	220824	0	0.5	25
	chrVI	220843	1	0.5	25
	chrVI	220872	1	0.5	25
	chrVI	220938	1	0.5	25
	chrVI	220942	0	0.5	25
	chrVI	220961	0	0.5	25
	chrVI	220968	0	0.5	25
	chrVI	221032	0	0.5	25
	chrVI	221036	1	0.5	25
	chrVI	221038	0	1.0	25
	chrVI	221049	1	0.5	25
	chrVI	221066	0	0.5	25
	chrVI	221099	0	0.5	25
	chrVI	221109	1	0.5	25
	chrVI	221110	1	0.5	25
	chrVI	221112	1	0.5	25
	chrVI	221152	1	0.5	25
	chrVI	221189	1	0.5	25
	chrVI	221190	0	1.0	25
	chrVI	221204	0	0.5	25
	chrVI	221211	1	0.5	25
	chrVI	221232	0	1.0	25
	chrVI	221254	0	0.5	25
	chrVI	221263	1	1.0	25
	chrVI	221294	1	0.5	25
	chrVI	221304	1	1.0	25
	chrVI	221307	1	0.5	25
	chrVI	221310	0	0.5	25
	chrVI	221314	0	0.5	25
	chrVI	221322	0	0.5	25
	chrVI	221375	0	0.5	25
	chrVI	221383	0	0.5	25
	chrVI	221389	1	0.5	25
	chrVI	221443	0	0.5	25
	chrVI	221446	0	0.5	25
	chrVI	221448	0	1.5	25
	chrVI	221456	1	0.5	25
	chrVI	221463	1	0.5	25
	chrVI	221473	0	0.5	25
	chrVI	221492	1	0.5	25
	chrVI	221495	0	0.5	25
	chrVI	221508	1	0.5	25
	chrVI	221510	0	0.5	25
	chrVI	221515	0	0.5	25
	chrVI	221531	0	0.5	25
	chrVI	221536	1	1.0	25
	chrVI	221543	0	1.5	25
	chrVI	221545	1	0.5	25
	chrVI	221556	1	0.5	25
	chrVI	221557	0	0.5	25
	chrVI	221562	0	0.5	25
	chrVI	221569	0	1.0	25
	chrVI	221574	1	0.5	25
	chrVI	221578	1	1.0	25
	chrVI	221581	0	1.0	25
	chrVI	221585	0	0.5	25
	chrVI	221610	1	0.5	25
	chrVI	221616	0	0.5	25
	chrVI	221622	1	1.0	25
	chrVI	221623	0	0.5	25
	chrVI	221623	1	0.5	25
	chrVI	221624	0	1.0	25
	chrVI	221626	1	1.5	25
	chrVI	221628	1	0.5	25
	chrVI	221637	0	0.5	25
	chrVI	221645	0	0.5	25
	chrVI	221656	0	0.5	25
	chrVI	221657	0	0.5	25
	chrVI	221661	1	2.0	25
	chrVI	221665	0	0.5	25
	chrVI	221673	0	1.5	25
	chrVI	221674	1	1.0	25
	chrVI	221694	0	1.0	25
	chrVI	221696	1	0.5	25
	chrVI	221708	1	0.5	25
	chrVI	221709	1	0.5	25
	chrVI	221710	0	1.5	25
	chrVI	221716	1	1.0	25
	chrVI	221724	0	0.5	25
	chrVI	221729	1	0.5	25
	chrVI	221734	0	1.0	25
	chrVI	221755	0	0.5	25
	chrVI	221756	0	2.5	25
	chrVI	221767	1	0.5	25
	chrVI	221774	1	0.5	25
	chrVI	221775	0	0.5	25
	chrVI	221782	0	0.5	25
	chrVI	221799	1	0.5	25
	chrVI	221800	1	1.5	25
	chrVI	221812	1	0.5	25
	chrVI	221816	1	1.0	25
	chrVI	221825	1	1.5	25
	chrVI	221826	1	0.5	25
	chrVI	221828	1	0.5	25
	chrVI	221836	0	0.5	25
	chrVI	221840	1	1.0	25
	chrVI	221841	1	0.5	25
	chrVI	221847	1	0.5	25
	chrVI	221850	1	0.5	25
	chrVI	221851	0	0.5	25
	chrVI	221862	0	0.5	25
	chrVI	221873	0	1.0	25
	chrVI	221883	0	0.5	25
	chrVI	221892	0	0.5	25
	chrVI	221927	1	0.5	25
	chrVI	221933	1	0.5	25
	chrVI	221934	0	0.5	25
	chrVI	221936	1	0.5	25
	chrVI	221948	1	0.5	25
	chrVI	221951	1	1.0	25
	chrVI	221953	0	0.5	25
	chrVI	221953	1	0.5	25
	chrVI	221958	0	0.5	25
	chrVI	221975	0	1.5	25
	chrVI	221987	1	0.5	25
	chrVI	221998	0	0.5	25
	chrVI	222001	1	0.5	25
	chrVI	222003	1	0.5	25
	chrVI	222008	1	0.5	25
	chrVI	222013	1	0.5	25
	chrVI	222014	0	0.5	25
	chrVI	222015	0	0.5	25
	chrVI	222017	1	1.0	25
	chrVI	222018	0	0.5	25
	chrVI	222033	0	0.5	25
	chrVI	222057	0	0.5	25
	chrVI	222063	0	0.5	25
	chrVI	222086	0	0.5	25
	chrVI	222093	1	0.5	25
	chrVI	222094	0	0.5	25
	chrVI	222126	0	0.5	25
	chrVI	222128	1	0.5	25
	chrVI	222131	1	0.5	25
	chrVI	222141	0	0.5	25
	chrVI	222145	1	0.5	25
	chrVI	222147	1	0.5	25
	chrVI	222148	1	0.5	25
	chrVI	222166	0	0.5	25
	chrVI	222167	1	0.5	25
	chrVI	222172	0	0.5	25
	chrVI	222194	1	0.5	25
	chrVI	222213	0	0.5	25
	chrVI	222213	1	0.5	25
	chrVI	222214	0	1.0	25
	chrVI	222236	1	0.5	25
	chrVI	222237	1	0.5	25
	chrVI	222254	0	1.0	25
	chrVI	222259	1	0.5	25
	chrVI	222283	0	0.5	25
	chrVI	222298	0	0.5	25
	chrVI	222300	1	0.5	25
	chrVI	222306	0	0.5	25
	chrVI	222306	1	1.0	25
	chrVI	222334	0	0.5	25
	chrVI	222348	0	0.5	25
	chrVI	222353	1	0.5	25
	chrVI	222357	1	0.5	25
	chrVI	222359	1	0.5	25
	chrVI	222374	1	1.0	25
	chrVI	222386	1	0.5	25
	chrVI	222398	0	0.5	25
	chrVI	222404	0	0.5	25
	chrVI	222419	1	0.5	25
	chrVI	222421	1	0.5	25
	chrVI	222444	1	0.5	25
	chrVI	222474	1	0.5	25
	chrVI	222482	1	0.5	25
	chrVI	222559	0	0.5	25
	chrVI	222649	1	0.5	25
	chrVI	222685	0	0.5	25
	chrVI	222697	0	0.5	25
	chrVI	222707	0	0.5	25
	chrVI	222718	0	0.5	25
	chrVI	222731	0	0.5	25
	chrVI	222761	0	1.0	25
	chrVI	222774	1	0.5	25
	chrVI	222791	0	0.5	25
	chrVI	222840	1	1.0	25
	chrVI	222846	1	0.5	25
	chrVI	222854	0	0.5	25
	chrVI	222855	0	0.5	25
	chrVI	222864	1	0.5	25
	chrVI	222872	0	0.5	25
	chrVI	222879	1	0.5	25
	chrVI	222903	1	0.5	25
	chrVI	222909	1	0.5	25
	chrVI	222939	1	0.5	25
	chrVI	222965	0	0.5	25
	chrVI	223000	0	0.5	25
	chrVI	223003	0	0.5	25
	chrVI	223029	1	0.5	25
	chrVI	223034	1	0.5	25
	chrVI	223041	0	0.5	25
	chrVI	223044	0	0.5	25
	chrVI	223051	0	0.5	25
	chrVI	223056	1	0.5	25
	chrVI	223058	0	0.5	25
	chrVI	223073	0	0.5	25
	chrVI	223075	0	0.5	25
	chrVI	223093	1	0.5	25
	chrVI	223095	0	0.5	25
	chrVI	223096	0	0.5	25
	chrVI	223096	1	1.0	25
	chrVI	223097	0	1.5	25
	chrVI	223097	1	0.5	25
	chrVI	223099	0	0.5	25
	chrVI	223115	1	0.5	25
	chrVI	223116	0	0.5	25
	chrVI	223128	0	0.5	25
	chrVI	223139	1	0.5	25
	chrVI	223149	1	0.5	25
	chrVI	223151	0	0.5	25
	chrVI	223152	1	0.5	25
	chrVI	223158	1	0.5	25
	chrVI	223159	1	0.5	25
	chrVI	223160	1	0.5	25
	chrVI	223161	1	0.5	25
	chrVI	223181	1	0.5	25
	chrVI	223182	1	0.5	25
	chrVI	223183	0	0.5	25
	chrVI	223184	0	1.0	25
	chrVI	223200	1	0.5	25
	chrVI	223201	0	0.5	25
	chrVI	223206	0	1.0	25
	chrVI	223239	1	0.5	25
	chrVI	223241	1	1.0	25
	chrVI	223244	1	0.5	25
	chrVI	223249	1	0.5	25
	chrVI	223275	0	0.5	25
	chrVI	223283	1	0.5	25
	chrVI	223297	1	0.5	25
	chrVI	223316	1	0.5	25
	chrVI	223326	0	0.5	25
	chrVI	223332	0	0.5	25
	chrVI	223342	1	0.5	25
	chrVI	223358	0	0.5	25
	chrVI	223385	0	0.5	25
	chrVI	223397	1	0.5	25
	chrVI	223403	1	0.5	25
	chrVI	223418	0	0.5	25
	chrVI	223431	0	0.5	25
	chrVI	223432	0	1.0	25
	chrVI	223438	1	0.5	25
	chrVI	223447	1	0.5	25
	chrVI	223448	0	0.5	25
	chrVI	223484	1	0.5	25
	chrVI	223497	0	0.5	25
	chrVI	223498	1	0.5	25
	chrVI	223503	1	0.5	25
	chrVI	223506	0	0.5	25
	chrVI	223507	0	0.5	25
	chrVI	223507	1	0.5	25
	chrVI	223512	0	1.0	25
	chrVI	223534	0	0.5	25
	chrVI	223538	1	0.5	25
	chrVI	223577	1	0.5	25
	chrVI	223579	1	1.0	25
	chrVI	223588	1	0.5	25
	chrVI	223591	0	0.5	25
	chrVI	223601	0	0.5	25
	chrVI	223609	1	0.5	25
	chrVI	223620	0	0.5	25
	chrVI	223624	0	0.5	25
	chrVI	223625	0	1.0	25
	chrVI	223650	1	0.5	25
	chrVI	223665	0	0.5	25
	chrVI	223673	1	0.5	25
	chrVI	223675	0	0.5	25
	chrVI	223679	0	0.5	25
	chrVI	223690	1	1.0	25
	chrVI	223691	0	0.5	25
	chrVI	223695	0	0.5	25
	chrVI	223702	0	0.5	25
	chrVI	223717	1	0.5	25
	chrVI	223727	0	0.5	25
	chrVI	223734	1	0.5	25
	chrVI	223735	1	0.5	25
	chrVI	223736	1	0.5	25
	chrVI	223754	1	0.5	25
	chrVI	223761	1	0.5	25
	chrVI	223762	0	0.5	25
	chrVI	223771	1	0.5	25
	chrVI	223788	0	0.5	25
	chrVI	223792	0	0.5	25
	chrVI	223816	1	0.5	25
	chrVI	223823	0	0.5	25
	chrVI	223825	0	0.5	25
	chrVI	223825	1	0.5	25
	chrVI	223828	1	1.0	25
	chrVI	223831	0	0.5	25
	chrVI	223833	0	0.5	25
	chrVI	223840	0	1.0	25
	chrVI	223857	1	0.5	25
	chrVI	223859	0	0.5	25
	chrVI	223860	0	0.5	25
	chrVI	223874	1	0.5	25
	chrVI	223880	0	0.5	25
	chrVI	223882	1	0.5	25
	chrVI	223885	0	0.5	25
	chrVI	223887	0	1.5	25
	chrVI	223887	1	0.5	25
	chrVI	223893	1	0.5	25
	chrVI	223899	1	0.5	25
	chrVI	223906	0	1.0	25
	chrVI	223906	1	0.5	25
	chrVI	223908	0	1.0	25
	chrVI	223919	1	0.5	25
	chrVI	223928	0	0.5	25
	chrVI	223928	1	1.0	25
	chrVI	223929	0	0.5	25
	chrVI	223931	1	0.5	25
	chrVI	223945	1	0.5	25
	chrVI	223964	1	1.0	25
	chrVI	223972	0	0.5	25
	chrVI	223973	1	0.5	25
	chrVI	223979	1	0.5	25
	chrVI	223981	0	0.5	25
	chrVI	223986	1	0.5	25
	chrVI	223987	0	1.0	25
	chrVI	223987	1	1.0	25
	chrVI	223996	1	0.5	25
	chrVI	224011	0	0.5	25
	chrVI	224020	1	0.5	25
	chrVI	224062	0	0.5	25
	chrVI	224079	0	0.5	25
	chrVI	224085	1	0.5	25
	chrVI	224086	0	0.5	25
	chrVI	224098	0	0.5	25
	chrVI	224099	0	0.5	25
	chrVI	224103	0	0.5	25
	chrVI	224111	0	0.5	25
	chrVI	224127	1	1.0	25
	chrVI	224141	1	0.5	25
	chrVI	224143	1	1.5	25
	chrVI	224146	0	0.5	25
	chrVI	224148	0	0.5	25
	chrVI	224162	1	0.5	25
	chrVI	224175	1	1.0	25
	chrVI	224176	0	1.0	25
	chrVI	224177	1	0.5	25
	chrVI	224188	1	0.5	25
	chrVI	224207	1	0.5	25
	chrVI	224228	0	0.5	25
	chrVI	224232	1	0.5	25
	chrVI	224234	0	0.5	25
	chrVI	224241	0	1.0	25
	chrVI	224288	1	0.5	25
	chrVI	224291	0	0.5	25
	chrVI	224292	1	0.5	25
	chrVI	224298	1	0.5	25
	chrVI	224300	1	0.5	25
	chrVI	224303	1	0.5	25
	chrVI	224321	0	1.0	25
	chrVI	224341	0	0.5	25
	chrVI	224346	1	0.5	25
	chrVI	224350	0	1.0	25
	chrVI	224372	0	0.5	25
	chrVI	224407	1	0.5	25
	chrVI	224409	0	0.5	25
	chrVI	224438	1	0.5	25
	chrVI	224449	1	0.5	25
	chrVI	224470	0	0.5	25
	chrVI	224486	0	0.5	25
	chrVI	224497	1	0.5	25
	chrVI	224513	1	0.5	25
	chrVI	224516	0	0.5	25
	chrVI	224522	0	0.5	25
	chrVI	224523	1	1.0	25
	chrVI	224524	1	0.5	23
	chrVI	224529	0	1.0	25
	chrVI	224566	1	0.5	25
	chrVI	224576	1	0.5	25
	chrVI	224580	1	0.5	25
	chrVI	224603	0	0.5	25
	chrVI	224613	1	0.5	25
	chrVI	224616	1	0.5	25
	chrVI	224635	1	0.5	25
	chrVI	224654	0	0.5	25
	chrVI	224655	0	0.5	25
	chrVI	224672	1	0.5	25
	chrVI	224688	1	0.5	25
	chrVI	224717	1	0.5	25
	chrVI	224787	0	0.5	25
	chrVI	224809	0	0.5	25
	chrVI	224815	0	0.5	25
	chrVI	224823	0	1.0	25
	chrVI	224825	1	0.5	25
	chrVI	224831	0	0.5	25
	chrVI	224846	0	1.0	25
	chrVI	224849	0	0.5	25
	chrVI	224873	1	0.5	25
	chrVI	224884	0	0.5	25
	chrVI	224885	0	2.0	25
	chrVI	224886	0	1.0	25
	chrVI	224890	0	0.5	25
	chrVI	224895	0	1.5	25
	chrVI	224902	1	1.5	25
	chrVI	224903	0	0.5	25
	chrVI	224909	0	0.5	25
	chrVI	224909	1	0.5	25
	chrVI	224942	1	0.5	25
	chrVI	224946	1	2.5	25
	chrVI	224947	1	1.5	25
	chrVI	224948	1	2.0	25
	chrVI	224949	0	1.0	25
	chrVI	224964	0	0.5	25
	chrVI	224964	1	0.5	25
	chrVI	225008	1	1.0	25
	chrVI	225010	0	2.0	25
	chrVI	225041	1	0.5	25
	chrVI	225042	0	0.5	25
	chrVI	225044	0	1.5	25
	chrVI	225069	1	0.5	25
	chrVI	225089	1	0.5	25
	chrVI	225092	1	0.5	25
	chrVI	225096	1	1.0	25
	chrVI	225105	0	0.5	25
	chrVI	225119	1	0.5	25
	chrVI	225157	1	0.5	25
	chrVI	225170	0	0.5	25
	chrVI	225184	1	1.0	25
	chrVI	225193	0	0.5	25
	chrVI	225197	1	0.5	25
	chrVI	225249	0	0.5	25
	chrVI	225261	0	0.5	25
	chrVI	225300	0	0.5	25
	chrVI	225333	1	0.5	25
	chrVI	225339	1	0.5	25
	chrVI	225372	1	0.5	25
	chrVI	225378	1	0.5	25
	chrVI	225389	1	0.5	25
	chrVI	225397	1	0.5	25
	chrVI	225401	0	0.5	25
	chrVI	225408	0	0.5	25
	chrVI	225416	0	0.5	25
	chrVI	225428	0	1.0	25
	chrVI	225429	0	0.5	25
	chrVI	225434	0	0.5	25
	chrVI	225436	0	1.0	25
	chrVI	225437	0	0.5	25
	chrVI	225444	0	1.0	25
	chrVI	225448	0	0.5	25
	chrVI	225456	0	1.0	25
	chrVI	225477	1	0.5	25
	chrVI	225479	0	0.5	25
	chrVI	225483	1	0.5	25
	chrVI	225486	1	0.5	25
	chrVI	225493	1	0.5	25
	chrVI	225496	0	0.5	25
	chrVI	225498	0	0.5	25
	chrVI	225498	1	1.0	25
	chrVI	225499	0	0.5	25
	chrVI	225503	1	1.0	25
	chrVI	225508	1	0.5	25
	chrVI	225509	1	0.5	25
	chrVI	225513	1	0.5	25
	chrVI	225516	1	0.5	25
	chrVI	225518	1	0.5	25
	chrVI	225524	1	1.0	25
	chrVI	225535	1	1.0	25
	chrVI	225554	0	1.0	25
	chrVI	225563	0	1.0	25
	chrVI	225571	0	0.5	25
	chrVI	225581	0	0.5	25
	chrVI	225584	1	0.5	25
	chrVI	225585	0	1.5	25
	chrVI	225638	1	0.5	25
	chrVI	225641	1	0.5	25
	chrVI	225643	1	1.0	25
	chrVI	225644	0	0.5	25
	chrVI	225654	1	0.5	25
	chrVI	225663	1	0.5	25
	chrVI	225757	1	1.0	25
	chrVI	225777	1	1.0	25
	chrVI	225811	0	0.5	25
	chrVI	225833	0	0.5	25
	chrVI	225834	0	0.5	25
	chrVI	225856	0	0.5	25
	chrVI	225872	1	0.5	25
	chrVI	225887	0	0.5	25
	chrVI	225906	1	0.5	25
	chrVI	225934	1	0.5	25
	chrVI	225941	1	0.5	24
	chrVI	225946	0	0.5	25
	chrVI	225974	1	0.5	25
	chrVI	225989	0	0.5	25
	chrVI	225990	0	0.5	25
	chrVI	225999	0	0.5	25
	chrVI	226009	1	0.5	25
	chrVI	226028	0	0.5	25
	chrVI	226036	1	0.5	25
	chrVI	226040	0	1.0	25
	chrVI	226041	0	1.0	25
	chrVI	226042	0	1.0	25
	chrVI	226043	1	0.5	25
	chrVI	226044	0	2.5	25
	chrVI	226053	1	0.5	25
	chrVI	226054	0	1.5	25
	chrVI	226055	0	1.0	25
	chrVI	226065	0	0.5	25
	chrVI	226069	1	0.5	25
	chrVI	226107	0	0.5	25
	chrVI	226112	1	2.0	25
	chrVI	226113	0	0.5	25
	chrVI	226118	1	1.5	25
	chrVI	226119	0	0.5	25
	chrVI	226119	1	1.5	25
	chrVI	226121	0	0.5	25
	chrVI	226121	1	1.5	25
	chrVI	226122	1	1.5	25
	chrVI	226123	0	2.5	24
	chrVI	226123	0	1.5	25
	chrVI	226132	1	0.5	25
	chrVI	226134	1	0.5	25
	chrVI	226168	1	1.0	25
	chrVI	226172	1	0.5	25
	chrVI	226175	1	1.5	25
	chrVI	226176	1	1.0	25
	chrVI	226177	0	1.0	25
	chrVI	226179	0	0.5	25
	chrVI	226198	1	0.5	25
	chrVI	226199	1	1.0	25
	chrVI	226200	0	0.5	25
	chrVI	226214	1	0.5	25
	chrVI	226215	1	0.5	25
	chrVI	226229	0	0.5	25
	chrVI	226244	1	0.5	25
	chrVI	226267	1	0.5	25
	chrVI	226337	0	0.5	25
	chrVI	226345	1	0.5	25
	chrVI	226354	0	0.5	25
	chrVI	226360	0	0.5	25
	chrVI	226361	0	0.5	25
	chrVI	226393	1	0.5	25
	chrVI	226400	0	0.5	25
	chrVI	226416	0	0.5	25
	chrVI	226418	1	0.5	25
	chrVI	226434	1	0.5	25
	chrVI	226444	1	0.5	25
	chrVI	226483	1	0.5	23
	chrVI	226502	0	1.5	25
	chrVI	226514	0	0.5	25
	chrVI	226527	0	0.5	25
	chrVI	226530	0	0.5	25
	chrVI	226531	0	0.5	25
	chrVI	226540	1	0.5	25
	chrVI	226548	1	1.0	25
	chrVI	226549	0	0.5	25
	chrVI	226550	0	0.5	25
	chrVI	226553	0	1.0	25
	chrVI	226558	0	0.5	25
	chrVI	226559	0	0.5	25
	chrVI	226559	1	0.5	25
	chrVI	226560	0	4.0	25
	chrVI	226561	0	1.5	25
	chrVI	226562	0	1.0	25
	chrVI	226563	0	0.5	25
	chrVI	226568	0	0.5	25
	chrVI	226573	1	0.5	25
	chrVI	226576	0	0.5	25
	chrVI	226578	0	1.5	25
	chrVI	226579	0	1.0	25
	chrVI	226581	0	0.5	25
	chrVI	226599	1	1.0	25
	chrVI	226600	0	1.0	25
	chrVI	226617	1	0.5	25
	chrVI	226618	1	1.5	25
	chrVI	226619	1	2.5	25
	chrVI	226620	0	3.5	25
	chrVI	226620	1	1.0	25
	chrVI	226624	1	0.5	25
	chrVI	226625	1	1.0	25
	chrVI	226628	1	1.0	25
	chrVI	226629	0	0.5	25
	chrVI	226629	1	2.0	25
	chrVI	226630	0	2.0	25
	chrVI	226633	1	0.5	25
	chrVI	226634	1	0.5	25
	chrVI	226637	1	0.5	25
	chrVI	226638	1	1.0	25
	chrVI	226643	1	1.0	25
	chrVI	226646	1	0.5	25
	chrVI	226669	1	0.5	25
	chrVI	226670	0	1.0	25
	chrVI	226670	1	3.0	25
	chrVI	226671	0	0.5	25
	chrVI	226671	1	0.5	25
	chrVI	226677	1	0.5	25
	chrVI	226686	1	0.5	25
	chrVI	226693	0	0.5	25
	chrVI	226695	0	0.5	25
	chrVI	226696	1	1.0	25
	chrVI	226704	0	0.5	25
	chrVI	226713	1	1.0	25
	chrVI	226717	1	0.5	25
	chrVI	226719	1	0.5	25
	chrVI	226725	1	0.5	25
	chrVI	226733	1	0.5	25
	chrVI	226746	1	0.5	25
	chrVI	226756	0	1.0	25
	chrVI	226764	1	0.5	25
	chrVI	226777	0	0.5	25
	chrVI	226798	1	0.5	25
	chrVI	226805	1	0.5	25
	chrVI	226822	1	0.5	25
	chrVI	226823	0	2.0	25
	chrVI	226823	1	0.5	25
	chrVI	226824	0	1.0	25
	chrVI	226829	0	0.5	25
	chrVI	226840	0	0.5	25
	chrVI	226846	1	0.5	25
	chrVI	226855	0	0.5	25
	chrVI	226856	0	0.5	25
	chrVI	226861	0	0.5	25
	chrVI	226892	1	0.5	25
	chrVI	226898	1	0.5	25
	chrVI	226899	1	0.5	25
	chrVI	226905	1	2.5	25
	chrVI	226906	1	1.0	25
	chrVI	226912	0	0.5	25
	chrVI	226914	1	0.5	25
	chrVI	226951	0	0.5	25
	chrVI	226956	0	0.5	25
	chrVI	227017	1	0.5	25
	chrVI	227020	0	0.5	25
	chrVI	227040	1	0.5	25
	chrVI	227080	1	0.5	25
	chrVI	227085	0	0.5	25
	chrVI	227101	1	0.5	25
	chrVI	227142	1	0.5	25
	chrVI	227159	0	0.5	25
	chrVI	227187	0	0.5	25
	chrVI	227252	0	0.5	25
	chrVI	227262	1	0.5	25
	chrVI	227317	1	0.5	25
	chrVI	227332	1	0.5	25
	chrVI	227424	0	0.5	25
	chrVI	227444	0	0.5	25
	chrVI	227455	0	0.5	25
	chrVI	227459	0	0.5	25
	chrVI	227477	1	0.5	25
	chrVI	227501	1	0.5	23
	chrVI	227502	0	1.0	25
	chrVI	227504	1	0.5	24
	chrVI	227518	0	0.5	25
	chrVI	227518	1	0.5	25
	chrVI	227533	0	0.5	25
	chrVI	227574	1	1.0	25
	chrVI	227579	0	0.5	25
	chrVI	227592	0	0.5	25
	chrVI	227601	0	1.0	25
	chrVI	227601	1	0.5	25
	chrVI	227666	0	0.5	25
	chrVI	227668	1	0.5	25
	chrVI	227672	1	0.5	25
	chrVI	227681	1	0.5	25
	chrVI	227683	1	1.0	25
	chrVI	227688	0	0.5	25
	chrVI	227703	0	0.5	25
	chrVI	227748	1	0.5	25
	chrVI	227763	0	0.5	25
	chrVI	227766	1	0.5	25
	chrVI	227781	1	0.5	25
	chrVI	227791	0	0.5	25
	chrVI	227800	0	0.5	25
	chrVI	227804	0	0.5	25
	chrVI	227809	0	0.5	25
	chrVI	227819	1	0.5	25
	chrVI	227834	0	0.5	25
	chrVI	227837	0	0.5	25
	chrVI	227838	0	0.5	25
	chrVI	227867	1	0.5	25
	chrVI	227869	1	0.5	25
	chrVI	227877	1	0.5	25
	chrVI	227891	1	0.5	25
	chrVI	227897	1	0.5	25
	chrVI	227904	0	0.5	25
	chrVI	227921	0	0.5	25
	chrVI	227941	0	0.5	25
	chrVI	227948	1	0.5	25
	chrVI	227963	1	0.5	25
	chrVI	227971	1	0.5	25
	chrVI	227988	0	0.5	25
	chrVI	228002	1	0.5	25
	chrVI	228035	0	0.5	25
	chrVI	228063	1	0.5	25
	chrVI	228076	0	0.5	25
	chrVI	228090	1	0.5	25
	chrVI	228106	0	0.5	25
	chrVI	228122	1	0.5	25
	chrVI	228130	0	0.5	25
	chrVI	228144	0	0.5	25
	chrVI	228146	1	0.5	25
	chrVI	228159	0	0.5	24
	chrVI	228166	0	0.5	25
	chrVI	228172	0	0.5	25
	chrVI	228179	1	0.5	25
	chrVI	228193	1	0.5	25
	chrVI	228201	0	0.5	25
	chrVI	228213	1	0.5	25
	chrVI	228219	1	0.5	25
	chrVI	228244	1	0.5	25
	chrVI	228247	1	0.5	25
	chrVI	228302	0	0.5	25
	chrVI	228309	1	0.5	25
	chrVI	228341	0	0.5	25
	chrVI	228343	1	0.5	25
	chrVI	228351	0	0.5	25
	chrVI	228399	1	0.5	25
	chrVI	228404	0	1.0	25
	chrVI	228414	1	0.5	25
	chrVI	228459	0	0.5	25
	chrVI	228461	0	0.5	25
	chrVI	228462	1	0.5	25
	chrVI	228463	0	0.5	25
	chrVI	228493	1	0.5	25
	chrVI	228522	1	0.5	25
	chrVI	228607	1	0.5	25
	chrVI	228638	0	0.5	25
	chrVI	228644	0	0.5	25
	chrVI	228656	0	0.5	25
	chrVI	228696	0	0.5	25
	chrVI	228705	1	0.5	25
	chrVI	228717	1	0.5	25
	chrVI	228722	1	0.5	25
	chrVI	228730	0	1.5	25
	chrVI	228733	0	0.5	25
	chrVI	228753	1	0.5	25
	chrVI	228762	0	0.5	25
	chrVI	228824	1	0.5	25
	chrVI	228850	0	0.5	25
	chrVI	228860	1	0.5	25
	chrVI	228861	1	1.5	25
	chrVI	228891	1	0.5	25
	chrVI	228903	1	0.5	25
	chrVI	228922	0	0.5	25
	chrVI	228931	0	0.5	25
	chrVI	228978	0	0.5	25
	chrVI	229015	0	0.5	25
	chrVI	229039	0	0.5	25
	chrVI	229040	1	0.5	25
	chrVI	229041	0	0.5	25
	chrVI	229048	0	0.5	25
	chrVI	229051	0	0.5	25
	chrVI	229065	0	0.5	25
	chrVI	229078	1	0.5	25
	chrVI	229101	1	0.5	25
	chrVI	229103	1	0.5	25
	chrVI	229105	1	0.5	25
	chrVI	229115	1	0.5	25
	chrVI	229143	0	0.5	25
	chrVI	229149	1	0.5	25
	chrVI	229180	1	0.5	25
	chrVI	229182	1	0.5	25
	chrVI	229191	1	0.5	25
	chrVI	229201	0	0.5	25
	chrVI	229211	0	1.0	25
	chrVI	229227	0	0.5	25
	chrVI	229230	0	0.5	25
	chrVI	229234	0	0.5	25
	chrVI	229236	0	1.0	25
	chrVI	229237	0	3.0	25
	chrVI	229238	0	2.5	25
	chrVI	229239	0	1.0	25
	chrVI	229240	0	1.0	25
	chrVI	229241	0	0.5	25
	chrVI	229253	0	1.0	25
	chrVI	229258	0	0.5	25
	chrVI	229259	0	0.5	25
	chrVI	229260	0	1.0	25
	chrVI	229266	0	1.0	25
	chrVI	229268	0	0.5	25
	chrVI	229272	1	1.0	25
	chrVI	229275	0	0.5	25
	chrVI	229279	0	0.5	25
	chrVI	229292	0	0.5	25
	chrVI	229294	0	0.5	25
	chrVI	229297	1	1.0	25
	chrVI	229305	1	0.5	25
	chrVI	229308	1	0.5	25
	chrVI	229309	0	0.5	25
	chrVI	229311	1	0.5	25
	chrVI	229316	0	0.5	25
	chrVI	229321	1	1.0	25
	chrVI	229322	1	1.0	25
	chrVI	229324	0	0.5	25
	chrVI	229325	1	0.5	25
	chrVI	229326	1	0.5	25
	chrVI	229330	1	1.0	25
	chrVI	229331	1	0.5	25
	chrVI	229333	1	0.5	25
	chrVI	229334	1	3.5	25
	chrVI	229335	1	3.0	25
	chrVI	229339	1	0.5	25
	chrVI	229344	0	0.5	25
	chrVI	229345	1	1.0	25
	chrVI	229346	0	0.5	25
	chrVI	229352	1	1.0	25
	chrVI	229354	1	1.0	25
	chrVI	229355	0	0.5	25
	chrVI	229355	1	0.5	25
	chrVI	229387	1	0.5	25
	chrVI	229395	1	0.5	25
	chrVI	229449	0	0.5	25
	chrVI	229451	1	0.5	25
	chrVI	229460	1	0.5	25
	chrVI	229486	0	1.0	25
	chrVI	229506	0	0.5	24
	chrVI	229517	0	0.5	25
	chrVI	229521	0	1.0	25
	chrVI	229529	1	0.5	24
	chrVI	229536	1	0.5	25
	chrVI	229542	0	0.5	25
	chrVI	229616	1	0.5	25
	chrVI	229635	1	0.5	25
	chrVI	229646	0	1.0	25
	chrVI	229683	1	0.5	25
	chrVI	229691	0	1.0	25
	chrVI	229694	0	0.5	25
	chrVI	229719	1	1.0	25
	chrVI	229753	1	1.0	25
	chrVI	229759	1	1.0	25
	chrVI	229769	0	0.5	25
	chrVI	229807	0	0.5	25
	chrVI	229816	1	0.5	25
	chrVI	229824	1	1.0	25
	chrVI	229845	1	0.5	25
	chrVI	229889	1	0.5	25
	chrVI	229903	0	0.5	25
	chrVI	229937	0	1.0	25
	chrVI	229970	0	1.0	25
	chrVI	229972	0	0.5	25
	chrVI	229974	0	0.5	25
	chrVI	229976	0	1.0	25
	chrVI	229987	0	0.5	25
	chrVI	230026	1	2.0	25
	chrVI	230029	0	0.5	25
	chrVI	230033	1	0.5	25
	chrVI	230035	0	0.5	25
	chrVI	230039	1	1.5	25
	chrVI	230043	0	0.5	25
	chrVI	230051	1	0.5	25
	chrVI	230054	0	0.5	25
	chrVI	230073	0	0.5	25
	chrVI	230084	1	0.5	25
	chrVI	230087	1	0.5	25
	chrVI	230096	0	0.5	25
	chrVI	230097	0	0.5	25
	chrVI	230110	0	0.5	25
	chrVI	230135	1	0.5	25
	chrVI	230145	0	0.5	25
	chrVI	230151	1	0.5	25
	chrVI	230171	0	0.5	25
	chrVI	230179	1	0.5	25
	chrVI	230189	1	0.5	25
	chrVI	230197	1	0.5	25
	chrVI	230198	1	0.5	25
	chrVI	230209	0	1.0	25
	chrVI	230224	1	0.5	25
	chrVI	230232	1	0.5	25
	chrVI	230236	0	0.5	25
	chrVI	230242	1	0.5	25
	chrVI	230256	0	0.5	25
	chrVI	230286	1	0.5	25
	chrVI	230295	0	0.5	25
	chrVI	230301	0	0.5	25
	chrVI	230306	1	1.0	25
	chrVI	230370	0	0.5	25
	chrVI	230370	1	0.5	25
	chrVI	230388	0	0.5	25
	chrVI	230390	0	0.5	25
	chrVI	230391	0	0.5	25
	chrVI	230399	0	1.0	25
	chrVI	230415	1	0.5	25
	chrVI	230430	0	0.5	25
	chrVI	230431	0	0.5	25
	chrVI	230432	0	0.5	25
	chrVI	230435	0	0.5	25
	chrVI	230436	0	0.5	24
	chrVI	230444	1	0.5	25
	chrVI	230457	1	0.5	25
	chrVI	230459	1	0.5	25
	chrVI	230460	1	0.5	25
	chrVI	230465	1	1.0	25
	chrVI	230492	1	0.5	25
	chrVI	230498	1	0.5	25
	chrVI	230500	0	0.5	25
	chrVI	230532	1	0.5	25
	chrVI	230561	0	0.5	25
	chrVI	230587	1	0.5	25
	chrVI	230638	1	0.5	25
	chrVI	230641	0	0.5	25
	chrVI	230645	0	0.5	25
	chrVI	230671	1	0.5	25
	chrVI	230691	0	0.5	25
	chrVI	230692	0	0.5	25
	chrVI	230710	1	0.5	25
	chrVI	230722	1	1.5	25
	chrVI	230753	0	0.5	25
	chrVI	230761	1	0.5	25
	chrVI	230767	1	0.5	25
	chrVI	230804	0	0.5	25
	chrVI	230824	0	0.5	25
	chrVI	230835	1	0.5	25
	chrVI	230840	0	0.5	25
	chrVI	230875	0	0.5	25
	chrVI	230880	1	0.5	25
	chrVI	230884	0	0.5	25
	chrVI	230905	0	0.5	25
	chrVI	230907	1	0.5	25
	chrVI	230915	1	0.5	25
	chrVI	230920	0	0.5	25
	chrVI	230958	1	1.0	25
	chrVI	230960	1	0.5	25
	chrVI	230985	0	0.5	25
	chrVI	230988	0	0.5	25
	chrVI	231008	0	0.5	25
	chrVI	231017	1	0.5	25
	chrVI	231025	0	0.5	25
	chrVI	231038	0	0.5	25
	chrVI	231073	1	0.5	25
	chrVI	231086	1	0.5	25
	chrVI	231107	1	0.5	25
	chrVI	231127	0	0.5	25
	chrVI	231147	0	0.5	25
	chrVI	231149	0	0.5	25
	chrVI	231152	0	0.5	25
	chrVI	231174	1	0.5	25
	chrVI	231175	1	0.5	25
	chrVI	231178	0	0.5	25
	chrVI	231185	1	0.5	25
	chrVI	231199	1	0.5	25
	chrVI	231201	0	0.5	25
	chrVI	231240	1	0.5	25
	chrVI	231242	1	0.5	25
	chrVI	231248	1	1.0	25
	chrVI	231289	0	0.5	25
	chrVI	231291	0	0.5	25
	chrVI	231302	0	0.5	25
	chrVI	231312	0	0.5	25
	chrVI	231326	0	0.5	25
	chrVI	231334	1	0.5	25
	chrVI	231354	1	0.5	25
	chrVI	231368	1	0.5	25
	chrVI	231394	1	0.5	25
	chrVI	231468	1	0.5	25
	chrVI	231474	0	1.0	25
	chrVI	231480	0	0.5	25
	chrVI	231498	0	0.5	25
	chrVI	231546	1	0.5	25
	chrVI	231547	1	0.5	25
	chrVI	231552	1	0.5	25
	chrVI	231553	0	0.5	25
	chrVI	231592	0	0.5	25
	chrVI	231601	0	1.0	25
	chrVI	231606	1	0.5	25
	chrVI	231607	0	0.5	25
	chrVI	231611	1	0.5	25
	chrVI	231637	1	0.5	25
	chrVI	231642	0	0.5	25
	chrVI	231667	0	0.5	25
	chrVI	231672	1	0.5	25
	chrVI	231686	1	1.0	25
	chrVI	231691	0	0.5	25
	chrVI	231702	0	0.5	25
	chrVI	231724	1	0.5	25
	chrVI	231734	1	0.5	25
	chrVI	231737	0	0.5	25
	chrVI	231742	0	0.5	25
	chrVI	231744	0	0.5	25
	chrVI	231759	1	0.5	25
	chrVI	231773	0	0.5	25
	chrVI	231810	0	0.5	25
	chrVI	231819	1	0.5	25
	chrVI	231820	1	0.5	25
	chrVI	231829	0	0.5	25
	chrVI	231834	1	0.5	25
	chrVI	231838	0	0.5	25
	chrVI	231839	1	0.5	25
	chrVI	231852	0	1.0	25
	chrVI	231862	0	0.5	25
	chrVI	231870	0	1.0	25
	chrVI	231889	0	0.5	25
	chrVI	231916	1	1.0	25
	chrVI	231918	1	0.5	25
	chrVI	231925	1	1.5	25
	chrVI	231949	1	0.5	25
	chrVI	231977	0	0.5	25
	chrVI	231983	1	0.5	25
	chrVI	231995	0	0.5	25
	chrVI	232002	1	0.5	25
	chrVI	232005	1	0.5	25
	chrVI	232008	0	0.5	25
	chrVI	232010	0	0.5	25
	chrVI	232017	1	0.5	24
	chrVI	232043	0	1.5	25
	chrVI	232044	1	0.5	25
	chrVI	232053	1	0.5	25
	chrVI	232055	0	0.5	25
	chrVI	232067	1	0.5	25
	chrVI	232089	0	1.0	25
	chrVI	232097	0	0.5	25
	chrVI	232115	0	0.5	25
	chrVI	232125	0	0.5	25
	chrVI	232177	1	0.5	25
	chrVI	232181	1	1.0	25
	chrVI	232183	1	1.0	25
	chrVI	232192	1	1.0	25
	chrVI	232200	0	0.5	25
	chrVI	232209	1	0.5	25
	chrVI	232262	0	0.5	25
	chrVI	232272	0	0.5	25
	chrVI	232273	1	0.5	25
	chrVI	232275	0	1.5	25
	chrVI	232295	0	0.5	25
	chrVI	232302	0	0.5	25
	chrVI	232318	1	0.5	25
	chrVI	232321	1	0.5	25
	chrVI	232322	1	0.5	25
	chrVI	232327	0	0.5	25
	chrVI	232328	1	0.5	25
	chrVI	232330	0	0.5	25
	chrVI	232331	0	0.5	25
	chrVI	232342	0	0.5	25
	chrVI	232342	1	0.5	25
	chrVI	232353	0	0.5	25
	chrVI	232355	1	0.5	25
	chrVI	232364	1	0.5	25
	chrVI	232375	1	0.5	25
	chrVI	232384	1	0.5	25
	chrVI	232402	1	0.5	25
	chrVI	232409	1	0.5	25
	chrVI	232415	1	0.5	25
	chrVI	232417	1	0.5	25
	chrVI	232431	0	0.5	25
	chrVI	232443	0	0.5	25
	chrVI	232460	0	0.5	25
	chrVI	232486	0	0.5	25
	chrVI	232488	0	0.5	25
	chrVI	232504	1	0.5	25
	chrVI	232514	0	0.5	25
	chrVI	232520	1	0.5	25
	chrVI	232523	0	1.0	25
	chrVI	232549	1	0.5	25
	chrVI	232552	0	0.5	25
	chrVI	232555	1	0.5	25
	chrVI	232588	1	0.5	25
	chrVI	232593	0	0.5	25
	chrVI	232600	1	0.5	25
	chrVI	232606	0	0.5	25
	chrVI	232635	1	0.5	25
	chrVI	232637	0	0.5	25
	chrVI	232644	0	0.5	25
	chrVI	232674	1	0.5	25
	chrVI	232675	1	0.5	25
	chrVI	232679	1	1.0	25
	chrVI	232684	1	0.5	25
	chrVI	232687	0	0.5	25
	chrVI	232696	0	0.5	25
	chrVI	232722	1	0.5	25
	chrVI	232724	0	0.5	25
	chrVI	232733	0	0.5	25
	chrVI	232774	1	0.5	25
	chrVI	232776	1	0.5	25
	chrVI	232778	1	0.5	25
	chrVI	232782	1	0.5	25
	chrVI	232793	0	0.5	25
	chrVI	232801	0	0.5	25
	chrVI	232833	0	0.5	25
	chrVI	232843	1	0.5	25
	chrVI	232850	0	0.5	25
	chrVI	232870	1	0.5	25
	chrVI	232883	1	0.5	25
	chrVI	232934	0	0.5	25
	chrVI	232951	0	1.0	25
	chrVI	232983	1	0.5	25
	chrVI	233010	1	1.0	25
	chrVI	233017	1	0.5	25
	chrVI	233018	0	0.5	25
	chrVI	233036	0	0.5	25
	chrVI	233058	0	0.5	25
	chrVI	233103	1	0.5	25
	chrVI	233114	0	0.5	25
	chrVI	233142	1	1.0	25
	chrVI	233152	1	0.5	25
	chrVI	233193	0	0.5	25
	chrVI	233195	0	0.5	25
	chrVI	233198	0	0.5	25
	chrVI	233200	0	0.5	25
	chrVI	233230	1	0.5	25
	chrVI	233238	1	0.5	25
	chrVI	233256	0	0.5	25
	chrVI	233283	1	0.5	25
	chrVI	233317	0	0.5	25
	chrVI	233317	1	0.5	25
	chrVI	233343	0	0.5	25
	chrVI	233366	0	0.5	25
	chrVI	233396	1	0.5	25
	chrVI	233407	0	0.5	25
	chrVI	233407	1	0.5	25
	chrVI	233423	0	0.5	25
	chrVI	233431	0	0.5	25
	chrVI	233442	1	0.5	25
	chrVI	233456	1	0.5	25
	chrVI	233458	1	0.5	25
	chrVI	233478	0	0.5	25
	chrVI	233506	0	0.5	25
	chrVI	233524	1	0.5	25
	chrVI	233544	0	0.5	25
	chrVI	233571	1	0.5	25
	chrVI	233572	1	0.5	25
	chrVI	233593	0	0.5	25
	chrVI	233614	0	1.0	25
	chrVI	233622	0	0.5	25
	chrVI	233638	0	0.5	25
	chrVI	233643	0	0.5	25
	chrVI	233645	1	0.5	25
	chrVI	233650	0	0.5	25
	chrVI	233661	0	0.5	25
	chrVI	233672	0	0.5	25
	chrVI	233684	1	0.5	25
	chrVI	233686	1	0.5	25
	chrVI	233687	0	0.5	25
	chrVI	233693	0	0.5	25
	chrVI	233696	0	0.5	25
	chrVI	233697	1	0.5	25
	chrVI	233699	0	0.5	25
	chrVI	233710	1	1.0	25
	chrVI	233711	0	0.5	25
	chrVI	233711	1	1.0	25
	chrVI	233720	0	0.5	25
	chrVI	233725	0	0.5	25
	chrVI	233726	1	1.0	25
	chrVI	233735	1	0.5	25
	chrVI	233736	1	0.5	25
	chrVI	233738	0	0.5	25
	chrVI	233799	1	0.5	25
	chrVI	233829	1	0.5	25
	chrVI	233833	1	0.5	25
	chrVI	233866	0	0.5	25
	chrVI	233866	1	0.5	25
	chrVI	233867	0	1.5	25
	chrVI	233879	0	0.5	25
	chrVI	233892	1	0.5	25
	chrVI	233910	1	0.5	25
	chrVI	233916	1	0.5	25
	chrVI	233922	1	0.5	25
	chrVI	233927	0	0.5	25
	chrVI	233930	1	0.5	25
	chrVI	233934	0	1.0	25
	chrVI	233934	1	0.5	25
	chrVI	233943	1	0.5	25
	chrVI	233951	1	0.5	25
	chrVI	233969	0	0.5	25
	chrVI	233976	0	0.5	25
	chrVI	234034	1	0.5	25
	chrVI	234039	1	0.5	25
	chrVI	234047	1	0.5	25
	chrVI	234076	0	0.5	25
	chrVI	234093	0	0.5	25
	chrVI	234096	1	1.0	25
	chrVI	234100	0	0.5	25
	chrVI	234139	1	0.5	25
	chrVI	234179	0	0.5	25
	chrVI	234179	1	0.5	25
	chrVI	234180	0	0.5	25
	chrVI	234187	0	0.5	25
	chrVI	234196	1	0.5	25
	chrVI	234217	0	0.5	25
	chrVI	234232	1	0.5	25
	chrVI	234238	0	0.5	25
	chrVI	234241	1	1.0	25
	chrVI	234251	0	0.5	25
	chrVI	234281	1	0.5	25
	chrVI	234311	1	0.5	25
	chrVI	234342	1	0.5	25
	chrVI	234409	0	0.5	25
	chrVI	234418	0	0.5	25
	chrVI	234419	0	0.5	25
	chrVI	234465	1	0.5	25
	chrVI	234519	0	0.5	25
	chrVI	234534	0	0.5	25
	chrVI	234542	0	1.0	25
	chrVI	234566	0	1.5	25
	chrVI	234571	0	0.5	25
	chrVI	234571	1	0.5	25
	chrVI	234587	1	0.5	25
	chrVI	234606	0	0.5	25
	chrVI	234611	1	1.0	25
	chrVI	234616	0	0.5	25
	chrVI	234628	1	0.5	25
	chrVI	234643	1	0.5	25
	chrVI	234658	1	0.5	25
	chrVI	234659	0	0.5	25
	chrVI	234660	0	0.5	23
	chrVI	234682	0	0.5	25
	chrVI	234697	1	0.5	25
	chrVI	234708	0	0.5	25
	chrVI	234715	1	0.5	25
	chrVI	234717	0	0.5	25
	chrVI	234718	0	0.5	25
	chrVI	234726	1	0.5	25
	chrVI	234738	1	0.5	25
	chrVI	234755	1	0.5	25
	chrVI	234762	0	0.5	25
	chrVI	234766	1	1.5	25
	chrVI	234770	0	0.5	25
	chrVI	234773	0	0.5	25
	chrVI	234778	0	0.5	25
	chrVI	234778	1	0.5	25
	chrVI	234785	1	0.5	25
	chrVI	234786	1	0.5	25
	chrVI	234802	0	0.5	25
	chrVI	234822	1	0.5	25
	chrVI	234847	1	0.5	25
	chrVI	234864	1	0.5	25
	chrVI	234899	1	0.5	25
	chrVI	234917	1	0.5	25
	chrVI	234918	0	0.5	25
	chrVI	234932	0	0.5	25
	chrVI	234951	1	0.5	25
	chrVI	234979	0	1.0	25
	chrVI	234986	0	0.5	25
	chrVI	235005	0	0.5	25
	chrVI	235028	1	0.5	25
	chrVI	235042	1	1.0	25
	chrVI	235061	1	0.5	25
	chrVI	235066	0	0.5	25
	chrVI	235095	1	0.5	25
	chrVI	235114	0	0.5	25
	chrVI	235138	0	0.5	25
	chrVI	235140	0	0.5	25
	chrVI	235155	0	0.5	25
	chrVI	235156	1	0.5	25
	chrVI	235182	0	0.5	25
	chrVI	235189	1	0.5	25
	chrVI	235209	0	0.5	25
	chrVI	235210	1	0.5	25
	chrVI	235215	0	0.5	25
	chrVI	235230	0	0.5	25
	chrVI	235241	0	0.5	25
	chrVI	235248	1	0.5	25
	chrVI	235249	1	0.5	25
	chrVI	235259	0	0.5	25
	chrVI	235271	0	0.5	25
	chrVI	235274	1	0.5	25
	chrVI	235276	1	0.5	25
	chrVI	235282	1	0.5	25
	chrVI	235291	1	0.5	25
	chrVI	235296	1	0.5	25
	chrVI	235316	0	0.5	25
	chrVI	235321	0	0.5	25
	chrVI	235332	0	0.5	25
	chrVI	235336	1	0.5	25
	chrVI	235344	0	1.0	25
	chrVI	235354	0	0.5	25
	chrVI	235355	1	0.5	25
	chrVI	235366	0	0.5	25
	chrVI	235389	0	0.5	25
	chrVI	235398	1	0.5	25
	chrVI	235399	1	0.5	25
	chrVI	235410	0	0.5	25
	chrVI	235410	1	0.5	25
	chrVI	235413	1	0.5	25
	chrVI	235414	0	0.5	25
	chrVI	235416	0	0.5	25
	chrVI	235443	1	0.5	25
	chrVI	235451	1	0.5	25
	chrVI	235452	1	0.5	25
	chrVI	235454	0	0.5	25
	chrVI	235458	0	0.5	25
	chrVI	235464	0	0.5	25
	chrVI	235504	0	0.5	25
	chrVI	235504	1	1.0	25
	chrVI	235509	0	0.5	25
	chrVI	235514	1	0.5	25
	chrVI	235516	0	0.5	25
	chrVI	235519	0	0.5	25
	chrVI	235521	1	0.5	25
	chrVI	235525	1	0.5	25
	chrVI	235528	1	0.5	25
	chrVI	235529	1	0.5	25
	chrVI	235554	0	0.5	25
	chrVI	235555	0	0.5	25
	chrVI	235592	1	0.5	25
	chrVI	235618	1	0.5	25
	chrVI	235648	1	0.5	25
	chrVI	235677	1	0.5	25
	chrVI	235678	1	0.5	25
	chrVI	235685	1	0.5	25
	chrVI	235731	0	0.5	25
	chrVI	235773	0	0.5	25
	chrVI	235806	1	0.5	25
	chrVI	235829	0	0.5	25
	chrVI	235837	0	0.5	25
	chrVI	235851	0	0.5	25
	chrVI	235866	0	0.5	25
	chrVI	235878	1	0.5	25
	chrVI	235899	1	0.5	25
	chrVI	235907	1	0.5	25
	chrVI	235928	1	0.5	25
	chrVI	235930	1	0.5	25
	chrVI	235945	0	0.5	25
	chrVI	236061	1	0.5	25
	chrVI	236064	0	0.5	25
	chrVI	236078	0	0.5	25
	chrVI	236123	1	0.5	25
	chrVI	236136	1	0.5	25
	chrVI	236199	0	0.5	25
	chrVI	236218	0	1.0	25
	chrVI	236219	0	1.0	25
	chrVI	236223	0	0.5	25
	chrVI	236245	0	0.5	25
	chrVI	236254	0	0.5	25
	chrVI	236284	0	0.5	25
	chrVI	236286	1	1.0	25
	chrVI	236299	1	1.0	25
	chrVI	236311	1	0.5	25
	chrVI	236317	0	0.5	25
	chrVI	236336	1	0.5	25
	chrVI	236354	1	0.5	25
	chrVI	236366	0	0.5	25
	chrVI	236391	0	0.5	25
	chrVI	236405	1	0.5	25
	chrVI	236407	1	0.5	25
	chrVI	236419	1	0.5	25
	chrVI	236424	1	0.5	25
	chrVI	236427	0	0.5	25
	chrVI	236440	1	0.5	25
	chrVI	236466	0	0.5	25
	chrVI	236482	0	1.0	25
	chrVI	236512	1	1.0	25
	chrVI	236519	0	0.5	25
	chrVI	236520	0	0.5	25
	chrVI	236544	0	0.5	25
	chrVI	236554	0	0.5	25
	chrVI	236565	0	0.5	25
	chrVI	236566	0	0.5	25
	chrVI	236585	1	0.5	25
	chrVI	236594	1	0.5	25
	chrVI	236609	1	0.5	25
	chrVI	236611	1	0.5	25
	chrVI	236613	1	0.5	25
	chrVI	236623	1	0.5	25
	chrVI	236633	1	0.5	25
	chrVI	236642	0	1.0	25
	chrVI	236653	0	0.5	25
	chrVI	236667	1	0.5	25
	chrVI	236710	0	0.5	25
	chrVI	236727	0	1.0	25
	chrVI	236762	0	0.5	25
	chrVI	236765	0	0.5	25
	chrVI	236775	1	0.5	25
	chrVI	236779	1	0.5	25
	chrVI	236786	1	1.0	25
	chrVI	236803	1	1.5	25
	chrVI	236808	1	0.5	25
	chrVI	236834	0	0.5	25
	chrVI	236852	0	0.5	25
	chrVI	236859	0	0.5	25
	chrVI	236894	0	0.5	25
	chrVI	236908	1	0.5	25
	chrVI	236922	0	1.0	25
	chrVI	236935	0	0.5	25
	chrVI	236943	1	0.5	25
	chrVI	236948	0	0.5	25
	chrVI	236968	0	0.5	25
	chrVI	236982	1	1.5	25
	chrVI	236988	1	0.5	25
	chrVI	237003	0	0.5	25
	chrVI	237014	1	0.5	25
	chrVI	237052	1	0.5	25
	chrVI	237057	0	0.5	25
	chrVI	237082	0	0.5	25
	chrVI	237109	1	0.5	25
	chrVI	237110	0	0.5	25
	chrVI	237132	0	0.5	25
	chrVI	237135	1	0.5	25
	chrVI	237138	0	0.5	25
	chrVI	237140	0	0.5	25
	chrVI	237173	1	0.5	25
	chrVI	237178	0	1.0	25
	chrVI	237208	1	0.5	25
	chrVI	237212	0	1.0	25
	chrVI	237223	0	1.0	25
	chrVI	237246	1	1.0	25
	chrVI	237275	1	1.0	25
	chrVI	237280	1	1.5	25
	chrVI	237282	1	0.5	25
	chrVI	237283	0	0.5	25
	chrVI	237284	1	0.5	25
	chrVI	237297	0	0.5	25
	chrVI	237298	0	0.5	25
	chrVI	237301	0	0.5	25
	chrVI	237301	1	0.5	25
	chrVI	237303	0	0.5	25
	chrVI	237305	0	0.5	25
	chrVI	237353	0	0.5	25
	chrVI	237355	1	0.5	25
	chrVI	237361	0	1.0	25
	chrVI	237364	0	0.5	25
	chrVI	237366	0	0.5	25
	chrVI	237371	0	0.5	25
	chrVI	237374	1	0.5	25
	chrVI	237383	1	0.5	25
	chrVI	237387	0	0.5	25
	chrVI	237389	1	0.5	25
	chrVI	237395	0	0.5	25
	chrVI	237397	0	0.5	25
	chrVI	237415	0	0.5	25
	chrVI	237421	1	0.5	25
	chrVI	237433	0	0.5	25
	chrVI	237433	1	0.5	25
	chrVI	237440	1	0.5	25
	chrVI	237441	1	0.5	25
	chrVI	237446	1	0.5	25
	chrVI	237449	1	0.5	25
	chrVI	237471	1	0.5	25
	chrVI	237476	1	0.5	25
	chrVI	237494	1	2.0	25
	chrVI	237501	0	0.5	25
	chrVI	237534	0	0.5	25
	chrVI	237536	0	0.5	25
	chrVI	237540	1	0.5	25
	chrVI	237584	0	1.0	25
	chrVI	237585	0	1.0	25
	chrVI	237588	1	0.5	25
	chrVI	237589	0	0.5	25
	chrVI	237604	1	0.5	25
	chrVI	237633	1	1.0	25
	chrVI	237642	0	0.5	25
	chrVI	237648	1	0.5	25
	chrVI	237659	1	0.5	25
	chrVI	237664	1	0.5	25
	chrVI	237676	0	0.5	25
	chrVI	237686	0	0.5	25
	chrVI	237702	0	1.0	25
	chrVI	237711	0	0.5	25
	chrVI	237736	1	0.5	25
	chrVI	237738	1	0.5	25
	chrVI	237743	1	0.5	25
	chrVI	237763	1	0.5	25
	chrVI	237766	1	0.5	25
	chrVI	237776	0	0.5	25
	chrVI	237787	1	0.5	25
	chrVI	237814	1	0.5	25
	chrVI	237830	0	0.5	25
	chrVI	237861	0	0.5	25
	chrVI	237870	0	0.5	25
	chrVI	237880	0	0.5	25
	chrVI	237899	1	0.5	25
	chrVI	237901	0	0.5	25
	chrVI	237906	1	0.5	25
	chrVI	237935	1	0.5	25
	chrVI	237952	0	0.5	25
	chrVI	237953	0	0.5	25
	chrVI	237953	1	0.5	25
	chrVI	237955	0	0.5	25
	chrVI	237957	1	0.5	25
	chrVI	237977	1	0.5	25
	chrVI	237983	0	1.0	25
	chrVI	238004	1	0.5	25
	chrVI	238013	0	0.5	25
	chrVI	238027	1	0.5	25
	chrVI	238047	1	0.5	25
	chrVI	238050	0	1.0	25
	chrVI	238058	1	0.5	25
	chrVI	238063	0	0.5	25
	chrVI	238080	1	0.5	25
	chrVI	238090	0	0.5	25
	chrVI	238117	0	1.0	25
	chrVI	238120	0	0.5	25
	chrVI	238122	0	1.0	25
	chrVI	238140	1	0.5	25
	chrVI	238143	0	0.5	25
	chrVI	238154	0	1.0	25
	chrVI	238164	1	0.5	25
	chrVI	238166	0	0.5	25
	chrVI	238177	1	0.5	25
	chrVI	238180	1	0.5	25
	chrVI	238198	1	1.0	25
	chrVI	238206	0	0.5	25
	chrVI	238239	0	0.5	25
	chrVI	238244	1	0.5	25
	chrVI	238255	1	0.5	25
	chrVI	238258	1	0.5	25
	chrVI	238292	1	0.5	25
	chrVI	238297	0	0.5	25
	chrVI	238309	0	0.5	25
	chrVI	238315	1	1.0	25
	chrVI	238323	0	0.5	25
	chrVI	238346	1	1.0	25
	chrVI	238357	1	0.5	25
	chrVI	238368	0	0.5	25
	chrVI	238368	1	0.5	25
	chrVI	238370	0	0.5	25
	chrVI	238377	0	0.5	25
	chrVI	238377	1	0.5	25
	chrVI	238381	0	1.0	25
	chrVI	238385	1	0.5	25
	chrVI	238396	0	0.5	25
	chrVI	238396	1	0.5	25
	chrVI	238405	0	0.5	25
	chrVI	238435	1	0.5	25
	chrVI	238447	1	0.5	25
	chrVI	238450	0	0.5	25
	chrVI	238458	0	0.5	25
	chrVI	238460	1	1.0	25
	chrVI	238497	1	0.5	25
	chrVI	238500	0	1.0	25
	chrVI	238521	1	0.5	25
	chrVI	238528	0	0.5	25
	chrVI	238530	1	0.5	25
	chrVI	238531	1	0.5	25
	chrVI	238536	1	0.5	25
	chrVI	238538	0	0.5	25
	chrVI	238539	0	0.5	25
	chrVI	238541	0	0.5	25
	chrVI	238585	1	0.5	25
	chrVI	238598	1	1.0	25
	chrVI	238600	0	0.5	25
	chrVI	238611	0	0.5	25
	chrVI	238623	0	1.5	25
	chrVI	238630	0	0.5	25
	chrVI	238633	1	0.5	25
	chrVI	238639	0	0.5	25
	chrVI	238680	1	0.5	25
	chrVI	238682	1	0.5	25
	chrVI	238692	1	0.5	25
	chrVI	238694	1	0.5	25
	chrVI	238695	0	0.5	25
	chrVI	238705	1	0.5	25
	chrVI	238706	1	0.5	25
	chrVI	238718	1	0.5	25
	chrVI	238721	0	0.5	25
	chrVI	238756	0	0.5	25
	chrVI	238761	1	0.5	25
	chrVI	238768	0	0.5	25
	chrVI	238798	1	0.5	25
	chrVI	238821	1	0.5	25
	chrVI	238830	0	0.5	25
	chrVI	238831	1	0.5	25
	chrVI	238850	1	0.5	25
	chrVI	238851	0	1.0	25
	chrVI	238852	0	0.5	25
	chrVI	238853	0	0.5	25
	chrVI	238877	0	0.5	25
	chrVI	238878	0	0.5	25
	chrVI	238886	1	0.5	25
	chrVI	238891	1	0.5	25
	chrVI	238899	0	0.5	25
	chrVI	238903	0	0.5	25
	chrVI	238907	1	0.5	25
	chrVI	238911	1	0.5	25
	chrVI	238946	0	0.5	25
	chrVI	238950	1	0.5	25
	chrVI	238968	0	0.5	25
	chrVI	238981	1	0.5	25
	chrVI	238983	0	0.5	25
	chrVI	239004	1	0.5	25
	chrVI	239008	1	0.5	25
	chrVI	239009	0	0.5	25
	chrVI	239013	1	0.5	25
	chrVI	239025	0	0.5	25
	chrVI	239026	1	1.0	25
	chrVI	239028	1	0.5	25
	chrVI	239065	1	0.5	25
	chrVI	239089	0	0.5	25
	chrVI	239091	1	0.5	25
	chrVI	239130	0	0.5	25
	chrVI	239133	0	0.5	25
	chrVI	239156	0	0.5	25
	chrVI	239158	0	0.5	25
	chrVI	239193	1	0.5	25
	chrVI	239203	1	1.0	25
	chrVI	239212	1	0.5	25
	chrVI	239224	0	0.5	25
	chrVI	239231	0	0.5	25
	chrVI	239245	1	0.5	25
	chrVI	239267	1	0.5	25
	chrVI	239302	1	0.5	25
	chrVI	239309	1	0.5	25
	chrVI	239331	0	0.5	25
	chrVI	239380	1	0.5	25
	chrVI	239389	0	0.5	25
	chrVI	239391	0	0.5	25
	chrVI	239432	0	1.0	25
	chrVI	239454	0	0.5	25
	chrVI	239463	1	0.5	25
	chrVI	239473	1	0.5	25
	chrVI	239498	0	0.5	25
	chrVI	239500	1	1.0	25
	chrVI	239540	1	0.5	25
	chrVI	239561	0	0.5	25
	chrVI	239581	0	0.5	25
	chrVI	239612	1	0.5	25
	chrVI	239622	0	0.5	25
	chrVI	239634	1	0.5	25
	chrVI	239681	1	0.5	25
	chrVI	239686	0	0.5	25
	chrVI	239729	0	0.5	25
	chrVI	239734	1	0.5	25
	chrVI	239737	0	0.5	25
	chrVI	239752	1	0.5	25
	chrVI	239765	0	0.5	25
	chrVI	239766	0	0.5	25
	chrVI	239774	0	0.5	25
	chrVI	239777	1	0.5	25
	chrVI	239780	0	0.5	25
	chrVI	239803	1	0.5	25
	chrVI	239815	0	0.5	25
	chrVI	239815	1	0.5	25
	chrVI	239816	0	0.5	25
	chrVI	239820	0	0.5	25
	chrVI	239827	1	0.5	25
	chrVI	239828	1	0.5	25
	chrVI	239831	0	0.5	25
	chrVI	239851	0	0.5	25
	chrVI	239861	1	0.5	25
	chrVI	239877	1	0.5	25
	chrVI	239885	0	0.5	25
	chrVI	239885	1	0.5	25
	chrVI	239886	0	0.5	25
	chrVI	239887	0	1.0	25
	chrVI	239888	0	1.5	25
	chrVI	239890	0	1.5	25
	chrVI	239891	1	0.5	25
	chrVI	239894	0	0.5	25
	chrVI	239914	1	0.5	25
	chrVI	239915	0	0.5	25
	chrVI	239926	1	1.0	25
	chrVI	239928	0	0.5	25
	chrVI	239934	0	0.5	25
	chrVI	239948	1	0.5	25
	chrVI	239951	0	0.5	25
	chrVI	239952	1	0.5	25
	chrVI	239964	1	1.0	25
	chrVI	239965	1	0.5	25
	chrVI	239966	0	0.5	25
	chrVI	239966	1	0.5	25
	chrVI	239967	1	0.5	25
	chrVI	239971	0	0.5	25
	chrVI	239975	1	0.5	25
	chrVI	239976	1	1.0	25
	chrVI	239978	1	0.5	25
	chrVI	239980	0	0.5	25
	chrVI	239998	1	0.5	25
	chrVI	240005	0	0.5	25
	chrVI	240018	0	0.5	25
	chrVI	240042	1	0.5	25
	chrVI	240043	1	0.5	25
	chrVI	240052	1	0.5	25
	chrVI	240065	0	0.5	25
	chrVI	240073	0	0.5	25
	chrVI	240090	0	0.5	25
	chrVI	240093	0	0.5	25
	chrVI	240114	1	0.5	25
	chrVI	240116	0	0.5	25
	chrVI	240125	0	0.5	25
	chrVI	240137	1	0.5	25
	chrVI	240139	0	0.5	25
	chrVI	240140	0	1.0	25
	chrVI	240140	1	0.5	25
	chrVI	240146	1	0.5	25
	chrVI	240148	1	0.5	24
	chrVI	240153	1	0.5	25
	chrVI	240168	0	0.5	25
	chrVI	240183	1	0.5	25
	chrVI	240209	1	0.5	25
	chrVI	240211	1	0.5	25
	chrVI	240215	1	0.5	25
	chrVI	240221	1	0.5	25
	chrVI	240295	1	0.5	25
	chrVI	240305	1	1.0	25
	chrVI	240310	0	0.5	25
	chrVI	240356	1	0.5	25
	chrVI	240412	0	0.5	25
	chrVI	240467	0	0.5	25
	chrVI	240476	0	0.5	25
	chrVI	240502	0	0.5	25
	chrVI	240511	1	0.5	25
	chrVI	240541	1	0.5	25
	chrVI	240558	0	0.5	25
	chrVI	240566	0	1.0	25
	chrVI	240596	0	0.5	25
	chrVI	240623	1	0.5	25
	chrVI	240630	0	0.5	25
	chrVI	240630	1	1.0	25
	chrVI	240653	0	0.5	25
	chrVI	240664	0	0.5	25
	chrVI	240673	1	0.5	25
	chrVI	240674	0	0.5	25
	chrVI	240675	1	0.5	25
	chrVI	240707	1	0.5	25
	chrVI	240715	0	0.5	25
	chrVI	240720	0	0.5	25
	chrVI	240723	0	0.5	25
	chrVI	240760	1	0.5	25
	chrVI	240763	1	0.5	25
	chrVI	240778	1	0.5	25
	chrVI	240793	1	0.5	25
	chrVI	240810	0	0.5	25
	chrVI	240820	0	0.5	25
	chrVI	240834	0	0.5	25
	chrVI	240837	1	0.5	25
	chrVI	240840	1	0.5	25
	chrVI	240847	0	0.5	25
	chrVI	240879	0	0.5	25
	chrVI	240892	0	0.5	25
	chrVI	240896	1	0.5	25
	chrVI	240909	1	0.5	25
	chrVI	240954	0	0.5	25
	chrVI	240964	1	0.5	25
	chrVI	240971	1	0.5	25
	chrVI	240980	1	0.5	25
	chrVI	240994	1	0.5	25
	chrVI	240999	1	0.5	25
	chrVI	241010	0	0.5	25
	chrVI	241022	0	0.5	25
	chrVI	241028	1	0.5	25
	chrVI	241057	0	0.5	25
	chrVI	241074	0	0.5	25
	chrVI	241133	1	0.5	25
	chrVI	241140	0	0.5	25
	chrVI	241141	1	0.5	25
	chrVI	241188	0	0.5	25
	chrVI	241218	0	0.5	25
	chrVI	241228	0	0.5	25
	chrVI	241232	1	0.5	25
	chrVI	241262	0	0.5	25
	chrVI	241280	1	0.5	25
	chrVI	241287	0	1.0	25
	chrVI	241287	1	0.5	25
	chrVI	241301	0	0.5	25
	chrVI	241323	1	1.0	25
	chrVI	241324	0	0.5	25
	chrVI	241324	1	0.5	25
	chrVI	241325	0	1.0	25
	chrVI	241331	0	0.5	25
	chrVI	241334	0	0.5	25
	chrVI	241349	0	0.5	25
	chrVI	241364	0	1.0	25
	chrVI	241366	1	1.0	25
	chrVI	241375	1	0.5	25
	chrVI	241391	1	0.5	25
	chrVI	241393	0	0.5	25
	chrVI	241395	0	0.5	25
	chrVI	241404	0	0.5	25
	chrVI	241405	0	0.5	25
	chrVI	241413	0	0.5	25
	chrVI	241426	0	0.5	25
	chrVI	241447	1	0.5	25
	chrVI	241449	0	0.5	25
	chrVI	241455	1	0.5	25
	chrVI	241459	0	0.5	25
	chrVI	241463	1	0.5	25
	chrVI	241488	0	0.5	25
	chrVI	241490	1	0.5	25
	chrVI	241491	0	0.5	25
	chrVI	241495	0	1.5	25
	chrVI	241495	1	0.5	25
	chrVI	241496	0	3.0	25
	chrVI	241502	1	0.5	25
	chrVI	241505	1	0.5	25
	chrVI	241513	0	1.0	25
	chrVI	241513	1	0.5	25
	chrVI	241514	0	1.0	25
	chrVI	241514	1	0.5	25
	chrVI	241515	0	1.5	25
	chrVI	241516	0	1.5	25
	chrVI	241516	1	1.0	25
	chrVI	241517	0	4.5	25
	chrVI	241519	0	1.5	25
	chrVI	241520	0	0.5	25
	chrVI	241521	0	0.5	25
	chrVI	241523	0	0.5	25
	chrVI	241526	1	0.5	25
	chrVI	241539	0	1.0	25
	chrVI	241541	0	0.5	25
	chrVI	241546	1	0.5	25
	chrVI	241548	0	0.5	25
	chrVI	241550	0	1.0	25
	chrVI	241556	1	0.5	25
	chrVI	241569	1	1.0	25
	chrVI	241571	1	4.0	25
	chrVI	241572	0	0.5	25
	chrVI	241572	1	4.0	25
	chrVI	241573	1	0.5	25
	chrVI	241578	1	2.0	25
	chrVI	241579	0	0.5	25
	chrVI	241580	1	1.0	25
	chrVI	241584	1	2.0	25
	chrVI	241585	1	1.5	25
	chrVI	241586	1	0.5	25
	chrVI	241588	1	0.5	25
	chrVI	241595	1	1.0	25
	chrVI	241601	1	1.0	25
	chrVI	241602	0	0.5	25
	chrVI	241610	1	0.5	25
	chrVI	241612	1	0.5	25
	chrVI	241619	1	0.5	25
	chrVI	241623	1	0.5	25
	chrVI	241627	1	1.0	25
	chrVI	241639	0	0.5	25
	chrVI	241670	0	0.5	25
	chrVI	241696	1	0.5	25
	chrVI	241704	1	0.5	25
	chrVI	241711	0	0.5	25
	chrVI	241719	0	1.0	25
	chrVI	241740	1	0.5	25
	chrVI	241748	0	0.5	25
	chrVI	241749	0	0.5	25
	chrVI	241761	1	0.5	25
	chrVI	241765	1	0.5	25
	chrVI	241797	1	0.5	25
	chrVI	241803	1	1.0	25
	chrVI	241808	0	0.5	25
	chrVI	241819	0	0.5	25
	chrVI	241851	0	0.5	25
	chrVI	241852	0	0.5	25
	chrVI	241869	0	0.5	25
	chrVI	241873	1	0.5	25
	chrVI	241880	0	0.5	25
	chrVI	241882	0	0.5	25
	chrVI	241884	1	0.5	25
	chrVI	241901	1	0.5	25
	chrVI	241906	1	0.5	25
	chrVI	241916	1	0.5	25
	chrVI	241926	1	0.5	25
	chrVI	241928	1	0.5	25
	chrVI	241931	0	0.5	25
	chrVI	241949	1	0.5	25
	chrVI	241952	0	0.5	25
	chrVI	241964	0	0.5	25
	chrVI	241999	1	0.5	25
	chrVI	242013	1	0.5	25
	chrVI	242035	1	0.5	25
	chrVI	242043	0	0.5	25
	chrVI	242047	1	0.5	25
	chrVI	242076	0	0.5	25
	chrVI	242084	0	0.5	25
	chrVI	242119	1	0.5	25
	chrVI	242120	0	0.5	25
	chrVI	242135	0	0.5	25
	chrVI	242161	0	0.5	25
	chrVI	242170	1	0.5	25
	chrVI	242181	1	0.5	25
	chrVI	242193	1	0.5	25
	chrVI	242240	0	0.5	25
	chrVI	242261	0	0.5	25
	chrVI	242268	0	0.5	25
	chrVI	242290	1	0.5	25
	chrVI	242303	1	0.5	25
	chrVI	242337	1	0.5	25
	chrVI	242339	1	0.5	25
	chrVI	242348	0	0.5	25
	chrVI	242384	0	0.5	25
	chrVI	242408	0	0.5	25
	chrVI	242426	1	0.5	25
	chrVI	242428	1	0.5	25
	chrVI	242453	1	0.5	25
	chrVI	242501	1	0.5	25
	chrVI	242505	0	0.5	25
	chrVI	242525	0	0.5	25
	chrVI	242544	0	1.0	25
	chrVI	242558	0	0.5	25
	chrVI	242588	1	0.5	25
	chrVI	242592	1	0.5	25
	chrVI	242601	1	1.0	25
	chrVI	242622	1	0.5	25
	chrVI	242640	0	0.5	25
	chrVI	242682	0	0.5	25
	chrVI	242683	0	0.5	25
	chrVI	242712	0	0.5	25
	chrVI	242756	1	0.5	25
	chrVI	242758	0	0.5	25
	chrVI	242765	0	0.5	25
	chrVI	242771	0	0.5	25
	chrVI	242772	1	0.5	25
	chrVI	242786	0	0.5	25
	chrVI	242801	0	0.5	25
	chrVI	242810	0	0.5	25
	chrVI	242815	0	0.5	25
	chrVI	242821	1	0.5	25
	chrVI	242830	1	0.5	25
	chrVI	242836	1	0.5	25
	chrVI	242858	1	0.5	25
	chrVI	242874	0	0.5	25
	chrVI	242877	0	0.5	25
	chrVI	242881	1	0.5	25
	chrVI	242884	1	0.5	25
	chrVI	242892	1	0.5	25
	chrVI	242897	0	0.5	25
	chrVI	242920	1	0.5	25
	chrVI	242935	0	0.5	25
	chrVI	242951	0	0.5	25
	chrVI	242954	1	0.5	25
	chrVI	242956	1	0.5	25
	chrVI	242966	1	0.5	25
	chrVI	242969	1	0.5	24
	chrVI	242983	0	0.5	25
	chrVI	243027	1	0.5	25
	chrVI	243028	0	0.5	25
	chrVI	243037	1	0.5	25
	chrVI	243053	0	0.5	25
	chrVI	243066	1	0.5	25
	chrVI	243067	0	0.5	25
	chrVI	243083	0	1.0	25
	chrVI	243095	0	0.5	25
	chrVI	243110	1	0.5	25
	chrVI	243112	0	1.0	25
	chrVI	243118	0	0.5	25
	chrVI	243130	0	0.5	25
	chrVI	243139	0	0.5	25
	chrVI	243149	1	0.5	25
	chrVI	243151	0	0.5	25
	chrVI	243158	1	0.5	25
	chrVI	243161	0	0.5	25
	chrVI	243164	0	0.5	25
	chrVI	243164	1	1.0	25
	chrVI	243170	1	0.5	25
	chrVI	243176	0	0.5	25
	chrVI	243188	1	0.5	25
	chrVI	243203	0	1.5	25
	chrVI	243204	0	0.5	25
	chrVI	243207	0	0.5	25
	chrVI	243213	1	1.0	25
	chrVI	243225	0	0.5	25
	chrVI	243225	1	0.5	25
	chrVI	243231	0	0.5	25
	chrVI	243233	1	0.5	25
	chrVI	243234	1	0.5	25
	chrVI	243235	1	0.5	25
	chrVI	243238	1	0.5	25
	chrVI	243242	0	1.0	25
	chrVI	243252	0	0.5	25
	chrVI	243265	0	0.5	25
	chrVI	243272	1	0.5	25
	chrVI	243286	0	0.5	25
	chrVI	243292	1	1.0	25
	chrVI	243295	0	0.5	25
	chrVI	243296	0	0.5	25
	chrVI	243302	1	1.5	25
	chrVI	243313	1	0.5	25
	chrVI	243315	0	0.5	25
	chrVI	243323	1	0.5	25
	chrVI	243333	1	0.5	25
	chrVI	243334	1	0.5	25
	chrVI	243335	1	1.0	25
	chrVI	243339	1	0.5	25
	chrVI	243349	1	0.5	25
	chrVI	243378	1	0.5	25
	chrVI	243382	0	0.5	25
	chrVI	243388	0	0.5	25
	chrVI	243389	0	0.5	25
	chrVI	243391	0	0.5	25
	chrVI	243402	0	0.5	25
	chrVI	243442	1	0.5	25
	chrVI	243449	0	0.5	25
	chrVI	243452	0	0.5	25
	chrVI	243459	0	0.5	25
	chrVI	243460	1	0.5	25
	chrVI	243462	0	0.5	25
	chrVI	243463	1	0.5	25
	chrVI	243473	1	0.5	25
	chrVI	243485	1	0.5	25
	chrVI	243488	1	0.5	25
	chrVI	243501	1	0.5	25
	chrVI	243534	1	0.5	25
	chrVI	243546	0	0.5	25
	chrVI	243571	1	1.0	25
	chrVI	243587	0	0.5	25
	chrVI	243605	0	0.5	25
	chrVI	243628	1	0.5	25
	chrVI	243663	0	0.5	25
	chrVI	243677	1	0.5	25
	chrVI	243684	0	0.5	25
	chrVI	243732	0	0.5	25
	chrVI	243734	1	0.5	25
	chrVI	243744	1	0.5	25
	chrVI	243755	0	0.5	25
	chrVI	243786	1	0.5	25
	chrVI	243788	1	0.5	25
	chrVI	243793	0	0.5	25
	chrVI	243804	1	0.5	25
	chrVI	243812	0	1.0	25
	chrVI	243837	0	0.5	25
	chrVI	243852	0	0.5	25
	chrVI	243862	1	0.5	25
	chrVI	243866	0	0.5	25
	chrVI	243874	0	0.5	25
	chrVI	243897	1	1.0	25
	chrVI	243912	1	0.5	25
	chrVI	243923	1	0.5	25
	chrVI	243936	0	0.5	25
	chrVI	243948	1	0.5	25
	chrVI	243979	0	1.5	25
	chrVI	244004	0	0.5	25
	chrVI	244008	0	1.0	25
	chrVI	244017	1	0.5	25
	chrVI	244020	1	0.5	25
	chrVI	244024	0	0.5	25
	chrVI	244024	1	1.0	25
	chrVI	244027	0	0.5	25
	chrVI	244053	0	0.5	25
	chrVI	244071	0	0.5	25
	chrVI	244074	0	0.5	25
	chrVI	244074	1	1.0	25
	chrVI	244118	1	1.0	25
	chrVI	244124	1	0.5	25
	chrVI	244149	0	0.5	25
	chrVI	244159	0	1.0	25
	chrVI	244168	0	0.5	25
	chrVI	244172	0	1.0	25
	chrVI	244175	0	0.5	25
	chrVI	244182	1	1.5	25
	chrVI	244185	0	0.5	25
	chrVI	244187	0	0.5	25
	chrVI	244201	0	0.5	25
	chrVI	244202	0	0.5	25
	chrVI	244222	1	1.0	25
	chrVI	244223	1	0.5	25
	chrVI	244224	1	0.5	25
	chrVI	244229	1	0.5	25
	chrVI	244231	1	0.5	25
	chrVI	244232	1	1.0	25
	chrVI	244255	1	1.0	25
	chrVI	244270	1	0.5	23
	chrVI	244270	1	0.5	25
	chrVI	244333	0	0.5	25
	chrVI	244353	0	0.5	25
	chrVI	244357	0	0.5	25
	chrVI	244385	0	0.5	25
	chrVI	244391	0	0.5	25
	chrVI	244393	0	0.5	25
	chrVI	244421	1	0.5	25
	chrVI	244437	1	0.5	25
	chrVI	244442	0	0.5	25
	chrVI	244473	1	0.5	25
	chrVI	244483	1	0.5	25
	chrVI	244493	1	0.5	25
	chrVI	244508	1	0.5	25
	chrVI	244572	0	0.5	25
	chrVI	244602	1	0.5	25
	chrVI	244609	1	0.5	25
	chrVI	244631	0	0.5	25
	chrVI	244679	0	0.5	25
	chrVI	244708	1	0.5	25
	chrVI	244709	0	0.5	25
	chrVI	244783	0	0.5	25
	chrVI	244788	1	0.5	25
	chrVI	244796	0	0.5	25
	chrVI	244796	1	0.5	25
	chrVI	244850	0	0.5	25
	chrVI	244857	1	0.5	25
	chrVI	244868	1	0.5	25
	chrVI	244870	0	0.5	25
	chrVI	244913	1	0.5	25
	chrVI	244934	1	0.5	25
	chrVI	244944	0	0.5	25
	chrVI	244999	1	0.5	25
	chrVI	245007	0	0.5	25
	chrVI	245048	0	1.0	25
	chrVI	245060	0	0.5	25
	chrVI	245070	1	0.5	25
	chrVI	245092	0	0.5	25
	chrVI	245112	0	0.5	25
	chrVI	245115	1	0.5	25
	chrVI	245147	0	1.5	25
	chrVI	245150	1	0.5	25
	chrVI	245156	1	0.5	25
	chrVI	245161	0	0.5	25
	chrVI	245177	0	0.5	25
	chrVI	245200	0	0.5	25
	chrVI	245207	1	0.5	25
	chrVI	245209	1	0.5	25
	chrVI	245210	0	0.5	25
	chrVI	245223	0	1.5	25
	chrVI	245226	0	0.5	25
	chrVI	245237	0	0.5	25
	chrVI	245244	1	2.0	25
	chrVI	245249	1	0.5	25
	chrVI	245262	1	0.5	25
	chrVI	245269	0	0.5	25
	chrVI	245276	1	0.5	25
	chrVI	245285	1	0.5	25
	chrVI	245289	1	0.5	25
	chrVI	245324	1	0.5	25
	chrVI	245347	1	0.5	25
	chrVI	245358	0	0.5	25
	chrVI	245359	0	0.5	25
	chrVI	245392	0	0.5	25
	chrVI	245408	1	1.0	25
	chrVI	245420	1	0.5	25
	chrVI	245425	1	0.5	25
	chrVI	245426	0	1.0	25
	chrVI	245439	1	0.5	25
	chrVI	245445	0	0.5	25
	chrVI	245467	0	0.5	25
	chrVI	245512	0	0.5	25
	chrVI	245532	1	0.5	25
	chrVI	245575	1	1.0	25
	chrVI	245605	0	0.5	25
	chrVI	245612	0	0.5	25
	chrVI	245621	1	0.5	25
	chrVI	245657	0	0.5	25
	chrVI	245667	0	0.5	25
	chrVI	245685	1	0.5	25
	chrVI	245688	0	0.5	25
	chrVI	245709	0	0.5	25
	chrVI	245726	0	1.0	25
	chrVI	245746	1	0.5	25
	chrVI	245750	1	0.5	25
	chrVI	245755	1	0.5	25
	chrVI	245779	1	0.5	25
	chrVI	245781	1	0.5	25
	chrVI	245787	0	0.5	25
	chrVI	245794	1	1.0	25
	chrVI	245802	0	0.5	25
	chrVI	245821	0	0.5	25
	chrVI	245840	0	1.0	25
	chrVI	245844	0	0.5	25
	chrVI	245855	0	0.5	25
	chrVI	245875	0	0.5	25
	chrVI	245876	0	0.5	25
	chrVI	245884	1	0.5	25
	chrVI	245888	1	0.5	25
	chrVI	245889	0	0.5	25
	chrVI	245898	0	0.5	25
	chrVI	245907	0	0.5	25
	chrVI	245908	1	0.5	25
	chrVI	245914	1	0.5	25
	chrVI	245915	1	1.0	25
	chrVI	245926	0	0.5	25
	chrVI	245936	1	0.5	25
	chrVI	245937	1	0.5	25
	chrVI	245940	0	0.5	25
	chrVI	245940	1	0.5	25
	chrVI	245944	0	1.5	25
	chrVI	245945	0	0.5	25
	chrVI	245945	1	0.5	25
	chrVI	245946	0	2.0	25
	chrVI	245947	0	1.0	25
	chrVI	245948	0	1.0	25
	chrVI	245949	0	2.0	25
	chrVI	245950	0	0.5	25
	chrVI	245951	0	0.5	25
	chrVI	245953	0	0.5	25
	chrVI	245955	0	0.5	25
	chrVI	245955	1	0.5	25
	chrVI	245958	0	1.5	25
	chrVI	245959	0	1.0	25
	chrVI	245960	0	0.5	25
	chrVI	245974	0	0.5	25
	chrVI	245975	0	0.5	25
	chrVI	245979	0	0.5	25
	chrVI	245981	0	1.0	25
	chrVI	245984	0	0.5	25
	chrVI	245984	1	0.5	25
	chrVI	245987	0	1.5	25
	chrVI	245987	1	1.5	25
	chrVI	245988	0	5.5	25
	chrVI	246001	1	1.0	25
	chrVI	246003	0	0.5	25
	chrVI	246005	1	0.5	25
	chrVI	246006	0	0.5	25
	chrVI	246006	1	1.5	25
	chrVI	246007	1	2.0	25
	chrVI	246008	0	0.5	25
	chrVI	246008	1	0.5	25
	chrVI	246010	1	1.5	25
	chrVI	246011	0	0.5	25
	chrVI	246012	1	1.0	25
	chrVI	246014	0	0.5	25
	chrVI	246020	1	1.5	25
	chrVI	246021	0	0.5	25
	chrVI	246021	1	0.5	25
	chrVI	246030	1	1.5	25
	chrVI	246031	1	0.5	25
	chrVI	246033	0	0.5	25
	chrVI	246033	1	0.5	25
	chrVI	246040	0	0.5	25
	chrVI	246042	1	0.5	25
	chrVI	246051	1	1.0	25
	chrVI	246052	1	2.0	25
	chrVI	246057	1	0.5	25
	chrVI	246058	1	2.0	25
	chrVI	246059	1	0.5	25
	chrVI	246061	1	1.0	25
	chrVI	246062	1	1.5	25
	chrVI	246063	1	1.5	25
	chrVI	246064	1	0.5	25
	chrVI	246067	1	1.0	25
	chrVI	246069	1	0.5	25
	chrVI	246075	0	0.5	25
	chrVI	246093	1	0.5	25
	chrVI	246107	1	0.5	25
	chrVI	246108	0	1.0	25
	chrVI	246108	1	0.5	25
	chrVI	246115	0	0.5	25
	chrVI	246116	1	0.5	25
	chrVI	246135	0	0.5	25
	chrVI	246142	1	0.5	25
	chrVI	246152	1	0.5	25
	chrVI	246173	1	0.5	25
	chrVI	246208	0	0.5	25
	chrVI	246211	1	0.5	25
	chrVI	246220	1	0.5	25
	chrVI	246231	0	0.5	25
	chrVI	246237	0	0.5	25
	chrVI	246252	0	1.0	25
	chrVI	246270	0	0.5	25
	chrVI	246284	0	0.5	25
	chrVI	246294	0	0.5	25
	chrVI	246333	0	0.5	25
	chrVI	246347	0	1.0	25
	chrVI	246358	1	0.5	25
	chrVI	246359	1	1.0	25
	chrVI	246361	1	0.5	25
	chrVI	246363	1	0.5	25
	chrVI	246382	0	0.5	25
	chrVI	246389	1	0.5	25
	chrVI	246392	0	0.5	25
	chrVI	246393	1	0.5	25
	chrVI	246399	1	0.5	25
	chrVI	246435	0	0.5	25
	chrVI	246435	1	0.5	25
	chrVI	246463	0	0.5	25
	chrVI	246467	1	0.5	25
	chrVI	246497	1	0.5	25
	chrVI	246507	0	0.5	25
	chrVI	246514	1	0.5	25
	chrVI	246527	0	0.5	25
	chrVI	246540	1	0.5	25
	chrVI	246569	1	0.5	25
	chrVI	246591	0	0.5	25
	chrVI	246592	1	0.5	25
	chrVI	246602	1	0.5	25
	chrVI	246610	0	0.5	25
	chrVI	246638	0	1.0	25
	chrVI	246656	0	0.5	25
	chrVI	246656	1	0.5	25
	chrVI	246664	1	0.5	25
	chrVI	246724	1	1.5	25
	chrVI	246728	0	0.5	25
	chrVI	246778	1	0.5	25
	chrVI	246828	0	0.5	25
	chrVI	246829	0	0.5	25
	chrVI	246859	0	0.5	25
	chrVI	246901	1	0.5	25
	chrVI	246919	1	0.5	25
	chrVI	246925	0	0.5	25
	chrVI	246929	0	1.0	25
	chrVI	246933	1	0.5	25
	chrVI	246938	0	0.5	25
	chrVI	246976	1	0.5	25
	chrVI	246983	1	0.5	25
	chrVI	246998	1	0.5	25
	chrVI	247023	1	0.5	24
	chrVI	247036	0	0.5	25
	chrVI	247038	0	0.5	25
	chrVI	247051	0	0.5	25
	chrVI	247064	0	0.5	25
	chrVI	247069	0	2.0	25
	chrVI	247085	1	0.5	25
	chrVI	247101	0	0.5	25
	chrVI	247108	0	1.0	25
	chrVI	247113	0	0.5	25
	chrVI	247113	1	0.5	25
	chrVI	247115	1	0.5	25
	chrVI	247122	1	0.5	25
	chrVI	247138	1	1.0	25
	chrVI	247140	1	0.5	25
	chrVI	247145	0	0.5	25
	chrVI	247147	1	0.5	25
	chrVI	247158	1	0.5	25
	chrVI	247167	1	0.5	25
	chrVI	247171	1	0.5	25
	chrVI	247175	1	1.0	25
	chrVI	247191	0	0.5	25
	chrVI	247201	1	0.5	25
	chrVI	247233	0	0.5	25
	chrVI	247247	0	0.5	25
	chrVI	247249	0	0.5	25
	chrVI	247256	1	0.5	25
	chrVI	247287	0	0.5	25
	chrVI	247307	1	0.5	25
	chrVI	247323	1	0.5	25
	chrVI	247336	0	0.5	25
	chrVI	247346	1	0.5	25
	chrVI	247354	1	0.5	25
	chrVI	247373	0	0.5	25
	chrVI	247396	0	0.5	25
	chrVI	247431	1	0.5	25
	chrVI	247439	0	1.0	25
	chrVI	247454	1	0.5	25
	chrVI	247455	1	0.5	25
	chrVI	247477	0	1.0	25
	chrVI	247482	0	0.5	25
	chrVI	247489	0	0.5	25
	chrVI	247496	1	1.0	25
	chrVI	247507	0	0.5	25
	chrVI	247518	0	0.5	25
	chrVI	247527	0	0.5	25
	chrVI	247527	1	1.0	25
	chrVI	247529	0	0.5	25
	chrVI	247546	0	0.5	25
	chrVI	247550	1	0.5	25
	chrVI	247552	1	0.5	25
	chrVI	247555	0	0.5	25
	chrVI	247571	1	0.5	25
	chrVI	247590	1	1.0	25
	chrVI	247592	0	0.5	25
	chrVI	247606	0	0.5	25
	chrVI	247616	1	0.5	25
	chrVI	247620	1	0.5	25
	chrVI	247625	0	0.5	25
	chrVI	247647	1	0.5	25
	chrVI	247649	0	0.5	25
	chrVI	247660	0	0.5	25
	chrVI	247683	1	0.5	25
	chrVI	247687	1	0.5	25
	chrVI	247691	1	0.5	25
	chrVI	247697	1	0.5	25
	chrVI	247710	1	0.5	25
	chrVI	247745	0	0.5	25
	chrVI	247765	0	0.5	25
	chrVI	247800	0	0.5	25
	chrVI	247815	0	0.5	25
	chrVI	247828	0	0.5	25
	chrVI	247836	0	0.5	25
	chrVI	247837	1	0.5	25
	chrVI	247840	1	0.5	25
	chrVI	247843	0	1.0	25
	chrVI	247855	0	0.5	25
	chrVI	247857	0	0.5	25
	chrVI	247862	0	0.5	25
	chrVI	247863	1	0.5	25
	chrVI	247875	1	0.5	25
	chrVI	247880	0	1.0	25
	chrVI	247883	0	0.5	25
	chrVI	247892	1	0.5	25
	chrVI	247896	0	0.5	25
	chrVI	247900	0	0.5	25
	chrVI	247903	0	0.5	25
	chrVI	247905	1	0.5	25
	chrVI	247911	1	1.0	25
	chrVI	247915	1	0.5	25
	chrVI	247919	1	0.5	25
	chrVI	247932	0	0.5	25
	chrVI	247940	0	0.5	25
	chrVI	247943	1	0.5	25
	chrVI	247945	1	0.5	25
	chrVI	247957	1	0.5	25
	chrVI	247960	0	0.5	25
	chrVI	247969	1	0.5	25
	chrVI	247972	1	0.5	25
	chrVI	247976	1	0.5	25
	chrVI	247988	1	0.5	25
	chrVI	247994	1	0.5	25
	chrVI	247995	1	1.0	25
	chrVI	248016	0	0.5	25
	chrVI	248039	0	0.5	25
	chrVI	248134	0	0.5	25
	chrVI	248142	0	0.5	25
	chrVI	248175	1	0.5	25
	chrVI	248184	0	0.5	25
	chrVI	248193	0	0.5	25
	chrVI	248194	0	0.5	25
	chrVI	248205	1	0.5	25
	chrVI	248206	1	0.5	25
	chrVI	248208	0	1.5	25
	chrVI	248209	0	0.5	25
	chrVI	248210	0	1.5	25
	chrVI	248212	0	1.0	25
	chrVI	248220	0	0.5	25
	chrVI	248221	0	1.0	25
	chrVI	248222	0	1.0	25
	chrVI	248223	0	1.5	25
	chrVI	248224	0	1.5	25
	chrVI	248232	0	0.5	25
	chrVI	248244	0	1.0	25
	chrVI	248247	0	0.5	25
	chrVI	248254	1	0.5	25
	chrVI	248257	1	0.5	25
	chrVI	248274	1	1.0	25
	chrVI	248275	1	0.5	25
	chrVI	248278	1	0.5	25
	chrVI	248283	1	1.0	25
	chrVI	248285	1	0.5	25
	chrVI	248293	0	0.5	25
	chrVI	248293	1	1.0	25
	chrVI	248295	1	0.5	25
	chrVI	248296	1	1.0	25
	chrVI	248298	1	2.0	25
	chrVI	248299	1	0.5	25
	chrVI	248304	1	2.5	25
	chrVI	248305	1	1.0	25
	chrVI	248306	0	0.5	25
	chrVI	248312	1	1.0	25
	chrVI	248352	0	0.5	25
	chrVI	248360	0	0.5	25
	chrVI	248371	1	0.5	25
	chrVI	248372	0	0.5	25
	chrVI	248410	0	0.5	25
	chrVI	248414	1	0.5	25
	chrVI	248435	1	0.5	25
	chrVI	248455	1	0.5	25
	chrVI	248456	0	0.5	25
	chrVI	248478	1	0.5	25
	chrVI	248487	0	0.5	25
	chrVI	248487	1	0.5	25
	chrVI	248493	0	0.5	25
	chrVI	248531	1	0.5	25
	chrVI	248542	0	1.0	25
	chrVI	248560	0	0.5	25
	chrVI	248605	0	0.5	25
	chrVI	248633	1	0.5	25
	chrVI	248661	1	1.0	25
	chrVI	248664	1	0.5	25
	chrVI	248676	1	0.5	25
	chrVI	248703	0	0.5	25
	chrVI	248717	0	0.5	25
	chrVI	248750	1	0.5	25
	chrVI	248779	0	0.5	25
	chrVI	248788	1	0.5	25
	chrVI	248805	0	0.5	25
	chrVI	248827	0	1.0	25
	chrVI	248828	1	0.5	25
	chrVI	248847	0	0.5	25
	chrVI	248853	1	0.5	25
	chrVI	248868	1	0.5	25
	chrVI	248888	0	1.0	25
	chrVI	248899	1	0.5	25
	chrVI	248931	0	0.5	25
	chrVI	248932	1	1.0	25
	chrVI	248938	0	0.5	25
	chrVI	248947	0	0.5	25
	chrVI	248957	1	1.0	25
	chrVI	248959	0	0.5	25
	chrVI	248965	0	0.5	25
	chrVI	248985	0	0.5	25
	chrVI	249004	1	0.5	25
	chrVI	249006	1	0.5	25
	chrVI	249009	1	0.5	25
	chrVI	249031	0	0.5	25
	chrVI	249040	1	0.5	25
	chrVI	249043	1	0.5	25
	chrVI	249071	0	0.5	25
	chrVI	249092	0	0.5	25
	chrVI	249094	0	1.0	25
	chrVI	249101	0	0.5	25
	chrVI	249119	0	0.5	25
	chrVI	249133	1	0.5	25
	chrVI	249141	1	0.5	25
	chrVI	249143	0	0.5	25
	chrVI	249163	1	0.5	25
	chrVI	249164	1	0.5	25
	chrVI	249171	1	0.5	25
	chrVI	249178	1	0.5	25
	chrVI	249181	0	0.5	25
	chrVI	249191	1	0.5	25
	chrVI	249192	0	0.5	25
	chrVI	249193	0	0.5	25
	chrVI	249212	1	0.5	25
	chrVI	249235	0	0.5	25
	chrVI	249246	0	0.5	25
	chrVI	249257	1	0.5	25
	chrVI	249287	1	0.5	25
	chrVI	249300	1	0.5	25
	chrVI	249303	1	0.5	25
	chrVI	249350	1	0.5	25
	chrVI	249389	1	0.5	25
	chrVI	249475	0	0.5	25
	chrVI	249479	0	0.5	25
	chrVI	249485	0	0.5	25
	chrVI	249488	0	0.5	25
	chrVI	249495	0	0.5	25
	chrVI	249525	1	0.5	25
	chrVI	249529	0	0.5	25
	chrVI	249530	1	0.5	25
	chrVI	249541	0	0.5	25
	chrVI	249542	0	0.5	25
	chrVI	249555	1	0.5	25
	chrVI	249557	1	0.5	25
	chrVI	249575	0	0.5	25
	chrVI	249584	1	0.5	25
	chrVI	249591	0	0.5	25
	chrVI	249596	0	0.5	25
	chrVI	249622	0	0.5	25
	chrVI	249626	1	0.5	25
	chrVI	249653	1	0.5	25
	chrVI	249666	1	1.0	25
	chrVI	249680	0	0.5	25
	chrVI	249680	1	0.5	25
	chrVI	249687	1	0.5	25
	chrVI	249690	0	1.0	25
	chrVI	249719	1	0.5	25
	chrVI	249728	0	0.5	25
	chrVI	249734	0	0.5	25
	chrVI	249736	0	0.5	25
	chrVI	249753	1	1.0	25
	chrVI	249765	0	0.5	25
	chrVI	249767	1	0.5	25
	chrVI	249770	0	1.5	25
	chrVI	249806	1	0.5	25
	chrVI	249809	0	0.5	25
	chrVI	249809	1	0.5	25
	chrVI	249817	0	0.5	25
	chrVI	249818	1	0.5	25
	chrVI	249819	0	0.5	25
	chrVI	249821	1	0.5	25
	chrVI	249850	1	1.0	25
	chrVI	249868	0	0.5	25
	chrVI	249868	1	0.5	25
	chrVI	249869	0	1.0	25
	chrVI	249870	0	0.5	25
	chrVI	249921	0	0.5	25
	chrVI	249932	0	0.5	25
	chrVI	249947	0	0.5	25
	chrVI	249947	1	0.5	25
	chrVI	249950	1	0.5	25
	chrVI	249951	0	1.0	25
	chrVI	249953	0	0.5	25
	chrVI	249954	0	1.0	25
	chrVI	249955	1	0.5	25
	chrVI	249958	1	0.5	25
	chrVI	249963	0	2.0	25
	chrVI	249966	0	1.5	25
	chrVI	249967	0	1.5	25
	chrVI	249968	0	0.5	25
	chrVI	249980	0	0.5	25
	chrVI	249981	0	0.5	23
	chrVI	249982	0	3.5	25
	chrVI	249983	0	1.5	25
	chrVI	249985	0	0.5	25
	chrVI	249988	0	2.5	25
	chrVI	249991	0	1.0	25
	chrVI	250001	0	0.5	25
	chrVI	250003	1	0.5	25
	chrVI	250005	0	2.5	25
	chrVI	250005	1	0.5	25
	chrVI	250006	0	2.0	25
	chrVI	250006	1	1.0	25
	chrVI	250007	0	1.0	25
	chrVI	250008	0	1.0	25
	chrVI	250008	1	0.5	25
	chrVI	250009	0	4.5	25
	chrVI	250010	0	0.5	25
	chrVI	250012	0	1.5	25
	chrVI	250013	0	2.0	25
	chrVI	250029	1	0.5	25
	chrVI	250031	1	0.5	25
	chrVI	250034	1	1.0	25
	chrVI	250035	1	1.0	25
	chrVI	250036	0	0.5	25
	chrVI	250040	1	0.5	25
	chrVI	250041	1	1.0	25
	chrVI	250042	1	0.5	25
	chrVI	250044	1	1.0	25
	chrVI	250045	1	0.5	25
	chrVI	250046	1	1.0	25
	chrVI	250047	1	1.5	25
	chrVI	250050	1	0.5	25
	chrVI	250051	1	1.0	25
	chrVI	250053	1	1.0	25
	chrVI	250054	0	0.5	25
	chrVI	250054	1	1.0	25
	chrVI	250059	1	2.5	25
	chrVI	250060	1	0.5	25
	chrVI	250064	1	0.5	25
	chrVI	250065	1	1.0	25
	chrVI	250066	1	0.5	25
	chrVI	250069	1	3.0	25
	chrVI	250070	1	2.0	25
	chrVI	250071	1	4.0	25
	chrVI	250072	1	1.0	25
	chrVI	250073	1	4.0	25
	chrVI	250074	1	0.5	25
	chrVI	250075	1	0.5	25
	chrVI	250076	1	1.0	25
	chrVI	250078	0	0.5	25
	chrVI	250101	1	0.5	25
	chrVI	250108	1	0.5	25
	chrVI	250125	0	0.5	25
	chrVI	250127	1	0.5	25
	chrVI	250139	1	0.5	25
	chrVI	250171	0	0.5	25
	chrVI	250199	1	0.5	25
	chrVI	250250	1	0.5	25
	chrVI	250271	0	1.0	25
	chrVI	250319	0	1.0	25
	chrVI	250325	1	0.5	25
	chrVI	250347	0	0.5	25
	chrVI	250352	0	0.5	25
	chrVI	250357	0	0.5	25
	chrVI	250366	0	0.5	25
	chrVI	250387	1	0.5	25
	chrVI	250395	1	0.5	25
	chrVI	250399	0	0.5	25
	chrVI	250417	1	0.5	25
	chrVI	250423	1	0.5	25
	chrVI	250425	0	0.5	25
	chrVI	250426	0	0.5	25
	chrVI	250438	1	0.5	25
	chrVI	250457	0	0.5	25
	chrVI	250475	0	0.5	25
	chrVI	250514	1	0.5	25
	chrVI	250530	1	0.5	25
	chrVI	250535	1	0.5	25
	chrVI	250542	1	0.5	25
	chrVI	250543	1	0.5	25
	chrVI	250601	1	0.5	25
	chrVI	250605	0	0.5	25
	chrVI	250619	1	0.5	25
	chrVI	250622	0	1.0	25
	chrVI	250639	0	0.5	25
	chrVI	250650	1	0.5	25
	chrVI	250704	1	1.0	25
	chrVI	250709	1	0.5	25
	chrVI	250752	0	0.5	25
	chrVI	250754	0	0.5	25
	chrVI	250757	0	0.5	25
	chrVI	250802	1	0.5	25
	chrVI	250808	1	0.5	25
	chrVI	250828	0	0.5	24
	chrVI	250838	0	0.5	25
	chrVI	250847	0	0.5	25
	chrVI	250884	1	0.5	25
	chrVI	250901	0	0.5	25
	chrVI	250909	1	0.5	25
	chrVI	250914	1	0.5	25
	chrVI	250919	1	0.5	25
	chrVI	250947	1	0.5	25
	chrVI	250953	0	0.5	25
	chrVI	251026	1	0.5	25
	chrVI	251096	0	0.5	25
	chrVI	251153	1	0.5	25
	chrVI	251162	0	0.5	25
	chrVI	251164	0	0.5	25
	chrVI	251188	0	1.0	25
	chrVI	251218	0	0.5	25
	chrVI	251233	1	0.5	24
	chrVI	251250	1	1.0	25
	chrVI	251253	1	0.5	25
	chrVI	251291	0	0.5	25
	chrVI	251307	1	0.5	25
	chrVI	251350	0	0.5	25
	chrVI	251360	1	0.5	25
	chrVI	251361	0	0.5	25
	chrVI	251418	1	0.5	25
	chrVI	251426	0	1.0	25
	chrVI	251434	0	0.5	25
	chrVI	251439	1	0.5	25
	chrVI	251486	1	0.5	25
	chrVI	251489	0	0.5	25
	chrVI	251496	0	1.5	25
	chrVI	251534	1	1.0	25
	chrVI	251560	0	0.5	25
	chrVI	251581	1	0.5	25
	chrVI	251582	1	1.0	25
	chrVI	251616	0	0.5	25
	chrVI	251640	1	0.5	25
	chrVI	251642	0	0.5	25
	chrVI	251668	0	0.5	25
	chrVI	251715	0	1.5	25
	chrVI	251733	1	0.5	25
	chrVI	251782	1	0.5	25
	chrVI	251829	0	0.5	25
	chrVI	251850	0	1.0	25
	chrVI	251867	1	0.5	25
	chrVI	251869	0	0.5	25
	chrVI	251876	0	0.5	25
	chrVI	251879	1	0.5	25
	chrVI	251891	0	1.0	25
	chrVI	251897	1	0.5	25
	chrVI	251898	1	0.5	25
	chrVI	251901	0	0.5	25
	chrVI	251903	0	0.5	25
	chrVI	251906	0	1.0	25
	chrVI	251907	0	1.0	25
	chrVI	251908	0	1.0	25
	chrVI	251911	0	1.0	25
	chrVI	251916	1	1.0	25
	chrVI	251922	1	0.5	25
	chrVI	251934	0	1.0	25
	chrVI	251936	0	0.5	25
	chrVI	251936	1	1.0	25
	chrVI	251939	0	0.5	25
	chrVI	251960	1	0.5	25
	chrVI	251968	1	0.5	25
	chrVI	251971	1	2.0	25
	chrVI	251972	0	0.5	25
	chrVI	251972	1	2.0	25
	chrVI	251979	0	1.0	25
	chrVI	251981	1	1.0	25
	chrVI	251990	0	0.5	25
	chrVI	251992	1	0.5	25
	chrVI	251993	0	0.5	25
	chrVI	251993	1	0.5	25
	chrVI	251997	0	0.5	25
	chrVI	251998	1	0.5	25
	chrVI	252002	1	0.5	25
	chrVI	252003	0	0.5	25
	chrVI	252006	0	1.5	25
	chrVI	252020	0	0.5	25
	chrVI	252027	0	0.5	25
	chrVI	252039	0	0.5	25
	chrVI	252053	1	0.5	25
	chrVI	252062	1	0.5	25
	chrVI	252064	1	0.5	25
	chrVI	252067	1	0.5	25
	chrVI	252068	1	1.5	25
	chrVI	252070	1	1.0	25
	chrVI	252082	1	0.5	25
	chrVI	252089	1	0.5	25
	chrVI	252093	0	0.5	25
	chrVI	252105	0	0.5	25
	chrVI	252106	1	0.5	25
	chrVI	252107	1	0.5	25
	chrVI	252117	1	0.5	25
	chrVI	252140	0	0.5	25
	chrVI	252147	0	0.5	25
	chrVI	252148	0	0.5	25
	chrVI	252149	0	0.5	25
	chrVI	252152	0	0.5	25
	chrVI	252164	1	0.5	25
	chrVI	252172	0	0.5	25
	chrVI	252173	1	0.5	25
	chrVI	252176	0	0.5	25
	chrVI	252191	0	0.5	25
	chrVI	252207	1	0.5	25
	chrVI	252216	1	0.5	25
	chrVI	252219	0	0.5	25
	chrVI	252225	1	0.5	25
	chrVI	252236	1	0.5	25
	chrVI	252254	1	0.5	25
	chrVI	252263	0	1.0	25
	chrVI	252269	0	0.5	25
	chrVI	252270	0	0.5	25
	chrVI	252275	0	0.5	25
	chrVI	252276	0	0.5	25
	chrVI	252279	0	1.0	25
	chrVI	252280	1	0.5	25
	chrVI	252285	0	0.5	25
	chrVI	252300	0	0.5	25
	chrVI	252301	0	1.0	25
	chrVI	252319	1	1.5	25
	chrVI	252320	0	0.5	25
	chrVI	252320	1	0.5	24
	chrVI	252329	0	0.5	25
	chrVI	252331	0	0.5	25
	chrVI	252332	0	1.0	25
	chrVI	252336	0	2.5	25
	chrVI	252337	0	1.0	25
	chrVI	252337	1	0.5	25
	chrVI	252341	1	0.5	25
	chrVI	252344	0	0.5	25
	chrVI	252344	1	1.0	25
	chrVI	252345	0	1.0	25
	chrVI	252345	1	1.0	25
	chrVI	252346	0	0.5	25
	chrVI	252351	0	0.5	25
	chrVI	252354	0	1.0	25
	chrVI	252356	0	0.5	25
	chrVI	252359	0	0.5	25
	chrVI	252360	1	0.5	25
	chrVI	252372	0	0.5	25
	chrVI	252374	0	0.5	25
	chrVI	252380	0	1.0	25
	chrVI	252387	0	0.5	25
	chrVI	252387	1	0.5	25
	chrVI	252390	1	0.5	25
	chrVI	252394	0	0.5	25
	chrVI	252394	1	0.5	25
	chrVI	252395	0	0.5	25
	chrVI	252395	1	1.0	25
	chrVI	252397	0	0.5	25
	chrVI	252399	1	1.0	25
	chrVI	252405	1	1.5	25
	chrVI	252410	1	0.5	25
	chrVI	252418	1	0.5	25
	chrVI	252420	1	0.5	25
	chrVI	252425	1	1.0	25
	chrVI	252427	1	0.5	25
	chrVI	252432	1	1.0	25
	chrVI	252433	0	0.5	25
	chrVI	252435	1	2.5	25
	chrVI	252438	1	1.0	25
	chrVI	252439	1	0.5	25
	chrVI	252440	0	0.5	25
	chrVI	252441	1	1.5	25
	chrVI	252442	0	1.0	25
	chrVI	252442	1	1.0	25
	chrVI	252448	0	0.5	25
	chrVI	252455	1	0.5	25
	chrVI	252458	0	0.5	25
	chrVI	252477	1	1.0	25
	chrVI	252483	0	0.5	25
	chrVI	252494	0	1.0	25
	chrVI	252503	1	0.5	25
	chrVI	252516	0	0.5	25
	chrVI	252520	1	0.5	25
	chrVI	252531	1	0.5	25
	chrVI	252540	1	0.5	25
	chrVI	252559	0	0.5	25
	chrVI	252573	1	1.0	25
	chrVI	252590	1	0.5	25
	chrVI	252592	0	1.0	25
	chrVI	252593	0	1.0	25
	chrVI	252604	0	0.5	25
	chrVI	252606	1	0.5	25
	chrVI	252620	1	0.5	25
	chrVI	252627	1	0.5	25
	chrVI	252675	1	1.0	25
	chrVI	252678	1	0.5	25
	chrVI	252707	0	0.5	25
	chrVI	252731	0	0.5	25
	chrVI	252767	0	0.5	25
	chrVI	252772	0	0.5	25
	chrVI	252774	0	0.5	25
	chrVI	252774	1	1.0	25
	chrVI	252792	1	0.5	25
	chrVI	252797	0	0.5	25
	chrVI	252836	0	0.5	25
	chrVI	252840	1	0.5	25
	chrVI	252849	0	0.5	25
	chrVI	252858	0	0.5	25
	chrVI	252861	1	0.5	25
	chrVI	252864	1	0.5	25
	chrVI	252892	0	0.5	25
	chrVI	252893	0	0.5	25
	chrVI	252895	0	0.5	25
	chrVI	252900	1	0.5	25
	chrVI	252905	1	0.5	25
	chrVI	252907	1	0.5	25
	chrVI	252910	0	1.0	25
	chrVI	252919	0	0.5	25
	chrVI	252921	1	0.5	25
	chrVI	252928	1	0.5	25
	chrVI	252933	1	0.5	25
	chrVI	252959	0	0.5	25
	chrVI	252973	1	0.5	25
	chrVI	252985	1	1.0	25
	chrVI	252987	1	0.5	25
	chrVI	252998	1	0.5	25
	chrVI	253005	0	0.5	25
	chrVI	253009	1	0.5	25
	chrVI	253015	0	0.5	25
	chrVI	253026	0	0.5	25
	chrVI	253047	0	0.5	25
	chrVI	253059	1	0.5	25
	chrVI	253065	1	0.5	25
	chrVI	253118	0	0.5	25
	chrVI	253120	0	0.5	25
	chrVI	253126	1	0.5	25
	chrVI	253133	0	0.5	25
	chrVI	253164	0	0.5	25
	chrVI	253177	1	0.5	25
	chrVI	253185	1	0.5	25
	chrVI	253195	0	0.5	25
	chrVI	253204	1	1.0	25
	chrVI	253209	1	0.5	25
	chrVI	253218	0	1.0	25
	chrVI	253238	0	0.5	25
	chrVI	253241	0	1.0	25
	chrVI	253248	1	0.5	25
	chrVI	253258	1	1.0	25
	chrVI	253270	0	0.5	25
	chrVI	253274	0	0.5	25
	chrVI	253283	0	0.5	25
	chrVI	253292	0	0.5	25
	chrVI	253300	0	0.5	25
	chrVI	253309	1	0.5	25
	chrVI	253314	0	0.5	25
	chrVI	253317	0	0.5	25
	chrVI	253321	1	0.5	25
	chrVI	253322	1	0.5	25
	chrVI	253329	1	0.5	25
	chrVI	253334	0	0.5	25
	chrVI	253334	1	0.5	25
	chrVI	253339	0	0.5	25
	chrVI	253341	0	0.5	25
	chrVI	253342	1	0.5	25
	chrVI	253346	0	1.0	25
	chrVI	253347	0	1.0	25
	chrVI	253348	0	0.5	25
	chrVI	253358	0	0.5	25
	chrVI	253360	0	1.0	25
	chrVI	253363	0	0.5	25
	chrVI	253370	0	0.5	25
	chrVI	253375	1	0.5	25
	chrVI	253378	0	0.5	25
	chrVI	253381	1	0.5	25
	chrVI	253397	1	0.5	25
	chrVI	253398	0	0.5	25
	chrVI	253400	1	1.0	25
	chrVI	253401	1	0.5	25
	chrVI	253402	0	0.5	25
	chrVI	253408	1	0.5	25
	chrVI	253415	0	0.5	25
	chrVI	253415	1	0.5	25
	chrVI	253416	0	0.5	25
	chrVI	253419	1	0.5	25
	chrVI	253420	1	1.0	25
	chrVI	253421	1	0.5	25
	chrVI	253422	0	0.5	25
	chrVI	253422	1	0.5	25
	chrVI	253426	1	0.5	25
	chrVI	253428	1	0.5	25
	chrVI	253430	1	0.5	25
	chrVI	253439	1	0.5	25
	chrVI	253447	1	0.5	25
	chrVI	253454	1	0.5	25
	chrVI	253457	1	0.5	25
	chrVI	253466	1	0.5	25
	chrVI	253469	1	0.5	25
	chrVI	253495	1	0.5	25
	chrVI	253534	0	0.5	25
	chrVI	253577	0	1.0	25
	chrVI	253588	0	0.5	25
	chrVI	253593	1	0.5	25
	chrVI	253623	0	0.5	25
	chrVI	253637	1	0.5	25
	chrVI	253644	1	1.0	25
	chrVI	253655	0	0.5	25
	chrVI	253718	0	0.5	25
	chrVI	253740	0	0.5	25
	chrVI	253773	1	0.5	25
	chrVI	253777	0	0.5	25
	chrVI	253787	0	0.5	25
	chrVI	253824	1	0.5	25
	chrVI	253827	1	0.5	25
	chrVI	253841	0	0.5	25
	chrVI	253844	0	0.5	25
	chrVI	253845	0	0.5	25
	chrVI	253845	1	0.5	25
	chrVI	253862	0	0.5	25
	chrVI	253866	0	1.0	25
	chrVI	253890	1	0.5	25
	chrVI	253911	1	0.5	25
	chrVI	253914	1	0.5	25
	chrVI	253916	0	0.5	25
	chrVI	253919	1	0.5	25
	chrVI	253936	0	0.5	25
	chrVI	253949	1	0.5	25
	chrVI	253978	0	0.5	25
	chrVI	253981	0	0.5	25
	chrVI	253996	0	0.5	25
	chrVI	254005	0	0.5	25
	chrVI	254007	1	0.5	25
	chrVI	254014	1	0.5	25
	chrVI	254029	1	0.5	25
	chrVI	254053	0	0.5	25
	chrVI	254067	1	0.5	25
	chrVI	254068	0	0.5	25
	chrVI	254083	1	0.5	25
	chrVI	254088	0	0.5	25
	chrVI	254102	1	0.5	25
	chrVI	254116	0	0.5	25
	chrVI	254122	1	0.5	25
	chrVI	254128	1	0.5	25
	chrVI	254146	0	0.5	25
	chrVI	254153	1	1.0	25
	chrVI	254160	1	0.5	25
	chrVI	254172	1	0.5	25
	chrVI	254200	0	0.5	25
	chrVI	254213	0	0.5	25
	chrVI	254223	1	0.5	25
	chrVI	254227	0	0.5	25
	chrVI	254247	1	0.5	25
	chrVI	254248	0	0.5	25
	chrVI	254260	0	0.5	25
	chrVI	254271	1	0.5	25
	chrVI	254302	1	0.5	25
	chrVI	254305	1	0.5	25
	chrVI	254310	0	0.5	25
	chrVI	254330	0	0.5	25
	chrVI	254350	1	0.5	25
	chrVI	254365	1	0.5	25
	chrVI	254368	1	0.5	25
	chrVI	254401	0	0.5	25
	chrVI	254412	1	0.5	25
	chrVI	254413	0	0.5	25
	chrVI	254442	0	0.5	25
	chrVI	254443	0	0.5	25
	chrVI	254451	1	0.5	25
	chrVI	254470	1	0.5	25
	chrVI	254491	0	0.5	25
	chrVI	254501	1	0.5	25
	chrVI	254503	1	0.5	25
	chrVI	254507	0	0.5	25
	chrVI	254519	0	0.5	25
	chrVI	254535	0	0.5	25
	chrVI	254540	0	0.5	25
	chrVI	254544	1	0.5	25
	chrVI	254545	1	0.5	25
	chrVI	254561	0	0.5	25
	chrVI	254599	1	0.5	25
	chrVI	254603	1	0.5	25
	chrVI	254615	0	0.5	25
	chrVI	254623	1	0.5	25
	chrVI	254702	1	0.5	25
	chrVI	254736	0	0.5	25
	chrVI	254746	0	0.5	25
	chrVI	254762	1	0.5	25
	chrVI	254766	0	0.5	25
	chrVI	254792	0	0.5	25
	chrVI	254800	1	0.5	25
	chrVI	254809	1	0.5	25
	chrVI	254857	1	0.5	25
	chrVI	254868	1	0.5	25
	chrVI	254869	0	0.5	25
	chrVI	254875	0	0.5	25
	chrVI	254933	1	0.5	25
	chrVI	254948	0	0.5	25
	chrVI	254957	1	0.5	25
	chrVI	254964	0	0.5	25
	chrVI	254985	0	0.5	25
	chrVI	254986	0	0.5	25
	chrVI	255022	0	0.5	25
	chrVI	255032	1	0.5	25
	chrVI	255044	0	0.5	25
	chrVI	255053	1	0.5	25
	chrVI	255066	0	0.5	25
	chrVI	255072	0	0.5	25
	chrVI	255083	0	0.5	25
	chrVI	255103	0	0.5	25
	chrVI	255106	1	0.5	25
	chrVI	255114	0	0.5	25
	chrVI	255119	1	0.5	25
	chrVI	255122	0	0.5	25
	chrVI	255142	1	0.5	25
	chrVI	255143	0	0.5	25
	chrVI	255151	1	0.5	25
	chrVI	255161	0	1.0	25
	chrVI	255169	0	0.5	25
	chrVI	255169	1	1.0	25
	chrVI	255180	1	0.5	25
	chrVI	255198	1	0.5	25
	chrVI	255199	0	0.5	25
	chrVI	255203	1	0.5	25
	chrVI	255204	0	1.0	25
	chrVI	255206	1	0.5	25
	chrVI	255209	0	1.0	25
	chrVI	255222	1	0.5	25
	chrVI	255232	0	0.5	25
	chrVI	255241	0	0.5	25
	chrVI	255245	1	0.5	25
	chrVI	255256	1	1.0	25
	chrVI	255257	1	1.0	25
	chrVI	255258	1	1.0	25
	chrVI	255275	0	0.5	25
	chrVI	255291	1	0.5	25
	chrVI	255295	1	0.5	25
	chrVI	255297	0	0.5	25
	chrVI	255300	0	0.5	25
	chrVI	255309	1	0.5	25
	chrVI	255313	0	0.5	25
	chrVI	255317	0	0.5	25
	chrVI	255335	0	1.0	25
	chrVI	255336	0	1.0	25
	chrVI	255358	0	0.5	25
	chrVI	255371	1	0.5	25
	chrVI	255372	1	0.5	25
	chrVI	255376	0	0.5	25
	chrVI	255376	1	0.5	25
	chrVI	255387	1	0.5	25
	chrVI	255388	0	0.5	25
	chrVI	255401	1	1.0	25
	chrVI	255402	0	0.5	25
	chrVI	255404	0	0.5	25
	chrVI	255408	0	1.0	25
	chrVI	255409	0	1.0	25
	chrVI	255411	0	0.5	25
	chrVI	255416	0	0.5	25
	chrVI	255426	1	0.5	25
	chrVI	255456	0	0.5	25
	chrVI	255459	1	0.5	25
	chrVI	255460	1	0.5	25
	chrVI	255461	1	0.5	25
	chrVI	255468	1	0.5	25
	chrVI	255471	1	0.5	25
	chrVI	255472	1	0.5	25
	chrVI	255473	0	0.5	25
	chrVI	255476	1	0.5	25
	chrVI	255484	1	0.5	25
	chrVI	255492	0	1.0	25
	chrVI	255492	1	0.5	25
	chrVI	255501	1	0.5	25
	chrVI	255510	0	0.5	25
	chrVI	255514	0	0.5	25
	chrVI	255522	1	0.5	25
	chrVI	255526	1	0.5	25
	chrVI	255534	0	0.5	25
	chrVI	255544	1	0.5	25
	chrVI	255550	1	0.5	25
	chrVI	255551	1	1.5	25
	chrVI	255552	0	2.0	25
	chrVI	255553	0	0.5	25
	chrVI	255555	1	0.5	25
	chrVI	255561	0	0.5	25
	chrVI	255566	0	1.0	25
	chrVI	255568	0	0.5	25
	chrVI	255587	1	0.5	25
	chrVI	255606	1	0.5	25
	chrVI	255620	0	0.5	25
	chrVI	255620	1	0.5	25
	chrVI	255621	1	1.0	25
	chrVI	255649	1	1.0	25
	chrVI	255651	0	1.0	25
	chrVI	255652	0	0.5	25
	chrVI	255655	0	1.0	25
	chrVI	255656	0	0.5	25
	chrVI	255670	0	0.5	25
	chrVI	255679	1	0.5	25
	chrVI	255683	0	0.5	25
	chrVI	255696	1	0.5	25
	chrVI	255701	0	0.5	25
	chrVI	255719	1	0.5	25
	chrVI	255734	1	1.0	25
	chrVI	255739	1	0.5	25
	chrVI	255741	1	0.5	25
	chrVI	255745	1	0.5	25
	chrVI	255746	0	0.5	25
	chrVI	255763	1	1.0	25
	chrVI	255778	1	0.5	25
	chrVI	255781	1	0.5	25
	chrVI	255792	1	0.5	25
	chrVI	255804	0	0.5	25
	chrVI	255836	0	0.5	25
	chrVI	255844	0	0.5	25
	chrVI	255846	0	0.5	25
	chrVI	255881	0	0.5	25
	chrVI	255883	1	1.0	25
	chrVI	255887	1	0.5	25
	chrVI	255893	1	0.5	25
	chrVI	255910	0	0.5	25
	chrVI	255918	0	1.0	25
	chrVI	255971	1	0.5	25
	chrVI	255984	1	1.0	25
	chrVI	255986	0	0.5	25
	chrVI	255987	1	0.5	25
	chrVI	255988	0	0.5	25
	chrVI	256001	1	0.5	25
	chrVI	256002	1	0.5	25
	chrVI	256008	0	0.5	25
	chrVI	256032	0	0.5	25
	chrVI	256040	1	0.5	25
	chrVI	256054	1	0.5	25
	chrVI	256059	0	0.5	25
	chrVI	256092	1	0.5	25
	chrVI	256101	0	1.0	25
	chrVI	256123	0	0.5	25
	chrVI	256129	1	0.5	25
	chrVI	256144	0	0.5	25
	chrVI	256165	0	0.5	25
	chrVI	256166	0	0.5	25
	chrVI	256167	0	0.5	25
	chrVI	256168	1	0.5	25
	chrVI	256183	1	0.5	25
	chrVI	256191	0	0.5	25
	chrVI	256196	1	0.5	25
	chrVI	256218	1	1.5	25
	chrVI	256240	0	0.5	25
	chrVI	256272	1	0.5	25
	chrVI	256296	1	0.5	25
	chrVI	256298	1	0.5	25
	chrVI	256302	0	1.0	25
	chrVI	256324	0	1.0	25
	chrVI	256329	0	1.0	25
	chrVI	256331	0	1.0	25
	chrVI	256337	0	1.0	25
	chrVI	256338	0	0.5	25
	chrVI	256339	0	0.5	25
	chrVI	256342	1	0.5	25
	chrVI	256347	0	1.0	25
	chrVI	256361	0	2.0	25
	chrVI	256375	0	0.5	25
	chrVI	256380	1	0.5	25
	chrVI	256381	1	0.5	25
	chrVI	256391	1	1.0	25
	chrVI	256393	1	1.5	25
	chrVI	256395	0	0.5	25
	chrVI	256395	1	0.5	25
	chrVI	256400	1	0.5	25
	chrVI	256403	1	0.5	25
	chrVI	256404	0	1.5	25
	chrVI	256418	1	1.0	25
	chrVI	256421	1	0.5	25
	chrVI	256424	1	0.5	25
	chrVI	256426	1	1.0	25
	chrVI	256427	1	0.5	25
	chrVI	256428	0	1.0	25
	chrVI	256430	0	0.5	25
	chrVI	256435	0	1.0	25
	chrVI	256435	1	0.5	25
	chrVI	256436	0	0.5	25
	chrVI	256438	0	0.5	25
	chrVI	256443	0	1.0	25
	chrVI	256445	0	0.5	25
	chrVI	256464	0	0.5	25
	chrVI	256485	1	1.5	25
	chrVI	256491	1	0.5	25
	chrVI	256495	0	0.5	25
	chrVI	256496	0	0.5	25
	chrVI	256505	0	0.5	25
	chrVI	256512	0	0.5	25
	chrVI	256512	1	0.5	25
	chrVI	256522	1	1.0	25
	chrVI	256523	1	1.0	25
	chrVI	256538	1	0.5	25
	chrVI	256543	1	0.5	25
	chrVI	256545	1	0.5	25
	chrVI	256559	1	0.5	25
	chrVI	256581	1	0.5	25
	chrVI	256616	1	0.5	25
	chrVI	256618	1	0.5	25
	chrVI	256620	0	0.5	25
	chrVI	256621	0	0.5	25
	chrVI	256624	0	0.5	25
	chrVI	256644	0	0.5	25
	chrVI	256647	0	0.5	25
	chrVI	256647	1	0.5	25
	chrVI	256655	1	0.5	25
	chrVI	256670	1	1.0	25
	chrVI	256673	0	0.5	25
	chrVI	256704	1	0.5	25
	chrVI	256715	1	0.5	25
	chrVI	256724	1	0.5	25
	chrVI	256726	1	1.0	25
	chrVI	256742	1	0.5	25
	chrVI	256784	0	0.5	25
	chrVI	256789	0	0.5	25
	chrVI	256792	0	0.5	25
	chrVI	256832	0	1.0	25
	chrVI	256843	0	0.5	25
	chrVI	256852	1	0.5	25
	chrVI	256884	0	0.5	25
	chrVI	256891	0	0.5	25
	chrVI	256901	0	1.0	25
	chrVI	256902	0	0.5	25
	chrVI	256902	1	0.5	25
	chrVI	256917	1	1.0	25
	chrVI	256927	0	0.5	25
	chrVI	256930	0	0.5	25
	chrVI	256938	1	0.5	25
	chrVI	256950	1	0.5	25
	chrVI	256963	1	0.5	25
	chrVI	256964	1	1.0	25
	chrVI	256972	0	0.5	25
	chrVI	256972	1	1.0	25
	chrVI	256974	1	0.5	25
	chrVI	256976	0	0.5	25
	chrVI	256996	0	0.5	25
	chrVI	257001	1	0.5	25
	chrVI	257008	0	1.0	25
	chrVI	257014	0	0.5	25
	chrVI	257017	1	0.5	25
	chrVI	257020	0	0.5	25
	chrVI	257046	1	0.5	25
	chrVI	257066	0	0.5	25
	chrVI	257076	0	0.5	25
	chrVI	257082	1	0.5	25
	chrVI	257118	1	0.5	25
	chrVI	257124	1	0.5	25
	chrVI	257148	1	0.5	25
	chrVI	257162	1	0.5	25
	chrVI	257184	1	0.5	25
	chrVI	257186	1	0.5	25
	chrVI	257218	0	0.5	25
	chrVI	257369	0	0.5	25
	chrVI	257377	0	0.5	25
	chrVI	257388	1	0.5	25
	chrVI	257427	0	0.5	25
	chrVI	257431	1	0.5	25
	chrVI	257434	0	0.5	25
	chrVI	257443	1	0.5	25
	chrVI	257473	0	1.0	25
	chrVI	257475	0	0.5	25
	chrVI	257480	1	0.5	25
	chrVI	257540	0	0.5	25
	chrVI	257540	1	0.5	25
	chrVI	257576	1	1.0	25
	chrVI	257600	0	0.5	25
	chrVI	257612	0	0.5	25
	chrVI	257619	1	0.5	25
	chrVI	257626	1	0.5	25
	chrVI	257653	0	0.5	25
	chrVI	257655	1	0.5	25
	chrVI	257657	1	0.5	25
	chrVI	257699	0	1.0	25
	chrVI	257719	1	0.5	25
	chrVI	257726	0	0.5	25
	chrVI	257749	0	0.5	25
	chrVI	257798	1	0.5	25
	chrVI	257807	0	0.5	25
	chrVI	257809	1	1.0	25
	chrVI	257858	0	0.5	25
	chrVI	257895	1	0.5	25
	chrVI	257932	0	0.5	25
	chrVI	257960	0	0.5	25
	chrVI	257965	0	0.5	25
	chrVI	257992	0	0.5	25
	chrVI	258006	0	0.5	25
	chrVI	258012	1	0.5	25
	chrVI	258013	0	0.5	25
	chrVI	258028	1	0.5	25
	chrVI	258031	1	0.5	25
	chrVI	258059	1	0.5	25
	chrVI	258072	1	0.5	25
	chrVI	258074	0	0.5	25
	chrVI	258079	1	0.5	25
	chrVI	258116	0	0.5	25
	chrVI	258123	1	0.5	25
	chrVI	258140	1	0.5	25
	chrVI	258142	1	0.5	25
	chrVI	258187	0	0.5	25
	chrVI	258214	0	0.5	25
	chrVI	258219	1	0.5	25
	chrVI	258226	0	0.5	25
	chrVI	258227	0	0.5	25
	chrVI	258252	1	0.5	25
	chrVI	258268	1	0.5	25
	chrVI	258280	1	0.5	25
	chrVI	258294	1	0.5	25
	chrVI	258325	0	0.5	25
	chrVI	258387	1	0.5	25
	chrVI	258426	0	1.0	25
	chrVI	258437	0	0.5	25
	chrVI	258439	0	0.5	25
	chrVI	258440	0	0.5	25
	chrVI	258455	0	0.5	25
	chrVI	258480	1	0.5	25
	chrVI	258494	1	0.5	25
	chrVI	258498	0	0.5	25
	chrVI	258507	1	0.5	25
	chrVI	258562	1	0.5	25
	chrVI	258565	1	0.5	25
	chrVI	258582	1	0.5	25
	chrVI	258587	0	0.5	25
	chrVI	258601	1	0.5	25
	chrVI	258636	0	0.5	25
	chrVI	258647	1	0.5	25
	chrVI	258698	0	1.0	25
	chrVI	258768	1	1.0	25
	chrVI	258781	0	0.5	25
	chrVI	258792	0	0.5	25
	chrVI	258815	1	0.5	25
	chrVI	258843	1	0.5	25
	chrVI	258847	0	1.0	25
	chrVI	258869	1	0.5	25
	chrVI	258917	1	0.5	25
	chrVI	258950	0	0.5	25
	chrVI	258960	0	0.5	25
	chrVI	258994	1	0.5	25
	chrVI	259029	1	0.5	25
	chrVI	259038	0	0.5	25
	chrVI	259050	0	0.5	25
	chrVI	259060	0	0.5	25
	chrVI	259082	0	0.5	25
	chrVI	259102	1	0.5	25
	chrVI	259114	1	0.5	25
	chrVI	259125	0	0.5	25
	chrVI	259151	1	0.5	25
	chrVI	259172	1	0.5	25
	chrVI	259183	1	0.5	25
	chrVI	259213	0	1.5	25
	chrVI	259263	0	1.0	25
	chrVI	259263	1	0.5	25
	chrVI	259264	1	0.5	25
	chrVI	259283	0	0.5	25
	chrVI	259293	0	0.5	25
	chrVI	259308	0	0.5	25
	chrVI	259318	1	0.5	25
	chrVI	259327	1	1.0	25
	chrVI	259336	1	0.5	25
	chrVI	259337	0	1.0	25
	chrVI	259341	0	0.5	25
	chrVI	259359	1	0.5	25
	chrVI	259374	0	0.5	25
	chrVI	259383	1	0.5	25
	chrVI	259386	0	0.5	25
	chrVI	259396	1	1.0	25
	chrVI	259422	1	0.5	25
	chrVI	259425	1	1.0	25
	chrVI	259434	0	0.5	25
	chrVI	259445	0	0.5	25
	chrVI	259450	1	0.5	25
	chrVI	259456	0	0.5	25
	chrVI	259501	0	0.5	25
	chrVI	259508	1	0.5	25
	chrVI	259512	1	0.5	25
	chrVI	259524	0	0.5	25
	chrVI	259531	0	0.5	25
	chrVI	259540	0	0.5	25
	chrVI	259545	0	0.5	25
	chrVI	259572	1	0.5	25
	chrVI	259588	1	0.5	23
	chrVI	259591	0	0.5	25
	chrVI	259591	1	0.5	25
	chrVI	259594	1	0.5	25
	chrVI	259601	1	0.5	25
	chrVI	259602	1	0.5	25
	chrVI	259604	0	0.5	25
	chrVI	259645	0	0.5	25
	chrVI	259650	0	0.5	25
	chrVI	259665	0	0.5	25
	chrVI	259668	1	0.5	25
	chrVI	259669	0	0.5	25
	chrVI	259669	1	0.5	25
	chrVI	259671	0	0.5	25
	chrVI	259690	0	0.5	25
	chrVI	259700	1	1.0	25
	chrVI	259705	0	0.5	25
	chrVI	259721	1	0.5	25
	chrVI	259730	1	0.5	25
	chrVI	259737	1	0.5	25
	chrVI	259752	1	0.5	25
	chrVI	259767	0	0.5	25
	chrVI	259779	1	0.5	25
	chrVI	259791	0	0.5	25
	chrVI	259814	0	0.5	25
	chrVI	259819	0	1.0	25
	chrVI	259836	1	0.5	25
	chrVI	259858	1	0.5	25
	chrVI	259861	0	1.0	25
	chrVI	259872	1	0.5	25
	chrVI	259895	0	0.5	25
	chrVI	259909	0	0.5	25
	chrVI	259927	0	0.5	25
	chrVI	259957	1	0.5	25
	chrVI	259960	0	0.5	25
	chrVI	259970	0	0.5	25
	chrVI	259974	1	1.0	25
	chrVI	259983	1	0.5	25
	chrVI	260003	1	0.5	25
	chrVI	260047	0	1.0	25
	chrVI	260068	1	2.0	25
	chrVI	260094	0	0.5	25
	chrVI	260104	0	0.5	25
	chrVI	260106	0	0.5	25
	chrVI	260118	1	0.5	25
	chrVI	260128	1	0.5	25
	chrVI	260160	1	0.5	25
	chrVI	260164	1	0.5	25
	chrVI	260177	1	0.5	25
	chrVI	260208	0	0.5	25
	chrVI	260246	0	0.5	25
	chrVI	260273	1	0.5	25
	chrVI	260294	0	0.5	25
	chrVI	260326	1	0.5	25
	chrVI	260358	1	0.5	25
	chrVI	260366	0	0.5	25
	chrVI	260386	0	0.5	25
	chrVI	260388	0	0.5	25
	chrVI	260396	0	1.0	25
	chrVI	260411	0	0.5	25
	chrVI	260413	0	0.5	25
	chrVI	260417	1	0.5	25
	chrVI	260440	0	0.5	25
	chrVI	260442	1	0.5	25
	chrVI	260450	0	0.5	25
	chrVI	260472	1	0.5	25
	chrVI	260474	1	0.5	25
	chrVI	260480	1	0.5	25
	chrVI	260489	1	0.5	25
	chrVI	260491	1	0.5	25
	chrVI	260493	0	1.0	25
	chrVI	260510	1	0.5	25
	chrVI	260547	0	0.5	25
	chrVI	260549	1	0.5	25
	chrVI	260574	0	0.5	25
	chrVI	260604	0	0.5	25
	chrVI	260606	1	0.5	25
	chrVI	260640	1	0.5	25
	chrVI	260645	0	0.5	25
	chrVI	260647	0	0.5	25
	chrVI	260655	0	0.5	25
	chrVI	260666	1	0.5	25
	chrVI	260700	1	0.5	25
	chrVI	260709	0	0.5	25
	chrVI	260724	1	0.5	25
	chrVI	260726	1	0.5	25
	chrVI	260729	1	0.5	25
	chrVI	260754	1	0.5	25
	chrVI	260765	0	0.5	25
	chrVI	260766	0	0.5	25
	chrVI	260779	1	0.5	25
	chrVI	260788	0	0.5	25
	chrVI	260801	0	0.5	25
	chrVI	260813	0	0.5	25
	chrVI	260834	0	0.5	25
	chrVI	260835	0	0.5	25
	chrVI	260841	1	0.5	25
	chrVI	260842	1	0.5	25
	chrVI	260844	0	0.5	25
	chrVI	260845	1	0.5	25
	chrVI	260874	0	0.5	25
	chrVI	260876	1	0.5	25
	chrVI	260890	0	0.5	25
	chrVI	260893	0	0.5	25
	chrVI	260900	0	0.5	25
	chrVI	260905	0	0.5	25
	chrVI	260909	0	0.5	25
	chrVI	260919	1	0.5	25
	chrVI	260920	1	0.5	25
	chrVI	260942	0	0.5	25
	chrVI	260946	1	0.5	25
	chrVI	260947	1	0.5	25
	chrVI	260959	1	0.5	25
	chrVI	260960	1	0.5	25
	chrVI	260961	0	0.5	25
	chrVI	260961	1	0.5	25
	chrVI	260968	0	0.5	25
	chrVI	260977	0	0.5	25
	chrVI	260979	1	0.5	25
	chrVI	260986	0	0.5	25
	chrVI	260989	1	0.5	25
	chrVI	261017	0	0.5	25
	chrVI	261021	1	0.5	25
	chrVI	261022	0	0.5	25
	chrVI	261043	1	1.0	25
	chrVI	261044	1	0.5	25
	chrVI	261048	0	0.5	25
	chrVI	261079	0	0.5	25
	chrVI	261087	1	1.5	25
	chrVI	261097	0	0.5	25
	chrVI	261111	1	0.5	25
	chrVI	261113	1	1.0	25
	chrVI	261116	0	0.5	25
	chrVI	261119	0	1.0	25
	chrVI	261123	0	0.5	25
	chrVI	261124	0	1.0	25
	chrVI	261140	0	0.5	25
	chrVI	261146	0	0.5	25
	chrVI	261156	0	0.5	25
	chrVI	261166	1	0.5	25
	chrVI	261167	0	1.0	25
	chrVI	261169	1	0.5	25
	chrVI	261173	1	0.5	25
	chrVI	261175	1	0.5	25
	chrVI	261177	1	0.5	25
	chrVI	261180	0	0.5	25
	chrVI	261184	0	1.0	25
	chrVI	261189	0	0.5	25
	chrVI	261197	1	0.5	25
	chrVI	261207	1	0.5	25
	chrVI	261208	1	0.5	25
	chrVI	261209	1	0.5	25
	chrVI	261229	0	0.5	25
	chrVI	261238	0	0.5	25
	chrVI	261242	1	0.5	25
	chrVI	261250	1	1.0	25
	chrVI	261255	1	0.5	25
	chrVI	261257	1	0.5	25
	chrVI	261265	0	0.5	25
	chrVI	261277	0	0.5	25
	chrVI	261279	1	0.5	25
	chrVI	261283	0	0.5	25
	chrVI	261286	1	0.5	25
	chrVI	261287	0	0.5	25
	chrVI	261292	1	0.5	25
	chrVI	261333	1	0.5	25
	chrVI	261343	1	0.5	25
	chrVI	261346	0	0.5	25
	chrVI	261355	0	0.5	25
	chrVI	261367	1	0.5	25
	chrVI	261407	1	0.5	25
	chrVI	261408	0	0.5	25
	chrVI	261409	0	1.0	25
	chrVI	261421	1	0.5	25
	chrVI	261432	1	0.5	25
	chrVI	261437	0	0.5	25
	chrVI	261442	0	0.5	25
	chrVI	261447	0	1.0	25
	chrVI	261454	1	0.5	25
	chrVI	261473	0	0.5	25
	chrVI	261487	0	0.5	25
	chrVI	261531	1	0.5	25
	chrVI	261549	1	1.0	25
	chrVI	261552	0	1.0	25
	chrVI	261570	0	0.5	25
	chrVI	261573	0	0.5	25
	chrVI	261583	1	1.0	25
	chrVI	261591	0	1.0	25
	chrVI	261600	0	1.0	25
	chrVI	261602	0	0.5	25
	chrVI	261604	0	0.5	25
	chrVI	261604	1	0.5	25
	chrVI	261635	0	0.5	25
	chrVI	261636	0	1.0	25
	chrVI	261643	1	0.5	25
	chrVI	261651	0	0.5	25
	chrVI	261664	1	0.5	25
	chrVI	261677	1	0.5	25
	chrVI	261678	1	0.5	25
	chrVI	261679	0	0.5	25
	chrVI	261679	1	1.0	25
	chrVI	261680	0	0.5	25
	chrVI	261680	1	0.5	25
	chrVI	261681	1	1.0	25
	chrVI	261682	0	0.5	25
	chrVI	261682	1	0.5	25
	chrVI	261686	1	0.5	25
	chrVI	261688	1	0.5	25
	chrVI	261689	1	1.0	25
	chrVI	261690	1	0.5	25
	chrVI	261713	0	0.5	25
	chrVI	261719	1	0.5	25
	chrVI	261721	1	0.5	25
	chrVI	261725	0	0.5	25
	chrVI	261745	1	0.5	25
	chrVI	261751	0	0.5	25
	chrVI	261769	0	0.5	25
	chrVI	261775	0	0.5	25
	chrVI	261780	0	0.5	25
	chrVI	261782	0	0.5	25
	chrVI	261797	0	0.5	25
	chrVI	261820	1	0.5	25
	chrVI	261822	1	0.5	25
	chrVI	261823	1	0.5	25
	chrVI	261826	1	0.5	25
	chrVI	261834	0	0.5	25
	chrVI	261844	1	0.5	25
	chrVI	261851	1	0.5	25
	chrVI	261858	0	0.5	24
	chrVI	261861	0	0.5	25
	chrVI	261869	1	0.5	25
	chrVI	261882	1	0.5	25
	chrVI	261883	0	0.5	25
	chrVI	261889	0	0.5	25
	chrVI	261889	1	0.5	25
	chrVI	261892	0	0.5	25
	chrVI	261900	1	0.5	25
	chrVI	261905	1	0.5	25
	chrVI	261955	0	0.5	25
	chrVI	261962	1	0.5	25
	chrVI	261999	0	0.5	25
	chrVI	262015	1	0.5	25
	chrVI	262036	1	0.5	25
	chrVI	262046	0	0.5	25
	chrVI	262047	1	0.5	25
	chrVI	262048	0	1.0	25
	chrVI	262063	0	1.0	25
	chrVI	262068	1	0.5	25
	chrVI	262075	0	0.5	25
	chrVI	262099	1	0.5	25
	chrVI	262109	1	0.5	25
	chrVI	262130	0	0.5	25
	chrVI	262131	1	0.5	25
	chrVI	262135	0	1.0	25
	chrVI	262135	1	1.0	25
	chrVI	262136	1	0.5	25
	chrVI	262137	0	1.0	25
	chrVI	262183	0	1.0	25
	chrVI	262193	1	0.5	25
	chrVI	262197	1	0.5	25
	chrVI	262203	0	0.5	25
	chrVI	262211	1	1.0	25
	chrVI	262220	0	0.5	25
	chrVI	262227	0	0.5	25
	chrVI	262227	1	0.5	25
	chrVI	262232	1	0.5	25
	chrVI	262233	0	0.5	25
	chrVI	262234	0	0.5	25
	chrVI	262244	1	0.5	25
	chrVI	262260	0	0.5	25
	chrVI	262284	0	1.0	25
	chrVI	262290	1	0.5	25
	chrVI	262299	0	0.5	25
	chrVI	262331	0	0.5	25
	chrVI	262340	1	1.0	25
	chrVI	262348	1	1.0	25
	chrVI	262351	0	0.5	25
	chrVI	262352	1	0.5	25
	chrVI	262353	0	0.5	25
	chrVI	262367	1	0.5	25
	chrVI	262368	0	0.5	25
	chrVI	262375	1	0.5	25
	chrVI	262377	0	0.5	25
	chrVI	262379	1	0.5	25
	chrVI	262385	0	0.5	25
	chrVI	262398	0	0.5	25
	chrVI	262413	0	0.5	25
	chrVI	262413	1	0.5	25
	chrVI	262416	1	0.5	25
	chrVI	262419	1	0.5	25
	chrVI	262430	1	1.0	25
	chrVI	262431	1	1.0	25
	chrVI	262432	1	0.5	25
	chrVI	262433	0	1.0	25
	chrVI	262445	0	0.5	25
	chrVI	262461	1	0.5	25
	chrVI	262508	0	1.0	25
	chrVI	262509	0	0.5	25
	chrVI	262517	1	0.5	25
	chrVI	262520	0	0.5	25
	chrVI	262538	0	0.5	25
	chrVI	262554	0	1.5	25
	chrVI	262558	1	0.5	25
	chrVI	262560	1	1.0	25
	chrVI	262561	0	0.5	25
	chrVI	262572	1	0.5	25
	chrVI	262578	0	0.5	25
	chrVI	262585	1	0.5	25
	chrVI	262596	0	0.5	25
	chrVI	262597	0	0.5	25
	chrVI	262621	1	1.5	25
	chrVI	262624	1	0.5	25
	chrVI	262625	1	1.5	25
	chrVI	262626	0	0.5	25
	chrVI	262643	0	0.5	24
	chrVI	262658	0	0.5	25
	chrVI	262668	1	0.5	25
	chrVI	262676	1	0.5	25
	chrVI	262688	1	0.5	25
	chrVI	262693	0	1.0	25
	chrVI	262703	1	0.5	25
	chrVI	262727	1	0.5	25
	chrVI	262728	0	0.5	25
	chrVI	262729	0	0.5	25
	chrVI	262736	0	0.5	25
	chrVI	262744	0	0.5	25
	chrVI	262755	0	1.0	25
	chrVI	262770	0	0.5	25
	chrVI	262777	0	1.0	25
	chrVI	262794	0	0.5	25
	chrVI	262800	0	0.5	25
	chrVI	262820	0	0.5	25
	chrVI	262825	1	1.0	25
	chrVI	262830	1	1.0	25
	chrVI	262835	1	0.5	25
	chrVI	262846	0	0.5	25
	chrVI	262846	1	0.5	25
	chrVI	262851	1	0.5	25
	chrVI	262858	1	1.0	25
	chrVI	262859	1	0.5	25
	chrVI	262868	1	0.5	25
	chrVI	262875	1	0.5	25
	chrVI	262877	1	0.5	25
	chrVI	262881	0	0.5	25
	chrVI	262885	0	1.0	25
	chrVI	262911	0	0.5	25
	chrVI	262916	1	0.5	25
	chrVI	262921	1	0.5	25
	chrVI	262924	1	0.5	25
	chrVI	262932	1	0.5	25
	chrVI	262937	1	0.5	25
	chrVI	262957	1	0.5	25
	chrVI	262970	1	0.5	25
	chrVI	263005	0	0.5	25
	chrVI	263012	0	0.5	25
	chrVI	263045	0	0.5	25
	chrVI	263054	0	1.0	25
	chrVI	263062	0	0.5	25
	chrVI	263070	1	0.5	25
	chrVI	263099	0	0.5	25
	chrVI	263105	1	0.5	25
	chrVI	263117	1	0.5	25
	chrVI	263122	1	0.5	25
	chrVI	263142	1	0.5	25
	chrVI	263152	1	1.0	25
	chrVI	263153	0	0.5	25
	chrVI	263154	0	0.5	25
	chrVI	263156	0	1.5	25
	chrVI	263186	0	0.5	25
	chrVI	263187	0	3.0	25
	chrVI	263188	0	0.5	25
	chrVI	263189	0	0.5	25
	chrVI	263200	0	0.5	25
	chrVI	263206	1	0.5	25
	chrVI	263208	0	2.5	25
	chrVI	263212	0	0.5	25
	chrVI	263212	1	0.5	25
	chrVI	263213	0	0.5	25
	chrVI	263222	1	0.5	25
	chrVI	263224	0	0.5	25
	chrVI	263229	0	0.5	25
	chrVI	263231	1	0.5	25
	chrVI	263236	0	0.5	25
	chrVI	263247	1	0.5	25
	chrVI	263248	1	0.5	25
	chrVI	263257	1	0.5	24
	chrVI	263258	0	0.5	25
	chrVI	263258	1	0.5	25
	chrVI	263259	0	2.0	25
	chrVI	263259	1	2.0	25
	chrVI	263260	0	1.0	25
	chrVI	263261	0	1.0	25
	chrVI	263265	0	0.5	25
	chrVI	263273	1	0.5	25
	chrVI	263277	0	0.5	25
	chrVI	263277	1	0.5	25
	chrVI	263278	1	1.0	25
	chrVI	263285	1	1.0	25
	chrVI	263289	1	2.0	25
	chrVI	263290	0	1.5	25
	chrVI	263301	0	0.5	25
	chrVI	263308	1	0.5	25
	chrVI	263309	1	0.5	25
	chrVI	263311	1	0.5	25
	chrVI	263315	0	1.0	25
	chrVI	263330	1	0.5	25
	chrVI	263334	0	0.5	25
	chrVI	263338	1	1.5	25
	chrVI	263339	1	0.5	25
	chrVI	263340	1	0.5	25
	chrVI	263342	1	0.5	25
	chrVI	263343	1	1.0	25
	chrVI	263352	1	1.0	25
	chrVI	263353	0	1.0	25
	chrVI	263357	0	0.5	25
	chrVI	263360	1	0.5	25
	chrVI	263361	0	0.5	25
	chrVI	263363	0	0.5	25
	chrVI	263378	0	0.5	25
	chrVI	263381	0	0.5	25
	chrVI	263381	1	0.5	25
	chrVI	263386	1	0.5	25
	chrVI	263390	0	0.5	25
	chrVI	263393	1	0.5	25
	chrVI	263394	1	0.5	25
	chrVI	263399	0	0.5	25
	chrVI	263406	1	0.5	25
	chrVI	263409	1	1.0	25
	chrVI	263425	0	1.0	25
	chrVI	263427	1	0.5	25
	chrVI	263432	0	0.5	25
	chrVI	263432	1	0.5	25
	chrVI	263436	0	0.5	25
	chrVI	263454	1	0.5	25
	chrVI	263455	0	1.0	25
	chrVI	263458	1	0.5	25
	chrVI	263467	1	0.5	25
	chrVI	263468	0	1.0	25
	chrVI	263469	1	0.5	25
	chrVI	263474	0	0.5	25
	chrVI	263475	1	0.5	25
	chrVI	263486	1	1.0	25
	chrVI	263487	0	1.0	25
	chrVI	263507	0	0.5	25
	chrVI	263514	1	1.0	25
	chrVI	263519	1	0.5	25
	chrVI	263529	1	0.5	25
	chrVI	263550	0	0.5	25
	chrVI	263552	1	0.5	25
	chrVI	263553	1	0.5	25
	chrVI	263573	0	0.5	25
	chrVI	263573	1	0.5	25
	chrVI	263574	0	0.5	25
	chrVI	263576	1	0.5	25
	chrVI	263581	0	0.5	25
	chrVI	263588	1	0.5	25
	chrVI	263596	1	1.0	25
	chrVI	263597	0	1.0	25
	chrVI	263636	1	0.5	25
	chrVI	263638	0	0.5	25
	chrVI	263641	0	1.0	25
	chrVI	263643	1	0.5	25
	chrVI	263652	0	0.5	25
	chrVI	263657	1	1.0	25
	chrVI	263662	1	0.5	25
	chrVI	263691	0	0.5	25
	chrVI	263714	1	1.0	25
	chrVI	263722	1	1.0	25
	chrVI	263732	0	0.5	25
	chrVI	263740	1	0.5	25
	chrVI	263750	0	0.5	25
	chrVI	263751	0	0.5	25
	chrVI	263759	1	0.5	25
	chrVI	263776	0	0.5	25
	chrVI	263791	1	0.5	25
	chrVI	263813	0	0.5	25
	chrVI	263823	1	0.5	25
	chrVI	263833	0	0.5	25
	chrVI	263845	1	1.0	25
	chrVI	263874	0	0.5	25
	chrVI	263884	1	1.0	25
	chrVI	263887	0	1.5	25
	chrVI	263898	0	0.5	25
	chrVI	263905	0	0.5	25
	chrVI	263912	0	0.5	25
	chrVI	263914	0	0.5	25
	chrVI	263918	0	1.0	25
	chrVI	263927	0	0.5	25
	chrVI	263938	1	0.5	25
	chrVI	263943	0	0.5	25
	chrVI	263945	0	0.5	25
	chrVI	263951	0	0.5	25
	chrVI	263955	1	0.5	25
	chrVI	263956	1	0.5	25
	chrVI	263968	0	0.5	25
	chrVI	263969	0	0.5	25
	chrVI	263975	1	0.5	25
	chrVI	263982	1	0.5	25
	chrVI	263983	0	0.5	25
	chrVI	263987	1	0.5	25
	chrVI	263989	0	0.5	25
	chrVI	263990	0	0.5	25
	chrVI	263990	1	0.5	25
	chrVI	263998	0	0.5	25
	chrVI	264003	1	0.5	25
	chrVI	264004	1	0.5	25
	chrVI	264005	1	1.5	25
	chrVI	264012	0	0.5	25
	chrVI	264031	0	0.5	25
	chrVI	264034	1	0.5	25
	chrVI	264042	1	0.5	25
	chrVI	264051	1	0.5	25
	chrVI	264067	1	0.5	25
	chrVI	264069	1	0.5	25
	chrVI	264073	0	0.5	25
	chrVI	264073	1	0.5	25
	chrVI	264080	1	0.5	25
	chrVI	264081	0	0.5	25
	chrVI	264084	0	0.5	25
	chrVI	264116	0	0.5	25
	chrVI	264130	1	0.5	25
	chrVI	264131	0	0.5	25
	chrVI	264132	1	0.5	25
	chrVI	264137	1	0.5	25
	chrVI	264150	0	0.5	25
	chrVI	264166	1	0.5	25
	chrVI	264168	0	0.5	25
	chrVI	264200	1	0.5	25
	chrVI	264203	1	0.5	25
	chrVI	264205	1	0.5	25
	chrVI	264234	1	0.5	25
	chrVI	264238	1	0.5	25
	chrVI	264248	0	0.5	25
	chrVI	264297	1	0.5	25
	chrVI	264304	0	0.5	25
	chrVI	264398	1	0.5	25
	chrVI	264399	0	0.5	25
	chrVI	264404	0	0.5	25
	chrVI	264433	0	0.5	25
	chrVI	264482	1	0.5	25
	chrVI	264503	1	0.5	25
	chrVI	264505	0	0.5	25
	chrVI	264509	1	0.5	25
	chrVI	264525	0	0.5	25
	chrVI	264526	1	0.5	25
	chrVI	264528	0	0.5	25
	chrVI	264572	1	0.5	25
	chrVI	264575	1	0.5	25
	chrVI	264596	0	0.5	25
	chrVI	264618	0	0.5	25
	chrVI	264621	0	0.5	25
	chrVI	264632	0	0.5	25
	chrVI	264635	0	0.5	25
	chrVI	264649	1	0.5	25
	chrVI	264662	1	0.5	25
	chrVI	264666	0	1.0	25
	chrVI	264674	0	0.5	25
	chrVI	264680	0	1.0	25
	chrVI	264695	1	0.5	25
	chrVI	264699	1	0.5	25
	chrVI	264703	1	0.5	25
	chrVI	264721	0	0.5	25
	chrVI	264734	0	0.5	25
	chrVI	264734	1	1.0	25
	chrVI	264737	1	0.5	25
	chrVI	264762	0	0.5	25
	chrVI	264762	1	1.0	25
	chrVI	264778	0	1.0	25
	chrVI	264801	1	0.5	25
	chrVI	264821	1	0.5	25
	chrVI	264823	1	0.5	25
	chrVI	264828	1	1.0	25
	chrVI	264831	0	0.5	25
	chrVI	264853	1	0.5	25
	chrVI	264885	0	0.5	25
	chrVI	264941	1	0.5	25
	chrVI	264969	0	0.5	25
	chrVI	265040	1	0.5	25
	chrVI	265069	0	0.5	25
	chrVI	265125	1	0.5	25
	chrVI	265139	0	0.5	25
	chrVI	265183	0	0.5	25
	chrVI	265196	1	0.5	25
	chrVI	265197	0	1.0	25
	chrVI	265216	0	0.5	25
	chrVI	265240	0	0.5	25
	chrVI	265248	1	0.5	25
	chrVI	265256	0	0.5	25
	chrVI	265263	0	0.5	25
	chrVI	265272	1	0.5	25
	chrVI	265274	0	0.5	25
	chrVI	265279	0	0.5	25
	chrVI	265284	0	0.5	25
	chrVI	265289	1	0.5	25
	chrVI	265299	0	0.5	25
	chrVI	265303	1	0.5	25
	chrVI	265310	1	0.5	25
	chrVI	265316	0	0.5	25
	chrVI	265320	1	0.5	25
	chrVI	265324	1	0.5	25
	chrVI	265340	0	0.5	25
	chrVI	265351	1	0.5	25
	chrVI	265357	0	0.5	25
	chrVI	265358	0	0.5	25
	chrVI	265363	0	0.5	25
	chrVI	265364	1	0.5	25
	chrVI	265368	0	0.5	25
	chrVI	265368	1	0.5	25
	chrVI	265375	1	0.5	25
	chrVI	265386	0	0.5	25
	chrVI	265392	1	0.5	25
	chrVI	265394	0	0.5	25
	chrVI	265404	1	0.5	25
	chrVI	265413	1	0.5	25
	chrVI	265421	1	0.5	25
	chrVI	265424	1	0.5	25
	chrVI	265431	0	0.5	25
	chrVI	265435	1	0.5	25
	chrVI	265442	0	0.5	25
	chrVI	265445	1	0.5	25
	chrVI	265446	0	0.5	25
	chrVI	265447	0	2.0	25
	chrVI	265452	1	0.5	25
	chrVI	265456	1	0.5	25
	chrVI	265476	0	0.5	25
	chrVI	265492	0	0.5	25
	chrVI	265499	0	0.5	25
	chrVI	265507	1	0.5	25
	chrVI	265508	1	0.5	25
	chrVI	265514	1	0.5	25
	chrVI	265515	1	0.5	25
	chrVI	265525	1	0.5	25
	chrVI	265546	1	0.5	25
	chrVI	265580	0	1.5	25
	chrVI	265587	1	0.5	25
	chrVI	265597	0	0.5	25
	chrVI	265623	1	0.5	25
	chrVI	265634	1	0.5	25
	chrVI	265635	0	0.5	25
	chrVI	265640	0	0.5	25
	chrVI	265641	1	1.0	25
	chrVI	265644	1	0.5	25
	chrVI	265666	1	0.5	25
	chrVI	265674	0	1.0	25
	chrVI	265692	1	0.5	25
	chrVI	265711	0	0.5	25
	chrVI	265715	0	0.5	25
	chrVI	265716	1	0.5	25
	chrVI	265724	0	0.5	25
	chrVI	265760	1	0.5	25
	chrVI	265775	1	0.5	25
	chrVI	265784	1	0.5	25
	chrVI	265786	0	0.5	25
	chrVI	265808	1	0.5	25
	chrVI	265817	0	0.5	25
	chrVI	265853	1	1.0	25
	chrVI	265854	0	1.0	25
	chrVI	265894	1	0.5	25
	chrVI	265901	0	1.0	25
	chrVI	265914	0	0.5	25
	chrVI	265946	1	1.0	25
	chrVI	265958	0	0.5	25
	chrVI	265974	0	0.5	25
	chrVI	265983	0	1.0	25
	chrVI	265986	0	0.5	25
	chrVI	265991	0	0.5	25
	chrVI	265997	0	1.0	25
	chrVI	266006	1	0.5	25
	chrVI	266009	0	1.0	25
	chrVI	266023	1	1.0	25
	chrVI	266028	0	0.5	25
	chrVI	266041	1	0.5	25
	chrVI	266045	1	0.5	25
	chrVI	266049	0	0.5	25
	chrVI	266049	1	0.5	25
	chrVI	266051	0	0.5	25
	chrVI	266058	1	0.5	25
	chrVI	266062	0	0.5	25
	chrVI	266088	1	1.0	25
	chrVI	266090	1	0.5	25
	chrVI	266101	1	1.0	25
	chrVI	266103	0	0.5	25
	chrVI	266104	0	0.5	25
	chrVI	266120	1	0.5	25
	chrVI	266166	1	0.5	25
	chrVI	266178	1	1.0	25
	chrVI	266182	1	0.5	25
	chrVI	266185	0	0.5	25
	chrVI	266195	1	0.5	25
	chrVI	266199	0	1.0	25
	chrVI	266200	0	0.5	25
	chrVI	266200	1	0.5	25
	chrVI	266201	0	1.5	25
	chrVI	266214	1	0.5	25
	chrVI	266224	0	0.5	25
	chrVI	266246	0	0.5	25
	chrVI	266247	0	0.5	25
	chrVI	266249	0	1.0	25
	chrVI	266262	1	1.0	25
	chrVI	266265	1	0.5	25
	chrVI	266269	0	0.5	25
	chrVI	266278	1	1.0	25
	chrVI	266298	0	0.5	25
	chrVI	266302	0	0.5	25
	chrVI	266307	1	0.5	25
	chrVI	266322	0	1.5	25
	chrVI	266324	0	0.5	25
	chrVI	266336	1	0.5	25
	chrVI	266338	0	1.5	25
	chrVI	266339	1	0.5	25
	chrVI	266349	1	1.0	25
	chrVI	266352	0	0.5	25
	chrVI	266353	0	1.0	25
	chrVI	266360	0	0.5	25
	chrVI	266376	0	0.5	25
	chrVI	266377	1	0.5	25
	chrVI	266387	1	0.5	25
	chrVI	266388	0	0.5	25
	chrVI	266390	0	0.5	25
	chrVI	266390	1	1.5	25
	chrVI	266391	0	0.5	25
	chrVI	266392	0	0.5	25
	chrVI	266393	1	0.5	25
	chrVI	266401	1	0.5	25
	chrVI	266402	1	0.5	25
	chrVI	266410	1	0.5	25
	chrVI	266415	1	0.5	25
	chrVI	266416	1	0.5	25
	chrVI	266417	1	0.5	25
	chrVI	266424	1	1.5	25
	chrVI	266425	0	0.5	25
	chrVI	266433	1	1.0	25
	chrVI	266440	0	1.5	25
	chrVI	266448	0	0.5	25
	chrVI	266448	1	1.0	25
	chrVI	266451	0	0.5	25
	chrVI	266454	1	0.5	25
	chrVI	266464	0	0.5	25
	chrVI	266473	1	0.5	25
	chrVI	266502	1	0.5	25
	chrVI	266511	0	0.5	25
	chrVI	266524	1	0.5	25
	chrVI	266525	0	1.0	25
	chrVI	266556	1	0.5	25
	chrVI	266570	1	0.5	25
	chrVI	266580	0	0.5	25
	chrVI	266584	0	0.5	25
	chrVI	266586	1	1.5	25
	chrVI	266589	0	0.5	25
	chrVI	266592	0	0.5	25
	chrVI	266607	1	1.0	25
	chrVI	266610	0	0.5	25
	chrVI	266627	0	0.5	25
	chrVI	266629	1	0.5	25
	chrVI	266639	0	0.5	25
	chrVI	266643	1	0.5	25
	chrVI	266657	1	0.5	25
	chrVI	266661	0	0.5	25
	chrVI	266667	1	0.5	25
	chrVI	266671	0	0.5	25
	chrVI	266692	0	0.5	25
	chrVI	266710	0	0.5	25
	chrVI	266711	1	0.5	25
	chrVI	266713	1	0.5	25
	chrVI	266735	1	0.5	25
	chrVI	266738	1	0.5	25
	chrVI	266752	0	0.5	25
	chrVI	266753	0	1.0	25
	chrVI	266753	1	0.5	25
	chrVI	266756	0	0.5	25
	chrVI	266757	1	0.5	25
	chrVI	266779	0	0.5	25
	chrVI	266807	0	0.5	25
	chrVI	266807	1	0.5	25
	chrVI	266811	1	1.0	25
	chrVI	266812	0	0.5	25
	chrVI	266820	0	0.5	25
	chrVI	266825	0	0.5	25
	chrVI	266838	0	0.5	25
	chrVI	266850	1	0.5	25
	chrVI	266877	1	0.5	25
	chrVI	266883	1	0.5	25
	chrVI	266900	1	0.5	25
	chrVI	266916	1	0.5	25
	chrVI	266919	1	0.5	25
	chrVI	266929	0	1.0	25
	chrVI	266934	1	0.5	25
	chrVI	266937	0	1.0	25
	chrVI	266941	0	1.0	25
	chrVI	266956	0	0.5	25
	chrVI	266972	1	0.5	25
	chrVI	266983	1	0.5	25
	chrVI	266994	1	1.0	25
	chrVI	267003	0	0.5	25
	chrVI	267007	1	0.5	25
	chrVI	267011	1	1.0	25
	chrVI	267017	1	0.5	25
	chrVI	267022	0	0.5	25
	chrVI	267042	0	0.5	25
	chrVI	267061	1	0.5	25
	chrVI	267062	1	0.5	25
	chrVI	267083	0	0.5	25
	chrVI	267095	1	0.5	25
	chrVI	267130	0	0.5	25
	chrVI	267134	0	0.5	25
	chrVI	267159	1	0.5	25
	chrVI	267165	0	1.0	25
	chrVI	267169	0	0.5	25
	chrVI	267194	1	0.5	25
	chrVI	267237	1	1.0	25
	chrVI	267244	0	1.0	25
	chrVI	267244	1	0.5	25
	chrVI	267252	1	0.5	25
	chrVI	267253	0	0.5	25
	chrVI	267259	0	0.5	25
	chrVI	267263	0	0.5	25
	chrVI	267269	0	0.5	25
	chrVI	267295	1	0.5	25
	chrVI	267305	1	0.5	25
	chrVI	267327	1	0.5	25
	chrVI	267328	1	0.5	25
	chrVI	267334	1	0.5	25
	chrVI	267340	0	1.0	25
	chrVI	267347	1	0.5	25
	chrVI	267388	1	0.5	25
	chrVI	267408	0	0.5	25
	chrVI	267441	1	0.5	25
	chrVI	267475	0	1.5	25
	chrVI	267479	1	0.5	25
	chrVI	267494	0	1.5	25
	chrVI	267497	0	0.5	25
	chrVI	267515	0	1.0	25
	chrVI	267516	0	0.5	25
	chrVI	267558	1	0.5	25
	chrVI	267559	0	0.5	25
	chrVI	267560	1	2.0	25
	chrVI	267570	0	0.5	25
	chrVI	267581	0	1.0	25
	chrVI	267585	1	0.5	25
	chrVI	267588	0	0.5	25
	chrVI	267608	1	0.5	25
	chrVI	267615	1	0.5	25
	chrVI	267625	1	0.5	25
	chrVI	267656	1	0.5	25
	chrVI	267666	0	0.5	25
	chrVI	267699	0	0.5	25
	chrVI	267707	1	1.0	25
	chrVI	267736	0	1.0	25
	chrVI	267752	1	0.5	25
	chrVI	267757	1	0.5	25
	chrVI	267762	1	1.0	25
	chrVI	267779	1	0.5	25
	chrVI	267791	0	0.5	25
	chrVI	267808	1	0.5	25
	chrVI	267809	0	1.0	25
	chrVI	267819	0	0.5	25
	chrVI	267836	0	1.0	25
	chrVI	267837	0	0.5	25
	chrVI	267861	1	1.0	25
	chrVI	267873	1	0.5	25
	chrVI	267881	1	0.5	25
	chrVI	267900	1	1.0	25
	chrVI	267910	1	0.5	25
	chrVI	267941	0	0.5	25
	chrVI	267942	0	0.5	25
	chrVI	267950	1	0.5	25
	chrVI	267963	1	0.5	25
	chrVI	267990	1	0.5	25
	chrVI	268007	0	0.5	25
	chrVI	268075	1	0.5	25
	chrVI	268083	0	0.5	25
	chrVI	268098	0	0.5	25
	chrVI	268109	1	0.5	25
	chrVI	268151	1	0.5	25
	chrVI	268171	0	0.5	25
	chrVI	268181	1	0.5	25
	chrVI	268221	0	1.0	25
	chrVI	268226	0	0.5	25
	chrVI	268235	1	0.5	25
	chrVI	268246	0	0.5	25
	chrVI	268273	0	0.5	25
	chrVI	268289	0	0.5	25
	chrVI	268292	1	0.5	25
	chrVI	268293	1	0.5	25
	chrVI	268313	1	0.5	25
	chrVI	268318	0	0.5	25
	chrVI	268325	1	0.5	25
	chrVI	268340	0	0.5	25
	chrVI	268343	0	0.5	25
	chrVI	268355	0	0.5	25
	chrVI	268360	1	0.5	25
	chrVI	268362	1	0.5	25
	chrVI	268364	0	0.5	25
	chrVI	268369	0	0.5	25
	chrVI	268371	0	0.5	25
	chrVI	268371	1	0.5	25
	chrVI	268382	0	0.5	25
	chrVI	268393	1	0.5	25
	chrVI	268395	1	0.5	25
	chrVI	268402	1	0.5	25
	chrVI	268405	1	0.5	25
	chrVI	268417	0	0.5	25
	chrVI	268446	0	0.5	25
	chrVI	268448	1	0.5	25
	chrVI	268452	1	0.5	25
	chrVI	268467	1	0.5	25
	chrVI	268468	0	0.5	25
	chrVI	268474	1	0.5	25
	chrVI	268484	1	0.5	25
	chrVI	268510	0	0.5	25
	chrVI	268537	0	2.5	25
	chrVI	268539	1	0.5	25
	chrVI	268550	0	0.5	25
	chrVI	268570	1	0.5	25
	chrVI	268626	1	0.5	25
	chrVI	268629	1	0.5	25
	chrVI	268658	0	0.5	25
	chrVI	268672	0	0.5	25
	chrVI	268681	0	0.5	25
	chrVI	268682	0	0.5	25
	chrVI	268700	1	1.0	25
	chrVI	268711	1	1.0	25
	chrVI	268733	1	0.5	25
	chrVI	268750	1	0.5	25
	chrVI	268799	0	0.5	25
	chrVI	268802	0	0.5	25
	chrVI	268836	1	0.5	25
	chrVI	268890	1	1.0	25
	chrVI	268929	1	0.5	25
	chrVI	268944	0	0.5	25
	chrVI	268948	0	0.5	25
	chrVI	268956	0	0.5	25
	chrVI	269008	1	0.5	25
	chrVI	269012	0	0.5	25
	chrVI	269035	1	0.5	25
	chrVI	269038	1	0.5	25
	chrVI	269082	1	0.5	25
	chrVI	269086	0	0.5	25
	chrVI	269122	0	0.5	25
	chrVI	269141	1	0.5	25
	chrVI	269178	0	0.5	25
	chrVI	269198	0	0.5	25
	chrVI	269235	1	0.5	25
	chrVI	269244	0	0.5	25
	chrVI	269251	1	0.5	25
	chrVI	269253	0	0.5	25
	chrVI	269267	0	0.5	25
	chrVI	269278	0	0.5	25
	chrVI	269291	0	0.5	25
	chrVI	269305	1	0.5	25
	chrVI	269312	1	0.5	25
	chrVI	269327	1	0.5	25
	chrVI	269333	1	0.5	25
	chrVI	269344	0	0.5	25
	chrVI	269364	1	0.5	25
	chrVI	269376	0	1.0	25
	chrVI	269379	0	0.5	25
	chrVI	269380	0	0.5	25
	chrVI	269381	0	0.5	25
	chrVI	269405	1	0.5	25
	chrVI	269427	1	0.5	25
	chrVI	269431	0	1.5	25
	chrVI	269435	0	0.5	25
	chrVI	269437	1	0.5	25
	chrVI	269444	1	1.0	25
	chrVI	269458	1	0.5	25
	chrVI	269491	1	0.5	25
	chrVI	269539	0	0.5	25
	chrVI	269545	1	0.5	25
	chrVI	269550	0	0.5	25
	chrVI	269600	1	0.5	25
	chrVI	269615	0	0.5	25
	chrVI	269621	1	1.5	25
	chrVI	269631	1	0.5	25
	chrVI	269675	0	0.5	25
	chrVI	269691	0	0.5	25
	chrVI	269701	0	0.5	25
	chrVI	269702	0	0.5	25
	chrVI	269703	1	0.5	25
	chrVI	269706	0	0.5	25
	chrVI	269724	0	1.0	25
	chrVI	269725	0	0.5	25
	chrVI	269726	0	0.5	25
	chrVI	269731	0	1.5	25
	chrVI	269732	0	1.0	25
	chrVI	269733	0	0.5	25
	chrVI	269734	0	0.5	25
	chrVI	269736	0	0.5	25
	chrVI	269737	0	0.5	25
	chrVI	269752	0	1.0	25
	chrVI	269755	0	3.5	25
	chrVI	269760	0	0.5	25
	chrVI	269763	0	0.5	25
	chrVI	269763	1	0.5	25
	chrVI	269766	1	0.5	25
	chrVI	269771	1	0.5	25
	chrVI	269772	0	0.5	25
	chrVI	269780	0	0.5	25
	chrVI	269785	1	0.5	25
	chrVI	269799	1	0.5	25
	chrVI	269801	1	0.5	25
	chrVI	269802	1	3.0	25
	chrVI	269807	1	0.5	25
	chrVI	269810	1	0.5	25
	chrVI	269811	1	0.5	25
	chrVI	269815	1	2.0	25
	chrVI	269816	1	0.5	25
	chrVI	269817	1	2.0	25
	chrVI	269823	1	0.5	25
	chrVI	269827	1	1.0	25
	chrVI	269833	1	0.5	25
	chrVI	269834	1	0.5	25
	chrVI	269837	0	0.5	25
	chrVI	269852	0	0.5	25
	chrVI	269855	0	1.5	25
	chrVI	269871	0	0.5	25
	chrVI	269879	0	0.5	25
	chrVI	269886	0	0.5	25
	chrVI	269896	1	0.5	25
	chrVI	269906	0	0.5	25
	chrVI	269912	1	0.5	25
	chrVI	269915	1	0.5	25
	chrVI	269917	1	0.5	25
	chrVI	269924	0	0.5	25
	chrVI	269925	1	0.5	25
	chrVI	269932	1	0.5	25
	chrVI	269936	1	0.5	25
	chrVI	269940	0	1.0	25
	chrVI	269944	1	0.5	25
	chrVI	269947	0	0.5	25
	chrVI	269955	0	0.5	25
	chrVI	269963	0	0.5	25
	chrVI	269974	0	0.5	25
	chrVI	269983	0	0.5	25
	chrVI	269999	0	0.5	25
	chrVI	270011	1	0.5	25
	chrVI	270012	1	2.0	25
	chrVI	270013	0	0.5	25
	chrVI	270016	1	0.5	25
	chrVI	270017	1	0.5	25
	chrVI	270018	0	0.5	25
	chrVI	270028	0	0.5	25
	chrVI	270047	1	0.5	25
	chrVI	270050	1	0.5	25
	chrVI	270052	1	0.5	25
	chrVI	270066	0	0.5	25
	chrVI	270066	1	0.5	25
	chrVI	270076	1	0.5	25
	chrVI	270085	1	0.5	25
	chrVI	270093	1	0.5	25
	chrVI	270097	1	0.5	25
	chrVI	270101	0	0.5	25
	chrVI	270150	1	0.5	25
	chrVI	270153	1	0.5	25
