	chrI	10	0	0.5	24
	chrI	12	0	0.5	25
	chrI	66	1	0.5	25
	chrI	67	0	0.5	25
	chrI	77	0	0.5	25
	chrI	121	0	1.0	25
	chrI	127	0	0.5	25
	chrI	139	0	0.5	25
	chrI	160	1	0.5	25
	chrI	165	0	0.5	25
	chrI	167	1	0.5	25
	chrI	169	0	0.5	25
	chrI	176	0	1.0	25
	chrI	200	1	0.5	25
	chrI	203	1	0.5	25
	chrI	229	1	0.5	25
	chrI	233	1	0.5	25
	chrI	236	1	0.5	25
	chrI	237	1	0.5	25
	chrI	238	1	1.0	25
	chrI	279	0	0.5	25
	chrI	285	1	0.5	25
	chrI	329	0	0.5	25
	chrI	337	1	0.5	25
	chrI	416	1	0.5	25
	chrI	446	0	0.5	25
	chrI	448	0	1.0	25
	chrI	450	0	1.0	25
	chrI	464	0	0.5	25
	chrI	474	0	0.5	25
	chrI	490	0	0.5	25
	chrI	492	0	0.5	25
	chrI	492	1	0.5	25
	chrI	495	0	0.5	25
	chrI	504	1	0.5	25
	chrI	508	1	0.5	25
	chrI	518	0	0.5	25
	chrI	520	1	1.0	25
	chrI	523	0	0.5	25
	chrI	563	1	1.0	25
	chrI	564	1	0.5	25
	chrI	566	1	0.5	25
	chrI	573	1	0.5	25
	chrI	595	1	0.5	25
	chrI	599	0	0.5	25
	chrI	619	0	0.5	25
	chrI	660	1	0.5	25
	chrI	686	1	0.5	25
	chrI	689	0	0.5	25
	chrI	691	0	0.5	25
	chrI	704	0	0.5	25
	chrI	707	0	0.5	25
	chrI	708	0	1.5	25
	chrI	714	1	0.5	25
	chrI	715	0	1.5	25
	chrI	716	0	2.5	25
	chrI	717	0	2.0	25
	chrI	721	0	0.5	25
	chrI	723	0	0.5	25
	chrI	724	0	1.0	25
	chrI	726	0	0.5	25
	chrI	734	0	0.5	25
	chrI	747	0	0.5	25
	chrI	754	0	0.5	25
	chrI	754	1	0.5	25
	chrI	755	1	0.5	25
	chrI	759	1	0.5	25
	chrI	763	1	0.5	25
	chrI	767	1	1.0	25
	chrI	770	1	0.5	25
	chrI	771	1	0.5	25
	chrI	772	1	0.5	25
	chrI	778	1	0.5	25
	chrI	781	1	2.0	25
	chrI	782	1	0.5	25
	chrI	783	1	1.0	25
	chrI	784	1	0.5	25
	chrI	785	1	0.5	25
	chrI	786	1	0.5	25
	chrI	789	1	0.5	25
	chrI	792	1	0.5	25
	chrI	797	0	0.5	25
	chrI	803	1	0.5	25
	chrI	804	1	0.5	25
	chrI	815	1	0.5	25
	chrI	818	1	1.0	25
	chrI	824	0	0.5	25
	chrI	840	0	0.5	25
	chrI	860	0	0.5	25
	chrI	865	1	0.5	25
	chrI	868	0	1.0	25
	chrI	878	1	0.5	25
	chrI	883	1	0.5	25
	chrI	886	0	0.5	25
	chrI	900	0	1.5	25
	chrI	918	1	0.5	25
	chrI	922	1	0.5	25
	chrI	923	1	0.5	25
	chrI	949	1	0.5	25
	chrI	961	0	0.5	25
	chrI	1004	1	0.5	25
	chrI	1045	0	0.5	25
	chrI	1051	0	0.5	25
	chrI	1111	1	1.0	25
	chrI	1112	0	0.5	25
	chrI	1119	1	1.5	25
	chrI	1176	0	0.5	25
	chrI	1188	0	0.5	25
	chrI	1191	0	0.5	25
	chrI	1193	0	0.5	25
	chrI	1203	1	0.5	25
	chrI	1227	1	0.5	25
	chrI	1243	0	0.5	25
	chrI	1243	1	0.5	25
	chrI	1258	1	0.5	25
	chrI	1259	0	0.5	25
	chrI	1267	1	0.5	25
	chrI	1292	1	0.5	25
	chrI	1367	0	0.5	25
	chrI	1411	0	0.5	25
	chrI	1419	0	0.5	25
	chrI	1428	1	0.5	25
	chrI	1429	0	1.5	25
	chrI	1430	0	2.5	25
	chrI	1434	1	0.5	25
	chrI	1447	0	0.5	25
	chrI	1448	0	2.5	25
	chrI	1450	0	1.0	25
	chrI	1469	0	0.5	25
	chrI	1497	1	0.5	25
	chrI	1498	1	0.5	25
	chrI	1502	1	0.5	25
	chrI	1504	1	1.5	25
	chrI	1506	1	2.0	25
	chrI	1507	1	1.0	25
	chrI	1508	0	0.5	25
	chrI	1512	0	0.5	25
	chrI	1513	1	0.5	25
	chrI	1523	1	0.5	25
	chrI	1539	1	0.5	25
	chrI	1546	0	0.5	25
	chrI	1553	1	1.0	25
	chrI	1555	1	0.5	25
	chrI	1558	0	0.5	25
	chrI	1568	0	0.5	25
	chrI	1583	0	0.5	25
	chrI	1585	0	0.5	25
	chrI	1597	1	1.0	25
	chrI	1606	0	0.5	25
	chrI	1608	1	0.5	25
	chrI	1614	0	0.5	25
	chrI	1632	1	0.5	25
	chrI	1647	1	0.5	25
	chrI	1663	1	0.5	25
	chrI	1672	1	0.5	25
	chrI	1675	1	0.5	25
	chrI	1680	1	0.5	25
	chrI	1685	1	0.5	25
	chrI	1951	0	0.5	25
	chrI	2039	1	0.5	24
	chrI	2198	0	0.5	25
	chrI	2211	0	0.5	25
	chrI	2245	1	0.5	25
	chrI	2253	0	0.5	25
	chrI	2298	0	1.0	25
	chrI	2330	1	0.5	25
	chrI	2357	0	0.5	25
	chrI	2361	0	0.5	25
	chrI	2371	0	1.0	25
	chrI	2376	0	1.5	25
	chrI	2413	1	0.5	25
	chrI	2417	0	0.5	25
	chrI	2429	0	0.5	25
	chrI	2432	0	0.5	25
	chrI	2446	1	0.5	25
	chrI	2449	1	2.5	25
	chrI	2451	1	0.5	25
	chrI	2452	1	0.5	24
	chrI	2453	1	0.5	25
	chrI	2465	1	0.5	25
	chrI	2489	0	0.5	25
	chrI	2490	0	1.0	25
	chrI	2492	1	0.5	25
	chrI	2509	1	0.5	25
	chrI	2549	1	0.5	25
	chrI	2558	1	0.5	25
	chrI	2587	1	0.5	25
	chrI	2600	0	0.5	25
	chrI	2616	0	0.5	25
	chrI	2639	0	0.5	25
	chrI	2646	0	0.5	25
	chrI	2691	0	0.5	25
	chrI	2698	1	0.5	25
	chrI	2709	0	0.5	25
	chrI	2711	1	0.5	25
	chrI	2716	0	0.5	25
	chrI	2742	0	0.5	25
	chrI	2749	0	1.0	25
	chrI	2752	1	0.5	25
	chrI	2754	1	0.5	25
	chrI	2768	0	0.5	25
	chrI	2774	1	0.5	25
	chrI	2779	1	0.5	25
	chrI	2782	1	0.5	25
	chrI	2809	1	0.5	25
	chrI	2820	0	0.5	25
	chrI	2821	0	0.5	25
	chrI	2834	0	0.5	25
	chrI	2842	0	0.5	25
	chrI	2865	1	0.5	25
	chrI	2888	1	0.5	25
	chrI	2889	1	0.5	25
	chrI	2898	0	0.5	25
	chrI	2899	1	0.5	25
	chrI	2918	0	0.5	25
	chrI	2926	1	1.0	25
	chrI	2932	0	0.5	25
	chrI	2949	0	0.5	25
	chrI	2968	0	0.5	25
	chrI	2972	0	0.5	25
	chrI	2985	1	0.5	25
	chrI	2997	1	0.5	25
	chrI	3001	1	0.5	25
	chrI	3027	1	0.5	25
	chrI	3047	1	0.5	25
	chrI	3063	0	0.5	25
	chrI	3090	1	0.5	25
	chrI	3109	1	0.5	25
	chrI	3113	1	0.5	25
	chrI	3221	0	0.5	25
	chrI	3278	0	0.5	25
	chrI	3281	1	0.5	25
	chrI	3316	0	0.5	25
	chrI	3318	0	0.5	25
	chrI	3324	0	0.5	25
	chrI	3339	0	0.5	25
	chrI	3356	0	0.5	25
	chrI	3366	1	0.5	25
	chrI	3378	1	1.0	25
	chrI	3414	0	0.5	25
	chrI	3419	0	1.0	25
	chrI	3433	0	0.5	25
	chrI	3444	1	0.5	25
	chrI	3460	1	0.5	25
	chrI	3465	0	0.5	25
	chrI	3465	1	1.0	25
	chrI	3499	1	0.5	25
	chrI	3501	0	0.5	25
	chrI	3509	1	0.5	25
	chrI	3511	1	0.5	25
	chrI	3538	0	0.5	25
	chrI	3540	1	0.5	25
	chrI	3547	0	0.5	25
	chrI	3614	1	0.5	25
	chrI	3615	1	0.5	25
	chrI	3620	1	0.5	25
	chrI	3631	0	0.5	25
	chrI	3660	0	1.0	25
	chrI	3682	1	0.5	25
	chrI	3684	0	0.5	25
	chrI	3732	0	0.5	25
	chrI	3750	1	0.5	25
	chrI	3778	0	0.5	25
	chrI	3792	1	1.0	25
	chrI	3824	1	0.5	25
	chrI	3830	0	1.0	25
	chrI	3876	1	0.5	25
	chrI	3880	1	0.5	25
	chrI	3882	1	0.5	25
	chrI	3910	0	0.5	25
	chrI	3930	0	0.5	25
	chrI	3961	0	0.5	25
	chrI	3969	0	0.5	25
	chrI	3975	0	0.5	25
	chrI	4001	1	0.5	25
	chrI	4020	1	0.5	25
	chrI	4033	0	1.0	25
	chrI	4040	0	0.5	25
	chrI	4106	0	0.5	25
	chrI	4109	1	0.5	25
	chrI	4122	1	0.5	25
	chrI	4128	0	0.5	25
	chrI	4132	1	1.0	25
	chrI	4155	0	0.5	25
	chrI	4165	0	0.5	25
	chrI	4170	0	0.5	25
	chrI	4171	0	0.5	25
	chrI	4187	1	0.5	25
	chrI	4192	1	0.5	25
	chrI	4193	1	0.5	25
	chrI	4203	0	0.5	25
	chrI	4217	1	1.0	25
	chrI	4222	0	0.5	25
	chrI	4228	0	0.5	25
	chrI	4229	1	0.5	25
	chrI	4231	1	1.0	25
	chrI	4244	0	0.5	25
	chrI	4252	0	0.5	25
	chrI	4253	0	0.5	25
	chrI	4274	0	0.5	25
	chrI	4278	0	0.5	25
	chrI	4289	1	0.5	25
	chrI	4304	1	0.5	25
	chrI	4307	0	1.0	25
	chrI	4311	0	0.5	25
	chrI	4316	1	1.0	25
	chrI	4317	0	1.5	25
	chrI	4319	1	0.5	25
	chrI	4321	1	0.5	25
	chrI	4338	0	0.5	25
	chrI	4338	1	0.5	25
	chrI	4370	0	1.0	25
	chrI	4370	1	0.5	25
	chrI	4376	0	1.0	25
	chrI	4388	1	1.5	25
	chrI	4391	0	0.5	25
	chrI	4391	1	0.5	25
	chrI	4394	0	0.5	25
	chrI	4415	1	0.5	25
	chrI	4429	1	1.0	25
	chrI	4436	1	1.0	25
	chrI	4455	0	0.5	25
	chrI	4465	0	0.5	25
	chrI	4467	1	0.5	25
	chrI	4475	1	1.0	25
	chrI	4496	0	0.5	25
	chrI	4514	0	0.5	25
	chrI	4519	1	0.5	25
	chrI	4522	0	0.5	25
	chrI	4526	1	0.5	25
	chrI	4533	0	0.5	25
	chrI	4536	0	0.5	25
	chrI	4567	1	0.5	25
	chrI	4568	1	0.5	25
	chrI	4579	1	0.5	25
	chrI	4588	1	0.5	25
	chrI	4595	1	0.5	25
	chrI	4622	1	0.5	25
	chrI	4643	0	0.5	25
	chrI	4685	0	0.5	25
	chrI	4697	1	0.5	25
	chrI	4704	0	1.0	25
	chrI	4741	1	0.5	25
	chrI	4785	0	0.5	25
	chrI	4787	0	0.5	25
	chrI	4824	1	1.5	25
	chrI	4844	0	0.5	25
	chrI	4879	0	0.5	25
	chrI	4886	1	0.5	25
	chrI	4914	0	0.5	25
	chrI	4914	1	0.5	25
	chrI	4919	0	0.5	25
	chrI	4923	1	0.5	25
	chrI	4935	0	0.5	25
	chrI	4957	0	0.5	25
	chrI	4960	1	0.5	25
	chrI	4966	0	0.5	25
	chrI	4968	0	0.5	25
	chrI	4994	1	0.5	25
	chrI	5000	1	0.5	25
	chrI	5043	1	1.0	25
	chrI	5048	1	0.5	25
	chrI	5097	0	0.5	25
	chrI	5099	0	0.5	25
	chrI	5121	0	0.5	25
	chrI	5123	0	0.5	25
	chrI	5144	1	0.5	25
	chrI	5154	0	0.5	25
	chrI	5163	1	0.5	25
	chrI	5172	1	0.5	25
	chrI	5209	1	0.5	25
	chrI	5216	0	0.5	25
	chrI	5251	0	0.5	25
	chrI	5251	1	0.5	25
	chrI	5291	1	0.5	25
	chrI	5298	0	0.5	25
	chrI	5329	1	0.5	25
	chrI	5337	1	0.5	25
	chrI	5339	0	0.5	25
	chrI	5372	0	0.5	25
	chrI	5384	0	0.5	25
	chrI	5407	1	0.5	25
	chrI	5408	0	1.0	25
	chrI	5479	1	1.0	25
	chrI	5498	1	0.5	25
	chrI	5531	0	1.0	25
	chrI	5553	0	0.5	25
	chrI	5553	1	0.5	25
	chrI	5555	0	0.5	25
	chrI	5597	0	0.5	25
	chrI	5609	0	0.5	25
	chrI	5622	1	0.5	25
	chrI	5625	1	0.5	25
	chrI	5644	0	1.0	25
	chrI	5656	1	0.5	25
	chrI	5657	1	0.5	25
	chrI	5659	0	0.5	25
	chrI	5664	0	0.5	25
	chrI	5688	0	0.5	25
	chrI	5716	1	1.0	25
	chrI	5734	1	0.5	25
	chrI	5739	0	0.5	25
	chrI	5744	1	0.5	25
	chrI	5754	0	0.5	25
	chrI	5765	1	1.0	25
	chrI	5820	1	0.5	25
	chrI	5863	1	0.5	25
	chrI	5874	1	0.5	25
	chrI	5880	0	0.5	25
	chrI	5919	0	0.5	25
	chrI	5920	0	0.5	25
	chrI	5954	0	0.5	25
	chrI	5974	0	0.5	25
	chrI	5975	1	0.5	25
	chrI	5985	1	0.5	25
	chrI	5991	1	0.5	25
	chrI	6042	0	0.5	25
	chrI	6042	1	0.5	25
	chrI	6051	0	0.5	25
	chrI	6057	1	0.5	25
	chrI	6063	0	0.5	25
	chrI	6080	0	0.5	25
	chrI	6105	1	0.5	25
	chrI	6133	1	0.5	25
	chrI	6142	1	0.5	25
	chrI	6173	0	0.5	25
	chrI	6181	0	0.5	25
	chrI	6199	0	0.5	25
	chrI	6209	0	0.5	25
	chrI	6212	0	0.5	25
	chrI	6227	0	0.5	25
	chrI	6231	1	0.5	25
	chrI	6244	1	0.5	25
	chrI	6253	0	1.0	25
	chrI	6263	0	0.5	25
	chrI	6271	1	0.5	25
	chrI	6277	0	1.0	25
	chrI	6294	0	0.5	25
	chrI	6299	1	0.5	25
	chrI	6305	1	1.0	25
	chrI	6308	1	0.5	25
	chrI	6329	0	0.5	25
	chrI	6329	1	0.5	25
	chrI	6336	1	0.5	25
	chrI	6342	1	0.5	25
	chrI	6352	0	0.5	25
	chrI	6371	0	1.0	25
	chrI	6372	0	0.5	25
	chrI	6375	0	0.5	25
	chrI	6376	0	0.5	25
	chrI	6381	0	0.5	25
	chrI	6382	0	0.5	25
	chrI	6384	0	0.5	25
	chrI	6387	0	1.5	25
	chrI	6388	0	0.5	25
	chrI	6406	0	1.0	25
	chrI	6408	0	0.5	25
	chrI	6410	0	1.0	25
	chrI	6411	0	0.5	25
	chrI	6418	0	0.5	25
	chrI	6418	1	0.5	25
	chrI	6421	0	0.5	25
	chrI	6422	0	0.5	25
	chrI	6427	0	0.5	25
	chrI	6429	0	1.0	25
	chrI	6429	1	0.5	25
	chrI	6432	0	0.5	25
	chrI	6432	1	0.5	25
	chrI	6446	1	0.5	25
	chrI	6447	0	0.5	25
	chrI	6453	1	0.5	25
	chrI	6454	0	0.5	25
	chrI	6457	1	1.5	25
	chrI	6467	0	0.5	25
	chrI	6467	1	0.5	25
	chrI	6469	1	0.5	25
	chrI	6472	1	0.5	25
	chrI	6474	0	1.0	25
	chrI	6474	1	0.5	25
	chrI	6479	1	0.5	25
	chrI	6480	1	0.5	25
	chrI	6481	1	1.0	25
	chrI	6482	0	1.0	25
	chrI	6482	1	1.0	25
	chrI	6483	0	1.0	25
	chrI	6495	1	0.5	25
	chrI	6496	1	0.5	25
	chrI	6498	1	0.5	25
	chrI	6499	1	0.5	25
	chrI	6502	1	0.5	25
	chrI	6509	1	2.0	25
	chrI	6510	1	2.0	25
	chrI	6513	1	0.5	25
	chrI	6520	1	1.0	25
	chrI	6521	1	0.5	25
	chrI	6527	0	1.0	25
	chrI	6528	0	0.5	25
	chrI	6530	1	0.5	25
	chrI	6557	1	0.5	25
	chrI	6570	0	0.5	25
	chrI	6577	0	0.5	25
	chrI	6605	0	1.5	25
	chrI	6606	0	0.5	25
	chrI	6608	0	1.0	25
	chrI	6635	0	1.0	25
	chrI	6655	1	1.5	25
	chrI	6663	0	0.5	25
	chrI	6666	1	1.5	25
	chrI	6670	1	0.5	25
	chrI	6671	1	0.5	25
	chrI	6672	1	1.0	25
	chrI	6681	0	0.5	25
	chrI	6687	1	0.5	25
	chrI	6691	1	0.5	25
	chrI	6715	0	0.5	25
	chrI	6715	1	0.5	25
	chrI	6720	0	0.5	25
	chrI	6721	1	0.5	25
	chrI	6722	0	0.5	25
	chrI	6738	1	1.0	25
	chrI	6739	1	0.5	25
	chrI	6762	0	0.5	25
	chrI	6802	1	0.5	25
	chrI	6812	1	0.5	25
	chrI	6829	0	0.5	25
	chrI	6835	0	0.5	25
	chrI	6838	0	0.5	25
	chrI	6846	1	0.5	25
	chrI	6858	1	0.5	25
	chrI	6869	0	0.5	25
	chrI	6893	0	0.5	25
	chrI	6901	0	0.5	25
	chrI	6903	0	0.5	25
	chrI	6908	1	0.5	25
	chrI	6910	1	0.5	25
	chrI	6921	1	0.5	25
	chrI	6929	1	0.5	25
	chrI	6930	0	0.5	25
	chrI	6934	0	0.5	25
	chrI	6947	0	0.5	25
	chrI	6953	1	0.5	25
	chrI	6958	0	0.5	25
	chrI	6971	0	0.5	25
	chrI	6973	1	0.5	25
	chrI	6988	1	0.5	25
	chrI	6992	1	0.5	25
	chrI	6993	1	0.5	25
	chrI	6994	1	0.5	25
	chrI	6995	0	0.5	25
	chrI	7003	0	0.5	25
	chrI	7025	1	0.5	25
	chrI	7026	0	1.0	25
	chrI	7027	0	0.5	25
	chrI	7041	0	1.0	25
	chrI	7044	1	0.5	25
	chrI	7052	0	0.5	25
	chrI	7057	0	0.5	25
	chrI	7060	0	1.0	25
	chrI	7061	0	0.5	25
	chrI	7066	0	1.0	25
	chrI	7070	1	0.5	25
	chrI	7074	1	0.5	25
	chrI	7076	1	0.5	25
	chrI	7085	1	1.0	25
	chrI	7086	0	0.5	25
	chrI	7109	1	0.5	25
	chrI	7111	1	0.5	25
	chrI	7112	0	0.5	25
	chrI	7116	0	0.5	25
	chrI	7118	1	1.0	25
	chrI	7121	0	0.5	25
	chrI	7126	1	0.5	25
	chrI	7135	1	0.5	25
	chrI	7136	1	0.5	25
	chrI	7138	0	0.5	25
	chrI	7184	1	0.5	25
	chrI	7185	1	0.5	25
	chrI	7201	0	0.5	25
	chrI	7211	0	0.5	25
	chrI	7216	1	0.5	25
	chrI	7220	1	0.5	25
	chrI	7226	0	0.5	25
	chrI	7236	1	0.5	25
	chrI	7237	0	0.5	25
	chrI	7245	0	0.5	25
	chrI	7262	1	0.5	25
	chrI	7268	1	0.5	25
	chrI	7271	1	0.5	25
	chrI	7293	1	0.5	25
	chrI	7309	1	0.5	25
	chrI	7319	0	0.5	25
	chrI	7326	1	0.5	25
	chrI	7331	1	0.5	25
	chrI	7333	0	0.5	25
	chrI	7356	0	0.5	25
	chrI	7374	1	0.5	25
	chrI	7399	1	0.5	25
	chrI	7406	0	0.5	25
	chrI	7481	0	0.5	25
	chrI	7516	1	0.5	25
	chrI	7533	1	0.5	25
	chrI	7568	1	0.5	25
	chrI	7593	0	0.5	25
	chrI	7597	0	0.5	25
	chrI	7599	0	0.5	25
	chrI	7618	0	0.5	25
	chrI	7650	1	0.5	25
	chrI	7652	1	0.5	25
	chrI	7662	1	0.5	25
	chrI	7682	0	0.5	25
	chrI	7704	0	0.5	25
	chrI	7721	1	0.5	25
	chrI	7727	0	0.5	25
	chrI	7728	0	1.0	25
	chrI	7747	1	0.5	25
	chrI	7760	1	0.5	25
	chrI	7772	1	0.5	25
	chrI	7799	0	0.5	25
	chrI	7800	0	0.5	25
	chrI	7808	0	0.5	25
	chrI	7818	0	0.5	25
	chrI	7826	1	0.5	25
	chrI	7830	0	0.5	25
	chrI	7834	0	1.5	25
	chrI	7853	0	0.5	25
	chrI	7861	0	0.5	25
	chrI	7872	0	0.5	25
	chrI	7872	1	0.5	25
	chrI	7880	1	0.5	25
	chrI	7893	1	0.5	25
	chrI	7895	1	1.0	25
	chrI	7897	0	0.5	25
	chrI	7900	1	0.5	25
	chrI	7913	1	0.5	25
	chrI	7915	1	0.5	25
	chrI	7925	1	0.5	24
	chrI	7932	0	0.5	25
	chrI	7941	0	0.5	25
	chrI	7964	1	0.5	25
	chrI	7968	0	0.5	25
	chrI	7980	1	0.5	25
	chrI	7981	0	0.5	25
	chrI	7989	0	0.5	25
	chrI	8002	0	0.5	25
	chrI	8002	1	0.5	25
	chrI	8017	1	0.5	25
	chrI	8040	1	0.5	25
	chrI	8047	0	0.5	25
	chrI	8053	0	0.5	25
	chrI	8062	0	0.5	25
	chrI	8066	1	0.5	25
	chrI	8069	1	0.5	25
	chrI	8102	1	1.0	25
	chrI	8120	0	1.0	25
	chrI	8122	1	0.5	25
	chrI	8125	0	0.5	25
	chrI	8141	1	0.5	25
	chrI	8147	1	0.5	25
	chrI	8151	0	0.5	25
	chrI	8158	1	0.5	25
	chrI	8180	1	0.5	25
	chrI	8209	1	0.5	25
	chrI	8210	0	0.5	25
	chrI	8211	0	0.5	25
	chrI	8249	1	1.0	25
	chrI	8261	1	0.5	25
	chrI	8269	0	1.0	25
	chrI	8292	0	0.5	25
	chrI	8316	0	0.5	25
	chrI	8326	1	0.5	25
	chrI	8332	0	0.5	25
	chrI	8341	1	0.5	25
	chrI	8351	1	0.5	25
	chrI	8364	0	0.5	25
	chrI	8382	1	0.5	25
	chrI	8386	0	0.5	25
	chrI	8387	0	0.5	25
	chrI	8413	0	1.0	25
	chrI	8438	1	0.5	25
	chrI	8441	1	0.5	25
	chrI	8443	0	1.0	25
	chrI	8457	0	0.5	25
	chrI	8463	0	0.5	25
	chrI	8497	1	1.0	25
	chrI	8502	1	0.5	25
	chrI	8508	0	0.5	25
	chrI	8516	0	0.5	25
	chrI	8531	1	0.5	25
	chrI	8543	0	0.5	25
	chrI	8549	0	0.5	25
	chrI	8558	0	0.5	25
	chrI	8558	1	0.5	25
	chrI	8560	0	0.5	23
	chrI	8562	0	0.5	25
	chrI	8563	0	0.5	25
	chrI	8575	1	1.0	25
	chrI	8580	1	0.5	25
	chrI	8584	1	0.5	25
	chrI	8600	1	1.0	25
	chrI	8610	1	0.5	25
	chrI	8618	1	0.5	25
	chrI	8622	0	0.5	25
	chrI	8622	1	0.5	25
	chrI	8625	1	1.0	25
	chrI	8661	0	0.5	25
	chrI	8666	0	0.5	25
	chrI	8678	1	0.5	25
	chrI	8699	1	1.0	25
	chrI	8724	0	1.0	25
	chrI	8752	0	0.5	25
	chrI	8790	1	1.0	25
	chrI	8824	1	0.5	25
	chrI	8840	1	0.5	25
	chrI	8871	0	0.5	25
	chrI	8896	0	0.5	25
	chrI	8900	1	0.5	25
	chrI	8917	0	0.5	25
	chrI	8970	0	0.5	25
	chrI	9010	1	0.5	25
	chrI	9019	0	0.5	25
	chrI	9025	1	0.5	25
	chrI	9029	1	0.5	25
	chrI	9032	0	0.5	25
	chrI	9039	0	0.5	25
	chrI	9070	0	1.0	25
	chrI	9084	0	0.5	25
	chrI	9107	1	0.5	25
	chrI	9110	1	0.5	25
	chrI	9132	0	0.5	25
	chrI	9145	0	0.5	25
	chrI	9149	0	0.5	25
	chrI	9157	0	0.5	25
	chrI	9171	1	0.5	25
	chrI	9181	0	0.5	25
	chrI	9191	0	0.5	25
	chrI	9192	0	0.5	25
	chrI	9196	1	0.5	25
	chrI	9206	1	0.5	25
	chrI	9209	1	1.0	25
	chrI	9225	1	0.5	25
	chrI	9229	1	0.5	25
	chrI	9230	0	1.5	25
	chrI	9238	1	0.5	25
	chrI	9242	0	0.5	25
	chrI	9248	1	0.5	25
	chrI	9288	0	0.5	25
	chrI	9289	1	0.5	25
	chrI	9290	0	0.5	25
	chrI	9301	0	0.5	25
	chrI	9303	1	0.5	25
	chrI	9304	0	1.0	25
	chrI	9309	1	0.5	25
	chrI	9319	0	0.5	25
	chrI	9333	1	1.0	25
	chrI	9343	0	0.5	25
	chrI	9346	0	0.5	25
	chrI	9346	1	0.5	25
	chrI	9353	1	1.0	25
	chrI	9376	1	1.0	25
	chrI	9381	1	0.5	25
	chrI	9391	1	0.5	25
	chrI	9450	1	0.5	25
	chrI	9460	0	0.5	25
	chrI	9481	0	0.5	25
	chrI	9487	1	0.5	25
	chrI	9532	1	1.0	25
	chrI	9539	0	0.5	25
	chrI	9564	0	0.5	25
	chrI	9585	0	0.5	25
	chrI	9599	0	0.5	25
	chrI	9616	0	0.5	25
	chrI	9623	0	0.5	25
	chrI	9658	0	0.5	25
	chrI	9664	1	0.5	25
	chrI	9665	0	0.5	25
	chrI	9670	1	0.5	25
	chrI	9674	0	0.5	25
	chrI	9678	1	0.5	25
	chrI	9682	1	0.5	25
	chrI	9683	1	0.5	25
	chrI	9684	1	0.5	25
	chrI	9685	0	0.5	25
	chrI	9705	0	0.5	25
	chrI	9713	0	0.5	25
	chrI	9733	0	0.5	25
	chrI	9737	1	0.5	25
	chrI	9739	0	0.5	25
	chrI	9745	0	0.5	25
	chrI	9761	1	0.5	25
	chrI	9763	0	0.5	25
	chrI	9779	1	0.5	25
	chrI	9797	1	0.5	25
	chrI	9808	1	0.5	25
	chrI	9810	1	0.5	25
	chrI	9821	1	0.5	25
	chrI	9829	1	0.5	25
	chrI	9832	0	0.5	25
	chrI	9835	0	0.5	25
	chrI	9859	1	0.5	25
	chrI	9874	1	0.5	25
	chrI	9940	1	0.5	25
	chrI	9988	0	0.5	25
	chrI	10003	0	0.5	25
	chrI	10005	0	0.5	25
	chrI	10010	0	0.5	25
	chrI	10030	0	1.5	25
	chrI	10031	0	0.5	25
	chrI	10044	1	0.5	25
	chrI	10049	0	0.5	25
	chrI	10059	1	0.5	25
	chrI	10067	1	0.5	25
	chrI	10072	0	1.0	25
	chrI	10080	0	0.5	25
	chrI	10080	1	0.5	25
	chrI	10101	1	0.5	25
	chrI	10109	0	0.5	25
	chrI	10115	0	0.5	25
	chrI	10122	1	0.5	25
	chrI	10127	1	0.5	25
	chrI	10132	0	0.5	25
	chrI	10132	1	0.5	25
	chrI	10140	1	0.5	25
	chrI	10153	0	0.5	25
	chrI	10155	1	0.5	25
	chrI	10162	0	1.0	25
	chrI	10162	1	1.5	25
	chrI	10163	1	0.5	25
	chrI	10168	0	1.0	25
	chrI	10175	0	0.5	25
	chrI	10188	1	0.5	25
	chrI	10190	1	0.5	25
	chrI	10203	1	0.5	25
	chrI	10207	0	1.0	25
	chrI	10208	0	0.5	25
	chrI	10208	1	0.5	25
	chrI	10209	0	0.5	25
	chrI	10216	1	1.0	25
	chrI	10224	0	1.0	25
	chrI	10228	1	0.5	25
	chrI	10237	1	0.5	25
	chrI	10246	1	0.5	25
	chrI	10251	1	0.5	25
	chrI	10256	1	1.0	25
	chrI	10258	0	0.5	25
	chrI	10261	0	0.5	25
	chrI	10281	1	0.5	25
	chrI	10283	0	0.5	25
	chrI	10300	1	0.5	25
	chrI	10305	1	0.5	25
	chrI	10340	0	0.5	25
	chrI	10355	0	0.5	25
	chrI	10365	1	0.5	25
	chrI	10403	0	0.5	25
	chrI	10409	0	0.5	25
	chrI	10423	1	0.5	25
	chrI	10431	1	0.5	25
	chrI	10453	1	0.5	25
	chrI	10457	0	0.5	25
	chrI	10531	1	0.5	25
	chrI	10564	0	1.0	25
	chrI	10581	0	0.5	25
	chrI	10582	1	0.5	25
	chrI	10589	0	1.0	25
	chrI	10632	1	0.5	25
	chrI	10636	1	0.5	25
	chrI	10643	0	0.5	25
	chrI	10646	1	1.0	25
	chrI	10675	0	1.0	25
	chrI	10694	0	0.5	25
	chrI	10703	0	0.5	25
	chrI	10705	0	0.5	25
	chrI	10726	0	0.5	25
	chrI	10728	1	0.5	25
	chrI	10731	0	0.5	25
	chrI	10734	0	0.5	25
	chrI	10762	0	0.5	25
	chrI	10766	0	0.5	25
	chrI	10787	1	0.5	25
	chrI	10788	1	2.0	25
	chrI	10789	0	0.5	25
	chrI	10792	1	0.5	25
	chrI	10793	1	0.5	25
	chrI	10796	1	0.5	25
	chrI	10799	0	1.0	25
	chrI	10801	1	1.0	25
	chrI	10830	1	0.5	25
	chrI	10835	0	0.5	25
	chrI	10837	0	0.5	25
	chrI	10855	1	0.5	25
	chrI	10859	1	0.5	25
	chrI	10871	0	0.5	25
	chrI	10875	0	0.5	25
	chrI	10878	1	1.0	25
	chrI	10882	0	0.5	25
	chrI	10915	0	0.5	25
	chrI	10922	0	0.5	25
	chrI	10933	1	0.5	25
	chrI	10950	1	1.0	25
	chrI	10969	0	0.5	25
	chrI	10970	0	0.5	25
	chrI	10975	0	0.5	25
	chrI	10987	1	0.5	25
	chrI	10989	1	0.5	25
	chrI	11005	0	0.5	25
	chrI	11009	0	0.5	25
	chrI	11015	1	0.5	25
	chrI	11023	1	0.5	25
	chrI	11042	1	1.0	25
	chrI	11051	1	0.5	25
	chrI	11061	0	0.5	25
	chrI	11067	1	0.5	25
	chrI	11072	0	1.0	25
	chrI	11077	0	0.5	25
	chrI	11106	0	0.5	25
	chrI	11111	0	1.0	25
	chrI	11121	1	1.0	25
	chrI	11128	1	0.5	25
	chrI	11138	0	0.5	25
	chrI	11142	0	0.5	25
	chrI	11151	0	0.5	25
	chrI	11158	0	0.5	25
	chrI	11159	0	0.5	25
	chrI	11161	1	0.5	25
	chrI	11174	0	0.5	25
	chrI	11176	0	0.5	25
	chrI	11182	0	1.0	25
	chrI	11183	0	0.5	25
	chrI	11185	0	0.5	25
	chrI	11195	0	1.0	25
	chrI	11196	0	2.0	25
	chrI	11197	0	1.5	25
	chrI	11197	1	1.0	25
	chrI	11198	0	1.0	25
	chrI	11205	1	0.5	25
	chrI	11211	0	0.5	25
	chrI	11211	1	1.0	25
	chrI	11212	0	0.5	25
	chrI	11212	1	0.5	25
	chrI	11213	0	2.0	25
	chrI	11213	1	1.0	25
	chrI	11214	0	2.5	25
	chrI	11220	0	0.5	25
	chrI	11227	0	0.5	25
	chrI	11229	1	0.5	25
	chrI	11234	0	0.5	25
	chrI	11246	1	1.0	25
	chrI	11254	1	0.5	25
	chrI	11255	1	0.5	25
	chrI	11257	1	0.5	25
	chrI	11260	1	2.0	25
	chrI	11261	1	0.5	25
	chrI	11262	1	1.0	25
	chrI	11264	1	2.0	25
	chrI	11267	1	0.5	25
	chrI	11270	1	0.5	25
	chrI	11277	1	0.5	25
	chrI	11278	0	0.5	25
	chrI	11287	0	0.5	25
	chrI	11287	1	0.5	25
	chrI	11291	1	0.5	25
	chrI	11295	1	0.5	25
	chrI	11296	0	0.5	25
	chrI	11304	1	0.5	25
	chrI	11305	1	1.0	25
	chrI	11306	1	0.5	25
	chrI	11312	0	0.5	25
	chrI	11313	1	1.0	25
	chrI	11317	0	0.5	25
	chrI	11319	0	0.5	25
	chrI	11321	0	0.5	25
	chrI	11333	1	0.5	25
	chrI	11342	0	0.5	25
	chrI	11345	1	0.5	25
	chrI	11346	0	0.5	25
	chrI	11347	0	0.5	25
	chrI	11352	0	1.0	25
	chrI	11357	1	0.5	25
	chrI	11360	0	1.0	25
	chrI	11368	0	0.5	25
	chrI	11379	0	1.0	25
	chrI	11389	0	0.5	25
	chrI	11399	0	0.5	25
	chrI	11401	1	0.5	25
	chrI	11404	0	1.0	25
	chrI	11407	0	0.5	25
	chrI	11408	1	0.5	25
	chrI	11424	1	0.5	25
	chrI	11425	0	0.5	25
	chrI	11433	0	0.5	25
	chrI	11437	1	1.0	25
	chrI	11438	0	1.0	25
	chrI	11438	1	0.5	25
	chrI	11439	0	0.5	25
	chrI	11439	1	1.0	25
	chrI	11444	1	0.5	25
	chrI	11447	1	1.0	25
	chrI	11454	1	1.0	25
	chrI	11456	1	1.0	25
	chrI	11463	1	0.5	25
	chrI	11465	1	1.0	25
	chrI	11467	1	0.5	25
	chrI	11475	0	0.5	25
	chrI	11475	1	0.5	25
	chrI	11476	1	1.0	25
	chrI	11478	1	1.0	25
	chrI	11483	0	0.5	25
	chrI	11483	1	0.5	25
	chrI	11510	1	0.5	25
	chrI	11528	1	0.5	25
	chrI	11533	1	0.5	25
	chrI	11547	1	0.5	25
	chrI	11555	0	0.5	25
	chrI	11576	0	0.5	25
	chrI	11608	0	0.5	25
	chrI	11652	0	0.5	25
	chrI	11672	1	0.5	25
	chrI	11675	1	0.5	25
	chrI	11714	0	0.5	25
	chrI	11772	1	0.5	25
	chrI	11799	1	0.5	25
	chrI	11820	1	0.5	25
	chrI	11937	0	1.0	25
	chrI	11986	0	0.5	25
	chrI	11986	1	1.0	25
	chrI	11992	0	0.5	25
	chrI	11994	0	0.5	25
	chrI	12071	0	0.5	25
	chrI	12090	1	0.5	25
	chrI	12144	0	0.5	25
	chrI	12150	0	0.5	25
	chrI	12168	1	0.5	25
	chrI	12173	1	0.5	25
	chrI	12175	0	0.5	25
	chrI	12177	0	0.5	25
	chrI	12194	1	0.5	25
	chrI	12219	1	0.5	25
	chrI	12243	0	0.5	25
	chrI	12263	1	0.5	25
	chrI	12298	1	0.5	25
	chrI	12330	1	0.5	25
	chrI	12369	0	0.5	25
	chrI	12451	0	0.5	25
	chrI	12484	1	0.5	25
	chrI	12540	1	0.5	25
	chrI	12552	0	1.0	25
	chrI	12589	1	0.5	25
	chrI	12697	0	0.5	25
	chrI	12734	1	1.0	25
	chrI	12752	1	0.5	25
	chrI	12782	0	0.5	25
	chrI	12784	0	0.5	25
	chrI	12848	1	0.5	25
	chrI	12859	1	0.5	25
	chrI	12872	0	0.5	25
	chrI	12890	0	0.5	25
	chrI	12950	0	1.0	25
	chrI	12963	1	1.0	25
	chrI	12981	0	0.5	25
	chrI	13019	1	1.0	25
	chrI	13056	1	0.5	25
	chrI	13070	0	0.5	25
	chrI	13116	0	1.0	25
	chrI	13146	0	0.5	25
	chrI	13186	1	1.0	25
	chrI	13208	1	0.5	25
	chrI	13219	0	0.5	25
	chrI	13258	0	0.5	25
	chrI	13272	0	1.0	25
	chrI	13312	0	0.5	25
	chrI	13313	1	0.5	25
	chrI	13318	1	0.5	25
	chrI	13325	1	0.5	25
	chrI	13350	0	0.5	25
	chrI	13374	1	0.5	25
	chrI	13388	0	0.5	25
	chrI	13412	0	0.5	25
	chrI	13413	1	0.5	25
	chrI	13437	1	1.0	25
	chrI	13440	1	0.5	25
	chrI	13457	1	0.5	25
	chrI	13462	0	0.5	25
	chrI	13534	0	0.5	25
	chrI	13534	1	0.5	25
	chrI	13538	0	0.5	25
	chrI	13588	1	0.5	25
	chrI	13595	0	0.5	25
	chrI	13614	0	0.5	25
	chrI	13641	0	0.5	25
	chrI	13651	0	0.5	25
	chrI	13665	1	0.5	25
	chrI	13679	1	0.5	25
	chrI	13690	1	0.5	25
	chrI	13699	1	0.5	25
	chrI	13730	0	0.5	25
	chrI	13751	0	0.5	25
	chrI	13800	0	0.5	25
	chrI	13808	0	0.5	25
	chrI	13812	1	0.5	25
	chrI	13883	1	0.5	25
	chrI	13888	1	0.5	25
	chrI	13907	1	0.5	25
	chrI	13926	0	0.5	25
	chrI	13983	0	0.5	25
	chrI	14010	0	0.5	25
	chrI	14023	1	0.5	25
	chrI	14038	0	0.5	25
	chrI	14047	1	0.5	25
	chrI	14084	1	0.5	25
	chrI	14085	1	0.5	25
	chrI	14097	1	0.5	25
	chrI	14109	0	0.5	25
	chrI	14189	0	0.5	25
	chrI	14207	1	0.5	25
	chrI	14241	0	0.5	25
	chrI	14255	0	0.5	25
	chrI	14284	0	0.5	25
	chrI	14291	1	0.5	25
	chrI	14303	1	0.5	25
	chrI	14326	0	0.5	25
	chrI	14353	0	0.5	25
	chrI	14354	0	0.5	25
	chrI	14364	0	0.5	25
	chrI	14395	0	0.5	25
	chrI	14399	1	0.5	25
	chrI	14403	1	1.0	25
	chrI	14410	0	0.5	25
	chrI	14413	0	0.5	25
	chrI	14430	0	0.5	25
	chrI	14430	1	0.5	25
	chrI	14432	0	0.5	25
	chrI	14438	1	0.5	25
	chrI	14441	0	0.5	25
	chrI	14451	1	0.5	25
	chrI	14455	1	0.5	25
	chrI	14459	0	0.5	25
	chrI	14477	0	1.0	25
	chrI	14499	0	0.5	25
	chrI	14511	1	0.5	25
	chrI	14531	0	0.5	25
	chrI	14541	0	0.5	25
	chrI	14555	0	0.5	25
	chrI	14569	1	0.5	25
	chrI	14579	1	0.5	25
	chrI	14580	1	0.5	25
	chrI	14587	1	0.5	25
	chrI	14594	1	0.5	25
	chrI	14596	0	0.5	25
	chrI	14602	1	0.5	25
	chrI	14606	0	1.0	25
	chrI	14618	1	0.5	25
	chrI	14627	0	0.5	25
	chrI	14641	1	0.5	25
	chrI	14666	1	0.5	25
	chrI	14668	1	0.5	25
	chrI	14688	1	0.5	25
	chrI	14716	0	1.5	25
	chrI	14722	0	0.5	25
	chrI	14752	1	1.0	25
	chrI	14753	1	0.5	25
	chrI	14754	0	0.5	25
	chrI	14754	1	0.5	25
	chrI	14760	1	0.5	25
	chrI	14771	1	1.0	25
	chrI	14775	1	0.5	25
	chrI	14784	0	0.5	25
	chrI	14798	0	0.5	25
	chrI	14854	1	0.5	25
	chrI	14858	1	0.5	25
	chrI	14872	0	0.5	25
	chrI	14872	1	0.5	25
	chrI	14888	0	1.0	25
	chrI	14892	0	0.5	25
	chrI	14922	0	0.5	25
	chrI	14941	1	0.5	25
	chrI	14944	0	0.5	25
	chrI	14950	1	0.5	25
	chrI	14953	0	0.5	25
	chrI	14953	1	0.5	25
	chrI	14954	1	0.5	25
	chrI	14974	0	0.5	25
	chrI	14992	0	0.5	25
	chrI	14993	0	0.5	25
	chrI	15000	0	1.0	25
	chrI	15004	1	0.5	25
	chrI	15007	1	0.5	25
	chrI	15018	1	0.5	25
	chrI	15022	0	0.5	25
	chrI	15030	0	0.5	25
	chrI	15038	1	0.5	25
	chrI	15061	1	1.0	25
	chrI	15073	1	0.5	25
	chrI	15079	1	0.5	25
	chrI	15083	0	0.5	24
	chrI	15083	0	0.5	25
	chrI	15095	1	0.5	25
	chrI	15101	0	0.5	25
	chrI	15104	0	0.5	25
	chrI	15105	1	0.5	25
	chrI	15135	1	0.5	25
	chrI	15153	0	0.5	25
	chrI	15156	1	0.5	25
	chrI	15160	0	0.5	25
	chrI	15164	1	0.5	25
	chrI	15175	1	0.5	25
	chrI	15180	0	0.5	25
	chrI	15211	1	0.5	25
	chrI	15214	0	0.5	25
	chrI	15216	0	0.5	25
	chrI	15223	0	0.5	25
	chrI	15228	0	0.5	25
	chrI	15232	0	0.5	25
	chrI	15233	0	0.5	25
	chrI	15257	1	0.5	25
	chrI	15263	1	0.5	25
	chrI	15293	0	0.5	25
	chrI	15295	1	0.5	25
	chrI	15309	1	0.5	25
	chrI	15316	0	0.5	25
	chrI	15337	0	0.5	25
	chrI	15340	1	0.5	25
	chrI	15341	1	0.5	25
	chrI	15348	1	0.5	25
	chrI	15349	0	0.5	25
	chrI	15355	1	0.5	25
	chrI	15390	1	0.5	25
	chrI	15421	1	0.5	25
	chrI	15422	1	0.5	25
	chrI	15430	0	0.5	25
	chrI	15445	0	0.5	25
	chrI	15481	1	0.5	25
	chrI	15501	0	0.5	25
	chrI	15506	0	0.5	25
	chrI	15517	1	0.5	25
	chrI	15572	0	0.5	25
	chrI	15575	1	0.5	25
	chrI	15581	1	0.5	25
	chrI	15594	1	0.5	25
	chrI	15599	0	0.5	25
	chrI	15619	0	0.5	25
	chrI	15628	1	0.5	25
	chrI	15656	1	0.5	25
	chrI	15657	0	0.5	25
	chrI	15667	1	0.5	25
	chrI	15721	0	1.0	25
	chrI	15724	0	0.5	25
	chrI	15753	0	0.5	25
	chrI	15770	1	0.5	25
	chrI	15783	1	0.5	25
	chrI	15791	0	0.5	25
	chrI	15793	0	0.5	25
	chrI	15800	0	0.5	25
	chrI	15812	0	0.5	25
	chrI	15815	1	0.5	25
	chrI	15818	1	0.5	25
	chrI	15821	0	0.5	25
	chrI	15867	0	1.0	25
	chrI	15868	0	0.5	25
	chrI	15868	1	0.5	25
	chrI	15874	1	0.5	25
	chrI	15876	1	0.5	25
	chrI	15887	1	0.5	25
	chrI	15888	0	0.5	25
	chrI	15890	0	0.5	25
	chrI	15890	1	0.5	25
	chrI	15913	1	0.5	25
	chrI	15930	1	0.5	25
	chrI	15937	1	1.0	25
	chrI	15955	0	1.0	25
	chrI	15962	1	0.5	25
	chrI	15987	1	0.5	25
	chrI	16000	0	0.5	25
	chrI	16000	1	1.0	25
	chrI	16003	0	0.5	25
	chrI	16040	0	1.0	25
	chrI	16048	1	0.5	25
	chrI	16078	1	0.5	25
	chrI	16104	0	0.5	25
	chrI	16125	0	0.5	25
	chrI	16129	1	1.0	25
	chrI	16134	0	0.5	25
	chrI	16139	0	1.0	25
	chrI	16141	0	1.0	25
	chrI	16142	0	0.5	25
	chrI	16151	1	0.5	25
	chrI	16167	1	0.5	25
	chrI	16169	0	1.0	25
	chrI	16183	1	0.5	25
	chrI	16208	1	1.0	25
	chrI	16219	0	0.5	25
	chrI	16228	1	0.5	25
	chrI	16236	1	1.0	25
	chrI	16243	0	0.5	25
	chrI	16262	0	0.5	25
	chrI	16278	1	0.5	25
	chrI	16312	1	0.5	25
	chrI	16313	0	0.5	25
	chrI	16314	1	0.5	25
	chrI	16323	0	0.5	25
	chrI	16335	0	0.5	25
	chrI	16346	1	1.0	25
	chrI	16357	0	1.0	25
	chrI	16380	1	0.5	25
	chrI	16402	1	0.5	25
	chrI	16415	1	1.0	25
	chrI	16428	0	0.5	25
	chrI	16434	0	0.5	25
	chrI	16468	0	0.5	25
	chrI	16468	1	0.5	25
	chrI	16487	0	0.5	25
	chrI	16492	1	0.5	25
	chrI	16493	0	0.5	25
	chrI	16495	0	1.0	25
	chrI	16499	0	0.5	25
	chrI	16502	1	0.5	25
	chrI	16505	0	1.5	25
	chrI	16527	1	0.5	25
	chrI	16530	0	0.5	25
	chrI	16563	1	0.5	25
	chrI	16578	1	1.5	25
	chrI	16579	0	0.5	25
	chrI	16628	0	1.5	25
	chrI	16642	0	1.0	25
	chrI	16662	1	0.5	25
	chrI	16673	0	0.5	25
	chrI	16688	0	0.5	25
	chrI	16694	1	0.5	25
	chrI	16695	1	1.0	25
	chrI	16702	1	0.5	25
	chrI	16712	1	1.0	25
	chrI	16713	1	1.5	25
	chrI	16727	1	0.5	25
	chrI	16729	1	1.0	25
	chrI	16771	0	0.5	25
	chrI	16773	0	0.5	25
	chrI	16787	0	0.5	25
	chrI	16820	1	0.5	25
	chrI	16824	0	0.5	25
	chrI	16841	0	0.5	25
	chrI	16850	1	0.5	25
	chrI	16870	0	0.5	25
	chrI	16878	1	1.0	25
	chrI	16894	0	0.5	25
	chrI	16913	0	0.5	25
	chrI	16940	1	0.5	25
	chrI	16947	1	0.5	25
	chrI	16948	0	0.5	25
	chrI	16962	1	0.5	25
	chrI	17015	0	0.5	25
	chrI	17027	1	0.5	25
	chrI	17043	0	1.0	25
	chrI	17043	1	0.5	25
	chrI	17082	0	0.5	25
	chrI	17086	0	0.5	25
	chrI	17087	0	1.0	25
	chrI	17095	0	1.0	25
	chrI	17111	0	0.5	25
	chrI	17122	0	0.5	25
	chrI	17129	0	0.5	25
	chrI	17138	0	1.0	25
	chrI	17142	1	1.0	25
	chrI	17145	1	0.5	25
	chrI	17146	1	1.0	25
	chrI	17188	1	0.5	25
	chrI	17197	1	1.0	25
	chrI	17199	0	0.5	25
	chrI	17207	1	0.5	25
	chrI	17211	1	0.5	25
	chrI	17214	1	0.5	25
	chrI	17221	1	0.5	25
	chrI	17224	0	0.5	25
	chrI	17227	0	0.5	25
	chrI	17239	1	0.5	25
	chrI	17243	1	1.0	25
	chrI	17281	0	1.0	25
	chrI	17314	0	0.5	25
	chrI	17328	1	0.5	25
	chrI	17335	1	1.0	25
	chrI	17342	1	0.5	25
	chrI	17359	0	0.5	25
	chrI	17393	1	0.5	25
	chrI	17399	0	0.5	25
	chrI	17404	1	0.5	25
	chrI	17488	1	0.5	25
	chrI	17532	0	0.5	25
	chrI	17596	0	0.5	25
	chrI	17602	0	0.5	25
	chrI	17610	1	0.5	25
	chrI	17639	0	0.5	25
	chrI	17649	1	0.5	25
	chrI	17657	0	0.5	25
	chrI	17658	1	0.5	25
	chrI	17680	1	0.5	25
	chrI	17709	1	0.5	25
	chrI	17712	0	1.0	25
	chrI	17758	0	0.5	25
	chrI	17764	0	0.5	25
	chrI	17785	1	0.5	25
	chrI	17793	0	0.5	25
	chrI	17826	0	0.5	25
	chrI	17851	1	0.5	25
	chrI	17852	0	0.5	25
	chrI	17853	0	1.0	25
	chrI	17857	0	0.5	25
	chrI	17858	0	0.5	25
	chrI	17864	0	0.5	25
	chrI	17873	0	0.5	25
	chrI	17875	1	0.5	25
	chrI	17881	0	1.5	25
	chrI	17881	1	0.5	25
	chrI	17882	0	1.0	25
	chrI	17891	0	2.0	25
	chrI	17892	0	0.5	25
	chrI	17893	0	1.0	25
	chrI	17894	0	0.5	25
	chrI	17896	0	0.5	25
	chrI	17899	0	0.5	25
	chrI	17907	0	1.0	25
	chrI	17908	0	1.0	25
	chrI	17909	0	0.5	25
	chrI	17909	1	0.5	25
	chrI	17910	0	0.5	25
	chrI	17925	1	0.5	25
	chrI	17928	1	0.5	25
	chrI	17932	1	1.0	25
	chrI	17935	0	0.5	25
	chrI	17942	1	1.0	25
	chrI	17945	1	1.0	25
	chrI	17948	1	3.0	25
	chrI	17949	1	0.5	25
	chrI	17952	1	0.5	25
	chrI	17954	1	0.5	25
	chrI	17956	1	2.0	25
	chrI	17957	1	1.5	25
	chrI	17965	1	0.5	25
	chrI	17973	1	0.5	25
	chrI	17975	1	0.5	25
	chrI	17982	1	0.5	25
	chrI	17983	1	0.5	25
	chrI	17985	1	0.5	25
	chrI	17986	0	0.5	25
	chrI	18001	0	0.5	25
	chrI	18025	0	0.5	25
	chrI	18044	1	0.5	25
	chrI	18062	0	0.5	25
	chrI	18064	1	0.5	25
	chrI	18090	0	0.5	25
	chrI	18106	1	0.5	25
	chrI	18107	1	0.5	25
	chrI	18119	0	0.5	25
	chrI	18168	0	0.5	25
	chrI	18196	1	0.5	25
	chrI	18221	0	0.5	25
	chrI	18231	0	0.5	25
	chrI	18235	0	0.5	25
	chrI	18253	1	0.5	25
	chrI	18254	0	0.5	25
	chrI	18256	0	0.5	25
	chrI	18263	0	0.5	25
	chrI	18289	1	0.5	25
	chrI	18290	0	0.5	25
	chrI	18301	1	1.0	25
	chrI	18303	0	0.5	25
	chrI	18314	1	0.5	25
	chrI	18317	1	0.5	25
	chrI	18323	0	0.5	25
	chrI	18336	0	0.5	25
	chrI	18345	0	0.5	25
	chrI	18349	0	0.5	25
	chrI	18354	1	0.5	25
	chrI	18379	1	0.5	25
	chrI	18403	1	0.5	25
	chrI	18411	1	0.5	25
	chrI	18416	1	0.5	25
	chrI	18419	0	0.5	25
	chrI	18430	1	0.5	25
	chrI	18475	1	0.5	25
	chrI	18484	1	0.5	25
	chrI	18511	0	0.5	25
	chrI	18518	0	0.5	25
	chrI	18526	1	0.5	25
	chrI	18532	0	0.5	25
	chrI	18539	0	0.5	25
	chrI	18560	1	0.5	25
	chrI	18561	0	0.5	25
	chrI	18585	0	0.5	25
	chrI	18587	1	0.5	25
	chrI	18632	0	0.5	25
	chrI	18640	1	0.5	25
	chrI	18644	0	0.5	25
	chrI	18644	1	1.0	25
	chrI	18658	0	0.5	25
	chrI	18718	0	0.5	25
	chrI	18766	1	0.5	25
	chrI	18792	1	1.0	25
	chrI	18799	1	0.5	25
	chrI	18822	0	1.0	25
	chrI	18852	0	0.5	25
	chrI	18892	1	0.5	25
	chrI	18895	1	0.5	25
	chrI	18919	0	0.5	25
	chrI	18924	1	0.5	25
	chrI	18925	1	0.5	25
	chrI	18973	0	0.5	25
	chrI	18974	0	1.5	25
	chrI	19033	0	0.5	25
	chrI	19042	0	0.5	25
	chrI	19044	1	0.5	25
	chrI	19077	1	0.5	25
	chrI	19078	0	0.5	25
	chrI	19085	0	0.5	25
	chrI	19089	0	1.5	25
	chrI	19104	1	0.5	25
	chrI	19116	0	0.5	25
	chrI	19120	1	0.5	25
	chrI	19138	1	0.5	25
	chrI	19146	0	0.5	25
	chrI	19147	1	1.0	25
	chrI	19151	1	0.5	25
	chrI	19159	1	1.0	25
	chrI	19163	1	0.5	25
	chrI	19165	1	0.5	25
	chrI	19173	1	0.5	25
	chrI	19193	0	0.5	25
	chrI	19225	1	0.5	25
	chrI	19258	1	0.5	25
	chrI	19268	0	0.5	25
	chrI	19310	0	1.0	25
	chrI	19336	1	0.5	25
	chrI	19379	0	0.5	25
	chrI	19383	0	0.5	25
	chrI	19407	0	1.0	25
	chrI	19446	0	0.5	25
	chrI	19467	0	0.5	25
	chrI	19470	1	0.5	25
	chrI	19472	1	1.0	25
	chrI	19474	0	1.5	25
	chrI	19478	0	0.5	25
	chrI	19507	1	0.5	25
	chrI	19512	0	0.5	25
	chrI	19529	0	0.5	25
	chrI	19538	1	0.5	25
	chrI	19550	1	0.5	25
	chrI	19556	1	0.5	25
	chrI	19561	1	1.5	25
	chrI	19562	0	0.5	25
	chrI	19612	1	0.5	25
	chrI	19614	0	0.5	25
	chrI	19639	1	0.5	25
	chrI	19674	1	0.5	25
	chrI	19688	0	0.5	25
	chrI	19689	1	0.5	25
	chrI	19701	0	1.0	25
	chrI	19712	1	1.0	25
	chrI	19718	0	0.5	25
	chrI	19732	0	0.5	25
	chrI	19761	1	1.0	25
	chrI	19770	0	0.5	25
	chrI	19828	1	0.5	25
	chrI	19830	1	0.5	25
	chrI	19891	1	1.0	25
	chrI	20015	0	0.5	25
	chrI	20025	0	0.5	25
	chrI	20034	0	0.5	25
	chrI	20079	0	0.5	25
	chrI	20103	1	0.5	25
	chrI	20106	1	0.5	25
	chrI	20113	1	0.5	25
	chrI	20116	0	0.5	25
	chrI	20119	0	0.5	25
	chrI	20141	0	0.5	25
	chrI	20177	1	0.5	25
	chrI	20199	1	0.5	25
	chrI	20201	1	0.5	25
	chrI	20212	0	0.5	25
	chrI	20232	0	0.5	25
	chrI	20284	1	0.5	25
	chrI	20295	0	0.5	25
	chrI	20328	1	0.5	25
	chrI	20343	1	0.5	25
	chrI	20345	0	0.5	25
	chrI	20364	0	0.5	25
	chrI	20370	1	0.5	25
	chrI	20404	0	0.5	25
	chrI	20405	1	0.5	25
	chrI	20406	1	0.5	25
	chrI	20411	0	0.5	25
	chrI	20416	0	0.5	25
	chrI	20437	0	0.5	25
	chrI	20477	1	0.5	25
	chrI	20482	1	0.5	25
	chrI	20487	1	0.5	25
	chrI	20570	0	0.5	25
	chrI	20571	0	0.5	25
	chrI	20588	0	1.0	25
	chrI	20617	0	0.5	25
	chrI	20617	1	0.5	25
	chrI	20635	1	0.5	25
	chrI	20645	1	0.5	25
	chrI	20669	0	0.5	25
	chrI	20675	0	0.5	25
	chrI	20686	1	0.5	25
	chrI	20699	0	0.5	25
	chrI	20711	0	0.5	25
	chrI	20712	0	0.5	25
	chrI	20725	1	1.0	25
	chrI	20745	1	1.0	25
	chrI	20746	0	1.0	25
	chrI	20757	1	0.5	25
	chrI	20761	0	0.5	25
	chrI	20772	1	0.5	25
	chrI	20788	1	0.5	25
	chrI	20794	0	0.5	25
	chrI	20835	1	1.5	25
	chrI	20845	0	0.5	25
	chrI	20868	0	1.0	25
	chrI	20890	0	0.5	25
	chrI	20903	0	0.5	25
	chrI	20908	1	0.5	25
	chrI	20934	1	1.0	25
	chrI	20949	1	0.5	25
	chrI	20971	0	0.5	25
	chrI	20975	0	0.5	25
	chrI	20998	0	0.5	25
	chrI	21005	0	1.5	25
	chrI	21006	0	0.5	25
	chrI	21009	0	0.5	25
	chrI	21030	0	0.5	25
	chrI	21035	1	0.5	25
	chrI	21053	0	0.5	25
	chrI	21055	0	0.5	25
	chrI	21058	1	1.0	25
	chrI	21059	0	0.5	23
	chrI	21061	1	0.5	25
	chrI	21065	0	0.5	25
	chrI	21065	1	1.5	25
	chrI	21068	0	0.5	25
	chrI	21069	0	0.5	25
	chrI	21075	1	0.5	25
	chrI	21084	1	0.5	25
	chrI	21102	1	0.5	25
	chrI	21105	0	0.5	25
	chrI	21110	1	1.0	25
	chrI	21111	0	1.5	25
	chrI	21113	1	0.5	25
	chrI	21122	1	0.5	25
	chrI	21133	0	0.5	25
	chrI	21136	1	0.5	25
	chrI	21141	1	0.5	25
	chrI	21162	0	0.5	25
	chrI	21164	0	0.5	25
	chrI	21170	1	0.5	25
	chrI	21172	0	0.5	25
	chrI	21183	1	0.5	25
	chrI	21199	0	0.5	25
	chrI	21245	1	0.5	25
	chrI	21254	1	0.5	25
	chrI	21255	1	0.5	25
	chrI	21259	0	0.5	25
	chrI	21280	1	0.5	25
	chrI	21284	1	0.5	25
	chrI	21287	1	1.0	25
	chrI	21316	0	0.5	25
	chrI	21323	0	0.5	25
	chrI	21336	0	0.5	25
	chrI	21357	0	0.5	25
	chrI	21375	0	1.0	25
	chrI	21380	0	0.5	25
	chrI	21381	0	1.0	25
	chrI	21385	0	0.5	25
	chrI	21385	1	0.5	25
	chrI	21398	1	0.5	25
	chrI	21410	0	0.5	25
	chrI	21416	1	0.5	25
	chrI	21425	0	0.5	25
	chrI	21426	1	0.5	25
	chrI	21428	1	0.5	25
	chrI	21435	1	0.5	25
	chrI	21458	1	0.5	25
	chrI	21460	0	1.0	25
	chrI	21477	1	0.5	25
	chrI	21479	1	0.5	25
	chrI	21488	1	0.5	25
	chrI	21497	1	0.5	25
	chrI	21504	0	0.5	25
	chrI	21516	0	1.0	25
	chrI	21517	0	1.0	25
	chrI	21530	1	0.5	25
	chrI	21563	1	0.5	25
	chrI	21569	1	0.5	25
	chrI	21572	1	1.0	25
	chrI	21578	1	0.5	25
	chrI	21588	1	1.5	25
	chrI	21622	1	0.5	25
	chrI	21635	0	0.5	25
	chrI	21672	0	0.5	25
	chrI	21677	0	1.0	25
	chrI	21695	0	0.5	25
	chrI	21718	0	0.5	25
	chrI	21723	1	0.5	25
	chrI	21726	0	0.5	25
	chrI	21727	0	0.5	25
	chrI	21738	1	0.5	25
	chrI	21780	1	0.5	25
	chrI	21798	1	0.5	25
	chrI	21819	1	0.5	25
	chrI	21829	1	0.5	25
	chrI	21837	1	1.0	25
	chrI	21849	0	0.5	25
	chrI	21919	0	0.5	25
	chrI	21947	0	0.5	25
	chrI	21962	1	0.5	25
	chrI	21981	1	0.5	25
	chrI	21998	0	0.5	25
	chrI	22005	1	0.5	25
	chrI	22061	0	0.5	25
	chrI	22067	0	0.5	25
	chrI	22094	1	0.5	25
	chrI	22098	0	1.0	25
	chrI	22110	1	0.5	25
	chrI	22139	0	0.5	25
	chrI	22140	0	0.5	25
	chrI	22153	1	0.5	25
	chrI	22159	0	0.5	25
	chrI	22177	0	1.0	25
	chrI	22181	0	0.5	25
	chrI	22226	0	0.5	25
	chrI	22227	1	0.5	25
	chrI	22231	0	0.5	25
	chrI	22256	0	0.5	25
	chrI	22263	1	1.5	25
	chrI	22271	1	1.5	25
	chrI	22288	1	1.0	25
	chrI	22291	0	0.5	25
	chrI	22302	0	0.5	25
	chrI	22316	1	0.5	25
	chrI	22323	1	0.5	25
	chrI	22324	0	0.5	25
	chrI	22332	0	0.5	25
	chrI	22353	0	0.5	25
	chrI	22374	1	0.5	25
	chrI	22380	1	0.5	25
	chrI	22382	0	1.0	25
	chrI	22384	1	0.5	25
	chrI	22393	1	0.5	25
	chrI	22401	0	0.5	25
	chrI	22432	0	0.5	25
	chrI	22433	0	0.5	25
	chrI	22438	1	1.0	25
	chrI	22441	0	0.5	25
	chrI	22452	1	0.5	25
	chrI	22462	0	0.5	25
	chrI	22473	1	0.5	25
	chrI	22475	0	0.5	25
	chrI	22479	1	0.5	25
	chrI	22484	0	1.0	25
	chrI	22486	0	0.5	25
	chrI	22498	1	0.5	25
	chrI	22506	0	0.5	25
	chrI	22524	0	0.5	25
	chrI	22525	0	1.0	25
	chrI	22528	1	0.5	25
	chrI	22539	0	0.5	25
	chrI	22551	1	1.0	25
	chrI	22563	0	0.5	25
	chrI	22566	1	0.5	25
	chrI	22573	0	1.0	25
	chrI	22574	1	0.5	25
	chrI	22582	1	0.5	25
	chrI	22592	1	0.5	25
	chrI	22620	1	0.5	25
	chrI	22625	1	0.5	25
	chrI	22630	1	0.5	25
	chrI	22636	1	0.5	25
	chrI	22640	0	1.0	25
	chrI	22650	1	0.5	25
	chrI	22652	1	0.5	25
	chrI	22685	1	0.5	25
	chrI	22737	1	1.0	25
	chrI	22878	0	0.5	25
	chrI	22928	0	0.5	25
	chrI	22955	1	0.5	25
	chrI	22958	0	0.5	25
	chrI	22963	0	0.5	25
	chrI	22993	1	0.5	25
	chrI	23029	1	0.5	25
	chrI	23033	0	0.5	25
	chrI	23054	0	0.5	25
	chrI	23062	0	0.5	25
	chrI	23072	1	0.5	25
	chrI	23079	1	0.5	25
	chrI	23116	1	0.5	25
	chrI	23130	0	0.5	25
	chrI	23164	1	0.5	25
	chrI	23288	1	0.5	25
	chrI	23303	0	0.5	25
	chrI	23324	0	0.5	25
	chrI	23368	1	0.5	25
	chrI	23381	0	0.5	25
	chrI	23381	1	0.5	25
	chrI	23393	0	0.5	25
	chrI	23405	0	1.0	25
	chrI	23409	0	0.5	25
	chrI	23474	1	1.0	25
	chrI	23481	1	0.5	25
	chrI	23486	1	0.5	25
	chrI	23503	1	0.5	25
	chrI	23517	0	0.5	25
	chrI	23524	0	0.5	25
	chrI	23567	0	0.5	25
	chrI	23577	1	0.5	25
	chrI	23578	1	0.5	25
	chrI	23598	0	0.5	25
	chrI	23608	0	1.0	25
	chrI	23618	1	0.5	25
	chrI	23666	1	0.5	25
	chrI	23707	1	1.0	25
	chrI	23732	0	0.5	25
	chrI	23740	0	0.5	25
	chrI	23747	0	1.0	25
	chrI	23755	0	0.5	25
	chrI	23762	0	0.5	25
	chrI	23768	0	0.5	25
	chrI	23794	0	1.0	25
	chrI	23796	1	0.5	25
	chrI	23815	0	0.5	25
	chrI	23831	1	0.5	25
	chrI	23832	1	1.0	25
	chrI	23834	0	1.0	25
	chrI	23834	1	0.5	25
	chrI	23839	0	0.5	25
	chrI	23840	0	1.0	25
	chrI	23842	1	0.5	25
	chrI	23843	0	1.0	25
	chrI	23844	0	1.5	25
	chrI	23845	0	0.5	25
	chrI	23847	0	0.5	25
	chrI	23848	0	1.5	25
	chrI	23852	1	0.5	25
	chrI	23858	0	1.0	25
	chrI	23865	0	0.5	25
	chrI	23872	1	1.0	25
	chrI	23879	1	0.5	25
	chrI	23882	1	0.5	25
	chrI	23883	1	0.5	25
	chrI	23886	0	0.5	25
	chrI	23890	0	1.0	25
	chrI	23891	0	0.5	25
	chrI	23891	1	1.0	25
	chrI	23894	1	0.5	25
	chrI	23898	1	0.5	25
	chrI	23899	1	0.5	25
	chrI	23900	0	0.5	25
	chrI	23900	1	1.0	25
	chrI	23901	1	0.5	25
	chrI	23909	0	0.5	25
	chrI	23913	1	0.5	25
	chrI	23921	1	1.0	25
	chrI	23928	1	2.0	25
	chrI	23940	1	0.5	25
	chrI	23948	1	1.0	25
	chrI	23952	1	1.0	25
	chrI	23953	1	0.5	25
	chrI	23968	1	0.5	25
	chrI	24106	0	0.5	25
	chrI	24129	0	0.5	25
	chrI	24204	1	0.5	25
	chrI	24357	0	0.5	25
	chrI	24402	1	0.5	25
	chrI	24418	0	0.5	25
	chrI	24422	1	0.5	25
	chrI	24433	0	0.5	25
	chrI	24442	0	0.5	25
	chrI	24456	0	0.5	25
	chrI	24491	1	0.5	25
	chrI	24517	1	0.5	25
	chrI	24530	1	0.5	25
	chrI	24535	0	0.5	25
	chrI	24609	0	0.5	25
	chrI	24611	1	0.5	25
	chrI	24612	0	1.0	25
	chrI	24621	0	0.5	25
	chrI	24687	0	0.5	25
	chrI	24697	0	0.5	25
	chrI	24697	1	0.5	25
	chrI	24762	1	0.5	25
	chrI	24763	1	0.5	25
	chrI	24764	1	0.5	25
	chrI	24767	1	0.5	24
	chrI	24768	0	1.0	25
	chrI	24800	1	0.5	25
	chrI	24811	0	0.5	25
	chrI	24836	0	0.5	25
	chrI	24856	0	0.5	25
	chrI	24863	1	1.0	25
	chrI	24876	1	0.5	25
	chrI	24915	1	0.5	25
	chrI	24917	1	0.5	25
	chrI	24957	1	0.5	25
	chrI	24995	0	1.0	25
	chrI	25003	0	0.5	25
	chrI	25057	1	0.5	25
	chrI	25137	0	0.5	25
	chrI	25157	1	1.0	25
	chrI	25263	0	1.0	25
	chrI	25283	0	1.0	25
	chrI	25364	1	1.0	24
	chrI	25375	1	1.0	25
	chrI	25417	1	0.5	25
	chrI	27191	0	0.5	25
	chrI	27213	0	0.5	25
	chrI	27217	0	0.5	25
	chrI	27222	0	0.5	25
	chrI	27225	0	0.5	25
	chrI	27227	0	0.5	25
	chrI	27240	0	0.5	25
	chrI	27251	1	0.5	25
	chrI	27255	0	0.5	25
	chrI	27276	1	0.5	25
	chrI	27303	1	0.5	25
	chrI	27305	1	0.5	25
	chrI	27309	1	0.5	25
	chrI	27341	0	0.5	25
	chrI	27344	0	0.5	25
	chrI	27351	0	1.0	25
	chrI	27364	0	0.5	25
	chrI	27365	0	0.5	25
	chrI	27369	1	0.5	25
	chrI	27380	1	0.5	25
	chrI	27399	1	0.5	25
	chrI	27423	1	0.5	25
	chrI	27429	1	0.5	25
	chrI	27435	1	0.5	25
	chrI	27437	0	0.5	25
	chrI	27456	1	0.5	25
	chrI	27461	1	1.0	25
	chrI	27483	0	0.5	25
	chrI	27523	1	0.5	25
	chrI	27553	0	0.5	25
	chrI	27633	0	0.5	25
	chrI	27652	1	0.5	25
	chrI	27667	1	0.5	25
	chrI	27673	0	0.5	25
	chrI	27697	0	0.5	25
	chrI	27706	0	0.5	25
	chrI	27762	1	0.5	25
	chrI	27763	1	0.5	25
	chrI	27791	0	0.5	25
	chrI	27791	1	0.5	25
	chrI	27794	0	0.5	25
	chrI	27796	0	0.5	25
	chrI	27827	0	1.0	25
	chrI	27832	1	0.5	25
	chrI	27833	0	0.5	25
	chrI	27843	1	0.5	25
	chrI	27847	0	0.5	25
	chrI	27853	0	0.5	25
	chrI	27858	1	0.5	25
	chrI	27872	1	0.5	25
	chrI	27893	1	0.5	25
	chrI	27900	0	0.5	25
	chrI	27918	1	0.5	25
	chrI	27942	1	1.0	25
	chrI	27945	1	0.5	25
	chrI	27962	0	0.5	25
	chrI	27970	1	0.5	25
	chrI	27984	0	0.5	25
	chrI	28023	1	0.5	25
	chrI	28025	0	0.5	25
	chrI	28028	1	0.5	25
	chrI	28059	0	0.5	25
	chrI	28095	0	0.5	25
	chrI	28096	0	2.0	25
	chrI	28098	0	0.5	25
	chrI	28108	0	0.5	25
	chrI	28122	0	0.5	25
	chrI	28130	0	0.5	25
	chrI	28136	0	0.5	25
	chrI	28146	1	1.5	25
	chrI	28157	0	0.5	25
	chrI	28160	0	0.5	25
	chrI	28162	0	0.5	25
	chrI	28168	1	0.5	25
	chrI	28173	1	0.5	25
	chrI	28174	0	0.5	25
	chrI	28185	1	0.5	25
	chrI	28186	1	0.5	25
	chrI	28195	1	0.5	25
	chrI	28205	0	0.5	25
	chrI	28207	0	1.0	25
	chrI	28207	1	0.5	25
	chrI	28223	1	0.5	25
	chrI	28227	1	0.5	25
	chrI	28241	0	0.5	25
	chrI	28250	1	0.5	25
	chrI	28253	1	2.0	25
	chrI	28280	1	0.5	25
	chrI	28283	1	0.5	25
	chrI	28284	0	1.5	25
	chrI	28309	0	1.0	25
	chrI	28331	0	0.5	25
	chrI	28331	1	0.5	25
	chrI	28336	1	0.5	25
	chrI	28337	0	0.5	25
	chrI	28378	1	0.5	25
	chrI	28391	1	1.0	25
	chrI	28398	0	0.5	25
	chrI	28412	1	0.5	25
	chrI	28418	0	1.0	25
	chrI	28436	1	0.5	25
	chrI	28437	0	0.5	25
	chrI	28446	1	1.0	25
	chrI	28463	0	0.5	25
	chrI	28475	0	0.5	25
	chrI	28479	1	0.5	25
	chrI	28480	1	0.5	25
	chrI	28484	0	0.5	25
	chrI	28504	1	0.5	25
	chrI	28513	0	1.0	25
	chrI	28515	0	0.5	25
	chrI	28521	0	0.5	25
	chrI	28522	1	0.5	25
	chrI	28523	1	0.5	25
	chrI	28546	1	0.5	25
	chrI	28555	0	0.5	25
	chrI	28559	1	0.5	25
	chrI	28560	0	2.0	25
	chrI	28582	0	0.5	25
	chrI	28586	1	0.5	24
	chrI	28587	1	0.5	25
	chrI	28592	1	0.5	25
	chrI	28593	0	1.5	25
	chrI	28594	0	0.5	25
	chrI	28601	0	2.5	25
	chrI	28602	0	0.5	25
	chrI	28602	1	0.5	25
	chrI	28603	0	2.5	25
	chrI	28606	0	0.5	25
	chrI	28607	0	0.5	25
	chrI	28615	0	0.5	25
	chrI	28628	0	0.5	25
	chrI	28644	1	0.5	25
	chrI	28648	1	0.5	25
	chrI	28656	1	0.5	25
	chrI	28658	0	0.5	25
	chrI	28669	1	4.5	25
	chrI	28670	0	1.0	25
	chrI	28670	1	0.5	25
	chrI	28672	1	2.0	25
	chrI	28674	0	1.5	25
	chrI	28679	0	0.5	25
	chrI	28681	0	0.5	25
	chrI	28682	0	0.5	25
	chrI	28699	0	0.5	25
	chrI	28699	1	0.5	25
	chrI	28702	1	0.5	25
	chrI	28705	1	1.0	25
	chrI	28706	1	0.5	23
	chrI	28706	1	1.0	25
	chrI	28707	0	0.5	25
	chrI	28732	0	0.5	25
	chrI	28732	1	0.5	25
	chrI	28735	0	0.5	25
	chrI	28745	1	0.5	25
	chrI	28748	1	1.0	25
	chrI	28749	1	0.5	25
	chrI	28750	1	0.5	25
	chrI	28753	0	0.5	25
	chrI	28771	1	0.5	25
	chrI	28777	0	0.5	25
	chrI	28806	0	0.5	25
	chrI	28810	1	0.5	25
	chrI	28812	1	1.0	25
	chrI	28814	1	0.5	25
	chrI	28816	1	0.5	25
	chrI	28820	1	0.5	25
	chrI	28839	1	0.5	25
	chrI	28860	0	0.5	25
	chrI	28862	0	0.5	25
	chrI	28863	0	0.5	25
	chrI	28863	1	0.5	25
	chrI	28864	1	0.5	25
	chrI	28895	1	1.0	25
	chrI	28915	0	1.0	25
	chrI	28916	0	0.5	25
	chrI	28918	1	0.5	25
	chrI	28945	0	0.5	24
	chrI	28956	1	0.5	25
	chrI	28973	1	1.0	25
	chrI	28984	0	0.5	25
	chrI	28985	0	0.5	25
	chrI	28985	1	0.5	25
	chrI	29008	0	0.5	25
	chrI	29016	1	0.5	25
	chrI	29032	0	0.5	25
	chrI	29041	0	1.0	25
	chrI	29058	0	0.5	25
	chrI	29073	0	0.5	25
	chrI	29077	0	1.0	25
	chrI	29087	1	0.5	25
	chrI	29093	1	0.5	25
	chrI	29108	0	0.5	25
	chrI	29113	1	0.5	25
	chrI	29130	0	0.5	25
	chrI	29135	1	0.5	25
	chrI	29153	0	0.5	25
	chrI	29165	1	0.5	25
	chrI	29166	1	1.0	25
	chrI	29192	0	0.5	25
	chrI	29193	1	1.0	25
	chrI	29197	0	1.5	25
	chrI	29220	1	0.5	25
	chrI	29225	1	0.5	25
	chrI	29237	0	0.5	25
	chrI	29259	1	0.5	25
	chrI	29262	0	0.5	25
	chrI	29270	1	0.5	25
	chrI	29274	1	1.0	25
	chrI	29285	1	0.5	25
	chrI	29306	0	0.5	25
	chrI	29312	1	0.5	25
	chrI	29315	1	0.5	25
	chrI	29321	0	0.5	25
	chrI	29335	0	0.5	25
	chrI	29337	0	0.5	25
	chrI	29342	0	0.5	25
	chrI	29367	0	0.5	25
	chrI	29367	1	0.5	25
	chrI	29387	1	0.5	25
	chrI	29392	1	0.5	25
	chrI	29408	1	0.5	25
	chrI	29425	1	0.5	25
	chrI	29437	0	0.5	25
	chrI	29442	1	0.5	25
	chrI	29491	0	0.5	25
	chrI	29495	1	0.5	25
	chrI	29531	0	0.5	25
	chrI	29539	1	0.5	25
	chrI	29579	1	0.5	25
	chrI	29589	1	0.5	25
	chrI	29612	0	0.5	25
	chrI	29626	0	0.5	25
	chrI	29656	0	0.5	25
	chrI	29670	1	0.5	25
	chrI	29674	0	0.5	25
	chrI	29692	0	0.5	25
	chrI	29715	1	0.5	25
	chrI	29718	0	0.5	25
	chrI	29733	0	0.5	25
	chrI	29733	1	0.5	25
	chrI	29780	0	0.5	25
	chrI	29782	0	0.5	25
	chrI	29796	1	1.0	25
	chrI	29797	1	0.5	25
	chrI	29799	0	1.0	25
	chrI	29801	0	1.0	25
	chrI	29833	1	0.5	25
	chrI	29840	1	0.5	25
	chrI	29841	0	0.5	23
	chrI	29853	1	1.0	25
	chrI	29861	1	0.5	25
	chrI	29863	0	0.5	25
	chrI	29877	1	1.0	25
	chrI	29882	0	0.5	25
	chrI	29892	1	0.5	25
	chrI	29909	0	0.5	25
	chrI	29917	0	1.0	25
	chrI	29938	0	0.5	25
	chrI	29942	1	0.5	25
	chrI	29944	0	1.0	25
	chrI	29959	0	1.0	25
	chrI	29960	0	1.0	25
	chrI	29981	0	0.5	25
	chrI	29984	1	0.5	25
	chrI	29988	1	1.0	25
	chrI	29998	1	1.0	25
	chrI	30011	0	0.5	25
	chrI	30020	1	2.5	25
	chrI	30021	0	1.0	25
	chrI	30022	0	1.0	25
	chrI	30026	0	0.5	25
	chrI	30034	0	1.5	25
	chrI	30041	0	1.0	25
	chrI	30047	1	0.5	25
	chrI	30048	1	0.5	25
	chrI	30059	0	0.5	25
	chrI	30069	1	0.5	25
	chrI	30085	1	1.0	25
	chrI	30086	1	0.5	25
	chrI	30087	0	1.0	25
	chrI	30089	0	0.5	25
	chrI	30110	1	0.5	25
	chrI	30128	1	1.0	25
	chrI	30130	0	0.5	25
	chrI	30143	1	0.5	25
	chrI	30147	1	0.5	25
	chrI	30149	1	0.5	25
	chrI	30150	0	0.5	25
	chrI	30150	1	0.5	25
	chrI	30173	0	1.0	25
	chrI	30174	1	1.0	25
	chrI	30183	0	0.5	25
	chrI	30193	0	0.5	25
	chrI	30194	1	1.0	25
	chrI	30198	0	0.5	25
	chrI	30203	0	0.5	25
	chrI	30205	0	0.5	25
	chrI	30214	1	0.5	25
	chrI	30251	1	0.5	25
	chrI	30254	0	0.5	25
	chrI	30256	1	0.5	25
	chrI	30263	0	0.5	25
	chrI	30263	1	0.5	25
	chrI	30265	1	0.5	25
	chrI	30276	1	0.5	25
	chrI	30291	1	0.5	25
	chrI	30302	0	0.5	25
	chrI	30304	1	0.5	25
	chrI	30362	1	1.0	25
	chrI	30372	0	0.5	25
	chrI	30385	1	1.0	25
	chrI	30404	0	0.5	25
	chrI	30427	1	0.5	25
	chrI	30454	1	0.5	25
	chrI	30461	0	0.5	25
	chrI	30466	0	0.5	25
	chrI	30512	0	1.5	25
	chrI	30512	1	0.5	25
	chrI	30579	0	0.5	25
	chrI	30579	1	0.5	25
	chrI	30611	1	1.0	25
	chrI	30618	0	0.5	25
	chrI	30626	0	1.0	25
	chrI	30632	1	0.5	25
	chrI	30644	0	0.5	25
	chrI	30674	0	0.5	25
	chrI	30683	1	1.0	25
	chrI	30689	1	0.5	25
	chrI	30699	0	0.5	25
	chrI	30707	1	0.5	25
	chrI	30714	1	0.5	25
	chrI	30719	0	0.5	25
	chrI	30719	1	0.5	25
	chrI	30752	1	0.5	25
	chrI	30761	0	0.5	25
	chrI	30781	0	1.0	25
	chrI	30789	0	0.5	25
	chrI	30791	1	0.5	25
	chrI	30802	0	0.5	25
	chrI	30815	0	0.5	25
	chrI	30822	1	0.5	25
	chrI	30825	1	1.0	25
	chrI	30829	0	0.5	25
	chrI	30845	0	1.0	25
	chrI	30848	1	0.5	25
	chrI	30854	0	0.5	25
	chrI	30863	1	0.5	25
	chrI	30866	0	1.0	25
	chrI	30881	1	0.5	25
	chrI	30896	1	0.5	25
	chrI	30897	1	0.5	25
	chrI	30902	0	0.5	25
	chrI	30904	0	0.5	25
	chrI	30907	1	0.5	25
	chrI	30914	0	0.5	25
	chrI	30919	0	0.5	25
	chrI	30928	1	0.5	25
	chrI	30930	1	0.5	25
	chrI	30946	1	0.5	25
	chrI	30953	0	0.5	25
	chrI	30959	1	0.5	25
	chrI	30961	0	0.5	25
	chrI	30962	1	0.5	25
	chrI	30965	1	0.5	25
	chrI	30966	0	0.5	25
	chrI	30967	0	1.0	25
	chrI	30972	0	1.0	25
	chrI	30974	0	0.5	25
	chrI	30988	0	0.5	25
	chrI	31007	0	1.0	25
	chrI	31009	1	0.5	25
	chrI	31016	1	0.5	25
	chrI	31020	1	0.5	25
	chrI	31047	0	0.5	25
	chrI	31047	1	1.0	25
	chrI	31050	1	0.5	25
	chrI	31051	1	0.5	25
	chrI	31052	1	0.5	25
	chrI	31059	0	0.5	25
	chrI	31061	1	1.0	25
	chrI	31063	0	0.5	25
	chrI	31082	0	0.5	25
	chrI	31087	1	0.5	25
	chrI	31110	0	0.5	25
	chrI	31120	0	0.5	25
	chrI	31124	1	1.0	25
	chrI	31126	1	0.5	25
	chrI	31127	1	0.5	25
	chrI	31141	0	1.0	25
	chrI	31143	0	0.5	25
	chrI	31158	0	0.5	25
	chrI	31174	1	0.5	25
	chrI	31187	1	0.5	25
	chrI	31188	0	0.5	25
	chrI	31189	1	0.5	25
	chrI	31190	0	0.5	25
	chrI	31193	1	0.5	25
	chrI	31201	0	0.5	25
	chrI	31201	1	0.5	25
	chrI	31208	1	0.5	25
	chrI	31226	0	0.5	25
	chrI	31228	0	0.5	25
	chrI	31235	1	0.5	25
	chrI	31237	1	0.5	25
	chrI	31247	0	0.5	25
	chrI	31250	1	0.5	25
	chrI	31260	0	0.5	25
	chrI	31271	0	0.5	25
	chrI	31274	0	0.5	25
	chrI	31293	1	0.5	25
	chrI	31295	0	1.0	25
	chrI	31298	0	0.5	25
	chrI	31304	0	0.5	25
	chrI	31306	1	0.5	25
	chrI	31316	0	0.5	25
	chrI	31317	0	0.5	25
	chrI	31320	1	0.5	25
	chrI	31328	1	0.5	25
	chrI	31330	1	0.5	24
	chrI	31349	1	0.5	25
	chrI	31362	1	0.5	25
	chrI	31365	1	0.5	25
	chrI	31380	0	0.5	25
	chrI	31384	1	0.5	25
	chrI	31396	0	0.5	25
	chrI	31400	0	0.5	25
	chrI	31404	0	0.5	25
	chrI	31419	0	0.5	25
	chrI	31439	1	0.5	25
	chrI	31457	1	0.5	25
	chrI	31463	1	0.5	25
	chrI	31464	1	1.0	25
	chrI	31469	1	0.5	25
	chrI	31477	1	0.5	25
	chrI	31478	1	1.0	25
	chrI	31519	0	0.5	25
	chrI	31587	0	0.5	25
	chrI	31604	0	0.5	25
	chrI	31619	1	0.5	25
	chrI	31631	1	0.5	25
	chrI	31657	0	0.5	23
	chrI	31657	0	0.5	25
	chrI	31671	1	0.5	25
	chrI	31673	0	1.0	25
	chrI	31674	0	1.0	25
	chrI	31678	0	0.5	25
	chrI	31698	0	0.5	25
	chrI	31718	1	0.5	25
	chrI	31721	1	0.5	25
	chrI	31724	1	0.5	25
	chrI	31725	1	0.5	25
	chrI	31726	1	1.0	25
	chrI	31727	0	1.0	25
	chrI	31738	0	0.5	25
	chrI	31751	1	0.5	25
	chrI	31786	1	1.0	25
	chrI	31834	1	0.5	25
	chrI	31844	1	0.5	25
	chrI	31889	0	0.5	25
	chrI	31911	0	0.5	25
	chrI	31915	0	0.5	25
	chrI	31947	0	0.5	25
	chrI	31958	0	0.5	25
	chrI	31974	1	0.5	25
	chrI	31988	0	0.5	25
	chrI	31994	0	0.5	25
	chrI	31994	1	0.5	25
	chrI	32021	1	0.5	25
	chrI	32023	1	0.5	25
	chrI	32042	1	0.5	25
	chrI	32043	0	0.5	25
	chrI	32052	1	0.5	25
	chrI	32068	0	1.0	25
	chrI	32070	0	0.5	25
	chrI	32073	1	0.5	25
	chrI	32104	1	0.5	25
	chrI	32163	0	0.5	25
	chrI	32188	0	0.5	25
	chrI	32193	0	0.5	25
	chrI	32243	1	0.5	25
	chrI	32246	1	0.5	25
	chrI	32268	1	0.5	25
	chrI	32275	1	0.5	25
	chrI	32332	0	1.0	25
	chrI	32370	0	0.5	25
	chrI	32399	1	1.0	25
	chrI	32400	0	1.0	25
	chrI	32412	1	1.0	25
	chrI	32421	1	0.5	25
	chrI	32428	0	0.5	25
	chrI	32442	0	0.5	25
	chrI	32470	1	0.5	25
	chrI	32481	0	0.5	25
	chrI	32518	0	0.5	25
	chrI	32548	1	0.5	25
	chrI	32568	0	0.5	25
	chrI	32586	1	1.0	25
	chrI	32591	1	0.5	25
	chrI	32599	0	0.5	25
	chrI	32613	1	0.5	25
	chrI	32635	1	0.5	25
	chrI	32654	0	0.5	25
	chrI	32670	0	0.5	25
	chrI	32706	0	0.5	25
	chrI	32708	0	0.5	25
	chrI	32732	1	0.5	25
	chrI	32741	0	1.0	25
	chrI	32742	0	0.5	25
	chrI	32773	1	0.5	25
	chrI	32780	0	0.5	25
	chrI	32785	0	0.5	25
	chrI	32785	1	0.5	25
	chrI	32814	0	0.5	25
	chrI	32814	1	1.0	25
	chrI	32826	0	1.5	25
	chrI	32830	1	0.5	25
	chrI	32835	1	0.5	25
	chrI	32836	1	0.5	25
	chrI	32839	0	0.5	25
	chrI	32859	0	0.5	25
	chrI	32866	1	0.5	25
	chrI	32867	0	0.5	25
	chrI	32880	1	0.5	25
	chrI	32898	1	0.5	25
	chrI	32910	1	0.5	25
	chrI	32938	1	0.5	25
	chrI	32981	0	0.5	25
	chrI	32982	1	0.5	25
	chrI	32996	1	0.5	25
	chrI	33009	0	0.5	25
	chrI	33011	1	0.5	25
	chrI	33012	0	2.5	25
	chrI	33013	0	1.0	25
	chrI	33017	0	0.5	25
	chrI	33020	0	0.5	25
	chrI	33022	0	0.5	25
	chrI	33025	0	0.5	25
	chrI	33026	0	0.5	25
	chrI	33031	0	0.5	25
	chrI	33032	0	0.5	25
	chrI	33038	0	0.5	25
	chrI	33049	0	0.5	25
	chrI	33051	0	0.5	25
	chrI	33068	1	1.5	25
	chrI	33069	0	0.5	25
	chrI	33069	1	0.5	25
	chrI	33070	0	3.5	25
	chrI	33070	1	0.5	25
	chrI	33072	1	1.0	25
	chrI	33086	0	0.5	25
	chrI	33097	0	0.5	25
	chrI	33097	1	0.5	25
	chrI	33100	1	0.5	25
	chrI	33107	1	1.0	25
	chrI	33110	1	0.5	25
	chrI	33111	0	0.5	25
	chrI	33111	1	0.5	25
	chrI	33121	0	0.5	25
	chrI	33124	1	2.5	25
	chrI	33125	1	1.0	25
	chrI	33129	1	0.5	25
	chrI	33130	0	0.5	25
	chrI	33142	1	1.0	25
	chrI	33143	1	1.0	25
	chrI	33151	1	0.5	25
	chrI	33156	1	0.5	25
	chrI	33157	1	0.5	25
	chrI	33159	0	0.5	25
	chrI	33165	1	0.5	25
	chrI	33171	0	0.5	25
	chrI	33172	0	0.5	25
	chrI	33180	1	0.5	25
	chrI	33188	0	0.5	25
	chrI	33208	1	0.5	25
	chrI	33245	1	1.0	25
	chrI	33250	1	0.5	25
	chrI	33258	0	1.0	25
	chrI	33272	0	0.5	25
	chrI	33274	1	0.5	25
	chrI	33279	1	0.5	25
	chrI	33295	0	0.5	25
	chrI	33300	0	0.5	25
	chrI	33326	0	0.5	25
	chrI	33329	1	1.0	25
	chrI	33331	1	0.5	25
	chrI	33342	1	0.5	25
	chrI	33348	0	1.0	25
	chrI	33361	1	0.5	25
	chrI	33381	1	0.5	25
	chrI	33382	1	0.5	25
	chrI	33384	0	0.5	25
	chrI	33413	0	0.5	25
	chrI	33442	0	1.0	25
	chrI	33442	1	1.0	25
	chrI	33458	1	0.5	25
	chrI	33473	0	0.5	25
	chrI	33486	1	0.5	25
	chrI	33513	1	1.0	25
	chrI	33566	0	0.5	25
	chrI	33573	0	0.5	25
	chrI	33582	0	0.5	25
	chrI	33610	1	0.5	25
	chrI	33617	1	0.5	25
	chrI	33647	0	0.5	25
	chrI	33649	1	0.5	25
	chrI	33700	0	0.5	25
	chrI	33790	0	0.5	25
	chrI	33817	1	0.5	25
	chrI	33819	1	0.5	25
	chrI	33846	0	0.5	25
	chrI	33849	0	0.5	25
	chrI	33852	0	1.5	25
	chrI	33861	1	0.5	25
	chrI	33863	1	0.5	25
	chrI	33913	1	0.5	25
	chrI	33945	0	0.5	25
	chrI	33974	1	1.5	25
	chrI	33977	0	1.0	25
	chrI	33994	0	0.5	25
	chrI	33999	1	0.5	25
	chrI	34021	0	0.5	25
	chrI	34028	1	0.5	25
	chrI	34064	1	0.5	25
	chrI	34101	1	1.0	25
	chrI	34126	0	0.5	25
	chrI	34129	0	0.5	25
	chrI	34144	0	0.5	25
	chrI	34187	0	1.0	25
	chrI	34201	1	0.5	25
	chrI	34206	1	0.5	25
	chrI	34211	1	0.5	25
	chrI	34222	0	1.0	25
	chrI	34250	0	0.5	25
	chrI	34262	1	1.0	25
	chrI	34267	0	0.5	25
	chrI	34285	1	0.5	25
	chrI	34291	0	0.5	25
	chrI	34298	1	0.5	25
	chrI	34300	0	0.5	25
	chrI	34302	0	0.5	25
	chrI	34321	0	1.5	25
	chrI	34343	0	0.5	25
	chrI	34352	0	0.5	25
	chrI	34357	0	0.5	25
	chrI	34365	1	0.5	25
	chrI	34368	1	0.5	25
	chrI	34370	0	0.5	25
	chrI	34382	1	0.5	25
	chrI	34400	0	0.5	25
	chrI	34402	1	0.5	25
	chrI	34406	1	1.5	25
	chrI	34413	1	0.5	25
	chrI	34417	0	0.5	25
	chrI	34422	1	0.5	25
	chrI	34430	0	0.5	25
	chrI	34435	1	0.5	25
	chrI	34443	0	0.5	25
	chrI	34465	0	1.0	25
	chrI	34478	0	0.5	25
	chrI	34479	1	0.5	25
	chrI	34495	1	0.5	25
	chrI	34497	1	0.5	25
	chrI	34499	0	1.0	25
	chrI	34501	1	0.5	25
	chrI	34511	1	0.5	25
	chrI	34532	0	0.5	25
	chrI	34535	1	0.5	25
	chrI	34536	0	0.5	25
	chrI	34537	0	0.5	25
	chrI	34551	1	1.0	25
	chrI	34566	0	0.5	25
	chrI	34575	1	1.0	25
	chrI	34579	1	0.5	25
	chrI	34589	1	0.5	25
	chrI	34596	1	0.5	25
	chrI	34609	1	0.5	25
	chrI	34636	1	0.5	25
	chrI	34672	0	0.5	25
	chrI	34684	0	0.5	25
	chrI	34690	0	0.5	25
	chrI	34731	0	0.5	25
	chrI	34740	1	0.5	25
	chrI	34745	1	0.5	25
	chrI	34751	1	0.5	25
	chrI	34755	0	1.0	25
	chrI	34755	1	0.5	25
	chrI	34758	0	0.5	25
	chrI	34783	1	0.5	25
	chrI	34807	0	0.5	25
	chrI	34813	0	0.5	25
	chrI	34824	0	0.5	25
	chrI	34829	0	1.0	25
	chrI	34833	1	1.0	25
	chrI	34840	0	0.5	25
	chrI	34841	0	0.5	25
	chrI	34848	1	0.5	25
	chrI	34853	1	0.5	25
	chrI	34862	0	0.5	25
	chrI	34873	0	0.5	25
	chrI	34876	1	0.5	25
	chrI	34885	1	0.5	25
	chrI	34918	0	0.5	25
	chrI	34922	1	0.5	25
	chrI	34923	0	0.5	25
	chrI	34927	0	0.5	25
	chrI	34932	1	0.5	25
	chrI	34940	1	0.5	25
	chrI	34942	0	0.5	25
	chrI	34960	0	0.5	25
	chrI	34964	1	1.0	25
	chrI	34969	0	0.5	25
	chrI	34976	0	0.5	25
	chrI	34977	0	0.5	25
	chrI	34988	1	0.5	25
	chrI	35002	1	0.5	25
	chrI	35003	1	0.5	25
	chrI	35005	1	0.5	25
	chrI	35006	1	1.0	25
	chrI	35008	1	0.5	25
	chrI	35012	0	0.5	25
	chrI	35015	0	0.5	25
	chrI	35023	1	0.5	25
	chrI	35024	0	0.5	25
	chrI	35037	0	0.5	25
	chrI	35043	1	0.5	25
	chrI	35050	0	0.5	25
	chrI	35074	1	0.5	25
	chrI	35076	1	0.5	25
	chrI	35081	0	0.5	25
	chrI	35082	1	0.5	25
	chrI	35084	0	0.5	25
	chrI	35092	1	0.5	25
	chrI	35093	0	0.5	25
	chrI	35102	0	0.5	25
	chrI	35106	0	0.5	23
	chrI	35141	0	0.5	25
	chrI	35141	1	0.5	25
	chrI	35149	1	0.5	25
	chrI	35154	1	0.5	25
	chrI	35155	0	0.5	25
	chrI	35163	1	0.5	25
	chrI	35170	1	0.5	25
	chrI	35212	1	0.5	25
	chrI	35223	0	0.5	25
	chrI	35224	0	0.5	25
	chrI	35246	1	0.5	25
	chrI	35289	0	1.0	25
	chrI	35296	0	0.5	25
	chrI	35330	0	0.5	25
	chrI	35363	0	0.5	25
	chrI	35365	1	0.5	25
	chrI	35380	1	0.5	25
	chrI	35383	1	0.5	25
	chrI	35411	1	0.5	25
	chrI	35414	1	0.5	25
	chrI	35416	1	0.5	25
	chrI	35427	0	0.5	25
	chrI	35492	1	1.0	25
	chrI	35520	1	0.5	25
	chrI	35544	0	0.5	25
	chrI	35554	0	0.5	25
	chrI	35568	0	0.5	25
	chrI	35605	1	0.5	25
	chrI	35622	1	0.5	24
	chrI	35624	1	0.5	25
	chrI	35650	0	0.5	25
	chrI	35670	0	0.5	25
	chrI	35796	1	0.5	25
	chrI	35809	0	0.5	25
	chrI	35865	1	0.5	25
	chrI	35881	0	0.5	25
	chrI	35936	1	1.0	25
	chrI	35947	0	0.5	25
	chrI	36006	0	0.5	25
	chrI	36034	1	0.5	25
	chrI	36042	0	0.5	25
	chrI	36087	1	0.5	25
	chrI	36111	1	0.5	25
	chrI	36135	0	0.5	25
	chrI	36167	0	0.5	25
	chrI	36200	1	0.5	25
	chrI	36231	0	0.5	25
	chrI	36246	1	0.5	25
	chrI	36248	0	0.5	25
	chrI	36250	0	0.5	25
	chrI	36253	0	0.5	25
	chrI	36267	0	0.5	25
	chrI	36304	0	0.5	25
	chrI	36313	0	0.5	25
	chrI	36317	1	0.5	25
	chrI	36319	0	0.5	25
	chrI	36336	1	0.5	25
	chrI	36350	0	0.5	25
	chrI	36371	0	0.5	25
	chrI	36382	0	0.5	25
	chrI	36385	0	0.5	25
	chrI	36392	0	0.5	25
	chrI	36396	0	0.5	25
	chrI	36401	1	0.5	25
	chrI	36402	1	1.0	25
	chrI	36409	1	0.5	25
	chrI	36415	1	1.0	25
	chrI	36416	0	1.5	25
	chrI	36417	0	3.0	25
	chrI	36418	0	2.5	25
	chrI	36419	0	0.5	25
	chrI	36420	0	0.5	25
	chrI	36427	0	0.5	25
	chrI	36431	0	0.5	25
	chrI	36440	0	0.5	25
	chrI	36448	1	2.0	25
	chrI	36449	0	0.5	25
	chrI	36449	1	0.5	25
	chrI	36450	0	2.0	25
	chrI	36450	1	0.5	25
	chrI	36451	0	0.5	25
	chrI	36456	0	0.5	25
	chrI	36459	0	0.5	25
	chrI	36464	1	0.5	25
	chrI	36475	1	0.5	25
	chrI	36480	1	0.5	25
	chrI	36485	1	0.5	25
	chrI	36486	1	1.5	25
	chrI	36487	0	1.0	25
	chrI	36487	1	0.5	25
	chrI	36495	1	1.5	25
	chrI	36496	1	1.5	25
	chrI	36497	0	0.5	25
	chrI	36497	1	2.0	25
	chrI	36498	1	1.0	25
	chrI	36503	1	1.0	25
	chrI	36509	1	0.5	25
	chrI	36518	1	0.5	25
	chrI	36524	1	0.5	25
	chrI	36527	1	0.5	25
	chrI	36553	1	0.5	25
	chrI	36557	0	0.5	25
	chrI	36569	0	0.5	25
	chrI	36600	0	0.5	25
	chrI	36611	0	0.5	25
	chrI	36612	0	0.5	25
	chrI	36620	1	0.5	25
	chrI	36621	0	0.5	25
	chrI	36654	1	0.5	25
	chrI	36655	1	1.0	25
	chrI	36657	0	1.0	25
	chrI	36663	1	0.5	25
	chrI	36664	0	1.0	25
	chrI	36667	1	0.5	25
	chrI	36683	1	0.5	25
	chrI	36685	1	0.5	25
	chrI	36734	1	0.5	25
	chrI	36739	1	1.0	25
	chrI	36759	1	1.0	25
	chrI	36790	0	0.5	25
	chrI	36832	1	0.5	25
	chrI	36888	0	0.5	25
	chrI	36922	1	0.5	25
	chrI	36954	0	0.5	25
	chrI	36964	0	1.5	25
	chrI	36969	0	0.5	25
	chrI	37015	0	0.5	25
	chrI	37039	0	0.5	25
	chrI	37043	0	0.5	25
	chrI	37045	0	0.5	25
	chrI	37046	1	1.0	25
	chrI	37058	1	0.5	25
	chrI	37062	1	0.5	25
	chrI	37067	1	0.5	25
	chrI	37071	1	0.5	25
	chrI	37091	0	0.5	25
	chrI	37096	0	0.5	25
	chrI	37097	1	0.5	25
	chrI	37105	0	0.5	25
	chrI	37109	1	0.5	25
	chrI	37129	1	0.5	25
	chrI	37150	1	0.5	25
	chrI	37159	0	0.5	25
	chrI	37160	1	0.5	25
	chrI	37179	0	0.5	25
	chrI	37191	1	0.5	25
	chrI	37211	0	0.5	25
	chrI	37258	1	0.5	25
	chrI	37274	0	1.0	25
	chrI	37275	0	1.0	25
	chrI	37284	1	0.5	25
	chrI	37285	0	0.5	25
	chrI	37294	0	0.5	25
	chrI	37295	0	1.0	25
	chrI	37296	0	0.5	25
	chrI	37309	0	1.0	25
	chrI	37312	0	2.0	25
	chrI	37328	0	0.5	25
	chrI	37341	1	0.5	25
	chrI	37342	0	0.5	25
	chrI	37342	1	0.5	25
	chrI	37344	0	0.5	25
	chrI	37347	1	0.5	25
	chrI	37352	1	0.5	25
	chrI	37356	1	0.5	25
	chrI	37358	1	1.0	25
	chrI	37359	1	2.5	25
	chrI	37360	1	0.5	25
	chrI	37361	1	0.5	25
	chrI	37366	1	0.5	25
	chrI	37367	0	0.5	25
	chrI	37376	0	0.5	25
	chrI	37395	1	0.5	25
	chrI	37433	1	0.5	25
	chrI	37441	0	0.5	25
	chrI	37460	1	0.5	25
	chrI	37461	0	0.5	25
	chrI	37464	0	1.0	25
	chrI	37487	0	0.5	25
	chrI	37495	1	0.5	25
	chrI	37510	1	0.5	25
	chrI	37511	1	0.5	25
	chrI	37532	1	1.0	25
	chrI	37539	0	1.0	25
	chrI	37544	1	0.5	25
	chrI	37550	0	0.5	25
	chrI	37563	0	0.5	25
	chrI	37563	1	0.5	25
	chrI	37569	0	0.5	25
	chrI	37582	0	1.0	25
	chrI	37590	0	0.5	25
	chrI	37605	1	0.5	25
	chrI	37607	0	0.5	25
	chrI	37639	1	0.5	25
	chrI	37646	1	1.0	25
	chrI	37653	0	0.5	25
	chrI	37653	1	0.5	25
	chrI	37665	0	0.5	25
	chrI	37707	1	0.5	25
	chrI	37725	0	0.5	25
	chrI	37747	1	1.0	25
	chrI	37748	0	0.5	25
	chrI	37755	1	0.5	25
	chrI	37759	0	0.5	25
	chrI	37763	1	0.5	25
	chrI	37770	0	0.5	25
	chrI	37773	1	0.5	25
	chrI	37777	1	0.5	25
	chrI	37783	0	0.5	25
	chrI	37785	0	0.5	25
	chrI	37823	1	0.5	25
	chrI	37824	1	0.5	25
	chrI	37831	1	0.5	25
	chrI	37838	1	0.5	25
	chrI	37851	1	0.5	25
	chrI	37854	1	0.5	25
	chrI	37862	0	0.5	25
	chrI	37863	0	0.5	25
	chrI	37897	0	0.5	25
	chrI	37897	1	0.5	25
	chrI	37908	0	1.0	25
	chrI	37940	1	0.5	25
	chrI	37942	0	0.5	25
	chrI	37945	1	0.5	25
	chrI	37946	0	0.5	25
	chrI	37958	0	1.0	25
	chrI	37965	0	0.5	25
	chrI	37982	1	0.5	25
	chrI	37999	0	0.5	25
	chrI	38010	1	0.5	25
	chrI	38015	0	0.5	25
	chrI	38020	1	1.0	25
	chrI	38059	0	0.5	25
	chrI	38061	0	0.5	25
	chrI	38074	1	0.5	25
	chrI	38082	1	0.5	25
	chrI	38083	1	0.5	25
	chrI	38084	1	0.5	25
	chrI	38090	0	0.5	25
	chrI	38092	1	0.5	25
	chrI	38101	0	0.5	25
	chrI	38121	0	0.5	25
	chrI	38126	1	0.5	25
	chrI	38127	1	0.5	25
	chrI	38132	0	0.5	25
	chrI	38174	1	0.5	25
	chrI	38182	1	0.5	25
	chrI	38184	0	0.5	25
	chrI	38190	0	0.5	25
	chrI	38219	1	0.5	25
	chrI	38244	0	0.5	25
	chrI	38247	0	0.5	25
	chrI	38261	1	0.5	25
	chrI	38270	0	0.5	25
	chrI	38285	1	0.5	25
	chrI	38298	0	1.0	25
	chrI	38317	1	0.5	25
	chrI	38358	1	0.5	25
	chrI	38366	0	0.5	25
	chrI	38367	1	1.0	25
	chrI	38368	0	0.5	25
	chrI	38373	1	0.5	25
	chrI	38376	1	0.5	25
	chrI	38398	0	0.5	25
	chrI	38410	0	0.5	25
	chrI	38433	1	0.5	25
	chrI	38445	1	0.5	25
	chrI	38491	0	0.5	25
	chrI	38492	1	0.5	25
	chrI	38553	1	0.5	25
	chrI	38599	0	1.0	25
	chrI	38687	1	1.0	25
	chrI	38697	0	0.5	25
	chrI	38701	1	0.5	25
	chrI	38715	0	0.5	25
	chrI	38767	0	0.5	25
	chrI	38787	0	0.5	25
	chrI	38798	0	0.5	25
	chrI	38816	0	0.5	25
	chrI	38821	0	0.5	25
	chrI	38828	0	0.5	25
	chrI	38831	1	0.5	25
	chrI	38832	1	0.5	25
	chrI	38843	0	0.5	25
	chrI	38851	0	0.5	25
	chrI	38859	1	0.5	25
	chrI	38875	1	0.5	25
	chrI	38878	0	0.5	25
	chrI	38878	1	0.5	25
	chrI	38879	0	1.0	25
	chrI	38882	0	0.5	25
	chrI	38889	1	0.5	25
	chrI	38890	0	0.5	25
	chrI	38891	1	0.5	25
	chrI	38892	0	0.5	25
	chrI	38903	0	0.5	25
	chrI	38916	0	0.5	25
	chrI	38918	0	0.5	25
	chrI	38922	0	0.5	25
	chrI	38939	0	0.5	25
	chrI	38945	1	0.5	25
	chrI	38947	1	0.5	25
	chrI	38954	1	0.5	25
	chrI	38962	1	0.5	25
	chrI	38969	1	0.5	25
	chrI	38970	0	0.5	25
	chrI	38971	0	0.5	25
	chrI	38978	0	0.5	25
	chrI	38979	0	0.5	25
	chrI	38980	0	0.5	25
	chrI	38980	1	0.5	25
	chrI	38991	1	0.5	25
	chrI	38994	1	0.5	25
	chrI	39003	0	0.5	25
	chrI	39024	1	0.5	25
	chrI	39038	1	0.5	25
	chrI	39041	1	0.5	25
	chrI	39047	0	0.5	25
	chrI	39047	1	1.0	25
	chrI	39048	0	1.0	25
	chrI	39050	0	0.5	25
	chrI	39058	0	0.5	25
	chrI	39058	1	0.5	25
	chrI	39061	0	1.0	25
	chrI	39062	0	0.5	25
	chrI	39065	0	0.5	25
	chrI	39069	0	1.5	25
	chrI	39073	0	1.0	25
	chrI	39074	0	0.5	25
	chrI	39081	1	0.5	25
	chrI	39085	0	1.0	25
	chrI	39085	1	1.0	25
	chrI	39086	0	2.0	25
	chrI	39087	0	1.5	25
	chrI	39088	0	1.5	25
	chrI	39089	0	2.0	25
	chrI	39091	0	0.5	25
	chrI	39093	0	0.5	25
	chrI	39094	0	1.0	25
	chrI	39105	0	0.5	25
	chrI	39106	0	1.0	25
	chrI	39110	1	0.5	25
	chrI	39112	0	1.0	25
	chrI	39113	0	1.5	25
	chrI	39116	1	1.0	25
	chrI	39120	0	0.5	25
	chrI	39120	1	0.5	25
	chrI	39121	0	0.5	25
	chrI	39126	1	1.5	25
	chrI	39127	0	1.5	25
	chrI	39127	1	1.5	25
	chrI	39133	0	0.5	25
	chrI	39135	1	1.0	25
	chrI	39142	0	0.5	25
	chrI	39142	1	0.5	25
	chrI	39143	0	1.5	25
	chrI	39152	1	1.0	25
	chrI	39154	1	0.5	25
	chrI	39155	1	1.0	25
	chrI	39156	1	0.5	25
	chrI	39157	1	1.5	25
	chrI	39158	1	1.5	25
	chrI	39162	1	0.5	25
	chrI	39164	1	1.5	25
	chrI	39167	1	0.5	25
	chrI	39168	0	0.5	25
	chrI	39168	1	2.5	25
	chrI	39169	0	0.5	25
	chrI	39169	1	1.0	25
	chrI	39177	0	0.5	25
	chrI	39177	1	1.5	25
	chrI	39188	1	1.5	25
	chrI	39189	1	2.0	25
	chrI	39190	1	0.5	25
	chrI	39197	1	1.0	25
	chrI	39201	1	1.0	25
	chrI	39202	0	0.5	25
	chrI	39202	1	0.5	25
	chrI	39205	0	1.0	25
	chrI	39208	0	0.5	25
	chrI	39209	0	0.5	25
	chrI	39234	1	1.0	25
	chrI	39241	0	0.5	25
	chrI	39244	0	0.5	25
	chrI	39248	1	0.5	25
	chrI	39250	0	0.5	25
	chrI	39261	0	0.5	25
	chrI	39273	0	0.5	25
	chrI	39275	1	0.5	25
	chrI	39304	1	0.5	25
	chrI	39316	0	0.5	25
	chrI	39329	1	0.5	25
	chrI	39340	1	0.5	25
	chrI	39345	1	0.5	25
	chrI	39346	1	0.5	25
	chrI	39363	1	1.5	25
	chrI	39385	1	0.5	25
	chrI	39399	1	0.5	25
	chrI	39430	0	0.5	25
	chrI	39433	0	0.5	25
	chrI	39462	0	0.5	25
	chrI	39480	1	0.5	25
	chrI	39494	1	1.0	25
	chrI	39499	1	0.5	25
	chrI	39505	1	0.5	25
	chrI	39522	0	0.5	25
	chrI	39525	0	0.5	25
	chrI	39542	0	0.5	25
	chrI	39563	1	0.5	25
	chrI	39570	1	0.5	25
	chrI	39576	0	0.5	25
	chrI	39582	0	0.5	25
	chrI	39602	1	0.5	25
	chrI	39612	1	0.5	25
	chrI	39648	1	0.5	25
	chrI	39651	0	0.5	25
	chrI	39654	0	0.5	25
	chrI	39672	0	0.5	25
	chrI	39682	0	1.5	25
	chrI	39687	1	0.5	25
	chrI	39688	0	0.5	25
	chrI	39694	0	1.0	25
	chrI	39708	0	1.0	25
	chrI	39710	0	0.5	25
	chrI	39721	0	0.5	25
	chrI	39724	1	0.5	25
	chrI	39734	0	1.0	25
	chrI	39742	1	0.5	25
	chrI	39743	0	0.5	25
	chrI	39744	1	0.5	25
	chrI	39745	1	0.5	25
	chrI	39746	1	0.5	25
	chrI	39762	0	0.5	25
	chrI	39764	0	0.5	25
	chrI	39765	0	0.5	25
	chrI	39789	1	0.5	25
	chrI	39790	1	0.5	25
	chrI	39791	0	0.5	25
	chrI	39792	1	0.5	25
	chrI	39796	1	1.0	25
	chrI	39800	0	0.5	25
	chrI	39801	0	0.5	25
	chrI	39802	0	0.5	25
	chrI	39806	1	0.5	25
	chrI	39810	1	0.5	25
	chrI	39824	1	1.0	25
	chrI	39853	1	0.5	25
	chrI	39854	1	0.5	25
	chrI	39855	1	0.5	25
	chrI	39859	0	1.0	25
	chrI	39861	1	0.5	25
	chrI	39872	1	1.0	25
	chrI	39881	0	0.5	25
	chrI	39882	1	0.5	25
	chrI	39905	1	0.5	25
	chrI	39926	1	0.5	25
	chrI	39929	1	0.5	25
	chrI	39934	0	0.5	25
	chrI	39981	0	0.5	25
	chrI	40008	0	1.0	25
	chrI	40026	1	1.0	25
	chrI	40028	0	0.5	25
	chrI	40041	0	0.5	25
	chrI	40050	0	0.5	25
	chrI	40051	1	0.5	25
	chrI	40107	1	0.5	25
	chrI	40108	0	0.5	25
	chrI	40112	0	0.5	25
	chrI	40115	1	0.5	25
	chrI	40160	1	0.5	25
	chrI	40164	1	0.5	25
	chrI	40168	1	1.5	25
	chrI	40171	0	0.5	25
	chrI	40174	1	0.5	25
	chrI	40198	0	0.5	25
	chrI	40223	1	0.5	25
	chrI	40234	0	0.5	25
	chrI	40253	0	0.5	25
	chrI	40255	1	0.5	25
	chrI	40315	1	0.5	25
	chrI	40321	0	0.5	25
	chrI	40333	1	0.5	25
	chrI	40351	0	0.5	25
	chrI	40365	0	0.5	25
	chrI	40394	0	0.5	25
	chrI	40394	1	0.5	25
	chrI	40399	0	1.0	25
	chrI	40401	0	0.5	25
	chrI	40420	0	0.5	25
	chrI	40433	1	0.5	25
	chrI	40439	1	0.5	25
	chrI	40443	0	0.5	25
	chrI	40453	0	0.5	25
	chrI	40454	1	1.0	25
	chrI	40471	1	0.5	25
	chrI	40475	0	0.5	25
	chrI	40490	0	0.5	25
	chrI	40497	0	0.5	25
	chrI	40498	1	0.5	25
	chrI	40505	0	0.5	25
	chrI	40531	1	0.5	25
	chrI	40534	0	0.5	25
	chrI	40536	0	1.0	25
	chrI	40569	1	0.5	25
	chrI	40582	1	0.5	25
	chrI	40583	1	0.5	25
	chrI	40591	1	0.5	25
	chrI	40602	1	1.0	25
	chrI	40606	0	0.5	25
	chrI	40607	1	0.5	25
	chrI	40615	1	0.5	25
	chrI	40628	0	0.5	25
	chrI	40636	0	0.5	25
	chrI	40637	1	0.5	25
	chrI	40657	1	0.5	25
	chrI	40716	1	0.5	25
	chrI	40848	0	0.5	25
	chrI	40890	1	0.5	25
	chrI	40918	0	0.5	25
	chrI	40925	0	0.5	25
	chrI	40984	0	0.5	25
	chrI	40989	1	0.5	25
	chrI	40991	1	0.5	25
	chrI	41005	1	0.5	25
	chrI	41015	0	0.5	25
	chrI	41035	0	0.5	25
	chrI	41053	1	0.5	25
	chrI	41058	0	0.5	25
	chrI	41060	0	0.5	25
	chrI	41062	0	0.5	25
	chrI	41083	0	0.5	25
	chrI	41118	1	0.5	25
	chrI	41121	0	0.5	25
	chrI	41128	0	0.5	25
	chrI	41135	1	0.5	25
	chrI	41144	1	0.5	25
	chrI	41151	0	1.0	25
	chrI	41161	1	0.5	25
	chrI	41191	1	0.5	25
	chrI	41211	1	0.5	25
	chrI	41227	1	0.5	25
	chrI	41230	0	1.0	25
	chrI	41233	1	1.0	25
	chrI	41240	1	0.5	25
	chrI	41247	0	0.5	25
	chrI	41248	0	0.5	25
	chrI	41251	0	0.5	25
	chrI	41266	0	1.0	25
	chrI	41270	1	0.5	25
	chrI	41281	0	0.5	25
	chrI	41283	0	0.5	25
	chrI	41304	1	0.5	25
	chrI	41306	1	0.5	25
	chrI	41312	0	0.5	25
	chrI	41330	1	0.5	25
	chrI	41338	1	0.5	25
	chrI	41349	0	0.5	25
	chrI	41370	0	0.5	25
	chrI	41380	1	0.5	25
	chrI	41394	0	0.5	25
	chrI	41431	1	0.5	25
	chrI	41464	1	0.5	25
	chrI	41513	1	1.0	25
	chrI	41527	1	0.5	25
	chrI	41529	1	0.5	25
	chrI	41542	0	0.5	25
	chrI	41567	0	0.5	25
	chrI	41604	1	0.5	25
	chrI	41607	0	0.5	25
	chrI	41611	0	0.5	25
	chrI	41626	0	0.5	25
	chrI	41630	0	0.5	25
	chrI	41656	0	0.5	25
	chrI	41669	1	0.5	25
	chrI	41677	0	0.5	25
	chrI	41693	0	0.5	25
	chrI	41701	1	0.5	25
	chrI	41714	1	0.5	25
	chrI	41726	1	0.5	25
	chrI	41746	1	0.5	25
	chrI	41751	0	0.5	25
	chrI	41765	0	1.0	25
	chrI	41766	0	0.5	25
	chrI	41772	0	0.5	25
	chrI	41779	0	0.5	25
	chrI	41784	0	0.5	25
	chrI	41794	0	1.0	25
	chrI	41794	1	0.5	25
	chrI	41796	1	0.5	25
	chrI	41797	0	0.5	25
	chrI	41813	0	0.5	25
	chrI	41817	0	0.5	25
	chrI	41822	0	0.5	25
	chrI	41824	0	0.5	25
	chrI	41827	1	0.5	25
	chrI	41830	1	0.5	25
	chrI	41841	1	1.0	25
	chrI	41845	1	0.5	25
	chrI	41848	1	0.5	25
	chrI	41853	1	1.0	25
	chrI	41856	1	1.0	25
	chrI	41867	1	0.5	25
	chrI	41881	0	1.0	25
	chrI	41893	1	0.5	25
	chrI	41895	1	0.5	25
	chrI	41918	1	0.5	25
	chrI	41922	0	1.0	25
	chrI	41929	1	0.5	25
	chrI	41975	0	1.5	25
	chrI	41981	0	1.0	25
	chrI	41984	0	0.5	25
	chrI	41984	1	0.5	25
	chrI	41985	0	0.5	25
	chrI	42002	0	0.5	25
	chrI	42006	0	0.5	25
	chrI	42007	0	0.5	25
	chrI	42011	0	0.5	25
	chrI	42019	1	0.5	25
	chrI	42021	1	0.5	25
	chrI	42022	0	0.5	25
	chrI	42037	0	0.5	25
	chrI	42041	1	0.5	25
	chrI	42042	0	0.5	25
	chrI	42042	1	0.5	25
	chrI	42052	0	0.5	25
	chrI	42052	1	1.5	25
	chrI	42053	0	0.5	25
	chrI	42055	0	0.5	25
	chrI	42056	0	0.5	25
	chrI	42061	0	0.5	25
	chrI	42063	1	1.0	25
	chrI	42071	1	0.5	25
	chrI	42072	0	0.5	25
	chrI	42072	1	0.5	25
	chrI	42077	1	0.5	25
	chrI	42079	1	1.0	25
	chrI	42103	1	0.5	25
	chrI	42104	1	0.5	25
	chrI	42114	1	0.5	25
	chrI	42115	1	0.5	25
	chrI	42123	1	0.5	25
	chrI	42129	1	1.0	25
	chrI	42139	1	0.5	25
	chrI	42140	0	0.5	25
	chrI	42140	1	0.5	25
	chrI	42145	0	0.5	25
	chrI	42150	0	0.5	25
	chrI	42151	0	0.5	25
	chrI	42185	0	0.5	25
	chrI	42188	1	0.5	25
	chrI	42220	1	0.5	25
	chrI	42221	1	0.5	25
	chrI	42224	1	0.5	25
	chrI	42226	1	0.5	25
	chrI	42233	0	0.5	25
	chrI	42242	0	0.5	25
	chrI	42244	0	1.0	25
	chrI	42257	0	0.5	25
	chrI	42263	1	0.5	25
	chrI	42288	1	0.5	25
	chrI	42291	0	0.5	25
	chrI	42302	0	0.5	25
	chrI	42315	1	0.5	25
	chrI	42325	1	0.5	25
	chrI	42329	1	0.5	25
	chrI	42330	0	0.5	25
	chrI	42332	0	1.0	25
	chrI	42391	1	1.0	25
	chrI	42413	1	0.5	25
	chrI	42433	0	0.5	25
	chrI	42476	0	0.5	25
	chrI	42491	1	0.5	25
	chrI	42493	1	1.0	25
	chrI	42524	0	0.5	25
	chrI	42544	0	0.5	25
	chrI	42571	1	0.5	25
	chrI	42591	1	0.5	25
	chrI	42615	0	0.5	25
	chrI	42639	1	0.5	25
	chrI	42645	0	0.5	25
	chrI	42648	1	0.5	25
	chrI	42649	0	0.5	25
	chrI	42678	0	0.5	25
	chrI	42694	1	0.5	25
	chrI	42698	1	0.5	25
	chrI	42707	1	0.5	25
	chrI	42727	0	1.0	25
	chrI	42745	1	0.5	25
	chrI	42767	0	0.5	25
	chrI	42773	0	0.5	25
	chrI	42786	0	0.5	25
	chrI	42795	1	1.0	25
	chrI	42801	0	1.0	25
	chrI	42820	0	0.5	25
	chrI	42823	0	0.5	25
	chrI	42854	1	1.0	25
	chrI	42881	1	0.5	25
	chrI	42886	0	0.5	25
	chrI	42895	1	0.5	25
	chrI	42905	1	0.5	25
	chrI	42907	0	0.5	25
	chrI	42925	0	0.5	25
	chrI	42933	1	0.5	25
	chrI	42955	0	1.0	25
	chrI	42980	1	0.5	25
	chrI	42986	0	0.5	25
	chrI	42993	0	0.5	25
	chrI	42994	1	0.5	25
	chrI	42995	0	0.5	25
	chrI	43015	0	0.5	25
	chrI	43015	1	1.0	25
	chrI	43029	1	0.5	25
	chrI	43043	0	0.5	25
	chrI	43061	1	0.5	25
	chrI	43075	1	2.0	25
	chrI	43090	1	0.5	25
	chrI	43125	0	1.0	25
	chrI	43167	0	1.0	25
	chrI	43192	0	0.5	25
	chrI	43222	1	1.0	25
	chrI	43246	1	1.0	25
	chrI	43299	0	0.5	25
	chrI	43319	0	1.0	25
	chrI	43330	0	0.5	25
	chrI	43331	0	0.5	25
	chrI	43335	1	0.5	25
	chrI	43336	0	0.5	25
	chrI	43354	0	1.5	25
	chrI	43354	1	0.5	25
	chrI	43373	1	0.5	25
	chrI	43394	0	0.5	25
	chrI	43399	0	0.5	25
	chrI	43399	1	1.0	25
	chrI	43404	0	1.0	25
	chrI	43409	1	0.5	25
	chrI	43418	0	0.5	25
	chrI	43450	1	0.5	25
	chrI	43451	1	0.5	25
	chrI	43471	1	0.5	25
	chrI	43474	1	0.5	25
	chrI	43480	1	0.5	25
	chrI	43486	0	0.5	25
	chrI	43489	0	0.5	25
	chrI	43532	0	0.5	25
	chrI	43540	0	0.5	25
	chrI	43543	1	0.5	25
	chrI	43557	1	1.5	25
	chrI	43559	0	0.5	25
	chrI	43572	1	0.5	25
	chrI	43602	1	0.5	25
	chrI	43638	0	0.5	25
	chrI	43643	1	0.5	25
	chrI	43644	0	0.5	25
	chrI	43669	0	0.5	25
	chrI	43688	0	0.5	25
	chrI	43697	1	0.5	25
	chrI	43724	1	0.5	25
	chrI	43731	1	0.5	25
	chrI	43742	1	0.5	24
	chrI	43743	1	0.5	25
	chrI	43767	0	0.5	25
	chrI	43768	0	0.5	25
	chrI	43818	0	0.5	25
	chrI	43821	0	0.5	25
	chrI	43822	1	0.5	25
	chrI	43823	0	1.5	25
	chrI	43828	1	0.5	25
	chrI	43829	0	0.5	25
	chrI	43887	1	2.0	25
	chrI	43903	0	0.5	25
	chrI	43941	1	0.5	25
	chrI	43966	0	0.5	25
	chrI	43976	1	0.5	25
	chrI	44024	0	0.5	25
	chrI	44036	0	0.5	25
	chrI	44041	0	0.5	25
	chrI	44046	1	0.5	25
	chrI	44054	1	0.5	25
	chrI	44064	1	0.5	25
	chrI	44122	1	0.5	25
	chrI	44123	1	0.5	25
	chrI	44194	1	0.5	25
	chrI	44224	0	0.5	25
	chrI	44261	0	0.5	25
	chrI	44297	0	0.5	25
	chrI	44315	1	0.5	25
	chrI	44318	0	0.5	25
	chrI	44327	0	1.0	25
	chrI	44329	1	0.5	25
	chrI	44332	0	0.5	25
	chrI	44341	0	0.5	25
	chrI	44359	1	0.5	25
	chrI	44390	0	1.0	25
	chrI	44405	1	1.0	25
	chrI	44408	0	0.5	25
	chrI	44408	1	0.5	25
	chrI	44412	1	0.5	25
	chrI	44413	0	0.5	25
	chrI	44454	0	0.5	25
	chrI	44462	0	0.5	25
	chrI	44501	1	0.5	25
	chrI	44515	1	0.5	25
	chrI	44543	1	0.5	25
	chrI	44544	0	0.5	25
	chrI	44561	1	0.5	25
	chrI	44594	0	0.5	25
	chrI	44622	0	0.5	25
	chrI	44629	1	0.5	25
	chrI	44649	1	0.5	25
	chrI	44685	1	0.5	25
	chrI	44702	1	0.5	25
	chrI	44704	1	0.5	25
	chrI	44746	1	0.5	25
	chrI	44800	0	0.5	25
	chrI	44857	0	0.5	25
	chrI	44881	0	0.5	25
	chrI	44894	1	0.5	25
	chrI	44896	0	0.5	25
	chrI	44941	1	0.5	25
	chrI	44943	0	0.5	25
	chrI	44958	1	0.5	25
	chrI	44976	0	1.0	25
	chrI	45013	0	0.5	25
	chrI	45041	1	0.5	25
	chrI	45042	1	0.5	25
	chrI	45048	1	1.0	25
	chrI	45059	0	0.5	25
	chrI	45073	1	0.5	25
	chrI	45123	0	1.5	25
	chrI	45133	0	0.5	25
	chrI	45179	1	0.5	25
	chrI	45182	0	0.5	25
	chrI	45187	0	0.5	25
	chrI	45197	1	0.5	25
	chrI	45213	1	1.0	25
	chrI	45214	0	0.5	25
	chrI	45218	1	0.5	25
	chrI	45225	0	0.5	25
	chrI	45271	0	0.5	25
	chrI	45272	1	0.5	23
	chrI	45289	1	1.0	25
	chrI	45291	0	1.0	25
	chrI	45338	1	0.5	25
	chrI	45341	1	0.5	25
	chrI	45354	1	0.5	25
	chrI	45371	0	0.5	25
	chrI	45373	0	1.0	25
	chrI	45390	0	0.5	25
	chrI	45402	0	0.5	25
	chrI	45459	0	0.5	25
	chrI	45462	1	1.0	25
	chrI	45492	0	0.5	25
	chrI	45493	1	0.5	25
	chrI	45496	0	0.5	25
	chrI	45513	1	0.5	25
	chrI	45526	0	0.5	25
	chrI	45534	1	0.5	25
	chrI	45536	0	0.5	25
	chrI	45546	0	0.5	25
	chrI	45574	0	0.5	25
	chrI	45577	1	0.5	25
	chrI	45594	1	0.5	25
	chrI	45601	1	0.5	25
	chrI	45611	1	0.5	25
	chrI	45625	1	0.5	25
	chrI	45626	0	1.0	25
	chrI	45636	0	0.5	23
	chrI	45651	0	0.5	25
	chrI	45658	1	0.5	25
	chrI	45662	1	0.5	25
	chrI	45677	1	1.0	25
	chrI	45679	0	0.5	25
	chrI	45690	0	0.5	25
	chrI	45693	0	0.5	25
	chrI	45693	1	0.5	25
	chrI	45700	0	1.0	25
	chrI	45700	1	0.5	25
	chrI	45701	0	0.5	25
	chrI	45716	0	0.5	25
	chrI	45721	0	0.5	25
	chrI	45722	0	0.5	25
	chrI	45723	0	0.5	25
	chrI	45732	0	0.5	25
	chrI	45733	1	0.5	25
	chrI	45747	1	0.5	25
	chrI	45753	1	0.5	25
	chrI	45754	1	0.5	25
	chrI	45760	0	0.5	25
	chrI	45761	0	1.5	25
	chrI	45763	1	0.5	25
	chrI	45764	0	0.5	25
	chrI	45773	1	1.0	25
	chrI	45774	0	0.5	25
	chrI	45786	1	0.5	25
	chrI	45794	0	0.5	25
	chrI	45794	1	0.5	25
	chrI	45799	1	0.5	25
	chrI	45814	1	0.5	25
	chrI	45817	1	0.5	25
	chrI	45818	0	0.5	25
	chrI	45828	0	0.5	25
	chrI	45836	1	1.0	25
	chrI	45837	1	1.0	25
	chrI	45838	1	0.5	25
	chrI	45841	0	0.5	25
	chrI	45843	0	0.5	25
	chrI	45868	0	0.5	25
	chrI	45880	0	0.5	25
	chrI	45890	1	0.5	25
	chrI	45894	1	0.5	25
	chrI	45898	1	1.0	25
	chrI	45909	1	0.5	25
	chrI	45918	0	1.0	25
	chrI	45932	0	0.5	25
	chrI	45944	0	0.5	25
	chrI	45949	0	1.0	25
	chrI	45950	1	0.5	25
	chrI	45969	0	0.5	25
	chrI	45975	0	1.0	25
	chrI	45979	1	0.5	25
	chrI	45990	1	0.5	25
	chrI	45999	1	0.5	25
	chrI	46000	1	0.5	25
	chrI	46020	1	1.5	25
	chrI	46025	0	0.5	25
	chrI	46040	1	1.0	25
	chrI	46042	1	1.0	25
	chrI	46043	0	1.0	25
	chrI	46054	0	0.5	25
	chrI	46086	0	0.5	25
	chrI	46102	0	0.5	25
	chrI	46114	1	1.0	25
	chrI	46133	0	0.5	25
	chrI	46162	1	0.5	25
	chrI	46163	1	0.5	25
	chrI	46165	1	0.5	25
	chrI	46170	0	0.5	25
	chrI	46176	0	0.5	25
	chrI	46177	0	0.5	25
	chrI	46191	0	0.5	25
	chrI	46197	0	0.5	25
	chrI	46211	1	0.5	25
	chrI	46212	0	0.5	25
	chrI	46232	0	0.5	25
	chrI	46247	1	0.5	25
	chrI	46249	1	0.5	25
	chrI	46250	1	0.5	25
	chrI	46252	0	1.0	25
	chrI	46260	0	0.5	25
	chrI	46301	0	0.5	25
	chrI	46308	1	0.5	25
	chrI	46311	1	0.5	25
	chrI	46312	1	0.5	25
	chrI	46315	1	0.5	25
	chrI	46327	1	0.5	25
	chrI	46328	0	0.5	25
	chrI	46344	1	0.5	25
	chrI	46347	1	0.5	25
	chrI	46356	1	0.5	25
	chrI	46364	1	0.5	25
	chrI	46370	0	0.5	25
	chrI	46381	0	0.5	25
	chrI	46405	1	0.5	25
	chrI	46421	0	0.5	25
	chrI	46432	1	0.5	25
	chrI	46479	1	0.5	25
	chrI	46481	1	0.5	25
	chrI	46562	0	0.5	25
	chrI	46583	0	0.5	25
	chrI	46592	0	0.5	25
	chrI	46596	0	1.0	25
	chrI	46604	0	0.5	25
	chrI	46645	1	0.5	25
	chrI	46648	0	1.0	25
	chrI	46656	1	1.0	25
	chrI	46676	1	0.5	25
	chrI	46693	1	1.0	25
	chrI	46702	0	0.5	25
	chrI	46711	0	0.5	25
	chrI	46712	1	0.5	25
	chrI	46771	0	0.5	25
	chrI	46803	0	0.5	25
	chrI	46812	0	0.5	25
	chrI	46817	1	0.5	25
	chrI	46829	1	0.5	25
	chrI	46837	0	0.5	25
	chrI	46853	1	0.5	25
	chrI	46877	0	1.0	25
	chrI	46879	1	0.5	25
	chrI	46884	1	0.5	25
	chrI	46898	1	0.5	25
	chrI	46900	0	1.0	25
	chrI	46968	1	0.5	25
	chrI	46977	1	0.5	25
	chrI	46979	1	1.0	25
	chrI	46987	0	0.5	25
	chrI	46993	0	0.5	25
	chrI	46993	1	0.5	25
	chrI	47016	1	0.5	25
	chrI	47111	1	0.5	25
	chrI	47116	0	0.5	25
	chrI	47137	0	0.5	25
	chrI	47165	1	0.5	25
	chrI	47194	1	0.5	25
	chrI	47237	0	0.5	25
	chrI	47241	0	0.5	25
	chrI	47250	0	0.5	25
	chrI	47304	0	0.5	25
	chrI	47311	1	0.5	25
	chrI	47334	0	0.5	25
	chrI	47335	1	0.5	25
	chrI	47341	0	0.5	25
	chrI	47341	1	0.5	25
	chrI	47348	1	0.5	25
	chrI	47351	0	0.5	25
	chrI	47352	0	0.5	25
	chrI	47388	0	1.5	25
	chrI	47393	1	0.5	25
	chrI	47394	1	0.5	25
	chrI	47399	0	0.5	25
	chrI	47406	1	0.5	25
	chrI	47413	1	0.5	25
	chrI	47432	0	1.0	25
	chrI	47436	0	0.5	25
	chrI	47437	0	1.0	25
	chrI	47444	1	1.5	25
	chrI	47482	0	0.5	25
	chrI	47484	0	1.0	25
	chrI	47497	0	0.5	25
	chrI	47497	1	1.0	25
	chrI	47506	1	0.5	25
	chrI	47513	1	0.5	25
	chrI	47517	1	0.5	25
	chrI	47527	1	1.0	25
	chrI	47546	1	0.5	25
	chrI	47548	0	0.5	25
	chrI	47553	0	0.5	25
	chrI	47568	1	0.5	25
	chrI	47575	1	0.5	25
	chrI	47579	0	0.5	25
	chrI	47591	0	0.5	25
	chrI	47606	0	0.5	25
	chrI	47606	1	0.5	25
	chrI	47635	0	0.5	25
	chrI	47638	0	0.5	25
	chrI	47656	1	0.5	25
	chrI	47680	1	0.5	25
	chrI	47687	1	0.5	25
	chrI	47691	0	0.5	25
	chrI	47691	1	0.5	25
	chrI	47705	1	0.5	25
	chrI	47708	0	1.0	25
	chrI	47713	0	0.5	25
	chrI	47714	0	0.5	25
	chrI	47770	1	0.5	25
	chrI	47785	1	1.0	25
	chrI	47835	1	1.0	25
	chrI	47841	0	0.5	25
	chrI	47872	0	0.5	25
	chrI	47883	0	0.5	25
	chrI	47918	0	0.5	25
	chrI	47930	1	0.5	25
	chrI	47938	1	0.5	25
	chrI	47943	1	0.5	25
	chrI	47959	1	0.5	25
	chrI	47960	1	0.5	25
	chrI	48018	0	0.5	25
	chrI	48050	0	0.5	25
	chrI	48075	0	0.5	25
	chrI	48094	1	0.5	25
	chrI	48107	0	0.5	25
	chrI	48108	0	0.5	25
	chrI	48120	0	0.5	25
	chrI	48121	1	0.5	25
	chrI	48137	1	0.5	25
	chrI	48166	1	0.5	25
	chrI	48179	0	0.5	25
	chrI	48184	0	0.5	25
	chrI	48187	1	0.5	25
	chrI	48189	0	0.5	25
	chrI	48192	0	0.5	25
	chrI	48207	0	0.5	25
	chrI	48211	0	0.5	25
	chrI	48251	1	0.5	25
	chrI	48276	1	1.0	25
	chrI	48277	1	0.5	25
	chrI	48282	0	0.5	25
	chrI	48283	0	0.5	25
	chrI	48289	1	0.5	25
	chrI	48294	0	0.5	25
	chrI	48307	0	0.5	25
	chrI	48325	0	1.5	25
	chrI	48332	0	0.5	25
	chrI	48337	0	0.5	25
	chrI	48346	1	0.5	25
	chrI	48348	1	0.5	25
	chrI	48349	0	2.5	25
	chrI	48355	0	0.5	25
	chrI	48362	0	0.5	25
	chrI	48366	1	0.5	25
	chrI	48369	0	0.5	25
	chrI	48396	1	0.5	25
	chrI	48397	1	0.5	25
	chrI	48401	1	0.5	25
	chrI	48402	0	0.5	25
	chrI	48405	1	0.5	25
	chrI	48412	0	0.5	25
	chrI	48413	1	1.5	25
	chrI	48415	0	2.0	25
	chrI	48415	1	0.5	25
	chrI	48429	1	2.0	25
	chrI	48430	0	1.5	25
	chrI	48431	0	0.5	25
	chrI	48433	0	0.5	25
	chrI	48440	1	1.0	25
	chrI	48455	1	0.5	25
	chrI	48471	1	0.5	25
	chrI	48474	1	0.5	25
	chrI	48475	1	2.5	25
	chrI	48476	0	1.0	25
	chrI	48479	1	0.5	25
	chrI	48500	0	0.5	25
	chrI	48513	1	1.0	25
	chrI	48536	1	1.0	25
	chrI	48539	1	0.5	25
	chrI	48549	0	0.5	25
	chrI	48549	1	0.5	25
	chrI	48565	0	0.5	25
	chrI	48576	0	0.5	25
	chrI	48579	0	1.5	25
	chrI	48596	0	0.5	25
	chrI	48612	1	0.5	25
	chrI	48621	1	0.5	25
	chrI	48643	1	0.5	25
	chrI	48644	1	0.5	25
	chrI	48650	0	0.5	25
	chrI	48658	0	0.5	25
	chrI	48660	1	1.0	25
	chrI	48665	0	0.5	25
	chrI	48666	0	1.0	25
	chrI	48666	1	0.5	25
	chrI	48676	0	1.0	25
	chrI	48676	1	0.5	25
	chrI	48719	0	0.5	25
	chrI	48741	1	0.5	25
	chrI	48744	0	0.5	25
	chrI	48746	1	1.0	25
	chrI	48754	0	0.5	25
	chrI	48756	1	0.5	25
	chrI	48795	0	0.5	25
	chrI	48803	1	0.5	25
	chrI	48808	1	0.5	25
	chrI	48836	1	0.5	25
	chrI	48846	1	0.5	25
	chrI	48853	1	0.5	25
	chrI	48910	0	0.5	25
	chrI	48936	0	0.5	25
	chrI	48953	1	0.5	25
	chrI	48980	1	0.5	25
	chrI	48981	1	0.5	25
	chrI	49003	1	0.5	25
	chrI	49022	0	0.5	25
	chrI	49062	0	0.5	25
	chrI	49066	0	0.5	25
	chrI	49083	1	0.5	25
	chrI	49120	0	0.5	25
	chrI	49124	1	0.5	25
	chrI	49129	0	0.5	25
	chrI	49130	0	0.5	25
	chrI	49131	0	0.5	25
	chrI	49132	1	0.5	25
	chrI	49198	1	0.5	25
	chrI	49200	1	1.0	25
	chrI	49203	0	0.5	25
	chrI	49214	0	0.5	25
	chrI	49241	1	0.5	25
	chrI	49264	0	0.5	25
	chrI	49290	1	0.5	25
	chrI	49301	0	0.5	25
	chrI	49312	0	0.5	25
	chrI	49329	0	0.5	25
	chrI	49330	1	0.5	25
	chrI	49357	0	0.5	25
	chrI	49358	0	0.5	25
	chrI	49375	1	0.5	25
	chrI	49382	0	0.5	25
	chrI	49387	0	0.5	25
	chrI	49387	1	0.5	25
	chrI	49394	1	0.5	25
	chrI	49409	1	0.5	25
	chrI	49419	0	0.5	25
	chrI	49423	0	0.5	25
	chrI	49432	0	0.5	25
	chrI	49437	1	0.5	25
	chrI	49444	0	0.5	25
	chrI	49446	1	1.0	25
	chrI	49456	1	0.5	25
	chrI	49459	1	0.5	25
	chrI	49468	1	0.5	25
	chrI	49500	1	0.5	25
	chrI	49522	1	0.5	25
	chrI	49526	0	1.0	25
	chrI	49573	0	0.5	25
	chrI	49580	0	0.5	25
	chrI	49590	0	0.5	25
	chrI	49611	1	0.5	25
	chrI	49628	0	1.0	25
	chrI	49631	1	0.5	25
	chrI	49641	0	0.5	25
	chrI	49669	1	1.0	25
	chrI	49687	0	0.5	25
	chrI	49692	0	0.5	25
	chrI	49697	0	0.5	25
	chrI	49709	1	0.5	25
	chrI	49711	0	0.5	25
	chrI	49760	1	0.5	25
	chrI	49763	1	0.5	25
	chrI	49778	1	0.5	25
	chrI	49794	0	0.5	25
	chrI	49804	1	1.0	25
	chrI	49826	0	0.5	25
	chrI	49851	0	0.5	25
	chrI	49852	1	0.5	25
	chrI	49857	0	0.5	25
	chrI	49862	0	0.5	25
	chrI	49866	1	0.5	25
	chrI	49890	0	0.5	25
	chrI	49894	1	0.5	25
	chrI	49895	0	0.5	25
	chrI	49897	0	0.5	25
	chrI	49941	0	0.5	25
	chrI	49949	1	0.5	25
	chrI	49952	1	0.5	25
	chrI	49954	1	0.5	25
	chrI	49961	1	0.5	25
	chrI	49963	1	0.5	25
	chrI	49971	0	0.5	25
	chrI	49987	1	0.5	25
	chrI	50002	1	0.5	25
	chrI	50018	1	0.5	25
	chrI	50028	1	0.5	25
	chrI	50036	0	0.5	25
	chrI	50051	0	0.5	25
	chrI	50097	1	0.5	25
	chrI	50130	0	0.5	25
	chrI	50148	0	0.5	25
	chrI	50214	0	0.5	25
	chrI	50228	1	0.5	25
	chrI	50243	0	0.5	24
	chrI	50251	0	0.5	25
	chrI	50255	0	0.5	25
	chrI	50257	0	0.5	25
	chrI	50270	0	0.5	25
	chrI	50281	0	0.5	25
	chrI	50283	0	0.5	25
	chrI	50285	0	0.5	25
	chrI	50293	1	0.5	25
	chrI	50306	1	0.5	25
	chrI	50307	1	0.5	25
	chrI	50310	1	0.5	25
	chrI	50313	1	0.5	25
	chrI	50317	0	1.0	25
	chrI	50336	1	0.5	25
	chrI	50338	0	0.5	25
	chrI	50343	1	0.5	25
	chrI	50349	0	0.5	25
	chrI	50355	1	0.5	25
	chrI	50357	0	0.5	25
	chrI	50365	0	0.5	25
	chrI	50367	0	0.5	25
	chrI	50379	0	0.5	25
	chrI	50380	0	0.5	25
	chrI	50404	0	0.5	25
	chrI	50404	1	1.0	25
	chrI	50407	1	0.5	25
	chrI	50412	1	0.5	25
	chrI	50413	0	0.5	25
	chrI	50425	1	0.5	25
	chrI	50432	1	0.5	25
	chrI	50444	1	0.5	25
	chrI	50447	1	0.5	25
	chrI	50449	1	0.5	25
	chrI	50463	0	0.5	25
	chrI	50466	1	0.5	25
	chrI	50468	0	0.5	25
	chrI	50476	1	0.5	25
	chrI	50477	1	0.5	25
	chrI	50481	1	0.5	25
	chrI	50482	1	0.5	25
	chrI	50497	0	0.5	25
	chrI	50527	0	1.0	25
	chrI	50537	1	0.5	25
	chrI	50546	0	0.5	25
	chrI	50561	1	0.5	25
	chrI	50578	0	0.5	25
	chrI	50578	1	0.5	25
	chrI	50598	1	1.0	25
	chrI	50600	0	1.0	25
	chrI	50611	1	0.5	25
	chrI	50612	0	0.5	25
	chrI	50639	0	0.5	25
	chrI	50648	0	0.5	25
	chrI	50650	0	0.5	25
	chrI	50655	0	0.5	25
	chrI	50662	1	0.5	25
	chrI	50664	1	0.5	25
	chrI	50673	1	1.0	25
	chrI	50684	0	0.5	25
	chrI	50692	0	0.5	25
	chrI	50705	0	0.5	25
	chrI	50711	1	0.5	25
	chrI	50717	1	0.5	25
	chrI	50735	1	0.5	25
	chrI	50742	0	0.5	25
	chrI	50747	0	0.5	25
	chrI	50747	1	0.5	25
	chrI	50749	1	0.5	25
	chrI	50786	1	0.5	25
	chrI	50790	1	0.5	25
	chrI	50791	0	0.5	25
	chrI	50830	1	0.5	25
	chrI	50831	0	0.5	25
	chrI	50854	0	0.5	25
	chrI	50863	1	0.5	25
	chrI	50868	0	0.5	25
	chrI	50879	0	0.5	25
	chrI	50933	1	0.5	25
	chrI	50941	0	0.5	25
	chrI	50948	1	0.5	25
	chrI	50950	1	0.5	25
	chrI	50970	0	1.0	25
	chrI	50994	0	1.0	25
	chrI	51001	1	0.5	25
	chrI	51008	1	1.0	25
	chrI	51017	0	0.5	25
	chrI	51033	0	0.5	25
	chrI	51049	0	0.5	25
	chrI	51050	1	1.0	25
	chrI	51058	1	1.0	25
	chrI	51075	0	0.5	25
	chrI	51088	1	0.5	25
	chrI	51089	0	0.5	25
	chrI	51093	0	0.5	25
	chrI	51096	1	0.5	25
	chrI	51103	1	0.5	25
	chrI	51113	0	1.0	25
	chrI	51123	0	0.5	25
	chrI	51127	0	0.5	25
	chrI	51147	1	0.5	25
	chrI	51155	0	0.5	25
	chrI	51167	1	0.5	25
	chrI	51175	0	0.5	25
	chrI	51179	0	0.5	25
	chrI	51181	1	0.5	25
	chrI	51204	0	0.5	25
	chrI	51206	0	0.5	25
	chrI	51214	1	0.5	25
	chrI	51218	1	0.5	25
	chrI	51221	1	1.0	25
	chrI	51236	0	0.5	25
	chrI	51253	1	0.5	25
	chrI	51256	1	0.5	25
	chrI	51263	0	0.5	25
	chrI	51269	1	0.5	25
	chrI	51271	1	0.5	25
	chrI	51275	0	0.5	25
	chrI	51284	1	0.5	25
	chrI	51291	0	0.5	25
	chrI	51299	0	0.5	25
	chrI	51300	1	0.5	25
	chrI	51310	0	0.5	25
	chrI	51318	1	0.5	25
	chrI	51319	0	0.5	25
	chrI	51333	0	0.5	25
	chrI	51340	0	0.5	25
	chrI	51343	1	0.5	25
	chrI	51349	0	1.0	25
	chrI	51382	0	0.5	25
	chrI	51383	1	1.0	25
	chrI	51386	1	0.5	25
	chrI	51393	1	0.5	25
	chrI	51398	0	0.5	25
	chrI	51413	1	1.5	25
	chrI	51421	1	0.5	25
	chrI	51423	0	0.5	25
	chrI	51426	0	0.5	25
	chrI	51429	0	0.5	25
	chrI	51431	0	0.5	25
	chrI	51443	1	0.5	25
	chrI	51451	0	0.5	25
	chrI	51459	1	0.5	25
	chrI	51465	0	0.5	25
	chrI	51465	1	0.5	25
	chrI	51471	0	1.0	25
	chrI	51492	1	0.5	25
	chrI	51507	1	0.5	25
	chrI	51515	1	0.5	25
	chrI	51518	1	0.5	25
	chrI	51526	1	0.5	25
	chrI	51540	1	1.0	25
	chrI	51557	0	0.5	25
	chrI	51579	0	0.5	25
	chrI	51586	0	0.5	25
	chrI	51604	0	0.5	25
	chrI	51615	0	0.5	25
	chrI	51617	0	0.5	25
	chrI	51633	0	1.0	25
	chrI	51642	1	0.5	25
	chrI	51651	0	0.5	25
	chrI	51659	1	0.5	25
	chrI	51666	0	0.5	25
	chrI	51669	1	0.5	25
	chrI	51674	0	0.5	25
	chrI	51674	1	0.5	25
	chrI	51688	0	0.5	25
	chrI	51689	0	0.5	25
	chrI	51695	1	0.5	25
	chrI	51701	1	0.5	25
	chrI	51716	1	0.5	25
	chrI	51728	1	1.0	25
	chrI	51742	1	0.5	25
	chrI	51745	1	0.5	25
	chrI	51759	0	0.5	25
	chrI	51760	0	0.5	25
	chrI	51761	0	0.5	25
	chrI	51762	0	0.5	25
	chrI	51763	0	0.5	25
	chrI	51772	1	0.5	25
	chrI	51795	1	0.5	25
	chrI	51806	1	0.5	25
	chrI	51812	0	0.5	25
	chrI	51815	0	1.0	25
	chrI	51815	1	0.5	25
	chrI	51821	0	0.5	25
	chrI	51823	0	0.5	25
	chrI	51832	1	0.5	25
	chrI	51861	1	0.5	25
	chrI	51867	1	0.5	25
	chrI	51875	0	0.5	25
	chrI	51882	0	0.5	25
	chrI	51884	1	0.5	25
	chrI	51899	0	0.5	25
	chrI	51921	1	0.5	25
	chrI	51938	1	0.5	25
	chrI	51950	1	0.5	25
	chrI	51951	0	1.0	25
	chrI	51974	1	0.5	25
	chrI	51981	0	0.5	25
	chrI	51995	1	0.5	25
	chrI	52011	1	0.5	25
	chrI	52029	1	1.0	25
	chrI	52035	1	0.5	25
	chrI	52043	1	0.5	25
	chrI	52060	0	0.5	25
	chrI	52148	1	0.5	25
	chrI	52176	0	0.5	25
	chrI	52193	0	0.5	25
	chrI	52261	1	0.5	25
	chrI	52283	0	0.5	25
	chrI	52360	1	0.5	25
	chrI	52361	1	0.5	25
	chrI	52374	0	0.5	25
	chrI	52406	0	0.5	25
	chrI	52428	0	0.5	25
	chrI	52434	1	0.5	25
	chrI	52465	0	0.5	25
	chrI	52472	1	0.5	25
	chrI	52475	0	0.5	25
	chrI	52494	1	0.5	25
	chrI	52504	0	0.5	25
	chrI	52514	0	0.5	25
	chrI	52517	0	0.5	25
	chrI	52525	0	0.5	25
	chrI	52526	0	0.5	25
	chrI	52569	1	0.5	25
	chrI	52572	0	0.5	25
	chrI	52585	1	0.5	25
	chrI	52590	1	0.5	25
	chrI	52591	0	0.5	25
	chrI	52597	1	0.5	25
	chrI	52624	0	0.5	25
	chrI	52639	1	0.5	25
	chrI	52645	1	1.0	25
	chrI	52646	0	0.5	25
	chrI	52668	1	0.5	25
	chrI	52669	0	1.0	25
	chrI	52670	0	3.0	25
	chrI	52671	0	1.0	25
	chrI	52675	0	0.5	25
	chrI	52676	1	0.5	25
	chrI	52677	0	0.5	25
	chrI	52679	0	2.0	25
	chrI	52682	0	1.0	25
	chrI	52690	0	2.5	25
	chrI	52695	0	1.5	25
	chrI	52705	1	0.5	25
	chrI	52713	0	0.5	25
	chrI	52718	0	1.0	25
	chrI	52725	0	1.0	25
	chrI	52731	0	0.5	25
	chrI	52733	1	0.5	25
	chrI	52744	1	0.5	25
	chrI	52745	1	3.0	25
	chrI	52746	0	3.5	25
	chrI	52751	1	1.0	25
	chrI	52754	1	1.0	25
	chrI	52758	1	0.5	25
	chrI	52759	1	0.5	25
	chrI	52760	1	0.5	25
	chrI	52761	1	0.5	25
	chrI	52778	1	4.5	25
	chrI	52779	0	0.5	25
	chrI	52779	1	2.0	25
	chrI	52780	1	0.5	25
	chrI	52782	1	0.5	25
	chrI	52783	1	1.5	25
	chrI	52784	0	0.5	25
	chrI	52797	1	1.0	25
	chrI	52812	1	0.5	25
	chrI	52817	0	1.0	25
	chrI	52827	1	0.5	25
	chrI	52843	0	0.5	25
	chrI	52852	1	0.5	25
	chrI	52859	0	1.0	25
	chrI	52884	1	1.0	25
	chrI	52896	1	0.5	25
	chrI	52904	0	0.5	25
	chrI	52912	1	1.0	25
	chrI	52947	1	0.5	25
	chrI	52994	1	0.5	25
	chrI	52997	0	0.5	25
	chrI	53005	0	0.5	25
	chrI	53058	1	0.5	25
	chrI	53083	0	0.5	25
	chrI	53083	1	0.5	25
	chrI	53094	1	0.5	25
	chrI	53110	0	1.0	25
	chrI	53112	0	1.0	25
	chrI	53117	0	0.5	25
	chrI	53156	1	0.5	25
	chrI	53158	1	0.5	25
	chrI	53186	0	0.5	25
	chrI	53201	1	0.5	25
	chrI	53218	1	0.5	25
	chrI	53219	0	0.5	25
	chrI	53251	1	0.5	25
	chrI	53252	0	0.5	25
	chrI	53260	0	0.5	25
	chrI	53262	1	0.5	25
	chrI	53266	0	0.5	25
	chrI	53273	0	0.5	25
	chrI	53280	0	0.5	25
	chrI	53281	1	1.0	25
	chrI	53320	1	0.5	25
	chrI	53327	1	0.5	25
	chrI	53330	0	0.5	25
	chrI	53345	0	0.5	25
	chrI	53349	1	0.5	25
	chrI	53370	1	0.5	25
	chrI	53371	1	0.5	25
	chrI	53430	0	0.5	25
	chrI	53440	1	0.5	25
	chrI	53464	0	0.5	25
	chrI	53465	0	0.5	25
	chrI	53466	0	0.5	25
	chrI	53480	0	0.5	25
	chrI	53499	1	0.5	25
	chrI	53510	0	1.0	25
	chrI	53516	1	0.5	25
	chrI	53518	1	0.5	25
	chrI	53521	1	0.5	25
	chrI	53535	0	0.5	25
	chrI	53535	1	0.5	25
	chrI	53539	0	0.5	25
	chrI	53543	1	0.5	25
	chrI	53563	0	0.5	25
	chrI	53581	1	0.5	25
	chrI	53592	0	0.5	25
	chrI	53599	1	0.5	25
	chrI	53601	1	0.5	25
	chrI	53616	0	0.5	25
	chrI	53647	1	0.5	25
	chrI	53669	1	0.5	25
	chrI	53681	0	0.5	25
	chrI	53684	1	0.5	25
	chrI	53703	1	1.0	25
	chrI	53707	1	0.5	25
	chrI	53755	0	0.5	25
	chrI	53759	0	0.5	25
	chrI	53760	0	0.5	25
	chrI	53774	0	0.5	25
	chrI	53783	0	0.5	25
	chrI	53803	0	0.5	25
	chrI	53828	1	0.5	25
	chrI	53836	0	0.5	25
	chrI	53854	1	0.5	25
	chrI	53877	1	0.5	25
	chrI	53885	0	0.5	25
	chrI	53891	1	0.5	25
	chrI	53922	1	0.5	25
	chrI	53933	1	0.5	25
	chrI	53965	0	0.5	25
	chrI	53971	1	0.5	25
	chrI	53982	1	0.5	25
	chrI	54046	0	0.5	25
	chrI	54052	0	0.5	25
	chrI	54054	0	0.5	25
	chrI	54059	0	0.5	25
	chrI	54061	0	0.5	25
	chrI	54063	0	0.5	25
	chrI	54100	0	0.5	25
	chrI	54103	0	0.5	25
	chrI	54104	0	1.0	25
	chrI	54105	0	0.5	25
	chrI	54107	0	0.5	25
	chrI	54131	1	0.5	25
	chrI	54132	0	0.5	25
	chrI	54140	1	0.5	25
	chrI	54155	0	0.5	25
	chrI	54155	1	0.5	25
	chrI	54160	1	0.5	25
	chrI	54164	1	0.5	25
	chrI	54165	1	0.5	25
	chrI	54168	1	2.0	25
	chrI	54171	0	1.0	25
	chrI	54182	0	0.5	25
	chrI	54196	1	0.5	25
	chrI	54197	1	0.5	25
	chrI	54203	0	0.5	25
	chrI	54206	0	1.0	25
	chrI	54217	0	0.5	25
	chrI	54229	1	0.5	25
	chrI	54273	1	0.5	25
	chrI	54283	0	0.5	25
	chrI	54302	1	0.5	25
	chrI	54307	1	0.5	25
	chrI	54318	1	0.5	25
	chrI	54331	0	0.5	25
	chrI	54331	1	1.0	25
	chrI	54332	1	1.0	25
	chrI	54335	0	0.5	25
	chrI	54354	1	0.5	25
	chrI	54372	0	0.5	25
	chrI	54382	1	0.5	25
	chrI	54392	1	0.5	25
	chrI	54420	1	0.5	25
	chrI	54487	0	0.5	25
	chrI	54490	0	0.5	25
	chrI	54516	0	0.5	25
	chrI	54530	0	0.5	25
	chrI	54583	1	0.5	25
	chrI	54584	1	0.5	25
	chrI	54589	0	0.5	25
	chrI	54609	1	0.5	25
	chrI	54611	0	1.0	25
	chrI	54617	1	0.5	25
	chrI	54625	0	0.5	25
	chrI	54634	1	0.5	25
	chrI	54686	1	0.5	25
	chrI	54688	1	0.5	25
	chrI	54720	0	0.5	25
	chrI	54721	0	0.5	25
	chrI	54727	1	1.0	25
	chrI	54765	0	1.0	25
	chrI	54784	0	0.5	25
	chrI	54798	1	0.5	25
	chrI	54806	1	0.5	25
	chrI	54808	0	1.5	25
	chrI	54811	0	0.5	25
	chrI	54813	0	0.5	25
	chrI	54814	0	1.0	25
	chrI	54815	0	0.5	25
	chrI	54821	1	0.5	25
	chrI	54826	0	0.5	25
	chrI	54842	1	0.5	25
	chrI	54846	0	0.5	25
	chrI	54849	1	0.5	25
	chrI	54851	1	0.5	25
	chrI	54853	0	0.5	25
	chrI	54855	1	1.0	25
	chrI	54856	0	0.5	25
	chrI	54857	0	0.5	25
	chrI	54860	0	0.5	25
	chrI	54866	0	0.5	25
	chrI	54867	1	0.5	25
	chrI	54891	1	2.0	25
	chrI	54892	1	0.5	25
	chrI	54893	0	0.5	25
	chrI	54893	1	1.0	25
	chrI	54894	0	0.5	25
	chrI	54906	0	0.5	25
	chrI	54907	0	0.5	25
	chrI	54911	1	0.5	25
	chrI	54925	1	0.5	25
	chrI	54926	1	0.5	25
	chrI	54963	1	0.5	25
	chrI	54965	1	0.5	25
	chrI	54966	1	1.0	25
	chrI	55001	0	0.5	25
	chrI	55047	0	0.5	25
	chrI	55053	1	0.5	25
	chrI	55061	0	0.5	25
	chrI	55070	0	0.5	25
	chrI	55083	1	0.5	25
	chrI	55087	0	0.5	25
	chrI	55133	1	0.5	25
	chrI	55140	1	0.5	25
	chrI	55145	1	0.5	25
	chrI	55152	1	0.5	25
	chrI	55185	0	0.5	25
	chrI	55196	0	0.5	25
	chrI	55199	0	0.5	25
	chrI	55209	0	0.5	25
	chrI	55221	0	0.5	25
	chrI	55244	0	0.5	25
	chrI	55257	0	0.5	25
	chrI	55263	0	0.5	24
	chrI	55263	1	0.5	25
	chrI	55264	1	0.5	25
	chrI	55270	0	0.5	25
	chrI	55273	0	1.0	25
	chrI	55295	1	0.5	25
	chrI	55305	0	0.5	25
	chrI	55318	1	0.5	25
	chrI	55329	1	1.0	25
	chrI	55335	0	0.5	25
	chrI	55340	1	0.5	25
	chrI	55375	1	0.5	25
	chrI	55376	1	0.5	25
	chrI	55378	1	0.5	25
	chrI	55393	1	0.5	25
	chrI	55399	0	0.5	25
	chrI	55412	1	0.5	25
	chrI	55425	0	0.5	25
	chrI	55450	0	0.5	25
	chrI	55453	1	0.5	25
	chrI	55455	0	0.5	25
	chrI	55456	0	0.5	25
	chrI	55462	0	1.0	25
	chrI	55473	0	0.5	25
	chrI	55492	1	0.5	25
	chrI	55509	1	0.5	25
	chrI	55519	1	0.5	25
	chrI	55528	1	0.5	25
	chrI	55532	0	0.5	25
	chrI	55532	1	0.5	25
	chrI	55538	1	0.5	25
	chrI	55539	1	0.5	25
	chrI	55552	1	0.5	25
	chrI	55554	0	1.0	25
	chrI	55557	0	0.5	25
	chrI	55574	1	0.5	25
	chrI	55584	0	0.5	25
	chrI	55611	1	0.5	25
	chrI	55612	0	0.5	25
	chrI	55627	0	0.5	25
	chrI	55634	1	1.0	25
	chrI	55635	0	0.5	25
	chrI	55640	0	0.5	25
	chrI	55654	0	0.5	25
	chrI	55698	1	0.5	25
	chrI	55701	1	0.5	25
	chrI	55724	1	0.5	25
	chrI	55734	1	1.0	25
	chrI	55756	0	0.5	25
	chrI	55760	0	0.5	25
	chrI	55774	0	0.5	25
	chrI	55806	1	0.5	25
	chrI	55812	0	0.5	25
	chrI	55832	1	0.5	25
	chrI	55857	0	0.5	25
	chrI	55862	1	0.5	25
	chrI	55863	1	0.5	25
	chrI	55877	0	0.5	25
	chrI	55879	1	0.5	25
	chrI	55886	0	0.5	25
	chrI	55912	0	0.5	25
	chrI	55925	0	0.5	25
	chrI	55929	1	0.5	25
	chrI	55936	1	0.5	25
	chrI	55941	0	0.5	25
	chrI	55965	0	1.0	25
	chrI	55970	0	0.5	25
	chrI	55975	1	0.5	25
	chrI	55980	0	0.5	25
	chrI	55982	1	0.5	25
	chrI	55999	1	0.5	25
	chrI	56012	1	0.5	25
	chrI	56024	0	0.5	25
	chrI	56036	1	0.5	25
	chrI	56042	1	1.0	25
	chrI	56045	1	0.5	25
	chrI	56060	1	0.5	25
	chrI	56072	0	0.5	25
	chrI	56120	0	0.5	25
	chrI	56146	0	1.0	25
	chrI	56208	0	0.5	25
	chrI	56233	1	0.5	25
	chrI	56238	1	1.0	25
	chrI	56284	1	0.5	25
	chrI	56298	0	0.5	25
	chrI	56299	0	0.5	25
	chrI	56344	0	0.5	25
	chrI	56354	1	0.5	25
	chrI	56377	0	0.5	25
	chrI	56386	1	0.5	25
	chrI	56387	0	0.5	25
	chrI	56389	0	1.0	25
	chrI	56403	1	0.5	25
	chrI	56420	1	0.5	25
	chrI	56445	1	0.5	25
	chrI	56466	0	0.5	25
	chrI	56523	0	0.5	25
	chrI	56533	1	0.5	25
	chrI	56552	0	0.5	25
	chrI	56569	1	1.0	25
	chrI	56570	0	1.0	25
	chrI	56587	0	0.5	25
	chrI	56588	1	0.5	25
	chrI	56614	0	0.5	25
	chrI	56615	0	0.5	25
	chrI	56618	0	0.5	25
	chrI	56628	1	0.5	25
	chrI	56632	1	0.5	25
	chrI	56661	1	0.5	25
	chrI	56674	0	0.5	25
	chrI	56674	1	0.5	25
	chrI	56683	1	1.0	25
	chrI	56690	0	0.5	25
	chrI	56711	0	0.5	25
	chrI	56740	1	0.5	25
	chrI	56774	1	0.5	25
	chrI	56780	1	0.5	25
	chrI	56816	0	0.5	25
	chrI	56873	0	1.0	25
	chrI	56874	0	0.5	25
	chrI	56878	0	0.5	25
	chrI	56882	0	0.5	25
	chrI	56893	1	0.5	25
	chrI	56897	0	0.5	25
	chrI	56898	0	0.5	25
	chrI	56900	0	1.0	25
	chrI	56901	0	2.0	25
	chrI	56909	1	0.5	25
	chrI	56910	0	2.0	25
	chrI	56911	0	1.5	25
	chrI	56932	1	0.5	25
	chrI	56935	1	0.5	25
	chrI	56946	1	0.5	25
	chrI	56949	0	0.5	25
	chrI	56949	1	2.0	25
	chrI	56951	1	2.5	25
	chrI	56952	1	2.0	25
	chrI	56953	1	0.5	25
	chrI	56954	1	0.5	25
	chrI	56961	1	0.5	25
	chrI	56966	0	0.5	25
	chrI	56966	1	0.5	25
	chrI	56980	1	0.5	25
	chrI	56995	0	1.0	25
	chrI	57035	1	0.5	25
	chrI	57041	1	0.5	25
	chrI	57215	1	1.0	25
	chrI	57314	0	0.5	25
	chrI	57353	0	0.5	25
	chrI	57354	0	1.0	25
	chrI	57361	0	0.5	25
	chrI	57379	1	0.5	25
	chrI	57427	0	0.5	25
	chrI	57436	0	1.0	25
	chrI	57437	0	1.0	25
	chrI	57439	0	0.5	25
	chrI	57446	1	1.0	25
	chrI	57447	1	0.5	25
	chrI	57450	0	1.0	25
	chrI	57470	1	0.5	25
	chrI	57471	1	0.5	25
	chrI	57478	1	0.5	25
	chrI	57480	0	1.0	25
	chrI	57506	0	0.5	25
	chrI	57560	1	0.5	25
	chrI	57568	0	0.5	25
	chrI	57573	1	0.5	25
	chrI	57595	1	0.5	25
	chrI	57599	1	0.5	25
	chrI	57607	0	0.5	25
	chrI	57612	0	0.5	25
	chrI	57620	1	0.5	25
	chrI	57636	0	0.5	25
	chrI	57639	1	0.5	25
	chrI	57641	0	0.5	25
	chrI	57641	1	1.0	25
	chrI	57642	0	0.5	25
	chrI	57684	1	0.5	25
	chrI	57704	1	1.0	25
	chrI	57707	0	0.5	25
	chrI	57708	1	0.5	25
	chrI	57716	1	0.5	25
	chrI	57729	0	0.5	25
	chrI	57755	0	0.5	25
	chrI	57800	1	0.5	25
	chrI	57802	1	0.5	25
	chrI	57804	1	0.5	25
	chrI	57814	0	0.5	25
	chrI	57829	0	0.5	25
	chrI	57830	0	0.5	25
	chrI	57840	0	0.5	25
	chrI	57841	1	0.5	25
	chrI	57847	1	0.5	25
	chrI	57857	0	0.5	25
	chrI	57899	1	0.5	25
	chrI	57916	0	0.5	25
	chrI	57917	0	0.5	25
	chrI	57926	0	0.5	25
	chrI	57940	1	0.5	25
	chrI	57956	1	0.5	25
	chrI	57979	1	0.5	25
	chrI	57981	0	0.5	25
	chrI	57986	0	0.5	25
	chrI	57987	0	0.5	25
	chrI	57987	1	0.5	25
	chrI	57988	1	0.5	25
	chrI	57994	1	0.5	25
	chrI	58007	1	0.5	25
	chrI	58008	0	1.0	25
	chrI	58029	0	0.5	25
	chrI	58041	1	0.5	25
	chrI	58064	0	0.5	25
	chrI	58097	1	0.5	25
	chrI	58107	1	1.0	25
	chrI	58132	1	0.5	25
	chrI	58154	1	0.5	25
	chrI	58170	0	0.5	25
	chrI	58178	1	0.5	25
	chrI	58179	0	0.5	25
	chrI	58242	0	0.5	25
	chrI	58295	0	0.5	25
	chrI	58306	0	0.5	25
	chrI	58335	0	1.0	25
	chrI	58343	1	0.5	25
	chrI	58344	0	2.5	25
	chrI	58345	0	0.5	25
	chrI	58352	0	0.5	25
	chrI	58356	0	0.5	25
	chrI	58361	0	1.0	25
	chrI	58380	0	0.5	25
	chrI	58387	0	0.5	25
	chrI	58394	1	0.5	25
	chrI	58409	0	0.5	25
	chrI	58411	1	0.5	25
	chrI	58419	0	0.5	25
	chrI	58424	0	0.5	25
	chrI	58430	0	0.5	25
	chrI	58436	0	0.5	25
	chrI	58442	1	1.0	25
	chrI	58448	0	0.5	25
	chrI	58461	1	0.5	25
	chrI	58463	1	0.5	25
	chrI	58469	1	0.5	25
	chrI	58475	1	0.5	25
	chrI	58482	1	0.5	25
	chrI	58503	1	0.5	25
	chrI	58505	0	0.5	25
	chrI	58508	1	0.5	25
	chrI	58518	0	0.5	25
	chrI	58519	0	1.0	25
	chrI	58524	0	0.5	25
	chrI	58526	1	1.0	25
	chrI	58527	0	0.5	25
	chrI	58527	1	1.0	25
	chrI	58528	0	6.0	25
	chrI	58529	0	5.0	25
	chrI	58530	0	4.5	25
	chrI	58530	1	0.5	25
	chrI	58531	0	12.0	25
	chrI	58531	1	0.5	25
	chrI	58532	0	10.0	25
	chrI	58533	0	25.5	25
	chrI	58533	1	0.5	25
	chrI	58537	0	0.5	25
	chrI	58538	0	0.5	25
	chrI	58540	0	1.5	25
	chrI	58545	0	1.0	25
	chrI	58546	0	2.0	25
	chrI	58547	0	0.5	25
	chrI	58552	0	0.5	25
	chrI	58553	0	0.5	25
	chrI	58554	0	0.5	25
	chrI	58555	0	1.0	25
	chrI	58577	1	1.0	25
	chrI	58579	0	0.5	25
	chrI	58586	1	0.5	25
	chrI	58589	1	0.5	25
	chrI	58594	1	0.5	25
	chrI	58596	1	0.5	25
	chrI	58598	1	1.0	25
	chrI	58601	0	0.5	25
	chrI	58602	1	1.0	25
	chrI	58603	1	0.5	25
	chrI	58605	1	0.5	25
	chrI	58606	1	31.5	25
	chrI	58607	1	18.0	25
	chrI	58608	1	14.0	25
	chrI	58609	0	0.5	25
	chrI	58614	1	0.5	25
	chrI	58617	1	1.5	25
	chrI	58621	1	4.0	25
	chrI	58622	0	0.5	25
	chrI	58622	1	0.5	25
	chrI	58625	1	0.5	25
	chrI	58626	1	0.5	25
	chrI	58638	0	0.5	25
	chrI	58654	0	0.5	25
	chrI	58658	1	0.5	25
	chrI	58668	1	0.5	25
	chrI	58676	1	0.5	25
	chrI	58684	1	0.5	25
	chrI	58719	1	0.5	25
	chrI	58757	1	0.5	25
	chrI	58778	0	0.5	25
	chrI	58783	0	0.5	25
	chrI	58816	0	0.5	25
	chrI	58819	0	0.5	25
	chrI	58833	0	1.0	25
	chrI	58841	1	0.5	25
	chrI	58856	0	0.5	25
	chrI	58861	1	0.5	25
	chrI	58868	1	0.5	25
	chrI	58883	1	0.5	25
	chrI	58884	1	0.5	25
	chrI	58888	1	0.5	25
	chrI	58891	0	0.5	25
	chrI	58902	1	0.5	25
	chrI	58960	0	0.5	25
	chrI	58977	0	0.5	25
	chrI	58985	1	0.5	25
	chrI	59001	0	0.5	25
	chrI	59022	1	0.5	25
	chrI	59028	0	0.5	25
	chrI	59035	1	0.5	25
	chrI	59042	0	0.5	25
	chrI	59048	1	0.5	25
	chrI	59079	0	0.5	25
	chrI	59103	0	0.5	25
	chrI	59108	0	0.5	25
	chrI	59114	0	1.0	25
	chrI	59115	0	0.5	25
	chrI	59121	1	0.5	25
	chrI	59122	0	1.0	25
	chrI	59131	0	0.5	25
	chrI	59146	1	0.5	25
	chrI	59152	1	0.5	25
	chrI	59162	1	0.5	25
	chrI	59164	0	0.5	25
	chrI	59172	1	0.5	25
	chrI	59193	1	0.5	25
	chrI	59197	1	1.0	25
	chrI	59200	1	1.0	25
	chrI	59203	1	0.5	25
	chrI	59204	1	0.5	25
	chrI	59327	1	0.5	25
	chrI	59350	0	1.0	25
	chrI	59430	0	1.0	25
	chrI	59480	1	1.0	25
	chrI	59492	1	1.0	25
	chrI	59521	0	0.5	25
	chrI	59599	1	0.5	25
	chrI	59668	0	0.5	25
	chrI	59706	0	0.5	25
	chrI	59726	1	0.5	25
	chrI	59752	0	0.5	25
	chrI	59795	1	0.5	25
	chrI	59800	1	0.5	25
	chrI	59854	0	0.5	25
	chrI	59869	0	0.5	25
	chrI	59923	1	0.5	25
	chrI	59927	0	0.5	25
	chrI	59948	0	0.5	25
	chrI	59951	0	0.5	25
	chrI	59953	0	0.5	25
	chrI	59955	0	0.5	25
	chrI	59956	1	0.5	25
	chrI	59957	1	0.5	25
	chrI	60013	1	0.5	25
	chrI	60020	1	0.5	25
	chrI	60048	0	0.5	25
	chrI	60062	0	0.5	25
	chrI	60067	1	0.5	25
	chrI	60100	1	0.5	25
	chrI	60103	0	0.5	25
	chrI	60104	1	0.5	25
	chrI	60124	0	0.5	25
	chrI	60153	1	0.5	25
	chrI	60154	0	0.5	25
	chrI	60159	0	0.5	25
	chrI	60176	0	0.5	25
	chrI	60188	1	0.5	25
	chrI	60208	1	0.5	25
	chrI	60212	1	0.5	25
	chrI	60250	0	0.5	25
	chrI	60252	0	0.5	25
	chrI	60262	1	0.5	25
	chrI	60268	1	0.5	25
	chrI	60309	0	1.0	25
	chrI	60326	1	0.5	25
	chrI	60351	0	0.5	25
	chrI	60357	0	0.5	25
	chrI	60387	1	1.0	25
	chrI	60414	1	0.5	25
	chrI	60416	1	0.5	25
	chrI	60422	1	0.5	25
	chrI	60458	0	0.5	25
	chrI	60461	0	1.0	25
	chrI	60486	0	0.5	25
	chrI	60502	0	0.5	25
	chrI	60526	1	1.0	25
	chrI	60539	0	1.0	25
	chrI	60570	1	0.5	25
	chrI	60576	0	0.5	25
	chrI	60577	0	0.5	25
	chrI	60588	1	0.5	25
	chrI	60609	1	0.5	25
	chrI	60619	1	1.0	25
	chrI	60647	1	0.5	25
	chrI	60667	1	0.5	25
	chrI	60683	0	0.5	25
	chrI	60716	0	0.5	25
	chrI	60745	1	0.5	25
	chrI	60770	0	0.5	25
	chrI	60773	1	0.5	25
	chrI	60775	0	0.5	25
	chrI	60778	0	0.5	25
	chrI	60824	0	0.5	25
	chrI	60835	1	0.5	25
	chrI	60840	0	0.5	25
	chrI	60845	1	0.5	25
	chrI	60862	0	0.5	25
	chrI	60899	1	0.5	25
	chrI	60920	1	0.5	25
	chrI	60946	1	0.5	25
	chrI	60981	0	0.5	25
	chrI	60986	0	0.5	25
	chrI	61011	0	0.5	25
	chrI	61013	0	0.5	25
	chrI	61024	0	1.0	25
	chrI	61028	0	0.5	25
	chrI	61060	1	0.5	25
	chrI	61068	1	1.0	25
	chrI	61073	0	0.5	25
	chrI	61083	0	0.5	25
	chrI	61084	1	0.5	25
	chrI	61096	1	0.5	25
	chrI	61097	1	0.5	25
	chrI	61099	0	0.5	25
	chrI	61116	1	1.0	25
	chrI	61117	0	0.5	25
	chrI	61125	0	0.5	25
	chrI	61131	0	0.5	25
	chrI	61132	0	0.5	25
	chrI	61132	1	0.5	25
	chrI	61133	0	0.5	25
	chrI	61139	0	1.0	25
	chrI	61140	0	0.5	25
	chrI	61150	0	0.5	25
	chrI	61156	0	0.5	25
	chrI	61158	0	2.5	25
	chrI	61171	1	0.5	25
	chrI	61181	0	0.5	25
	chrI	61182	1	0.5	25
	chrI	61183	1	0.5	25
	chrI	61201	1	0.5	25
	chrI	61205	1	0.5	25
	chrI	61208	1	1.0	25
	chrI	61209	0	0.5	25
	chrI	61216	1	0.5	25
	chrI	61218	0	0.5	25
	chrI	61220	1	0.5	25
	chrI	61230	1	0.5	25
	chrI	61231	1	0.5	25
	chrI	61232	1	0.5	25
	chrI	61233	1	0.5	25
	chrI	61235	0	0.5	25
	chrI	61235	1	1.0	25
	chrI	61240	1	0.5	25
	chrI	61245	1	0.5	25
	chrI	61260	1	0.5	25
	chrI	61262	0	1.0	25
	chrI	61280	1	0.5	25
	chrI	61284	1	0.5	25
	chrI	61338	0	1.0	25
	chrI	61344	0	0.5	25
	chrI	61354	1	1.0	25
	chrI	61356	0	0.5	25
	chrI	61397	1	1.0	25
	chrI	61418	1	0.5	25
	chrI	61430	1	0.5	25
	chrI	61441	0	0.5	25
	chrI	61448	0	0.5	25
	chrI	61469	0	0.5	25
	chrI	61471	0	1.0	25
	chrI	61513	1	0.5	25
	chrI	61538	1	0.5	25
	chrI	61570	1	0.5	25
	chrI	61578	0	0.5	25
	chrI	61588	1	0.5	25
	chrI	61596	0	0.5	25
	chrI	61600	0	0.5	25
	chrI	61618	0	0.5	25
	chrI	61639	0	0.5	25
	chrI	61655	1	0.5	25
	chrI	61663	1	0.5	25
	chrI	61670	0	1.0	25
	chrI	61699	1	0.5	25
	chrI	61708	1	1.0	25
	chrI	61715	0	0.5	25
	chrI	61722	1	0.5	25
	chrI	61723	1	0.5	25
	chrI	61734	0	0.5	25
	chrI	61745	1	0.5	25
	chrI	61755	0	0.5	25
	chrI	61788	1	0.5	25
	chrI	61815	0	0.5	25
	chrI	61823	0	0.5	25
	chrI	61867	0	1.0	25
	chrI	61881	1	0.5	25
	chrI	61882	1	0.5	25
	chrI	61890	1	0.5	25
	chrI	61891	1	0.5	25
	chrI	61894	0	0.5	23
	chrI	61911	0	0.5	25
	chrI	61918	0	0.5	25
	chrI	61920	0	0.5	25
	chrI	61923	0	1.0	25
	chrI	61924	0	0.5	25
	chrI	61948	1	1.5	25
	chrI	61958	1	0.5	25
	chrI	61990	1	0.5	25
	chrI	61992	1	0.5	25
	chrI	61993	1	1.0	25
	chrI	62001	1	0.5	25
	chrI	62006	0	0.5	25
	chrI	62028	0	0.5	25
	chrI	62095	1	0.5	25
	chrI	62107	0	0.5	25
	chrI	62117	1	0.5	25
	chrI	62119	0	0.5	25
	chrI	62141	1	0.5	25
	chrI	62171	1	0.5	25
	chrI	62210	0	0.5	25
	chrI	62225	1	0.5	25
	chrI	62336	0	0.5	25
	chrI	62338	0	0.5	25
	chrI	62388	1	0.5	25
	chrI	62396	1	0.5	25
	chrI	62406	0	0.5	25
	chrI	62424	0	1.0	25
	chrI	62464	1	0.5	25
	chrI	62472	1	0.5	25
	chrI	62506	0	0.5	25
	chrI	62512	1	0.5	25
	chrI	62520	0	0.5	25
	chrI	62526	0	0.5	25
	chrI	62533	0	0.5	25
	chrI	62548	0	0.5	25
	chrI	62554	1	0.5	25
	chrI	62573	0	0.5	25
	chrI	62574	1	0.5	25
	chrI	62580	0	0.5	25
	chrI	62593	1	0.5	25
	chrI	62600	1	0.5	25
	chrI	62615	0	0.5	25
	chrI	62620	0	0.5	25
	chrI	62622	0	0.5	25
	chrI	62623	0	0.5	25
	chrI	62627	0	0.5	25
	chrI	62627	1	0.5	25
	chrI	62628	0	0.5	25
	chrI	62632	0	0.5	25
	chrI	62634	0	0.5	25
	chrI	62635	0	0.5	25
	chrI	62638	0	0.5	25
	chrI	62639	0	0.5	25
	chrI	62640	0	0.5	25
	chrI	62640	1	0.5	25
	chrI	62641	0	1.0	25
	chrI	62642	0	0.5	25
	chrI	62644	0	1.0	25
	chrI	62647	0	2.0	25
	chrI	62650	0	0.5	25
	chrI	62651	0	0.5	25
	chrI	62655	0	1.0	25
	chrI	62677	0	0.5	25
	chrI	62694	1	0.5	25
	chrI	62701	1	0.5	25
	chrI	62709	1	0.5	25
	chrI	62714	1	0.5	25
	chrI	62717	1	0.5	25
	chrI	62721	1	0.5	25
	chrI	62722	1	2.0	25
	chrI	62723	1	3.0	25
	chrI	62724	1	3.5	25
	chrI	62729	0	0.5	25
	chrI	62733	1	0.5	25
	chrI	62755	1	0.5	25
	chrI	62762	0	0.5	25
	chrI	62775	1	0.5	25
	chrI	62777	1	0.5	25
	chrI	62817	1	0.5	25
	chrI	62818	1	0.5	25
	chrI	62824	0	0.5	25
	chrI	62860	0	0.5	25
	chrI	62899	1	0.5	25
	chrI	62908	0	0.5	25
	chrI	62930	0	0.5	25
	chrI	62973	1	0.5	25
	chrI	62984	0	0.5	25
	chrI	63008	1	0.5	25
	chrI	63030	1	0.5	25
	chrI	63032	0	0.5	25
	chrI	63036	0	1.5	25
	chrI	63072	1	0.5	25
	chrI	63092	1	1.0	25
	chrI	63114	1	0.5	25
	chrI	63119	0	0.5	25
	chrI	63122	0	0.5	25
	chrI	63125	0	0.5	25
	chrI	63145	1	0.5	25
	chrI	63175	1	0.5	25
	chrI	63180	0	0.5	25
	chrI	63183	1	0.5	25
	chrI	63186	0	0.5	25
	chrI	63189	0	0.5	25
	chrI	63198	1	0.5	25
	chrI	63210	1	0.5	25
	chrI	63225	1	0.5	25
	chrI	63253	1	0.5	25
	chrI	63261	1	0.5	25
	chrI	63272	0	0.5	25
	chrI	63303	0	0.5	25
	chrI	63335	0	0.5	25
	chrI	63336	0	0.5	25
	chrI	63370	1	0.5	25
	chrI	63383	1	0.5	25
	chrI	63399	1	0.5	25
	chrI	63408	0	0.5	25
	chrI	63422	1	0.5	25
	chrI	63427	0	0.5	25
	chrI	63445	0	0.5	25
	chrI	63450	0	0.5	25
	chrI	63451	0	1.0	25
	chrI	63499	0	0.5	25
	chrI	63503	1	0.5	25
	chrI	63519	0	0.5	25
	chrI	63519	1	0.5	25
	chrI	63536	1	0.5	25
	chrI	63546	1	0.5	25
	chrI	63561	1	0.5	25
	chrI	63564	1	0.5	25
	chrI	63581	1	0.5	25
	chrI	63597	0	0.5	25
	chrI	63599	0	0.5	25
	chrI	63627	0	0.5	25
	chrI	63651	1	0.5	25
	chrI	63663	0	0.5	25
	chrI	63671	1	0.5	25
	chrI	63674	1	0.5	25
	chrI	63680	0	0.5	25
	chrI	63688	0	0.5	25
	chrI	63691	0	0.5	25
	chrI	63703	1	0.5	25
	chrI	63710	0	0.5	25
	chrI	63720	0	0.5	25
	chrI	63722	0	1.5	25
	chrI	63731	0	0.5	25
	chrI	63732	1	1.0	25
	chrI	63749	0	0.5	25
	chrI	63753	1	0.5	25
	chrI	63767	1	0.5	25
	chrI	63775	0	0.5	25
	chrI	63788	0	0.5	25
	chrI	63793	1	1.0	25
	chrI	63794	1	1.0	25
	chrI	63798	1	0.5	25
	chrI	63799	1	0.5	25
	chrI	63822	0	0.5	25
	chrI	63824	1	0.5	25
	chrI	63846	1	0.5	25
	chrI	63858	0	0.5	25
	chrI	63862	1	0.5	25
	chrI	63864	0	1.0	25
	chrI	63868	0	0.5	25
	chrI	63884	0	0.5	25
	chrI	63912	1	1.0	25
	chrI	63936	1	0.5	25
	chrI	63943	0	0.5	25
	chrI	63948	1	0.5	25
	chrI	63960	1	0.5	25
	chrI	63969	0	0.5	25
	chrI	64025	0	0.5	25
	chrI	64026	1	0.5	25
	chrI	64031	0	0.5	25
	chrI	64035	1	0.5	25
	chrI	64041	1	0.5	25
	chrI	64046	0	0.5	25
	chrI	64049	0	1.0	25
	chrI	64083	0	0.5	25
	chrI	64091	0	0.5	25
	chrI	64115	1	0.5	25
	chrI	64119	1	0.5	25
	chrI	64135	1	0.5	25
	chrI	64141	1	1.0	25
	chrI	64164	0	0.5	25
	chrI	64175	0	0.5	25
	chrI	64175	1	0.5	25
	chrI	64187	0	0.5	25
	chrI	64188	0	1.0	25
	chrI	64193	0	0.5	25
	chrI	64204	0	0.5	25
	chrI	64205	0	0.5	25
	chrI	64220	1	0.5	25
	chrI	64235	0	0.5	25
	chrI	64237	1	1.0	25
	chrI	64240	1	0.5	25
	chrI	64242	1	0.5	25
	chrI	64263	0	0.5	25
	chrI	64291	1	0.5	25
	chrI	64298	0	0.5	25
	chrI	64298	1	1.5	25
	chrI	64317	1	0.5	25
	chrI	64327	0	0.5	25
	chrI	64338	0	0.5	25
	chrI	64341	0	0.5	25
	chrI	64369	1	0.5	25
	chrI	64382	1	0.5	25
	chrI	64394	1	0.5	25
	chrI	64397	1	0.5	25
	chrI	64408	1	0.5	25
	chrI	64437	0	0.5	25
	chrI	64484	0	0.5	25
	chrI	64517	0	0.5	25
	chrI	64549	1	0.5	25
	chrI	64568	0	0.5	25
	chrI	64583	0	0.5	25
	chrI	64602	1	0.5	25
	chrI	64607	0	0.5	25
	chrI	64609	0	0.5	25
	chrI	64629	0	0.5	25
	chrI	64640	1	0.5	25
	chrI	64647	1	0.5	25
	chrI	64657	1	0.5	25
	chrI	64666	1	0.5	25
	chrI	64667	0	0.5	25
	chrI	64695	1	0.5	25
	chrI	64699	0	0.5	25
	chrI	64700	1	0.5	25
	chrI	64705	0	0.5	25
	chrI	64735	1	0.5	25
	chrI	64744	0	0.5	25
	chrI	64757	1	0.5	25
	chrI	64762	0	0.5	25
	chrI	64772	0	0.5	25
	chrI	64780	1	0.5	25
	chrI	64799	0	0.5	25
	chrI	64820	0	0.5	25
	chrI	64827	1	0.5	25
	chrI	64839	1	0.5	25
	chrI	64843	0	1.0	25
	chrI	64899	0	0.5	25
	chrI	64911	1	0.5	25
	chrI	64912	0	0.5	25
	chrI	64928	1	0.5	25
	chrI	64943	0	1.0	25
	chrI	64966	0	0.5	25
	chrI	64970	1	0.5	25
	chrI	64990	0	0.5	25
	chrI	65001	1	0.5	25
	chrI	65008	0	0.5	25
	chrI	65011	0	0.5	25
	chrI	65011	1	1.0	25
	chrI	65016	1	0.5	25
	chrI	65024	0	1.0	25
	chrI	65027	1	0.5	25
	chrI	65032	0	0.5	25
	chrI	65035	1	0.5	25
	chrI	65036	1	0.5	25
	chrI	65056	0	0.5	25
	chrI	65072	0	0.5	25
	chrI	65082	0	0.5	25
	chrI	65091	1	0.5	25
	chrI	65092	1	1.0	25
	chrI	65104	0	0.5	25
	chrI	65107	1	0.5	25
	chrI	65141	1	0.5	25
	chrI	65143	1	0.5	25
	chrI	65159	0	0.5	25
	chrI	65160	1	0.5	25
	chrI	65167	1	1.0	25
	chrI	65168	0	0.5	25
	chrI	65237	0	0.5	25
	chrI	65256	1	1.0	25
	chrI	65258	1	0.5	25
	chrI	65262	0	0.5	25
	chrI	65290	0	0.5	25
	chrI	65324	0	0.5	25
	chrI	65326	1	0.5	25
	chrI	65366	1	0.5	25
	chrI	65369	0	0.5	25
	chrI	65385	1	0.5	25
	chrI	65413	0	0.5	25
	chrI	65415	1	0.5	25
	chrI	65417	0	0.5	25
	chrI	65419	0	0.5	25
	chrI	65420	1	0.5	25
	chrI	65421	0	0.5	25
	chrI	65433	0	0.5	25
	chrI	65435	0	0.5	25
	chrI	65437	0	1.0	25
	chrI	65449	0	0.5	25
	chrI	65460	0	0.5	25
	chrI	65484	0	0.5	25
	chrI	65489	1	0.5	25
	chrI	65491	1	1.0	25
	chrI	65492	1	0.5	25
	chrI	65495	1	0.5	25
	chrI	65511	0	0.5	25
	chrI	65518	1	0.5	25
	chrI	65519	0	1.0	25
	chrI	65545	1	0.5	25
	chrI	65547	1	0.5	25
	chrI	65548	0	1.0	25
	chrI	65550	0	1.0	25
	chrI	65556	1	0.5	25
	chrI	65565	1	0.5	25
	chrI	65567	0	0.5	25
	chrI	65581	1	0.5	25
	chrI	65582	0	0.5	25
	chrI	65598	1	0.5	25
	chrI	65606	1	0.5	25
	chrI	65609	1	1.0	25
	chrI	65610	1	1.0	25
	chrI	65611	0	0.5	25
	chrI	65613	0	0.5	25
	chrI	65641	1	0.5	25
	chrI	65642	0	0.5	25
	chrI	65650	0	0.5	25
	chrI	65656	1	0.5	25
	chrI	65660	1	0.5	25
	chrI	65661	1	0.5	25
	chrI	65679	0	0.5	25
	chrI	65687	0	0.5	25
	chrI	65687	1	1.0	25
	chrI	65696	0	0.5	25
	chrI	65722	0	0.5	25
	chrI	65730	0	0.5	25
	chrI	65732	0	0.5	25
	chrI	65733	0	0.5	25
	chrI	65733	1	1.0	25
	chrI	65736	0	1.5	25
	chrI	65740	1	0.5	25
	chrI	65757	0	0.5	25
	chrI	65761	0	1.5	25
	chrI	65766	0	0.5	25
	chrI	65790	1	0.5	25
	chrI	65797	1	1.5	25
	chrI	65801	1	0.5	25
	chrI	65807	1	0.5	25
	chrI	65816	0	0.5	25
	chrI	65818	0	0.5	25
	chrI	65819	1	0.5	25
	chrI	65849	1	1.5	25
	chrI	65868	0	0.5	25
	chrI	65882	1	0.5	25
	chrI	65889	1	0.5	25
	chrI	65895	1	0.5	25
	chrI	65899	0	0.5	25
	chrI	65906	1	0.5	25
	chrI	65908	0	1.0	25
	chrI	65909	0	1.0	25
	chrI	65921	1	0.5	25
	chrI	65942	1	1.0	25
	chrI	65972	1	1.0	25
	chrI	65987	1	1.0	25
	chrI	65994	0	0.5	25
	chrI	66017	0	0.5	25
	chrI	66049	0	1.0	25
	chrI	66049	1	0.5	25
	chrI	66083	0	0.5	25
	chrI	66090	1	1.5	25
	chrI	66151	1	0.5	25
	chrI	66216	0	0.5	25
	chrI	66241	0	0.5	25
	chrI	66303	1	0.5	25
	chrI	66308	1	0.5	25
	chrI	66320	0	0.5	25
	chrI	66338	0	0.5	25
	chrI	66381	1	0.5	25
	chrI	66417	1	0.5	25
	chrI	66442	0	0.5	25
	chrI	66444	0	0.5	25
	chrI	66490	0	0.5	25
	chrI	66497	1	0.5	25
	chrI	66513	0	0.5	25
	chrI	66516	0	1.0	25
	chrI	66517	1	0.5	25
	chrI	66519	0	0.5	25
	chrI	66524	0	0.5	25
	chrI	66537	0	0.5	25
	chrI	66571	1	1.0	25
	chrI	66583	1	0.5	25
	chrI	66595	1	0.5	25
	chrI	66613	1	0.5	25
	chrI	66614	1	0.5	25
	chrI	66621	1	0.5	25
	chrI	66654	0	0.5	25
	chrI	66675	0	0.5	25
	chrI	66701	0	0.5	25
	chrI	66711	0	0.5	25
	chrI	66712	1	0.5	25
	chrI	66730	1	0.5	25
	chrI	66759	0	0.5	25
	chrI	66780	0	0.5	25
	chrI	66804	0	0.5	25
	chrI	66807	0	0.5	25
	chrI	66812	0	0.5	25
	chrI	66814	1	0.5	25
	chrI	66822	0	0.5	25
	chrI	66827	0	0.5	25
	chrI	66843	1	0.5	25
	chrI	66865	0	0.5	25
	chrI	66865	1	0.5	25
	chrI	66894	1	0.5	25
	chrI	66898	1	0.5	25
	chrI	66899	1	0.5	25
	chrI	66912	1	0.5	25
	chrI	66935	0	1.0	25
	chrI	66943	1	0.5	25
	chrI	66945	1	0.5	25
	chrI	66953	0	0.5	25
	chrI	66957	0	0.5	25
	chrI	66974	0	1.0	25
	chrI	66988	1	1.0	25
	chrI	66998	0	0.5	25
	chrI	67012	1	0.5	25
	chrI	67018	1	0.5	25
	chrI	67019	1	0.5	25
	chrI	67028	0	0.5	25
	chrI	67030	0	0.5	25
	chrI	67041	1	1.0	25
	chrI	67042	0	0.5	25
	chrI	67063	1	0.5	24
	chrI	67063	1	0.5	25
	chrI	67081	1	0.5	25
	chrI	67083	1	0.5	25
	chrI	67115	0	0.5	25
	chrI	67129	0	1.0	25
	chrI	67133	0	0.5	25
	chrI	67163	0	0.5	25
	chrI	67179	0	0.5	25
	chrI	67193	1	0.5	25
	chrI	67222	1	0.5	25
	chrI	67232	0	0.5	25
	chrI	67282	0	0.5	25
	chrI	67295	1	0.5	25
	chrI	67297	1	0.5	25
	chrI	67299	1	0.5	25
	chrI	67301	0	0.5	25
	chrI	67312	0	0.5	25
	chrI	67359	1	0.5	25
	chrI	67371	1	0.5	25
	chrI	67373	1	1.0	25
	chrI	67389	0	0.5	25
	chrI	67392	1	0.5	25
	chrI	67400	0	0.5	25
	chrI	67419	0	0.5	25
	chrI	67451	1	0.5	25
	chrI	67484	1	0.5	25
	chrI	67499	0	0.5	25
	chrI	67502	1	0.5	25
	chrI	67526	0	1.0	25
	chrI	67558	0	0.5	25
	chrI	67585	0	0.5	25
	chrI	67593	1	0.5	25
	chrI	67594	0	0.5	25
	chrI	67595	0	0.5	25
	chrI	67623	1	1.0	25
	chrI	67629	0	0.5	25
	chrI	67640	0	0.5	25
	chrI	67642	1	0.5	25
	chrI	67659	0	0.5	25
	chrI	67703	1	0.5	25
	chrI	67712	0	0.5	25
	chrI	67716	0	0.5	25
	chrI	67735	1	0.5	25
	chrI	67737	0	0.5	25
	chrI	67741	0	0.5	25
	chrI	67751	0	0.5	25
	chrI	67754	0	0.5	25
	chrI	67759	0	0.5	25
	chrI	67764	1	0.5	25
	chrI	67773	1	0.5	25
	chrI	67793	1	0.5	25
	chrI	67796	1	0.5	25
	chrI	67802	1	0.5	25
	chrI	67803	1	0.5	25
	chrI	67810	1	1.0	25
	chrI	67813	0	0.5	25
	chrI	67853	1	0.5	25
	chrI	67857	0	1.0	25
	chrI	67875	0	0.5	25
	chrI	67876	1	0.5	25
	chrI	67897	0	0.5	25
	chrI	67901	1	1.0	25
	chrI	67902	0	1.0	25
	chrI	67908	0	0.5	25
	chrI	67914	1	0.5	25
	chrI	67941	0	0.5	25
	chrI	67944	1	0.5	25
	chrI	67946	0	0.5	25
	chrI	67947	1	0.5	25
	chrI	67960	1	0.5	25
	chrI	67962	1	0.5	25
	chrI	67963	0	0.5	23
	chrI	67963	0	0.5	25
	chrI	67967	0	0.5	25
	chrI	67970	1	1.0	25
	chrI	67979	0	0.5	25
	chrI	67996	0	0.5	25
	chrI	68001	0	0.5	25
	chrI	68003	0	0.5	25
	chrI	68004	0	0.5	25
	chrI	68038	1	0.5	25
	chrI	68047	1	0.5	25
	chrI	68050	1	0.5	25
	chrI	68055	1	0.5	25
	chrI	68058	1	0.5	25
	chrI	68060	1	0.5	25
	chrI	68061	1	0.5	25
	chrI	68077	1	1.0	25
	chrI	68079	1	0.5	25
	chrI	68098	0	0.5	25
	chrI	68105	0	0.5	25
	chrI	68146	0	0.5	25
	chrI	68149	0	0.5	25
	chrI	68150	0	0.5	25
	chrI	68156	0	0.5	25
	chrI	68165	0	0.5	25
	chrI	68166	1	0.5	25
	chrI	68175	1	0.5	25
	chrI	68176	1	0.5	25
	chrI	68197	1	0.5	25
	chrI	68215	0	0.5	25
	chrI	68237	0	1.0	25
	chrI	68241	1	0.5	25
	chrI	68245	0	1.0	25
	chrI	68248	0	0.5	25
	chrI	68250	1	0.5	25
	chrI	68267	0	0.5	25
	chrI	68280	0	0.5	25
	chrI	68282	1	0.5	25
	chrI	68307	1	0.5	25
	chrI	68311	0	0.5	25
	chrI	68324	1	1.0	25
	chrI	68325	1	0.5	25
	chrI	68337	0	0.5	25
	chrI	68357	1	0.5	25
	chrI	68379	1	1.0	25
	chrI	68389	1	0.5	25
	chrI	68401	0	0.5	25
	chrI	68489	1	0.5	25
	chrI	68515	0	0.5	25
	chrI	68539	0	0.5	25
	chrI	68543	0	0.5	25
	chrI	68586	1	0.5	25
	chrI	68598	1	0.5	25
	chrI	68600	1	0.5	25
	chrI	68606	1	0.5	25
	chrI	68611	0	1.0	25
	chrI	68625	0	0.5	25
	chrI	68627	0	1.5	25
	chrI	68631	0	0.5	25
	chrI	68663	0	0.5	25
	chrI	68668	1	0.5	25
	chrI	68671	1	0.5	25
	chrI	68679	0	1.5	25
	chrI	68683	0	0.5	25
	chrI	68683	1	0.5	25
	chrI	68685	1	0.5	25
	chrI	68687	0	1.0	25
	chrI	68687	1	0.5	25
	chrI	68694	0	0.5	25
	chrI	68696	1	0.5	25
	chrI	68698	0	0.5	25
	chrI	68708	1	0.5	25
	chrI	68709	0	0.5	25
	chrI	68710	0	0.5	25
	chrI	68717	0	1.0	25
	chrI	68719	0	0.5	25
	chrI	68749	1	0.5	25
	chrI	68763	1	0.5	25
	chrI	68766	0	0.5	25
	chrI	68783	1	2.5	25
	chrI	68784	0	0.5	25
	chrI	68784	1	0.5	25
	chrI	68785	0	1.0	25
	chrI	68799	1	0.5	25
	chrI	68804	0	1.0	25
	chrI	68828	1	0.5	25
	chrI	68832	1	0.5	25
	chrI	68853	0	0.5	25
	chrI	68864	1	1.5	25
	chrI	68880	0	0.5	25
	chrI	68889	1	0.5	25
	chrI	68892	1	1.0	25
	chrI	68893	1	0.5	25
	chrI	68904	1	0.5	25
	chrI	68907	0	0.5	25
	chrI	68935	1	0.5	25
	chrI	68943	0	0.5	25
	chrI	68947	1	0.5	25
	chrI	68973	1	0.5	25
	chrI	68979	0	0.5	25
	chrI	68983	1	0.5	25
	chrI	68988	0	0.5	25
	chrI	69015	0	0.5	25
	chrI	69029	1	0.5	25
	chrI	69030	1	0.5	25
	chrI	69047	1	0.5	25
	chrI	69101	0	0.5	25
	chrI	69133	1	0.5	25
	chrI	69150	0	0.5	25
	chrI	69166	1	0.5	25
	chrI	69174	1	0.5	25
	chrI	69210	1	0.5	25
	chrI	69218	0	1.0	25
	chrI	69263	1	1.0	25
	chrI	69292	0	0.5	25
	chrI	69347	0	0.5	25
	chrI	69355	1	0.5	25
	chrI	69451	1	0.5	25
	chrI	69484	0	0.5	25
	chrI	69489	0	0.5	25
	chrI	69496	0	0.5	25
	chrI	69517	0	0.5	25
	chrI	69520	1	0.5	25
	chrI	69573	1	0.5	25
	chrI	69579	1	0.5	25
	chrI	69580	0	1.5	25
	chrI	69599	1	0.5	25
	chrI	69605	0	0.5	25
	chrI	69612	0	0.5	25
	chrI	69620	0	0.5	25
	chrI	69626	1	1.0	25
	chrI	69630	0	0.5	25
	chrI	69639	0	0.5	25
	chrI	69648	0	0.5	25
	chrI	69649	1	0.5	25
	chrI	69652	1	0.5	25
	chrI	69657	0	0.5	25
	chrI	69666	0	0.5	25
	chrI	69667	0	1.0	25
	chrI	69671	1	0.5	25
	chrI	69687	1	0.5	25
	chrI	69688	1	0.5	25
	chrI	69689	0	0.5	25
	chrI	69698	1	1.0	25
	chrI	69700	0	0.5	25
	chrI	69722	0	0.5	25
	chrI	69746	1	0.5	25
	chrI	69763	1	1.0	25
	chrI	69769	1	1.0	25
	chrI	69789	1	0.5	25
	chrI	69795	0	0.5	25
	chrI	69796	0	0.5	25
	chrI	69858	1	0.5	25
	chrI	69859	1	1.0	25
	chrI	69877	0	1.0	25
	chrI	69901	0	0.5	25
	chrI	69909	0	0.5	25
	chrI	69919	0	0.5	25
	chrI	69981	1	0.5	25
	chrI	69983	1	1.0	25
	chrI	69989	0	0.5	25
	chrI	70013	1	0.5	25
	chrI	70015	0	0.5	25
	chrI	70031	0	0.5	25
	chrI	70055	1	0.5	25
	chrI	70073	1	0.5	25
	chrI	70094	1	0.5	25
	chrI	70103	0	0.5	25
	chrI	70112	0	0.5	25
	chrI	70116	1	0.5	25
	chrI	70136	0	0.5	25
	chrI	70152	0	0.5	25
	chrI	70163	0	0.5	25
	chrI	70168	1	0.5	25
	chrI	70178	0	0.5	25
	chrI	70184	0	1.0	25
	chrI	70208	1	1.0	25
	chrI	70230	0	0.5	25
	chrI	70234	1	1.0	25
	chrI	70276	1	0.5	25
	chrI	70284	0	0.5	25
	chrI	70288	1	0.5	25
	chrI	70310	1	0.5	25
	chrI	70336	0	1.0	25
	chrI	70361	0	0.5	25
	chrI	70361	1	0.5	25
	chrI	70371	0	0.5	25
	chrI	70372	0	0.5	25
	chrI	70389	0	0.5	25
	chrI	70400	1	0.5	25
	chrI	70409	1	1.0	25
	chrI	70419	1	0.5	25
	chrI	70421	0	1.5	25
	chrI	70426	0	0.5	25
	chrI	70431	0	0.5	25
	chrI	70432	1	0.5	25
	chrI	70433	0	0.5	25
	chrI	70447	0	0.5	25
	chrI	70458	0	0.5	25
	chrI	70468	0	0.5	25
	chrI	70473	0	1.0	25
	chrI	70480	1	1.0	25
	chrI	70482	0	0.5	25
	chrI	70488	1	0.5	25
	chrI	70492	1	0.5	25
	chrI	70495	0	0.5	25
	chrI	70498	0	0.5	25
	chrI	70502	0	1.0	25
	chrI	70511	1	0.5	25
	chrI	70514	1	0.5	25
	chrI	70517	1	0.5	25
	chrI	70534	0	0.5	25
	chrI	70534	1	0.5	25
	chrI	70540	0	0.5	25
	chrI	70543	1	0.5	25
	chrI	70544	1	0.5	25
	chrI	70552	0	0.5	25
	chrI	70565	1	0.5	25
	chrI	70573	1	0.5	25
	chrI	70579	1	1.0	25
	chrI	70585	0	0.5	25
	chrI	70593	1	0.5	25
	chrI	70597	0	0.5	25
	chrI	70598	1	0.5	25
	chrI	70607	1	0.5	25
	chrI	70612	0	0.5	25
	chrI	70614	1	0.5	25
	chrI	70625	1	0.5	25
	chrI	70633	1	1.0	25
	chrI	70647	1	0.5	25
	chrI	70657	0	0.5	25
	chrI	70685	1	0.5	25
	chrI	70686	0	1.0	25
	chrI	70747	0	0.5	25
	chrI	70750	1	1.0	25
	chrI	70755	0	0.5	25
	chrI	70758	1	0.5	25
	chrI	70761	0	0.5	25
	chrI	70763	0	0.5	25
	chrI	70772	1	0.5	25
	chrI	70813	1	0.5	25
	chrI	70820	0	0.5	25
	chrI	70831	1	0.5	25
	chrI	70840	1	0.5	25
	chrI	70857	1	0.5	25
	chrI	70872	0	0.5	25
	chrI	70903	0	0.5	25
	chrI	70907	1	0.5	25
	chrI	70922	0	0.5	25
	chrI	70938	0	1.0	25
	chrI	70970	0	0.5	25
	chrI	70972	1	0.5	25
	chrI	70989	1	0.5	25
	chrI	70999	1	0.5	25
	chrI	71004	1	0.5	25
	chrI	71010	0	1.0	25
	chrI	71013	1	0.5	25
	chrI	71014	0	1.0	25
	chrI	71023	0	0.5	25
	chrI	71027	1	0.5	25
	chrI	71031	0	0.5	25
	chrI	71068	0	0.5	25
	chrI	71071	0	0.5	25
	chrI	71074	0	1.0	25
	chrI	71078	1	2.0	25
	chrI	71080	0	0.5	25
	chrI	71088	1	0.5	25
	chrI	71097	1	0.5	25
	chrI	71098	0	0.5	25
	chrI	71100	0	0.5	25
	chrI	71105	0	1.0	25
	chrI	71111	0	0.5	25
	chrI	71113	0	0.5	25
	chrI	71118	0	0.5	23
	chrI	71123	0	0.5	25
	chrI	71131	0	0.5	25
	chrI	71149	1	2.0	25
	chrI	71164	1	0.5	25
	chrI	71165	1	1.5	25
	chrI	71166	1	1.0	25
	chrI	71167	1	0.5	25
	chrI	71168	1	0.5	25
	chrI	71175	0	0.5	25
	chrI	71177	1	0.5	25
	chrI	71180	0	0.5	25
	chrI	71200	1	0.5	25
	chrI	71220	1	0.5	25
	chrI	71277	1	0.5	25
	chrI	71294	0	0.5	25
	chrI	71300	0	0.5	25
	chrI	71304	0	0.5	25
	chrI	71306	0	1.0	25
	chrI	71343	0	0.5	25
	chrI	71355	0	0.5	25
	chrI	71357	0	0.5	25
	chrI	71364	1	0.5	25
	chrI	71372	1	0.5	25
	chrI	71401	0	0.5	25
	chrI	71414	1	0.5	25
	chrI	71418	0	0.5	25
	chrI	71420	0	0.5	23
	chrI	71420	1	0.5	25
	chrI	71427	0	0.5	25
	chrI	71435	0	1.5	25
	chrI	71435	1	0.5	24
	chrI	71450	1	1.0	25
	chrI	71451	0	1.0	25
	chrI	71454	1	0.5	25
	chrI	71456	1	0.5	25
	chrI	71458	0	1.0	25
	chrI	71491	1	0.5	25
	chrI	71493	1	0.5	25
	chrI	71498	0	0.5	25
	chrI	71500	1	1.0	25
	chrI	71502	0	0.5	25
	chrI	71517	1	0.5	25
	chrI	71530	1	2.0	25
	chrI	71544	0	0.5	25
	chrI	71562	1	0.5	25
	chrI	71569	0	1.0	25
	chrI	71590	1	0.5	25
	chrI	71598	1	0.5	25
	chrI	71607	1	0.5	25
	chrI	71608	0	0.5	25
	chrI	71615	0	0.5	25
	chrI	71619	0	1.0	25
	chrI	71627	1	0.5	25
	chrI	71628	0	0.5	25
	chrI	71628	1	0.5	25
	chrI	71642	0	1.5	25
	chrI	71645	0	1.0	25
	chrI	71654	0	0.5	25
	chrI	71657	0	0.5	25
	chrI	71658	1	0.5	25
	chrI	71664	0	0.5	25
	chrI	71670	0	1.0	25
	chrI	71674	1	0.5	25
	chrI	71676	0	0.5	25
	chrI	71677	0	0.5	25
	chrI	71678	0	0.5	25
	chrI	71681	0	0.5	25
	chrI	71683	0	0.5	25
	chrI	71683	1	0.5	25
	chrI	71684	0	0.5	25
	chrI	71697	1	0.5	25
	chrI	71701	1	0.5	25
	chrI	71703	1	0.5	25
	chrI	71710	1	0.5	25
	chrI	71716	1	1.0	25
	chrI	71717	1	0.5	25
	chrI	71719	1	0.5	25
	chrI	71725	1	1.0	25
	chrI	71726	1	0.5	25
	chrI	71729	1	0.5	25
	chrI	71735	1	0.5	25
	chrI	71737	1	1.0	25
	chrI	71744	1	1.0	25
	chrI	71747	1	0.5	25
	chrI	71760	0	0.5	25
	chrI	71768	0	1.0	25
	chrI	71802	0	0.5	25
	chrI	71810	0	1.5	25
	chrI	71813	1	0.5	25
	chrI	71836	1	1.0	25
	chrI	71866	0	0.5	25
	chrI	71867	0	0.5	25
	chrI	71872	1	0.5	25
	chrI	71884	0	0.5	25
	chrI	71890	0	0.5	25
	chrI	71929	1	1.5	25
	chrI	71931	1	0.5	25
	chrI	71932	1	0.5	25
	chrI	71947	1	0.5	25
	chrI	71962	1	0.5	25
	chrI	71969	0	0.5	25
	chrI	72079	1	0.5	25
	chrI	72110	0	0.5	25
	chrI	72162	0	0.5	25
	chrI	72177	1	0.5	25
	chrI	72191	0	0.5	25
	chrI	72225	1	0.5	25
	chrI	72232	0	0.5	25
	chrI	72236	1	0.5	25
	chrI	72283	1	0.5	25
	chrI	72298	0	0.5	25
	chrI	72330	0	0.5	25
	chrI	72340	0	0.5	25
	chrI	72372	0	0.5	25
	chrI	72408	0	0.5	25
	chrI	72415	1	0.5	25
	chrI	72420	1	0.5	25
	chrI	72422	0	0.5	25
	chrI	72426	0	0.5	25
	chrI	72428	1	0.5	25
	chrI	72458	1	0.5	25
	chrI	72460	1	0.5	25
	chrI	72478	0	0.5	25
	chrI	72485	1	0.5	25
	chrI	72544	1	0.5	25
	chrI	72546	0	0.5	25
	chrI	72559	1	0.5	25
	chrI	72560	0	0.5	25
	chrI	72603	0	0.5	25
	chrI	72641	0	0.5	25
	chrI	72680	1	0.5	25
	chrI	72681	1	0.5	25
	chrI	72695	1	0.5	25
	chrI	72711	1	0.5	25
	chrI	72731	0	0.5	25
	chrI	72738	0	0.5	25
	chrI	72769	0	0.5	25
	chrI	72783	0	0.5	25
	chrI	72803	0	0.5	25
	chrI	72826	1	0.5	25
	chrI	72836	0	0.5	25
	chrI	72844	1	0.5	25
	chrI	72850	0	0.5	25
	chrI	72854	1	0.5	25
	chrI	72926	0	0.5	25
	chrI	72928	1	0.5	25
	chrI	72932	1	0.5	25
	chrI	72953	1	0.5	25
	chrI	72973	1	0.5	25
	chrI	73005	0	0.5	25
	chrI	73019	0	0.5	25
	chrI	73023	0	0.5	25
	chrI	73054	0	0.5	25
	chrI	73061	1	0.5	25
	chrI	73068	1	0.5	25
	chrI	73086	0	0.5	25
	chrI	73088	1	0.5	25
	chrI	73095	0	0.5	25
	chrI	73110	0	0.5	25
	chrI	73114	1	0.5	25
	chrI	73155	1	0.5	25
	chrI	73176	1	0.5	25
	chrI	73180	0	0.5	25
	chrI	73187	0	0.5	25
	chrI	73216	1	0.5	25
	chrI	73227	0	1.0	25
	chrI	73272	1	0.5	25
	chrI	73280	0	0.5	25
	chrI	73297	1	0.5	25
	chrI	73302	1	0.5	25
	chrI	73311	1	1.0	25
	chrI	73315	0	0.5	25
	chrI	73330	0	0.5	25
	chrI	73332	0	1.0	25
	chrI	73347	1	0.5	25
	chrI	73349	0	0.5	25
	chrI	73350	0	1.0	25
	chrI	73351	0	0.5	25
	chrI	73352	0	0.5	25
	chrI	73353	0	1.0	25
	chrI	73380	0	0.5	25
	chrI	73381	0	1.0	25
	chrI	73389	0	0.5	25
	chrI	73390	1	0.5	25
	chrI	73398	1	0.5	25
	chrI	73399	1	2.0	25
	chrI	73400	0	1.0	25
	chrI	73400	1	0.5	25
	chrI	73409	0	0.5	25
	chrI	73409	1	0.5	25
	chrI	73427	1	1.0	25
	chrI	73439	1	0.5	25
	chrI	73440	1	0.5	25
	chrI	73446	1	0.5	25
	chrI	73447	0	0.5	25
	chrI	73447	1	0.5	25
	chrI	73451	1	0.5	25
	chrI	73452	0	0.5	25
	chrI	73453	0	0.5	25
	chrI	73465	1	0.5	25
	chrI	73467	1	0.5	25
	chrI	73471	0	0.5	25
	chrI	73513	0	0.5	25
	chrI	73516	1	0.5	25
	chrI	73518	1	1.0	25
	chrI	73534	1	0.5	25
	chrI	73543	0	0.5	25
	chrI	73563	0	0.5	25
	chrI	73571	0	0.5	25
	chrI	73618	0	0.5	25
	chrI	73619	1	0.5	25
	chrI	73622	1	0.5	25
	chrI	73631	1	0.5	25
	chrI	73636	0	0.5	25
	chrI	73647	0	0.5	25
	chrI	73657	1	0.5	25
	chrI	73661	0	1.5	25
	chrI	73686	0	0.5	25
	chrI	73687	1	0.5	25
	chrI	73704	1	0.5	25
	chrI	73705	0	0.5	25
	chrI	73707	0	0.5	25
	chrI	73736	1	0.5	25
	chrI	73737	0	0.5	25
	chrI	73742	1	1.0	25
	chrI	73748	1	1.0	25
	chrI	73750	0	0.5	25
	chrI	73757	0	0.5	25
	chrI	73758	1	0.5	25
	chrI	73776	0	1.0	25
	chrI	73784	1	0.5	25
	chrI	73785	0	1.5	25
	chrI	73793	0	0.5	25
	chrI	73802	0	0.5	25
	chrI	73807	0	0.5	25
	chrI	73810	1	0.5	25
	chrI	73812	0	0.5	25
	chrI	73818	1	0.5	25
	chrI	73826	1	1.0	25
	chrI	73829	0	0.5	25
	chrI	73830	0	0.5	25
	chrI	73855	1	0.5	25
	chrI	73856	1	0.5	25
	chrI	73860	0	0.5	25
	chrI	73876	1	0.5	25
	chrI	73882	1	0.5	25
	chrI	73889	1	1.0	25
	chrI	73907	0	0.5	25
	chrI	73916	0	0.5	25
	chrI	73934	0	0.5	25
	chrI	73940	0	0.5	25
	chrI	73964	1	0.5	25
	chrI	73965	0	0.5	23
	chrI	73965	0	0.5	25
	chrI	73966	1	0.5	25
	chrI	73969	1	0.5	25
	chrI	73978	1	0.5	25
	chrI	73981	1	0.5	25
	chrI	73985	1	0.5	25
	chrI	73995	1	0.5	25
	chrI	73999	1	0.5	25
	chrI	74010	1	0.5	25
	chrI	74023	0	0.5	25
	chrI	74030	1	0.5	25
	chrI	74128	0	0.5	25
	chrI	74133	0	0.5	25
	chrI	74133	1	1.0	25
	chrI	74156	0	1.0	25
	chrI	74174	1	0.5	25
	chrI	74184	0	0.5	25
	chrI	74186	1	0.5	25
	chrI	74196	0	1.0	25
	chrI	74220	1	1.0	25
	chrI	74274	1	1.0	25
	chrI	74292	1	0.5	25
	chrI	74309	0	0.5	25
	chrI	74352	0	0.5	25
	chrI	74359	0	1.0	25
	chrI	74375	0	0.5	25
	chrI	74390	0	0.5	25
	chrI	74417	1	0.5	25
	chrI	74433	1	1.0	25
	chrI	74477	1	0.5	25
	chrI	74482	1	0.5	25
	chrI	74490	1	0.5	25
	chrI	74501	1	0.5	25
	chrI	74514	0	0.5	25
	chrI	74530	0	0.5	25
	chrI	74534	0	0.5	25
	chrI	74566	1	0.5	25
	chrI	74581	1	0.5	25
	chrI	74606	1	0.5	25
	chrI	74615	0	0.5	25
	chrI	74616	0	0.5	25
	chrI	74619	0	0.5	25
	chrI	74662	1	0.5	25
	chrI	74669	1	0.5	25
	chrI	74677	1	0.5	25
	chrI	74679	0	0.5	25
	chrI	74737	0	0.5	25
	chrI	74742	1	0.5	25
	chrI	74783	0	0.5	25
	chrI	74798	1	0.5	25
	chrI	74807	0	0.5	25
	chrI	74819	0	0.5	25
	chrI	74821	0	0.5	25
	chrI	74841	0	0.5	25
	chrI	74843	0	0.5	25
	chrI	74856	0	0.5	25
	chrI	74862	1	0.5	25
	chrI	74866	1	0.5	25
	chrI	74871	1	0.5	25
	chrI	74872	1	0.5	25
	chrI	74878	0	0.5	25
	chrI	74883	0	0.5	25
	chrI	74899	1	0.5	25
	chrI	74901	1	0.5	25
	chrI	74905	0	0.5	25
	chrI	74911	0	0.5	25
	chrI	74919	0	0.5	25
	chrI	74948	0	0.5	25
	chrI	74952	0	0.5	25
	chrI	74960	0	0.5	25
	chrI	74965	1	0.5	25
	chrI	74981	1	1.0	25
	chrI	74986	0	0.5	25
	chrI	74990	1	1.0	25
	chrI	74992	1	0.5	25
	chrI	74996	1	0.5	25
	chrI	74999	0	0.5	25
	chrI	75030	1	0.5	25
	chrI	75057	1	0.5	25
	chrI	75059	0	0.5	25
	chrI	75068	0	0.5	25
	chrI	75104	1	0.5	25
	chrI	75105	0	0.5	25
	chrI	75114	1	0.5	23
	chrI	75157	1	0.5	25
	chrI	75228	1	0.5	25
	chrI	75264	0	0.5	25
	chrI	75281	0	1.0	25
	chrI	75291	0	0.5	25
	chrI	75293	1	0.5	25
	chrI	75294	0	0.5	25
	chrI	75297	0	1.0	25
	chrI	75299	0	0.5	25
	chrI	75329	0	0.5	25
	chrI	75340	0	0.5	25
	chrI	75362	1	0.5	25
	chrI	75367	1	0.5	25
	chrI	75368	1	0.5	25
	chrI	75374	1	1.0	25
	chrI	75382	1	1.0	25
	chrI	75390	1	0.5	25
	chrI	75403	1	0.5	25
	chrI	75406	0	0.5	25
	chrI	75471	1	0.5	25
	chrI	75494	1	0.5	25
	chrI	75496	0	0.5	25
	chrI	75511	0	0.5	25
	chrI	75516	0	0.5	25
	chrI	75523	0	0.5	25
	chrI	75531	0	0.5	25
	chrI	75583	1	0.5	25
	chrI	75596	1	0.5	25
	chrI	75602	1	0.5	25
	chrI	75625	1	0.5	25
	chrI	75683	1	0.5	25
	chrI	75694	0	0.5	25
	chrI	75736	1	0.5	25
	chrI	75743	0	0.5	25
	chrI	75744	0	0.5	25
	chrI	75777	0	0.5	25
	chrI	75820	1	0.5	25
	chrI	75891	1	0.5	25
	chrI	75931	0	0.5	25
	chrI	75978	1	0.5	25
	chrI	76036	0	0.5	25
	chrI	76056	0	0.5	25
	chrI	76114	1	0.5	25
	chrI	76121	0	0.5	25
	chrI	76128	1	0.5	25
	chrI	76173	0	0.5	25
	chrI	76185	0	0.5	25
	chrI	76194	0	1.0	25
	chrI	76235	0	1.0	25
	chrI	76236	0	1.0	25
	chrI	76237	0	1.0	25
	chrI	76245	1	0.5	25
	chrI	76247	0	1.0	25
	chrI	76248	0	0.5	25
	chrI	76249	0	1.0	25
	chrI	76251	0	0.5	25
	chrI	76253	0	0.5	25
	chrI	76259	0	0.5	25
	chrI	76263	0	0.5	25
	chrI	76264	0	3.0	25
	chrI	76264	1	1.0	25
	chrI	76265	0	2.5	25
	chrI	76266	0	2.5	25
	chrI	76266	1	0.5	25
	chrI	76267	0	3.5	25
	chrI	76271	0	1.0	25
	chrI	76273	0	0.5	25
	chrI	76277	0	0.5	25
	chrI	76286	0	0.5	25
	chrI	76290	1	0.5	25
	chrI	76294	0	0.5	25
	chrI	76306	0	0.5	25
	chrI	76310	0	1.0	25
	chrI	76323	0	0.5	25
	chrI	76327	1	0.5	25
	chrI	76328	1	4.0	25
	chrI	76329	1	1.0	25
	chrI	76335	1	2.0	25
	chrI	76336	1	2.0	25
	chrI	76337	0	0.5	25
	chrI	76337	1	2.0	25
	chrI	76344	1	3.0	25
	chrI	76347	1	0.5	25
	chrI	76352	1	1.0	25
	chrI	76357	1	0.5	25
	chrI	76358	1	4.5	25
	chrI	76362	1	0.5	24
	chrI	76363	1	0.5	25
	chrI	76364	1	1.0	25
	chrI	76371	1	0.5	25
	chrI	76394	1	0.5	25
	chrI	76404	1	0.5	25
	chrI	76413	1	0.5	25
	chrI	76436	0	1.0	25
	chrI	76446	0	0.5	25
	chrI	76451	0	0.5	25
	chrI	76461	0	0.5	25
	chrI	76500	1	0.5	25
	chrI	76504	0	0.5	25
	chrI	76530	0	0.5	25
	chrI	76531	0	0.5	25
	chrI	76532	0	0.5	25
	chrI	76535	0	0.5	25
	chrI	76536	1	0.5	25
	chrI	76539	1	0.5	25
	chrI	76548	1	0.5	25
	chrI	76555	1	0.5	25
	chrI	76573	0	1.0	25
	chrI	76606	1	0.5	25
	chrI	76612	0	0.5	25
	chrI	76643	1	0.5	25
	chrI	76644	1	0.5	24
	chrI	76656	1	0.5	25
	chrI	76675	1	0.5	25
	chrI	76684	1	0.5	25
	chrI	76724	0	0.5	25
	chrI	76749	1	1.0	25
	chrI	76788	0	0.5	25
	chrI	76795	0	0.5	25
	chrI	76801	0	0.5	25
	chrI	76814	1	0.5	25
	chrI	76816	0	0.5	25
	chrI	76839	1	0.5	25
	chrI	76847	0	0.5	25
	chrI	76850	0	0.5	25
	chrI	76863	1	0.5	25
	chrI	76869	1	0.5	25
	chrI	76903	1	0.5	25
	chrI	76915	1	0.5	25
	chrI	76953	1	0.5	25
	chrI	77043	0	0.5	25
	chrI	77086	0	0.5	25
	chrI	77097	0	0.5	25
	chrI	77134	0	1.0	25
	chrI	77155	1	0.5	25
	chrI	77159	1	0.5	25
	chrI	77169	0	0.5	25
	chrI	77174	0	0.5	25
	chrI	77178	1	0.5	25
	chrI	77190	1	0.5	25
	chrI	77202	0	0.5	25
	chrI	77211	1	0.5	25
	chrI	77274	0	0.5	25
	chrI	77329	1	0.5	25
	chrI	77330	0	0.5	25
	chrI	77338	1	0.5	25
	chrI	77366	1	0.5	25
	chrI	77367	0	0.5	25
	chrI	77374	1	0.5	25
	chrI	77384	1	0.5	25
	chrI	77450	1	0.5	25
	chrI	77466	0	1.0	25
	chrI	77503	0	0.5	25
	chrI	77531	0	0.5	25
	chrI	77556	1	0.5	25
	chrI	77571	1	0.5	25
	chrI	77582	0	0.5	25
	chrI	77615	0	0.5	25
	chrI	77627	1	0.5	25
	chrI	77637	1	0.5	25
	chrI	77667	0	1.0	25
	chrI	77671	1	0.5	25
	chrI	77680	0	0.5	25
	chrI	77684	0	0.5	25
	chrI	77734	0	0.5	25
	chrI	77739	0	0.5	25
	chrI	77766	1	1.0	25
	chrI	77779	1	0.5	25
	chrI	77783	0	0.5	25
	chrI	77784	1	0.5	25
	chrI	77796	1	0.5	25
	chrI	77800	0	0.5	25
	chrI	77818	0	0.5	25
	chrI	77829	1	0.5	25
	chrI	77840	0	0.5	25
	chrI	77849	0	0.5	25
	chrI	77854	1	0.5	25
	chrI	77860	1	0.5	25
	chrI	77865	0	0.5	25
	chrI	77892	1	0.5	25
	chrI	77902	1	0.5	25
	chrI	77906	0	0.5	25
	chrI	77912	0	1.0	25
	chrI	77917	1	0.5	25
	chrI	77921	0	0.5	25
	chrI	77928	1	0.5	25
	chrI	77962	0	1.5	25
	chrI	77968	0	0.5	25
	chrI	77971	0	0.5	25
	chrI	77974	1	0.5	25
	chrI	77979	1	1.0	25
	chrI	77987	0	0.5	25
	chrI	77998	1	0.5	24
	chrI	78000	1	0.5	25
	chrI	78001	0	0.5	25
	chrI	78030	1	1.0	25
	chrI	78031	0	0.5	25
	chrI	78032	1	0.5	25
	chrI	78047	1	0.5	25
	chrI	78059	0	0.5	25
	chrI	78063	0	0.5	25
	chrI	78074	0	0.5	25
	chrI	78086	1	0.5	25
	chrI	78116	1	0.5	25
	chrI	78124	1	0.5	25
	chrI	78128	1	0.5	25
	chrI	78132	1	0.5	25
	chrI	78167	1	0.5	25
	chrI	78197	1	0.5	25
	chrI	78378	0	1.0	25
	chrI	78381	0	0.5	25
	chrI	78382	0	0.5	25
	chrI	78400	0	0.5	25
	chrI	78425	0	0.5	25
	chrI	78433	1	0.5	25
	chrI	78447	1	0.5	25
	chrI	78456	1	0.5	25
	chrI	78464	0	0.5	25
	chrI	78476	1	0.5	25
	chrI	78477	1	0.5	25
	chrI	78491	1	0.5	25
	chrI	78492	0	0.5	25
	chrI	78502	1	0.5	25
	chrI	78524	0	0.5	25
	chrI	78565	0	0.5	25
	chrI	78568	0	0.5	25
	chrI	78574	0	0.5	25
	chrI	78581	1	0.5	25
	chrI	78585	1	0.5	25
	chrI	78619	0	0.5	25
	chrI	78624	0	1.0	25
	chrI	78634	1	0.5	25
	chrI	78651	0	0.5	25
	chrI	78654	1	0.5	25
	chrI	78670	0	0.5	25
	chrI	78683	0	0.5	25
	chrI	78694	0	0.5	25
	chrI	78695	0	0.5	25
	chrI	78711	0	1.0	25
	chrI	78718	1	1.0	25
	chrI	78723	1	0.5	25
	chrI	78727	1	0.5	25
	chrI	78730	1	0.5	25
	chrI	78777	0	0.5	25
	chrI	78783	1	0.5	25
	chrI	78816	1	0.5	25
	chrI	78819	1	0.5	25
	chrI	78839	0	0.5	25
	chrI	78852	1	0.5	25
	chrI	78858	0	0.5	25
	chrI	78860	1	0.5	25
	chrI	78865	0	0.5	25
	chrI	78891	0	0.5	25
	chrI	78913	1	0.5	25
	chrI	78917	1	0.5	25
	chrI	78942	1	0.5	25
	chrI	78971	0	0.5	25
	chrI	78990	1	0.5	25
	chrI	79003	0	2.0	25
	chrI	79006	1	0.5	25
	chrI	79036	0	0.5	25
	chrI	79044	0	0.5	25
	chrI	79044	1	0.5	25
	chrI	79066	1	1.0	25
	chrI	79069	1	0.5	25
	chrI	79088	0	0.5	25
	chrI	79098	1	0.5	25
	chrI	79117	0	0.5	25
	chrI	79139	0	0.5	25
	chrI	79141	1	0.5	25
	chrI	79143	0	0.5	25
	chrI	79151	0	0.5	25
	chrI	79156	0	0.5	25
	chrI	79168	0	0.5	25
	chrI	79172	1	0.5	25
	chrI	79173	0	0.5	25
	chrI	79178	1	0.5	25
	chrI	79183	1	1.0	25
	chrI	79194	1	0.5	25
	chrI	79214	1	0.5	25
	chrI	79218	0	0.5	25
	chrI	79227	1	0.5	25
	chrI	79251	1	0.5	25
	chrI	79258	0	0.5	25
	chrI	79263	0	0.5	25
	chrI	79279	1	0.5	25
	chrI	79281	0	0.5	25
	chrI	79297	0	0.5	25
	chrI	79321	1	0.5	25
	chrI	79347	1	0.5	25
	chrI	79348	1	0.5	25
	chrI	79364	0	0.5	25
	chrI	79374	1	0.5	25
	chrI	79382	0	0.5	25
	chrI	79398	1	0.5	25
	chrI	79401	0	0.5	25
	chrI	79449	1	0.5	25
	chrI	79453	1	0.5	25
	chrI	79463	1	0.5	25
	chrI	79471	0	0.5	25
	chrI	79530	0	1.0	25
	chrI	79535	0	0.5	25
	chrI	79541	0	1.5	25
	chrI	79543	0	1.0	25
	chrI	79549	0	0.5	25
	chrI	79558	0	1.0	25
	chrI	79559	1	0.5	25
	chrI	79580	0	0.5	25
	chrI	79583	0	1.0	25
	chrI	79584	0	0.5	25
	chrI	79587	0	1.0	25
	chrI	79588	0	0.5	25
	chrI	79589	0	0.5	25
	chrI	79596	0	2.0	25
	chrI	79597	0	0.5	25
	chrI	79602	1	1.5	25
	chrI	79604	1	0.5	25
	chrI	79606	0	0.5	25
	chrI	79607	0	0.5	25
	chrI	79607	1	0.5	25
	chrI	79608	0	1.0	25
	chrI	79608	1	1.0	25
	chrI	79609	0	0.5	25
	chrI	79611	1	0.5	25
	chrI	79630	1	0.5	25
	chrI	79633	1	0.5	25
	chrI	79634	0	0.5	25
	chrI	79634	1	1.5	25
	chrI	79643	1	0.5	25
	chrI	79646	1	0.5	25
	chrI	79648	1	0.5	25
	chrI	79649	0	0.5	25
	chrI	79649	1	0.5	25
	chrI	79650	1	2.0	25
	chrI	79652	0	0.5	25
	chrI	79655	0	0.5	25
	chrI	79660	1	0.5	25
	chrI	79662	1	1.0	25
	chrI	79664	1	0.5	25
	chrI	79665	0	1.5	25
	chrI	79665	1	0.5	25
	chrI	79673	1	0.5	25
	chrI	79681	0	0.5	25
	chrI	79681	1	1.0	25
	chrI	79694	0	0.5	25
	chrI	79732	1	0.5	25
	chrI	79738	0	0.5	25
	chrI	79743	1	0.5	25
	chrI	79748	1	0.5	25
	chrI	79749	1	0.5	25
	chrI	79754	0	0.5	25
	chrI	79773	1	0.5	25
	chrI	79819	1	0.5	25
	chrI	79826	1	1.5	25
	chrI	79847	0	0.5	25
	chrI	79868	0	0.5	25
	chrI	79882	1	0.5	25
	chrI	79899	1	0.5	25
	chrI	79902	0	0.5	25
	chrI	79916	1	0.5	25
	chrI	79932	0	0.5	25
	chrI	79944	1	0.5	25
	chrI	79950	0	0.5	25
	chrI	79953	1	0.5	25
	chrI	79980	0	0.5	25
	chrI	79982	0	0.5	25
	chrI	79999	1	0.5	25
	chrI	80011	0	0.5	25
	chrI	80026	1	0.5	24
	chrI	80044	1	0.5	25
	chrI	80057	1	0.5	25
	chrI	80070	0	1.0	25
	chrI	80078	1	0.5	25
	chrI	80133	0	0.5	25
	chrI	80148	1	1.0	25
	chrI	80153	0	0.5	25
	chrI	80165	0	0.5	25
	chrI	80166	0	0.5	25
	chrI	80168	0	0.5	25
	chrI	80172	1	0.5	25
	chrI	80175	0	0.5	25
	chrI	80190	0	0.5	25
	chrI	80192	0	0.5	25
	chrI	80202	1	0.5	25
	chrI	80224	1	0.5	25
	chrI	80242	0	0.5	25
	chrI	80244	1	0.5	25
	chrI	80252	0	0.5	25
	chrI	80254	1	1.0	25
	chrI	80257	1	0.5	25
	chrI	80275	1	0.5	25
	chrI	80276	0	0.5	25
	chrI	80281	0	1.0	25
	chrI	80290	0	0.5	25
	chrI	80312	0	0.5	25
	chrI	80319	1	1.0	25
	chrI	80321	1	0.5	25
	chrI	80330	0	0.5	25
	chrI	80342	0	0.5	25
	chrI	80367	1	0.5	25
	chrI	80368	0	0.5	25
	chrI	80376	1	0.5	25
	chrI	80385	0	0.5	25
	chrI	80394	0	0.5	25
	chrI	80404	1	0.5	25
	chrI	80423	1	0.5	25
	chrI	80431	1	1.0	25
	chrI	80434	1	0.5	25
	chrI	80461	1	0.5	25
	chrI	80468	1	0.5	25
	chrI	80469	0	1.0	25
	chrI	80470	0	1.5	25
	chrI	80477	0	0.5	25
	chrI	80531	0	0.5	25
	chrI	80541	1	1.5	25
	chrI	80545	1	0.5	25
	chrI	80551	0	1.0	25
	chrI	80584	0	1.0	25
	chrI	80606	1	1.0	25
	chrI	80609	1	0.5	25
	chrI	80618	0	0.5	25
	chrI	80639	1	1.0	25
	chrI	80640	1	0.5	25
	chrI	80643	1	1.0	25
	chrI	80648	0	1.0	25
	chrI	80664	0	0.5	25
	chrI	80708	1	1.0	25
	chrI	80713	1	0.5	25
	chrI	80715	0	0.5	25
	chrI	80746	0	0.5	25
	chrI	80748	0	0.5	25
	chrI	80749	0	0.5	25
	chrI	80754	0	0.5	25
	chrI	80754	1	0.5	25
	chrI	80781	0	1.0	25
	chrI	80784	0	0.5	25
	chrI	80788	1	0.5	25
	chrI	80793	1	0.5	25
	chrI	80808	1	0.5	25
	chrI	80820	1	0.5	25
	chrI	80829	0	0.5	25
	chrI	80835	1	1.0	25
	chrI	80843	1	0.5	25
	chrI	80850	0	0.5	25
	chrI	80866	1	0.5	25
	chrI	80876	1	0.5	25
	chrI	80902	0	0.5	25
	chrI	80906	0	1.0	25
	chrI	80907	0	0.5	25
	chrI	80911	0	0.5	25
	chrI	80926	0	0.5	25
	chrI	80945	1	1.0	25
	chrI	80968	1	0.5	25
	chrI	80970	0	0.5	25
	chrI	80980	0	0.5	25
	chrI	81019	0	1.0	25
	chrI	81029	0	0.5	25
	chrI	81033	0	1.0	25
	chrI	81038	0	0.5	25
	chrI	81047	1	0.5	25
	chrI	81049	1	1.0	25
	chrI	81055	0	0.5	25
	chrI	81057	0	1.0	25
	chrI	81070	0	0.5	25
	chrI	81078	1	0.5	25
	chrI	81081	0	0.5	25
	chrI	81084	1	2.0	25
	chrI	81086	1	0.5	25
	chrI	81089	0	0.5	25
	chrI	81099	0	0.5	25
	chrI	81113	1	1.0	25
	chrI	81121	1	0.5	25
	chrI	81122	1	0.5	25
	chrI	81139	1	0.5	25
	chrI	81151	0	0.5	25
	chrI	81161	1	0.5	25
	chrI	81176	1	0.5	25
	chrI	81197	0	0.5	25
	chrI	81212	1	0.5	25
	chrI	81228	1	0.5	25
	chrI	81231	1	0.5	25
	chrI	81256	1	0.5	25
	chrI	81269	0	0.5	25
	chrI	81276	1	0.5	25
	chrI	81322	0	0.5	25
	chrI	81343	0	0.5	25
	chrI	81349	0	1.5	25
	chrI	81386	1	0.5	25
	chrI	81389	0	0.5	25
	chrI	81398	1	0.5	25
	chrI	81406	0	0.5	25
	chrI	81407	1	0.5	25
	chrI	81411	0	0.5	25
	chrI	81415	1	0.5	25
	chrI	81471	0	0.5	25
	chrI	81482	1	0.5	25
	chrI	81484	1	0.5	25
	chrI	81485	0	0.5	25
	chrI	81543	1	0.5	25
	chrI	81557	1	1.0	25
	chrI	81569	1	0.5	25
	chrI	81582	1	0.5	25
	chrI	81586	0	0.5	25
	chrI	81589	0	0.5	25
	chrI	81599	0	0.5	25
	chrI	81616	0	0.5	25
	chrI	81632	1	0.5	25
	chrI	81642	0	0.5	25
	chrI	81673	1	0.5	25
	chrI	81686	0	0.5	25
	chrI	81719	1	0.5	25
	chrI	81731	0	1.0	25
	chrI	81734	1	0.5	25
	chrI	81768	0	0.5	25
	chrI	81775	1	0.5	25
	chrI	81776	1	0.5	25
	chrI	81805	1	1.0	25
	chrI	81807	0	0.5	25
	chrI	81829	1	0.5	25
	chrI	81834	0	0.5	25
	chrI	81842	1	0.5	25
	chrI	81855	0	0.5	25
	chrI	81894	1	0.5	25
	chrI	81895	0	0.5	25
	chrI	81910	0	0.5	25
	chrI	81926	0	0.5	25
	chrI	81926	1	0.5	25
	chrI	81942	0	0.5	25
	chrI	81948	0	0.5	25
	chrI	81969	0	0.5	25
	chrI	81975	1	0.5	25
	chrI	81978	0	1.0	25
	chrI	81991	1	0.5	25
	chrI	82003	1	0.5	25
	chrI	82005	0	0.5	25
	chrI	82014	0	0.5	25
	chrI	82017	0	1.0	25
	chrI	82028	0	1.0	25
	chrI	82044	0	0.5	25
	chrI	82052	0	0.5	25
	chrI	82061	1	0.5	25
	chrI	82062	1	1.0	25
	chrI	82063	0	3.0	25
	chrI	82063	1	1.0	25
	chrI	82064	0	3.0	25
	chrI	82068	0	1.0	25
	chrI	82069	0	0.5	25
	chrI	82071	0	0.5	24
	chrI	82071	0	1.0	25
	chrI	82075	0	0.5	25
	chrI	82077	0	0.5	25
	chrI	82085	0	0.5	25
	chrI	82091	1	0.5	25
	chrI	82096	1	1.0	25
	chrI	82103	1	1.0	25
	chrI	82125	1	1.0	25
	chrI	82126	1	2.0	25
	chrI	82133	1	1.5	25
	chrI	82134	1	3.5	25
	chrI	82135	1	1.0	25
	chrI	82138	0	0.5	25
	chrI	82142	0	0.5	25
	chrI	82142	1	0.5	25
	chrI	82143	1	1.0	25
	chrI	82151	1	1.5	25
	chrI	82195	1	0.5	25
	chrI	82208	0	1.5	25
	chrI	82224	1	0.5	25
	chrI	82340	1	1.5	25
	chrI	82427	0	1.0	25
	chrI	82429	0	0.5	25
	chrI	82435	0	0.5	25
	chrI	82440	0	0.5	25
	chrI	82441	0	0.5	25
	chrI	82446	0	0.5	25
	chrI	82492	0	0.5	25
	chrI	82494	0	0.5	25
	chrI	82501	1	0.5	25
	chrI	82502	1	1.0	25
	chrI	82503	0	0.5	25
	chrI	82508	0	0.5	25
	chrI	82525	1	0.5	25
	chrI	82552	0	0.5	25
	chrI	82552	1	0.5	25
	chrI	82558	1	0.5	25
	chrI	82559	0	0.5	25
	chrI	82571	1	1.0	25
	chrI	82585	0	0.5	25
	chrI	82596	0	0.5	25
	chrI	82596	1	0.5	25
	chrI	82603	0	0.5	25
	chrI	82604	1	0.5	25
	chrI	82622	0	0.5	25
	chrI	82622	1	0.5	25
	chrI	82623	0	2.0	25
	chrI	82624	1	0.5	25
	chrI	82631	0	0.5	25
	chrI	82650	1	0.5	25
	chrI	82654	0	0.5	25
	chrI	82654	1	0.5	25
	chrI	82661	1	0.5	25
	chrI	82668	1	0.5	25
	chrI	82669	1	0.5	25
	chrI	82670	0	1.0	25
	chrI	82673	1	0.5	25
	chrI	82674	0	0.5	25
	chrI	82679	1	0.5	25
	chrI	82680	0	0.5	25
	chrI	82694	0	1.0	25
	chrI	82703	1	0.5	25
	chrI	82716	1	0.5	25
	chrI	82720	0	0.5	25
	chrI	82728	0	0.5	25
	chrI	82729	1	0.5	25
	chrI	82731	0	0.5	25
	chrI	82774	1	0.5	25
	chrI	82784	1	1.0	25
	chrI	82791	0	0.5	25
	chrI	82798	1	0.5	25
	chrI	82824	1	1.0	25
	chrI	82831	0	0.5	25
	chrI	82838	1	1.5	25
	chrI	82839	0	0.5	25
	chrI	82839	1	0.5	25
	chrI	82842	0	0.5	25
	chrI	82885	1	0.5	25
	chrI	82888	0	0.5	25
	chrI	82897	0	0.5	25
	chrI	82898	0	0.5	25
	chrI	82898	1	0.5	25
	chrI	82919	0	0.5	25
	chrI	82931	0	0.5	25
	chrI	82933	0	0.5	25
	chrI	82938	0	0.5	25
	chrI	82953	1	0.5	25
	chrI	82954	0	0.5	25
	chrI	82962	1	0.5	25
	chrI	82965	0	0.5	25
	chrI	82972	1	0.5	25
	chrI	82979	1	0.5	25
	chrI	82982	0	0.5	25
	chrI	82989	1	0.5	25
	chrI	83003	1	0.5	25
	chrI	83004	1	0.5	25
	chrI	83009	0	0.5	25
	chrI	83013	1	1.0	25
	chrI	83014	1	0.5	25
	chrI	83018	1	0.5	25
	chrI	83044	1	0.5	25
	chrI	83050	0	0.5	25
	chrI	83072	1	0.5	25
	chrI	83076	0	0.5	25
	chrI	83112	1	0.5	25
	chrI	83161	0	0.5	25
	chrI	83168	1	0.5	25
	chrI	83211	0	0.5	25
	chrI	83221	0	0.5	25
	chrI	83257	0	0.5	25
	chrI	83263	1	0.5	25
	chrI	83282	0	1.0	25
	chrI	83283	0	1.0	25
	chrI	83284	0	0.5	25
	chrI	83287	0	0.5	25
	chrI	83289	0	1.0	25
	chrI	83321	1	0.5	25
	chrI	83330	1	0.5	25
	chrI	83334	0	0.5	25
	chrI	83336	1	1.5	25
	chrI	83344	1	0.5	25
	chrI	83368	0	0.5	25
	chrI	83388	0	0.5	25
	chrI	83401	0	0.5	25
	chrI	83406	0	0.5	25
	chrI	83406	1	1.0	25
	chrI	83429	0	0.5	25
	chrI	83430	1	0.5	25
	chrI	83439	1	0.5	25
	chrI	83460	1	0.5	25
	chrI	83463	0	0.5	25
	chrI	83463	1	0.5	25
	chrI	83464	1	1.5	25
	chrI	83469	1	0.5	25
	chrI	83480	0	0.5	25
	chrI	83486	0	0.5	25
	chrI	83503	1	0.5	25
	chrI	83504	1	0.5	25
	chrI	83525	1	0.5	25
	chrI	83538	0	0.5	25
	chrI	83544	0	0.5	25
	chrI	83564	0	0.5	25
	chrI	83568	1	0.5	25
	chrI	83569	0	0.5	25
	chrI	83594	0	1.0	25
	chrI	83608	1	0.5	25
	chrI	83626	0	0.5	25
	chrI	83637	1	0.5	25
	chrI	83645	1	0.5	25
	chrI	83655	1	1.0	25
	chrI	83677	0	0.5	25
	chrI	83681	1	0.5	25
	chrI	83691	0	1.0	25
	chrI	83694	1	0.5	25
	chrI	83700	0	0.5	25
	chrI	83746	1	0.5	25
	chrI	83768	1	0.5	25
	chrI	83770	0	0.5	25
	chrI	83780	1	1.0	25
	chrI	83823	1	0.5	25
	chrI	83919	0	0.5	25
	chrI	83955	1	0.5	25
	chrI	83992	0	0.5	25
	chrI	84018	0	0.5	25
	chrI	84032	0	1.0	25
	chrI	84049	1	0.5	25
	chrI	84057	0	1.0	25
	chrI	84068	0	0.5	25
	chrI	84113	1	0.5	25
	chrI	84136	1	0.5	25
	chrI	84142	1	1.0	25
	chrI	84161	1	1.0	25
	chrI	84168	0	0.5	25
	chrI	84178	0	0.5	25
	chrI	84216	0	0.5	25
	chrI	84289	1	0.5	25
	chrI	84291	1	0.5	25
	chrI	84297	0	0.5	25
	chrI	84328	0	0.5	25
	chrI	84346	0	0.5	25
	chrI	84361	1	0.5	25
	chrI	84368	1	0.5	25
	chrI	84369	0	0.5	25
	chrI	84370	0	0.5	25
	chrI	84386	0	0.5	25
	chrI	84386	1	0.5	25
	chrI	84387	0	0.5	25
	chrI	84391	0	0.5	25
	chrI	84392	0	0.5	25
	chrI	84396	0	0.5	25
	chrI	84397	0	0.5	25
	chrI	84404	0	0.5	25
	chrI	84405	1	0.5	25
	chrI	84415	0	0.5	25
	chrI	84429	1	0.5	25
	chrI	84437	0	0.5	25
	chrI	84443	1	0.5	25
	chrI	84446	1	1.0	25
	chrI	84448	0	0.5	25
	chrI	84467	0	0.5	25
	chrI	84467	1	0.5	23
	chrI	84472	1	0.5	25
	chrI	84475	0	0.5	25
	chrI	84478	1	0.5	25
	chrI	84481	1	0.5	25
	chrI	84485	1	0.5	25
	chrI	84488	0	0.5	25
	chrI	84488	1	0.5	23
	chrI	84508	1	0.5	25
	chrI	84526	0	0.5	25
	chrI	84526	1	0.5	25
	chrI	84529	0	1.5	25
	chrI	84534	0	1.0	25
	chrI	84535	0	0.5	25
	chrI	84536	0	0.5	25
	chrI	84537	0	2.0	25
	chrI	84546	1	0.5	25
	chrI	84550	1	0.5	25
	chrI	84551	0	1.5	25
	chrI	84555	0	1.0	25
	chrI	84573	0	1.0	25
	chrI	84578	0	0.5	25
	chrI	84579	1	0.5	25
	chrI	84583	0	0.5	25
	chrI	84593	1	0.5	25
	chrI	84597	1	0.5	25
	chrI	84600	1	0.5	25
	chrI	84602	1	1.5	25
	chrI	84605	1	0.5	25
	chrI	84607	0	0.5	25
	chrI	84607	1	0.5	25
	chrI	84608	0	0.5	25
	chrI	84608	1	0.5	25
	chrI	84609	1	0.5	25
	chrI	84610	1	0.5	25
	chrI	84611	1	0.5	25
	chrI	84613	0	0.5	25
	chrI	84613	1	1.0	25
	chrI	84622	0	0.5	25
	chrI	84626	1	0.5	25
	chrI	84627	0	0.5	25
	chrI	84634	1	0.5	25
	chrI	84639	1	0.5	25
	chrI	84644	0	0.5	25
	chrI	84647	1	1.0	25
	chrI	84649	0	0.5	25
	chrI	84673	1	0.5	25
	chrI	84683	0	0.5	25
	chrI	84686	1	0.5	25
	chrI	84689	0	0.5	24
	chrI	84690	1	0.5	25
	chrI	84693	1	0.5	25
	chrI	84695	0	0.5	25
	chrI	84706	1	0.5	25
	chrI	84718	1	0.5	25
	chrI	84722	0	0.5	25
	chrI	84729	0	0.5	25
	chrI	84734	1	1.0	25
	chrI	84737	1	0.5	25
	chrI	84741	0	0.5	25
	chrI	84743	0	0.5	25
	chrI	84745	0	0.5	25
	chrI	84759	1	0.5	25
	chrI	84771	1	0.5	25
	chrI	84780	0	0.5	25
	chrI	84784	1	0.5	25
	chrI	84786	0	0.5	25
	chrI	84797	0	1.0	25
	chrI	84800	1	0.5	25
	chrI	84801	1	0.5	25
	chrI	84808	0	0.5	25
	chrI	84809	1	0.5	25
	chrI	84816	1	0.5	25
	chrI	84819	0	0.5	25
	chrI	84830	0	1.0	25
	chrI	84831	0	0.5	25
	chrI	84843	1	0.5	25
	chrI	84846	0	0.5	25
	chrI	84852	0	0.5	25
	chrI	84858	1	1.0	25
	chrI	84863	1	0.5	25
	chrI	84867	0	0.5	25
	chrI	84890	0	0.5	25
	chrI	84905	1	0.5	25
	chrI	84910	1	0.5	25
	chrI	84919	1	1.0	25
	chrI	84920	1	0.5	25
	chrI	84926	0	0.5	25
	chrI	84939	0	0.5	25
	chrI	84944	0	0.5	25
	chrI	84945	0	0.5	25
	chrI	84951	1	0.5	25
	chrI	84952	1	1.0	25
	chrI	84953	1	0.5	25
	chrI	84963	1	0.5	25
	chrI	84977	0	0.5	25
	chrI	84980	1	0.5	25
	chrI	85003	1	0.5	25
	chrI	85027	1	0.5	25
	chrI	85028	1	0.5	25
	chrI	85071	0	0.5	24
	chrI	85104	0	0.5	25
	chrI	85113	0	0.5	25
	chrI	85121	1	0.5	25
	chrI	85130	0	0.5	25
	chrI	85144	1	0.5	25
	chrI	85166	0	0.5	25
	chrI	85175	1	0.5	25
	chrI	85192	0	0.5	25
	chrI	85195	1	0.5	25
	chrI	85201	0	0.5	25
	chrI	85208	0	0.5	25
	chrI	85214	1	0.5	25
	chrI	85254	1	0.5	25
	chrI	85263	1	0.5	25
	chrI	85283	1	0.5	25
	chrI	85293	0	0.5	25
	chrI	85299	0	0.5	25
	chrI	85322	0	1.0	25
	chrI	85348	1	0.5	25
	chrI	85365	1	0.5	25
	chrI	85379	1	0.5	25
	chrI	85433	0	0.5	25
	chrI	85462	0	0.5	25
	chrI	85462	1	0.5	25
	chrI	85475	0	0.5	25
	chrI	85510	0	0.5	25
	chrI	85522	1	0.5	25
	chrI	85523	1	1.0	25
	chrI	85547	0	0.5	25
	chrI	85587	1	0.5	25
	chrI	85588	0	0.5	25
	chrI	85618	1	0.5	25
	chrI	85676	0	0.5	25
	chrI	85699	0	0.5	25
	chrI	85702	1	0.5	25
	chrI	85706	0	0.5	25
	chrI	85715	1	0.5	25
	chrI	85738	0	0.5	25
	chrI	85759	0	0.5	25
	chrI	85761	1	0.5	25
	chrI	85766	1	0.5	25
	chrI	85771	0	0.5	25
	chrI	85777	1	0.5	25
	chrI	85783	1	0.5	25
	chrI	85790	0	0.5	25
	chrI	85813	1	0.5	25
	chrI	85833	1	0.5	25
	chrI	85842	1	0.5	25
	chrI	85877	0	0.5	25
	chrI	85880	0	0.5	25
	chrI	85883	0	0.5	25
	chrI	85924	1	0.5	25
	chrI	85947	1	0.5	25
	chrI	85961	1	0.5	25
	chrI	85962	0	0.5	25
	chrI	85993	0	0.5	25
	chrI	85997	0	1.0	25
	chrI	86004	1	0.5	25
	chrI	86012	0	0.5	25
	chrI	86016	0	0.5	25
	chrI	86020	0	0.5	25
	chrI	86047	1	0.5	25
	chrI	86051	0	0.5	25
	chrI	86067	1	0.5	25
	chrI	86069	1	0.5	25
	chrI	86080	0	0.5	25
	chrI	86115	1	1.0	25
	chrI	86138	0	1.5	25
	chrI	86153	1	0.5	25
	chrI	86178	0	0.5	25
	chrI	86181	1	0.5	25
	chrI	86184	1	0.5	25
	chrI	86195	0	0.5	25
	chrI	86196	1	0.5	25
	chrI	86210	0	0.5	25
	chrI	86215	1	0.5	25
	chrI	86249	0	0.5	25
	chrI	86249	1	0.5	25
	chrI	86251	1	0.5	25
	chrI	86255	0	0.5	25
	chrI	86258	1	0.5	25
	chrI	86262	0	0.5	25
	chrI	86278	0	0.5	25
	chrI	86290	0	0.5	25
	chrI	86291	0	1.0	25
	chrI	86296	0	1.0	25
	chrI	86298	1	0.5	25
	chrI	86306	0	0.5	25
	chrI	86321	1	0.5	25
	chrI	86323	1	0.5	25
	chrI	86329	1	0.5	25
	chrI	86343	1	0.5	25
	chrI	86345	0	0.5	25
	chrI	86364	1	1.0	25
	chrI	86373	0	0.5	25
	chrI	86380	1	1.0	25
	chrI	86416	1	0.5	25
	chrI	86435	1	0.5	25
	chrI	86455	1	0.5	25
	chrI	86462	0	0.5	25
	chrI	86491	1	0.5	25
	chrI	86517	0	0.5	25
	chrI	86520	0	0.5	25
	chrI	86526	1	0.5	25
	chrI	86528	0	0.5	25
	chrI	86536	0	0.5	25
	chrI	86547	0	0.5	25
	chrI	86566	0	0.5	25
	chrI	86576	0	1.0	25
	chrI	86591	0	0.5	25
	chrI	86598	1	0.5	25
	chrI	86608	1	1.0	25
	chrI	86631	0	1.0	25
	chrI	86631	1	0.5	25
	chrI	86634	1	1.0	25
	chrI	86644	0	0.5	25
	chrI	86663	1	0.5	25
	chrI	86664	1	0.5	25
	chrI	86676	1	0.5	25
	chrI	86679	0	0.5	25
	chrI	86681	0	0.5	25
	chrI	86694	0	0.5	25
	chrI	86698	1	0.5	25
	chrI	86732	1	0.5	25
	chrI	86741	1	0.5	25
	chrI	86762	1	0.5	25
	chrI	86773	0	0.5	25
	chrI	86784	0	0.5	25
	chrI	86799	1	0.5	25
	chrI	86810	0	0.5	25
	chrI	86824	0	0.5	25
	chrI	86845	1	0.5	25
	chrI	86874	0	0.5	25
	chrI	86881	1	0.5	25
	chrI	86896	1	0.5	25
	chrI	86901	0	0.5	25
	chrI	86902	0	0.5	25
	chrI	86904	0	0.5	25
	chrI	86914	1	0.5	25
	chrI	86917	0	1.0	25
	chrI	86922	0	1.0	25
	chrI	86924	0	1.0	25
	chrI	86926	1	0.5	25
	chrI	86931	0	0.5	25
	chrI	86937	1	0.5	25
	chrI	86954	0	1.0	25
	chrI	86957	1	0.5	25
	chrI	86962	0	0.5	25
	chrI	86966	0	0.5	25
	chrI	86974	1	0.5	25
	chrI	87005	1	0.5	25
	chrI	87006	1	1.0	25
	chrI	87024	1	0.5	25
	chrI	87025	0	0.5	25
	chrI	87032	1	0.5	25
	chrI	87034	1	0.5	25
	chrI	87035	0	0.5	25
	chrI	87037	1	0.5	25
	chrI	87040	0	0.5	25
	chrI	87044	0	0.5	25
	chrI	87066	0	0.5	25
	chrI	87069	1	0.5	25
	chrI	87077	0	0.5	25
	chrI	87087	0	1.0	25
	chrI	87108	0	0.5	25
	chrI	87120	0	1.5	25
	chrI	87120	1	0.5	25
	chrI	87121	0	2.5	25
	chrI	87122	0	1.5	25
	chrI	87126	1	1.5	25
	chrI	87127	0	0.5	25
	chrI	87128	0	2.5	25
	chrI	87129	0	1.0	25
	chrI	87130	1	0.5	25
	chrI	87131	0	3.5	25
	chrI	87132	0	2.5	25
	chrI	87133	0	1.5	25
	chrI	87144	0	0.5	25
	chrI	87149	0	0.5	23
	chrI	87154	0	0.5	25
	chrI	87155	0	0.5	25
	chrI	87157	0	1.0	25
	chrI	87166	0	0.5	25
	chrI	87178	1	0.5	25
	chrI	87179	1	1.0	25
	chrI	87181	1	0.5	25
	chrI	87182	1	1.5	25
	chrI	87184	0	0.5	25
	chrI	87187	1	0.5	25
	chrI	87190	1	2.0	25
	chrI	87196	1	0.5	25
	chrI	87204	1	9.0	25
	chrI	87205	1	1.0	25
	chrI	87206	1	2.0	25
	chrI	87207	0	1.0	25
	chrI	87207	1	1.5	25
	chrI	87220	1	0.5	25
	chrI	87226	1	1.0	25
	chrI	87227	1	1.0	25
	chrI	87229	1	1.5	25
	chrI	87233	0	1.0	25
	chrI	87266	1	0.5	25
	chrI	87281	0	1.0	25
	chrI	87293	0	0.5	25
	chrI	87302	1	0.5	25
	chrI	87333	0	0.5	25
	chrI	87338	1	1.0	25
	chrI	87340	1	0.5	25
	chrI	87346	1	0.5	25
	chrI	87380	1	0.5	25
	chrI	87389	1	0.5	25
	chrI	87405	1	0.5	25
	chrI	87422	0	0.5	25
	chrI	87424	0	0.5	25
	chrI	87437	0	0.5	25
	chrI	87438	0	0.5	25
	chrI	87454	1	0.5	25
	chrI	87488	0	0.5	25
	chrI	87520	1	0.5	25
	chrI	87539	0	0.5	25
	chrI	87546	0	0.5	25
	chrI	87561	1	0.5	25
	chrI	87563	1	0.5	25
	chrI	87564	0	1.0	25
	chrI	87572	0	0.5	25
	chrI	87588	1	0.5	25
	chrI	87598	0	0.5	25
	chrI	87599	0	1.0	25
	chrI	87630	1	0.5	25
	chrI	87635	1	0.5	25
	chrI	87636	0	0.5	25
	chrI	87645	0	0.5	25
	chrI	87649	0	0.5	25
	chrI	87656	1	0.5	25
	chrI	87664	1	0.5	25
	chrI	87665	0	0.5	25
	chrI	87669	1	0.5	25
	chrI	87675	1	0.5	25
	chrI	87686	0	0.5	25
	chrI	87700	1	0.5	25
	chrI	87701	1	0.5	25
	chrI	87708	1	0.5	25
	chrI	87730	1	0.5	25
	chrI	87744	0	0.5	25
	chrI	87772	1	0.5	25
	chrI	87775	0	0.5	25
	chrI	87775	1	0.5	25
	chrI	87791	1	0.5	25
	chrI	87808	1	0.5	25
	chrI	87813	0	0.5	25
	chrI	87813	1	0.5	25
	chrI	87814	1	0.5	25
	chrI	87817	0	0.5	25
	chrI	87832	0	0.5	25
	chrI	87845	0	0.5	25
	chrI	87850	0	0.5	25
	chrI	87866	0	0.5	25
	chrI	87876	0	0.5	25
	chrI	87887	1	1.0	25
	chrI	87891	0	0.5	25
	chrI	87906	1	0.5	25
	chrI	87920	1	0.5	25
	chrI	87923	1	0.5	25
	chrI	87930	0	3.0	25
	chrI	87931	0	1.0	25
	chrI	87940	1	0.5	25
	chrI	87964	1	0.5	25
	chrI	87967	0	0.5	25
	chrI	87986	1	0.5	25
	chrI	87996	1	0.5	25
	chrI	87997	1	0.5	25
	chrI	88011	0	0.5	25
	chrI	88017	1	1.5	25
	chrI	88033	0	0.5	25
	chrI	88033	1	0.5	25
	chrI	88035	0	0.5	25
	chrI	88042	0	0.5	25
	chrI	88079	0	0.5	25
	chrI	88080	0	0.5	25
	chrI	88103	1	0.5	25
	chrI	88104	0	0.5	25
	chrI	88104	1	0.5	25
	chrI	88105	1	1.5	25
	chrI	88108	0	0.5	25
	chrI	88119	1	0.5	25
	chrI	88148	0	0.5	25
	chrI	88148	1	0.5	25
	chrI	88170	1	0.5	25
	chrI	88173	1	0.5	25
	chrI	88183	1	0.5	25
	chrI	88198	1	0.5	25
	chrI	88216	1	0.5	25
	chrI	88222	0	0.5	25
	chrI	88277	0	0.5	25
	chrI	88292	1	0.5	25
	chrI	88299	0	0.5	25
	chrI	88310	0	0.5	25
	chrI	88342	0	1.0	25
	chrI	88356	1	0.5	25
	chrI	88395	0	0.5	25
	chrI	88399	0	1.0	25
	chrI	88415	1	0.5	25
	chrI	88417	1	0.5	25
	chrI	88449	1	0.5	25
	chrI	88468	1	1.0	25
	chrI	88504	0	0.5	25
	chrI	88513	0	0.5	25
	chrI	88514	0	1.5	25
	chrI	88545	1	1.0	25
	chrI	88560	1	0.5	25
	chrI	88577	1	0.5	25
	chrI	88578	1	0.5	25
	chrI	88639	0	0.5	25
	chrI	88649	1	1.0	25
	chrI	88655	0	0.5	25
	chrI	88698	0	0.5	25
	chrI	88707	0	1.0	25
	chrI	88708	1	0.5	25
	chrI	88710	0	0.5	25
	chrI	88735	1	0.5	25
	chrI	88746	0	0.5	25
	chrI	88749	0	0.5	25
	chrI	88753	0	0.5	25
	chrI	88762	0	1.0	25
	chrI	88767	0	0.5	25
	chrI	88771	0	1.0	25
	chrI	88780	0	0.5	25
	chrI	88785	1	0.5	25
	chrI	88798	0	0.5	25
	chrI	88804	1	0.5	25
	chrI	88808	0	0.5	25
	chrI	88811	0	0.5	25
	chrI	88813	0	0.5	25
	chrI	88814	0	0.5	25
	chrI	88821	1	0.5	25
	chrI	88822	0	0.5	25
	chrI	88825	1	0.5	25
	chrI	88827	0	1.0	25
	chrI	88833	1	1.0	25
	chrI	88834	0	0.5	25
	chrI	88838	1	0.5	25
	chrI	88841	1	0.5	25
	chrI	88842	1	0.5	25
	chrI	88843	1	0.5	25
	chrI	88854	0	0.5	25
	chrI	88859	1	0.5	25
	chrI	88861	1	1.0	25
	chrI	88862	1	0.5	25
	chrI	88863	1	0.5	25
	chrI	88875	1	0.5	25
	chrI	88882	1	0.5	25
	chrI	88883	0	0.5	25
	chrI	88887	1	0.5	25
	chrI	88900	1	1.0	25
	chrI	88912	1	0.5	25
	chrI	88923	1	0.5	25
	chrI	88946	1	0.5	25
	chrI	88979	0	0.5	25
	chrI	89013	1	0.5	25
	chrI	89015	0	0.5	25
	chrI	89042	1	0.5	25
	chrI	89058	0	0.5	25
	chrI	89068	0	0.5	25
	chrI	89073	1	0.5	25
	chrI	89079	0	0.5	25
	chrI	89091	0	0.5	25
	chrI	89105	0	1.0	25
	chrI	89113	0	0.5	25
	chrI	89116	1	0.5	25
	chrI	89119	1	0.5	25
	chrI	89150	0	0.5	25
	chrI	89158	1	0.5	25
	chrI	89164	1	0.5	25
	chrI	89168	0	0.5	25
	chrI	89184	0	0.5	25
	chrI	89184	1	0.5	25
	chrI	89198	1	1.0	25
	chrI	89202	0	0.5	25
	chrI	89205	0	0.5	25
	chrI	89213	0	0.5	25
	chrI	89228	0	1.0	25
	chrI	89255	0	0.5	25
	chrI	89259	1	0.5	25
	chrI	89274	1	0.5	25
	chrI	89286	0	0.5	25
	chrI	89287	1	0.5	25
	chrI	89297	1	0.5	25
	chrI	89313	1	1.5	25
	chrI	89324	0	0.5	25
	chrI	89339	1	0.5	25
	chrI	89368	1	0.5	25
	chrI	89379	0	0.5	25
	chrI	89379	1	0.5	25
	chrI	89392	0	0.5	25
	chrI	89402	0	0.5	25
	chrI	89423	0	0.5	25
	chrI	89461	0	0.5	25
	chrI	89471	1	0.5	25
	chrI	89479	1	0.5	25
	chrI	89481	1	0.5	25
	chrI	89483	0	0.5	25
	chrI	89493	1	0.5	25
	chrI	89525	1	0.5	25
	chrI	89578	1	0.5	25
	chrI	89587	0	0.5	25
	chrI	89601	1	0.5	25
	chrI	89627	0	0.5	25
	chrI	89632	0	0.5	25
	chrI	89656	1	0.5	25
	chrI	89681	1	0.5	25
	chrI	89686	0	0.5	25
	chrI	89716	0	1.0	25
	chrI	89726	1	0.5	25
	chrI	89745	1	0.5	25
	chrI	89773	1	0.5	25
	chrI	89783	0	0.5	25
	chrI	89783	1	0.5	25
	chrI	89811	0	0.5	25
	chrI	89840	1	0.5	25
	chrI	89842	0	0.5	25
	chrI	89877	1	0.5	25
	chrI	89883	0	0.5	25
	chrI	89886	0	0.5	25
	chrI	89909	0	0.5	25
	chrI	89952	1	0.5	25
	chrI	89977	0	0.5	25
	chrI	89977	1	0.5	25
	chrI	89978	1	0.5	25
	chrI	90000	1	0.5	25
	chrI	90008	0	0.5	25
	chrI	90013	0	1.0	25
	chrI	90030	0	1.0	25
	chrI	90059	1	0.5	25
	chrI	90075	1	0.5	25
	chrI	90085	1	1.0	25
	chrI	90087	1	0.5	25
	chrI	90137	0	0.5	25
	chrI	90161	1	0.5	25
	chrI	90177	0	1.0	25
	chrI	90205	0	0.5	25
	chrI	90260	1	1.0	25
	chrI	90263	1	0.5	25
	chrI	90285	1	0.5	25
	chrI	90323	0	1.0	25
	chrI	90331	0	0.5	25
	chrI	90381	1	0.5	25
	chrI	90389	1	0.5	25
	chrI	90398	1	0.5	25
	chrI	90399	0	0.5	25
	chrI	90408	0	0.5	25
	chrI	90454	0	0.5	25
	chrI	90460	1	0.5	25
	chrI	90466	1	0.5	25
	chrI	90478	0	0.5	25
	chrI	90499	0	0.5	25
	chrI	90533	1	0.5	25
	chrI	90551	0	0.5	25
	chrI	90561	0	0.5	25
	chrI	90577	0	0.5	25
	chrI	90579	0	0.5	25
	chrI	90579	1	0.5	25
	chrI	90590	0	0.5	25
	chrI	90609	1	0.5	25
	chrI	90626	0	0.5	25
	chrI	90640	1	0.5	25
	chrI	90650	1	0.5	25
	chrI	90659	1	0.5	25
	chrI	90664	0	0.5	25
	chrI	90671	1	0.5	25
	chrI	90685	1	0.5	25
	chrI	90700	0	0.5	25
	chrI	90728	1	0.5	25
	chrI	90742	1	0.5	25
	chrI	90762	0	0.5	25
	chrI	90799	1	0.5	25
	chrI	90805	0	0.5	25
	chrI	90810	0	0.5	25
	chrI	90853	0	0.5	25
	chrI	90857	0	0.5	25
	chrI	90859	0	0.5	25
	chrI	90868	1	0.5	25
	chrI	90875	1	0.5	25
	chrI	90884	1	0.5	25
	chrI	90886	0	0.5	25
	chrI	90889	1	0.5	25
	chrI	90918	0	1.5	25
	chrI	90923	1	0.5	25
	chrI	90940	0	1.0	25
	chrI	90960	1	0.5	25
	chrI	90976	1	1.5	25
	chrI	90981	0	0.5	25
	chrI	90981	1	0.5	25
	chrI	90984	0	0.5	25
	chrI	91002	1	0.5	25
	chrI	91021	0	0.5	25
	chrI	91058	1	0.5	25
	chrI	91069	1	0.5	25
	chrI	91086	1	0.5	25
	chrI	91199	1	0.5	25
	chrI	91240	0	0.5	25
	chrI	91241	0	0.5	25
	chrI	91243	0	0.5	25
	chrI	91259	0	0.5	25
	chrI	91261	0	1.0	25
	chrI	91300	1	0.5	25
	chrI	91303	0	0.5	25
	chrI	91304	1	1.0	25
	chrI	91319	1	0.5	25
	chrI	91321	1	0.5	25
	chrI	91338	0	0.5	25
	chrI	91352	0	0.5	25
	chrI	91352	1	0.5	25
	chrI	91364	0	0.5	25
	chrI	91373	1	0.5	25
	chrI	91388	0	0.5	25
	chrI	91391	0	0.5	25
	chrI	91400	0	0.5	25
	chrI	91405	0	0.5	25
	chrI	91429	0	0.5	25
	chrI	91431	1	0.5	25
	chrI	91435	0	0.5	25
	chrI	91451	1	0.5	25
	chrI	91461	1	0.5	25
	chrI	91467	0	1.0	25
	chrI	91476	1	0.5	25
	chrI	91478	1	0.5	25
	chrI	91492	1	0.5	25
	chrI	91505	1	0.5	25
	chrI	91522	1	0.5	25
	chrI	91527	0	1.0	25
	chrI	91535	0	0.5	25
	chrI	91544	1	0.5	25
	chrI	91550	1	0.5	25
	chrI	91554	1	0.5	25
	chrI	91607	1	0.5	25
	chrI	91608	1	0.5	25
	chrI	91619	0	0.5	25
	chrI	91636	0	0.5	25
	chrI	91647	0	0.5	25
	chrI	91659	1	0.5	25
	chrI	91674	0	0.5	25
	chrI	91682	0	0.5	25
	chrI	91684	1	0.5	25
	chrI	91697	1	0.5	25
	chrI	91718	0	0.5	25
	chrI	91718	1	0.5	25
	chrI	91741	1	0.5	25
	chrI	91761	0	0.5	25
	chrI	91784	1	0.5	25
	chrI	91791	0	0.5	25
	chrI	91817	0	0.5	25
	chrI	91825	1	0.5	25
	chrI	91834	1	0.5	25
	chrI	91840	0	0.5	25
	chrI	91841	0	0.5	25
	chrI	91847	1	0.5	25
	chrI	91848	0	0.5	25
	chrI	91877	1	0.5	25
	chrI	91893	1	0.5	25
	chrI	91909	1	0.5	25
	chrI	91914	0	0.5	25
	chrI	91927	0	0.5	25
	chrI	91955	0	1.0	25
	chrI	91968	0	0.5	25
	chrI	91969	1	0.5	25
	chrI	91971	0	0.5	25
	chrI	91984	1	0.5	25
	chrI	91992	0	0.5	25
	chrI	91997	0	0.5	25
	chrI	92029	1	0.5	25
	chrI	92034	1	1.0	25
	chrI	92036	1	0.5	25
	chrI	92045	1	0.5	25
	chrI	92053	1	1.0	25
	chrI	92085	0	0.5	25
	chrI	92167	0	0.5	25
	chrI	92171	0	0.5	25
	chrI	92180	1	0.5	25
	chrI	92185	0	0.5	25
	chrI	92214	0	1.0	25
	chrI	92224	1	1.0	25
	chrI	92238	0	0.5	25
	chrI	92249	1	0.5	25
	chrI	92288	0	0.5	25
	chrI	92290	1	1.0	25
	chrI	92318	0	0.5	25
	chrI	92319	1	0.5	25
	chrI	92325	0	0.5	25
	chrI	92345	0	0.5	25
	chrI	92346	0	0.5	25
	chrI	92354	0	0.5	25
	chrI	92356	0	0.5	25
	chrI	92357	1	0.5	25
	chrI	92363	0	0.5	25
	chrI	92388	1	0.5	25
	chrI	92390	1	0.5	25
	chrI	92391	1	0.5	25
	chrI	92393	0	1.0	25
	chrI	92395	1	1.0	25
	chrI	92404	0	0.5	25
	chrI	92412	0	0.5	25
	chrI	92446	0	0.5	25
	chrI	92449	1	0.5	25
	chrI	92452	1	1.0	25
	chrI	92464	1	0.5	25
	chrI	92488	0	1.0	25
	chrI	92491	1	0.5	25
	chrI	92514	0	0.5	25
	chrI	92515	1	0.5	25
	chrI	92516	0	1.0	25
	chrI	92516	1	0.5	25
	chrI	92522	0	0.5	25
	chrI	92536	0	0.5	25
	chrI	92536	1	0.5	25
	chrI	92537	0	1.0	25
	chrI	92547	1	0.5	25
	chrI	92548	0	1.0	25
	chrI	92553	0	0.5	25
	chrI	92557	0	0.5	25
	chrI	92557	1	0.5	25
	chrI	92558	0	1.0	25
	chrI	92559	0	0.5	25
	chrI	92561	0	1.0	25
	chrI	92566	1	0.5	25
	chrI	92567	0	1.5	25
	chrI	92567	1	0.5	25
	chrI	92569	0	0.5	25
	chrI	92580	0	1.0	25
	chrI	92598	1	1.0	25
	chrI	92607	1	0.5	25
	chrI	92608	0	0.5	25
	chrI	92613	0	0.5	25
	chrI	92619	1	3.0	25
	chrI	92620	1	1.0	25
	chrI	92621	0	0.5	25
	chrI	92639	1	1.0	25
	chrI	92640	0	0.5	25
	chrI	92643	1	0.5	25
	chrI	92644	0	0.5	25
	chrI	92648	1	0.5	25
	chrI	92649	1	0.5	24
	chrI	92652	1	0.5	25
	chrI	92656	0	0.5	25
	chrI	92658	0	0.5	25
	chrI	92672	1	1.0	25
	chrI	92676	1	0.5	25
	chrI	92694	1	0.5	25
	chrI	92705	1	0.5	25
	chrI	92707	1	0.5	25
	chrI	92713	0	0.5	25
	chrI	92719	1	0.5	25
	chrI	92726	1	0.5	25
	chrI	92774	0	1.0	25
	chrI	92778	0	0.5	25
	chrI	92787	0	0.5	25
	chrI	92807	0	0.5	25
	chrI	92809	1	0.5	25
	chrI	92814	1	0.5	25
	chrI	92815	0	0.5	25
	chrI	92820	0	0.5	25
	chrI	92820	1	0.5	25
	chrI	92830	1	0.5	25
	chrI	92843	0	0.5	25
	chrI	92848	1	1.0	25
	chrI	92859	1	0.5	25
	chrI	92872	0	1.5	25
	chrI	92893	1	0.5	25
	chrI	92900	0	0.5	25
	chrI	92907	0	0.5	25
	chrI	92929	0	1.0	25
	chrI	92929	1	0.5	25
	chrI	92946	0	0.5	25
	chrI	92977	0	0.5	25
	chrI	92978	1	0.5	25
	chrI	92979	1	1.5	25
	chrI	92997	0	0.5	25
	chrI	93001	0	0.5	25
	chrI	93006	1	0.5	25
	chrI	93010	1	0.5	25
	chrI	93027	0	0.5	25
	chrI	93031	0	0.5	25
	chrI	93045	0	0.5	25
	chrI	93047	0	0.5	25
	chrI	93060	0	0.5	25
	chrI	93066	0	1.0	25
	chrI	93068	0	0.5	25
	chrI	93068	1	0.5	25
	chrI	93092	0	1.0	25
	chrI	93104	1	0.5	25
	chrI	93114	1	1.0	25
	chrI	93124	1	0.5	25
	chrI	93128	1	0.5	25
	chrI	93129	1	0.5	25
	chrI	93139	1	0.5	25
	chrI	93143	1	0.5	25
	chrI	93145	1	0.5	25
	chrI	93153	1	1.5	25
	chrI	93218	1	0.5	25
	chrI	93221	0	0.5	25
	chrI	93231	1	0.5	25
	chrI	93233	1	0.5	25
	chrI	93291	1	0.5	25
	chrI	93335	0	0.5	25
	chrI	93345	0	0.5	25
	chrI	93377	0	0.5	25
	chrI	93461	1	0.5	25
	chrI	93505	0	0.5	25
	chrI	93507	0	0.5	25
	chrI	93515	1	0.5	25
	chrI	93525	0	0.5	25
	chrI	93526	0	0.5	25
	chrI	93534	1	0.5	25
	chrI	93552	0	0.5	25
	chrI	93588	1	0.5	25
	chrI	93592	0	0.5	25
	chrI	93592	1	0.5	25
	chrI	93597	1	0.5	25
	chrI	93599	0	0.5	25
	chrI	93607	0	0.5	25
	chrI	93627	1	0.5	25
	chrI	93644	1	0.5	25
	chrI	93646	1	0.5	25
	chrI	93659	0	0.5	25
	chrI	93669	1	0.5	25
	chrI	93701	0	0.5	25
	chrI	93715	1	0.5	25
	chrI	93770	1	0.5	25
	chrI	93771	0	0.5	25
	chrI	93793	0	0.5	25
	chrI	93805	1	0.5	25
	chrI	93849	0	0.5	25
	chrI	93851	1	0.5	25
	chrI	93875	1	0.5	25
	chrI	93912	1	0.5	25
	chrI	93916	0	0.5	25
	chrI	93938	0	0.5	25
	chrI	93943	0	0.5	25
	chrI	93947	0	0.5	25
	chrI	93971	0	0.5	25
	chrI	93984	0	0.5	25
	chrI	93990	1	0.5	24
	chrI	94020	1	0.5	25
	chrI	94023	1	0.5	25
	chrI	94026	1	0.5	25
	chrI	94038	0	0.5	25
	chrI	94056	0	0.5	25
	chrI	94070	1	0.5	25
	chrI	94092	1	0.5	25
	chrI	94103	0	0.5	25
	chrI	94106	0	1.0	25
	chrI	94113	0	0.5	25
	chrI	94114	1	0.5	25
	chrI	94125	0	0.5	25
	chrI	94156	0	1.0	25
	chrI	94167	0	0.5	25
	chrI	94176	1	0.5	25
	chrI	94183	0	0.5	25
	chrI	94185	1	0.5	25
	chrI	94193	1	1.0	25
	chrI	94196	1	1.0	25
	chrI	94200	0	0.5	25
	chrI	94214	1	1.0	25
	chrI	94237	1	0.5	25
	chrI	94239	0	1.5	25
	chrI	94240	1	0.5	25
	chrI	94244	0	0.5	25
	chrI	94256	1	0.5	25
	chrI	94264	0	0.5	25
	chrI	94278	0	0.5	25
	chrI	94280	0	0.5	25
	chrI	94288	1	0.5	25
	chrI	94313	1	1.0	25
	chrI	94341	1	0.5	25
	chrI	94342	0	0.5	25
	chrI	94342	1	0.5	25
	chrI	94350	1	0.5	25
	chrI	94364	1	0.5	25
	chrI	94365	0	0.5	25
	chrI	94385	0	0.5	25
	chrI	94414	1	0.5	25
	chrI	94473	0	0.5	25
	chrI	94480	1	0.5	25
	chrI	94502	0	0.5	25
	chrI	94509	0	0.5	25
	chrI	94525	0	0.5	25
	chrI	94531	1	1.0	25
	chrI	94532	0	0.5	25
	chrI	94567	1	0.5	25
	chrI	94571	1	0.5	25
	chrI	94587	0	0.5	25
	chrI	94598	0	0.5	25
	chrI	94600	1	0.5	25
	chrI	94623	0	0.5	25
	chrI	94645	1	0.5	25
	chrI	94660	1	0.5	25
	chrI	94674	1	0.5	25
	chrI	94693	0	0.5	25
	chrI	94700	0	1.5	25
	chrI	94700	1	0.5	25
	chrI	94701	0	0.5	25
	chrI	94747	0	1.0	25
	chrI	94765	1	0.5	25
	chrI	94778	1	0.5	25
	chrI	94783	0	1.0	25
	chrI	94826	0	0.5	25
	chrI	94827	0	0.5	25
	chrI	94837	0	0.5	25
	chrI	94843	1	0.5	25
	chrI	94867	0	0.5	25
	chrI	94868	0	0.5	25
	chrI	94876	0	0.5	25
	chrI	94876	1	1.5	25
	chrI	94886	1	0.5	25
	chrI	94889	1	0.5	25
	chrI	94929	1	0.5	25
	chrI	94931	1	0.5	25
	chrI	94932	1	1.0	25
	chrI	94942	1	0.5	25
	chrI	94962	0	0.5	25
	chrI	94962	1	0.5	25
	chrI	94970	1	0.5	25
	chrI	94999	0	0.5	25
	chrI	95001	0	1.0	25
	chrI	95022	0	0.5	25
	chrI	95025	1	0.5	25
	chrI	95052	1	1.0	25
	chrI	95062	1	0.5	25
	chrI	95067	0	0.5	25
	chrI	95107	0	0.5	25
	chrI	95111	0	1.0	25
	chrI	95125	1	0.5	25
	chrI	95126	1	0.5	25
	chrI	95135	0	0.5	25
	chrI	95157	0	0.5	25
	chrI	95177	1	0.5	25
	chrI	95179	1	0.5	25
	chrI	95180	0	0.5	25
	chrI	95182	0	0.5	25
	chrI	95226	1	1.0	25
	chrI	95228	0	0.5	25
	chrI	95228	1	0.5	25
	chrI	95246	1	0.5	25
	chrI	95250	0	0.5	25
	chrI	95257	0	2.0	25
	chrI	95265	0	0.5	25
	chrI	95286	1	0.5	25
	chrI	95295	1	0.5	25
	chrI	95297	1	0.5	25
	chrI	95313	0	0.5	25
	chrI	95314	0	0.5	25
	chrI	95315	0	0.5	25
	chrI	95354	1	0.5	25
	chrI	95356	0	0.5	25
	chrI	95358	0	1.0	25
	chrI	95364	1	0.5	25
	chrI	95369	1	0.5	25
	chrI	95379	1	0.5	25
	chrI	95382	0	1.0	25
	chrI	95387	0	0.5	25
	chrI	95410	1	0.5	25
	chrI	95417	1	1.0	25
	chrI	95418	1	1.0	25
	chrI	95419	0	1.5	25
	chrI	95421	0	0.5	25
	chrI	95424	1	1.0	25
	chrI	95425	0	0.5	25
	chrI	95432	1	0.5	25
	chrI	95433	0	0.5	25
	chrI	95435	0	0.5	25
	chrI	95443	0	1.0	25
	chrI	95471	1	0.5	25
	chrI	95490	1	0.5	25
	chrI	95497	1	0.5	25
	chrI	95501	0	0.5	25
	chrI	95503	0	1.0	25
	chrI	95504	0	0.5	25
	chrI	95512	1	0.5	25
	chrI	95514	1	0.5	25
	chrI	95515	0	0.5	25
	chrI	95554	0	0.5	25
	chrI	95554	1	0.5	25
	chrI	95557	0	0.5	25
	chrI	95562	1	1.0	25
	chrI	95563	0	0.5	25
	chrI	95564	0	1.0	25
	chrI	95572	1	0.5	25
	chrI	95579	0	0.5	25
	chrI	95582	1	1.0	25
	chrI	95583	0	0.5	25
	chrI	95604	0	0.5	25
	chrI	95613	0	0.5	25
	chrI	95617	1	0.5	25
	chrI	95620	1	0.5	25
	chrI	95633	1	1.5	25
	chrI	95634	0	0.5	25
	chrI	95635	1	0.5	25
	chrI	95637	1	1.0	25
	chrI	95641	0	0.5	25
	chrI	95642	1	0.5	25
	chrI	95644	1	0.5	25
	chrI	95653	0	0.5	25
	chrI	95673	1	0.5	25
	chrI	95679	0	1.0	25
	chrI	95689	0	0.5	25
	chrI	95690	0	0.5	25
	chrI	95719	0	0.5	25
	chrI	95720	1	1.0	25
	chrI	95724	1	0.5	25
	chrI	95725	1	0.5	25
	chrI	95739	1	0.5	25
	chrI	95746	1	0.5	25
	chrI	95752	1	0.5	25
	chrI	95759	1	0.5	25
	chrI	95760	1	0.5	25
	chrI	95772	1	0.5	25
	chrI	95810	0	1.0	25
	chrI	95819	0	0.5	25
	chrI	95826	0	0.5	25
	chrI	95854	0	0.5	25
	chrI	95864	0	0.5	25
	chrI	95881	1	1.0	25
	chrI	95920	0	0.5	25
	chrI	95927	0	0.5	25
	chrI	95952	1	0.5	25
	chrI	95961	1	0.5	25
	chrI	95964	0	0.5	25
	chrI	95970	1	0.5	25
	chrI	95973	0	0.5	25
	chrI	95982	1	0.5	25
	chrI	95994	0	0.5	25
	chrI	96001	1	0.5	25
	chrI	96006	1	0.5	25
	chrI	96010	0	0.5	25
	chrI	96013	1	0.5	25
	chrI	96019	1	0.5	25
	chrI	96043	0	0.5	25
	chrI	96043	1	0.5	25
	chrI	96087	1	0.5	25
	chrI	96128	0	0.5	25
	chrI	96130	1	0.5	25
	chrI	96145	0	0.5	25
	chrI	96172	0	0.5	25
	chrI	96188	1	0.5	25
	chrI	96200	0	0.5	25
	chrI	96213	0	0.5	25
	chrI	96216	1	0.5	25
	chrI	96243	1	0.5	25
	chrI	96247	1	0.5	25
	chrI	96266	0	0.5	25
	chrI	96298	1	0.5	25
	chrI	96311	0	0.5	25
	chrI	96328	1	0.5	25
	chrI	96333	0	0.5	25
	chrI	96333	1	0.5	25
	chrI	96373	0	0.5	25
	chrI	96374	0	0.5	25
	chrI	96392	1	0.5	25
	chrI	96423	1	0.5	25
	chrI	96425	0	0.5	25
	chrI	96433	0	0.5	25
	chrI	96445	1	0.5	25
	chrI	96446	0	0.5	25
	chrI	96449	1	0.5	25
	chrI	96487	1	0.5	25
	chrI	96490	1	0.5	25
	chrI	96492	0	0.5	25
	chrI	96541	1	0.5	25
	chrI	96547	1	0.5	25
	chrI	96564	0	0.5	25
	chrI	96578	0	0.5	25
	chrI	96579	0	2.0	25
	chrI	96580	0	0.5	25
	chrI	96606	0	0.5	25
	chrI	96622	0	2.0	25
	chrI	96633	1	0.5	25
	chrI	96639	1	0.5	25
	chrI	96642	1	0.5	25
	chrI	96653	0	0.5	25
	chrI	96663	1	0.5	25
	chrI	96674	0	0.5	25
	chrI	96681	1	1.5	25
	chrI	96694	1	0.5	25
	chrI	96697	1	0.5	25
	chrI	96704	1	0.5	25
	chrI	96713	0	1.0	25
	chrI	96729	1	0.5	25
	chrI	96764	1	1.0	25
	chrI	96785	0	1.0	25
	chrI	96801	1	0.5	25
	chrI	96854	1	1.0	25
	chrI	96878	1	1.0	25
	chrI	96886	0	0.5	25
	chrI	96897	0	0.5	25
	chrI	96902	0	0.5	25
	chrI	96923	0	0.5	25
	chrI	96944	1	0.5	25
	chrI	96949	1	0.5	25
	chrI	96964	1	0.5	25
	chrI	96973	0	0.5	25
	chrI	96981	1	0.5	25
	chrI	97029	0	1.0	25
	chrI	97033	0	1.0	25
	chrI	97045	0	0.5	25
	chrI	97061	0	0.5	25
	chrI	97071	1	0.5	25
	chrI	97094	0	0.5	25
	chrI	97108	1	1.0	25
	chrI	97113	1	1.0	25
	chrI	97114	1	0.5	25
	chrI	97130	0	0.5	25
	chrI	97137	1	0.5	25
	chrI	97159	1	0.5	25
	chrI	97169	0	0.5	25
	chrI	97187	0	0.5	25
	chrI	97187	1	0.5	25
	chrI	97211	0	0.5	25
	chrI	97227	0	0.5	25
	chrI	97230	0	0.5	25
	chrI	97250	0	0.5	25
	chrI	97251	1	0.5	25
	chrI	97255	1	0.5	25
	chrI	97288	1	0.5	25
	chrI	97294	0	1.0	25
	chrI	97294	1	0.5	25
	chrI	97305	1	0.5	25
	chrI	97309	0	0.5	25
	chrI	97317	0	0.5	25
	chrI	97350	1	0.5	25
	chrI	97361	1	0.5	25
	chrI	97373	0	0.5	25
	chrI	97378	1	0.5	25
	chrI	97395	0	0.5	25
	chrI	97406	1	0.5	25
	chrI	97422	1	0.5	25
	chrI	97458	0	0.5	25
	chrI	97484	1	0.5	25
	chrI	97489	1	0.5	25
	chrI	97506	1	0.5	25
	chrI	97524	0	0.5	25
	chrI	97581	0	0.5	25
	chrI	97585	1	0.5	25
	chrI	97610	0	0.5	25
	chrI	97623	0	0.5	25
	chrI	97624	0	0.5	25
	chrI	97638	0	0.5	25
	chrI	97656	0	0.5	25
	chrI	97657	1	0.5	25
	chrI	97691	1	0.5	25
	chrI	97692	1	0.5	25
	chrI	97729	1	0.5	25
	chrI	97751	1	0.5	25
	chrI	97760	0	0.5	25
	chrI	97770	0	0.5	25
	chrI	97787	1	1.0	25
	chrI	97809	0	0.5	25
	chrI	97836	0	0.5	25
	chrI	97859	1	0.5	25
	chrI	97877	0	1.0	25
	chrI	97883	1	0.5	25
	chrI	97886	0	0.5	25
	chrI	97886	1	0.5	25
	chrI	97888	0	1.0	25
	chrI	97892	0	0.5	25
	chrI	97898	0	0.5	25
	chrI	97943	1	1.0	25
	chrI	97949	1	1.0	25
	chrI	97951	1	0.5	25
	chrI	97953	0	0.5	25
	chrI	97993	1	0.5	25
	chrI	97996	0	0.5	25
	chrI	98003	0	0.5	25
	chrI	98010	1	0.5	25
	chrI	98023	1	0.5	25
	chrI	98031	0	1.0	25
	chrI	98037	0	0.5	25
	chrI	98042	1	0.5	25
	chrI	98061	1	0.5	25
	chrI	98078	0	0.5	25
	chrI	98080	0	0.5	25
	chrI	98096	1	0.5	25
	chrI	98102	1	1.0	25
	chrI	98139	0	0.5	25
	chrI	98140	0	0.5	25
	chrI	98146	0	1.0	25
	chrI	98153	1	0.5	25
	chrI	98156	1	0.5	25
	chrI	98198	0	0.5	25
	chrI	98208	0	0.5	25
	chrI	98209	1	1.0	25
	chrI	98214	1	0.5	25
	chrI	98219	1	0.5	25
	chrI	98224	0	0.5	25
	chrI	98257	0	0.5	25
	chrI	98260	1	0.5	25
	chrI	98262	1	0.5	25
	chrI	98305	0	0.5	25
	chrI	98309	0	0.5	25
	chrI	98315	0	0.5	25
	chrI	98327	0	0.5	25
	chrI	98332	1	0.5	25
	chrI	98340	0	0.5	25
	chrI	98351	1	0.5	25
	chrI	98362	1	0.5	25
	chrI	98371	0	0.5	25
	chrI	98385	1	0.5	25
	chrI	98388	0	0.5	25
	chrI	98389	1	0.5	25
	chrI	98391	0	0.5	25
	chrI	98394	1	0.5	25
	chrI	98427	0	0.5	25
	chrI	98440	1	0.5	25
	chrI	98482	0	0.5	25
	chrI	98484	0	0.5	25
	chrI	98491	1	0.5	25
	chrI	98506	1	0.5	25
	chrI	98516	1	0.5	25
	chrI	98524	0	0.5	25
	chrI	98530	1	0.5	25
	chrI	98535	1	0.5	25
	chrI	98554	1	0.5	25
	chrI	98594	0	0.5	25
	chrI	98603	0	0.5	25
	chrI	98621	0	0.5	25
	chrI	98623	1	0.5	25
	chrI	98665	1	0.5	25
	chrI	98683	0	0.5	25
	chrI	98695	1	0.5	25
	chrI	98717	1	0.5	25
	chrI	98733	0	0.5	25
	chrI	98740	1	0.5	25
	chrI	98753	0	1.0	25
	chrI	98818	0	0.5	25
	chrI	98832	1	0.5	25
	chrI	98843	0	0.5	25
	chrI	98854	1	1.0	25
	chrI	98875	1	0.5	25
	chrI	98891	0	1.0	25
	chrI	98892	0	0.5	25
	chrI	98904	0	0.5	25
	chrI	98947	1	0.5	25
	chrI	98955	1	1.5	25
	chrI	98956	0	0.5	25
	chrI	99001	1	0.5	25
	chrI	99007	0	1.0	25
	chrI	99018	0	0.5	25
	chrI	99039	0	1.0	25
	chrI	99049	1	0.5	25
	chrI	99054	0	0.5	25
	chrI	99058	0	0.5	25
	chrI	99072	0	0.5	25
	chrI	99092	0	0.5	25
	chrI	99096	1	1.0	25
	chrI	99099	1	0.5	25
	chrI	99104	1	0.5	25
	chrI	99128	1	0.5	25
	chrI	99131	1	0.5	25
	chrI	99141	0	0.5	25
	chrI	99204	1	0.5	25
	chrI	99205	0	0.5	25
	chrI	99217	0	0.5	25
	chrI	99229	0	0.5	25
	chrI	99230	1	0.5	24
	chrI	99250	1	0.5	25
	chrI	99251	1	0.5	25
	chrI	99268	0	0.5	25
	chrI	99304	0	0.5	25
	chrI	99328	1	0.5	25
	chrI	99329	1	1.0	25
	chrI	99331	0	0.5	25
	chrI	99367	1	0.5	25
	chrI	99376	0	1.0	25
	chrI	99425	0	0.5	25
	chrI	99448	0	0.5	25
	chrI	99451	1	1.0	25
	chrI	99482	0	0.5	25
	chrI	99488	1	0.5	25
	chrI	99524	0	1.5	25
	chrI	99540	0	0.5	25
	chrI	99557	0	0.5	25
	chrI	99594	1	0.5	25
	chrI	99623	1	1.5	25
	chrI	99624	0	0.5	25
	chrI	99624	1	0.5	25
	chrI	99626	0	0.5	25
	chrI	99634	1	0.5	25
	chrI	99659	0	0.5	25
	chrI	99684	1	1.0	25
	chrI	99688	0	0.5	25
	chrI	99696	1	0.5	25
	chrI	99699	1	0.5	25
	chrI	99724	0	0.5	25
	chrI	99747	1	0.5	25
	chrI	99754	1	0.5	25
	chrI	99755	1	0.5	25
	chrI	99762	0	0.5	25
	chrI	99795	1	0.5	25
	chrI	99813	1	0.5	25
	chrI	99815	0	1.0	25
	chrI	99816	0	0.5	23
	chrI	99816	0	0.5	25
	chrI	99817	0	0.5	25
	chrI	99818	0	0.5	25
	chrI	99819	0	0.5	25
	chrI	99820	0	0.5	25
	chrI	99832	0	0.5	25
	chrI	99833	0	4.5	25
	chrI	99841	0	2.5	25
	chrI	99843	0	0.5	25
	chrI	99844	0	0.5	25
	chrI	99845	0	0.5	25
	chrI	99851	0	0.5	25
	chrI	99866	0	0.5	25
	chrI	99871	0	0.5	25
	chrI	99881	1	1.0	25
	chrI	99888	1	0.5	25
	chrI	99889	1	1.0	25
	chrI	99890	0	0.5	25
	chrI	99901	1	0.5	24
	chrI	99901	1	1.0	25
	chrI	99902	1	0.5	25
	chrI	99903	1	1.0	25
	chrI	99904	0	0.5	25
	chrI	99904	1	2.5	25
	chrI	99905	0	0.5	25
	chrI	99910	1	0.5	25
	chrI	99914	1	0.5	25
	chrI	99915	1	1.0	25
	chrI	99916	0	0.5	25
	chrI	99918	0	0.5	25
	chrI	99920	1	1.5	25
	chrI	99922	1	0.5	25
	chrI	99926	0	0.5	25
	chrI	99929	0	0.5	25
	chrI	99931	1	0.5	25
	chrI	99938	1	1.0	25
	chrI	99942	0	0.5	25
	chrI	99945	0	1.0	25
	chrI	99948	0	0.5	25
	chrI	99959	1	0.5	25
	chrI	99967	1	0.5	25
	chrI	99974	0	0.5	25
	chrI	99975	1	0.5	25
	chrI	99978	1	0.5	25
	chrI	99997	1	0.5	25
	chrI	99999	0	0.5	25
	chrI	100002	1	0.5	25
	chrI	100003	1	1.5	25
	chrI	100006	0	0.5	25
	chrI	100006	1	1.0	25
	chrI	100009	0	0.5	24
	chrI	100013	1	0.5	25
	chrI	100037	1	0.5	25
	chrI	100046	0	0.5	25
	chrI	100056	1	0.5	25
	chrI	100064	0	0.5	25
	chrI	100087	1	1.0	25
	chrI	100094	0	0.5	25
	chrI	100094	1	0.5	25
	chrI	100097	0	0.5	25
	chrI	100113	0	0.5	25
	chrI	100123	1	0.5	25
	chrI	100165	1	0.5	25
	chrI	100168	1	0.5	25
	chrI	100176	1	0.5	25
	chrI	100196	0	0.5	25
	chrI	100261	0	0.5	25
	chrI	100268	1	0.5	25
	chrI	100276	0	0.5	25
	chrI	100281	0	0.5	25
	chrI	100290	1	0.5	25
	chrI	100292	0	0.5	25
	chrI	100314	1	0.5	25
	chrI	100340	1	0.5	25
	chrI	100344	1	0.5	25
	chrI	100348	1	0.5	25
	chrI	100373	0	0.5	25
	chrI	100453	0	0.5	25
	chrI	100458	0	0.5	25
	chrI	100504	1	0.5	25
	chrI	100521	0	0.5	25
	chrI	100574	0	0.5	25
	chrI	100574	1	0.5	25
	chrI	100576	1	0.5	25
	chrI	100593	0	0.5	25
	chrI	100623	0	1.0	25
	chrI	100624	1	0.5	25
	chrI	100651	0	0.5	25
	chrI	100652	0	0.5	25
	chrI	100658	1	0.5	25
	chrI	100663	0	0.5	25
	chrI	100690	1	0.5	25
	chrI	100717	1	0.5	25
	chrI	100721	0	0.5	25
	chrI	100753	0	0.5	25
	chrI	100753	1	0.5	25
	chrI	100759	0	0.5	25
	chrI	100790	1	0.5	25
	chrI	100820	1	0.5	25
	chrI	100821	1	0.5	25
	chrI	100823	1	0.5	25
	chrI	100851	0	0.5	25
	chrI	100862	1	0.5	25
	chrI	100874	0	0.5	25
	chrI	100878	0	0.5	25
	chrI	100887	1	0.5	25
	chrI	100915	0	1.0	25
	chrI	100940	1	0.5	25
	chrI	100957	1	0.5	25
	chrI	100963	0	0.5	25
	chrI	100964	0	0.5	25
	chrI	100964	1	0.5	25
	chrI	100986	1	0.5	25
	chrI	100993	1	0.5	25
	chrI	101034	1	0.5	25
	chrI	101058	0	0.5	25
	chrI	101075	0	0.5	25
	chrI	101095	0	0.5	25
	chrI	101099	0	0.5	25
	chrI	101128	0	0.5	25
	chrI	101154	1	0.5	25
	chrI	101172	1	0.5	25
	chrI	101173	0	0.5	25
	chrI	101187	0	0.5	25
	chrI	101189	1	0.5	25
	chrI	101200	0	0.5	25
	chrI	101203	0	0.5	25
	chrI	101206	1	1.0	25
	chrI	101225	0	1.0	25
	chrI	101227	1	0.5	25
	chrI	101230	0	0.5	25
	chrI	101230	1	0.5	25
	chrI	101231	0	0.5	25
	chrI	101232	0	1.0	25
	chrI	101233	0	1.5	25
	chrI	101243	1	0.5	25
	chrI	101246	0	0.5	25
	chrI	101252	0	0.5	25
	chrI	101256	1	0.5	25
	chrI	101257	0	0.5	25
	chrI	101259	0	0.5	25
	chrI	101260	0	1.0	25
	chrI	101260	1	0.5	25
	chrI	101267	1	0.5	25
	chrI	101283	1	0.5	25
	chrI	101289	1	0.5	25
	chrI	101312	0	0.5	25
	chrI	101312	1	0.5	25
	chrI	101315	1	0.5	25
	chrI	101317	1	0.5	25
	chrI	101318	1	0.5	25
	chrI	101327	1	0.5	25
	chrI	101328	1	0.5	25
	chrI	101332	0	0.5	25
	chrI	101332	1	1.0	25
	chrI	101341	1	0.5	25
	chrI	101343	0	0.5	25
	chrI	101350	1	0.5	25
	chrI	101351	1	0.5	25
	chrI	101352	1	0.5	25
	chrI	101389	1	1.0	25
	chrI	101405	1	0.5	25
	chrI	101416	0	0.5	25
	chrI	101422	0	0.5	25
	chrI	101423	0	0.5	25
	chrI	101459	0	0.5	25
	chrI	101468	1	0.5	25
	chrI	101472	0	0.5	25
	chrI	101488	0	1.0	25
	chrI	101492	0	0.5	25
	chrI	101492	1	0.5	25
	chrI	101498	1	0.5	25
	chrI	101500	0	0.5	25
	chrI	101510	0	0.5	25
	chrI	101511	0	1.5	25
	chrI	101512	0	0.5	25
	chrI	101524	1	0.5	25
	chrI	101526	1	1.0	25
	chrI	101527	0	0.5	25
	chrI	101543	1	0.5	25
	chrI	101562	0	1.0	25
	chrI	101577	1	0.5	25
	chrI	101583	0	0.5	25
	chrI	101589	1	0.5	25
	chrI	101596	0	1.0	25
	chrI	101601	1	0.5	25
	chrI	101604	1	0.5	25
	chrI	101611	0	0.5	25
	chrI	101626	1	0.5	25
	chrI	101632	0	0.5	25
	chrI	101639	1	0.5	25
	chrI	101646	1	0.5	25
	chrI	101654	1	0.5	25
	chrI	101661	0	0.5	25
	chrI	101677	1	0.5	25
	chrI	101680	0	0.5	25
	chrI	101680	1	0.5	25
	chrI	101682	0	0.5	25
	chrI	101687	1	0.5	25
	chrI	101690	0	0.5	25
	chrI	101690	1	0.5	25
	chrI	101694	0	0.5	25
	chrI	101694	1	0.5	25
	chrI	101720	0	0.5	25
	chrI	101729	0	0.5	25
	chrI	101730	1	0.5	25
	chrI	101738	0	0.5	25
	chrI	101743	0	0.5	25
	chrI	101743	1	0.5	25
	chrI	101750	1	0.5	25
	chrI	101754	1	0.5	25
	chrI	101770	0	0.5	25
	chrI	101776	1	0.5	25
	chrI	101790	0	0.5	25
	chrI	101804	0	0.5	25
	chrI	101810	1	0.5	25
	chrI	101834	1	0.5	25
	chrI	101858	1	0.5	25
	chrI	101861	0	0.5	23
	chrI	101861	0	1.0	25
	chrI	101862	1	0.5	25
	chrI	101868	1	1.0	25
	chrI	101878	1	0.5	25
	chrI	101892	1	1.0	25
	chrI	101958	0	0.5	25
	chrI	101962	0	0.5	25
	chrI	101975	0	0.5	25
	chrI	101979	0	0.5	25
	chrI	101983	0	0.5	25
	chrI	101986	1	1.5	25
	chrI	101989	0	1.0	25
	chrI	102004	0	0.5	25
	chrI	102009	0	0.5	25
	chrI	102017	1	0.5	25
	chrI	102021	0	0.5	25
	chrI	102024	1	0.5	25
	chrI	102031	0	0.5	25
	chrI	102047	1	0.5	25
	chrI	102051	1	0.5	25
	chrI	102055	0	1.0	25
	chrI	102063	1	0.5	25
	chrI	102077	0	0.5	25
	chrI	102081	1	0.5	25
	chrI	102084	1	1.0	25
	chrI	102091	0	0.5	25
	chrI	102093	0	0.5	25
	chrI	102101	0	0.5	25
	chrI	102112	1	0.5	25
	chrI	102116	0	0.5	25
	chrI	102123	1	1.0	25
	chrI	102135	1	0.5	25
	chrI	102138	0	0.5	25
	chrI	102150	0	1.0	25
	chrI	102158	1	0.5	25
	chrI	102159	1	0.5	25
	chrI	102162	1	0.5	25
	chrI	102174	1	0.5	25
	chrI	102184	1	0.5	25
	chrI	102200	1	0.5	25
	chrI	102208	1	0.5	25
	chrI	102218	0	0.5	25
	chrI	102246	1	0.5	25
	chrI	102251	0	0.5	25
	chrI	102283	0	0.5	25
	chrI	102309	0	1.0	25
	chrI	102321	0	0.5	25
	chrI	102327	0	0.5	25
	chrI	102339	1	0.5	25
	chrI	102341	0	0.5	25
	chrI	102363	1	0.5	25
	chrI	102367	1	0.5	25
	chrI	102393	1	0.5	25
	chrI	102399	1	1.5	25
	chrI	102402	1	0.5	25
	chrI	102410	0	0.5	25
	chrI	102413	0	0.5	25
	chrI	102426	1	0.5	25
	chrI	102480	1	0.5	25
	chrI	102490	1	0.5	25
	chrI	102498	0	0.5	25
	chrI	102500	0	1.0	25
	chrI	102501	0	0.5	25
	chrI	102518	0	0.5	25
	chrI	102523	0	1.0	25
	chrI	102545	0	1.0	25
	chrI	102553	1	0.5	25
	chrI	102572	1	0.5	25
	chrI	102573	1	0.5	25
	chrI	102589	1	0.5	25
	chrI	102591	1	0.5	25
	chrI	102611	1	1.0	25
	chrI	102671	0	0.5	25
	chrI	102695	0	0.5	25
	chrI	102716	0	1.5	25
	chrI	102721	1	1.0	25
	chrI	102726	0	0.5	25
	chrI	102734	1	0.5	25
	chrI	102752	0	0.5	25
	chrI	102752	1	0.5	25
	chrI	102755	1	0.5	25
	chrI	102761	1	0.5	25
	chrI	102789	0	0.5	25
	chrI	102790	0	0.5	25
	chrI	102794	1	0.5	25
	chrI	102796	0	0.5	25
	chrI	102807	1	0.5	25
	chrI	102831	1	0.5	25
	chrI	102847	1	0.5	25
	chrI	102849	1	0.5	25
	chrI	102852	1	0.5	25
	chrI	102874	0	0.5	25
	chrI	102879	0	0.5	25
	chrI	102887	0	0.5	25
	chrI	102896	0	0.5	25
	chrI	102909	1	0.5	25
	chrI	102931	1	0.5	25
	chrI	102934	0	0.5	25
	chrI	102942	1	0.5	25
	chrI	102968	1	0.5	25
	chrI	102978	0	0.5	25
	chrI	102979	0	1.0	25
	chrI	102986	1	0.5	25
	chrI	103024	0	0.5	25
	chrI	103057	1	0.5	25
	chrI	103058	1	1.0	25
	chrI	103110	0	0.5	25
	chrI	103111	1	0.5	25
	chrI	103131	0	0.5	25
	chrI	103176	0	0.5	25
	chrI	103180	0	0.5	25
	chrI	103186	1	0.5	25
	chrI	103228	1	0.5	25
	chrI	103239	0	0.5	25
	chrI	103242	0	0.5	25
	chrI	103246	0	0.5	25
	chrI	103266	1	0.5	25
	chrI	103268	1	0.5	25
	chrI	103277	1	0.5	25
	chrI	103285	0	0.5	25
	chrI	103286	0	0.5	25
	chrI	103303	1	0.5	25
	chrI	103305	1	0.5	25
	chrI	103306	0	0.5	25
	chrI	103333	0	0.5	25
	chrI	103341	0	0.5	25
	chrI	103349	1	0.5	25
	chrI	103352	0	0.5	25
	chrI	103353	1	0.5	24
	chrI	103363	0	0.5	25
	chrI	103366	0	0.5	25
	chrI	103370	1	0.5	25
	chrI	103394	1	0.5	25
	chrI	103398	0	0.5	25
	chrI	103425	1	0.5	25
	chrI	103430	1	0.5	25
	chrI	103433	1	0.5	25
	chrI	103436	1	0.5	25
	chrI	103448	1	0.5	23
	chrI	103492	0	0.5	25
	chrI	103499	0	0.5	25
	chrI	103531	0	0.5	25
	chrI	103554	1	0.5	25
	chrI	103574	0	0.5	25
	chrI	103575	1	0.5	25
	chrI	103582	1	0.5	25
	chrI	103584	0	0.5	25
	chrI	103603	0	0.5	25
	chrI	103610	0	0.5	25
	chrI	103614	0	0.5	25
	chrI	103651	1	0.5	25
	chrI	103665	1	0.5	25
	chrI	103686	1	0.5	25
	chrI	103707	1	0.5	25
	chrI	103716	1	0.5	25
	chrI	103720	0	0.5	25
	chrI	103740	0	0.5	25
	chrI	103749	0	0.5	25
	chrI	103751	0	0.5	25
	chrI	103770	1	0.5	25
	chrI	103772	0	0.5	25
	chrI	103780	0	1.0	25
	chrI	103788	0	0.5	25
	chrI	103794	1	0.5	25
	chrI	103805	0	0.5	25
	chrI	103808	1	0.5	25
	chrI	103811	0	0.5	25
	chrI	103811	1	0.5	25
	chrI	103822	1	0.5	25
	chrI	103830	1	0.5	25
	chrI	103833	1	0.5	25
	chrI	103872	1	0.5	25
	chrI	103897	1	0.5	25
	chrI	103905	0	1.0	25
	chrI	103939	0	0.5	25
	chrI	103956	0	0.5	25
	chrI	103965	1	0.5	25
	chrI	103966	1	1.0	25
	chrI	103993	1	0.5	25
	chrI	104007	1	0.5	25
	chrI	104013	0	0.5	25
	chrI	104029	0	0.5	25
	chrI	104037	0	0.5	25
	chrI	104053	1	0.5	25
	chrI	104074	0	0.5	25
	chrI	104095	1	0.5	25
	chrI	104142	1	0.5	25
	chrI	104202	1	0.5	25
	chrI	104209	0	0.5	25
	chrI	104214	0	0.5	25
	chrI	104254	0	0.5	25
	chrI	104276	1	0.5	25
	chrI	104287	1	0.5	25
	chrI	104315	0	0.5	25
	chrI	104327	1	0.5	25
	chrI	104338	0	0.5	25
	chrI	104349	0	0.5	25
	chrI	104355	0	0.5	25
	chrI	104367	0	0.5	25
	chrI	104381	1	0.5	25
	chrI	104393	0	0.5	25
	chrI	104407	0	0.5	25
	chrI	104416	0	0.5	25
	chrI	104424	1	0.5	25
	chrI	104429	0	0.5	25
	chrI	104429	1	0.5	25
	chrI	104446	0	0.5	25
	chrI	104460	1	0.5	25
	chrI	104484	1	0.5	25
	chrI	104507	0	0.5	25
	chrI	104519	1	0.5	25
	chrI	104520	1	0.5	25
	chrI	104525	1	0.5	25
	chrI	104537	1	0.5	25
	chrI	104552	1	0.5	25
	chrI	104580	0	0.5	25
	chrI	104580	1	0.5	25
	chrI	104622	0	0.5	25
	chrI	104688	0	0.5	25
	chrI	104692	0	0.5	25
	chrI	104698	1	0.5	25
	chrI	104709	0	0.5	25
	chrI	104711	0	0.5	25
	chrI	104744	1	0.5	25
	chrI	104751	1	0.5	25
	chrI	104787	1	0.5	25
	chrI	104798	1	0.5	25
	chrI	104799	1	0.5	25
	chrI	104816	0	0.5	25
	chrI	104841	0	0.5	25
	chrI	104848	0	0.5	25
	chrI	104864	0	0.5	24
	chrI	104880	0	0.5	25
	chrI	104881	0	0.5	25
	chrI	104884	1	0.5	25
	chrI	104888	0	0.5	25
	chrI	104925	1	0.5	25
	chrI	104933	0	0.5	25
	chrI	104934	0	0.5	25
	chrI	104958	0	0.5	25
	chrI	104975	1	0.5	25
	chrI	104976	1	0.5	25
	chrI	104986	1	0.5	25
	chrI	104988	1	0.5	25
	chrI	105008	0	0.5	25
	chrI	105016	1	0.5	25
	chrI	105018	0	0.5	25
	chrI	105026	1	1.0	25
	chrI	105048	1	0.5	25
	chrI	105077	0	0.5	25
	chrI	105085	1	0.5	25
	chrI	105102	0	0.5	25
	chrI	105110	1	0.5	25
	chrI	105128	1	0.5	25
	chrI	105147	0	0.5	25
	chrI	105160	0	0.5	25
	chrI	105176	1	0.5	25
	chrI	105180	1	0.5	25
	chrI	105206	0	0.5	25
	chrI	105207	0	0.5	25
	chrI	105209	0	0.5	25
	chrI	105226	1	0.5	25
	chrI	105234	0	0.5	25
	chrI	105235	0	0.5	25
	chrI	105266	0	0.5	25
	chrI	105271	1	0.5	25
	chrI	105276	1	0.5	25
	chrI	105315	0	0.5	25
	chrI	105320	1	0.5	25
	chrI	105326	0	0.5	25
	chrI	105345	1	1.0	25
	chrI	105350	0	0.5	25
	chrI	105352	0	1.0	25
	chrI	105359	1	0.5	25
	chrI	105361	1	0.5	25
	chrI	105374	0	0.5	25
	chrI	105379	0	0.5	25
	chrI	105386	1	0.5	25
	chrI	105402	0	0.5	25
	chrI	105403	1	0.5	25
	chrI	105409	0	0.5	25
	chrI	105413	0	0.5	25
	chrI	105422	1	1.0	25
	chrI	105453	0	0.5	25
	chrI	105459	1	0.5	25
	chrI	105463	1	0.5	25
	chrI	105467	1	0.5	25
	chrI	105471	1	0.5	25
	chrI	105476	1	0.5	25
	chrI	105518	0	0.5	25
	chrI	105525	0	1.0	25
	chrI	105526	0	0.5	25
	chrI	105538	0	0.5	25
	chrI	105566	1	0.5	25
	chrI	105594	1	0.5	25
	chrI	105601	0	0.5	25
	chrI	105632	0	0.5	25
	chrI	105647	1	0.5	25
	chrI	105663	0	1.0	25
	chrI	105673	1	0.5	25
	chrI	105683	1	0.5	25
	chrI	105685	1	1.0	25
	chrI	105692	0	1.0	25
	chrI	105710	1	0.5	25
	chrI	105711	0	0.5	25
	chrI	105722	1	1.0	25
	chrI	105726	0	0.5	25
	chrI	105728	0	0.5	25
	chrI	105761	0	0.5	25
	chrI	105778	1	0.5	25
	chrI	105782	1	1.0	25
	chrI	105784	1	0.5	25
	chrI	105803	1	0.5	25
	chrI	105815	0	0.5	25
	chrI	105822	1	0.5	25
	chrI	105824	0	0.5	25
	chrI	105845	0	1.0	25
	chrI	105861	0	1.0	25
	chrI	105874	0	0.5	25
	chrI	105901	1	0.5	25
	chrI	105902	1	0.5	25
	chrI	105922	0	0.5	25
	chrI	105926	1	0.5	25
	chrI	105930	0	0.5	25
	chrI	105936	1	0.5	25
	chrI	105957	0	0.5	25
	chrI	105972	0	0.5	25
	chrI	105977	0	1.0	25
	chrI	105978	0	0.5	25
	chrI	105984	1	0.5	25
	chrI	105989	0	0.5	25
	chrI	105989	1	0.5	25
	chrI	105999	1	1.0	25
	chrI	106001	1	0.5	25
	chrI	106007	0	0.5	25
	chrI	106008	0	1.5	25
	chrI	106030	1	0.5	25
	chrI	106031	0	0.5	25
	chrI	106031	1	0.5	25
	chrI	106032	0	0.5	25
	chrI	106033	0	0.5	25
	chrI	106033	1	0.5	25
	chrI	106034	1	0.5	25
	chrI	106039	0	0.5	25
	chrI	106041	0	0.5	25
	chrI	106043	1	1.0	25
	chrI	106051	0	0.5	25
	chrI	106066	1	0.5	25
	chrI	106067	1	0.5	25
	chrI	106071	0	0.5	25
	chrI	106074	1	0.5	25
	chrI	106075	0	0.5	25
	chrI	106084	1	0.5	25
	chrI	106089	0	0.5	25
	chrI	106094	1	0.5	25
	chrI	106096	1	0.5	25
	chrI	106097	1	0.5	25
	chrI	106098	0	0.5	25
	chrI	106105	1	0.5	25
	chrI	106117	0	1.0	25
	chrI	106121	1	0.5	25
	chrI	106125	0	0.5	25
	chrI	106126	0	1.0	25
	chrI	106169	1	0.5	25
	chrI	106173	0	0.5	25
	chrI	106174	1	0.5	25
	chrI	106177	1	1.0	25
	chrI	106178	0	1.5	25
	chrI	106188	0	0.5	25
	chrI	106189	1	0.5	25
	chrI	106190	0	0.5	25
	chrI	106191	0	0.5	25
	chrI	106203	1	0.5	25
	chrI	106239	1	0.5	25
	chrI	106243	1	0.5	25
	chrI	106244	1	0.5	25
	chrI	106245	1	0.5	25
	chrI	106246	1	0.5	25
	chrI	106253	1	0.5	25
	chrI	106255	0	0.5	25
	chrI	106256	1	0.5	25
	chrI	106263	0	0.5	25
	chrI	106267	1	0.5	25
	chrI	106270	0	0.5	25
	chrI	106282	1	1.0	25
	chrI	106286	0	0.5	25
	chrI	106294	0	0.5	25
	chrI	106317	1	0.5	25
	chrI	106334	1	0.5	25
	chrI	106350	0	0.5	25
	chrI	106354	0	1.0	25
	chrI	106358	1	0.5	25
	chrI	106369	0	1.0	25
	chrI	106398	0	0.5	25
	chrI	106423	1	1.0	25
	chrI	106441	1	0.5	25
	chrI	106442	1	0.5	25
	chrI	106455	1	0.5	25
	chrI	106468	1	0.5	25
	chrI	106480	1	0.5	25
	chrI	106491	0	0.5	25
	chrI	106493	0	0.5	25
	chrI	106498	0	0.5	25
	chrI	106523	0	0.5	25
	chrI	106561	1	0.5	25
	chrI	106564	1	0.5	25
	chrI	106569	1	1.0	25
	chrI	106577	1	0.5	25
	chrI	106587	0	0.5	25
	chrI	106599	1	0.5	25
	chrI	106648	0	0.5	25
	chrI	106666	0	0.5	25
	chrI	106709	0	0.5	25
	chrI	106738	1	0.5	25
	chrI	106741	0	0.5	25
	chrI	106752	0	0.5	25
	chrI	106754	1	0.5	25
	chrI	106758	0	0.5	25
	chrI	106774	0	0.5	25
	chrI	106787	0	0.5	25
	chrI	106797	0	0.5	25
	chrI	106799	0	0.5	25
	chrI	106807	0	0.5	25
	chrI	106825	1	0.5	25
	chrI	106829	1	0.5	25
	chrI	106856	1	0.5	25
	chrI	106861	1	0.5	25
	chrI	106862	1	1.0	25
	chrI	106872	1	0.5	25
	chrI	106894	0	0.5	25
	chrI	106921	0	0.5	25
	chrI	106935	1	0.5	25
	chrI	106950	1	0.5	25
	chrI	106956	1	0.5	25
	chrI	106959	1	0.5	25
	chrI	107084	0	1.5	25
	chrI	107104	1	0.5	25
	chrI	107106	0	0.5	25
	chrI	107125	0	0.5	25
	chrI	107137	0	0.5	25
	chrI	107167	1	1.5	25
	chrI	107173	0	0.5	25
	chrI	107188	1	0.5	25
	chrI	107208	1	0.5	25
	chrI	107221	0	0.5	25
	chrI	107231	1	0.5	25
	chrI	107233	0	0.5	25
	chrI	107285	0	0.5	25
	chrI	107288	1	0.5	25
	chrI	107295	1	0.5	25
	chrI	107299	0	0.5	25
	chrI	107304	0	0.5	25
	chrI	107366	0	0.5	25
	chrI	107397	1	0.5	25
	chrI	107413	1	0.5	25
	chrI	107418	0	0.5	25
	chrI	107439	1	0.5	25
	chrI	107441	1	0.5	25
	chrI	107459	1	0.5	25
	chrI	107497	1	0.5	25
	chrI	107521	0	0.5	25
	chrI	107562	1	0.5	25
	chrI	107563	0	0.5	25
	chrI	107584	0	1.0	25
	chrI	107589	0	1.0	25
	chrI	107595	1	0.5	25
	chrI	107616	0	0.5	25
	chrI	107619	0	0.5	25
	chrI	107620	0	0.5	25
	chrI	107631	0	0.5	25
	chrI	107642	0	0.5	25
	chrI	107661	1	0.5	25
	chrI	107672	1	1.0	25
	chrI	107687	1	0.5	25
	chrI	107703	1	0.5	25
	chrI	107706	0	0.5	25
	chrI	107707	0	1.0	25
	chrI	107729	1	0.5	25
	chrI	107746	0	0.5	25
	chrI	107770	1	1.0	25
	chrI	107778	0	1.0	25
	chrI	107782	1	0.5	25
	chrI	107791	1	0.5	25
	chrI	107817	0	1.0	25
	chrI	107824	0	0.5	25
	chrI	107829	1	0.5	25
	chrI	107865	0	0.5	25
	chrI	107871	1	0.5	25
	chrI	107875	1	0.5	25
	chrI	107917	0	0.5	25
	chrI	107925	1	1.0	25
	chrI	107938	0	0.5	25
	chrI	107966	1	1.0	25
	chrI	107975	0	0.5	25
	chrI	107995	1	0.5	25
	chrI	108010	1	0.5	25
	chrI	108034	0	0.5	25
	chrI	108035	1	0.5	25
	chrI	108040	1	0.5	25
	chrI	108041	0	0.5	25
	chrI	108053	0	0.5	25
	chrI	108104	1	0.5	25
	chrI	108107	0	0.5	25
	chrI	108108	1	0.5	25
	chrI	108118	1	0.5	25
	chrI	108138	0	0.5	25
	chrI	108140	1	0.5	25
	chrI	108175	0	0.5	25
	chrI	108177	0	0.5	25
	chrI	108204	1	1.0	25
	chrI	108205	0	0.5	25
	chrI	108232	0	0.5	25
	chrI	108236	0	0.5	25
	chrI	108245	1	0.5	25
	chrI	108257	0	0.5	25
	chrI	108288	1	0.5	25
	chrI	108300	0	0.5	25
	chrI	108308	1	0.5	25
	chrI	108320	1	0.5	25
	chrI	108323	0	1.0	25
	chrI	108331	1	0.5	25
	chrI	108340	0	0.5	25
	chrI	108349	1	0.5	25
	chrI	108361	0	0.5	25
	chrI	108377	0	0.5	25
	chrI	108384	1	0.5	25
	chrI	108386	1	0.5	25
	chrI	108398	1	0.5	25
	chrI	108455	1	0.5	25
	chrI	108461	0	0.5	25
	chrI	108501	1	0.5	25
	chrI	108534	0	0.5	25
	chrI	108541	0	0.5	25
	chrI	108549	1	0.5	25
	chrI	108584	1	0.5	25
	chrI	108593	0	0.5	25
	chrI	108607	0	0.5	25
	chrI	108671	1	0.5	25
	chrI	108674	1	0.5	25
	chrI	108675	0	1.0	25
	chrI	108676	0	0.5	25
	chrI	108677	0	1.5	25
	chrI	108679	0	0.5	25
	chrI	108681	0	1.0	25
	chrI	108688	0	0.5	25
	chrI	108692	1	0.5	25
	chrI	108694	0	0.5	25
	chrI	108696	0	0.5	25
	chrI	108710	0	2.5	25
	chrI	108713	0	1.0	25
	chrI	108717	1	0.5	25
	chrI	108733	1	1.5	25
	chrI	108741	0	1.0	25
	chrI	108743	0	0.5	25
	chrI	108743	1	0.5	25
	chrI	108744	0	0.5	25
	chrI	108744	1	1.0	25
	chrI	108745	0	0.5	25
	chrI	108746	0	0.5	25
	chrI	108747	0	0.5	25
	chrI	108760	0	0.5	25
	chrI	108774	1	1.0	25
	chrI	108775	0	1.0	25
	chrI	108777	0	0.5	25
	chrI	108777	1	2.0	25
	chrI	108778	0	0.5	25
	chrI	108779	0	1.0	25
	chrI	108779	1	0.5	25
	chrI	108780	0	1.0	25
	chrI	108784	1	0.5	25
	chrI	108807	0	0.5	25
	chrI	108808	1	0.5	25
	chrI	108810	0	1.0	25
	chrI	108811	1	0.5	25
	chrI	108812	1	0.5	25
	chrI	108815	1	0.5	25
	chrI	108816	0	1.5	25
	chrI	108816	1	1.0	25
	chrI	108819	1	1.0	25
	chrI	108825	1	0.5	25
	chrI	108828	1	0.5	25
	chrI	108831	1	0.5	24
	chrI	108832	1	0.5	25
	chrI	108836	0	0.5	25
	chrI	108841	1	0.5	25
	chrI	108844	1	0.5	25
	chrI	108861	1	1.5	25
	chrI	108862	1	2.0	25
	chrI	108867	1	0.5	25
	chrI	108870	1	1.5	25
	chrI	108888	1	0.5	25
	chrI	108895	0	0.5	25
	chrI	108897	1	0.5	25
	chrI	108943	1	0.5	25
	chrI	109060	0	0.5	25
	chrI	109072	0	0.5	25
	chrI	109087	0	0.5	25
	chrI	109113	0	0.5	25
	chrI	109117	0	0.5	25
	chrI	109159	0	0.5	25
	chrI	109184	1	0.5	25
	chrI	109192	1	0.5	25
	chrI	109197	0	0.5	25
	chrI	109202	1	0.5	25
	chrI	109204	0	0.5	25
	chrI	109216	1	0.5	25
	chrI	109249	1	0.5	25
	chrI	109259	1	0.5	25
	chrI	109260	0	1.0	25
	chrI	109289	0	0.5	25
	chrI	109298	1	0.5	25
	chrI	109325	1	0.5	25
	chrI	109330	0	0.5	25
	chrI	109337	1	0.5	25
	chrI	109348	1	0.5	25
	chrI	109349	1	0.5	25
	chrI	109365	0	0.5	25
	chrI	109399	0	0.5	25
	chrI	109408	1	0.5	25
	chrI	109417	1	0.5	25
	chrI	109421	0	0.5	25
	chrI	109438	1	0.5	25
	chrI	109496	1	0.5	25
	chrI	109501	0	0.5	25
	chrI	109506	0	0.5	25
	chrI	109513	0	0.5	25
	chrI	109550	1	0.5	25
	chrI	109565	1	0.5	25
	chrI	109567	1	0.5	25
	chrI	109643	0	0.5	25
	chrI	109684	0	0.5	25
	chrI	109686	0	0.5	25
	chrI	109688	1	0.5	25
	chrI	109718	0	0.5	25
	chrI	109720	0	0.5	25
	chrI	109738	1	0.5	25
	chrI	109755	0	0.5	25
	chrI	109767	0	0.5	25
	chrI	109773	1	0.5	25
	chrI	109780	0	0.5	25
	chrI	109812	1	1.0	25
	chrI	109829	0	0.5	25
	chrI	109832	1	0.5	25
	chrI	109838	0	0.5	25
	chrI	109840	1	0.5	25
	chrI	109843	0	0.5	25
	chrI	109855	1	0.5	25
	chrI	109876	0	0.5	25
	chrI	109880	1	0.5	25
	chrI	109886	1	0.5	25
	chrI	109893	1	0.5	25
	chrI	109900	0	0.5	25
	chrI	109927	0	0.5	25
	chrI	109931	1	0.5	25
	chrI	109966	0	0.5	25
	chrI	109986	1	0.5	25
	chrI	110007	0	0.5	25
	chrI	110010	0	0.5	25
	chrI	110011	0	1.0	25
	chrI	110013	0	0.5	25
	chrI	110036	0	0.5	25
	chrI	110046	0	0.5	25
	chrI	110062	0	0.5	25
	chrI	110070	1	1.0	25
	chrI	110076	1	0.5	25
	chrI	110093	1	0.5	25
	chrI	110094	0	0.5	25
	chrI	110095	0	0.5	25
	chrI	110098	1	0.5	25
	chrI	110126	0	0.5	25
	chrI	110148	1	0.5	25
	chrI	110149	0	1.5	25
	chrI	110150	1	0.5	25
	chrI	110163	1	1.5	25
	chrI	110169	0	0.5	25
	chrI	110171	1	0.5	25
	chrI	110174	1	0.5	25
	chrI	110179	1	1.0	25
	chrI	110185	0	0.5	25
	chrI	110194	1	0.5	25
	chrI	110198	1	0.5	25
	chrI	110232	1	0.5	25
	chrI	110234	0	0.5	25
	chrI	110254	1	0.5	25
	chrI	110275	1	0.5	25
	chrI	110277	1	0.5	25
	chrI	110281	0	0.5	25
	chrI	110286	0	0.5	25
	chrI	110328	1	0.5	25
	chrI	110422	0	0.5	25
	chrI	110423	0	0.5	25
	chrI	110433	1	0.5	25
	chrI	110462	0	0.5	25
	chrI	110466	1	0.5	25
	chrI	110471	0	0.5	25
	chrI	110480	0	1.0	25
	chrI	110481	0	0.5	25
	chrI	110483	1	0.5	25
	chrI	110485	0	1.5	25
	chrI	110486	0	1.5	25
	chrI	110490	0	1.0	25
	chrI	110491	0	0.5	25
	chrI	110492	0	0.5	25
	chrI	110500	0	0.5	25
	chrI	110503	0	0.5	25
	chrI	110503	1	0.5	25
	chrI	110504	0	3.5	25
	chrI	110505	0	4.5	25
	chrI	110514	0	0.5	25
	chrI	110535	0	0.5	25
	chrI	110535	1	0.5	25
	chrI	110541	1	0.5	25
	chrI	110544	0	0.5	25
	chrI	110545	1	0.5	25
	chrI	110552	1	0.5	25
	chrI	110555	1	0.5	25
	chrI	110559	1	1.0	25
	chrI	110560	1	0.5	25
	chrI	110561	1	1.5	25
	chrI	110562	1	2.5	25
	chrI	110563	0	0.5	25
	chrI	110563	1	1.0	25
	chrI	110564	1	1.0	25
	chrI	110565	0	0.5	25
	chrI	110565	1	0.5	25
	chrI	110567	0	0.5	25
	chrI	110572	1	0.5	25
	chrI	110573	1	0.5	25
	chrI	110580	1	1.0	25
	chrI	110581	0	0.5	25
	chrI	110581	1	2.0	25
	chrI	110588	0	0.5	25
	chrI	110593	1	1.5	25
	chrI	110594	1	0.5	25
	chrI	110595	0	0.5	25
	chrI	110595	1	0.5	25
	chrI	110628	1	0.5	24
	chrI	110638	1	1.0	25
	chrI	110655	1	0.5	25
	chrI	110656	1	0.5	25
	chrI	110659	0	0.5	25
	chrI	110671	0	0.5	25
	chrI	110675	0	0.5	25
	chrI	110687	1	0.5	25
	chrI	110703	0	0.5	25
	chrI	110739	1	1.0	25
	chrI	110741	1	0.5	25
	chrI	110755	0	1.0	25
	chrI	110757	1	0.5	25
	chrI	110761	1	0.5	25
	chrI	110809	0	0.5	23
	chrI	110810	0	0.5	25
	chrI	110895	0	0.5	25
	chrI	110895	1	0.5	25
	chrI	110900	0	0.5	25
	chrI	110901	1	1.0	25
	chrI	110906	0	0.5	25
	chrI	110908	0	0.5	25
	chrI	110914	0	1.0	25
	chrI	110921	0	0.5	25
	chrI	110945	0	0.5	25
	chrI	110971	1	0.5	25
	chrI	110978	1	0.5	25
	chrI	110993	1	0.5	25
	chrI	110994	0	0.5	25
	chrI	111009	1	0.5	25
	chrI	111014	1	1.0	25
	chrI	111056	1	0.5	25
	chrI	111057	1	0.5	25
	chrI	111069	0	0.5	25
	chrI	111074	1	0.5	25
	chrI	111103	1	0.5	25
	chrI	111108	0	0.5	25
	chrI	111147	0	0.5	25
	chrI	111161	1	0.5	25
	chrI	111180	1	0.5	25
	chrI	111186	1	0.5	25
	chrI	111189	0	0.5	25
	chrI	111220	0	0.5	25
	chrI	111260	1	0.5	25
	chrI	111265	1	0.5	25
	chrI	111269	0	0.5	25
	chrI	111273	0	0.5	25
	chrI	111281	0	0.5	25
	chrI	111323	0	0.5	25
	chrI	111325	1	0.5	25
	chrI	111340	1	0.5	25
	chrI	111362	1	0.5	25
	chrI	111367	0	0.5	25
	chrI	111383	1	0.5	25
	chrI	111416	0	0.5	25
	chrI	111417	1	0.5	25
	chrI	111464	0	0.5	25
	chrI	111465	0	0.5	25
	chrI	111471	0	1.0	25
	chrI	111508	1	0.5	25
	chrI	111514	0	0.5	25
	chrI	111520	1	0.5	25
	chrI	111521	1	1.0	25
	chrI	111531	1	0.5	25
	chrI	111548	0	0.5	25
	chrI	111558	0	0.5	25
	chrI	111579	1	0.5	25
	chrI	111608	1	0.5	25
	chrI	111634	1	0.5	25
	chrI	111653	0	0.5	25
	chrI	111661	0	0.5	25
	chrI	111666	0	0.5	25
	chrI	111684	0	0.5	25
	chrI	111696	0	1.0	25
	chrI	111725	0	0.5	25
	chrI	111731	1	0.5	25
	chrI	111746	0	0.5	25
	chrI	111748	1	0.5	25
	chrI	111770	1	0.5	25
	chrI	111779	1	0.5	25
	chrI	111785	1	0.5	25
	chrI	111809	1	0.5	25
	chrI	111821	0	0.5	25
	chrI	111821	1	0.5	25
	chrI	111823	0	0.5	25
	chrI	111885	0	0.5	25
	chrI	111894	1	0.5	25
	chrI	111902	0	0.5	25
	chrI	111916	0	1.0	25
	chrI	111960	0	0.5	25
	chrI	111970	1	0.5	25
	chrI	111982	1	1.0	25
	chrI	111985	1	0.5	25
	chrI	111986	1	0.5	25
	chrI	111988	0	1.0	25
	chrI	111996	0	0.5	25
	chrI	112019	1	0.5	25
	chrI	112021	1	0.5	25
	chrI	112031	1	1.0	25
	chrI	112045	0	0.5	25
	chrI	112047	0	0.5	25
	chrI	112071	1	0.5	25
	chrI	112087	1	0.5	25
	chrI	112090	0	0.5	25
	chrI	112120	1	0.5	25
	chrI	112159	0	0.5	25
	chrI	112160	0	0.5	25
	chrI	112164	0	0.5	25
	chrI	112184	0	0.5	25
	chrI	112192	0	0.5	25
	chrI	112194	0	0.5	25
	chrI	112198	1	0.5	25
	chrI	112199	1	0.5	25
	chrI	112202	0	0.5	25
	chrI	112214	1	0.5	25
	chrI	112221	1	0.5	25
	chrI	112254	1	0.5	25
	chrI	112258	1	0.5	25
	chrI	112265	1	0.5	25
	chrI	112300	0	0.5	25
	chrI	112315	0	0.5	25
	chrI	112316	0	0.5	25
	chrI	112322	0	0.5	25
	chrI	112326	0	0.5	25
	chrI	112344	1	0.5	25
	chrI	112357	1	0.5	25
	chrI	112368	1	0.5	25
	chrI	112400	1	0.5	25
	chrI	112418	0	1.0	25
	chrI	112418	1	0.5	25
	chrI	112450	0	0.5	25
	chrI	112476	1	1.0	25
	chrI	112482	1	0.5	25
	chrI	112487	0	0.5	25
	chrI	112516	1	0.5	25
	chrI	112517	0	0.5	25
	chrI	112572	0	0.5	25
	chrI	112579	1	0.5	25
	chrI	112625	0	0.5	25
	chrI	112635	1	0.5	25
	chrI	112640	1	0.5	25
	chrI	112683	0	0.5	25
	chrI	112699	0	0.5	23
	chrI	112732	1	0.5	25
	chrI	112742	1	0.5	25
	chrI	112759	1	0.5	25
	chrI	112796	0	0.5	25
	chrI	112826	0	1.5	25
	chrI	112848	0	0.5	25
	chrI	112853	0	0.5	25
	chrI	112862	0	0.5	25
	chrI	112904	1	1.5	25
	chrI	112907	1	0.5	25
	chrI	112909	0	0.5	25
	chrI	112910	1	0.5	25
	chrI	112935	1	0.5	25
	chrI	112938	0	0.5	25
	chrI	112942	1	0.5	25
	chrI	112946	0	0.5	25
	chrI	112997	1	0.5	25
	chrI	112998	0	0.5	25
	chrI	113071	1	0.5	25
	chrI	113088	0	0.5	25
	chrI	113110	0	1.0	25
	chrI	113115	1	0.5	25
	chrI	113130	1	0.5	25
	chrI	113132	0	0.5	25
	chrI	113136	0	0.5	25
	chrI	113180	1	0.5	25
	chrI	113190	1	0.5	25
	chrI	113200	0	0.5	25
	chrI	113227	1	0.5	25
	chrI	113253	1	0.5	25
	chrI	113274	0	0.5	25
	chrI	113285	0	1.0	25
	chrI	113340	0	0.5	25
	chrI	113343	0	0.5	25
	chrI	113346	0	0.5	25
	chrI	113376	1	1.0	25
	chrI	113408	1	0.5	25
	chrI	113426	1	0.5	25
	chrI	113429	1	0.5	25
	chrI	113432	1	0.5	25
	chrI	113435	0	0.5	25
	chrI	113443	0	0.5	25
	chrI	113444	0	1.0	25
	chrI	113445	0	1.0	25
	chrI	113445	1	1.0	25
	chrI	113446	0	6.5	25
	chrI	113447	0	3.0	25
	chrI	113465	0	0.5	25
	chrI	113468	0	0.5	25
	chrI	113475	1	0.5	25
	chrI	113494	0	0.5	25
	chrI	113496	1	0.5	25
	chrI	113505	1	1.5	25
	chrI	113506	0	0.5	25
	chrI	113509	1	0.5	25
	chrI	113517	1	4.0	25
	chrI	113518	1	0.5	25
	chrI	113523	0	0.5	25
	chrI	113525	1	1.0	25
	chrI	113534	1	0.5	25
	chrI	113535	0	0.5	25
	chrI	113535	1	2.0	25
	chrI	113536	1	0.5	25
	chrI	113543	1	1.0	25
	chrI	113548	1	0.5	25
	chrI	113571	0	0.5	25
	chrI	113577	1	0.5	25
	chrI	113582	1	0.5	25
	chrI	113585	1	0.5	25
	chrI	113611	0	0.5	24
	chrI	113643	0	0.5	25
	chrI	113661	0	0.5	25
	chrI	113672	0	0.5	25
	chrI	113675	1	0.5	25
	chrI	113700	1	0.5	25
	chrI	113701	1	0.5	25
	chrI	113705	1	0.5	25
	chrI	113723	0	0.5	25
	chrI	113730	0	0.5	25
	chrI	113731	1	0.5	25
	chrI	113748	0	0.5	25
	chrI	113757	1	0.5	25
	chrI	113786	1	0.5	25
	chrI	113798	0	1.0	25
	chrI	113824	1	0.5	25
	chrI	113830	0	0.5	25
	chrI	113838	0	1.5	25
	chrI	113841	1	0.5	25
	chrI	113847	0	0.5	25
	chrI	113877	1	0.5	25
	chrI	113882	0	0.5	25
	chrI	113893	1	1.0	25
	chrI	113902	0	0.5	25
	chrI	113909	0	0.5	25
	chrI	113911	1	1.0	25
	chrI	113942	1	0.5	25
	chrI	113974	1	1.0	25
	chrI	113986	1	0.5	25
	chrI	114010	1	0.5	25
	chrI	114013	1	0.5	25
	chrI	114025	0	0.5	25
	chrI	114043	0	0.5	25
	chrI	114075	1	0.5	25
	chrI	114078	0	0.5	25
	chrI	114081	1	0.5	25
	chrI	114137	1	0.5	25
	chrI	114148	0	0.5	25
	chrI	114252	0	0.5	25
	chrI	114259	0	0.5	25
	chrI	114286	0	0.5	25
	chrI	114313	1	0.5	25
	chrI	114320	0	1.0	25
	chrI	114393	1	0.5	25
	chrI	114400	0	0.5	25
	chrI	114401	1	0.5	25
	chrI	114423	1	0.5	25
	chrI	114429	0	1.0	25
	chrI	114437	0	0.5	25
	chrI	114446	0	0.5	25
	chrI	114457	1	0.5	25
	chrI	114475	1	0.5	25
	chrI	114493	1	1.0	25
	chrI	114495	0	0.5	25
	chrI	114502	1	0.5	25
	chrI	114507	1	0.5	25
	chrI	114528	1	0.5	25
	chrI	114589	0	1.0	25
	chrI	114601	1	0.5	25
	chrI	114638	1	1.0	25
	chrI	114651	0	0.5	25
	chrI	114656	0	1.0	25
	chrI	114667	0	1.5	25
	chrI	114682	0	1.5	25
	chrI	114685	0	0.5	25
	chrI	114687	0	3.5	25
	chrI	114693	1	0.5	25
	chrI	114705	0	0.5	25
	chrI	114706	0	0.5	25
	chrI	114730	1	1.0	25
	chrI	114731	1	0.5	25
	chrI	114733	1	0.5	25
	chrI	114742	1	0.5	25
	chrI	114743	1	1.0	25
	chrI	114746	1	1.5	25
	chrI	114751	1	1.0	25
	chrI	114752	1	0.5	25
	chrI	114756	0	0.5	25
	chrI	114758	0	0.5	25
	chrI	114763	1	1.5	25
	chrI	114764	1	0.5	25
	chrI	114778	1	0.5	25
	chrI	114782	0	0.5	25
	chrI	114789	0	0.5	25
	chrI	114815	1	1.0	25
	chrI	114827	0	0.5	25
	chrI	114832	0	0.5	25
	chrI	114839	1	0.5	25
	chrI	114879	1	1.0	25
	chrI	114902	0	0.5	25
	chrI	114906	1	0.5	25
	chrI	114907	0	0.5	25
	chrI	114920	0	0.5	25
	chrI	114940	0	0.5	25
	chrI	114948	0	0.5	25
	chrI	114971	1	0.5	25
	chrI	114985	1	0.5	25
	chrI	115008	1	0.5	25
	chrI	115063	0	1.0	25
	chrI	115077	0	0.5	25
	chrI	115093	0	0.5	25
	chrI	115103	0	0.5	25
	chrI	115124	0	0.5	25
	chrI	115134	1	1.0	25
	chrI	115145	0	0.5	25
	chrI	115149	1	0.5	25
	chrI	115161	1	0.5	25
	chrI	115186	1	0.5	25
	chrI	115196	1	0.5	25
	chrI	115225	1	0.5	25
	chrI	115274	1	0.5	25
	chrI	115276	0	0.5	25
	chrI	115278	0	0.5	25
	chrI	115352	0	1.0	25
	chrI	115366	0	0.5	25
	chrI	115389	0	0.5	25
	chrI	115391	0	0.5	25
	chrI	115392	1	0.5	25
	chrI	115397	0	0.5	25
	chrI	115426	1	0.5	25
	chrI	115431	1	0.5	25
	chrI	115440	1	0.5	25
	chrI	115441	1	1.5	25
	chrI	115448	1	0.5	25
	chrI	115449	0	0.5	25
	chrI	115460	1	0.5	25
	chrI	115464	0	0.5	25
	chrI	115466	0	0.5	25
	chrI	115482	0	0.5	25
	chrI	115488	0	0.5	25
	chrI	115504	0	1.0	25
	chrI	115506	0	0.5	25
	chrI	115513	1	0.5	25
	chrI	115528	1	0.5	25
	chrI	115539	0	0.5	25
	chrI	115545	0	0.5	25
	chrI	115556	1	0.5	25
	chrI	115559	1	0.5	25
	chrI	115565	1	1.0	25
	chrI	115572	1	0.5	25
	chrI	115587	0	0.5	25
	chrI	115599	1	0.5	25
	chrI	115631	0	0.5	25
	chrI	115638	1	0.5	25
	chrI	115660	0	0.5	25
	chrI	115723	1	0.5	25
	chrI	115749	1	0.5	25
	chrI	115769	1	0.5	25
	chrI	115811	1	0.5	25
	chrI	115915	0	0.5	23
	chrI	115916	0	0.5	25
	chrI	115932	0	0.5	25
	chrI	115943	0	0.5	25
	chrI	115972	1	0.5	25
	chrI	116001	1	0.5	25
	chrI	116003	0	0.5	25
	chrI	116017	0	0.5	25
	chrI	116047	1	0.5	25
	chrI	116070	1	0.5	25
	chrI	116082	1	0.5	25
	chrI	116091	0	0.5	25
	chrI	116105	0	0.5	25
	chrI	116137	0	0.5	25
	chrI	116150	1	0.5	25
	chrI	116161	0	0.5	25
	chrI	116163	1	0.5	25
	chrI	116181	0	0.5	25
	chrI	116194	1	0.5	25
	chrI	116196	0	0.5	25
	chrI	116228	1	0.5	25
	chrI	116238	1	0.5	25
	chrI	116239	0	0.5	25
	chrI	116240	0	0.5	25
	chrI	116269	0	1.0	25
	chrI	116276	1	0.5	25
	chrI	116281	0	0.5	25
	chrI	116310	0	0.5	25
	chrI	116319	1	1.0	25
	chrI	116327	1	0.5	25
	chrI	116340	1	0.5	25
	chrI	116382	0	0.5	25
	chrI	116383	1	0.5	25
	chrI	116385	0	0.5	25
	chrI	116389	1	0.5	25
	chrI	116403	1	0.5	25
	chrI	116416	0	0.5	25
	chrI	116417	0	0.5	25
	chrI	116441	1	0.5	25
	chrI	116457	0	0.5	25
	chrI	116478	0	0.5	25
	chrI	116506	1	0.5	25
	chrI	116515	1	0.5	25
	chrI	116535	0	0.5	25
	chrI	116550	0	0.5	25
	chrI	116574	1	0.5	25
	chrI	116582	1	0.5	25
	chrI	116583	0	1.0	25
	chrI	116587	1	0.5	25
	chrI	116600	0	0.5	25
	chrI	116606	1	0.5	25
	chrI	116616	1	0.5	25
	chrI	116634	0	0.5	25
	chrI	116663	0	0.5	25
	chrI	116676	0	0.5	25
	chrI	116677	0	0.5	25
	chrI	116679	1	0.5	25
	chrI	116700	0	0.5	25
	chrI	116704	0	0.5	25
	chrI	116714	1	0.5	25
	chrI	116719	1	0.5	25
	chrI	116740	1	1.0	25
	chrI	116754	1	0.5	25
	chrI	116764	0	0.5	25
	chrI	116766	1	0.5	25
	chrI	116767	0	0.5	25
	chrI	116769	1	1.0	25
	chrI	116771	0	0.5	25
	chrI	116798	0	0.5	25
	chrI	116807	0	0.5	25
	chrI	116825	1	0.5	25
	chrI	116829	0	0.5	25
	chrI	116837	1	0.5	25
	chrI	116856	1	0.5	25
	chrI	116869	1	0.5	25
	chrI	116983	0	0.5	25
	chrI	117005	1	0.5	25
	chrI	117065	1	0.5	25
	chrI	117080	0	0.5	25
	chrI	117101	1	0.5	25
	chrI	117120	0	1.0	25
	chrI	117123	0	0.5	25
	chrI	117130	0	0.5	25
	chrI	117137	0	0.5	25
	chrI	117178	1	0.5	25
	chrI	117184	1	1.0	25
	chrI	117189	0	0.5	25
	chrI	117189	1	0.5	25
	chrI	117194	1	0.5	25
	chrI	117196	0	0.5	25
	chrI	117222	1	0.5	25
	chrI	117247	0	0.5	25
	chrI	117263	0	0.5	25
	chrI	117269	1	0.5	25
	chrI	117301	1	0.5	25
	chrI	117307	1	0.5	25
	chrI	117345	1	0.5	25
	chrI	117396	0	0.5	25
	chrI	117403	0	0.5	25
	chrI	117405	0	0.5	25
	chrI	117412	0	0.5	25
	chrI	117420	0	0.5	25
	chrI	117446	0	0.5	25
	chrI	117461	1	0.5	25
	chrI	117469	1	0.5	25
	chrI	117471	0	0.5	25
	chrI	117477	1	0.5	25
	chrI	117478	1	0.5	25
	chrI	117495	0	0.5	25
	chrI	117528	1	0.5	25
	chrI	117567	1	0.5	25
	chrI	117571	1	0.5	25
	chrI	117572	0	1.0	25
	chrI	117574	0	0.5	25
	chrI	117607	0	0.5	25
	chrI	117609	1	0.5	25
	chrI	117625	1	0.5	25
	chrI	117655	1	0.5	25
	chrI	117663	0	0.5	25
	chrI	117674	0	0.5	25
	chrI	117682	0	0.5	25
	chrI	117699	0	0.5	25
	chrI	117727	1	0.5	25
	chrI	117728	1	0.5	25
	chrI	117729	0	0.5	25
	chrI	117740	0	0.5	25
	chrI	117766	1	0.5	25
	chrI	117770	0	0.5	25
	chrI	117770	1	1.0	25
	chrI	117795	1	0.5	25
	chrI	117799	0	1.0	25
	chrI	117827	1	0.5	25
	chrI	117830	1	0.5	25
	chrI	117832	0	0.5	25
	chrI	117839	0	0.5	25
	chrI	117858	1	1.0	25
	chrI	117859	0	0.5	25
	chrI	117864	0	0.5	25
	chrI	117873	0	0.5	25
	chrI	117900	1	0.5	25
	chrI	117904	1	0.5	25
	chrI	117909	0	1.0	25
	chrI	117925	1	0.5	25
	chrI	117940	1	0.5	25
	chrI	117942	1	0.5	25
	chrI	117957	1	0.5	25
	chrI	117970	1	1.0	25
	chrI	118023	0	0.5	25
	chrI	118042	0	0.5	25
	chrI	118084	1	0.5	25
	chrI	118115	0	1.0	25
	chrI	118143	1	0.5	25
	chrI	118149	0	0.5	25
	chrI	118154	0	0.5	25
	chrI	118184	0	0.5	25
	chrI	118196	0	0.5	25
	chrI	118204	1	0.5	25
	chrI	118215	0	0.5	25
	chrI	118218	0	0.5	25
	chrI	118229	1	0.5	25
	chrI	118233	1	0.5	25
	chrI	118239	0	1.5	25
	chrI	118261	1	0.5	25
	chrI	118269	1	1.0	25
	chrI	118272	1	0.5	25
	chrI	118292	1	0.5	25
	chrI	118295	0	0.5	25
	chrI	118297	0	0.5	25
	chrI	118306	1	1.5	25
	chrI	118344	0	0.5	25
	chrI	118348	0	0.5	25
	chrI	118371	1	0.5	25
	chrI	118377	0	0.5	25
	chrI	118386	0	0.5	25
	chrI	118415	0	0.5	25
	chrI	118416	1	0.5	25
	chrI	118424	1	0.5	25
	chrI	118432	0	0.5	25
	chrI	118439	0	0.5	25
	chrI	118442	1	0.5	25
	chrI	118443	0	0.5	25
	chrI	118446	0	0.5	25
	chrI	118447	0	0.5	25
	chrI	118454	1	0.5	25
	chrI	118467	1	0.5	25
	chrI	118475	1	0.5	25
	chrI	118481	0	0.5	25
	chrI	118494	1	0.5	25
	chrI	118495	1	0.5	25
	chrI	118538	1	0.5	25
	chrI	118568	0	1.0	25
	chrI	118583	1	0.5	25
	chrI	118592	0	0.5	25
	chrI	118595	1	0.5	25
	chrI	118614	0	0.5	25
	chrI	118624	1	0.5	25
	chrI	118646	0	0.5	25
	chrI	118651	1	0.5	25
	chrI	118662	0	0.5	25
	chrI	118663	1	0.5	25
	chrI	118666	1	0.5	25
	chrI	118675	0	0.5	25
	chrI	118681	0	0.5	25
	chrI	118687	0	1.0	25
	chrI	118694	1	0.5	25
	chrI	118696	0	0.5	25
	chrI	118697	0	1.0	25
	chrI	118708	0	0.5	25
	chrI	118723	1	0.5	25
	chrI	118737	0	0.5	25
	chrI	118752	1	0.5	25
	chrI	118760	1	0.5	25
	chrI	118762	1	0.5	25
	chrI	118771	1	0.5	25
	chrI	118773	1	0.5	25
	chrI	118777	0	1.0	25
	chrI	118785	1	0.5	25
	chrI	118792	1	1.0	25
	chrI	118797	0	0.5	25
	chrI	118810	1	1.0	25
	chrI	118834	1	1.0	25
	chrI	118864	0	0.5	25
	chrI	118866	0	0.5	24
	chrI	118874	0	0.5	25
	chrI	118891	0	0.5	25
	chrI	118907	0	0.5	25
	chrI	118915	1	0.5	25
	chrI	118918	0	0.5	25
	chrI	118933	1	0.5	25
	chrI	118941	1	0.5	25
	chrI	118958	0	0.5	25
	chrI	118961	0	0.5	25
	chrI	118980	1	0.5	25
	chrI	118989	1	0.5	25
	chrI	118991	1	0.5	25
	chrI	119000	1	0.5	25
	chrI	119020	1	0.5	25
	chrI	119087	0	1.0	25
	chrI	119110	0	1.0	25
	chrI	119151	0	0.5	25
	chrI	119158	0	0.5	25
	chrI	119167	1	1.0	25
	chrI	119181	0	0.5	25
	chrI	119182	0	0.5	25
	chrI	119186	0	0.5	25
	chrI	119193	1	1.0	25
	chrI	119195	0	0.5	25
	chrI	119203	1	0.5	25
	chrI	119223	1	0.5	25
	chrI	119242	0	0.5	25
	chrI	119246	1	1.0	25
	chrI	119269	0	0.5	25
	chrI	119287	0	0.5	25
	chrI	119301	0	0.5	25
	chrI	119307	0	0.5	25
	chrI	119314	0	0.5	25
	chrI	119314	1	0.5	25
	chrI	119342	1	0.5	25
	chrI	119350	1	0.5	25
	chrI	119355	0	0.5	25
	chrI	119359	1	0.5	25
	chrI	119361	0	0.5	25
	chrI	119369	1	0.5	25
	chrI	119375	1	0.5	25
	chrI	119387	1	0.5	25
	chrI	119394	1	0.5	25
	chrI	119402	0	0.5	25
	chrI	119403	0	0.5	25
	chrI	119446	0	0.5	25
	chrI	119447	0	0.5	25
	chrI	119453	1	0.5	25
	chrI	119467	0	0.5	25
	chrI	119467	1	0.5	25
	chrI	119473	0	1.0	25
	chrI	119506	1	0.5	25
	chrI	119516	0	0.5	25
	chrI	119521	1	1.0	25
	chrI	119522	0	0.5	25
	chrI	119522	1	0.5	25
	chrI	119524	0	0.5	25
	chrI	119527	1	0.5	25
	chrI	119564	1	0.5	25
	chrI	119570	0	0.5	25
	chrI	119576	1	1.0	25
	chrI	119633	0	0.5	25
	chrI	119633	1	0.5	25
	chrI	119637	1	0.5	25
	chrI	119669	0	0.5	25
	chrI	119670	0	0.5	25
	chrI	119672	0	0.5	25
	chrI	119675	1	0.5	25
	chrI	119676	0	0.5	25
	chrI	119682	0	0.5	25
	chrI	119684	0	0.5	25
	chrI	119688	0	1.5	25
	chrI	119689	0	0.5	25
	chrI	119692	0	0.5	25
	chrI	119695	0	1.0	25
	chrI	119696	0	1.0	25
	chrI	119701	0	0.5	25
	chrI	119702	0	2.0	25
	chrI	119703	0	0.5	25
	chrI	119705	0	1.0	25
	chrI	119708	0	0.5	25
	chrI	119727	0	0.5	25
	chrI	119732	0	0.5	25
	chrI	119739	0	1.0	25
	chrI	119739	1	0.5	25
	chrI	119740	1	0.5	25
	chrI	119741	0	1.5	25
	chrI	119742	0	0.5	25
	chrI	119742	1	0.5	25
	chrI	119744	0	0.5	25
	chrI	119757	1	0.5	25
	chrI	119758	1	2.5	25
	chrI	119759	1	0.5	24
	chrI	119759	1	0.5	25
	chrI	119769	1	0.5	25
	chrI	119774	1	0.5	25
	chrI	119776	1	0.5	25
	chrI	119782	1	0.5	25
	chrI	119784	1	1.0	25
	chrI	119788	0	0.5	25
	chrI	119788	1	1.0	25
	chrI	119789	0	0.5	25
	chrI	119790	0	0.5	25
	chrI	119792	1	0.5	25
	chrI	119794	1	0.5	25
	chrI	119797	1	0.5	25
	chrI	119798	1	1.0	25
	chrI	119799	1	0.5	25
	chrI	119803	1	0.5	25
	chrI	119805	1	0.5	25
	chrI	119809	1	0.5	25
	chrI	119810	0	1.5	25
	chrI	119811	0	0.5	25
	chrI	119811	1	0.5	25
	chrI	119817	1	1.0	25
	chrI	119818	1	1.0	25
	chrI	119819	0	1.5	25
	chrI	119819	1	0.5	25
	chrI	119841	1	0.5	25
	chrI	119870	1	0.5	25
	chrI	119873	1	0.5	25
	chrI	119876	0	1.0	25
	chrI	119886	1	0.5	25
	chrI	119891	1	1.0	25
	chrI	119896	1	0.5	25
	chrI	119902	0	1.0	25
	chrI	119902	1	0.5	25
	chrI	119920	1	1.0	25
	chrI	119945	1	0.5	25
	chrI	119961	1	1.0	25
	chrI	119962	0	0.5	25
	chrI	119975	1	1.0	25
	chrI	119976	0	1.0	25
	chrI	119982	0	1.0	25
	chrI	120002	0	0.5	25
	chrI	120009	1	1.0	25
	chrI	120029	1	0.5	25
	chrI	120065	1	0.5	25
	chrI	120086	1	1.0	25
	chrI	120087	0	0.5	25
	chrI	120089	0	1.0	25
	chrI	120136	0	0.5	25
	chrI	120150	1	1.0	25
	chrI	120165	1	0.5	25
	chrI	120197	1	0.5	25
	chrI	120203	0	1.5	25
	chrI	120205	0	2.5	25
	chrI	120218	0	0.5	25
	chrI	120228	0	0.5	25
	chrI	120245	0	0.5	25
	chrI	120254	0	0.5	25
	chrI	120257	0	0.5	25
	chrI	120264	1	0.5	25
	chrI	120270	1	0.5	25
	chrI	120274	1	0.5	25
	chrI	120277	0	0.5	25
	chrI	120278	0	0.5	25
	chrI	120294	0	0.5	25
	chrI	120297	1	0.5	25
	chrI	120299	1	0.5	25
	chrI	120300	1	1.0	25
	chrI	120301	0	0.5	25
	chrI	120317	1	1.0	25
	chrI	120326	1	0.5	25
	chrI	120330	1	1.0	25
	chrI	120351	1	0.5	25
	chrI	120352	1	0.5	25
	chrI	120376	1	0.5	25
	chrI	120394	0	0.5	25
	chrI	120395	1	0.5	25
	chrI	120398	0	1.0	25
	chrI	120400	0	0.5	25
	chrI	120452	1	1.0	25
	chrI	120470	1	0.5	25
	chrI	120484	1	0.5	25
	chrI	120516	0	0.5	25
	chrI	120540	1	0.5	25
	chrI	120583	1	0.5	25
	chrI	120611	0	0.5	25
	chrI	120714	0	0.5	25
	chrI	120788	1	0.5	25
	chrI	120820	1	0.5	25
	chrI	120829	0	0.5	25
	chrI	120881	0	0.5	25
	chrI	120904	0	0.5	25
	chrI	120923	0	0.5	25
	chrI	120926	0	0.5	25
	chrI	120948	1	0.5	25
	chrI	120956	1	0.5	25
	chrI	120963	0	0.5	25
	chrI	120969	0	0.5	25
	chrI	120977	1	0.5	25
	chrI	120978	1	0.5	25
	chrI	120999	1	0.5	25
	chrI	121024	1	0.5	25
	chrI	121036	0	0.5	25
	chrI	121045	0	0.5	25
	chrI	121065	1	0.5	25
	chrI	121067	1	0.5	25
	chrI	121071	0	0.5	25
	chrI	121079	0	0.5	25
	chrI	121120	1	0.5	25
	chrI	121137	1	0.5	25
	chrI	121140	0	1.0	25
	chrI	121148	0	0.5	25
	chrI	121208	1	1.0	25
	chrI	121221	1	0.5	25
	chrI	121246	1	0.5	25
	chrI	121258	0	0.5	25
	chrI	121277	0	0.5	25
	chrI	121286	0	0.5	25
	chrI	121299	0	0.5	25
	chrI	121303	1	0.5	25
	chrI	121351	1	0.5	25
	chrI	121361	0	0.5	25
	chrI	121367	0	0.5	25
	chrI	121371	1	0.5	25
	chrI	121397	1	0.5	25
	chrI	121399	1	0.5	25
	chrI	121423	1	0.5	25
	chrI	121427	0	0.5	25
	chrI	121443	0	1.0	25
	chrI	121449	0	0.5	25
	chrI	121485	0	0.5	25
	chrI	121509	1	0.5	25
	chrI	121525	0	0.5	25
	chrI	121536	0	1.5	25
	chrI	121540	1	0.5	25
	chrI	121541	1	0.5	25
	chrI	121546	1	1.0	25
	chrI	121574	1	0.5	25
	chrI	121588	1	1.5	25
	chrI	121600	0	0.5	25
	chrI	121611	0	0.5	25
	chrI	121620	0	0.5	25
	chrI	121629	0	0.5	25
	chrI	121661	1	0.5	25
	chrI	121662	0	0.5	25
	chrI	121675	1	0.5	25
	chrI	121707	1	0.5	25
	chrI	121718	1	0.5	25
	chrI	121735	0	0.5	25
	chrI	121742	1	0.5	25
	chrI	121753	0	0.5	25
	chrI	121764	0	0.5	25
	chrI	121800	0	0.5	25
	chrI	121808	0	0.5	25
	chrI	121810	1	0.5	25
	chrI	121812	1	0.5	25
	chrI	121814	0	0.5	25
	chrI	121837	0	0.5	25
	chrI	121840	1	0.5	25
	chrI	121870	0	0.5	25
	chrI	121871	0	0.5	25
	chrI	121873	1	0.5	25
	chrI	121891	0	0.5	25
	chrI	121891	1	0.5	25
	chrI	121901	0	0.5	25
	chrI	121940	1	0.5	25
	chrI	121942	1	0.5	25
	chrI	121955	0	0.5	25
	chrI	121958	1	0.5	25
	chrI	121973	1	0.5	25
	chrI	121982	0	0.5	25
	chrI	122034	1	0.5	25
	chrI	122062	1	0.5	25
	chrI	122063	0	1.0	25
	chrI	122072	1	0.5	25
	chrI	122074	0	0.5	25
	chrI	122102	0	0.5	25
	chrI	122105	1	0.5	25
	chrI	122116	0	0.5	25
	chrI	122128	0	0.5	25
	chrI	122128	1	0.5	25
	chrI	122135	1	0.5	25
	chrI	122174	1	0.5	25
	chrI	122197	1	0.5	25
	chrI	122207	0	0.5	23
	chrI	122207	0	0.5	25
	chrI	122208	1	0.5	25
	chrI	122222	0	1.0	25
	chrI	122226	1	0.5	25
	chrI	122241	0	0.5	25
	chrI	122272	1	1.0	25
	chrI	122301	1	0.5	25
	chrI	122336	0	0.5	25
	chrI	122338	0	0.5	25
	chrI	122351	0	0.5	25
	chrI	122362	0	0.5	25
	chrI	122383	0	0.5	25
	chrI	122391	1	1.0	25
	chrI	122399	0	0.5	25
	chrI	122403	1	0.5	25
	chrI	122411	1	0.5	25
	chrI	122416	1	0.5	25
	chrI	122421	0	0.5	25
	chrI	122424	1	0.5	25
	chrI	122429	1	0.5	25
	chrI	122440	0	0.5	25
	chrI	122489	0	1.0	25
	chrI	122503	1	0.5	25
	chrI	122510	0	1.0	25
	chrI	122537	0	0.5	25
	chrI	122550	1	0.5	25
	chrI	122559	1	1.0	25
	chrI	122560	1	1.0	25
	chrI	122580	0	0.5	25
	chrI	122588	0	0.5	25
	chrI	122594	1	0.5	25
	chrI	122595	0	0.5	25
	chrI	122628	1	0.5	25
	chrI	122639	1	0.5	25
	chrI	122657	1	0.5	25
	chrI	122679	0	0.5	25
	chrI	122686	0	0.5	25
	chrI	122687	0	0.5	25
	chrI	122714	1	0.5	25
	chrI	122719	1	0.5	25
	chrI	122723	0	0.5	25
	chrI	122736	0	0.5	25
	chrI	122739	0	0.5	25
	chrI	122785	1	0.5	25
	chrI	122790	1	0.5	25
	chrI	122798	1	0.5	25
	chrI	122801	0	0.5	25
	chrI	122804	1	0.5	25
	chrI	122819	0	1.0	25
	chrI	122840	0	0.5	25
	chrI	122877	0	0.5	25
	chrI	122897	0	0.5	25
	chrI	122902	0	0.5	25
	chrI	122902	1	0.5	25
	chrI	122905	1	1.0	25
	chrI	122912	0	0.5	25
	chrI	122949	0	0.5	25
	chrI	122955	1	0.5	25
	chrI	122969	1	0.5	25
	chrI	122986	1	0.5	25
	chrI	122990	1	0.5	25
	chrI	123003	1	0.5	25
	chrI	123048	0	0.5	25
	chrI	123088	0	0.5	25
	chrI	123099	1	0.5	25
	chrI	123125	0	0.5	25
	chrI	123140	1	0.5	25
	chrI	123164	0	0.5	25
	chrI	123167	0	0.5	25
	chrI	123210	0	0.5	25
	chrI	123214	1	0.5	25
	chrI	123219	0	0.5	25
	chrI	123223	1	0.5	25
	chrI	123228	0	0.5	25
	chrI	123231	1	0.5	25
	chrI	123238	0	0.5	25
	chrI	123242	0	0.5	25
	chrI	123246	1	0.5	25
	chrI	123255	1	0.5	25
	chrI	123275	1	0.5	25
	chrI	123276	1	0.5	25
	chrI	123296	0	1.0	25
	chrI	123305	1	0.5	25
	chrI	123319	1	0.5	25
	chrI	123339	0	0.5	25
	chrI	123366	1	0.5	25
	chrI	123374	0	0.5	25
	chrI	123385	0	0.5	25
	chrI	123388	1	0.5	25
	chrI	123392	1	0.5	25
	chrI	123393	0	0.5	25
	chrI	123395	0	0.5	25
	chrI	123400	1	0.5	25
	chrI	123406	1	0.5	25
	chrI	123449	1	0.5	25
	chrI	123491	0	1.5	25
	chrI	123491	1	0.5	25
	chrI	123493	1	0.5	25
	chrI	123500	0	1.0	25
	chrI	123525	0	0.5	25
	chrI	123561	0	0.5	25
	chrI	123562	0	0.5	25
	chrI	123563	1	1.5	25
	chrI	123565	1	1.0	25
	chrI	123571	0	0.5	25
	chrI	123586	1	0.5	25
	chrI	123613	0	0.5	25
	chrI	123615	0	0.5	25
	chrI	123636	0	0.5	25
	chrI	123659	0	1.0	25
	chrI	123661	0	0.5	25
	chrI	123662	0	0.5	25
	chrI	123668	0	0.5	25
	chrI	123672	1	0.5	25
	chrI	123682	0	0.5	25
	chrI	123689	0	0.5	25
	chrI	123693	1	0.5	25
	chrI	123711	1	0.5	25
	chrI	123715	1	0.5	25
	chrI	123724	1	1.5	25
	chrI	123725	0	0.5	25
	chrI	123726	0	0.5	25
	chrI	123727	0	0.5	25
	chrI	123731	1	0.5	25
	chrI	123750	1	0.5	25
	chrI	123753	1	0.5	25
	chrI	123756	1	0.5	25
	chrI	123757	0	0.5	25
	chrI	123784	0	0.5	25
	chrI	123789	1	0.5	25
	chrI	123796	0	0.5	25
	chrI	123808	1	0.5	25
	chrI	123858	1	0.5	25
	chrI	123859	1	0.5	25
	chrI	123868	1	0.5	25
	chrI	123928	0	0.5	25
	chrI	123936	0	0.5	25
	chrI	123937	1	0.5	25
	chrI	123957	0	0.5	25
	chrI	123989	0	0.5	25
	chrI	123992	0	0.5	25
	chrI	124001	1	0.5	25
	chrI	124035	0	0.5	25
	chrI	124048	1	0.5	25
	chrI	124056	1	0.5	25
	chrI	124063	1	0.5	25
	chrI	124075	1	0.5	25
	chrI	124077	0	1.0	25
	chrI	124102	1	0.5	25
	chrI	124107	0	0.5	25
	chrI	124108	0	0.5	25
	chrI	124110	0	0.5	25
	chrI	124122	1	0.5	25
	chrI	124123	0	0.5	25
	chrI	124124	1	0.5	25
	chrI	124177	1	0.5	25
	chrI	124179	1	0.5	25
	chrI	124182	0	0.5	25
	chrI	124192	1	0.5	25
	chrI	124245	1	0.5	25
	chrI	124265	0	0.5	25
	chrI	124278	1	1.0	25
	chrI	124302	1	0.5	25
	chrI	124307	0	0.5	25
	chrI	124314	0	0.5	25
	chrI	124322	0	0.5	25
	chrI	124332	0	0.5	25
	chrI	124349	0	0.5	25
	chrI	124362	0	0.5	25
	chrI	124364	0	0.5	25
	chrI	124369	0	0.5	25
	chrI	124370	0	0.5	25
	chrI	124396	1	0.5	25
	chrI	124400	1	0.5	25
	chrI	124416	1	0.5	25
	chrI	124419	1	0.5	25
	chrI	124421	0	1.0	25
	chrI	124422	0	0.5	25
	chrI	124423	0	0.5	25
	chrI	124425	0	1.0	25
	chrI	124426	0	0.5	25
	chrI	124436	1	0.5	25
	chrI	124440	1	0.5	25
	chrI	124441	0	1.0	25
	chrI	124454	0	0.5	25
	chrI	124459	0	1.0	25
	chrI	124460	0	0.5	25
	chrI	124464	1	0.5	25
	chrI	124465	1	0.5	25
	chrI	124466	1	0.5	25
	chrI	124472	1	1.0	25
	chrI	124475	0	0.5	25
	chrI	124475	1	1.5	25
	chrI	124480	1	0.5	25
	chrI	124514	1	0.5	25
	chrI	124515	1	0.5	25
	chrI	124517	1	1.0	25
	chrI	124518	0	0.5	25
	chrI	124520	1	1.5	25
	chrI	124521	0	0.5	25
	chrI	124529	1	0.5	25
	chrI	124536	0	0.5	25
	chrI	124551	0	0.5	25
	chrI	124581	1	0.5	25
	chrI	124588	0	0.5	25
	chrI	124589	1	0.5	25
	chrI	124606	0	0.5	25
	chrI	124608	0	0.5	25
	chrI	124617	1	0.5	25
	chrI	124634	0	1.0	25
	chrI	124636	1	0.5	25
	chrI	124648	1	0.5	25
	chrI	124649	0	0.5	25
	chrI	124654	1	0.5	25
	chrI	124662	0	0.5	25
	chrI	124669	0	1.0	25
	chrI	124670	0	2.0	25
	chrI	124671	0	0.5	25
	chrI	124675	0	0.5	25
	chrI	124691	0	0.5	25
	chrI	124694	0	1.0	25
	chrI	124697	1	1.0	25
	chrI	124707	1	0.5	25
	chrI	124710	1	0.5	25
	chrI	124711	0	0.5	25
	chrI	124714	0	1.0	25
	chrI	124723	1	0.5	25
	chrI	124740	1	1.5	25
	chrI	124751	1	0.5	25
	chrI	124753	1	0.5	25
	chrI	124756	1	2.0	25
	chrI	124757	0	0.5	25
	chrI	124757	1	1.0	25
	chrI	124760	1	0.5	25
	chrI	124770	0	0.5	25
	chrI	124771	0	0.5	25
	chrI	124773	1	1.0	25
	chrI	124784	1	0.5	25
	chrI	124795	0	1.0	25
	chrI	124818	1	0.5	25
	chrI	124834	0	0.5	25
	chrI	124849	1	0.5	25
	chrI	124888	1	0.5	25
	chrI	124927	1	0.5	25
	chrI	125004	1	0.5	25
	chrI	125044	1	0.5	25
	chrI	125056	0	0.5	25
	chrI	125098	0	0.5	25
	chrI	125160	0	0.5	25
	chrI	125191	0	1.0	25
	chrI	125194	1	0.5	25
	chrI	125195	0	0.5	25
	chrI	125199	0	0.5	25
	chrI	125224	1	0.5	25
	chrI	125229	0	0.5	25
	chrI	125235	0	0.5	25
	chrI	125255	1	0.5	25
	chrI	125258	1	0.5	25
	chrI	125259	1	0.5	25
	chrI	125260	0	0.5	25
	chrI	125266	1	0.5	25
	chrI	125271	1	0.5	25
	chrI	125272	0	0.5	25
	chrI	125279	0	0.5	25
	chrI	125286	1	0.5	25
	chrI	125299	1	0.5	25
	chrI	125326	0	1.0	25
	chrI	125330	1	0.5	25
	chrI	125338	0	0.5	25
	chrI	125356	0	0.5	25
	chrI	125362	1	0.5	25
	chrI	125413	1	0.5	25
	chrI	125420	1	0.5	25
	chrI	125422	1	1.0	25
	chrI	125426	1	0.5	25
	chrI	125458	0	0.5	25
	chrI	125478	0	0.5	25
	chrI	125490	0	0.5	25
	chrI	125502	0	0.5	25
	chrI	125507	0	0.5	25
	chrI	125520	1	0.5	25
	chrI	125521	0	1.0	25
	chrI	125568	1	0.5	25
	chrI	125576	1	0.5	25
	chrI	125578	1	0.5	25
	chrI	125584	0	0.5	25
	chrI	125588	1	0.5	25
	chrI	125596	0	0.5	25
	chrI	125599	0	0.5	25
	chrI	125616	0	0.5	25
	chrI	125631	0	0.5	25
	chrI	125632	0	0.5	25
	chrI	125656	1	0.5	25
	chrI	125663	0	0.5	25
	chrI	125664	0	0.5	25
	chrI	125665	1	0.5	25
	chrI	125667	0	0.5	25
	chrI	125668	1	0.5	25
	chrI	125670	1	0.5	25
	chrI	125678	1	0.5	25
	chrI	125691	1	0.5	25
	chrI	125692	1	0.5	25
	chrI	125715	1	0.5	25
	chrI	125720	1	0.5	25
	chrI	125722	1	0.5	25
	chrI	125784	1	0.5	25
	chrI	125814	0	0.5	25
	chrI	125819	0	0.5	25
	chrI	125875	1	0.5	25
	chrI	125886	0	0.5	25
	chrI	125893	0	0.5	25
	chrI	125905	1	0.5	25
	chrI	125935	0	0.5	25
	chrI	125947	0	0.5	25
	chrI	125955	0	0.5	25
	chrI	125982	1	0.5	25
	chrI	125987	1	1.0	25
	chrI	126007	0	1.0	25
	chrI	126043	1	0.5	25
	chrI	126068	1	1.0	25
	chrI	126069	0	0.5	25
	chrI	126077	0	0.5	25
	chrI	126078	0	0.5	25
	chrI	126103	0	0.5	25
	chrI	126103	1	0.5	25
	chrI	126119	0	0.5	25
	chrI	126133	1	0.5	25
	chrI	126136	0	0.5	25
	chrI	126184	0	0.5	25
	chrI	126191	1	0.5	25
	chrI	126212	1	0.5	25
	chrI	126214	1	0.5	25
	chrI	126229	1	0.5	25
	chrI	126241	0	0.5	25
	chrI	126258	0	0.5	25
	chrI	126260	0	0.5	25
	chrI	126262	1	0.5	25
	chrI	126265	0	1.0	25
	chrI	126268	0	0.5	25
	chrI	126270	0	0.5	25
	chrI	126327	1	1.0	25
	chrI	126346	1	0.5	25
	chrI	126370	1	0.5	25
	chrI	126374	1	1.0	25
	chrI	126376	1	0.5	25
	chrI	126401	0	0.5	25
	chrI	126407	0	0.5	25
	chrI	126425	0	0.5	25
	chrI	126428	1	0.5	25
	chrI	126446	1	0.5	25
	chrI	126460	1	0.5	25
	chrI	126461	0	0.5	25
	chrI	126488	0	0.5	25
	chrI	126491	0	0.5	25
	chrI	126497	1	0.5	25
	chrI	126501	0	0.5	25
	chrI	126540	1	0.5	25
	chrI	126559	1	0.5	25
	chrI	126619	1	0.5	25
	chrI	126662	0	0.5	25
	chrI	126673	0	0.5	25
	chrI	126687	0	0.5	25
	chrI	126688	0	0.5	25
	chrI	126690	0	1.0	25
	chrI	126720	0	0.5	25
	chrI	126723	1	0.5	25
	chrI	126731	1	0.5	25
	chrI	126732	0	0.5	25
	chrI	126733	1	0.5	25
	chrI	126737	0	0.5	25
	chrI	126750	1	0.5	25
	chrI	126761	1	1.0	25
	chrI	126780	0	0.5	25
	chrI	126790	1	1.0	25
	chrI	126796	0	0.5	25
	chrI	126822	0	0.5	25
	chrI	126829	1	0.5	25
	chrI	126844	1	0.5	25
	chrI	126846	1	0.5	25
	chrI	126881	1	0.5	25
	chrI	126903	1	0.5	23
	chrI	126905	0	1.0	25
	chrI	126916	0	0.5	25
	chrI	126917	0	0.5	25
	chrI	126926	0	0.5	25
	chrI	126940	0	0.5	25
	chrI	126946	1	0.5	25
	chrI	126952	0	0.5	25
	chrI	126976	1	1.0	25
	chrI	127025	1	0.5	25
	chrI	127052	0	0.5	25
	chrI	127052	1	0.5	25
	chrI	127066	0	0.5	25
	chrI	127077	0	0.5	25
	chrI	127078	0	0.5	25
	chrI	127095	0	1.0	25
	chrI	127098	1	0.5	25
	chrI	127115	1	0.5	25
	chrI	127122	0	0.5	25
	chrI	127126	1	0.5	25
	chrI	127135	1	0.5	25
	chrI	127138	0	0.5	25
	chrI	127139	0	0.5	25
	chrI	127148	1	0.5	25
	chrI	127160	0	0.5	25
	chrI	127172	1	1.0	25
	chrI	127198	1	0.5	25
	chrI	127204	1	0.5	25
	chrI	127208	1	0.5	25
	chrI	127217	1	0.5	25
	chrI	127218	0	0.5	25
	chrI	127234	1	0.5	25
	chrI	127275	1	0.5	25
	chrI	127303	0	0.5	25
	chrI	127305	0	0.5	25
	chrI	127336	0	0.5	25
	chrI	127363	1	0.5	25
	chrI	127370	1	0.5	25
	chrI	127399	1	0.5	25
	chrI	127416	0	0.5	25
	chrI	127427	0	0.5	25
	chrI	127469	1	0.5	25
	chrI	127471	0	0.5	25
	chrI	127486	0	0.5	25
	chrI	127493	0	0.5	25
	chrI	127504	0	0.5	25
	chrI	127536	0	1.0	25
	chrI	127559	1	0.5	25
	chrI	127567	0	0.5	25
	chrI	127584	1	1.0	25
	chrI	127585	1	0.5	25
	chrI	127599	0	0.5	25
	chrI	127600	1	0.5	25
	chrI	127611	0	0.5	25
	chrI	127625	1	0.5	25
	chrI	127647	1	1.0	25
	chrI	127659	0	0.5	25
	chrI	127668	0	0.5	25
	chrI	127712	1	0.5	25
	chrI	127727	1	0.5	25
	chrI	127750	0	0.5	25
	chrI	127796	1	0.5	25
	chrI	127800	0	1.5	25
	chrI	127801	1	0.5	25
	chrI	127804	0	0.5	25
	chrI	127868	0	0.5	25
	chrI	127910	1	0.5	25
	chrI	127918	1	0.5	25
	chrI	127921	1	0.5	25
	chrI	127931	0	0.5	25
	chrI	127952	0	0.5	25
	chrI	127960	1	1.5	25
	chrI	127997	0	1.0	25
	chrI	128004	0	0.5	25
	chrI	128026	0	0.5	25
	chrI	128037	0	1.0	25
	chrI	128062	0	0.5	25
	chrI	128063	0	0.5	25
	chrI	128066	0	1.0	25
	chrI	128076	0	1.5	25
	chrI	128079	0	0.5	25
	chrI	128086	1	1.0	25
	chrI	128088	0	0.5	25
	chrI	128100	1	0.5	25
	chrI	128104	1	1.0	25
	chrI	128106	1	0.5	25
	chrI	128120	1	0.5	25
	chrI	128124	1	0.5	25
	chrI	128131	1	1.0	25
	chrI	128132	1	0.5	25
	chrI	128133	1	0.5	25
	chrI	128134	1	0.5	25
	chrI	128136	0	0.5	25
	chrI	128143	1	0.5	25
	chrI	128144	0	0.5	25
	chrI	128147	1	0.5	25
	chrI	128148	0	0.5	25
	chrI	128157	1	1.0	25
	chrI	128180	0	0.5	25
	chrI	128186	0	0.5	25
	chrI	128189	0	0.5	25
	chrI	128201	0	0.5	25
	chrI	128210	0	0.5	25
	chrI	128212	0	0.5	25
	chrI	128215	1	0.5	25
	chrI	128234	1	0.5	25
	chrI	128240	0	0.5	25
	chrI	128241	1	0.5	25
	chrI	128245	1	0.5	25
	chrI	128255	1	0.5	25
	chrI	128256	1	0.5	25
	chrI	128257	0	0.5	25
	chrI	128270	1	0.5	25
	chrI	128274	0	0.5	25
	chrI	128285	1	0.5	25
	chrI	128289	1	0.5	25
	chrI	128308	1	0.5	25
	chrI	128320	0	0.5	25
	chrI	128322	1	0.5	25
	chrI	128361	1	0.5	25
	chrI	128378	1	0.5	25
	chrI	128386	0	0.5	25
	chrI	128446	0	0.5	25
	chrI	128449	0	0.5	25
	chrI	128459	1	0.5	25
	chrI	128514	0	0.5	25
	chrI	128558	0	0.5	25
	chrI	128581	1	0.5	25
	chrI	128601	0	0.5	25
	chrI	128606	1	0.5	25
	chrI	128611	0	0.5	25
	chrI	128663	1	0.5	25
	chrI	128667	0	0.5	25
	chrI	128667	1	0.5	25
	chrI	128677	0	0.5	25
	chrI	128719	0	0.5	25
	chrI	128719	1	0.5	25
	chrI	128723	0	1.0	25
	chrI	128727	1	0.5	25
	chrI	128736	1	0.5	25
	chrI	128737	0	0.5	25
	chrI	128755	0	0.5	25
	chrI	128774	1	0.5	25
	chrI	128784	1	0.5	25
	chrI	128790	0	0.5	25
	chrI	128814	1	0.5	25
	chrI	128820	1	0.5	25
	chrI	128846	1	0.5	25
	chrI	128872	0	0.5	25
	chrI	128873	0	0.5	25
	chrI	128887	0	1.0	25
	chrI	128893	1	1.0	25
	chrI	128916	1	0.5	25
	chrI	128949	0	0.5	25
	chrI	128960	0	0.5	25
	chrI	128966	1	0.5	25
	chrI	128968	0	0.5	25
	chrI	129018	0	0.5	25
	chrI	129019	1	0.5	25
	chrI	129037	1	0.5	25
	chrI	129056	1	0.5	25
	chrI	129066	0	1.5	25
	chrI	129073	0	0.5	25
	chrI	129085	0	1.0	25
	chrI	129086	0	2.0	25
	chrI	129088	0	1.5	25
	chrI	129089	0	1.0	25
	chrI	129093	1	1.0	25
	chrI	129102	1	0.5	25
	chrI	129105	0	0.5	25
	chrI	129110	0	1.5	25
	chrI	129111	0	0.5	25
	chrI	129116	1	1.0	25
	chrI	129117	0	1.0	25
	chrI	129118	0	2.0	25
	chrI	129119	0	0.5	25
	chrI	129120	1	0.5	25
	chrI	129121	0	1.0	25
	chrI	129124	0	1.5	25
	chrI	129134	0	1.5	25
	chrI	129141	1	0.5	25
	chrI	129163	1	0.5	25
	chrI	129165	1	0.5	25
	chrI	129169	1	4.5	25
	chrI	129170	1	1.5	25
	chrI	129171	1	1.5	25
	chrI	129173	1	1.5	25
	chrI	129174	0	0.5	25
	chrI	129184	1	0.5	25
	chrI	129185	0	0.5	25
	chrI	129194	1	2.5	25
	chrI	129201	1	1.0	25
	chrI	129202	0	0.5	25
	chrI	129206	1	0.5	25
	chrI	129212	0	0.5	25
	chrI	129223	1	1.0	25
	chrI	129261	1	0.5	25
	chrI	129286	1	0.5	25
	chrI	129289	0	1.0	25
	chrI	129295	1	0.5	25
	chrI	129329	0	0.5	25
	chrI	129344	1	1.0	25
	chrI	129363	0	0.5	25
	chrI	129372	0	0.5	25
	chrI	129380	0	0.5	25
	chrI	129400	1	0.5	25
	chrI	129411	0	0.5	25
	chrI	129441	0	0.5	25
	chrI	129447	1	0.5	25
	chrI	129476	1	0.5	25
	chrI	129488	1	0.5	25
	chrI	129500	1	0.5	25
	chrI	129522	0	0.5	25
	chrI	129562	1	0.5	25
	chrI	129579	1	0.5	25
	chrI	129594	1	0.5	25
	chrI	129638	0	0.5	25
	chrI	129771	0	0.5	25
	chrI	129786	0	0.5	25
	chrI	129835	1	0.5	25
	chrI	129847	0	0.5	25
	chrI	129855	0	0.5	25
	chrI	129888	1	0.5	25
	chrI	129926	1	0.5	25
	chrI	129937	1	0.5	25
	chrI	129946	0	0.5	25
	chrI	129973	0	0.5	25
	chrI	129979	0	0.5	25
	chrI	130019	1	0.5	25
	chrI	130022	0	1.0	25
	chrI	130051	1	0.5	25
	chrI	130059	1	0.5	25
	chrI	130066	1	1.0	25
	chrI	130093	0	0.5	25
	chrI	130102	1	0.5	25
	chrI	130160	0	0.5	25
	chrI	130163	0	0.5	25
	chrI	130163	1	0.5	25
	chrI	130176	0	0.5	25
	chrI	130196	0	0.5	25
	chrI	130202	1	0.5	25
	chrI	130206	0	0.5	25
	chrI	130208	0	0.5	25
	chrI	130221	1	0.5	25
	chrI	130234	0	0.5	25
	chrI	130242	1	0.5	25
	chrI	130269	1	0.5	25
	chrI	130274	1	0.5	25
	chrI	130294	0	0.5	25
	chrI	130294	1	0.5	25
	chrI	130387	0	0.5	25
	chrI	130397	0	0.5	25
	chrI	130416	0	0.5	25
	chrI	130463	1	0.5	25
	chrI	130496	0	0.5	25
	chrI	130514	0	0.5	25
	chrI	130522	1	0.5	25
	chrI	130545	1	0.5	25
	chrI	130546	0	0.5	25
	chrI	130546	1	0.5	25
	chrI	130550	0	0.5	25
	chrI	130553	0	0.5	25
	chrI	130560	0	1.0	25
	chrI	130561	0	0.5	25
	chrI	130565	0	1.0	25
	chrI	130568	0	0.5	25
	chrI	130568	1	0.5	25
	chrI	130569	0	0.5	25
	chrI	130572	0	2.0	25
	chrI	130573	0	0.5	25
	chrI	130575	0	2.0	25
	chrI	130576	0	0.5	25
	chrI	130582	0	0.5	25
	chrI	130590	1	0.5	25
	chrI	130624	1	1.5	25
	chrI	130625	1	1.0	25
	chrI	130626	1	1.0	25
	chrI	130645	1	0.5	25
	chrI	130646	1	0.5	25
	chrI	130661	1	1.0	25
	chrI	130663	1	1.5	25
	chrI	130670	1	0.5	25
	chrI	130672	1	1.0	25
	chrI	130677	1	0.5	25
	chrI	130678	0	0.5	25
	chrI	130678	1	0.5	25
	chrI	130692	0	0.5	25
	chrI	130700	1	0.5	25
	chrI	130709	0	0.5	25
	chrI	130728	1	0.5	25
	chrI	130747	1	0.5	25
	chrI	130753	1	0.5	25
	chrI	130764	1	0.5	25
	chrI	130765	0	0.5	25
	chrI	130773	1	0.5	25
	chrI	130803	0	0.5	25
	chrI	130807	1	0.5	25
	chrI	130824	0	1.0	25
	chrI	130900	1	0.5	25
	chrI	130908	0	0.5	25
	chrI	130909	0	0.5	25
	chrI	130916	0	0.5	25
	chrI	130924	1	1.0	25
	chrI	130931	0	1.0	25
	chrI	130940	0	0.5	25
	chrI	130946	0	0.5	25
	chrI	130947	0	1.0	25
	chrI	130978	1	0.5	25
	chrI	131000	1	0.5	25
	chrI	131001	1	1.5	25
	chrI	131002	0	0.5	25
	chrI	131004	0	0.5	25
	chrI	131014	0	0.5	25
	chrI	131016	0	0.5	25
	chrI	131017	1	0.5	25
	chrI	131035	1	0.5	25
	chrI	131041	1	1.0	25
	chrI	131053	0	0.5	25
	chrI	131095	1	0.5	25
	chrI	131144	0	0.5	25
	chrI	131152	1	0.5	25
	chrI	131168	1	0.5	25
	chrI	131173	1	0.5	25
	chrI	131198	0	0.5	25
	chrI	131205	1	0.5	25
	chrI	131221	0	0.5	25
	chrI	131233	0	0.5	25
	chrI	131267	0	0.5	25
	chrI	131279	1	0.5	25
	chrI	131294	1	0.5	25
	chrI	131317	1	0.5	25
	chrI	131333	1	0.5	23
	chrI	131354	1	0.5	25
	chrI	131356	0	0.5	25
	chrI	131368	0	0.5	25
	chrI	131389	0	0.5	25
	chrI	131410	0	0.5	25
	chrI	131421	1	0.5	25
	chrI	131437	0	0.5	25
	chrI	131446	0	0.5	25
	chrI	131460	0	0.5	25
	chrI	131462	0	0.5	25
	chrI	131471	1	0.5	25
	chrI	131477	0	0.5	25
	chrI	131491	0	0.5	25
	chrI	131495	1	0.5	25
	chrI	131502	1	0.5	25
	chrI	131505	0	1.0	25
	chrI	131514	0	0.5	25
	chrI	131517	1	0.5	25
	chrI	131521	1	1.0	25
	chrI	131531	1	0.5	25
	chrI	131542	1	0.5	25
	chrI	131566	0	0.5	25
	chrI	131570	1	0.5	25
	chrI	131592	1	1.0	25
	chrI	131607	1	0.5	25
	chrI	131646	1	0.5	25
	chrI	131666	0	0.5	25
	chrI	131761	1	0.5	25
	chrI	131772	0	0.5	25
	chrI	131780	0	0.5	25
	chrI	131838	1	0.5	25
	chrI	131858	1	0.5	25
	chrI	131863	0	0.5	25
	chrI	131871	0	0.5	25
	chrI	131924	0	0.5	25
	chrI	131925	0	1.0	25
	chrI	131928	1	0.5	25
	chrI	131931	0	0.5	25
	chrI	131952	0	0.5	25
	chrI	131953	0	0.5	25
	chrI	131955	0	0.5	25
	chrI	131956	1	0.5	25
	chrI	131957	0	0.5	25
	chrI	131963	0	0.5	25
	chrI	132011	1	1.0	25
	chrI	132024	0	0.5	25
	chrI	132026	1	0.5	25
	chrI	132031	0	1.0	25
	chrI	132034	0	0.5	25
	chrI	132035	1	0.5	25
	chrI	132040	1	0.5	25
	chrI	132044	0	0.5	25
	chrI	132045	0	0.5	25
	chrI	132046	1	0.5	25
	chrI	132048	0	0.5	25
	chrI	132051	0	0.5	25
	chrI	132052	0	1.0	25
	chrI	132053	0	2.0	25
	chrI	132054	0	3.0	25
	chrI	132059	0	2.5	25
	chrI	132061	1	0.5	25
	chrI	132062	0	0.5	25
	chrI	132064	0	1.0	25
	chrI	132069	0	1.0	25
	chrI	132070	0	0.5	25
	chrI	132071	0	1.5	25
	chrI	132072	0	4.0	25
	chrI	132073	0	0.5	25
	chrI	132074	0	3.5	25
	chrI	132075	0	0.5	25
	chrI	132076	0	1.0	25
	chrI	132081	0	0.5	25
	chrI	132083	0	2.5	25
	chrI	132084	0	1.0	25
	chrI	132085	0	1.0	25
	chrI	132096	0	0.5	25
	chrI	132098	1	0.5	25
	chrI	132104	0	0.5	25
	chrI	132104	1	0.5	25
	chrI	132108	1	0.5	25
	chrI	132116	1	1.5	25
	chrI	132122	1	6.5	25
	chrI	132123	1	0.5	23
	chrI	132123	1	2.5	25
	chrI	132124	1	1.0	25
	chrI	132125	1	2.0	25
	chrI	132126	1	0.5	25
	chrI	132127	1	1.5	25
	chrI	132138	1	0.5	25
	chrI	132139	1	0.5	25
	chrI	132141	1	0.5	24
	chrI	132141	1	4.0	25
	chrI	132142	0	0.5	25
	chrI	132142	1	1.5	25
	chrI	132143	1	3.5	25
	chrI	132144	0	0.5	25
	chrI	132144	1	0.5	25
	chrI	132146	1	0.5	25
	chrI	132147	1	1.0	25
	chrI	132148	0	0.5	25
	chrI	132148	1	1.0	25
	chrI	132149	1	0.5	25
	chrI	132154	0	0.5	25
	chrI	132154	1	1.0	25
	chrI	132156	0	0.5	25
	chrI	132156	1	0.5	25
	chrI	132169	0	0.5	25
	chrI	132195	0	0.5	25
	chrI	132203	0	1.0	25
	chrI	132205	1	0.5	25
	chrI	132217	0	1.5	25
	chrI	132227	1	0.5	25
	chrI	132273	1	1.0	25
	chrI	132276	1	0.5	25
	chrI	132321	1	0.5	25
	chrI	132339	1	0.5	25
	chrI	132352	0	0.5	25
	chrI	132363	0	0.5	25
	chrI	132380	1	1.5	25
	chrI	132399	0	0.5	25
	chrI	132414	1	0.5	25
	chrI	132436	1	0.5	25
	chrI	132451	1	0.5	25
	chrI	132453	0	0.5	25
	chrI	132472	1	0.5	25
	chrI	132476	1	0.5	25
	chrI	132498	1	0.5	25
	chrI	132525	1	0.5	25
	chrI	132575	0	0.5	25
	chrI	132585	0	0.5	25
	chrI	132618	0	0.5	25
	chrI	132637	1	0.5	25
	chrI	132644	1	0.5	25
	chrI	132676	1	0.5	25
	chrI	132720	0	1.0	25
	chrI	132730	0	1.0	25
	chrI	132733	0	0.5	25
	chrI	132771	0	0.5	25
	chrI	132778	1	1.0	25
	chrI	132806	1	1.0	25
	chrI	132811	1	0.5	25
	chrI	132836	1	0.5	25
	chrI	132948	0	0.5	25
	chrI	132979	0	0.5	25
	chrI	133007	0	0.5	25
	chrI	133023	0	1.0	25
	chrI	133038	1	0.5	25
	chrI	133039	0	0.5	25
	chrI	133072	1	0.5	25
	chrI	133116	1	0.5	25
	chrI	133125	1	0.5	25
	chrI	133128	0	0.5	24
	chrI	133149	0	0.5	25
	chrI	133181	1	0.5	25
	chrI	133197	0	0.5	25
	chrI	133198	0	0.5	25
	chrI	133207	1	0.5	25
	chrI	133212	0	0.5	25
	chrI	133229	1	0.5	25
	chrI	133249	0	0.5	25
	chrI	133267	1	0.5	25
	chrI	133268	1	0.5	25
	chrI	133269	1	0.5	25
	chrI	133282	0	0.5	25
	chrI	133283	0	0.5	25
	chrI	133296	1	0.5	25
	chrI	133309	0	0.5	25
	chrI	133317	1	0.5	25
	chrI	133349	1	0.5	25
	chrI	133356	1	0.5	25
	chrI	133378	0	0.5	25
	chrI	133379	1	0.5	25
	chrI	133435	1	0.5	25
	chrI	133472	0	0.5	25
	chrI	133480	0	0.5	25
	chrI	133487	0	0.5	25
	chrI	133499	0	0.5	25
	chrI	133521	0	0.5	25
	chrI	133573	0	0.5	25
	chrI	133576	1	0.5	25
	chrI	133605	1	1.0	25
	chrI	133606	1	0.5	25
	chrI	133636	0	0.5	25
	chrI	133641	0	0.5	25
	chrI	133645	1	0.5	25
	chrI	133653	0	0.5	25
	chrI	133664	1	0.5	25
	chrI	133666	0	0.5	25
	chrI	133694	1	0.5	25
	chrI	133698	1	0.5	25
	chrI	133706	1	0.5	25
	chrI	133708	0	0.5	25
	chrI	133725	0	0.5	25
	chrI	133757	0	0.5	25
	chrI	133793	1	0.5	25
	chrI	133810	0	0.5	25
	chrI	133828	1	1.0	25
	chrI	133829	0	0.5	25
	chrI	133838	1	0.5	25
	chrI	133872	1	0.5	25
	chrI	133890	1	0.5	25
	chrI	133919	0	0.5	25
	chrI	133925	0	0.5	25
	chrI	133946	0	1.0	25
	chrI	133961	1	0.5	25
	chrI	133982	0	0.5	25
	chrI	133982	1	0.5	25
	chrI	133991	0	1.0	25
	chrI	134011	0	0.5	25
	chrI	134038	0	0.5	25
	chrI	134069	1	0.5	25
	chrI	134071	0	0.5	25
	chrI	134075	0	1.0	25
	chrI	134076	0	0.5	25
	chrI	134086	1	0.5	25
	chrI	134100	1	0.5	25
	chrI	134101	1	0.5	25
	chrI	134122	0	0.5	25
	chrI	134124	1	0.5	25
	chrI	134135	1	1.0	25
	chrI	134137	1	1.0	25
	chrI	134138	1	0.5	25
	chrI	134157	0	0.5	25
	chrI	134164	1	0.5	25
	chrI	134168	0	0.5	25
	chrI	134178	0	0.5	25
	chrI	134207	0	0.5	25
	chrI	134212	1	0.5	25
	chrI	134247	1	0.5	25
	chrI	134253	1	0.5	25
	chrI	134262	1	0.5	25
	chrI	134265	1	0.5	25
	chrI	134268	0	0.5	25
	chrI	134280	0	0.5	25
	chrI	134299	0	1.0	25
	chrI	134318	1	0.5	25
	chrI	134333	0	0.5	25
	chrI	134348	1	0.5	25
	chrI	134359	0	0.5	25
	chrI	134375	1	1.0	25
	chrI	134376	0	1.0	25
	chrI	134376	1	0.5	25
	chrI	134418	0	0.5	25
	chrI	134420	1	1.0	25
	chrI	134422	0	0.5	25
	chrI	134441	1	0.5	25
	chrI	134442	0	0.5	25
	chrI	134451	0	0.5	25
	chrI	134486	0	0.5	25
	chrI	134489	1	0.5	25
	chrI	134495	1	0.5	25
	chrI	134506	1	0.5	25
	chrI	134529	0	0.5	25
	chrI	134561	1	0.5	25
	chrI	134569	0	0.5	25
	chrI	134577	0	1.5	25
	chrI	134592	0	1.0	25
	chrI	134606	1	0.5	25
	chrI	134612	0	0.5	25
	chrI	134658	1	1.0	25
	chrI	134674	0	0.5	25
	chrI	134682	1	1.5	25
	chrI	134685	0	1.0	25
	chrI	134696	0	0.5	25
	chrI	134698	0	0.5	25
	chrI	134703	1	0.5	25
	chrI	134708	0	0.5	25
	chrI	134716	1	0.5	25
	chrI	134729	0	1.0	25
	chrI	134731	0	0.5	25
	chrI	134740	0	0.5	25
	chrI	134740	1	0.5	25
	chrI	134752	0	0.5	25
	chrI	134762	1	1.0	25
	chrI	134763	0	0.5	25
	chrI	134765	0	0.5	25
	chrI	134765	1	1.5	25
	chrI	134774	1	0.5	25
	chrI	134783	0	1.0	25
	chrI	134792	0	0.5	25
	chrI	134801	0	0.5	25
	chrI	134803	1	0.5	25
	chrI	134805	1	0.5	25
	chrI	134822	1	0.5	25
	chrI	134832	1	0.5	25
	chrI	134833	1	1.0	25
	chrI	134843	1	0.5	25
	chrI	134858	0	1.0	25
	chrI	134860	0	0.5	25
	chrI	134878	0	0.5	25
	chrI	134900	1	0.5	25
	chrI	134901	0	0.5	25
	chrI	134910	0	0.5	25
	chrI	134933	0	0.5	25
	chrI	134936	1	1.0	25
	chrI	134938	0	0.5	25
	chrI	134955	1	1.0	25
	chrI	134968	0	1.0	25
	chrI	134971	1	0.5	25
	chrI	134976	1	0.5	25
	chrI	134984	1	0.5	25
	chrI	135020	1	0.5	25
	chrI	135028	1	1.5	25
	chrI	135042	0	0.5	25
	chrI	135044	0	0.5	25
	chrI	135053	0	0.5	25
	chrI	135054	1	0.5	25
	chrI	135055	0	0.5	25
	chrI	135062	0	0.5	25
	chrI	135082	1	0.5	25
	chrI	135091	0	0.5	25
	chrI	135105	1	0.5	25
	chrI	135154	0	0.5	25
	chrI	135156	1	0.5	25
	chrI	135157	0	1.0	25
	chrI	135158	1	0.5	25
	chrI	135169	0	1.0	25
	chrI	135169	1	0.5	25
	chrI	135173	0	0.5	25
	chrI	135207	1	1.5	25
	chrI	135216	1	1.0	25
	chrI	135243	1	0.5	25
	chrI	135298	0	0.5	25
	chrI	135339	0	0.5	25
	chrI	135365	1	0.5	25
	chrI	135369	0	0.5	25
	chrI	135371	0	0.5	25
	chrI	135377	1	1.0	25
	chrI	135387	1	0.5	25
	chrI	135418	0	0.5	25
	chrI	135443	1	0.5	25
	chrI	135455	0	1.0	25
	chrI	135528	0	0.5	25
	chrI	135537	1	0.5	25
	chrI	135556	0	0.5	25
	chrI	135562	1	0.5	25
	chrI	135564	0	0.5	25
	chrI	135565	0	0.5	25
	chrI	135567	0	0.5	25
	chrI	135574	0	0.5	25
	chrI	135585	1	1.0	25
	chrI	135593	1	0.5	25
	chrI	135598	0	0.5	25
	chrI	135605	0	0.5	23
	chrI	135619	1	0.5	25
	chrI	135634	1	0.5	25
	chrI	135640	0	0.5	25
	chrI	135655	1	0.5	25
	chrI	135656	0	0.5	25
	chrI	135661	0	0.5	25
	chrI	135668	1	0.5	25
	chrI	135698	1	0.5	25
	chrI	135700	0	0.5	25
	chrI	135700	1	0.5	25
	chrI	135704	1	0.5	25
	chrI	135709	0	1.0	25
	chrI	135715	0	0.5	25
	chrI	135722	0	0.5	25
	chrI	135723	1	0.5	25
	chrI	135731	0	0.5	25
	chrI	135731	1	0.5	25
	chrI	135732	0	1.5	25
	chrI	135734	0	0.5	25
	chrI	135736	0	0.5	25
	chrI	135737	0	0.5	25
	chrI	135741	0	1.0	25
	chrI	135745	1	0.5	25
	chrI	135746	0	0.5	25
	chrI	135757	0	0.5	25
	chrI	135758	0	0.5	25
	chrI	135759	0	1.0	25
	chrI	135763	0	0.5	25
	chrI	135768	0	1.5	25
	chrI	135770	0	0.5	25
	chrI	135782	0	1.0	25
	chrI	135787	1	1.0	25
	chrI	135801	1	1.0	25
	chrI	135802	1	1.0	25
	chrI	135804	1	0.5	25
	chrI	135805	1	1.0	25
	chrI	135806	1	2.0	25
	chrI	135807	1	0.5	25
	chrI	135808	1	0.5	25
	chrI	135809	1	0.5	25
	chrI	135815	1	0.5	25
	chrI	135817	0	1.0	25
	chrI	135823	1	0.5	25
	chrI	135826	1	0.5	23
	chrI	135826	1	0.5	25
	chrI	135831	1	0.5	25
	chrI	135835	1	0.5	25
	chrI	135841	1	0.5	25
	chrI	135844	0	0.5	25
	chrI	135854	0	0.5	25
	chrI	135865	1	0.5	25
	chrI	135867	1	0.5	25
	chrI	135888	0	0.5	25
	chrI	135889	1	0.5	25
	chrI	135944	1	1.0	25
	chrI	135953	0	0.5	25
	chrI	135962	1	0.5	25
	chrI	135975	0	0.5	25
	chrI	135985	1	0.5	25
	chrI	135991	0	0.5	25
	chrI	136031	0	0.5	25
	chrI	136044	1	0.5	25
	chrI	136045	0	0.5	25
	chrI	136058	0	0.5	25
	chrI	136061	0	0.5	25
	chrI	136063	1	0.5	25
	chrI	136066	1	0.5	25
	chrI	136088	1	0.5	25
	chrI	136096	1	0.5	25
	chrI	136107	0	0.5	25
	chrI	136108	0	0.5	25
	chrI	136113	1	0.5	25
	chrI	136124	1	0.5	25
	chrI	136156	1	0.5	25
	chrI	136167	0	0.5	25
	chrI	136176	0	0.5	25
	chrI	136190	1	0.5	25
	chrI	136222	1	0.5	25
	chrI	136228	0	0.5	25
	chrI	136239	1	0.5	25
	chrI	136241	0	0.5	25
	chrI	136249	0	0.5	25
	chrI	136271	1	0.5	25
	chrI	136276	1	0.5	25
	chrI	136282	0	0.5	25
	chrI	136291	0	1.0	25
	chrI	136307	1	0.5	25
	chrI	136309	1	0.5	25
	chrI	136346	0	0.5	25
	chrI	136347	1	0.5	25
	chrI	136374	1	1.0	25
	chrI	136385	0	0.5	25
	chrI	136406	1	0.5	25
	chrI	136412	0	0.5	25
	chrI	136421	0	0.5	25
	chrI	136422	0	0.5	25
	chrI	136453	1	0.5	25
	chrI	136464	1	0.5	25
	chrI	136489	0	0.5	25
	chrI	136493	1	0.5	25
	chrI	136547	0	0.5	25
	chrI	136559	0	1.0	25
	chrI	136564	0	0.5	25
	chrI	136570	1	0.5	25
	chrI	136577	1	0.5	25
	chrI	136591	1	1.0	25
	chrI	136606	1	0.5	25
	chrI	136635	0	0.5	25
	chrI	136641	0	0.5	25
	chrI	136681	0	0.5	25
	chrI	136689	0	0.5	25
	chrI	136724	1	0.5	25
	chrI	136725	0	1.0	25
	chrI	136726	0	1.0	25
	chrI	136729	1	0.5	25
	chrI	136731	0	0.5	25
	chrI	136733	0	0.5	25
	chrI	136756	0	0.5	25
	chrI	136756	1	0.5	25
	chrI	136757	1	0.5	25
	chrI	136782	1	1.0	25
	chrI	136792	0	0.5	25
	chrI	136803	1	0.5	25
	chrI	136808	1	0.5	25
	chrI	136814	1	0.5	25
	chrI	136815	0	1.0	25
	chrI	136816	1	0.5	25
	chrI	136826	1	1.0	25
	chrI	136835	1	0.5	25
	chrI	136840	0	1.0	25
	chrI	136849	0	0.5	25
	chrI	136854	0	0.5	25
	chrI	136874	0	0.5	25
	chrI	136895	0	0.5	25
	chrI	136929	1	0.5	25
	chrI	136933	0	0.5	25
	chrI	136944	1	0.5	25
	chrI	136952	1	0.5	25
	chrI	136962	1	0.5	25
	chrI	136993	1	0.5	25
	chrI	137000	0	0.5	25
	chrI	137018	0	0.5	25
	chrI	137020	0	0.5	25
	chrI	137020	1	0.5	25
	chrI	137027	1	0.5	25
	chrI	137028	0	1.0	25
	chrI	137071	0	0.5	25
	chrI	137087	1	0.5	25
	chrI	137089	1	0.5	25
	chrI	137105	1	0.5	25
	chrI	137107	1	1.0	25
	chrI	137120	0	0.5	25
	chrI	137158	0	0.5	25
	chrI	137162	1	1.0	25
	chrI	137200	1	0.5	25
	chrI	137254	1	0.5	25
	chrI	137271	0	0.5	25
	chrI	137291	0	0.5	25
	chrI	137318	0	0.5	25
	chrI	137330	0	1.0	25
	chrI	137337	1	0.5	25
	chrI	137343	1	0.5	25
	chrI	137373	0	0.5	25
	chrI	137386	1	0.5	25
	chrI	137394	1	0.5	25
	chrI	137445	0	1.5	25
	chrI	137464	0	0.5	25
	chrI	137466	1	0.5	25
	chrI	137473	0	0.5	25
	chrI	137478	0	0.5	25
	chrI	137483	0	0.5	25
	chrI	137485	0	0.5	25
	chrI	137485	1	0.5	25
	chrI	137494	0	1.0	25
	chrI	137501	1	0.5	25
	chrI	137521	1	1.0	25
	chrI	137526	0	0.5	25
	chrI	137538	1	0.5	25
	chrI	137541	1	0.5	25
	chrI	137551	0	0.5	25
	chrI	137559	1	0.5	25
	chrI	137565	0	0.5	25
	chrI	137572	1	0.5	25
	chrI	137583	1	0.5	25
	chrI	137590	0	0.5	25
	chrI	137590	1	0.5	25
	chrI	137591	0	0.5	25
	chrI	137592	0	0.5	25
	chrI	137602	0	0.5	25
	chrI	137608	0	1.5	25
	chrI	137624	1	0.5	25
	chrI	137631	1	0.5	25
	chrI	137633	1	0.5	25
	chrI	137659	1	2.0	25
	chrI	137663	1	0.5	25
	chrI	137671	1	1.0	25
	chrI	137673	0	0.5	25
	chrI	137677	0	0.5	25
	chrI	137700	1	1.0	25
	chrI	137710	0	0.5	25
	chrI	137744	0	0.5	25
	chrI	137748	0	0.5	25
	chrI	137754	1	0.5	25
	chrI	137780	1	0.5	25
	chrI	137781	0	0.5	25
	chrI	137786	1	1.0	25
	chrI	137815	1	0.5	25
	chrI	137926	0	1.0	25
	chrI	137932	1	0.5	25
	chrI	137975	0	0.5	25
	chrI	138023	1	0.5	25
	chrI	138034	0	0.5	25
	chrI	138039	1	1.0	25
	chrI	138065	0	0.5	25
	chrI	138071	0	0.5	25
	chrI	138100	0	1.0	25
	chrI	138114	0	0.5	25
	chrI	138124	1	0.5	25
	chrI	138141	0	0.5	25
	chrI	138142	1	0.5	25
	chrI	138159	1	0.5	25
	chrI	138165	1	0.5	25
	chrI	138168	0	0.5	25
	chrI	138203	1	0.5	25
	chrI	138253	0	0.5	25
	chrI	138255	0	0.5	25
	chrI	138258	0	0.5	25
	chrI	138272	0	0.5	25
	chrI	138277	1	0.5	25
	chrI	138282	1	1.0	25
	chrI	138302	0	0.5	25
	chrI	138311	0	0.5	25
	chrI	138317	0	1.0	25
	chrI	138319	1	0.5	25
	chrI	138330	0	0.5	25
	chrI	138330	1	0.5	25
	chrI	138332	1	0.5	25
	chrI	138341	0	0.5	25
	chrI	138349	1	0.5	25
	chrI	138355	0	1.0	25
	chrI	138359	1	0.5	25
	chrI	138361	0	1.0	25
	chrI	138374	1	0.5	25
	chrI	138393	1	0.5	25
	chrI	138394	1	0.5	25
	chrI	138405	1	0.5	25
	chrI	138411	1	1.0	25
	chrI	138431	0	0.5	25
	chrI	138432	0	0.5	25
	chrI	138441	1	1.0	25
	chrI	138447	0	0.5	24
	chrI	138453	0	0.5	25
	chrI	138464	1	0.5	25
	chrI	138477	0	0.5	25
	chrI	138479	0	1.0	25
	chrI	138483	0	1.5	25
	chrI	138484	0	0.5	25
	chrI	138493	0	0.5	25
	chrI	138494	0	0.5	25
	chrI	138500	1	0.5	25
	chrI	138502	0	0.5	25
	chrI	138505	0	1.0	25
	chrI	138509	1	0.5	25
	chrI	138510	0	0.5	25
	chrI	138533	1	0.5	25
	chrI	138542	0	0.5	25
	chrI	138547	1	1.5	25
	chrI	138548	0	1.0	25
	chrI	138548	1	0.5	24
	chrI	138548	1	0.5	25
	chrI	138550	1	0.5	25
	chrI	138554	1	0.5	25
	chrI	138555	1	0.5	25
	chrI	138563	0	0.5	25
	chrI	138564	1	0.5	25
	chrI	138567	1	1.0	25
	chrI	138568	0	0.5	25
	chrI	138568	1	0.5	25
	chrI	138569	0	0.5	25
	chrI	138585	0	0.5	25
	chrI	138591	1	0.5	25
	chrI	138604	1	0.5	25
	chrI	138612	0	0.5	25
	chrI	138614	1	0.5	25
	chrI	138617	1	0.5	25
	chrI	138641	1	0.5	25
	chrI	138642	1	0.5	25
	chrI	138648	1	1.0	25
	chrI	138662	0	0.5	25
	chrI	138673	1	0.5	25
	chrI	138710	0	1.0	25
	chrI	138723	0	0.5	25
	chrI	138737	1	0.5	25
	chrI	138738	1	0.5	25
	chrI	138740	0	1.0	25
	chrI	138744	0	0.5	25
	chrI	138767	1	1.0	25
	chrI	138768	0	1.5	25
	chrI	138796	0	0.5	25
	chrI	138827	1	0.5	25
	chrI	138833	1	0.5	25
	chrI	138839	0	0.5	25
	chrI	138843	0	1.0	25
	chrI	138845	0	0.5	25
	chrI	138846	0	0.5	25
	chrI	138860	0	1.0	25
	chrI	138869	0	0.5	25
	chrI	138902	1	0.5	25
	chrI	138904	1	1.0	25
	chrI	138907	1	1.0	25
	chrI	138924	1	0.5	25
	chrI	138928	0	0.5	25
	chrI	138932	1	0.5	25
	chrI	138933	1	0.5	25
	chrI	138941	0	1.0	25
	chrI	138954	0	0.5	25
	chrI	138970	0	0.5	25
	chrI	138977	1	0.5	25
	chrI	138979	1	0.5	25
	chrI	138985	0	0.5	25
	chrI	138986	1	0.5	25
	chrI	138991	1	0.5	25
	chrI	138994	1	1.0	25
	chrI	138995	0	0.5	25
	chrI	139006	0	0.5	25
	chrI	139021	1	0.5	25
	chrI	139026	1	0.5	25
	chrI	139038	1	1.0	25
	chrI	139040	1	0.5	25
	chrI	139062	1	0.5	25
	chrI	139063	0	0.5	25
	chrI	139070	1	0.5	25
	chrI	139078	1	0.5	25
	chrI	139079	0	1.5	25
	chrI	139091	0	0.5	25
	chrI	139132	0	0.5	25
	chrI	139165	0	1.0	25
	chrI	139170	1	0.5	25
	chrI	139184	0	0.5	25
	chrI	139196	0	0.5	25
	chrI	139198	1	0.5	25
	chrI	139201	0	1.0	25
	chrI	139203	0	1.0	25
	chrI	139205	0	1.0	25
	chrI	139211	0	1.0	25
	chrI	139213	0	0.5	25
	chrI	139219	0	0.5	25
	chrI	139220	0	0.5	25
	chrI	139230	0	0.5	25
	chrI	139242	0	0.5	25
	chrI	139244	0	0.5	25
	chrI	139261	0	0.5	24
	chrI	139269	0	0.5	25
	chrI	139273	1	4.5	25
	chrI	139274	0	0.5	25
	chrI	139274	1	1.5	25
	chrI	139277	0	0.5	25
	chrI	139277	1	2.0	25
	chrI	139278	0	1.5	25
	chrI	139285	1	0.5	25
	chrI	139288	0	0.5	25
	chrI	139289	0	0.5	25
	chrI	139290	1	0.5	25
	chrI	139291	0	1.0	25
	chrI	139292	0	0.5	25
	chrI	139294	0	0.5	25
	chrI	139307	1	0.5	25
	chrI	139308	1	1.0	25
	chrI	139309	0	1.0	25
	chrI	139310	1	0.5	25
	chrI	139311	1	0.5	25
	chrI	139314	0	0.5	25
	chrI	139315	0	1.0	25
	chrI	139318	0	0.5	25
	chrI	139321	0	1.0	25
	chrI	139324	0	0.5	25
	chrI	139329	0	0.5	25
	chrI	139339	1	0.5	25
	chrI	139341	0	0.5	25
	chrI	139345	1	1.5	25
	chrI	139346	1	0.5	24
	chrI	139358	1	0.5	25
	chrI	139360	0	0.5	25
	chrI	139372	1	1.5	25
	chrI	139373	1	0.5	25
	chrI	139375	1	0.5	25
	chrI	139378	1	0.5	25
	chrI	139379	0	0.5	25
	chrI	139379	1	0.5	25
	chrI	139385	1	1.0	25
	chrI	139387	1	0.5	25
	chrI	139388	1	0.5	25
	chrI	139394	1	0.5	25
	chrI	139395	0	0.5	25
	chrI	139404	1	0.5	25
	chrI	139405	1	0.5	25
	chrI	139407	1	0.5	25
	chrI	139409	1	0.5	25
	chrI	139414	0	0.5	25
	chrI	139418	0	0.5	25
	chrI	139418	1	0.5	23
	chrI	139419	0	0.5	25
	chrI	139420	0	0.5	25
	chrI	139424	0	1.0	25
	chrI	139447	0	0.5	25
	chrI	139450	0	1.0	25
	chrI	139453	0	0.5	25
	chrI	139459	1	0.5	25
	chrI	139460	1	0.5	25
	chrI	139465	0	0.5	25
	chrI	139477	1	0.5	25
	chrI	139480	1	0.5	25
	chrI	139484	1	0.5	25
	chrI	139497	1	0.5	25
	chrI	139499	1	0.5	25
	chrI	139505	1	1.0	25
	chrI	139516	1	1.0	25
	chrI	139530	1	0.5	25
	chrI	139545	1	0.5	25
	chrI	139648	0	0.5	25
	chrI	139682	0	0.5	25
	chrI	139747	1	0.5	25
	chrI	139807	1	0.5	25
	chrI	139963	1	0.5	25
	chrI	140100	0	0.5	25
	chrI	140125	0	0.5	25
	chrI	140173	1	0.5	25
	chrI	140198	1	0.5	25
	chrI	140630	0	0.5	25
	chrI	140704	1	0.5	25
	chrI	141039	0	0.5	25
	chrI	141152	0	0.5	25
	chrI	141157	0	0.5	25
	chrI	141159	0	0.5	25
	chrI	141176	0	0.5	25
	chrI	141198	0	0.5	25
	chrI	141212	1	0.5	25
	chrI	141231	0	0.5	25
	chrI	141234	1	0.5	25
	chrI	141237	1	0.5	25
	chrI	141254	1	0.5	25
	chrI	141259	1	0.5	25
	chrI	141286	0	0.5	25
	chrI	141290	0	0.5	25
	chrI	141302	1	0.5	25
	chrI	141312	0	1.0	25
	chrI	141321	0	0.5	25
	chrI	141346	1	0.5	25
	chrI	141347	0	0.5	25
	chrI	141354	1	0.5	25
	chrI	141370	0	0.5	25
	chrI	141393	1	1.0	25
	chrI	141408	0	0.5	25
	chrI	141413	1	0.5	25
	chrI	141416	0	0.5	25
	chrI	141467	1	0.5	25
	chrI	141487	1	0.5	25
	chrI	141497	1	0.5	25
	chrI	141498	1	0.5	25
	chrI	141505	0	0.5	25
	chrI	141509	0	0.5	25
	chrI	141521	0	0.5	25
	chrI	141527	0	0.5	25
	chrI	141532	0	0.5	25
	chrI	141543	0	0.5	25
	chrI	141552	0	0.5	25
	chrI	141557	0	1.5	25
	chrI	141560	0	0.5	25
	chrI	141561	0	0.5	25
	chrI	141562	0	0.5	25
	chrI	141566	0	1.5	25
	chrI	141568	1	0.5	25
	chrI	141581	1	0.5	25
	chrI	141590	1	0.5	25
	chrI	141591	1	0.5	25
	chrI	141594	1	0.5	25
	chrI	141613	1	2.5	25
	chrI	141619	0	0.5	25
	chrI	141625	1	0.5	25
	chrI	141629	1	1.5	25
	chrI	141631	0	0.5	25
	chrI	141656	1	0.5	25
	chrI	141660	0	0.5	25
	chrI	141668	1	0.5	25
	chrI	141692	1	0.5	25
	chrI	141703	0	0.5	25
	chrI	141704	1	0.5	25
	chrI	141720	1	0.5	25
	chrI	141721	0	0.5	25
	chrI	141730	1	0.5	25
	chrI	141731	0	0.5	25
	chrI	141753	1	0.5	25
	chrI	141757	0	0.5	25
	chrI	141758	0	0.5	25
	chrI	141761	0	0.5	25
	chrI	141791	0	0.5	25
	chrI	141800	1	0.5	24
	chrI	141804	1	0.5	25
	chrI	141813	1	0.5	25
	chrI	141821	0	2.0	25
	chrI	141823	0	0.5	25
	chrI	141834	1	0.5	25
	chrI	141837	0	0.5	25
	chrI	141839	0	0.5	25
	chrI	141849	1	0.5	25
	chrI	141854	0	0.5	25
	chrI	141874	0	0.5	25
	chrI	141875	0	1.5	25
	chrI	141878	0	0.5	25
	chrI	141882	1	0.5	25
	chrI	141886	1	0.5	25
	chrI	141888	1	0.5	25
	chrI	141889	0	0.5	25
	chrI	141892	1	0.5	25
	chrI	141906	1	0.5	25
	chrI	141915	0	0.5	25
	chrI	141915	1	0.5	25
	chrI	141916	0	1.0	25
	chrI	141919	1	1.0	25
	chrI	141920	0	0.5	25
	chrI	141922	1	1.0	25
	chrI	141929	0	0.5	25
	chrI	141931	1	0.5	25
	chrI	141932	1	0.5	25
	chrI	141933	0	2.0	25
	chrI	141940	0	0.5	25
	chrI	141957	1	0.5	25
	chrI	141963	1	0.5	25
	chrI	141965	0	0.5	25
	chrI	141965	1	0.5	25
	chrI	141966	0	0.5	25
	chrI	141968	0	0.5	25
	chrI	141973	1	0.5	25
	chrI	141974	0	1.5	25
	chrI	141975	0	0.5	25
	chrI	141990	1	0.5	25
	chrI	141992	0	0.5	25
	chrI	142008	1	1.0	25
	chrI	142009	1	1.0	25
	chrI	142010	1	2.5	25
	chrI	142016	0	0.5	25
	chrI	142029	1	0.5	25
	chrI	142031	0	1.0	25
	chrI	142038	1	1.0	25
	chrI	142040	1	1.0	25
	chrI	142041	0	1.0	25
	chrI	142045	1	0.5	25
	chrI	142049	0	0.5	25
	chrI	142070	1	0.5	25
	chrI	142092	1	0.5	25
	chrI	142101	0	0.5	25
	chrI	142102	0	0.5	25
	chrI	142106	1	0.5	25
	chrI	142107	1	1.0	25
	chrI	142108	1	0.5	25
	chrI	142109	0	0.5	25
	chrI	142131	0	0.5	25
	chrI	142134	1	1.0	25
	chrI	142145	0	0.5	25
	chrI	142165	0	0.5	25
	chrI	142173	1	0.5	25
	chrI	142184	0	0.5	25
	chrI	142211	0	0.5	25
	chrI	142216	0	0.5	25
	chrI	142218	0	0.5	25
	chrI	142228	1	0.5	25
	chrI	142234	0	0.5	25
	chrI	142246	1	0.5	25
	chrI	142252	1	0.5	25
	chrI	142253	0	0.5	25
	chrI	142273	1	0.5	25
	chrI	142277	1	0.5	25
	chrI	142279	1	0.5	25
	chrI	142280	0	0.5	25
	chrI	142299	1	0.5	25
	chrI	142314	0	1.0	25
	chrI	142314	1	0.5	25
	chrI	142325	1	0.5	25
	chrI	142327	0	0.5	25
	chrI	142331	0	1.0	25
	chrI	142346	0	1.0	25
	chrI	142347	0	1.0	25
	chrI	142352	0	0.5	25
	chrI	142363	1	0.5	25
	chrI	142364	1	1.0	25
	chrI	142365	0	1.5	25
	chrI	142391	1	1.0	25
	chrI	142400	1	0.5	25
	chrI	142404	0	0.5	25
	chrI	142425	1	2.0	25
	chrI	142434	1	0.5	25
	chrI	142438	0	0.5	25
	chrI	142439	0	0.5	25
	chrI	142458	1	1.0	25
	chrI	142470	1	0.5	25
	chrI	142472	1	0.5	25
	chrI	142483	1	0.5	25
	chrI	142492	0	0.5	25
	chrI	142499	0	1.0	25
	chrI	142521	0	0.5	25
	chrI	142528	1	0.5	25
	chrI	142537	0	0.5	25
	chrI	142548	1	1.0	25
	chrI	142571	0	0.5	25
	chrI	142578	1	0.5	25
	chrI	142580	1	1.0	25
	chrI	142594	0	0.5	25
	chrI	142617	0	0.5	25
	chrI	142644	0	0.5	25
	chrI	142645	0	0.5	25
	chrI	142650	1	0.5	25
	chrI	142656	1	0.5	25
	chrI	142688	0	0.5	25
	chrI	142689	1	1.0	25
	chrI	142712	0	0.5	25
	chrI	142723	1	0.5	25
	chrI	142730	1	0.5	25
	chrI	142772	0	0.5	25
	chrI	142777	1	0.5	25
	chrI	142780	0	0.5	25
	chrI	142805	1	0.5	25
	chrI	142852	0	0.5	25
	chrI	142858	1	0.5	25
	chrI	142898	0	0.5	25
	chrI	142931	1	0.5	25
	chrI	142932	1	0.5	25
	chrI	142936	0	1.5	25
	chrI	142939	0	0.5	25
	chrI	142942	0	0.5	25
	chrI	142945	0	0.5	25
	chrI	142951	0	0.5	25
	chrI	142968	0	0.5	25
	chrI	142969	1	0.5	25
	chrI	142973	0	0.5	25
	chrI	143004	0	0.5	25
	chrI	143009	1	1.0	25
	chrI	143010	1	1.0	25
	chrI	143018	1	0.5	25
	chrI	143020	0	0.5	25
	chrI	143021	0	0.5	25
	chrI	143027	1	0.5	25
	chrI	143074	1	0.5	25
	chrI	143083	0	1.0	25
	chrI	143093	1	0.5	25
	chrI	143094	1	0.5	25
	chrI	143101	0	1.0	25
	chrI	143108	1	0.5	25
	chrI	143116	1	0.5	25
	chrI	143128	0	0.5	25
	chrI	143147	0	0.5	24
	chrI	143151	1	0.5	25
	chrI	143167	1	0.5	25
	chrI	143172	0	0.5	25
	chrI	143183	1	0.5	25
	chrI	143184	1	1.0	25
	chrI	143186	0	0.5	25
	chrI	143188	1	0.5	25
	chrI	143196	0	0.5	25
	chrI	143197	0	1.0	25
	chrI	143220	1	0.5	25
	chrI	143229	1	0.5	25
	chrI	143230	0	0.5	25
	chrI	143245	1	0.5	25
	chrI	143253	1	1.0	25
	chrI	143254	0	0.5	25
	chrI	143266	0	0.5	25
	chrI	143273	0	0.5	25
	chrI	143281	1	0.5	25
	chrI	143318	1	0.5	25
	chrI	143321	0	1.0	25
	chrI	143343	0	0.5	25
	chrI	143345	0	0.5	25
	chrI	143346	0	0.5	25
	chrI	143348	0	0.5	25
	chrI	143358	1	0.5	25
	chrI	143370	0	1.0	25
	chrI	143395	0	0.5	25
	chrI	143397	1	0.5	25
	chrI	143398	0	0.5	25
	chrI	143399	0	0.5	25
	chrI	143410	1	0.5	25
	chrI	143414	0	0.5	25
	chrI	143417	1	1.0	25
	chrI	143420	0	0.5	25
	chrI	143420	1	0.5	25
	chrI	143422	0	0.5	25
	chrI	143424	0	0.5	23
	chrI	143424	1	0.5	25
	chrI	143428	0	0.5	25
	chrI	143434	0	1.0	25
	chrI	143436	0	0.5	25
	chrI	143437	0	0.5	25
	chrI	143441	0	1.0	25
	chrI	143444	0	0.5	25
	chrI	143447	0	0.5	25
	chrI	143448	1	1.0	25
	chrI	143450	0	0.5	25
	chrI	143451	0	0.5	25
	chrI	143453	0	0.5	25
	chrI	143468	0	0.5	25
	chrI	143469	0	0.5	25
	chrI	143474	1	1.0	25
	chrI	143477	0	1.0	25
	chrI	143484	0	0.5	25
	chrI	143484	1	0.5	25
	chrI	143490	1	0.5	25
	chrI	143491	0	0.5	25
	chrI	143491	1	0.5	25
	chrI	143492	0	1.0	25
	chrI	143492	1	0.5	25
	chrI	143497	1	0.5	25
	chrI	143498	0	0.5	25
	chrI	143500	0	1.0	25
	chrI	143510	1	0.5	25
	chrI	143512	1	0.5	25
	chrI	143513	1	1.5	25
	chrI	143516	0	0.5	25
	chrI	143519	1	1.0	25
	chrI	143521	1	0.5	25
	chrI	143523	1	1.0	25
	chrI	143534	0	0.5	25
	chrI	143539	1	0.5	25
	chrI	143542	1	1.0	25
	chrI	143543	1	0.5	25
	chrI	143548	0	0.5	25
	chrI	143548	1	1.0	25
	chrI	143549	1	0.5	25
	chrI	143550	0	1.0	25
	chrI	143550	1	2.0	25
	chrI	143551	1	0.5	25
	chrI	143552	0	0.5	25
	chrI	143552	1	1.0	25
	chrI	143553	0	1.0	25
	chrI	143571	1	0.5	25
	chrI	143573	1	0.5	25
	chrI	143575	0	0.5	25
	chrI	143600	1	0.5	25
	chrI	143601	1	1.0	25
	chrI	143602	0	0.5	25
	chrI	143609	1	1.0	25
	chrI	143632	1	0.5	25
	chrI	143643	1	0.5	25
	chrI	143666	0	0.5	23
	chrI	143677	0	1.0	25
	chrI	143704	0	0.5	25
	chrI	143727	1	0.5	25
	chrI	143729	1	0.5	25
	chrI	143739	0	0.5	25
	chrI	143739	1	0.5	25
	chrI	143747	0	0.5	25
	chrI	143761	1	0.5	25
	chrI	143781	1	0.5	25
	chrI	143785	1	0.5	25
	chrI	143803	0	0.5	25
	chrI	143809	0	0.5	25
	chrI	143812	0	0.5	25
	chrI	143812	1	0.5	25
	chrI	143820	0	0.5	25
	chrI	143854	1	0.5	25
	chrI	143855	0	1.0	25
	chrI	143862	0	0.5	25
	chrI	143871	0	0.5	25
	chrI	143923	1	0.5	25
	chrI	143939	0	0.5	25
	chrI	143948	0	0.5	25
	chrI	143956	1	0.5	25
	chrI	143960	1	1.0	25
	chrI	143969	1	0.5	25
	chrI	144012	1	1.0	25
	chrI	144013	1	0.5	25
	chrI	144046	0	1.0	25
	chrI	144081	0	0.5	25
	chrI	144093	0	0.5	25
	chrI	144101	1	0.5	25
	chrI	144103	0	0.5	25
	chrI	144124	1	0.5	25
	chrI	144159	1	0.5	25
	chrI	144183	0	0.5	25
	chrI	144203	1	1.5	25
	chrI	144228	0	0.5	25
	chrI	144237	1	0.5	25
	chrI	144291	0	0.5	25
	chrI	144293	0	0.5	25
	chrI	144345	1	0.5	25
	chrI	144346	1	0.5	25
	chrI	144361	1	0.5	25
	chrI	144376	1	0.5	25
	chrI	144387	0	0.5	25
	chrI	144420	0	1.0	25
	chrI	144425	1	0.5	25
	chrI	144428	0	0.5	25
	chrI	144433	0	0.5	25
	chrI	144445	0	0.5	25
	chrI	144459	0	0.5	25
	chrI	144479	1	0.5	25
	chrI	144505	0	0.5	25
	chrI	144522	1	0.5	25
	chrI	144528	1	0.5	25
	chrI	144529	0	0.5	25
	chrI	144558	1	0.5	25
	chrI	144565	1	1.0	25
	chrI	144579	0	0.5	25
	chrI	144594	0	0.5	25
	chrI	144605	0	1.0	25
	chrI	144654	0	0.5	25
	chrI	144661	1	0.5	25
	chrI	144668	1	0.5	25
	chrI	144670	1	0.5	25
	chrI	144700	0	0.5	25
	chrI	144709	0	0.5	25
	chrI	144709	1	0.5	25
	chrI	144754	1	0.5	25
	chrI	144755	0	0.5	25
	chrI	144758	1	1.0	25
	chrI	144768	0	0.5	25
	chrI	144780	0	0.5	25
	chrI	144785	0	0.5	25
	chrI	144804	0	0.5	25
	chrI	144822	0	1.0	25
	chrI	144833	0	0.5	25
	chrI	144840	1	0.5	25
	chrI	144843	1	0.5	25
	chrI	144844	1	0.5	25
	chrI	144849	1	0.5	25
	chrI	144854	1	0.5	25
	chrI	144856	0	0.5	25
	chrI	144869	1	0.5	25
	chrI	144887	1	0.5	25
	chrI	144893	1	1.0	25
	chrI	144905	0	0.5	25
	chrI	144924	0	0.5	25
	chrI	144931	0	0.5	25
	chrI	144943	0	0.5	25
	chrI	144943	1	0.5	25
	chrI	144947	0	0.5	25
	chrI	144961	0	0.5	25
	chrI	144964	0	0.5	25
	chrI	144966	0	0.5	25
	chrI	144982	1	0.5	25
	chrI	144996	1	0.5	25
	chrI	145007	0	0.5	25
	chrI	145010	1	0.5	25
	chrI	145030	1	0.5	25
	chrI	145037	1	0.5	25
	chrI	145038	1	0.5	25
	chrI	145046	0	0.5	25
	chrI	145087	1	0.5	25
	chrI	145091	0	0.5	25
	chrI	145094	0	0.5	25
	chrI	145114	0	0.5	25
	chrI	145117	1	0.5	25
	chrI	145125	1	0.5	25
	chrI	145135	0	0.5	25
	chrI	145151	0	1.0	25
	chrI	145154	1	0.5	25
	chrI	145162	1	0.5	25
	chrI	145163	1	0.5	25
	chrI	145170	1	0.5	25
	chrI	145177	0	0.5	25
	chrI	145188	0	1.0	25
	chrI	145189	0	0.5	25
	chrI	145202	1	1.0	25
	chrI	145203	0	0.5	25
	chrI	145223	1	1.0	25
	chrI	145261	1	0.5	25
	chrI	145262	0	0.5	25
	chrI	145263	1	1.0	25
	chrI	145297	1	0.5	25
	chrI	145304	1	0.5	25
	chrI	145313	1	0.5	25
	chrI	145329	0	0.5	25
	chrI	145334	0	0.5	25
	chrI	145373	0	0.5	25
	chrI	145377	0	0.5	25
	chrI	145411	0	0.5	25
	chrI	145412	0	1.5	25
	chrI	145414	1	0.5	25
	chrI	145431	0	0.5	25
	chrI	145442	1	0.5	25
	chrI	145444	1	0.5	25
	chrI	145449	1	0.5	25
	chrI	145458	0	0.5	25
	chrI	145461	1	0.5	25
	chrI	145462	0	0.5	25
	chrI	145476	0	1.0	25
	chrI	145505	1	2.0	25
	chrI	145512	0	0.5	25
	chrI	145520	1	0.5	25
	chrI	145522	1	1.0	25
	chrI	145525	1	0.5	25
	chrI	145541	0	0.5	25
	chrI	145571	0	0.5	25
	chrI	145581	1	0.5	25
	chrI	145583	0	0.5	25
	chrI	145585	0	0.5	25
	chrI	145595	0	0.5	25
	chrI	145612	0	0.5	25
	chrI	145616	0	1.0	25
	chrI	145630	1	0.5	25
	chrI	145633	1	0.5	25
	chrI	145650	1	0.5	25
	chrI	145665	0	0.5	25
	chrI	145676	1	0.5	25
	chrI	145689	0	0.5	25
	chrI	145689	1	0.5	25
	chrI	145694	1	0.5	25
	chrI	145697	0	0.5	25
	chrI	145712	1	0.5	25
	chrI	145718	0	0.5	25
	chrI	145720	1	0.5	25
	chrI	145727	1	0.5	25
	chrI	145777	1	0.5	25
	chrI	145779	0	0.5	25
	chrI	145780	1	0.5	25
	chrI	145786	1	0.5	25
	chrI	145804	0	1.5	25
	chrI	145815	0	0.5	25
	chrI	145823	0	0.5	25
	chrI	145861	1	1.0	25
	chrI	145862	1	0.5	25
	chrI	145863	0	0.5	25
	chrI	145865	0	0.5	25
	chrI	145886	0	0.5	25
	chrI	145893	1	0.5	25
	chrI	145896	1	0.5	25
	chrI	145902	0	0.5	25
	chrI	145910	1	0.5	25
	chrI	145926	1	0.5	25
	chrI	145942	0	0.5	25
	chrI	145947	0	0.5	25
	chrI	145948	0	0.5	25
	chrI	145966	1	0.5	25
	chrI	145973	1	0.5	25
	chrI	145988	0	0.5	25
	chrI	146007	1	0.5	25
	chrI	146020	0	0.5	25
	chrI	146021	1	0.5	25
	chrI	146049	0	0.5	25
	chrI	146055	1	0.5	25
	chrI	146058	0	0.5	25
	chrI	146062	1	0.5	25
	chrI	146067	1	0.5	25
	chrI	146071	0	0.5	25
	chrI	146076	0	0.5	25
	chrI	146080	0	0.5	25
	chrI	146084	0	0.5	25
	chrI	146106	1	0.5	25
	chrI	146108	1	0.5	25
	chrI	146125	1	0.5	25
	chrI	146134	0	1.0	25
	chrI	146138	0	0.5	25
	chrI	146147	0	0.5	25
	chrI	146148	0	0.5	25
	chrI	146158	1	0.5	25
	chrI	146159	1	0.5	25
	chrI	146165	0	0.5	25
	chrI	146166	0	1.0	25
	chrI	146168	1	0.5	25
	chrI	146195	1	0.5	25
	chrI	146203	1	0.5	25
	chrI	146204	0	0.5	25
	chrI	146205	0	0.5	25
	chrI	146206	1	1.0	25
	chrI	146210	1	0.5	25
	chrI	146237	1	0.5	25
	chrI	146239	0	0.5	24
	chrI	146243	1	0.5	25
	chrI	146252	0	0.5	25
	chrI	146263	0	0.5	25
	chrI	146264	1	1.0	25
	chrI	146272	0	0.5	25
	chrI	146276	1	0.5	25
	chrI	146281	1	0.5	25
	chrI	146285	0	0.5	25
	chrI	146292	0	1.0	25
	chrI	146297	0	0.5	25
	chrI	146306	0	0.5	25
	chrI	146317	1	0.5	25
	chrI	146319	1	0.5	25
	chrI	146321	0	0.5	25
	chrI	146326	1	0.5	25
	chrI	146332	0	0.5	25
	chrI	146362	1	0.5	25
	chrI	146371	1	0.5	25
	chrI	146378	1	0.5	25
	chrI	146382	1	1.0	25
	chrI	146390	1	0.5	25
	chrI	146414	0	0.5	25
	chrI	146422	1	0.5	25
	chrI	146425	0	0.5	25
	chrI	146456	0	0.5	25
	chrI	146457	1	0.5	25
	chrI	146472	0	0.5	25
	chrI	146478	0	0.5	25
	chrI	146488	0	0.5	25
	chrI	146498	1	0.5	25
	chrI	146515	0	0.5	25
	chrI	146525	0	0.5	25
	chrI	146535	1	0.5	25
	chrI	146542	1	1.0	25
	chrI	146558	1	0.5	25
	chrI	146561	1	0.5	25
	chrI	146578	0	0.5	25
	chrI	146584	1	0.5	25
	chrI	146597	0	0.5	25
	chrI	146614	0	1.5	25
	chrI	146623	0	0.5	25
	chrI	146628	0	0.5	25
	chrI	146669	0	0.5	25
	chrI	146677	0	0.5	25
	chrI	146679	0	0.5	25
	chrI	146685	1	0.5	25
	chrI	146692	0	1.0	25
	chrI	146712	1	0.5	25
	chrI	146733	1	0.5	25
	chrI	146740	0	0.5	25
	chrI	146766	1	0.5	25
	chrI	146768	1	0.5	25
	chrI	146774	1	1.5	25
	chrI	146786	1	1.0	25
	chrI	146793	0	0.5	25
	chrI	146806	1	0.5	25
	chrI	146816	1	1.0	25
	chrI	146839	0	0.5	25
	chrI	146853	0	0.5	25
	chrI	146855	1	0.5	25
	chrI	146869	0	0.5	25
	chrI	146874	0	0.5	25
	chrI	146878	0	0.5	25
	chrI	146880	1	0.5	25
	chrI	146921	1	0.5	25
	chrI	146930	0	0.5	25
	chrI	146931	0	0.5	25
	chrI	146931	1	0.5	25
	chrI	146941	1	0.5	25
	chrI	146954	1	0.5	25
	chrI	146964	1	0.5	25
	chrI	146979	0	0.5	25
	chrI	147002	1	0.5	25
	chrI	147010	0	0.5	25
	chrI	147032	0	0.5	25
	chrI	147042	1	0.5	25
	chrI	147043	0	0.5	25
	chrI	147049	1	0.5	25
	chrI	147092	1	0.5	25
	chrI	147093	0	0.5	25
	chrI	147094	0	0.5	25
	chrI	147099	0	1.0	25
	chrI	147105	0	0.5	25
	chrI	147133	1	0.5	25
	chrI	147145	1	0.5	25
	chrI	147148	1	1.0	25
	chrI	147160	1	0.5	25
	chrI	147185	0	0.5	25
	chrI	147188	1	0.5	25
	chrI	147212	1	0.5	25
	chrI	147222	0	0.5	25
	chrI	147229	0	1.0	25
	chrI	147239	0	0.5	25
	chrI	147253	1	0.5	25
	chrI	147254	0	1.0	25
	chrI	147255	0	0.5	25
	chrI	147256	0	0.5	25
	chrI	147282	1	0.5	25
	chrI	147284	0	0.5	25
	chrI	147285	0	0.5	25
	chrI	147286	0	0.5	25
	chrI	147291	1	0.5	25
	chrI	147298	0	0.5	25
	chrI	147318	0	0.5	25
	chrI	147320	1	1.0	25
	chrI	147325	1	0.5	25
	chrI	147341	1	0.5	25
	chrI	147349	0	0.5	25
	chrI	147350	0	0.5	25
	chrI	147353	1	1.5	25
	chrI	147368	0	0.5	25
	chrI	147374	1	0.5	25
	chrI	147380	1	0.5	25
	chrI	147389	1	0.5	25
	chrI	147391	0	0.5	25
	chrI	147420	1	0.5	25
	chrI	147426	1	0.5	25
	chrI	147432	0	0.5	25
	chrI	147433	1	0.5	25
	chrI	147436	0	0.5	25
	chrI	147451	0	0.5	25
	chrI	147470	0	0.5	25
	chrI	147488	1	0.5	25
	chrI	147509	1	0.5	25
	chrI	147519	1	0.5	25
	chrI	147528	0	0.5	25
	chrI	147529	0	1.0	25
	chrI	147529	1	0.5	25
	chrI	147530	0	0.5	25
	chrI	147534	0	1.0	25
	chrI	147538	1	0.5	25
	chrI	147544	0	0.5	25
	chrI	147550	0	0.5	25
	chrI	147565	0	0.5	25
	chrI	147583	1	0.5	25
	chrI	147587	1	1.0	25
	chrI	147588	1	0.5	25
	chrI	147592	1	0.5	25
	chrI	147593	1	0.5	25
	chrI	147607	1	0.5	23
	chrI	147609	1	0.5	25
	chrI	147612	0	0.5	25
	chrI	147623	1	0.5	25
	chrI	147629	0	0.5	25
	chrI	147637	0	0.5	25
	chrI	147638	0	0.5	25
	chrI	147647	0	0.5	25
	chrI	147657	1	0.5	25
	chrI	147665	0	0.5	25
	chrI	147675	1	0.5	25
	chrI	147696	1	0.5	25
	chrI	147700	1	1.0	25
	chrI	147709	1	0.5	25
	chrI	147732	0	0.5	25
	chrI	147735	0	0.5	25
	chrI	147766	1	0.5	25
	chrI	147789	1	0.5	25
	chrI	147796	0	0.5	25
	chrI	147813	0	0.5	25
	chrI	147816	0	0.5	25
	chrI	147818	1	0.5	25
	chrI	147820	0	0.5	25
	chrI	147896	1	0.5	24
	chrI	147896	1	0.5	25
	chrI	147898	0	1.0	25
	chrI	147899	1	0.5	25
	chrI	147910	0	0.5	25
	chrI	147913	0	0.5	25
	chrI	147950	0	0.5	25
	chrI	147951	1	0.5	25
	chrI	147952	0	0.5	25
	chrI	147979	0	0.5	25
	chrI	147993	1	0.5	25
	chrI	148003	0	0.5	25
	chrI	148019	1	0.5	25
	chrI	148023	1	0.5	25
	chrI	148036	1	0.5	25
	chrI	148054	1	1.0	25
	chrI	148058	0	0.5	25
	chrI	148065	0	0.5	25
	chrI	148082	0	0.5	25
	chrI	148092	0	1.5	25
	chrI	148096	1	0.5	25
	chrI	148116	1	0.5	25
	chrI	148155	1	1.0	25
	chrI	148157	1	1.0	25
	chrI	148189	0	0.5	25
	chrI	148220	0	1.0	25
	chrI	148236	0	0.5	25
	chrI	148257	0	0.5	25
	chrI	148261	1	0.5	25
	chrI	148262	0	0.5	25
	chrI	148281	1	0.5	25
	chrI	148284	1	0.5	25
	chrI	148287	0	0.5	25
	chrI	148288	1	0.5	25
	chrI	148291	1	0.5	25
	chrI	148306	1	0.5	25
	chrI	148312	1	0.5	25
	chrI	148336	0	0.5	25
	chrI	148362	0	0.5	25
	chrI	148391	1	1.0	25
	chrI	148395	0	0.5	25
	chrI	148411	0	0.5	25
	chrI	148416	1	0.5	25
	chrI	148430	1	0.5	25
	chrI	148436	0	1.0	25
	chrI	148449	1	0.5	25
	chrI	148459	0	0.5	25
	chrI	148466	0	0.5	25
	chrI	148497	0	0.5	25
	chrI	148512	0	0.5	25
	chrI	148537	1	0.5	25
	chrI	148540	0	0.5	25
	chrI	148553	1	0.5	25
	chrI	148557	0	0.5	25
	chrI	148581	1	0.5	25
	chrI	148586	0	0.5	25
	chrI	148593	0	0.5	25
	chrI	148595	1	0.5	25
	chrI	148602	1	0.5	25
	chrI	148608	0	1.0	25
	chrI	148615	0	0.5	25
	chrI	148645	1	1.0	25
	chrI	148646	1	0.5	25
	chrI	148649	1	1.0	25
	chrI	148652	0	0.5	25
	chrI	148658	1	0.5	25
	chrI	148670	1	0.5	25
	chrI	148672	1	0.5	25
	chrI	148676	0	0.5	25
	chrI	148700	0	0.5	25
	chrI	148707	0	0.5	25
	chrI	148713	0	0.5	25
	chrI	148714	0	0.5	25
	chrI	148739	0	0.5	25
	chrI	148760	1	0.5	25
	chrI	148762	1	0.5	25
	chrI	148766	1	1.5	25
	chrI	148790	1	0.5	25
	chrI	148803	1	0.5	25
	chrI	148814	0	0.5	25
	chrI	148816	0	1.0	25
	chrI	148822	0	0.5	25
	chrI	148877	1	1.0	25
	chrI	148890	1	0.5	25
	chrI	148895	1	0.5	25
	chrI	148898	0	0.5	25
	chrI	148938	0	0.5	25
	chrI	148964	0	0.5	25
	chrI	148970	0	0.5	25
	chrI	148971	1	0.5	25
	chrI	148989	0	0.5	25
	chrI	148993	0	0.5	25
	chrI	148995	0	0.5	25
	chrI	149009	1	0.5	25
	chrI	149027	1	0.5	25
	chrI	149042	0	0.5	25
	chrI	149046	0	1.0	25
	chrI	149057	1	0.5	25
	chrI	149075	1	0.5	25
	chrI	149085	1	0.5	25
	chrI	149093	0	0.5	25
	chrI	149111	0	1.0	25
	chrI	149112	1	1.0	25
	chrI	149113	1	0.5	25
	chrI	149115	0	0.5	25
	chrI	149121	0	0.5	25
	chrI	149121	1	0.5	25
	chrI	149138	1	0.5	25
	chrI	149155	0	0.5	25
	chrI	149170	0	0.5	25
	chrI	149172	1	1.0	25
	chrI	149176	1	0.5	25
	chrI	149182	0	0.5	25
	chrI	149187	0	0.5	25
	chrI	149187	1	0.5	25
	chrI	149199	1	0.5	25
	chrI	149210	1	0.5	25
	chrI	149215	0	0.5	25
	chrI	149217	0	0.5	25
	chrI	149220	0	0.5	25
	chrI	149226	0	0.5	25
	chrI	149240	1	0.5	25
	chrI	149251	0	0.5	25
	chrI	149273	1	0.5	25
	chrI	149284	0	0.5	25
	chrI	149294	1	0.5	25
	chrI	149301	1	0.5	25
	chrI	149303	1	0.5	25
	chrI	149304	0	0.5	25
	chrI	149315	1	0.5	25
	chrI	149321	1	0.5	25
	chrI	149349	1	0.5	25
	chrI	149356	0	0.5	25
	chrI	149375	1	0.5	25
	chrI	149379	0	0.5	25
	chrI	149385	0	0.5	25
	chrI	149411	0	0.5	25
	chrI	149418	0	0.5	25
	chrI	149423	1	0.5	25
	chrI	149434	1	0.5	25
	chrI	149457	0	1.0	25
	chrI	149459	1	0.5	25
	chrI	149465	0	0.5	25
	chrI	149465	1	0.5	25
	chrI	149474	1	0.5	25
	chrI	149476	0	0.5	25
	chrI	149477	1	0.5	25
	chrI	149544	0	0.5	25
	chrI	149546	1	0.5	25
	chrI	149553	1	0.5	25
	chrI	149562	0	0.5	25
	chrI	149566	1	1.0	25
	chrI	149594	0	0.5	25
	chrI	149599	1	0.5	25
	chrI	149634	1	0.5	25
	chrI	149640	0	0.5	25
	chrI	149667	0	0.5	25
	chrI	149713	1	0.5	25
	chrI	149720	1	0.5	25
	chrI	149764	0	0.5	25
	chrI	149770	0	0.5	25
	chrI	149776	0	0.5	25
	chrI	149828	0	0.5	25
	chrI	149830	0	0.5	25
	chrI	149840	0	0.5	25
	chrI	149857	1	0.5	25
	chrI	149860	1	0.5	25
	chrI	149873	1	0.5	25
	chrI	149878	1	0.5	25
	chrI	149879	0	0.5	25
	chrI	149885	1	0.5	25
	chrI	149894	0	0.5	25
	chrI	149909	0	0.5	25
	chrI	149930	0	0.5	25
	chrI	149935	1	0.5	25
	chrI	149938	1	0.5	25
	chrI	149940	1	0.5	25
	chrI	149955	1	0.5	25
	chrI	149970	0	1.0	25
	chrI	149973	0	1.0	25
	chrI	149974	1	0.5	25
	chrI	149986	1	0.5	25
	chrI	150019	0	0.5	25
	chrI	150021	0	0.5	25
	chrI	150036	0	0.5	25
	chrI	150061	1	1.0	25
	chrI	150077	1	0.5	25
	chrI	150089	1	0.5	25
	chrI	150106	0	0.5	25
	chrI	150119	1	0.5	25
	chrI	150149	1	0.5	25
	chrI	150157	0	0.5	25
	chrI	150172	0	0.5	25
	chrI	150173	0	0.5	25
	chrI	150180	0	0.5	25
	chrI	150205	0	0.5	25
	chrI	150215	1	0.5	25
	chrI	150217	1	0.5	25
	chrI	150224	1	0.5	25
	chrI	150229	0	1.0	25
	chrI	150235	0	0.5	25
	chrI	150240	1	1.0	25
	chrI	150254	1	0.5	25
	chrI	150268	0	0.5	25
	chrI	150281	0	0.5	25
	chrI	150283	0	0.5	25
	chrI	150289	0	0.5	25
	chrI	150292	1	0.5	25
	chrI	150293	1	0.5	25
	chrI	150304	1	0.5	25
	chrI	150337	1	0.5	25
	chrI	150346	0	0.5	25
	chrI	150353	1	0.5	25
	chrI	150357	1	0.5	25
	chrI	150365	0	0.5	25
	chrI	150373	1	0.5	25
	chrI	150390	0	0.5	25
	chrI	150391	0	0.5	25
	chrI	150396	0	0.5	25
	chrI	150402	1	0.5	25
	chrI	150404	0	0.5	25
	chrI	150405	0	1.5	25
	chrI	150410	0	0.5	25
	chrI	150410	1	0.5	25
	chrI	150413	0	0.5	25
	chrI	150424	0	0.5	25
	chrI	150428	0	0.5	25
	chrI	150433	1	0.5	25
	chrI	150443	1	0.5	25
	chrI	150448	1	0.5	25
	chrI	150456	1	0.5	25
	chrI	150463	0	0.5	25
	chrI	150468	1	1.5	25
	chrI	150470	1	1.0	25
	chrI	150471	0	1.5	25
	chrI	150488	1	0.5	25
	chrI	150498	1	0.5	25
	chrI	150512	1	0.5	25
	chrI	150521	1	0.5	25
	chrI	150539	1	1.0	25
	chrI	150542	1	0.5	25
	chrI	150552	0	0.5	25
	chrI	150613	1	0.5	25
	chrI	150662	0	0.5	25
	chrI	150711	0	0.5	25
	chrI	150715	1	0.5	25
	chrI	150759	1	0.5	25
	chrI	150762	0	0.5	25
	chrI	150773	0	0.5	25
	chrI	150782	0	1.0	25
	chrI	150800	0	0.5	25
	chrI	150837	0	1.0	25
	chrI	150838	1	0.5	25
	chrI	150843	1	0.5	25
	chrI	150849	1	1.0	25
	chrI	150863	1	0.5	25
	chrI	150870	0	0.5	25
	chrI	150903	1	1.0	25
	chrI	150906	0	0.5	25
	chrI	150916	0	0.5	25
	chrI	150950	1	0.5	25
	chrI	150955	1	0.5	23
	chrI	150987	0	1.0	25
	chrI	150998	1	0.5	25
	chrI	151007	0	0.5	25
	chrI	151053	0	0.5	25
	chrI	151055	1	0.5	25
	chrI	151061	1	1.0	25
	chrI	151098	0	0.5	25
	chrI	151101	0	1.0	25
	chrI	151102	0	0.5	25
	chrI	151125	1	0.5	25
	chrI	151160	1	1.0	25
	chrI	151168	1	0.5	25
	chrI	151174	0	0.5	25
	chrI	151194	1	0.5	25
	chrI	151205	0	0.5	25
	chrI	151214	0	1.5	25
	chrI	151215	0	0.5	25
	chrI	151218	0	0.5	25
	chrI	151230	0	0.5	25
	chrI	151232	0	0.5	25
	chrI	151234	1	0.5	25
	chrI	151237	0	0.5	25
	chrI	151249	1	0.5	25
	chrI	151252	0	0.5	25
	chrI	151253	0	0.5	25
	chrI	151280	1	0.5	25
	chrI	151281	1	1.5	25
	chrI	151282	0	1.0	25
	chrI	151282	1	0.5	25
	chrI	151287	1	0.5	25
	chrI	151292	0	0.5	25
	chrI	151293	0	0.5	25
	chrI	151296	0	0.5	25
	chrI	151298	1	0.5	25
	chrI	151307	1	0.5	25
	chrI	151310	0	0.5	25
	chrI	151320	1	0.5	25
	chrI	151321	1	0.5	25
	chrI	151327	1	0.5	25
	chrI	151332	0	1.0	25
	chrI	151338	0	1.0	25
	chrI	151340	0	0.5	25
	chrI	151343	1	0.5	25
	chrI	151354	1	0.5	25
	chrI	151355	0	0.5	25
	chrI	151356	1	0.5	25
	chrI	151357	0	0.5	25
	chrI	151375	0	0.5	25
	chrI	151379	1	0.5	25
	chrI	151388	0	0.5	25
	chrI	151388	1	1.0	25
	chrI	151399	1	0.5	25
	chrI	151410	1	0.5	25
	chrI	151413	0	1.0	25
	chrI	151430	1	1.0	25
	chrI	151436	0	0.5	25
	chrI	151445	1	0.5	25
	chrI	151458	1	1.0	25
	chrI	151485	1	0.5	25
	chrI	151486	0	0.5	25
	chrI	151489	1	0.5	25
	chrI	151508	0	0.5	25
	chrI	151511	0	0.5	25
	chrI	151527	0	0.5	25
	chrI	151551	0	0.5	25
	chrI	151561	0	0.5	25
	chrI	151573	1	1.0	25
	chrI	151581	1	0.5	25
	chrI	151583	1	0.5	25
	chrI	151587	0	0.5	25
	chrI	151608	1	0.5	25
	chrI	151612	0	0.5	25
	chrI	151621	0	0.5	25
	chrI	151626	1	0.5	25
	chrI	151633	0	2.0	25
	chrI	151635	1	0.5	25
	chrI	151638	1	0.5	25
	chrI	151641	0	0.5	25
	chrI	151648	0	1.0	25
	chrI	151651	0	0.5	25
	chrI	151653	1	0.5	25
	chrI	151657	0	0.5	25
	chrI	151673	1	0.5	25
	chrI	151680	0	0.5	25
	chrI	151680	1	0.5	25
	chrI	151681	0	0.5	25
	chrI	151694	1	0.5	25
	chrI	151706	1	0.5	25
	chrI	151721	0	0.5	25
	chrI	151723	1	0.5	25
	chrI	151727	1	1.0	25
	chrI	151729	1	0.5	25
	chrI	151730	1	0.5	25
	chrI	151735	1	0.5	25
	chrI	151744	0	0.5	25
	chrI	151753	1	0.5	25
	chrI	151773	0	0.5	25
	chrI	151788	0	0.5	25
	chrI	151796	0	0.5	25
	chrI	151798	0	1.5	25
	chrI	151807	1	0.5	25
	chrI	151809	0	0.5	25
	chrI	151818	0	0.5	25
	chrI	151823	0	0.5	25
	chrI	151827	1	0.5	25
	chrI	151832	1	0.5	25
	chrI	151840	0	0.5	25
	chrI	151841	1	0.5	25
	chrI	151849	0	0.5	25
	chrI	151856	0	0.5	25
	chrI	151857	1	1.0	25
	chrI	151869	0	0.5	25
	chrI	151875	1	0.5	25
	chrI	151884	1	0.5	25
	chrI	151890	1	0.5	25
	chrI	151906	1	0.5	25
	chrI	151910	1	0.5	25
	chrI	151924	0	0.5	25
	chrI	151928	1	2.0	25
	chrI	151950	0	1.5	25
	chrI	151978	0	0.5	25
	chrI	151979	0	0.5	25
	chrI	151979	1	0.5	25
	chrI	151981	0	0.5	25
	chrI	151986	1	0.5	25
	chrI	151989	0	0.5	25
	chrI	152002	0	0.5	25
	chrI	152003	1	1.5	25
	chrI	152007	0	0.5	25
	chrI	152026	1	0.5	25
	chrI	152033	0	0.5	25
	chrI	152034	0	0.5	25
	chrI	152038	0	0.5	25
	chrI	152044	1	1.5	25
	chrI	152063	1	0.5	25
	chrI	152072	0	0.5	25
	chrI	152073	0	0.5	25
	chrI	152076	1	0.5	25
	chrI	152079	1	0.5	25
	chrI	152080	0	0.5	25
	chrI	152082	0	1.5	25
	chrI	152086	0	2.5	25
	chrI	152088	0	0.5	25
	chrI	152092	0	1.0	25
	chrI	152119	0	0.5	25
	chrI	152125	0	0.5	25
	chrI	152132	1	1.0	25
	chrI	152141	1	0.5	25
	chrI	152149	1	0.5	25
	chrI	152154	1	0.5	25
	chrI	152155	1	0.5	25
	chrI	152156	1	1.5	25
	chrI	152161	1	0.5	25
	chrI	152167	1	0.5	25
	chrI	152169	0	1.0	25
	chrI	152173	1	1.0	25
	chrI	152176	1	0.5	25
	chrI	152180	1	0.5	25
	chrI	152183	0	2.0	25
	chrI	152186	1	1.0	25
	chrI	152193	0	0.5	25
	chrI	152203	0	0.5	25
	chrI	152204	0	0.5	25
	chrI	152205	0	0.5	25
	chrI	152214	1	0.5	25
	chrI	152220	1	0.5	25
	chrI	152256	1	0.5	25
	chrI	152258	1	1.0	25
	chrI	152266	1	0.5	25
	chrI	152272	1	0.5	25
	chrI	152274	0	0.5	25
	chrI	152289	1	0.5	25
	chrI	152314	1	0.5	25
	chrI	152325	1	1.5	25
	chrI	152337	0	0.5	25
	chrI	152338	1	0.5	25
	chrI	152377	0	0.5	25
	chrI	152384	0	0.5	25
	chrI	152388	0	0.5	25
	chrI	152399	0	0.5	25
	chrI	152405	1	0.5	25
	chrI	152446	1	0.5	25
	chrI	152448	1	0.5	25
	chrI	152451	1	0.5	25
	chrI	152461	0	0.5	25
	chrI	152500	0	0.5	25
	chrI	152509	0	1.0	25
	chrI	152513	0	1.5	25
	chrI	152515	0	0.5	25
	chrI	152515	1	0.5	25
	chrI	152526	0	0.5	25
	chrI	152553	1	0.5	25
	chrI	152575	1	1.5	25
	chrI	152581	1	0.5	25
	chrI	152585	1	0.5	25
	chrI	152594	0	0.5	25
	chrI	152611	1	0.5	25
	chrI	152612	0	1.0	25
	chrI	152622	0	0.5	25
	chrI	152647	0	0.5	25
	chrI	152648	0	1.0	25
	chrI	152648	1	0.5	25
	chrI	152679	1	1.0	25
	chrI	152685	1	0.5	25
	chrI	152709	0	0.5	25
	chrI	152713	1	1.5	25
	chrI	152718	1	0.5	25
	chrI	152761	0	0.5	25
	chrI	152798	1	0.5	25
	chrI	152799	1	0.5	25
	chrI	152835	0	0.5	25
	chrI	152839	0	0.5	25
	chrI	152849	0	0.5	25
	chrI	152850	0	1.0	25
	chrI	152856	0	0.5	25
	chrI	152861	0	0.5	25
	chrI	152862	0	0.5	25
	chrI	152893	1	0.5	25
	chrI	152896	1	0.5	25
	chrI	152897	0	0.5	25
	chrI	152902	1	1.5	25
	chrI	152905	0	1.0	25
	chrI	152913	1	0.5	25
	chrI	152930	0	0.5	25
	chrI	152934	1	0.5	25
	chrI	152935	1	0.5	25
	chrI	152940	1	1.0	25
	chrI	152950	0	0.5	25
	chrI	152955	1	0.5	25
	chrI	152972	0	0.5	25
	chrI	152972	1	0.5	25
	chrI	152977	0	0.5	25
	chrI	152990	0	0.5	25
	chrI	153005	0	0.5	25
	chrI	153011	0	0.5	25
	chrI	153016	0	0.5	25
	chrI	153016	1	0.5	25
	chrI	153018	0	0.5	25
	chrI	153022	1	0.5	25
	chrI	153051	1	0.5	25
	chrI	153058	1	0.5	25
	chrI	153059	1	0.5	25
	chrI	153066	1	0.5	25
	chrI	153083	0	0.5	25
	chrI	153092	1	0.5	25
	chrI	153112	1	0.5	25
	chrI	153196	1	0.5	25
	chrI	153223	1	0.5	25
	chrI	153244	0	0.5	25
	chrI	153261	0	0.5	25
	chrI	153304	0	0.5	25
	chrI	153310	0	0.5	25
	chrI	153318	0	0.5	25
	chrI	153322	1	0.5	25
	chrI	153335	1	0.5	25
	chrI	153343	0	0.5	25
	chrI	153347	0	0.5	25
	chrI	153380	1	0.5	25
	chrI	153398	1	0.5	25
	chrI	153402	1	0.5	25
	chrI	153454	0	0.5	25
	chrI	153468	0	0.5	25
	chrI	153469	0	1.0	25
	chrI	153478	0	0.5	25
	chrI	153487	0	0.5	25
	chrI	153496	1	0.5	25
	chrI	153500	0	1.0	25
	chrI	153501	0	0.5	25
	chrI	153509	0	0.5	25
	chrI	153529	1	0.5	25
	chrI	153534	0	1.0	25
	chrI	153547	1	0.5	25
	chrI	153565	1	1.0	25
	chrI	153567	0	1.0	25
	chrI	153568	1	0.5	25
	chrI	153570	1	0.5	25
	chrI	153574	1	0.5	25
	chrI	153579	1	0.5	25
	chrI	153580	0	0.5	25
	chrI	153581	1	0.5	25
	chrI	153587	1	0.5	25
	chrI	153593	0	0.5	24
	chrI	153641	1	0.5	25
	chrI	153643	1	0.5	25
	chrI	153644	1	0.5	25
	chrI	153653	0	0.5	25
	chrI	153654	1	0.5	25
	chrI	153655	1	0.5	25
	chrI	153693	0	0.5	25
	chrI	153700	0	0.5	25
	chrI	153718	1	0.5	25
	chrI	153719	1	0.5	25
	chrI	153723	1	0.5	25
	chrI	153727	0	0.5	25
	chrI	153734	0	0.5	25
	chrI	153746	0	0.5	25
	chrI	153772	1	1.0	25
	chrI	153778	0	0.5	25
	chrI	153784	0	0.5	25
	chrI	153792	1	0.5	25
	chrI	153793	0	0.5	25
	chrI	153807	0	0.5	25
	chrI	153816	0	0.5	25
	chrI	153821	0	1.0	25
	chrI	153837	1	0.5	25
	chrI	153838	1	0.5	25
	chrI	153839	0	0.5	25
	chrI	153843	0	0.5	25
	chrI	153863	0	0.5	25
	chrI	153866	0	0.5	25
	chrI	153867	1	0.5	25
	chrI	153872	1	0.5	25
	chrI	153898	1	0.5	25
	chrI	153899	1	0.5	25
	chrI	153901	0	0.5	25
	chrI	153943	1	0.5	25
	chrI	153947	1	0.5	25
	chrI	153958	1	0.5	25
	chrI	153960	1	0.5	25
	chrI	153989	0	0.5	25
	chrI	154006	1	1.0	25
	chrI	154012	0	0.5	25
	chrI	154019	0	0.5	25
	chrI	154026	0	0.5	25
	chrI	154036	0	0.5	25
	chrI	154047	0	0.5	25
	chrI	154049	0	0.5	25
	chrI	154058	1	0.5	25
	chrI	154062	0	0.5	25
	chrI	154069	0	0.5	25
	chrI	154080	0	0.5	25
	chrI	154082	1	0.5	25
	chrI	154103	0	0.5	25
	chrI	154104	1	0.5	25
	chrI	154109	0	0.5	25
	chrI	154112	1	0.5	25
	chrI	154115	1	0.5	25
	chrI	154122	1	0.5	25
	chrI	154125	1	0.5	25
	chrI	154134	1	0.5	25
	chrI	154136	1	0.5	25
	chrI	154141	1	0.5	25
	chrI	154152	1	0.5	25
	chrI	154172	1	0.5	25
	chrI	154185	0	0.5	25
	chrI	154196	1	0.5	25
	chrI	154209	0	0.5	25
	chrI	154211	0	0.5	25
	chrI	154235	0	0.5	25
	chrI	154255	1	0.5	25
	chrI	154264	1	0.5	25
	chrI	154270	1	0.5	25
	chrI	154272	0	0.5	25
	chrI	154281	1	0.5	25
	chrI	154291	0	0.5	25
	chrI	154293	0	0.5	25
	chrI	154297	0	0.5	25
	chrI	154307	0	0.5	25
	chrI	154335	0	0.5	25
	chrI	154343	1	0.5	25
	chrI	154344	1	0.5	25
	chrI	154347	0	0.5	25
	chrI	154361	1	0.5	25
	chrI	154367	1	0.5	25
	chrI	154376	1	0.5	25
	chrI	154409	1	0.5	25
	chrI	154418	1	0.5	25
	chrI	154449	0	0.5	25
	chrI	154490	0	0.5	25
	chrI	154493	1	0.5	25
	chrI	154523	0	0.5	25
	chrI	154529	0	0.5	25
	chrI	154532	1	0.5	25
	chrI	154582	0	0.5	25
	chrI	154591	1	0.5	25
	chrI	154604	1	0.5	25
	chrI	154611	0	0.5	25
	chrI	154628	1	0.5	25
	chrI	154629	0	0.5	25
	chrI	154631	0	0.5	25
	chrI	154655	0	0.5	25
	chrI	154656	0	0.5	25
	chrI	154664	1	0.5	25
	chrI	154665	0	0.5	25
	chrI	154669	0	0.5	25
	chrI	154680	0	0.5	25
	chrI	154706	1	0.5	25
	chrI	154711	1	0.5	25
	chrI	154731	1	0.5	25
	chrI	154740	1	0.5	25
	chrI	154743	1	0.5	25
	chrI	154748	1	0.5	25
	chrI	154750	0	0.5	25
	chrI	154778	1	0.5	25
	chrI	154781	0	1.5	25
	chrI	154787	0	1.0	25
	chrI	154796	0	1.0	25
	chrI	154797	0	0.5	25
	chrI	154799	0	1.0	25
	chrI	154805	0	0.5	25
	chrI	154806	0	0.5	25
	chrI	154834	1	0.5	25
	chrI	154835	0	0.5	25
	chrI	154836	0	0.5	25
	chrI	154837	0	1.5	25
	chrI	154837	1	0.5	25
	chrI	154838	0	0.5	25
	chrI	154848	1	0.5	25
	chrI	154851	0	1.0	25
	chrI	154858	0	1.0	25
	chrI	154858	1	0.5	25
	chrI	154863	1	0.5	25
	chrI	154864	1	0.5	25
	chrI	154870	1	1.0	25
	chrI	154871	1	0.5	25
	chrI	154872	0	0.5	25
	chrI	154895	1	0.5	25
	chrI	154900	1	0.5	25
	chrI	154901	1	0.5	25
	chrI	154902	1	2.0	25
	chrI	154903	1	1.0	25
	chrI	154904	0	0.5	25
	chrI	154904	1	0.5	25
	chrI	154906	1	1.0	25
	chrI	154907	0	0.5	25
	chrI	154907	1	0.5	25
	chrI	154910	0	0.5	25
	chrI	154912	0	0.5	25
	chrI	154915	0	0.5	25
	chrI	154923	1	0.5	25
	chrI	154928	1	0.5	25
	chrI	154932	1	0.5	25
	chrI	154953	0	0.5	25
	chrI	154963	0	0.5	25
	chrI	154972	1	0.5	25
	chrI	154977	1	0.5	25
	chrI	155002	1	0.5	25
	chrI	155020	1	0.5	25
	chrI	155040	0	0.5	25
	chrI	155042	0	0.5	25
	chrI	155050	0	1.0	25
	chrI	155054	0	0.5	25
	chrI	155062	1	0.5	25
	chrI	155067	1	0.5	25
	chrI	155095	0	0.5	25
	chrI	155108	1	0.5	25
	chrI	155119	1	0.5	25
	chrI	155140	1	1.0	25
	chrI	155158	0	0.5	25
	chrI	155158	1	0.5	25
	chrI	155173	0	0.5	25
	chrI	155228	0	1.0	25
	chrI	155229	0	1.0	25
	chrI	155232	1	0.5	25
	chrI	155237	0	0.5	25
	chrI	155256	1	0.5	25
	chrI	155277	1	0.5	25
	chrI	155291	0	0.5	25
	chrI	155306	1	1.0	25
	chrI	155324	0	0.5	25
	chrI	155341	0	1.0	25
	chrI	155351	1	0.5	25
	chrI	155366	1	0.5	25
	chrI	155370	1	0.5	25
	chrI	155379	1	0.5	25
	chrI	155380	1	0.5	25
	chrI	155383	0	1.0	25
	chrI	155402	0	0.5	25
	chrI	155414	1	1.0	25
	chrI	155424	1	0.5	25
	chrI	155443	1	1.0	25
	chrI	155446	0	0.5	25
	chrI	155461	0	0.5	25
	chrI	155472	0	1.0	25
	chrI	155476	0	0.5	25
	chrI	155489	0	0.5	25
	chrI	155505	1	0.5	25
	chrI	155507	1	0.5	25
	chrI	155513	1	0.5	25
	chrI	155526	1	0.5	25
	chrI	155540	1	0.5	25
	chrI	155553	1	1.0	25
	chrI	155610	0	0.5	25
	chrI	155617	0	0.5	25
	chrI	155625	0	1.0	25
	chrI	155655	0	0.5	25
	chrI	155664	0	0.5	25
	chrI	155676	1	0.5	25
	chrI	155684	1	0.5	25
	chrI	155694	1	0.5	25
	chrI	155695	1	0.5	25
	chrI	155721	0	0.5	25
	chrI	155723	1	0.5	25
	chrI	155724	0	0.5	25
	chrI	155730	0	1.0	25
	chrI	155737	1	0.5	25
	chrI	155746	0	0.5	25
	chrI	155772	0	0.5	25
	chrI	155778	1	0.5	25
	chrI	155782	1	1.0	25
	chrI	155789	0	0.5	25
	chrI	155795	0	0.5	25
	chrI	155816	1	0.5	25
	chrI	155829	0	1.0	25
	chrI	155837	0	0.5	25
	chrI	155887	0	0.5	25
	chrI	155890	0	0.5	25
	chrI	155891	1	1.0	25
	chrI	155893	1	1.0	25
	chrI	155938	1	0.5	25
	chrI	155940	1	0.5	25
	chrI	155983	0	0.5	25
	chrI	155985	0	0.5	25
	chrI	155988	1	0.5	25
	chrI	155992	0	0.5	25
	chrI	156017	0	0.5	25
	chrI	156047	0	0.5	25
	chrI	156055	1	0.5	25
	chrI	156063	1	0.5	25
	chrI	156065	1	0.5	25
	chrI	156069	1	0.5	25
	chrI	156080	1	0.5	25
	chrI	156087	0	0.5	25
	chrI	156094	1	0.5	25
	chrI	156096	0	0.5	25
	chrI	156104	0	0.5	25
	chrI	156146	1	0.5	25
	chrI	156155	1	0.5	25
	chrI	156158	1	0.5	25
	chrI	156173	0	0.5	25
	chrI	156188	1	0.5	25
	chrI	156235	1	0.5	25
	chrI	156236	0	0.5	25
	chrI	156255	0	0.5	25
	chrI	156256	0	0.5	25
	chrI	156258	0	0.5	25
	chrI	156301	1	0.5	25
	chrI	156310	0	0.5	25
	chrI	156314	1	0.5	25
	chrI	156339	0	0.5	25
	chrI	156366	1	0.5	25
	chrI	156384	0	0.5	25
	chrI	156409	1	0.5	25
	chrI	156436	0	0.5	25
	chrI	156468	1	0.5	25
	chrI	156480	0	1.0	25
	chrI	156482	0	1.0	25
	chrI	156483	1	0.5	25
	chrI	156484	1	0.5	25
	chrI	156497	0	0.5	25
	chrI	156503	0	0.5	25
	chrI	156526	0	1.0	25
	chrI	156530	0	0.5	25
	chrI	156542	0	0.5	25
	chrI	156550	1	0.5	25
	chrI	156560	0	0.5	25
	chrI	156571	0	0.5	24
	chrI	156574	1	0.5	25
	chrI	156581	1	1.0	25
	chrI	156593	1	0.5	25
	chrI	156601	1	0.5	25
	chrI	156617	1	0.5	25
	chrI	156630	0	0.5	25
	chrI	156655	0	0.5	25
	chrI	156658	1	0.5	25
	chrI	156675	0	0.5	25
	chrI	156676	1	1.0	25
	chrI	156704	1	0.5	25
	chrI	156713	1	0.5	25
	chrI	156721	1	1.0	25
	chrI	156743	1	0.5	25
	chrI	156752	0	0.5	25
	chrI	156758	0	0.5	25
	chrI	156777	0	1.0	25
	chrI	156781	0	0.5	25
	chrI	156790	0	0.5	25
	chrI	156796	0	0.5	25
	chrI	156805	1	0.5	25
	chrI	156817	1	0.5	25
	chrI	156828	1	0.5	25
	chrI	156839	0	0.5	25
	chrI	156849	1	0.5	25
	chrI	156855	0	0.5	25
	chrI	156857	0	0.5	25
	chrI	156883	0	0.5	25
	chrI	156888	1	0.5	25
	chrI	156889	0	1.0	25
	chrI	156891	0	0.5	25
	chrI	156896	0	0.5	25
	chrI	156897	0	0.5	25
	chrI	156902	0	0.5	25
	chrI	156907	1	0.5	25
	chrI	156908	1	0.5	25
	chrI	156922	1	0.5	25
	chrI	156929	0	0.5	25
	chrI	156943	0	0.5	25
	chrI	156946	1	1.0	25
	chrI	156949	1	0.5	25
	chrI	156956	0	0.5	25
	chrI	156956	1	0.5	25
	chrI	156957	1	0.5	25
	chrI	156960	0	0.5	25
	chrI	156964	1	0.5	25
	chrI	156969	1	0.5	25
	chrI	156978	1	0.5	25
	chrI	156981	1	0.5	25
	chrI	156991	0	1.0	25
	chrI	156999	1	0.5	25
	chrI	157023	0	0.5	25
	chrI	157031	0	0.5	25
	chrI	157047	0	0.5	25
	chrI	157051	1	0.5	25
	chrI	157054	0	0.5	25
	chrI	157058	1	1.0	25
	chrI	157062	1	0.5	25
	chrI	157065	0	0.5	25
	chrI	157088	1	0.5	25
	chrI	157099	1	0.5	25
	chrI	157131	1	1.0	25
	chrI	157143	1	0.5	25
	chrI	157167	1	0.5	25
	chrI	157179	0	1.0	25
	chrI	157193	0	0.5	25
	chrI	157202	0	1.0	25
	chrI	157205	0	0.5	25
	chrI	157224	0	0.5	25
	chrI	157226	0	0.5	25
	chrI	157237	1	1.0	25
	chrI	157246	1	0.5	25
	chrI	157247	0	0.5	25
	chrI	157266	0	1.0	25
	chrI	157288	1	0.5	25
	chrI	157291	1	0.5	25
	chrI	157306	1	0.5	25
	chrI	157327	0	0.5	25
	chrI	157342	0	0.5	25
	chrI	157379	1	0.5	25
	chrI	157389	1	0.5	25
	chrI	157390	0	0.5	25
	chrI	157394	1	0.5	25
	chrI	157396	0	0.5	25
	chrI	157397	1	1.0	25
	chrI	157407	0	0.5	25
	chrI	157419	0	0.5	25
	chrI	157423	0	1.0	25
	chrI	157434	1	1.0	25
	chrI	157446	1	0.5	25
	chrI	157457	1	0.5	25
	chrI	157482	1	0.5	25
	chrI	157509	0	0.5	25
	chrI	157517	1	1.0	25
	chrI	157524	0	0.5	25
	chrI	157527	1	0.5	25
	chrI	157533	0	0.5	25
	chrI	157542	1	0.5	25
	chrI	157563	1	0.5	25
	chrI	157582	0	0.5	25
	chrI	157617	1	0.5	25
	chrI	157642	1	0.5	25
	chrI	157669	1	0.5	25
	chrI	157702	0	0.5	25
	chrI	157706	0	1.0	25
	chrI	157718	0	0.5	25
	chrI	157755	1	1.0	25
	chrI	157758	1	0.5	25
	chrI	157763	0	0.5	25
	chrI	157794	0	0.5	25
	chrI	157844	1	0.5	25
	chrI	157856	1	0.5	25
	chrI	157859	0	0.5	25
	chrI	157893	1	0.5	25
	chrI	157903	1	0.5	25
	chrI	157953	0	0.5	25
	chrI	158020	1	0.5	25
	chrI	158034	0	0.5	25
	chrI	158039	0	0.5	25
	chrI	158131	0	1.0	25
	chrI	158143	0	0.5	25
	chrI	158157	0	0.5	25
	chrI	158190	1	1.0	25
	chrI	158209	1	1.0	25
	chrI	158223	1	0.5	25
	chrI	158236	0	0.5	25
	chrI	158253	0	0.5	25
	chrI	158256	0	1.0	25
	chrI	158302	0	0.5	25
	chrI	158303	1	0.5	25
	chrI	158308	1	0.5	25
	chrI	158320	1	0.5	25
	chrI	158385	0	0.5	25
	chrI	158386	1	1.0	25
	chrI	158396	0	1.0	25
	chrI	158442	0	0.5	25
	chrI	158446	1	0.5	25
	chrI	158456	1	1.0	25
	chrI	158464	0	0.5	25
	chrI	158481	1	0.5	25
	chrI	158506	1	0.5	25
	chrI	158519	0	0.5	25
	chrI	158521	1	0.5	25
	chrI	158558	0	0.5	25
	chrI	158570	1	0.5	25
	chrI	158598	0	0.5	25
	chrI	158686	1	0.5	25
	chrI	158704	0	0.5	25
	chrI	158706	0	0.5	25
	chrI	158708	0	0.5	25
	chrI	158716	0	1.0	25
	chrI	158717	0	0.5	25
	chrI	158722	0	1.5	25
	chrI	158727	0	0.5	25
	chrI	158728	0	0.5	25
	chrI	158730	1	0.5	25
	chrI	158731	0	1.5	25
	chrI	158732	0	2.0	25
	chrI	158738	0	3.0	25
	chrI	158739	0	0.5	25
	chrI	158743	0	0.5	25
	chrI	158744	0	1.5	25
	chrI	158748	0	0.5	25
	chrI	158756	1	0.5	25
	chrI	158760	0	0.5	25
	chrI	158772	0	1.0	25
	chrI	158778	0	0.5	25
	chrI	158779	0	0.5	25
	chrI	158782	1	0.5	25
	chrI	158788	1	0.5	25
	chrI	158795	1	1.0	25
	chrI	158796	1	2.0	25
	chrI	158797	0	0.5	25
	chrI	158797	1	1.0	25
	chrI	158804	0	0.5	25
	chrI	158806	1	0.5	25
	chrI	158810	1	2.0	25
	chrI	158811	0	0.5	25
	chrI	158811	1	1.5	25
	chrI	158812	1	1.0	25
	chrI	158813	0	1.0	25
	chrI	158813	1	2.5	25
	chrI	158820	1	0.5	25
	chrI	158822	1	0.5	25
	chrI	158825	1	0.5	25
	chrI	158831	1	2.0	25
	chrI	158832	0	0.5	25
	chrI	158837	1	0.5	25
	chrI	158876	1	0.5	25
	chrI	158890	1	0.5	25
	chrI	158912	0	1.0	25
	chrI	158930	1	0.5	25
	chrI	158931	0	1.5	25
	chrI	158981	1	1.0	25
	chrI	158987	1	1.0	25
	chrI	158988	1	0.5	25
	chrI	158994	0	0.5	25
	chrI	159007	1	1.0	25
	chrI	159010	1	0.5	25
	chrI	159038	0	0.5	25
	chrI	159041	0	0.5	25
	chrI	159066	0	0.5	25
	chrI	159089	1	0.5	25
	chrI	159097	1	0.5	25
	chrI	159107	1	0.5	25
	chrI	159120	1	0.5	25
	chrI	159146	1	0.5	25
	chrI	159170	0	0.5	25
	chrI	159206	0	0.5	25
	chrI	159207	1	0.5	25
	chrI	159272	0	0.5	25
	chrI	159275	0	0.5	25
	chrI	159278	1	0.5	25
	chrI	159305	0	0.5	25
	chrI	159345	1	0.5	25
	chrI	159353	0	1.0	25
	chrI	159357	1	0.5	25
	chrI	159402	0	0.5	25
	chrI	159403	1	0.5	25
	chrI	159449	0	0.5	25
	chrI	159508	0	1.5	25
	chrI	159512	1	1.0	25
	chrI	159513	0	0.5	25
	chrI	159560	1	0.5	25
	chrI	159581	1	0.5	25
	chrI	159583	1	0.5	25
	chrI	159586	0	0.5	25
	chrI	159594	1	1.0	25
	chrI	159595	1	0.5	25
	chrI	159643	0	0.5	25
	chrI	159647	1	0.5	25
	chrI	159718	0	0.5	25
	chrI	159720	1	0.5	25
	chrI	159726	0	0.5	25
	chrI	159727	0	0.5	25
	chrI	159741	0	0.5	25
	chrI	159766	1	0.5	25
	chrI	159770	0	0.5	25
	chrI	159772	0	1.0	25
	chrI	159773	0	0.5	25
	chrI	159808	1	0.5	25
	chrI	159812	1	0.5	25
	chrI	159816	0	0.5	25
	chrI	159820	0	0.5	25
	chrI	159849	0	0.5	25
	chrI	159859	1	0.5	25
	chrI	159864	1	1.0	25
	chrI	159872	0	1.0	25
	chrI	159874	0	0.5	25
	chrI	159889	0	0.5	25
	chrI	159901	0	0.5	25
	chrI	159916	1	0.5	25
	chrI	159918	0	0.5	25
	chrI	159929	1	0.5	25
	chrI	159935	0	1.0	25
	chrI	159935	1	2.0	25
	chrI	159936	0	1.5	25
	chrI	159936	1	0.5	25
	chrI	159941	0	0.5	25
	chrI	159943	1	0.5	25
	chrI	159944	0	0.5	25
	chrI	159949	0	1.0	25
	chrI	159955	1	0.5	25
	chrI	159963	0	0.5	25
	chrI	159964	0	0.5	25
	chrI	159982	1	1.0	25
	chrI	159983	0	0.5	25
	chrI	159984	1	0.5	25
	chrI	159985	1	1.0	25
	chrI	159997	1	0.5	25
	chrI	160016	1	0.5	25
	chrI	160017	0	0.5	25
	chrI	160019	1	0.5	25
	chrI	160020	0	0.5	25
	chrI	160020	1	0.5	25
	chrI	160024	1	0.5	25
	chrI	160029	1	0.5	25
	chrI	160042	1	0.5	25
	chrI	160056	0	0.5	25
	chrI	160063	1	0.5	25
	chrI	160083	0	0.5	25
	chrI	160101	0	1.0	25
	chrI	160105	1	1.0	25
	chrI	160110	0	1.0	25
	chrI	160117	1	0.5	25
	chrI	160135	0	0.5	25
	chrI	160135	1	0.5	25
	chrI	160138	0	0.5	25
	chrI	160148	0	0.5	25
	chrI	160160	0	0.5	25
	chrI	160173	1	0.5	25
	chrI	160186	1	0.5	25
	chrI	160187	0	0.5	25
	chrI	160191	0	0.5	25
	chrI	160191	1	0.5	25
	chrI	160197	0	0.5	25
	chrI	160199	1	0.5	25
	chrI	160202	1	1.0	25
	chrI	160213	1	0.5	25
	chrI	160217	0	0.5	25
	chrI	160217	1	0.5	25
	chrI	160218	0	0.5	25
	chrI	160227	1	0.5	25
	chrI	160253	1	0.5	25
	chrI	160271	1	0.5	25
	chrI	160372	1	1.0	25
	chrI	160407	1	0.5	25
	chrI	161293	0	0.5	25
	chrI	161294	0	1.0	25
	chrI	161300	0	0.5	25
	chrI	161303	0	0.5	25
	chrI	161309	0	0.5	25
	chrI	161316	0	0.5	25
	chrI	161318	0	1.0	25
	chrI	161319	0	0.5	25
	chrI	161320	0	1.0	25
	chrI	161321	0	0.5	23
	chrI	161321	0	0.5	24
	chrI	161321	0	0.5	25
	chrI	161343	1	0.5	25
	chrI	161344	1	1.5	25
	chrI	161345	1	0.5	25
	chrI	161356	1	0.5	25
	chrI	161367	1	0.5	25
	chrI	161371	1	0.5	25
	chrI	161376	1	1.5	25
	chrI	161386	1	0.5	25
	chrI	161399	1	0.5	25
	chrI	161402	0	0.5	24
	chrI	161403	1	0.5	25
	chrI	161411	1	0.5	25
	chrI	161460	1	0.5	24
	chrI	164036	0	0.5	25
	chrI	164111	1	0.5	25
	chrI	165986	0	0.5	25
	chrI	165995	0	0.5	25
	chrI	166078	0	0.5	25
	chrI	166111	0	0.5	25
	chrI	166119	0	0.5	25
	chrI	166143	0	0.5	25
	chrI	166156	0	0.5	25
	chrI	166182	0	1.0	25
	chrI	166185	0	0.5	25
	chrI	166190	0	0.5	25
	chrI	166204	1	0.5	25
	chrI	166207	1	0.5	25
	chrI	166214	0	1.0	25
	chrI	166215	1	0.5	25
	chrI	166217	0	0.5	25
	chrI	166250	1	0.5	25
	chrI	166251	1	0.5	25
	chrI	166253	1	0.5	25
	chrI	166254	1	0.5	25
	chrI	166256	0	0.5	25
	chrI	166266	0	1.5	25
	chrI	166269	0	0.5	25
	chrI	166272	0	0.5	25
	chrI	166279	1	0.5	25
	chrI	166284	0	0.5	25
	chrI	166286	0	0.5	25
	chrI	166291	0	0.5	25
	chrI	166299	1	1.5	25
	chrI	166303	0	0.5	25
	chrI	166304	0	1.0	25
	chrI	166305	0	0.5	25
	chrI	166318	0	0.5	25
	chrI	166342	1	1.0	25
	chrI	166344	1	1.0	25
	chrI	166348	1	0.5	25
	chrI	166361	1	1.0	25
	chrI	166362	1	0.5	25
	chrI	166363	0	0.5	25
	chrI	166363	1	0.5	25
	chrI	166372	1	0.5	25
	chrI	166377	0	0.5	25
	chrI	166377	1	0.5	25
	chrI	166378	0	1.0	25
	chrI	166380	1	0.5	25
	chrI	166382	1	0.5	25
	chrI	166384	1	0.5	25
	chrI	166392	1	0.5	25
	chrI	166426	1	0.5	25
	chrI	166433	0	0.5	25
	chrI	166452	1	0.5	25
	chrI	166458	0	0.5	25
	chrI	166473	0	0.5	25
	chrI	166481	1	0.5	25
	chrI	166496	0	0.5	25
	chrI	166506	1	0.5	25
	chrI	166518	1	0.5	25
	chrI	166524	1	0.5	25
	chrI	166529	1	0.5	25
	chrI	166536	1	0.5	25
	chrI	166580	1	0.5	25
	chrI	166595	1	0.5	25
	chrI	166603	0	0.5	25
	chrI	166606	0	0.5	25
	chrI	166622	0	0.5	25
	chrI	166624	0	0.5	25
	chrI	166631	0	0.5	25
	chrI	166646	0	0.5	25
	chrI	166671	1	0.5	25
	chrI	166675	0	0.5	25
	chrI	166678	1	0.5	25
	chrI	166684	0	0.5	25
	chrI	166686	1	0.5	25
	chrI	166689	0	0.5	25
	chrI	166695	1	0.5	25
	chrI	166729	1	0.5	25
	chrI	166733	0	0.5	25
	chrI	166740	0	0.5	25
	chrI	166741	0	0.5	25
	chrI	166746	0	0.5	25
	chrI	166747	0	0.5	25
	chrI	166759	1	0.5	25
	chrI	166764	1	0.5	25
	chrI	166767	0	0.5	25
	chrI	166768	0	0.5	25
	chrI	166768	1	0.5	25
	chrI	166802	1	0.5	25
	chrI	166806	1	1.0	25
	chrI	166822	1	0.5	25
	chrI	166825	1	0.5	25
	chrI	166827	0	0.5	25
	chrI	166829	1	0.5	25
	chrI	166851	1	0.5	25
	chrI	166853	0	0.5	25
	chrI	166855	1	0.5	25
	chrI	166859	0	0.5	25
	chrI	166873	1	0.5	25
	chrI	166880	0	0.5	25
	chrI	166908	1	0.5	25
	chrI	166912	1	0.5	25
	chrI	166963	0	0.5	25
	chrI	167020	1	0.5	25
	chrI	167021	0	0.5	25
	chrI	167028	0	0.5	25
	chrI	167032	0	1.0	25
	chrI	167037	0	0.5	25
	chrI	167079	1	0.5	25
	chrI	167091	1	0.5	25
	chrI	167108	1	1.0	25
	chrI	167121	0	0.5	25
	chrI	167129	0	0.5	25
	chrI	167129	1	0.5	25
	chrI	167151	0	0.5	25
	chrI	167161	0	0.5	25
	chrI	167192	1	0.5	25
	chrI	167207	1	0.5	25
	chrI	167218	1	0.5	25
	chrI	167225	1	0.5	25
	chrI	167237	1	0.5	25
	chrI	167258	0	0.5	25
	chrI	167259	0	0.5	25
	chrI	167274	0	1.0	25
	chrI	167279	0	0.5	25
	chrI	167313	0	0.5	25
	chrI	167322	1	1.0	25
	chrI	167325	0	1.0	25
	chrI	167330	1	1.0	25
	chrI	167338	1	0.5	25
	chrI	167372	1	0.5	25
	chrI	167376	0	0.5	25
	chrI	167417	1	1.0	25
	chrI	167419	0	0.5	25
	chrI	167436	1	0.5	25
	chrI	167467	0	0.5	25
	chrI	167495	1	0.5	25
	chrI	167509	0	0.5	25
	chrI	167529	1	0.5	25
	chrI	167561	0	0.5	25
	chrI	167565	1	0.5	25
	chrI	167619	1	0.5	25
	chrI	167639	0	0.5	25
	chrI	167665	0	0.5	25
	chrI	167671	0	0.5	25
	chrI	167676	0	0.5	25
	chrI	167686	0	0.5	25
	chrI	167694	1	0.5	25
	chrI	167716	0	0.5	25
	chrI	167738	1	0.5	25
	chrI	167741	1	0.5	25
	chrI	167750	0	1.0	25
	chrI	167762	0	0.5	25
	chrI	167786	1	0.5	25
	chrI	167803	0	1.0	25
	chrI	167808	0	0.5	25
	chrI	167820	1	0.5	25
	chrI	167832	1	1.0	25
	chrI	167862	1	1.0	25
	chrI	167874	1	0.5	25
	chrI	167916	0	0.5	25
	chrI	167926	0	1.0	25
	chrI	167948	1	0.5	25
	chrI	167956	0	0.5	25
	chrI	167962	0	1.0	25
	chrI	167974	0	0.5	25
	chrI	167975	0	0.5	25
	chrI	167995	1	0.5	25
	chrI	168014	0	0.5	25
	chrI	168030	1	1.0	25
	chrI	168034	1	0.5	25
	chrI	168040	1	1.0	25
	chrI	168055	1	1.0	25
	chrI	168068	1	0.5	25
	chrI	168074	0	0.5	25
	chrI	168078	1	0.5	25
	chrI	168085	0	0.5	25
	chrI	168137	1	0.5	25
	chrI	168155	1	0.5	25
	chrI	168184	0	0.5	25
	chrI	168224	0	0.5	25
	chrI	168254	0	0.5	25
	chrI	168273	0	0.5	25
	chrI	168274	0	0.5	25
	chrI	168277	1	0.5	25
	chrI	168282	1	0.5	25
	chrI	168300	0	0.5	25
	chrI	168312	1	0.5	25
	chrI	168347	1	0.5	25
	chrI	168350	0	0.5	25
	chrI	168362	0	0.5	25
	chrI	168367	0	0.5	25
	chrI	168377	1	0.5	25
	chrI	168394	1	0.5	25
	chrI	168397	1	0.5	25
	chrI	168416	1	0.5	25
	chrI	168445	1	0.5	25
	chrI	168513	0	0.5	25
	chrI	168518	0	0.5	25
	chrI	168564	0	0.5	25
	chrI	168565	0	0.5	25
	chrI	168575	0	0.5	25
	chrI	168578	0	1.0	25
	chrI	168580	0	0.5	25
	chrI	168581	1	0.5	25
	chrI	168595	0	0.5	25
	chrI	168605	1	0.5	25
	chrI	168624	0	0.5	25
	chrI	168640	0	0.5	25
	chrI	168640	1	0.5	25
	chrI	168648	1	0.5	25
	chrI	168663	1	1.0	25
	chrI	168667	1	1.0	25
	chrI	168708	0	0.5	25
	chrI	168714	1	0.5	25
	chrI	168720	0	0.5	25
	chrI	168721	1	0.5	25
	chrI	168762	0	0.5	25
	chrI	168769	1	0.5	25
	chrI	168784	0	0.5	25
	chrI	168788	1	0.5	25
	chrI	168838	1	0.5	25
	chrI	168848	1	0.5	25
	chrI	168857	0	0.5	25
	chrI	168893	1	0.5	25
	chrI	168895	0	0.5	25
	chrI	168912	0	0.5	25
	chrI	168925	1	0.5	25
	chrI	168934	0	0.5	25
	chrI	168984	1	0.5	25
	chrI	169002	0	0.5	25
	chrI	169041	0	0.5	25
	chrI	169045	0	0.5	25
	chrI	169046	0	1.0	25
	chrI	169054	0	0.5	25
	chrI	169061	0	0.5	25
	chrI	169062	0	0.5	25
	chrI	169063	1	0.5	25
	chrI	169064	0	1.0	25
	chrI	169069	0	1.0	25
	chrI	169070	0	1.0	25
	chrI	169073	0	0.5	25
	chrI	169077	0	0.5	25
	chrI	169088	0	0.5	25
	chrI	169089	0	0.5	25
	chrI	169100	0	0.5	25
	chrI	169102	1	0.5	25
	chrI	169104	1	1.0	25
	chrI	169113	1	0.5	25
	chrI	169115	0	0.5	25
	chrI	169120	0	1.0	25
	chrI	169120	1	1.0	25
	chrI	169123	0	1.0	25
	chrI	169123	1	0.5	25
	chrI	169124	0	0.5	25
	chrI	169124	1	2.0	25
	chrI	169125	0	1.0	25
	chrI	169125	1	1.0	25
	chrI	169126	0	0.5	25
	chrI	169130	0	1.0	25
	chrI	169130	1	0.5	25
	chrI	169136	1	0.5	25
	chrI	169141	0	0.5	25
	chrI	169142	0	0.5	25
	chrI	169145	0	0.5	25
	chrI	169171	1	0.5	25
	chrI	169183	1	2.0	25
	chrI	169185	0	1.0	25
	chrI	169186	1	0.5	25
	chrI	169188	1	0.5	25
	chrI	169191	1	2.0	25
	chrI	169192	0	0.5	25
	chrI	169192	1	0.5	25
	chrI	169202	1	0.5	25
	chrI	169207	1	0.5	25
	chrI	169210	1	0.5	25
	chrI	169211	1	0.5	25
	chrI	169215	1	0.5	25
	chrI	169217	1	0.5	25
	chrI	169218	1	0.5	25
	chrI	169219	0	0.5	25
	chrI	169220	0	1.0	25
	chrI	169233	1	1.0	25
	chrI	169246	0	0.5	25
	chrI	169267	0	0.5	25
	chrI	169269	1	0.5	25
	chrI	169303	1	0.5	25
	chrI	169313	1	0.5	25
	chrI	169314	1	0.5	25
	chrI	169343	0	0.5	25
	chrI	169349	0	0.5	25
	chrI	169357	0	0.5	25
	chrI	169374	1	0.5	25
	chrI	169380	0	0.5	25
	chrI	169383	0	1.5	25
	chrI	169384	0	0.5	25
	chrI	169386	0	0.5	25
	chrI	169411	0	0.5	25
	chrI	169431	0	0.5	25
	chrI	169431	1	0.5	25
	chrI	169447	1	0.5	25
	chrI	169505	1	1.0	25
	chrI	169507	0	1.0	25
	chrI	169507	1	0.5	25
	chrI	169510	0	0.5	25
	chrI	169521	1	0.5	25
	chrI	169523	1	0.5	25
	chrI	169527	1	0.5	25
	chrI	169541	1	1.0	25
	chrI	169543	1	0.5	25
	chrI	169545	0	0.5	25
	chrI	169547	0	0.5	25
	chrI	169570	1	1.0	25
	chrI	169576	0	0.5	25
	chrI	169599	0	0.5	25
	chrI	169608	1	0.5	25
	chrI	169616	1	0.5	25
	chrI	169620	1	0.5	25
	chrI	169622	0	0.5	25
	chrI	169628	0	0.5	25
	chrI	169631	0	0.5	25
	chrI	169651	1	0.5	25
	chrI	169678	1	0.5	25
	chrI	169692	1	0.5	25
	chrI	169694	1	0.5	25
	chrI	169697	0	0.5	25
	chrI	169705	1	0.5	25
	chrI	169708	1	0.5	25
	chrI	169710	0	0.5	25
	chrI	169711	0	0.5	25
	chrI	169729	0	0.5	25
	chrI	169739	0	0.5	25
	chrI	169762	0	0.5	25
	chrI	169788	1	1.0	25
	chrI	169794	1	0.5	25
	chrI	169802	1	0.5	25
	chrI	169808	0	0.5	25
	chrI	169849	0	0.5	25
	chrI	169879	0	0.5	25
	chrI	169892	1	0.5	25
	chrI	169900	0	0.5	25
	chrI	169919	1	0.5	25
	chrI	169931	0	0.5	25
	chrI	169932	0	1.0	25
	chrI	169946	0	0.5	25
	chrI	169946	1	0.5	25
	chrI	169956	1	0.5	25
	chrI	169989	1	1.0	25
	chrI	169992	1	0.5	25
	chrI	169993	0	1.0	25
	chrI	170023	1	0.5	25
	chrI	170025	0	1.0	25
	chrI	170026	0	0.5	25
	chrI	170032	0	0.5	25
	chrI	170037	1	1.0	25
	chrI	170043	0	0.5	25
	chrI	170074	0	0.5	25
	chrI	170079	1	0.5	25
	chrI	170082	1	0.5	25
	chrI	170120	1	0.5	25
	chrI	170121	1	0.5	25
	chrI	170151	1	0.5	25
	chrI	170153	1	0.5	25
	chrI	170173	1	1.0	25
	chrI	170175	0	1.5	25
	chrI	170187	0	0.5	25
	chrI	170221	0	0.5	25
	chrI	170230	0	0.5	25
	chrI	170250	1	1.5	25
	chrI	170251	0	0.5	25
	chrI	170253	0	0.5	25
	chrI	170281	0	0.5	25
	chrI	170285	0	0.5	25
	chrI	170294	1	0.5	25
	chrI	170301	1	0.5	25
	chrI	170307	1	0.5	25
	chrI	170310	1	0.5	25
	chrI	170322	1	0.5	25
	chrI	170348	1	0.5	25
	chrI	170361	1	0.5	25
	chrI	170376	0	0.5	25
	chrI	170378	0	0.5	25
	chrI	170379	0	0.5	25
	chrI	170403	0	0.5	25
	chrI	170427	0	0.5	25
	chrI	170439	0	0.5	25
	chrI	170448	1	0.5	25
	chrI	170453	1	0.5	25
	chrI	170459	1	1.0	25
	chrI	170461	0	0.5	25
	chrI	170475	0	0.5	25
	chrI	170498	0	0.5	25
	chrI	170505	1	0.5	25
	chrI	170532	1	0.5	25
	chrI	170533	0	0.5	25
	chrI	170560	1	0.5	25
	chrI	170561	0	0.5	25
	chrI	170573	0	0.5	25
	chrI	170586	1	0.5	25
	chrI	170591	1	0.5	25
	chrI	170611	1	0.5	25
	chrI	170648	1	0.5	25
	chrI	170649	0	0.5	25
	chrI	170655	1	0.5	25
	chrI	170668	0	0.5	25
	chrI	170691	0	0.5	25
	chrI	170697	0	0.5	25
	chrI	170705	0	0.5	25
	chrI	170749	0	0.5	25
	chrI	170755	0	1.0	25
	chrI	170758	0	0.5	25
	chrI	170763	1	0.5	25
	chrI	170764	1	0.5	25
	chrI	170765	0	0.5	25
	chrI	170767	1	0.5	25
	chrI	170792	1	0.5	25
	chrI	170824	1	1.0	25
	chrI	170833	1	0.5	25
	chrI	170840	1	0.5	25
	chrI	170845	0	0.5	25
	chrI	170879	0	0.5	25
	chrI	170883	0	0.5	25
	chrI	170925	1	0.5	25
	chrI	170943	1	1.0	25
	chrI	170947	0	0.5	25
	chrI	170963	1	0.5	25
	chrI	170969	0	0.5	25
	chrI	170978	1	0.5	25
	chrI	170990	0	0.5	25
	chrI	171007	1	0.5	25
	chrI	171031	0	0.5	25
	chrI	171031	1	0.5	25
	chrI	171044	1	0.5	25
	chrI	171056	0	0.5	25
	chrI	171066	0	0.5	25
	chrI	171082	1	0.5	25
	chrI	171089	0	0.5	25
	chrI	171095	0	0.5	25
	chrI	171096	0	0.5	25
	chrI	171100	0	0.5	25
	chrI	171119	1	0.5	25
	chrI	171126	1	0.5	25
	chrI	171129	1	0.5	25
	chrI	171146	0	0.5	25
	chrI	171156	0	0.5	25
	chrI	171157	1	0.5	25
	chrI	171173	1	0.5	25
	chrI	171174	0	0.5	25
	chrI	171211	1	0.5	25
	chrI	171231	0	0.5	25
	chrI	171240	0	0.5	25
	chrI	171265	0	0.5	25
	chrI	171267	1	0.5	25
	chrI	171269	0	1.0	25
	chrI	171283	1	0.5	25
	chrI	171286	1	0.5	25
	chrI	171304	1	0.5	25
	chrI	171355	1	0.5	25
	chrI	171357	1	0.5	25
	chrI	171374	0	0.5	25
	chrI	171389	0	0.5	25
	chrI	171406	0	0.5	25
	chrI	171412	0	0.5	25
	chrI	171428	0	0.5	25
	chrI	171429	1	0.5	25
	chrI	171450	0	0.5	25
	chrI	171452	1	1.0	25
	chrI	171465	0	0.5	25
	chrI	171476	0	0.5	25
	chrI	171484	1	0.5	25
	chrI	171507	1	0.5	25
	chrI	171512	1	0.5	25
	chrI	171524	0	0.5	25
	chrI	171534	0	0.5	25
	chrI	171569	1	0.5	25
	chrI	171571	1	0.5	25
	chrI	171575	1	0.5	25
	chrI	171577	0	0.5	25
	chrI	171588	0	0.5	25
	chrI	171595	0	0.5	25
	chrI	171611	0	0.5	25
	chrI	171622	1	0.5	25
	chrI	171624	0	0.5	25
	chrI	171627	0	0.5	25
	chrI	171641	1	0.5	25
	chrI	171645	1	1.0	25
	chrI	171681	0	0.5	25
	chrI	171713	0	0.5	25
	chrI	171716	1	0.5	25
	chrI	171722	0	0.5	25
	chrI	171730	1	0.5	25
	chrI	171731	0	0.5	25
	chrI	171734	0	0.5	25
	chrI	171744	0	0.5	25
	chrI	171758	0	0.5	25
	chrI	171769	0	0.5	25
	chrI	171779	1	0.5	25
	chrI	171782	1	0.5	25
	chrI	171784	1	1.0	25
	chrI	171785	0	1.5	25
	chrI	171786	0	1.5	25
	chrI	171790	0	0.5	25
	chrI	171791	0	0.5	25
	chrI	171792	0	0.5	25
	chrI	171794	1	0.5	25
	chrI	171795	1	0.5	25
	chrI	171804	1	0.5	25
	chrI	171816	0	1.5	25
	chrI	171820	1	0.5	25
	chrI	171824	1	0.5	25
	chrI	171826	0	0.5	25
	chrI	171832	0	0.5	25
	chrI	171832	1	0.5	25
	chrI	171836	0	0.5	24
	chrI	171836	0	0.5	25
	chrI	171836	1	0.5	25
	chrI	171838	1	0.5	25
	chrI	171844	1	1.0	25
	chrI	171845	1	0.5	25
	chrI	171846	1	0.5	25
	chrI	171851	0	0.5	25
	chrI	171858	1	0.5	25
	chrI	171861	0	0.5	25
	chrI	171865	0	0.5	25
	chrI	171865	1	0.5	25
	chrI	171866	1	1.0	25
	chrI	171867	1	1.5	25
	chrI	171901	0	0.5	25
	chrI	171901	1	0.5	25
	chrI	171914	1	0.5	25
	chrI	171916	1	0.5	25
	chrI	171924	1	1.5	25
	chrI	171937	1	0.5	25
	chrI	171961	1	0.5	25
	chrI	171967	0	0.5	25
	chrI	171981	0	0.5	25
	chrI	172000	0	0.5	25
	chrI	172005	0	1.0	25
	chrI	172028	0	0.5	25
	chrI	172034	1	0.5	25
	chrI	172046	0	2.0	25
	chrI	172054	1	0.5	25
	chrI	172064	0	0.5	25
	chrI	172082	1	0.5	25
	chrI	172090	1	1.0	25
	chrI	172122	1	0.5	25
	chrI	172134	1	0.5	25
	chrI	172142	1	1.0	25
	chrI	172158	0	0.5	25
	chrI	172160	0	0.5	25
	chrI	172178	1	0.5	25
	chrI	172182	1	0.5	25
	chrI	172203	0	0.5	25
	chrI	172207	0	0.5	25
	chrI	172207	1	0.5	25
	chrI	172223	0	0.5	25
	chrI	172230	0	0.5	25
	chrI	172272	1	0.5	25
	chrI	172292	1	0.5	25
	chrI	172306	1	0.5	25
	chrI	172316	0	0.5	25
	chrI	172317	0	0.5	25
	chrI	172353	0	0.5	25
	chrI	172387	1	0.5	25
	chrI	172397	0	0.5	25
	chrI	172409	1	0.5	25
	chrI	172410	1	0.5	25
	chrI	172414	0	0.5	25
	chrI	172460	0	0.5	25
	chrI	172468	1	0.5	25
	chrI	172474	0	0.5	25
	chrI	172510	0	0.5	25
	chrI	172522	1	0.5	25
	chrI	172533	1	1.0	25
	chrI	172556	1	0.5	25
	chrI	172558	0	0.5	25
	chrI	172564	0	0.5	25
	chrI	172566	0	0.5	25
	chrI	172584	1	0.5	25
	chrI	172593	0	0.5	25
	chrI	172595	0	0.5	25
	chrI	172626	0	0.5	25
	chrI	172642	0	0.5	25
	chrI	172645	1	0.5	25
	chrI	172653	1	0.5	25
	chrI	172658	0	0.5	25
	chrI	172661	1	0.5	25
	chrI	172664	1	0.5	25
	chrI	172671	1	0.5	25
	chrI	172693	1	0.5	25
	chrI	172694	0	0.5	25
	chrI	172697	0	0.5	25
	chrI	172704	0	0.5	25
	chrI	172714	1	0.5	25
	chrI	172736	1	0.5	25
	chrI	172747	1	0.5	25
	chrI	172750	1	0.5	25
	chrI	172752	0	0.5	25
	chrI	172755	1	0.5	25
	chrI	172770	1	0.5	25
	chrI	172772	0	0.5	25
	chrI	172825	0	0.5	25
	chrI	172845	1	0.5	25
	chrI	172850	1	0.5	25
	chrI	172855	0	0.5	25
	chrI	172885	0	1.0	25
	chrI	172894	1	0.5	25
	chrI	172901	1	0.5	25
	chrI	172907	0	0.5	25
	chrI	172926	0	0.5	25
	chrI	172942	0	0.5	25
	chrI	172955	0	0.5	25
	chrI	172963	1	0.5	25
	chrI	172979	0	0.5	25
	chrI	172989	0	1.0	25
	chrI	172989	1	0.5	25
	chrI	172996	1	0.5	25
	chrI	173006	0	0.5	25
	chrI	173018	0	1.5	25
	chrI	173022	0	0.5	25
	chrI	173030	1	0.5	25
	chrI	173050	1	0.5	25
	chrI	173051	0	0.5	25
	chrI	173056	0	0.5	25
	chrI	173069	1	1.5	25
	chrI	173074	0	0.5	25
	chrI	173099	1	1.0	25
	chrI	173104	1	0.5	25
	chrI	173105	1	0.5	25
	chrI	173126	1	0.5	25
	chrI	173128	1	0.5	25
	chrI	173138	1	0.5	24
	chrI	173139	1	0.5	25
	chrI	173146	0	0.5	25
	chrI	173219	1	0.5	25
	chrI	173220	1	0.5	25
	chrI	173223	0	0.5	25
	chrI	173234	0	0.5	25
	chrI	173301	1	0.5	25
	chrI	173317	1	0.5	25
	chrI	173379	0	0.5	25
	chrI	173400	0	0.5	25
	chrI	173420	0	0.5	25
	chrI	173426	0	1.0	25
	chrI	173442	1	0.5	25
	chrI	173446	0	0.5	25
	chrI	173452	0	1.0	25
	chrI	173464	0	0.5	25
	chrI	173475	0	0.5	25
	chrI	173477	1	0.5	25
	chrI	173484	0	0.5	25
	chrI	173522	1	0.5	25
	chrI	173526	0	0.5	25
	chrI	173526	1	0.5	25
	chrI	173527	0	1.5	25
	chrI	173528	1	1.0	25
	chrI	173529	0	0.5	25
	chrI	173530	0	0.5	25
	chrI	173531	0	0.5	25
	chrI	173531	1	1.0	25
	chrI	173534	0	0.5	25
	chrI	173546	1	0.5	25
	chrI	173552	0	0.5	25
	chrI	173558	1	0.5	25
	chrI	173567	1	0.5	25
	chrI	173578	0	0.5	25
	chrI	173580	1	0.5	25
	chrI	173585	1	0.5	25
	chrI	173591	1	0.5	25
	chrI	173597	1	0.5	25
	chrI	173612	0	0.5	25
	chrI	173634	1	0.5	25
	chrI	173649	1	0.5	25
	chrI	173686	1	0.5	25
	chrI	173687	0	0.5	25
	chrI	173690	0	0.5	25
	chrI	173700	1	0.5	25
	chrI	173703	0	0.5	25
	chrI	173709	0	1.0	25
	chrI	173719	0	0.5	25
	chrI	173726	0	0.5	25
	chrI	173733	1	0.5	25
	chrI	173743	1	0.5	25
	chrI	173764	1	1.5	25
	chrI	173777	1	0.5	25
	chrI	173785	0	0.5	25
	chrI	173870	1	0.5	25
	chrI	173873	1	0.5	25
	chrI	173876	1	1.0	25
	chrI	173878	0	0.5	25
	chrI	173922	1	0.5	25
	chrI	173962	0	0.5	25
	chrI	173980	0	0.5	25
	chrI	173999	0	0.5	25
	chrI	174006	0	1.0	25
	chrI	174028	1	1.0	25
	chrI	174030	1	0.5	25
	chrI	174066	0	0.5	25
	chrI	174088	1	0.5	25
	chrI	174132	1	1.0	25
	chrI	174256	0	0.5	25
	chrI	174269	0	1.0	25
	chrI	174317	1	0.5	25
	chrI	174330	0	0.5	25
	chrI	174366	1	1.0	25
	chrI	174368	0	0.5	25
	chrI	174384	1	0.5	25
	chrI	174389	1	0.5	25
	chrI	174390	0	1.0	25
	chrI	174408	0	0.5	25
	chrI	174427	1	0.5	25
	chrI	174455	0	0.5	25
	chrI	174456	0	0.5	25
	chrI	174497	1	0.5	25
	chrI	174516	0	0.5	25
	chrI	174525	0	1.0	25
	chrI	174529	0	0.5	25
	chrI	174547	1	1.0	25
	chrI	174572	0	0.5	25
	chrI	174575	0	0.5	25
	chrI	174590	0	0.5	25
	chrI	174607	1	0.5	25
	chrI	174625	1	0.5	25
	chrI	174626	1	0.5	25
	chrI	174649	1	0.5	25
	chrI	174650	1	0.5	25
	chrI	174656	1	0.5	25
	chrI	174685	1	0.5	25
	chrI	174746	0	0.5	25
	chrI	174753	0	0.5	25
	chrI	174759	1	0.5	25
	chrI	174772	0	0.5	25
	chrI	174782	0	0.5	25
	chrI	174791	0	0.5	25
	chrI	174805	0	0.5	25
	chrI	174807	1	0.5	25
	chrI	174809	1	0.5	25
	chrI	174812	0	0.5	25
	chrI	174832	1	0.5	25
	chrI	174843	1	0.5	25
	chrI	174848	1	0.5	25
	chrI	174856	1	0.5	25
	chrI	174858	1	0.5	25
	chrI	174874	0	0.5	25
	chrI	174890	1	0.5	25
	chrI	174893	0	0.5	25
	chrI	174899	0	0.5	25
	chrI	174910	0	0.5	25
	chrI	174914	0	0.5	25
	chrI	174934	1	0.5	25
	chrI	174945	0	0.5	25
	chrI	174967	0	0.5	25
	chrI	174977	1	1.0	25
	chrI	174978	0	0.5	25
	chrI	174987	0	0.5	25
	chrI	175014	1	0.5	25
	chrI	175015	0	0.5	25
	chrI	175029	1	0.5	25
	chrI	175031	0	0.5	25
	chrI	175043	1	0.5	25
	chrI	175044	0	1.0	25
	chrI	175050	1	0.5	25
	chrI	175057	0	0.5	25
	chrI	175065	0	0.5	25
	chrI	175072	0	0.5	25
	chrI	175110	0	1.0	25
	chrI	175112	0	0.5	25
	chrI	175113	1	0.5	25
	chrI	175139	0	0.5	25
	chrI	175174	0	0.5	25
	chrI	175177	1	0.5	25
	chrI	175181	1	0.5	25
	chrI	175185	1	0.5	25
	chrI	175193	0	0.5	25
	chrI	175199	0	0.5	25
	chrI	175201	1	0.5	25
	chrI	175202	0	0.5	25
	chrI	175202	1	0.5	25
	chrI	175203	0	1.0	25
	chrI	175203	1	0.5	25
	chrI	175205	0	0.5	25
	chrI	175206	0	0.5	25
	chrI	175209	0	1.5	25
	chrI	175216	1	0.5	25
	chrI	175217	0	0.5	25
	chrI	175220	0	0.5	25
	chrI	175221	0	0.5	25
	chrI	175225	0	0.5	25
	chrI	175235	1	1.0	25
	chrI	175236	0	1.5	25
	chrI	175236	1	0.5	25
	chrI	175237	0	0.5	25
	chrI	175238	0	1.0	25
	chrI	175244	0	1.0	25
	chrI	175244	1	0.5	25
	chrI	175245	1	0.5	25
	chrI	175252	1	0.5	25
	chrI	175253	0	0.5	25
	chrI	175270	1	0.5	25
	chrI	175273	1	0.5	25
	chrI	175275	1	1.0	25
	chrI	175282	1	0.5	25
	chrI	175284	0	0.5	25
	chrI	175287	1	1.0	25
	chrI	175288	1	0.5	25
	chrI	175289	1	2.0	25
	chrI	175290	1	0.5	25
	chrI	175291	1	1.0	25
	chrI	175292	0	0.5	25
	chrI	175293	0	0.5	25
	chrI	175293	1	0.5	25
	chrI	175303	0	0.5	25
	chrI	175329	0	0.5	25
	chrI	175332	1	1.0	25
	chrI	175334	1	0.5	25
	chrI	175341	1	0.5	25
	chrI	175368	0	1.0	25
	chrI	175384	1	0.5	25
	chrI	175403	1	0.5	25
	chrI	175404	0	0.5	25
	chrI	175407	0	1.0	25
	chrI	175408	1	0.5	25
	chrI	175411	1	0.5	25
	chrI	175413	1	0.5	25
	chrI	175414	0	1.0	25
	chrI	175417	0	0.5	25
	chrI	175427	1	1.0	25
	chrI	175446	1	0.5	25
	chrI	175453	1	0.5	25
	chrI	175470	0	0.5	25
	chrI	175470	1	0.5	25
	chrI	175490	1	0.5	25
	chrI	175492	0	0.5	25
	chrI	175499	0	0.5	25
	chrI	175502	1	0.5	24
	chrI	175502	1	0.5	25
	chrI	175508	1	0.5	25
	chrI	175530	0	0.5	25
	chrI	175539	0	1.0	25
	chrI	175562	0	0.5	25
	chrI	175563	0	0.5	25
	chrI	175574	1	0.5	25
	chrI	175577	1	1.0	25
	chrI	175579	1	0.5	25
	chrI	175581	0	0.5	25
	chrI	175590	1	0.5	25
	chrI	175592	0	1.0	25
	chrI	175595	1	1.0	25
	chrI	175599	0	1.5	25
	chrI	175603	0	0.5	25
	chrI	175612	1	0.5	25
	chrI	175623	1	0.5	25
	chrI	175642	1	0.5	25
	chrI	175644	1	0.5	25
	chrI	175664	0	0.5	25
	chrI	175664	1	0.5	25
	chrI	175669	1	1.0	25
	chrI	175682	0	0.5	25
	chrI	175685	0	0.5	25
	chrI	175707	0	0.5	25
	chrI	175718	1	0.5	25
	chrI	175743	1	0.5	25
	chrI	175750	1	0.5	25
	chrI	175751	0	0.5	25
	chrI	175766	1	0.5	25
	chrI	175773	1	1.5	25
	chrI	175785	0	0.5	25
	chrI	175819	1	0.5	25
	chrI	175841	0	0.5	25
	chrI	175846	1	0.5	25
	chrI	175862	0	0.5	25
	chrI	175872	1	0.5	25
	chrI	175876	0	0.5	25
	chrI	175881	0	0.5	25
	chrI	175906	1	0.5	25
	chrI	175909	0	1.0	25
	chrI	175923	0	0.5	25
	chrI	175942	0	0.5	25
	chrI	175943	0	0.5	25
	chrI	175954	1	0.5	25
	chrI	175964	0	0.5	25
	chrI	175965	0	0.5	25
	chrI	176004	0	0.5	25
	chrI	176012	1	0.5	25
	chrI	176015	1	0.5	25
	chrI	176017	1	0.5	25
	chrI	176034	1	0.5	25
	chrI	176040	1	0.5	25
	chrI	176044	0	0.5	25
	chrI	176045	0	0.5	25
	chrI	176047	0	1.0	25
	chrI	176052	1	0.5	25
	chrI	176058	0	0.5	25
	chrI	176066	1	1.0	25
	chrI	176070	0	0.5	25
	chrI	176080	0	0.5	25
	chrI	176082	0	0.5	25
	chrI	176092	0	0.5	25
	chrI	176123	0	0.5	25
	chrI	176130	1	0.5	25
	chrI	176144	1	0.5	25
	chrI	176145	1	1.0	25
	chrI	176146	0	0.5	25
	chrI	176151	0	0.5	25
	chrI	176168	0	1.5	25
	chrI	176169	1	0.5	25
	chrI	176174	0	0.5	25
	chrI	176190	0	0.5	25
	chrI	176191	0	0.5	25
	chrI	176197	1	0.5	25
	chrI	176204	0	0.5	25
	chrI	176205	1	0.5	25
	chrI	176210	1	0.5	25
	chrI	176214	0	0.5	25
	chrI	176218	1	0.5	25
	chrI	176223	1	0.5	25
	chrI	176239	0	0.5	25
	chrI	176249	1	0.5	25
	chrI	176250	0	0.5	25
	chrI	176250	1	0.5	25
	chrI	176251	0	1.0	25
	chrI	176253	0	0.5	25
	chrI	176254	1	0.5	25
	chrI	176261	1	1.0	25
	chrI	176270	0	0.5	25
	chrI	176272	1	1.0	25
	chrI	176273	0	0.5	25
	chrI	176273	1	0.5	25
	chrI	176282	0	1.0	25
	chrI	176284	1	0.5	25
	chrI	176292	0	0.5	25
	chrI	176294	1	0.5	25
	chrI	176313	1	0.5	25
	chrI	176329	1	0.5	25
	chrI	176333	1	1.0	25
	chrI	176335	0	0.5	25
	chrI	176341	1	1.5	25
	chrI	176342	0	0.5	25
	chrI	176345	0	0.5	25
	chrI	176353	0	0.5	25
	chrI	176362	0	0.5	25
	chrI	176364	0	0.5	25
	chrI	176371	1	0.5	25
	chrI	176377	0	0.5	25
	chrI	176384	0	0.5	25
	chrI	176395	0	0.5	25
	chrI	176406	1	0.5	25
	chrI	176408	1	0.5	25
	chrI	176409	1	0.5	25
	chrI	176413	0	1.5	25
	chrI	176414	0	0.5	25
	chrI	176416	0	0.5	25
	chrI	176419	0	0.5	25
	chrI	176431	0	1.0	25
	chrI	176434	0	1.0	25
	chrI	176439	0	0.5	25
	chrI	176441	0	0.5	25
	chrI	176443	1	1.0	25
	chrI	176444	1	0.5	25
	chrI	176450	0	0.5	25
	chrI	176452	0	1.0	25
	chrI	176456	1	0.5	25
	chrI	176462	0	0.5	25
	chrI	176467	1	0.5	25
	chrI	176472	1	1.0	25
	chrI	176474	1	0.5	25
	chrI	176479	1	0.5	25
	chrI	176482	1	1.0	25
	chrI	176485	0	0.5	25
	chrI	176485	1	0.5	25
	chrI	176494	1	2.5	25
	chrI	176499	1	1.0	25
	chrI	176508	1	0.5	25
	chrI	176510	1	0.5	25
	chrI	176513	0	0.5	25
	chrI	176527	0	0.5	25
	chrI	176532	1	0.5	25
	chrI	176533	1	1.0	25
	chrI	176536	0	0.5	25
	chrI	176538	1	0.5	25
	chrI	176540	0	0.5	25
	chrI	176551	0	0.5	25
	chrI	176559	1	0.5	25
	chrI	176572	1	0.5	25
	chrI	176577	0	0.5	25
	chrI	176593	1	0.5	25
	chrI	176625	1	0.5	25
	chrI	176643	1	0.5	25
	chrI	176648	1	0.5	25
	chrI	176649	1	0.5	25
	chrI	176652	0	0.5	25
	chrI	176657	0	0.5	25
	chrI	176661	0	1.0	25
	chrI	176719	0	0.5	25
	chrI	176725	1	0.5	25
	chrI	176781	1	0.5	25
	chrI	176785	0	0.5	25
	chrI	176801	0	0.5	25
	chrI	176857	1	1.0	25
	chrI	176868	1	0.5	25
	chrI	176954	1	0.5	25
	chrI	176958	0	0.5	25
	chrI	177002	1	0.5	25
	chrI	177013	0	0.5	25
	chrI	177023	1	0.5	25
	chrI	177039	0	1.0	25
	chrI	177046	0	1.0	25
	chrI	177053	0	1.0	25
	chrI	177068	1	0.5	25
	chrI	177070	0	0.5	25
	chrI	177092	0	0.5	25
	chrI	177122	1	1.0	25
	chrI	177124	1	0.5	25
	chrI	177126	1	0.5	25
	chrI	177128	0	0.5	25
	chrI	177131	0	0.5	25
	chrI	177132	0	0.5	25
	chrI	177153	1	0.5	25
	chrI	177201	1	0.5	25
	chrI	177219	0	0.5	25
	chrI	177227	1	0.5	25
	chrI	177233	1	0.5	25
	chrI	177244	1	0.5	25
	chrI	177266	0	0.5	25
	chrI	177272	0	1.0	25
	chrI	177273	0	0.5	25
	chrI	177274	0	0.5	25
	chrI	177283	1	0.5	25
	chrI	177289	0	1.0	25
	chrI	177303	1	0.5	25
	chrI	177305	1	0.5	25
	chrI	177315	0	0.5	25
	chrI	177333	1	1.0	25
	chrI	177348	1	1.0	25
	chrI	177349	0	0.5	25
	chrI	177350	0	0.5	25
	chrI	177351	0	1.0	25
	chrI	177375	1	1.0	25
	chrI	177399	0	0.5	25
	chrI	177399	1	1.0	25
	chrI	177410	0	0.5	25
	chrI	177417	0	0.5	25
	chrI	177418	0	0.5	25
	chrI	177426	0	0.5	25
	chrI	177434	0	0.5	25
	chrI	177440	1	0.5	25
	chrI	177441	0	1.0	25
	chrI	177449	0	0.5	25
	chrI	177451	1	0.5	25
	chrI	177452	0	1.5	25
	chrI	177467	1	0.5	25
	chrI	177471	1	0.5	25
	chrI	177480	0	0.5	25
	chrI	177480	1	0.5	25
	chrI	177483	1	0.5	25
	chrI	177487	0	0.5	25
	chrI	177495	1	0.5	25
	chrI	177496	1	0.5	25
	chrI	177509	1	1.0	25
	chrI	177510	1	1.5	25
	chrI	177511	0	1.0	25
	chrI	177511	1	0.5	25
	chrI	177535	1	0.5	25
	chrI	177543	0	0.5	25
	chrI	177557	1	0.5	25
	chrI	177591	1	1.0	25
	chrI	177611	1	0.5	25
	chrI	177641	1	0.5	25
	chrI	177670	0	0.5	25
	chrI	177672	0	0.5	25
	chrI	177675	0	0.5	25
	chrI	177679	1	0.5	25
	chrI	177694	0	0.5	25
	chrI	177718	1	0.5	25
	chrI	177719	0	0.5	25
	chrI	177742	1	0.5	25
	chrI	177755	1	0.5	25
	chrI	177780	0	0.5	25
	chrI	177780	1	0.5	25
	chrI	177795	0	0.5	25
	chrI	177819	0	2.0	25
	chrI	177826	0	0.5	25
	chrI	177838	1	0.5	25
	chrI	177839	0	0.5	25
	chrI	177865	1	0.5	25
	chrI	177868	1	0.5	25
	chrI	177893	1	1.0	25
	chrI	177913	1	1.0	25
	chrI	177915	0	0.5	25
	chrI	177923	0	1.0	25
	chrI	177941	0	0.5	25
	chrI	177948	0	0.5	25
	chrI	177950	1	1.0	25
	chrI	177956	0	0.5	25
	chrI	177962	0	0.5	25
	chrI	177982	1	0.5	25
	chrI	177989	1	0.5	25
	chrI	178016	0	0.5	25
	chrI	178021	0	1.0	25
	chrI	178031	1	0.5	25
	chrI	178036	1	0.5	25
	chrI	178039	1	0.5	25
	chrI	178049	0	0.5	25
	chrI	178053	0	0.5	25
	chrI	178062	1	0.5	25
	chrI	178081	0	0.5	25
	chrI	178086	1	0.5	25
	chrI	178102	1	0.5	25
	chrI	178123	1	0.5	25
	chrI	178126	1	1.0	25
	chrI	178138	0	0.5	25
	chrI	178146	0	0.5	25
	chrI	178147	1	0.5	25
	chrI	178154	1	0.5	25
	chrI	178211	0	0.5	25
	chrI	178220	1	0.5	25
	chrI	178229	0	0.5	25
	chrI	178238	1	0.5	25
	chrI	178256	0	0.5	25
	chrI	178279	1	0.5	25
	chrI	178288	0	0.5	25
	chrI	178297	0	0.5	25
	chrI	178312	1	0.5	25
	chrI	178313	0	0.5	25
	chrI	178316	0	0.5	25
	chrI	178323	1	0.5	25
	chrI	178367	1	0.5	25
	chrI	178378	1	0.5	25
	chrI	178432	0	0.5	25
	chrI	178433	1	0.5	25
	chrI	178471	1	0.5	25
	chrI	178480	0	0.5	25
	chrI	178492	0	1.5	25
	chrI	178511	0	0.5	25
	chrI	178513	0	0.5	25
	chrI	178515	0	0.5	25
	chrI	178529	1	0.5	25
	chrI	178538	0	0.5	25
	chrI	178543	1	0.5	25
	chrI	178544	1	0.5	25
	chrI	178567	0	0.5	25
	chrI	178576	1	0.5	25
	chrI	178587	1	0.5	25
	chrI	178603	1	0.5	25
	chrI	178619	0	0.5	25
	chrI	178633	1	1.5	25
	chrI	178634	0	1.0	25
	chrI	178646	0	0.5	25
	chrI	178691	1	0.5	25
	chrI	178698	1	0.5	25
	chrI	178701	1	0.5	25
	chrI	178718	1	0.5	25
	chrI	178726	0	0.5	25
	chrI	178739	0	0.5	25
	chrI	178770	0	0.5	25
	chrI	178779	1	0.5	25
	chrI	178806	0	0.5	25
	chrI	178824	1	0.5	25
	chrI	178862	1	0.5	25
	chrI	178882	1	0.5	25
	chrI	178949	1	0.5	25
	chrI	178953	0	0.5	25
	chrI	178954	0	0.5	25
	chrI	178986	0	0.5	25
	chrI	178989	0	0.5	25
	chrI	179012	0	0.5	25
	chrI	179019	1	0.5	25
	chrI	179021	0	0.5	25
	chrI	179030	1	0.5	25
	chrI	179038	1	0.5	25
	chrI	179100	0	0.5	25
	chrI	179102	0	0.5	25
	chrI	179109	1	0.5	25
	chrI	179118	1	0.5	25
	chrI	179163	1	0.5	25
	chrI	179165	1	0.5	25
	chrI	179168	0	0.5	25
	chrI	179176	0	0.5	25
	chrI	179189	1	0.5	25
	chrI	179204	0	0.5	25
	chrI	179224	0	0.5	25
	chrI	179237	1	0.5	25
	chrI	179244	0	0.5	25
	chrI	179260	0	0.5	25
	chrI	179278	1	0.5	25
	chrI	179299	1	0.5	25
	chrI	179307	1	0.5	25
	chrI	179315	1	0.5	25
	chrI	179318	0	1.0	25
	chrI	179322	1	0.5	25
	chrI	179339	0	0.5	25
	chrI	179364	0	0.5	25
	chrI	179371	1	1.0	25
	chrI	179394	0	0.5	25
	chrI	179406	0	0.5	25
	chrI	179417	1	0.5	25
	chrI	179446	0	0.5	25
	chrI	179447	0	0.5	25
	chrI	179448	0	0.5	25
	chrI	179471	1	0.5	25
	chrI	179483	1	0.5	25
	chrI	179484	1	0.5	25
	chrI	179509	1	0.5	25
	chrI	179536	0	0.5	25
	chrI	179540	1	0.5	25
	chrI	179542	0	0.5	25
	chrI	179556	1	0.5	25
	chrI	179561	0	0.5	25
	chrI	179576	1	0.5	25
	chrI	179611	1	0.5	25
	chrI	179612	0	1.0	25
	chrI	179624	0	0.5	25
	chrI	179624	1	0.5	25
	chrI	179661	1	0.5	25
	chrI	179684	0	0.5	25
	chrI	179686	0	0.5	25
	chrI	179699	1	0.5	25
	chrI	179710	0	1.0	25
	chrI	179712	0	0.5	25
	chrI	179738	0	0.5	25
	chrI	179754	1	0.5	25
	chrI	179755	0	0.5	25
	chrI	179768	1	0.5	25
	chrI	179769	1	0.5	25
	chrI	179773	1	0.5	25
	chrI	179788	1	0.5	25
	chrI	179791	1	0.5	25
	chrI	179799	1	0.5	25
	chrI	179833	1	0.5	25
	chrI	179848	0	0.5	25
	chrI	179849	0	0.5	25
	chrI	179882	0	0.5	25
	chrI	179920	0	0.5	25
	chrI	179933	1	0.5	25
	chrI	179977	1	0.5	25
	chrI	179994	0	0.5	25
	chrI	180010	0	0.5	25
	chrI	180028	0	0.5	25
	chrI	180059	1	0.5	25
	chrI	180064	1	1.0	25
	chrI	180065	0	1.0	25
	chrI	180090	0	0.5	25
	chrI	180098	0	0.5	25
	chrI	180107	1	0.5	25
	chrI	180108	1	0.5	25
	chrI	180130	0	0.5	25
	chrI	180139	1	0.5	25
	chrI	180141	0	0.5	25
	chrI	180151	0	0.5	25
	chrI	180152	1	0.5	25
	chrI	180158	0	0.5	25
	chrI	180178	1	0.5	25
	chrI	180181	0	0.5	25
	chrI	180189	1	0.5	25
	chrI	180195	0	0.5	25
	chrI	180197	1	0.5	25
	chrI	180205	1	0.5	25
	chrI	180209	1	0.5	25
	chrI	180212	0	1.0	25
	chrI	180232	0	0.5	25
	chrI	180234	1	0.5	25
	chrI	180247	0	0.5	25
	chrI	180291	0	0.5	25
	chrI	180311	0	0.5	25
	chrI	180312	1	0.5	25
	chrI	180318	1	0.5	25
	chrI	180320	1	0.5	25
	chrI	180323	0	0.5	25
	chrI	180324	0	0.5	25
	chrI	180343	1	0.5	25
	chrI	180344	0	0.5	25
	chrI	180347	1	1.0	25
	chrI	180360	1	0.5	25
	chrI	180370	1	0.5	25
	chrI	180373	0	0.5	25
	chrI	180380	1	0.5	25
	chrI	180400	0	0.5	25
	chrI	180408	1	0.5	25
	chrI	180415	0	0.5	25
	chrI	180418	1	0.5	25
	chrI	180419	0	0.5	25
	chrI	180437	0	1.5	25
	chrI	180457	1	0.5	25
	chrI	180470	1	0.5	25
	chrI	180484	1	0.5	25
	chrI	180494	0	0.5	25
	chrI	180503	1	1.5	25
	chrI	180507	0	0.5	25
	chrI	180524	0	0.5	25
	chrI	180537	0	0.5	25
	chrI	180562	1	0.5	25
	chrI	180566	1	0.5	25
	chrI	180579	1	0.5	25
	chrI	180587	0	1.0	25
	chrI	180588	1	0.5	25
	chrI	180600	1	0.5	25
	chrI	180613	0	0.5	25
	chrI	180618	0	0.5	25
	chrI	180660	1	0.5	25
	chrI	180661	1	0.5	25
	chrI	180674	0	0.5	25
	chrI	180688	1	0.5	25
	chrI	180708	0	1.5	25
	chrI	180713	0	0.5	25
	chrI	180732	0	1.0	25
	chrI	180736	0	1.0	25
	chrI	180746	1	0.5	25
	chrI	180749	0	0.5	25
	chrI	180767	0	0.5	25
	chrI	180788	1	0.5	25
	chrI	180793	1	0.5	25
	chrI	180794	1	1.5	25
	chrI	180799	0	0.5	25
	chrI	180803	1	1.0	25
	chrI	180840	1	0.5	25
	chrI	180848	1	0.5	25
	chrI	180867	0	2.0	25
	chrI	180868	0	0.5	25
	chrI	180872	0	0.5	25
	chrI	180873	0	0.5	25
	chrI	180874	0	0.5	25
	chrI	180898	0	0.5	25
	chrI	180900	1	0.5	25
	chrI	180904	0	0.5	25
	chrI	180913	0	0.5	25
	chrI	180932	1	0.5	25
	chrI	180933	1	0.5	25
	chrI	180943	1	0.5	25
	chrI	180948	0	0.5	25
	chrI	180948	1	0.5	25
	chrI	180961	1	0.5	25
	chrI	180962	0	0.5	25
	chrI	180994	0	0.5	25
	chrI	181007	1	0.5	25
	chrI	181039	1	0.5	25
	chrI	181041	0	0.5	25
	chrI	181048	1	0.5	25
	chrI	181051	0	1.5	25
	chrI	181052	0	0.5	25
	chrI	181052	1	1.5	25
	chrI	181054	1	0.5	25
	chrI	181055	0	2.0	25
	chrI	181056	0	0.5	25
	chrI	181059	1	0.5	25
	chrI	181070	1	0.5	25
	chrI	181071	0	0.5	25
	chrI	181071	1	0.5	25
	chrI	181072	0	1.0	25
	chrI	181082	1	0.5	25
	chrI	181083	0	0.5	25
	chrI	181083	1	0.5	25
	chrI	181084	0	0.5	25
	chrI	181086	0	1.0	25
	chrI	181117	0	0.5	25
	chrI	181125	1	0.5	25
	chrI	181137	0	1.0	25
	chrI	181137	1	0.5	25
	chrI	181140	1	0.5	25
	chrI	181147	1	0.5	25
	chrI	181161	1	1.5	25
	chrI	181162	1	0.5	25
	chrI	181172	1	0.5	25
	chrI	181173	0	0.5	25
	chrI	181176	0	0.5	25
	chrI	181177	1	0.5	25
	chrI	181187	0	0.5	25
	chrI	181194	1	0.5	25
	chrI	181202	0	0.5	25
	chrI	181210	0	1.0	25
	chrI	181217	0	0.5	25
	chrI	181218	0	0.5	25
	chrI	181224	0	1.5	25
	chrI	181237	1	1.0	25
	chrI	181239	1	0.5	25
	chrI	181247	0	1.5	25
	chrI	181253	0	0.5	25
	chrI	181255	0	1.0	25
	chrI	181259	0	0.5	25
	chrI	181262	1	0.5	25
	chrI	181268	1	0.5	25
	chrI	181275	1	5.0	25
	chrI	181276	0	1.5	25
	chrI	181276	1	1.0	25
	chrI	181277	0	1.0	25
	chrI	181283	1	0.5	25
	chrI	181294	0	0.5	25
	chrI	181300	1	0.5	25
	chrI	181312	1	0.5	25
	chrI	181314	1	0.5	25
	chrI	181315	1	0.5	25
	chrI	181320	1	1.5	25
	chrI	181332	1	1.0	25
	chrI	181345	1	0.5	25
	chrI	181346	1	1.0	25
	chrI	181353	0	2.0	25
	chrI	181371	1	0.5	25
	chrI	181422	0	0.5	25
	chrI	181425	0	0.5	25
	chrI	181435	1	1.0	25
	chrI	181444	0	0.5	25
	chrI	181456	1	0.5	25
	chrI	181480	1	0.5	25
	chrI	181498	1	1.0	25
	chrI	181507	1	0.5	25
	chrI	181536	1	0.5	25
	chrI	181600	0	0.5	25
	chrI	181609	0	0.5	25
	chrI	181624	0	0.5	25
	chrI	181674	1	0.5	25
	chrI	181684	1	0.5	25
	chrI	181705	0	1.0	25
	chrI	181710	0	0.5	25
	chrI	181751	0	0.5	25
	chrI	181780	1	1.0	25
	chrI	181781	0	2.0	25
	chrI	181802	1	1.0	25
	chrI	181814	1	0.5	25
	chrI	181827	1	0.5	25
	chrI	181829	1	1.0	25
	chrI	181848	1	0.5	25
	chrI	181874	0	1.0	25
	chrI	181878	0	0.5	25
	chrI	181922	0	0.5	25
	chrI	181941	0	1.0	25
	chrI	181954	0	0.5	25
	chrI	181957	1	1.0	25
	chrI	181958	0	0.5	25
	chrI	181958	1	0.5	25
	chrI	181974	0	0.5	25
	chrI	181987	0	0.5	25
	chrI	181997	1	0.5	25
	chrI	182002	1	1.0	25
	chrI	182009	0	0.5	25
	chrI	182010	1	0.5	25
	chrI	182032	1	0.5	25
	chrI	182035	1	0.5	25
	chrI	182040	0	0.5	25
	chrI	182056	1	0.5	25
	chrI	182060	1	0.5	25
	chrI	182119	0	1.0	25
	chrI	182140	0	0.5	25
	chrI	182172	0	0.5	25
	chrI	182181	1	0.5	25
	chrI	182207	1	0.5	25
	chrI	182214	1	0.5	25
	chrI	182235	1	0.5	25
	chrI	182237	0	0.5	25
	chrI	182272	0	0.5	25
	chrI	182292	0	0.5	25
	chrI	182298	0	0.5	25
	chrI	182304	1	0.5	25
	chrI	182319	0	0.5	25
	chrI	182327	1	0.5	25
	chrI	182328	0	1.0	25
	chrI	182335	0	0.5	25
	chrI	182351	1	0.5	25
	chrI	182352	0	0.5	25
	chrI	182356	1	0.5	25
	chrI	182358	0	0.5	25
	chrI	182359	0	0.5	25
	chrI	182392	1	0.5	25
	chrI	182393	1	1.0	25
	chrI	182404	1	1.0	25
	chrI	182406	1	0.5	23
	chrI	182417	0	0.5	25
	chrI	182440	0	0.5	25
	chrI	182451	0	0.5	25
	chrI	182460	1	0.5	25
	chrI	182485	0	0.5	25
	chrI	182486	1	0.5	25
	chrI	182487	0	0.5	25
	chrI	182498	1	0.5	25
	chrI	182502	0	0.5	25
	chrI	182507	0	0.5	25
	chrI	182512	0	0.5	25
	chrI	182527	1	0.5	25
	chrI	182554	1	0.5	25
	chrI	182562	1	0.5	25
	chrI	182570	1	0.5	25
	chrI	182571	0	0.5	25
	chrI	182571	1	0.5	25
	chrI	182575	1	0.5	25
	chrI	182583	1	0.5	25
	chrI	182584	0	0.5	25
	chrI	182662	1	0.5	25
	chrI	182675	1	0.5	25
	chrI	182838	0	0.5	25
	chrI	182843	0	0.5	25
	chrI	182909	0	0.5	24
	chrI	182913	0	0.5	25
	chrI	182917	0	0.5	25
	chrI	182939	0	0.5	25
	chrI	182970	1	0.5	25
	chrI	182988	1	0.5	25
	chrI	182994	0	0.5	25
	chrI	182995	0	0.5	25
	chrI	183001	0	0.5	25
	chrI	183005	0	0.5	25
	chrI	183008	0	1.0	25
	chrI	183009	1	0.5	25
	chrI	183032	1	0.5	25
	chrI	183033	1	0.5	25
	chrI	183035	0	0.5	25
	chrI	183036	1	0.5	25
	chrI	183038	0	0.5	25
	chrI	183041	0	1.5	25
	chrI	183043	0	0.5	25
	chrI	183047	0	0.5	25
	chrI	183047	1	0.5	25
	chrI	183052	1	0.5	25
	chrI	183066	1	0.5	25
	chrI	183067	0	0.5	25
	chrI	183069	1	1.0	25
	chrI	183108	1	1.0	25
	chrI	183116	0	0.5	25
	chrI	183117	1	0.5	25
	chrI	183119	1	0.5	25
	chrI	183183	0	0.5	25
	chrI	183190	1	1.5	25
	chrI	183193	1	0.5	25
	chrI	183200	1	0.5	25
	chrI	183203	1	0.5	25
	chrI	183213	0	1.0	25
	chrI	183225	0	0.5	25
	chrI	183273	1	0.5	25
	chrI	183287	1	0.5	25
	chrI	183296	1	0.5	25
	chrI	183304	0	0.5	25
	chrI	183323	0	0.5	25
	chrI	183337	1	0.5	25
	chrI	183347	0	0.5	25
	chrI	183348	0	0.5	25
	chrI	183350	0	0.5	25
	chrI	183360	0	0.5	25
	chrI	183371	1	1.0	25
	chrI	183392	0	0.5	25
	chrI	183407	0	0.5	25
	chrI	183412	1	0.5	24
	chrI	183415	1	0.5	25
	chrI	183443	0	0.5	25
	chrI	183444	1	0.5	25
	chrI	183506	0	0.5	25
	chrI	183508	1	0.5	25
	chrI	183513	0	0.5	25
	chrI	183517	0	0.5	25
	chrI	183525	0	0.5	25
	chrI	183558	0	1.0	25
	chrI	183568	1	1.0	25
	chrI	183569	0	0.5	25
	chrI	183570	0	2.0	25
	chrI	183570	1	0.5	25
	chrI	183575	0	0.5	25
	chrI	183575	1	0.5	25
	chrI	183578	0	0.5	25
	chrI	183594	0	0.5	25
	chrI	183595	0	0.5	25
	chrI	183595	1	0.5	25
	chrI	183597	0	0.5	25
	chrI	183599	0	0.5	25
	chrI	183605	0	0.5	25
	chrI	183606	0	0.5	25
	chrI	183613	1	0.5	25
	chrI	183614	0	0.5	25
	chrI	183620	1	0.5	25
	chrI	183634	1	0.5	25
	chrI	183636	1	1.0	25
	chrI	183639	0	0.5	25
	chrI	183640	1	0.5	25
	chrI	183649	1	1.5	25
	chrI	183652	1	0.5	25
	chrI	183653	1	0.5	25
	chrI	183657	1	0.5	25
	chrI	183671	1	0.5	25
	chrI	183678	1	0.5	25
	chrI	183681	0	0.5	25
	chrI	183682	0	0.5	25
	chrI	183684	1	1.0	25
	chrI	183685	0	0.5	25
	chrI	183690	1	0.5	25
	chrI	183695	1	0.5	25
	chrI	183732	1	0.5	25
	chrI	183733	1	0.5	25
	chrI	183764	1	0.5	25
	chrI	183789	0	0.5	25
	chrI	183801	0	0.5	25
	chrI	183874	1	0.5	25
	chrI	183896	0	0.5	25
	chrI	183929	0	0.5	25
	chrI	183944	1	0.5	25
	chrI	183951	0	0.5	25
	chrI	183963	0	0.5	25
	chrI	183976	0	0.5	25
	chrI	183983	1	0.5	25
	chrI	183989	0	0.5	25
	chrI	183995	0	0.5	25
	chrI	183998	1	0.5	25
	chrI	184024	1	0.5	25
	chrI	184038	0	0.5	25
	chrI	184046	0	1.0	25
	chrI	184069	1	0.5	25
	chrI	184073	1	0.5	25
	chrI	184080	0	0.5	25
	chrI	184086	0	0.5	25
	chrI	184087	1	0.5	25
	chrI	184090	1	0.5	25
	chrI	184124	1	0.5	25
	chrI	184127	1	0.5	25
	chrI	184131	1	0.5	25
	chrI	184158	0	0.5	25
	chrI	184162	0	0.5	25
	chrI	184167	0	0.5	25
	chrI	184183	1	0.5	25
	chrI	184203	1	1.0	25
	chrI	184225	1	1.0	25
	chrI	184226	0	0.5	25
	chrI	184233	0	0.5	25
	chrI	184252	1	0.5	25
	chrI	184257	0	1.0	25
	chrI	184281	1	0.5	25
	chrI	184300	1	0.5	25
	chrI	184310	0	0.5	25
	chrI	184366	0	0.5	25
	chrI	184375	0	0.5	25
	chrI	184380	0	0.5	25
	chrI	184386	0	0.5	25
	chrI	184391	0	0.5	25
	chrI	184401	0	0.5	25
	chrI	184433	1	0.5	25
	chrI	184434	0	0.5	25
	chrI	184436	1	0.5	25
	chrI	184442	0	0.5	25
	chrI	184444	1	0.5	25
	chrI	184469	1	0.5	25
	chrI	184470	0	0.5	25
	chrI	184475	1	0.5	25
	chrI	184494	1	0.5	25
	chrI	184505	1	1.0	25
	chrI	184509	1	0.5	25
	chrI	184523	0	0.5	25
	chrI	184539	0	0.5	25
	chrI	184550	0	1.0	25
	chrI	184554	0	1.0	25
	chrI	184556	0	0.5	25
	chrI	184579	1	0.5	25
	chrI	184587	1	0.5	25
	chrI	184610	1	1.0	25
	chrI	184611	1	0.5	25
	chrI	184612	1	0.5	25
	chrI	184615	1	1.0	25
	chrI	184639	0	0.5	25
	chrI	184645	0	0.5	25
	chrI	184645	1	0.5	25
	chrI	184650	0	0.5	25
	chrI	184659	1	0.5	25
	chrI	184660	0	1.5	25
	chrI	184685	0	0.5	25
	chrI	184694	0	0.5	25
	chrI	184703	1	0.5	25
	chrI	184708	0	0.5	25
	chrI	184709	0	0.5	25
	chrI	184710	0	2.0	25
	chrI	184727	0	0.5	25
	chrI	184736	1	1.0	25
	chrI	184748	0	0.5	25
	chrI	184756	1	0.5	25
	chrI	184757	0	0.5	25
	chrI	184763	1	0.5	25
	chrI	184766	0	0.5	25
	chrI	184788	1	0.5	25
	chrI	184791	1	1.5	25
	chrI	184794	1	1.0	25
	chrI	184799	0	0.5	25
	chrI	184812	0	0.5	25
	chrI	184812	1	0.5	25
	chrI	184822	1	0.5	25
	chrI	184823	1	0.5	25
	chrI	184833	1	0.5	25
	chrI	184844	1	0.5	25
	chrI	184858	1	0.5	25
	chrI	184859	0	0.5	25
	chrI	184870	0	0.5	25
	chrI	184876	1	0.5	25
	chrI	184897	0	0.5	25
	chrI	184904	1	0.5	25
	chrI	184926	0	0.5	25
	chrI	184939	0	0.5	25
	chrI	184944	1	0.5	25
	chrI	184947	1	0.5	25
	chrI	184952	0	0.5	25
	chrI	184972	0	0.5	25
	chrI	184973	1	0.5	25
	chrI	185009	1	0.5	25
	chrI	185019	0	0.5	25
	chrI	185023	1	0.5	25
	chrI	185025	1	0.5	25
	chrI	185027	0	0.5	25
	chrI	185032	1	0.5	25
	chrI	185097	1	0.5	25
	chrI	185108	0	0.5	25
	chrI	185133	1	0.5	25
	chrI	185138	0	1.0	25
	chrI	185143	0	1.0	25
	chrI	185180	0	0.5	25
	chrI	185181	0	0.5	25
	chrI	185208	1	0.5	25
	chrI	185215	1	0.5	25
	chrI	185219	1	0.5	25
	chrI	185223	0	0.5	25
	chrI	185228	1	0.5	25
	chrI	185261	1	0.5	25
	chrI	185267	1	0.5	25
	chrI	185310	1	0.5	25
	chrI	185331	0	1.0	25
	chrI	185347	0	0.5	25
	chrI	185352	0	0.5	25
	chrI	185371	1	0.5	25
	chrI	185393	0	0.5	25
	chrI	185411	1	0.5	25
	chrI	185416	1	0.5	25
	chrI	185417	0	0.5	25
	chrI	185421	1	0.5	25
	chrI	185448	0	0.5	25
	chrI	185462	0	0.5	25
	chrI	185486	0	0.5	25
	chrI	185493	0	1.0	25
	chrI	185493	1	0.5	25
	chrI	185505	0	0.5	25
	chrI	185508	1	1.0	25
	chrI	185535	1	0.5	25
	chrI	185539	0	0.5	25
	chrI	185549	0	0.5	25
	chrI	185595	0	0.5	25
	chrI	185603	0	0.5	25
	chrI	185608	1	0.5	25
	chrI	185609	0	1.0	25
	chrI	185609	1	0.5	25
	chrI	185625	0	0.5	25
	chrI	185627	1	1.0	25
	chrI	185628	0	0.5	25
	chrI	185632	1	0.5	25
	chrI	185634	1	0.5	25
	chrI	185637	0	0.5	25
	chrI	185637	1	0.5	25
	chrI	185662	1	0.5	25
	chrI	185683	0	0.5	25
	chrI	185688	0	0.5	25
	chrI	185701	0	0.5	25
	chrI	185711	0	0.5	25
	chrI	185713	0	0.5	25
	chrI	185715	0	0.5	25
	chrI	185741	1	1.0	25
	chrI	185746	1	0.5	25
	chrI	185758	0	0.5	25
	chrI	185759	1	1.0	25
	chrI	185760	0	0.5	25
	chrI	185763	0	0.5	25
	chrI	185765	1	0.5	25
	chrI	185768	0	0.5	25
	chrI	185769	0	1.0	25
	chrI	185770	1	0.5	25
	chrI	185771	0	0.5	25
	chrI	185772	0	1.0	25
	chrI	185773	0	1.5	25
	chrI	185774	0	1.0	25
	chrI	185775	1	0.5	25
	chrI	185801	0	0.5	25
	chrI	185801	1	1.0	25
	chrI	185802	0	0.5	25
	chrI	185802	1	0.5	25
	chrI	185804	0	0.5	25
	chrI	185804	1	0.5	25
	chrI	185805	1	0.5	25
	chrI	185807	0	0.5	25
	chrI	185817	1	1.0	25
	chrI	185818	1	0.5	25
	chrI	185819	0	0.5	25
	chrI	185824	0	0.5	25
	chrI	185828	0	0.5	25
	chrI	185828	1	1.5	25
	chrI	185832	1	0.5	25
	chrI	185842	1	1.5	25
	chrI	185843	1	0.5	25
	chrI	185845	1	0.5	25
	chrI	185847	1	1.0	25
	chrI	185857	1	0.5	25
	chrI	185858	1	0.5	25
	chrI	185888	1	1.0	25
	chrI	185896	1	0.5	25
	chrI	185920	1	0.5	25
	chrI	185953	0	0.5	25
	chrI	186011	1	0.5	25
	chrI	186036	1	0.5	25
	chrI	186047	0	0.5	25
	chrI	186054	0	0.5	25
	chrI	186104	0	0.5	25
	chrI	186133	1	0.5	25
	chrI	186136	1	0.5	25
	chrI	186154	0	0.5	25
	chrI	186165	0	0.5	25
	chrI	186166	0	1.0	25
	chrI	186183	0	0.5	25
	chrI	186190	1	0.5	25
	chrI	186201	0	0.5	25
	chrI	186202	1	0.5	25
	chrI	186225	1	0.5	25
	chrI	186229	1	0.5	25
	chrI	186245	1	0.5	25
	chrI	186262	1	0.5	25
	chrI	186265	0	0.5	25
	chrI	186280	1	0.5	25
	chrI	186290	0	0.5	25
	chrI	186308	1	0.5	25
	chrI	186334	0	0.5	25
	chrI	186350	0	0.5	25
	chrI	186396	0	0.5	25
	chrI	186396	1	0.5	25
	chrI	186403	1	0.5	25
	chrI	186409	1	0.5	25
	chrI	186426	0	1.0	25
	chrI	186431	0	0.5	25
	chrI	186433	0	0.5	25
	chrI	186446	0	0.5	25
	chrI	186463	0	0.5	25
	chrI	186464	0	0.5	25
	chrI	186471	0	0.5	25
	chrI	186488	1	0.5	25
	chrI	186502	1	0.5	25
	chrI	186503	1	0.5	25
	chrI	186504	1	0.5	25
	chrI	186520	0	1.0	25
	chrI	186522	0	0.5	25
	chrI	186533	0	0.5	25
	chrI	186536	1	0.5	25
	chrI	186540	1	0.5	25
	chrI	186544	1	0.5	25
	chrI	186555	1	0.5	25
	chrI	186565	0	0.5	25
	chrI	186574	0	0.5	25
	chrI	186587	1	0.5	25
	chrI	186593	0	0.5	25
	chrI	186617	0	0.5	25
	chrI	186628	0	0.5	25
	chrI	186633	1	0.5	25
	chrI	186634	0	0.5	25
	chrI	186663	1	0.5	25
	chrI	186665	1	0.5	25
	chrI	186670	0	0.5	25
	chrI	186681	0	1.0	25
	chrI	186698	1	0.5	25
	chrI	186702	1	0.5	25
	chrI	186704	1	1.5	25
	chrI	186707	0	0.5	25
	chrI	186714	1	0.5	25
	chrI	186719	1	0.5	25
	chrI	186737	1	1.0	25
	chrI	186747	0	0.5	25
	chrI	186762	1	0.5	25
	chrI	186764	0	0.5	25
	chrI	186773	0	0.5	25
	chrI	186777	0	0.5	25
	chrI	186802	0	0.5	25
	chrI	186824	1	0.5	25
	chrI	186832	0	0.5	25
	chrI	186833	1	0.5	25
	chrI	186837	1	0.5	25
	chrI	186846	1	0.5	25
	chrI	186847	0	0.5	25
	chrI	186857	0	0.5	25
	chrI	186862	0	0.5	25
	chrI	186879	1	0.5	25
	chrI	186880	0	0.5	25
	chrI	186880	1	0.5	25
	chrI	186883	0	0.5	25
	chrI	186886	1	0.5	25
	chrI	186896	0	1.0	25
	chrI	186912	0	1.0	25
	chrI	186932	1	0.5	25
	chrI	186934	1	0.5	25
	chrI	186938	1	0.5	25
	chrI	186939	1	0.5	25
	chrI	186940	1	0.5	25
	chrI	186964	0	0.5	25
	chrI	186984	0	0.5	25
	chrI	186986	0	0.5	25
	chrI	186997	0	0.5	25
	chrI	187001	0	0.5	25
	chrI	187029	0	0.5	25
	chrI	187033	1	1.0	25
	chrI	187034	1	0.5	25
	chrI	187046	0	0.5	25
	chrI	187053	1	0.5	25
	chrI	187059	0	0.5	25
	chrI	187061	0	0.5	25
	chrI	187078	1	0.5	25
	chrI	187081	1	0.5	25
	chrI	187082	1	1.0	25
	chrI	187104	1	0.5	25
	chrI	187107	1	0.5	25
	chrI	187111	1	0.5	25
	chrI	187112	1	0.5	25
	chrI	187113	0	1.0	25
	chrI	187139	0	0.5	25
	chrI	187140	0	0.5	25
	chrI	187142	0	1.0	25
	chrI	187142	1	0.5	25
	chrI	187153	0	0.5	25
	chrI	187162	0	0.5	25
	chrI	187204	1	0.5	25
	chrI	187208	1	0.5	25
	chrI	187211	1	0.5	25
	chrI	187212	0	1.0	25
	chrI	187215	0	0.5	25
	chrI	187216	1	0.5	25
	chrI	187218	0	0.5	25
	chrI	187220	1	1.0	25
	chrI	187221	0	0.5	25
	chrI	187229	0	0.5	25
	chrI	187231	0	0.5	25
	chrI	187232	0	0.5	25
	chrI	187257	1	0.5	25
	chrI	187260	1	0.5	25
	chrI	187264	1	0.5	25
	chrI	187273	1	0.5	25
	chrI	187274	0	0.5	25
	chrI	187282	0	0.5	25
	chrI	187288	0	0.5	25
	chrI	187289	1	0.5	25
	chrI	187291	1	0.5	25
	chrI	187293	1	0.5	25
	chrI	187301	0	0.5	25
	chrI	187309	0	0.5	25
	chrI	187309	1	0.5	25
	chrI	187349	0	0.5	25
	chrI	187350	1	1.0	25
	chrI	187359	1	0.5	25
	chrI	187360	0	0.5	25
	chrI	187372	0	1.5	25
	chrI	187377	1	0.5	25
	chrI	187402	1	0.5	25
	chrI	187418	1	0.5	25
	chrI	187426	1	0.5	25
	chrI	187429	1	0.5	25
	chrI	187431	0	0.5	25
	chrI	187444	1	1.0	25
	chrI	187484	1	0.5	25
	chrI	187546	1	0.5	25
	chrI	187679	1	0.5	25
	chrI	187690	0	0.5	25
	chrI	187698	0	0.5	25
	chrI	187708	0	1.0	25
	chrI	187723	0	0.5	25
	chrI	187731	0	0.5	25
	chrI	187779	1	0.5	25
	chrI	187780	1	0.5	25
	chrI	187787	0	1.0	25
	chrI	187787	1	1.0	25
	chrI	187808	1	0.5	25
	chrI	187810	1	0.5	25
	chrI	187826	0	0.5	25
	chrI	187828	0	0.5	25
	chrI	187836	0	0.5	25
	chrI	187839	0	1.0	25
	chrI	187841	1	1.0	25
	chrI	187843	0	1.0	25
	chrI	187866	0	0.5	25
	chrI	187875	0	0.5	25
	chrI	187879	1	0.5	25
	chrI	187900	1	0.5	25
	chrI	187901	1	0.5	25
	chrI	187918	1	0.5	25
	chrI	187919	1	0.5	25
	chrI	187920	0	0.5	25
	chrI	187932	0	1.5	25
	chrI	187933	0	1.5	25
	chrI	187934	0	0.5	25
	chrI	187935	0	3.5	25
	chrI	187939	0	0.5	25
	chrI	187943	1	1.0	25
	chrI	187946	1	0.5	25
	chrI	187949	0	2.0	25
	chrI	187950	0	0.5	25
	chrI	187951	0	1.5	25
	chrI	187969	0	0.5	25
	chrI	187974	0	0.5	25
	chrI	187988	1	0.5	24
	chrI	187988	1	5.5	25
	chrI	187989	0	0.5	25
	chrI	187989	1	0.5	25
	chrI	187991	1	0.5	25
	chrI	188002	1	1.0	25
	chrI	188006	1	1.0	25
	chrI	188007	1	1.0	25
	chrI	188010	1	0.5	25
	chrI	188017	1	0.5	25
	chrI	188018	1	0.5	25
	chrI	188022	1	1.0	25
	chrI	188034	1	0.5	25
	chrI	188035	0	0.5	25
	chrI	188060	1	0.5	25
	chrI	188077	0	0.5	25
	chrI	188098	0	1.0	25
	chrI	188102	0	0.5	25
	chrI	188106	0	0.5	25
	chrI	188142	0	0.5	25
	chrI	188144	1	0.5	25
	chrI	188149	0	0.5	25
	chrI	188149	1	0.5	25
	chrI	188160	1	1.0	25
	chrI	188172	1	0.5	25
	chrI	188186	1	0.5	25
	chrI	188196	1	0.5	25
	chrI	188211	1	0.5	25
	chrI	188215	1	0.5	25
	chrI	188326	0	0.5	25
	chrI	188338	0	0.5	25
	chrI	188358	0	0.5	25
	chrI	188373	1	0.5	25
	chrI	188379	1	0.5	25
	chrI	188382	0	0.5	25
	chrI	188385	0	0.5	25
	chrI	188386	0	0.5	25
	chrI	188445	1	0.5	25
	chrI	188457	1	0.5	25
	chrI	188458	1	0.5	25
	chrI	188545	1	0.5	25
	chrI	188664	0	0.5	25
	chrI	188700	0	0.5	25
	chrI	188707	0	0.5	25
	chrI	188715	1	0.5	25
	chrI	188783	0	0.5	25
	chrI	188785	1	0.5	25
	chrI	188797	0	0.5	25
	chrI	188810	0	0.5	25
	chrI	188828	1	0.5	25
	chrI	188849	1	0.5	25
	chrI	188860	1	0.5	25
	chrI	188863	0	0.5	25
	chrI	188870	0	0.5	25
	chrI	188874	0	0.5	25
	chrI	188905	0	0.5	25
	chrI	188919	1	0.5	25
	chrI	188930	1	0.5	25
	chrI	188931	0	0.5	25
	chrI	188951	1	0.5	25
	chrI	188952	0	0.5	25
	chrI	188960	1	0.5	25
	chrI	188961	1	0.5	25
	chrI	188991	0	0.5	25
	chrI	189013	0	0.5	25
	chrI	189016	0	0.5	25
	chrI	189018	0	0.5	25
	chrI	189043	1	0.5	25
	chrI	189046	0	0.5	25
	chrI	189053	1	0.5	25
	chrI	189054	0	0.5	25
	chrI	189092	1	0.5	25
	chrI	189096	1	0.5	25
	chrI	189111	1	0.5	25
	chrI	189112	1	0.5	25
	chrI	189164	1	0.5	25
	chrI	189187	0	0.5	25
	chrI	189224	0	0.5	24
	chrI	189242	0	0.5	25
	chrI	189245	1	0.5	25
	chrI	189254	1	0.5	25
	chrI	189275	1	0.5	25
	chrI	189297	0	0.5	25
	chrI	189299	1	0.5	25
	chrI	189316	0	1.0	25
	chrI	189321	0	0.5	25
	chrI	189346	0	0.5	25
	chrI	189364	1	0.5	25
	chrI	189397	1	0.5	25
	chrI	189399	1	0.5	25
	chrI	189402	0	0.5	25
	chrI	189413	0	0.5	25
	chrI	189422	1	0.5	25
	chrI	189451	0	1.0	25
	chrI	189457	0	0.5	25
	chrI	189477	1	0.5	25
	chrI	189482	0	0.5	25
	chrI	189483	0	0.5	25
	chrI	189490	0	1.0	25
	chrI	189497	0	1.5	25
	chrI	189498	0	1.5	25
	chrI	189501	0	0.5	25
	chrI	189502	0	0.5	25
	chrI	189513	0	0.5	25
	chrI	189516	0	0.5	25
	chrI	189546	1	0.5	25
	chrI	189547	1	0.5	25
	chrI	189550	1	0.5	25
	chrI	189551	1	2.0	25
	chrI	189552	1	0.5	25
	chrI	189553	0	0.5	25
	chrI	189553	1	0.5	25
	chrI	189563	1	0.5	25
	chrI	189564	1	0.5	25
	chrI	189568	1	0.5	25
	chrI	189569	1	0.5	25
	chrI	189571	1	1.0	25
	chrI	189577	1	0.5	25
	chrI	189582	0	0.5	25
	chrI	189586	1	0.5	25
	chrI	189606	0	0.5	25
	chrI	189614	0	0.5	25
	chrI	189652	1	0.5	25
	chrI	189681	1	0.5	25
	chrI	189686	0	0.5	25
	chrI	189688	0	0.5	25
	chrI	189709	1	1.5	25
	chrI	189726	0	0.5	25
	chrI	189733	0	0.5	25
	chrI	189764	1	0.5	25
	chrI	189777	1	0.5	25
	chrI	189794	1	0.5	25
	chrI	189811	1	0.5	25
	chrI	189817	0	0.5	25
	chrI	189822	0	0.5	25
	chrI	189824	0	0.5	25
	chrI	189842	1	0.5	25
	chrI	189875	0	0.5	25
	chrI	189883	0	0.5	25
	chrI	189885	0	0.5	25
	chrI	189887	0	0.5	25
	chrI	189896	0	0.5	25
	chrI	189943	1	0.5	25
	chrI	189945	1	0.5	25
	chrI	189952	1	0.5	25
	chrI	189953	1	0.5	25
	chrI	189960	1	0.5	25
	chrI	189982	1	0.5	25
	chrI	189985	0	1.5	25
	chrI	189986	0	0.5	25
	chrI	190013	1	0.5	25
	chrI	190014	0	3.5	25
	chrI	190015	0	0.5	24
	chrI	190051	1	0.5	25
	chrI	190055	0	1.0	25
	chrI	190076	1	1.0	25
	chrI	190085	1	0.5	25
	chrI	190086	1	0.5	25
	chrI	190091	0	1.5	25
	chrI	190100	1	1.5	25
	chrI	190101	1	1.0	25
	chrI	190117	1	0.5	25
	chrI	190121	1	0.5	25
	chrI	190125	0	1.0	25
	chrI	190130	0	0.5	25
	chrI	190148	1	0.5	25
	chrI	190167	1	0.5	25
	chrI	190199	1	1.5	25
	chrI	190203	1	0.5	25
	chrI	190206	1	1.0	25
	chrI	190212	1	0.5	25
	chrI	190249	0	0.5	25
	chrI	190271	0	0.5	25
	chrI	190273	0	0.5	25
	chrI	190299	1	0.5	25
	chrI	190334	1	0.5	25
	chrI	190360	1	0.5	25
	chrI	190365	0	0.5	25
	chrI	190379	0	0.5	25
	chrI	190384	0	0.5	25
	chrI	190404	0	0.5	25
	chrI	190405	0	0.5	25
	chrI	190433	1	0.5	25
	chrI	190437	1	0.5	25
	chrI	190447	0	0.5	25
	chrI	190468	1	0.5	25
	chrI	190480	0	0.5	25
	chrI	190485	0	0.5	25
	chrI	190507	1	0.5	25
	chrI	190535	1	0.5	25
	chrI	190536	0	1.0	25
	chrI	190540	0	0.5	25
	chrI	190544	1	0.5	25
	chrI	190547	0	0.5	25
	chrI	190558	0	0.5	25
	chrI	190562	0	0.5	25
	chrI	190577	1	1.0	25
	chrI	190588	0	0.5	25
	chrI	190596	0	0.5	25
	chrI	190618	1	0.5	25
	chrI	190621	1	0.5	25
	chrI	190661	0	0.5	25
	chrI	190662	0	0.5	25
	chrI	190663	0	1.0	25
	chrI	190675	1	0.5	25
	chrI	190680	1	0.5	25
	chrI	190693	1	0.5	25
	chrI	190721	0	0.5	25
	chrI	190722	1	0.5	25
	chrI	190738	0	0.5	25
	chrI	190738	1	0.5	25
	chrI	190759	0	1.0	25
	chrI	190767	1	0.5	25
	chrI	190769	1	0.5	25
	chrI	190784	1	0.5	25
	chrI	190786	1	0.5	25
	chrI	190804	1	0.5	25
	chrI	190828	1	1.0	25
	chrI	190846	0	0.5	25
	chrI	190857	0	0.5	25
	chrI	190880	1	1.0	25
	chrI	190905	0	1.0	25
	chrI	190910	1	0.5	25
	chrI	190923	0	0.5	25
	chrI	190955	1	1.0	25
	chrI	190965	0	0.5	25
	chrI	190988	0	0.5	25
	chrI	191021	1	0.5	25
	chrI	191048	1	0.5	25
	chrI	191098	1	0.5	25
	chrI	191121	0	0.5	25
	chrI	191128	0	0.5	25
	chrI	191172	1	0.5	25
	chrI	191197	1	0.5	25
	chrI	191228	1	0.5	25
	chrI	191231	0	0.5	25
	chrI	191281	0	1.0	25
	chrI	191281	1	0.5	25
	chrI	191316	0	1.0	25
	chrI	191317	1	0.5	25
	chrI	191355	0	0.5	25
	chrI	191355	1	0.5	25
	chrI	191398	0	0.5	25
	chrI	191435	0	0.5	25
	chrI	191442	1	0.5	25
	chrI	191446	0	1.0	25
	chrI	191448	0	0.5	25
	chrI	191452	0	0.5	25
	chrI	191454	1	0.5	25
	chrI	191457	0	0.5	25
	chrI	191460	0	0.5	25
	chrI	191469	1	0.5	25
	chrI	191493	1	1.0	25
	chrI	191504	1	0.5	25
	chrI	191505	1	0.5	25
	chrI	191512	0	0.5	25
	chrI	191521	0	0.5	25
	chrI	191539	1	1.0	25
	chrI	191540	0	0.5	25
	chrI	191547	1	0.5	25
	chrI	191566	0	1.0	25
	chrI	191568	1	0.5	25
	chrI	191636	0	1.0	25
	chrI	191645	1	0.5	25
	chrI	191648	0	0.5	25
	chrI	191681	0	0.5	25
	chrI	191705	1	0.5	25
	chrI	191720	1	0.5	25
	chrI	191724	1	1.0	25
	chrI	191764	1	0.5	25
	chrI	191800	1	1.0	25
	chrI	191813	0	0.5	25
	chrI	191826	0	0.5	25
	chrI	191837	1	0.5	25
	chrI	191885	1	0.5	25
	chrI	191996	0	0.5	25
	chrI	192035	0	0.5	25
	chrI	192047	1	0.5	25
	chrI	192061	0	0.5	25
	chrI	192062	0	0.5	25
	chrI	192084	0	0.5	25
	chrI	192119	0	0.5	25
	chrI	192124	1	0.5	25
	chrI	192133	0	1.0	25
	chrI	192134	1	0.5	25
	chrI	192161	1	0.5	25
	chrI	192166	1	0.5	25
	chrI	192209	1	1.0	25
	chrI	192222	0	0.5	25
	chrI	192235	0	0.5	25
	chrI	192241	1	0.5	25
	chrI	192260	0	1.0	25
	chrI	192282	0	0.5	25
	chrI	192283	1	0.5	25
	chrI	192289	0	0.5	25
	chrI	192297	1	0.5	25
	chrI	192298	1	0.5	25
	chrI	192313	0	0.5	25
	chrI	192334	1	0.5	25
	chrI	192335	1	0.5	25
	chrI	192345	0	1.0	25
	chrI	192384	1	0.5	25
	chrI	192387	1	1.0	25
	chrI	192390	0	1.0	25
	chrI	192392	0	0.5	25
	chrI	192401	0	0.5	25
	chrI	192404	1	1.0	25
	chrI	192409	0	0.5	25
	chrI	192435	0	0.5	25
	chrI	192440	0	0.5	25
	chrI	192456	0	0.5	25
	chrI	192465	1	0.5	25
	chrI	192468	0	0.5	25
	chrI	192473	0	0.5	25
	chrI	192500	1	1.0	25
	chrI	192507	1	0.5	25
	chrI	192509	1	0.5	25
	chrI	192519	1	0.5	25
	chrI	192523	1	1.0	25
	chrI	192524	0	0.5	25
	chrI	192533	1	0.5	25
	chrI	192539	0	0.5	25
	chrI	192564	1	0.5	23
	chrI	192571	0	0.5	25
	chrI	192573	1	0.5	25
	chrI	192602	0	1.0	25
	chrI	192605	1	0.5	25
	chrI	192642	1	0.5	25
	chrI	192671	0	0.5	25
	chrI	192674	1	1.0	25
	chrI	192679	0	1.0	25
	chrI	192690	0	0.5	25
	chrI	192728	0	0.5	25
	chrI	192746	1	1.0	25
	chrI	192769	0	0.5	25
	chrI	192774	0	1.0	25
	chrI	192777	0	0.5	25
	chrI	192838	1	0.5	25
	chrI	192863	1	1.0	25
	chrI	192866	0	0.5	25
	chrI	192869	1	0.5	25
	chrI	192871	0	0.5	25
	chrI	192887	0	0.5	25
	chrI	192919	1	0.5	25
	chrI	192939	0	0.5	25
	chrI	192950	0	0.5	25
	chrI	192963	1	0.5	25
	chrI	192996	0	0.5	25
	chrI	193009	1	1.0	25
	chrI	193012	1	0.5	25
	chrI	193019	1	0.5	25
	chrI	193040	1	1.0	25
	chrI	193050	0	0.5	25
	chrI	193061	0	0.5	25
	chrI	193108	1	0.5	25
	chrI	193153	1	0.5	25
	chrI	193157	1	0.5	25
	chrI	193221	0	0.5	25
	chrI	193274	1	0.5	25
	chrI	193432	0	0.5	25
	chrI	193506	0	0.5	25
	chrI	193513	0	0.5	25
	chrI	193537	0	0.5	25
	chrI	193539	1	0.5	25
	chrI	193542	0	0.5	25
	chrI	193599	1	0.5	25
	chrI	193601	1	0.5	25
	chrI	193634	1	0.5	25
	chrI	193669	1	0.5	25
	chrI	193672	0	0.5	25
	chrI	193698	0	0.5	25
	chrI	193723	0	0.5	25
	chrI	193729	0	0.5	25
	chrI	193731	0	0.5	25
	chrI	193756	1	0.5	25
	chrI	193795	1	0.5	25
	chrI	193796	1	0.5	25
	chrI	193817	1	0.5	25
	chrI	193830	1	0.5	25
	chrI	193907	0	0.5	25
	chrI	193967	1	0.5	25
	chrI	193999	0	0.5	25
	chrI	194052	0	0.5	25
	chrI	194054	1	0.5	25
	chrI	194060	0	0.5	25
	chrI	194063	0	0.5	25
	chrI	194091	0	0.5	25
	chrI	194112	0	0.5	25
	chrI	194124	0	0.5	25
	chrI	194127	1	0.5	25
	chrI	194164	1	0.5	25
	chrI	194167	1	0.5	25
	chrI	194168	0	0.5	25
	chrI	194169	1	0.5	25
	chrI	194177	0	0.5	25
	chrI	194198	0	0.5	25
	chrI	194204	0	0.5	25
	chrI	194220	1	0.5	25
	chrI	194242	1	0.5	25
	chrI	194271	1	0.5	25
	chrI	194277	1	0.5	25
	chrI	194278	1	1.0	25
	chrI	194280	0	0.5	25
	chrI	194301	0	0.5	25
	chrI	194353	1	0.5	25
	chrI	194358	1	0.5	25
	chrI	194396	0	0.5	25
	chrI	194404	0	0.5	25
	chrI	194474	1	0.5	25
	chrI	194491	0	0.5	25
	chrI	194503	0	0.5	25
	chrI	194505	1	0.5	25
	chrI	194529	0	0.5	25
	chrI	194541	0	1.0	25
	chrI	194543	0	0.5	25
	chrI	194553	1	0.5	25
	chrI	194556	0	0.5	25
	chrI	194577	1	0.5	25
	chrI	194597	1	0.5	25
	chrI	194601	1	0.5	25
	chrI	194604	1	0.5	25
	chrI	194625	1	1.0	25
	chrI	194735	0	0.5	25
	chrI	194758	0	0.5	25
	chrI	194766	0	0.5	25
	chrI	194807	0	0.5	25
	chrI	194823	0	0.5	25
	chrI	194823	1	0.5	25
	chrI	194829	0	0.5	25
	chrI	194845	0	0.5	25
	chrI	194847	0	0.5	25
	chrI	194883	1	0.5	25
	chrI	194889	1	1.0	25
	chrI	194898	1	0.5	25
	chrI	194901	1	0.5	25
	chrI	194905	0	0.5	25
	chrI	194911	1	0.5	25
	chrI	194933	0	1.0	25
	chrI	194947	0	0.5	25
	chrI	194966	0	0.5	25
	chrI	194985	0	0.5	25
	chrI	194997	1	0.5	25
	chrI	194998	1	0.5	25
	chrI	195016	1	0.5	25
	chrI	195023	1	0.5	25
	chrI	195027	1	0.5	25
	chrI	195037	0	0.5	25
	chrI	195040	0	1.0	25
	chrI	195061	1	0.5	25
	chrI	195078	1	0.5	25
	chrI	195097	1	1.0	25
	chrI	195121	0	0.5	25
	chrI	195130	0	0.5	25
	chrI	195135	1	0.5	25
	chrI	195136	0	1.0	25
	chrI	195174	0	0.5	25
	chrI	195197	1	0.5	25
	chrI	195207	1	0.5	25
	chrI	195238	0	0.5	25
	chrI	195239	1	1.0	25
	chrI	195254	0	0.5	25
	chrI	195256	1	0.5	25
	chrI	195267	0	0.5	25
	chrI	195313	1	0.5	25
	chrI	195315	0	0.5	25
	chrI	195337	1	0.5	25
	chrI	195341	0	0.5	25
	chrI	195350	1	0.5	25
	chrI	195373	0	0.5	25
	chrI	195387	1	0.5	25
	chrI	195450	1	0.5	25
	chrI	195465	1	0.5	25
	chrI	195517	0	0.5	25
	chrI	195530	0	0.5	25
	chrI	195534	0	0.5	25
	chrI	195549	0	0.5	25
	chrI	195573	1	0.5	25
	chrI	195584	1	0.5	25
	chrI	195589	1	0.5	25
	chrI	195610	0	0.5	25
	chrI	195616	1	0.5	25
	chrI	195622	0	0.5	25
	chrI	195631	0	0.5	25
	chrI	195638	0	0.5	25
	chrI	195643	0	0.5	25
	chrI	195688	1	0.5	25
	chrI	195695	1	0.5	25
	chrI	195696	0	0.5	25
	chrI	195713	1	0.5	25
	chrI	195717	1	0.5	25
	chrI	195735	0	1.0	25
	chrI	195767	0	0.5	25
	chrI	195774	1	0.5	25
	chrI	195810	1	0.5	25
	chrI	195817	1	0.5	25
	chrI	195852	1	0.5	25
	chrI	195887	1	0.5	25
	chrI	195891	0	0.5	25
	chrI	195896	0	0.5	25
	chrI	195902	0	0.5	25
	chrI	195933	0	0.5	25
	chrI	195941	1	0.5	25
	chrI	195960	1	0.5	25
	chrI	195962	0	0.5	25
	chrI	195969	1	0.5	25
	chrI	195987	0	0.5	25
	chrI	196005	1	0.5	25
	chrI	196011	0	0.5	25
	chrI	196068	1	0.5	25
	chrI	196106	0	0.5	25
	chrI	196108	0	0.5	25
	chrI	196149	1	0.5	25
	chrI	196154	1	0.5	25
	chrI	196158	1	0.5	25
	chrI	196160	0	0.5	25
	chrI	196161	0	1.0	25
	chrI	196167	1	0.5	25
	chrI	196182	0	1.0	25
	chrI	196184	0	0.5	25
	chrI	196193	0	0.5	25
	chrI	196247	0	0.5	25
	chrI	196250	1	1.0	25
	chrI	196254	1	0.5	25
	chrI	196268	1	0.5	25
	chrI	196269	1	1.0	25
	chrI	196283	0	0.5	25
	chrI	196293	0	0.5	25
	chrI	196339	1	0.5	25
	chrI	196346	0	1.0	25
	chrI	196355	1	0.5	25
	chrI	196357	0	1.5	25
	chrI	196360	0	0.5	25
	chrI	196369	0	0.5	25
	chrI	196373	1	0.5	25
	chrI	196386	0	0.5	25
	chrI	196407	1	0.5	25
	chrI	196409	0	0.5	25
	chrI	196410	0	0.5	25
	chrI	196412	0	0.5	25
	chrI	196413	1	1.5	25
	chrI	196424	1	1.0	25
	chrI	196426	0	0.5	25
	chrI	196435	0	0.5	25
	chrI	196435	1	0.5	25
	chrI	196437	0	0.5	25
	chrI	196456	1	0.5	25
	chrI	196457	0	0.5	25
	chrI	196464	1	0.5	25
	chrI	196478	1	0.5	25
	chrI	196482	0	0.5	25
	chrI	196494	1	0.5	25
	chrI	196506	1	0.5	25
	chrI	196517	1	0.5	25
	chrI	196534	0	0.5	25
	chrI	196556	0	1.0	25
	chrI	196558	1	0.5	25
	chrI	196561	0	0.5	25
	chrI	196572	0	0.5	25
	chrI	196575	0	0.5	25
	chrI	196575	1	0.5	25
	chrI	196576	1	0.5	25
	chrI	196601	0	0.5	25
	chrI	196603	1	0.5	25
	chrI	196617	0	0.5	25
	chrI	196645	0	0.5	25
	chrI	196651	1	0.5	25
	chrI	196653	1	0.5	25
	chrI	196665	0	0.5	25
	chrI	196680	0	0.5	25
	chrI	196689	0	0.5	25
	chrI	196698	0	0.5	25
	chrI	196708	1	0.5	25
	chrI	196711	1	0.5	25
	chrI	196717	1	0.5	25
	chrI	196722	1	0.5	25
	chrI	196725	1	1.0	25
	chrI	196736	0	0.5	25
	chrI	196740	1	0.5	25
	chrI	196745	0	0.5	25
	chrI	196752	1	1.0	25
	chrI	196755	1	1.0	25
	chrI	196760	0	0.5	25
	chrI	196807	0	0.5	25
	chrI	196823	1	0.5	25
	chrI	196848	1	0.5	25
	chrI	196851	1	0.5	25
	chrI	196865	1	0.5	25
	chrI	196966	0	0.5	25
	chrI	196998	0	0.5	25
	chrI	197037	1	0.5	25
	chrI	197111	0	0.5	25
	chrI	197112	0	0.5	25
	chrI	197130	0	1.0	25
	chrI	197188	1	1.0	25
	chrI	197189	1	0.5	25
	chrI	197190	0	1.5	25
	chrI	197196	1	0.5	25
	chrI	197198	1	0.5	25
	chrI	197209	0	0.5	25
	chrI	197230	0	0.5	25
	chrI	197234	0	0.5	25
	chrI	197247	1	1.5	25
	chrI	197250	0	0.5	25
	chrI	197287	1	0.5	25
	chrI	197298	1	0.5	25
	chrI	197301	0	0.5	25
	chrI	197322	0	0.5	25
	chrI	197331	1	0.5	25
	chrI	197359	1	0.5	25
	chrI	197360	1	0.5	25
	chrI	197426	0	0.5	25
	chrI	197438	0	0.5	25
	chrI	197442	0	0.5	25
	chrI	197460	0	0.5	25
	chrI	197460	1	0.5	25
	chrI	197477	0	0.5	25
	chrI	197481	1	0.5	25
	chrI	197485	0	0.5	25
	chrI	197499	1	0.5	25
	chrI	197510	0	0.5	25
	chrI	197523	1	0.5	25
	chrI	197528	0	1.0	25
	chrI	197537	1	0.5	25
	chrI	197546	0	0.5	25
	chrI	197546	1	0.5	25
	chrI	197552	0	0.5	25
	chrI	197558	0	0.5	25
	chrI	197559	0	0.5	25
	chrI	197576	1	0.5	25
	chrI	197588	0	0.5	25
	chrI	197590	0	0.5	25
	chrI	197607	1	1.0	25
	chrI	197608	1	1.0	25
	chrI	197631	1	0.5	25
	chrI	197644	1	0.5	25
	chrI	197646	0	0.5	25
	chrI	197659	1	0.5	25
	chrI	197675	0	1.5	25
	chrI	197693	1	0.5	25
	chrI	197698	0	0.5	25
	chrI	197710	1	0.5	25
	chrI	197734	0	1.0	25
	chrI	197741	1	1.5	25
	chrI	197768	0	1.5	25
	chrI	197774	1	0.5	25
	chrI	197787	0	0.5	25
	chrI	197792	0	0.5	25
	chrI	197802	0	0.5	25
	chrI	197808	1	0.5	25
	chrI	197832	1	0.5	25
	chrI	197852	0	0.5	25
	chrI	197855	1	0.5	25
	chrI	197863	1	0.5	25
	chrI	197881	1	1.0	25
	chrI	197894	0	0.5	25
	chrI	197907	1	0.5	25
	chrI	197909	0	0.5	25
	chrI	197914	0	0.5	25
	chrI	197921	1	1.0	25
	chrI	197947	0	0.5	25
	chrI	197953	0	0.5	25
	chrI	197953	1	0.5	25
	chrI	197958	1	0.5	25
	chrI	197964	0	0.5	25
	chrI	197975	1	0.5	25
	chrI	197983	0	0.5	25
	chrI	197989	0	0.5	25
	chrI	198002	1	0.5	25
	chrI	198003	0	0.5	25
	chrI	198004	1	0.5	25
	chrI	198005	0	1.5	25
	chrI	198013	0	0.5	25
	chrI	198041	1	0.5	25
	chrI	198042	0	0.5	25
	chrI	198046	1	0.5	25
	chrI	198054	1	1.0	25
	chrI	198057	1	0.5	25
	chrI	198079	0	0.5	25
	chrI	198081	1	0.5	25
	chrI	198104	0	1.5	25
	chrI	198113	1	0.5	25
	chrI	198138	0	0.5	25
	chrI	198149	1	0.5	25
	chrI	198163	0	1.0	25
	chrI	198166	0	0.5	25
	chrI	198169	1	1.0	25
	chrI	198175	1	0.5	25
	chrI	198182	0	0.5	25
	chrI	198183	0	0.5	25
	chrI	198192	0	0.5	25
	chrI	198198	0	0.5	25
	chrI	198203	1	0.5	25
	chrI	198212	0	0.5	25
	chrI	198241	1	0.5	25
	chrI	198247	1	1.0	25
	chrI	198262	1	0.5	25
	chrI	198268	1	0.5	25
	chrI	198274	1	0.5	25
	chrI	198278	1	0.5	25
	chrI	198280	1	0.5	25
	chrI	198289	0	0.5	25
	chrI	198295	1	0.5	25
	chrI	198303	1	0.5	25
	chrI	198305	1	0.5	25
	chrI	198307	0	1.5	25
	chrI	198323	0	0.5	25
	chrI	198349	0	1.0	25
	chrI	198350	0	0.5	25
	chrI	198368	1	0.5	25
	chrI	198373	1	0.5	25
	chrI	198379	1	1.0	25
	chrI	198381	1	0.5	25
	chrI	198390	0	0.5	25
	chrI	198411	1	0.5	25
	chrI	198415	0	0.5	25
	chrI	198417	0	0.5	25
	chrI	198433	0	0.5	25
	chrI	198459	1	1.0	25
	chrI	198461	1	0.5	25
	chrI	198476	1	0.5	25
	chrI	198489	0	0.5	25
	chrI	198490	1	0.5	25
	chrI	198498	0	0.5	25
	chrI	198511	1	0.5	25
	chrI	198526	0	0.5	25
	chrI	198578	1	0.5	25
	chrI	198622	0	0.5	25
	chrI	198652	0	1.0	25
	chrI	198657	0	0.5	25
	chrI	198670	0	0.5	25
	chrI	198696	1	0.5	25
	chrI	198705	1	0.5	25
	chrI	198708	0	0.5	25
	chrI	198708	1	0.5	25
	chrI	198719	0	0.5	25
	chrI	198724	0	0.5	25
	chrI	198736	1	0.5	25
	chrI	198741	1	0.5	25
	chrI	198742	0	2.0	25
	chrI	198757	1	0.5	25
	chrI	198760	0	0.5	25
	chrI	198774	0	0.5	25
	chrI	198774	1	1.0	25
	chrI	198785	1	0.5	25
	chrI	198794	1	1.5	25
	chrI	198798	1	0.5	25
	chrI	198801	1	0.5	25
	chrI	198803	1	0.5	25
	chrI	198833	0	0.5	25
	chrI	198841	0	1.0	25
	chrI	198882	0	1.0	25
	chrI	198892	1	0.5	25
	chrI	198914	1	0.5	25
	chrI	198918	0	0.5	25
	chrI	198925	1	0.5	25
	chrI	198956	0	0.5	25
	chrI	198977	0	0.5	25
	chrI	198996	0	0.5	25
	chrI	199003	1	0.5	25
	chrI	199014	1	0.5	25
	chrI	199017	0	0.5	25
	chrI	199023	0	0.5	25
	chrI	199036	1	0.5	25
	chrI	199038	1	1.5	25
	chrI	199047	0	0.5	25
	chrI	199059	1	0.5	25
	chrI	199070	0	1.0	25
	chrI	199075	0	0.5	25
	chrI	199081	0	1.5	25
	chrI	199103	0	0.5	25
	chrI	199105	0	0.5	25
	chrI	199136	0	0.5	25
	chrI	199152	1	0.5	25
	chrI	199158	1	1.0	25
	chrI	199161	1	0.5	25
	chrI	199162	1	1.0	25
	chrI	199175	1	0.5	25
	chrI	199178	1	0.5	25
	chrI	199179	0	0.5	25
	chrI	199179	1	0.5	25
	chrI	199187	0	0.5	25
	chrI	199189	1	0.5	25
	chrI	199212	1	0.5	25
	chrI	199224	1	0.5	25
	chrI	199231	1	0.5	25
	chrI	199239	0	0.5	25
	chrI	199261	0	0.5	25
	chrI	199292	0	0.5	25
	chrI	199321	0	0.5	25
	chrI	199332	1	0.5	25
	chrI	199334	1	0.5	25
	chrI	199341	0	0.5	25
	chrI	199345	0	0.5	25
	chrI	199368	1	0.5	25
	chrI	199373	1	0.5	25
	chrI	199375	1	0.5	25
	chrI	199408	1	0.5	25
	chrI	199410	1	0.5	25
	chrI	199411	0	0.5	25
	chrI	199482	1	0.5	25
	chrI	199488	0	1.0	25
	chrI	199502	0	0.5	25
	chrI	199570	1	0.5	25
	chrI	199587	0	0.5	25
	chrI	199617	0	1.5	25
	chrI	199619	0	1.0	25
	chrI	199657	1	0.5	25
	chrI	199670	0	0.5	25
	chrI	199676	1	1.0	25
	chrI	199679	1	1.0	25
	chrI	199743	1	0.5	25
	chrI	199869	1	1.5	25
	chrI	199886	0	0.5	25
	chrI	199887	0	0.5	25
	chrI	199889	0	0.5	25
	chrI	199902	0	0.5	25
	chrI	199934	0	0.5	25
	chrI	199938	0	0.5	25
	chrI	199942	0	0.5	25
	chrI	199943	0	0.5	25
	chrI	199952	0	0.5	25
	chrI	199954	1	0.5	25
	chrI	199960	0	0.5	25
	chrI	199960	1	0.5	25
	chrI	199961	0	0.5	25
	chrI	199974	0	0.5	25
	chrI	199977	1	0.5	25
	chrI	199979	0	0.5	25
	chrI	199982	0	0.5	25
	chrI	199982	1	0.5	25
	chrI	199986	0	0.5	25
	chrI	199998	1	0.5	25
	chrI	200003	1	1.0	25
	chrI	200016	1	0.5	25
	chrI	200021	1	0.5	25
	chrI	200023	1	0.5	25
	chrI	200030	0	0.5	25
	chrI	200056	1	0.5	25
	chrI	200058	0	0.5	25
	chrI	200064	1	0.5	25
	chrI	200083	1	0.5	25
	chrI	200093	0	1.0	25
	chrI	200094	0	0.5	25
	chrI	200096	1	0.5	25
	chrI	200097	0	1.0	25
	chrI	200133	1	0.5	25
	chrI	200138	1	0.5	25
	chrI	200159	1	1.5	25
	chrI	200160	0	0.5	25
	chrI	200165	0	0.5	25
	chrI	200167	1	0.5	25
	chrI	200179	1	0.5	25
	chrI	200208	0	0.5	25
	chrI	200209	0	0.5	25
	chrI	200212	1	0.5	25
	chrI	200213	0	0.5	25
	chrI	200224	1	0.5	25
	chrI	200225	0	0.5	25
	chrI	200264	1	0.5	25
	chrI	200279	0	0.5	25
	chrI	200282	1	0.5	25
	chrI	200284	1	0.5	25
	chrI	200286	1	0.5	25
	chrI	200288	0	0.5	25
	chrI	200295	1	0.5	25
	chrI	200298	0	0.5	25
	chrI	200333	1	0.5	25
	chrI	200342	0	0.5	25
	chrI	200348	1	0.5	25
	chrI	200352	0	0.5	24
	chrI	200384	0	0.5	25
	chrI	200390	0	1.0	25
	chrI	200406	0	0.5	25
	chrI	200442	0	0.5	25
	chrI	200446	1	0.5	25
	chrI	200447	0	1.0	25
	chrI	200449	0	1.0	25
	chrI	200450	1	0.5	25
	chrI	200451	0	0.5	25
	chrI	200453	1	0.5	25
	chrI	200455	0	1.0	25
	chrI	200456	0	0.5	25
	chrI	200457	0	1.0	25
	chrI	200464	0	2.5	25
	chrI	200465	0	1.0	25
	chrI	200471	0	0.5	25
	chrI	200473	0	1.0	25
	chrI	200478	0	0.5	25
	chrI	200479	0	0.5	25
	chrI	200480	1	0.5	25
	chrI	200491	0	0.5	25
	chrI	200492	1	0.5	25
	chrI	200493	0	0.5	25
	chrI	200493	1	0.5	25
	chrI	200494	0	0.5	25
	chrI	200495	0	0.5	25
	chrI	200496	0	0.5	25
	chrI	200498	0	1.0	25
	chrI	200506	1	0.5	25
	chrI	200507	1	0.5	25
	chrI	200508	0	1.0	25
	chrI	200519	1	0.5	25
	chrI	200533	1	3.0	25
	chrI	200534	0	1.0	25
	chrI	200534	1	0.5	25
	chrI	200535	0	0.5	25
	chrI	200535	1	2.5	25
	chrI	200536	0	1.0	25
	chrI	200536	1	2.0	25
	chrI	200537	0	1.0	25
	chrI	200537	1	0.5	25
	chrI	200538	0	0.5	25
	chrI	200542	1	0.5	25
	chrI	200546	1	0.5	25
	chrI	200549	0	0.5	25
	chrI	200552	0	0.5	25
	chrI	200558	1	1.0	25
	chrI	200565	1	0.5	25
	chrI	200570	1	0.5	25
	chrI	200573	1	1.0	25
	chrI	200579	1	1.0	25
	chrI	200580	1	0.5	25
	chrI	200593	0	0.5	25
	chrI	200600	1	1.0	25
	chrI	200601	1	1.0	25
	chrI	200603	1	0.5	25
	chrI	200604	0	1.0	25
	chrI	200605	1	0.5	25
	chrI	200613	1	0.5	25
	chrI	200620	0	0.5	25
	chrI	200620	1	0.5	25
	chrI	200638	0	0.5	25
	chrI	200652	1	0.5	25
	chrI	200662	0	0.5	25
	chrI	200666	0	0.5	25
	chrI	200670	1	1.0	25
	chrI	200717	1	0.5	25
	chrI	200729	1	1.5	25
	chrI	200730	0	0.5	25
	chrI	200731	0	0.5	25
	chrI	200735	0	0.5	25
	chrI	200740	0	0.5	25
	chrI	200744	1	0.5	25
	chrI	200763	0	1.0	25
	chrI	200766	0	0.5	25
	chrI	200773	1	0.5	25
	chrI	200780	1	0.5	25
	chrI	200791	1	0.5	25
	chrI	200805	0	0.5	25
	chrI	200813	1	0.5	25
	chrI	200818	1	0.5	25
	chrI	200828	0	0.5	25
	chrI	200835	0	0.5	25
	chrI	200846	0	0.5	25
	chrI	200856	0	0.5	25
	chrI	200859	1	0.5	25
	chrI	200861	0	0.5	25
	chrI	200864	0	0.5	25
	chrI	200865	1	0.5	25
	chrI	200874	1	0.5	25
	chrI	200893	0	0.5	25
	chrI	200902	0	0.5	25
	chrI	200910	1	0.5	25
	chrI	200920	0	0.5	25
	chrI	200923	1	0.5	25
	chrI	200930	1	1.0	25
	chrI	200931	1	0.5	25
	chrI	200952	0	0.5	25
	chrI	200952	1	0.5	25
	chrI	200954	0	0.5	25
	chrI	200954	1	0.5	25
	chrI	200956	1	0.5	25
	chrI	200960	1	0.5	25
	chrI	200973	1	0.5	24
	chrI	200999	1	0.5	25
	chrI	201013	1	0.5	25
	chrI	201047	1	0.5	25
	chrI	201056	1	0.5	25
	chrI	201077	0	0.5	25
	chrI	201082	0	0.5	25
	chrI	201088	0	1.0	25
	chrI	201139	1	0.5	25
	chrI	201145	1	0.5	25
	chrI	201155	1	0.5	25
	chrI	201183	0	0.5	25
	chrI	201204	0	0.5	25
	chrI	201236	1	0.5	25
	chrI	201246	1	0.5	25
	chrI	201272	0	0.5	25
	chrI	201275	1	0.5	25
	chrI	201277	0	0.5	25
	chrI	201281	0	0.5	25
	chrI	201331	1	0.5	25
	chrI	201360	1	0.5	25
	chrI	201378	1	0.5	25
	chrI	201418	0	0.5	25
	chrI	201441	0	0.5	25
	chrI	201479	0	0.5	25
	chrI	201503	0	1.5	25
	chrI	201516	0	0.5	25
	chrI	201516	1	0.5	25
	chrI	201517	0	0.5	25
	chrI	201538	1	0.5	25
	chrI	201556	1	0.5	25
	chrI	201557	0	0.5	25
	chrI	201571	1	0.5	25
	chrI	201573	1	1.5	25
	chrI	201612	0	0.5	25
	chrI	201621	1	0.5	25
	chrI	201635	1	0.5	25
	chrI	201646	0	0.5	25
	chrI	201660	0	0.5	25
	chrI	201681	1	0.5	25
	chrI	201705	0	0.5	25
	chrI	201707	0	0.5	25
	chrI	201721	0	0.5	25
	chrI	201731	1	0.5	25
	chrI	201734	0	0.5	25
	chrI	201734	1	0.5	25
	chrI	201739	0	0.5	23
	chrI	201763	0	0.5	25
	chrI	201783	1	0.5	25
	chrI	201785	0	0.5	25
	chrI	201794	1	0.5	25
	chrI	201820	1	0.5	25
	chrI	201851	0	0.5	25
	chrI	201858	0	1.0	25
	chrI	201864	0	0.5	25
	chrI	201878	1	0.5	25
	chrI	201880	1	0.5	25
	chrI	201886	0	0.5	25
	chrI	201887	0	0.5	25
	chrI	201908	1	0.5	25
	chrI	201913	1	0.5	25
	chrI	201922	1	0.5	25
	chrI	201945	1	0.5	25
	chrI	201948	1	0.5	25
	chrI	201951	0	0.5	25
	chrI	201951	1	0.5	25
	chrI	201959	1	0.5	25
	chrI	202023	1	0.5	25
	chrI	202025	0	0.5	25
	chrI	202030	0	0.5	25
	chrI	202046	0	0.5	25
	chrI	202067	0	1.0	25
	chrI	202078	1	0.5	25
	chrI	202080	1	0.5	25
	chrI	202108	0	1.0	25
	chrI	202119	1	0.5	25
	chrI	202133	1	0.5	25
	chrI	202152	1	1.0	25
	chrI	202173	1	1.0	25
	chrI	202184	0	0.5	25
	chrI	202201	0	0.5	25
	chrI	202206	0	0.5	25
	chrI	202242	1	0.5	25
	chrI	202249	0	0.5	25
	chrI	202249	1	0.5	25
	chrI	202252	1	0.5	25
	chrI	202264	0	0.5	25
	chrI	202266	0	0.5	25
	chrI	202305	1	0.5	25
	chrI	202316	0	0.5	25
	chrI	202323	1	0.5	25
	chrI	202348	0	0.5	25
	chrI	202384	1	0.5	25
	chrI	202387	0	1.0	25
	chrI	202415	0	0.5	25
	chrI	202416	1	0.5	25
	chrI	202421	0	0.5	25
	chrI	202424	1	0.5	25
	chrI	202439	0	1.0	25
	chrI	202448	0	0.5	25
	chrI	202449	0	0.5	25
	chrI	202499	1	0.5	25
	chrI	202507	1	0.5	25
	chrI	202519	0	0.5	25
	chrI	202545	1	0.5	25
	chrI	202549	0	1.0	25
	chrI	202551	0	0.5	25
	chrI	202571	0	0.5	25
	chrI	202583	1	0.5	25
	chrI	202587	0	0.5	25
	chrI	202594	1	0.5	25
	chrI	202597	0	0.5	25
	chrI	202602	1	0.5	25
	chrI	202603	0	1.5	25
	chrI	202611	0	0.5	25
	chrI	202617	1	0.5	25
	chrI	202638	0	0.5	25
	chrI	202643	0	1.0	25
	chrI	202645	0	1.0	25
	chrI	202647	0	0.5	25
	chrI	202653	1	0.5	25
	chrI	202658	1	0.5	25
	chrI	202664	1	0.5	25
	chrI	202665	0	1.0	25
	chrI	202676	1	0.5	25
	chrI	202677	1	0.5	25
	chrI	202678	1	1.0	25
	chrI	202680	0	0.5	25
	chrI	202682	1	0.5	25
	chrI	202683	1	0.5	25
	chrI	202695	0	0.5	25
	chrI	202699	1	0.5	25
	chrI	202705	1	0.5	25
	chrI	202710	0	0.5	25
	chrI	202713	1	2.5	25
	chrI	202715	1	0.5	25
	chrI	202717	1	1.0	25
	chrI	202727	1	0.5	25
	chrI	202737	0	0.5	25
	chrI	202738	1	0.5	25
	chrI	202747	0	0.5	25
	chrI	202757	1	0.5	25
	chrI	202765	0	1.0	25
	chrI	202765	1	0.5	25
	chrI	202776	0	0.5	25
	chrI	202781	0	0.5	25
	chrI	202798	0	0.5	25
	chrI	202798	1	0.5	25
	chrI	202799	1	0.5	25
	chrI	202814	0	1.0	25
	chrI	202845	1	1.0	25
	chrI	202848	1	0.5	25
	chrI	202867	1	0.5	25
	chrI	202869	1	0.5	25
	chrI	202900	1	1.0	25
	chrI	202901	0	0.5	25
	chrI	202919	0	0.5	25
	chrI	202966	1	0.5	25
	chrI	202982	1	0.5	25
	chrI	203002	0	0.5	25
	chrI	203066	0	1.0	25
	chrI	203068	1	0.5	25
	chrI	203075	0	0.5	25
	chrI	203105	0	0.5	25
	chrI	203134	1	1.0	25
	chrI	203146	1	0.5	25
	chrI	203168	1	0.5	25
	chrI	203186	0	0.5	25
	chrI	203191	0	0.5	25
	chrI	203204	0	0.5	25
	chrI	203212	0	0.5	25
	chrI	203239	1	0.5	25
	chrI	203244	0	0.5	25
	chrI	203244	1	0.5	25
	chrI	203245	0	1.0	25
	chrI	203256	1	0.5	25
	chrI	203271	1	0.5	25
	chrI	203322	0	0.5	25
	chrI	203336	1	0.5	25
	chrI	203337	0	0.5	25
	chrI	203363	1	0.5	25
	chrI	203375	1	0.5	25
	chrI	203390	0	0.5	25
	chrI	203421	1	0.5	25
	chrI	203429	1	0.5	25
	chrI	203440	0	0.5	25
	chrI	203512	1	0.5	25
	chrI	203579	1	0.5	25
	chrI	203654	0	1.0	25
	chrI	203698	0	0.5	25
	chrI	203699	0	0.5	24
	chrI	203748	0	0.5	25
	chrI	203857	0	0.5	25
	chrI	203867	0	0.5	25
	chrI	203873	1	1.5	25
	chrI	203894	0	0.5	25
	chrI	203940	0	0.5	25
	chrI	203946	1	0.5	25
	chrI	203968	0	0.5	25
	chrI	203975	0	0.5	25
	chrI	203978	1	0.5	25
	chrI	203979	0	0.5	25
	chrI	204001	0	0.5	25
	chrI	204028	1	0.5	25
	chrI	204031	0	0.5	25
	chrI	204036	0	1.0	25
	chrI	204046	1	1.0	25
	chrI	204047	1	0.5	25
	chrI	204051	1	0.5	25
	chrI	204053	1	0.5	25
	chrI	204062	0	0.5	25
	chrI	204084	1	0.5	25
	chrI	204085	0	0.5	25
	chrI	204115	1	0.5	25
	chrI	204122	1	1.0	25
	chrI	204126	0	1.0	25
	chrI	204156	0	0.5	25
	chrI	204158	1	0.5	25
	chrI	204173	1	0.5	25
	chrI	204174	0	0.5	25
	chrI	204193	1	1.0	25
	chrI	204206	0	0.5	25
	chrI	204212	0	0.5	25
	chrI	204220	1	0.5	25
	chrI	204243	1	0.5	25
	chrI	204257	1	0.5	25
	chrI	204271	1	0.5	25
	chrI	204337	1	0.5	25
	chrI	206051	0	0.5	25
	chrI	206093	0	0.5	25
	chrI	206116	1	0.5	25
	chrI	206310	0	1.5	23
	chrI	206409	0	0.5	25
	chrI	206459	1	0.5	25
	chrI	206461	1	0.5	24
	chrI	206520	0	0.5	25
	chrI	206560	0	0.5	25
	chrI	206582	1	0.5	25
	chrI	206615	0	0.5	25
	chrI	206644	1	0.5	25
	chrI	206664	0	0.5	25
	chrI	206709	0	0.5	25
	chrI	206713	1	0.5	25
	chrI	206714	0	0.5	25
	chrI	206729	1	1.5	25
	chrI	206767	0	0.5	25
	chrI	206771	0	0.5	25
	chrI	206771	1	0.5	25
	chrI	206788	1	0.5	25
	chrI	206791	1	0.5	25
	chrI	206800	0	0.5	25
	chrI	206824	1	0.5	25
	chrI	206843	1	0.5	25
	chrI	206846	1	0.5	25
	chrI	206894	0	0.5	25
	chrI	206951	0	0.5	25
	chrI	206958	1	0.5	25
	chrI	206990	0	0.5	25
	chrI	207018	1	0.5	25
	chrI	207080	1	0.5	25
	chrI	207138	0	1.0	25
	chrI	207139	0	0.5	25
	chrI	207140	0	0.5	25
	chrI	207150	0	0.5	25
	chrI	207163	0	1.0	25
	chrI	207190	1	0.5	25
	chrI	207201	1	0.5	25
	chrI	207216	0	0.5	25
	chrI	207222	1	1.0	25
	chrI	207226	1	1.0	25
	chrI	207256	0	0.5	25
	chrI	207257	0	0.5	25
	chrI	207293	0	0.5	25
	chrI	207328	1	0.5	25
	chrI	207350	1	0.5	25
	chrI	207380	1	0.5	25
	chrI	207383	0	0.5	25
	chrI	207384	0	0.5	25
	chrI	207393	0	0.5	25
	chrI	207395	1	0.5	25
	chrI	207426	1	0.5	25
	chrI	207453	1	0.5	25
	chrI	207463	1	0.5	25
	chrI	207520	0	0.5	25
	chrI	207541	0	0.5	25
	chrI	207555	1	0.5	25
	chrI	207556	0	0.5	25
	chrI	207562	0	0.5	25
	chrI	207599	1	0.5	25
	chrI	207614	1	0.5	25
	chrI	207623	0	0.5	25
	chrI	207623	1	0.5	25
	chrI	207673	1	0.5	25
	chrI	207687	0	1.0	25
	chrI	207773	1	0.5	25
	chrI	207778	1	1.0	25
	chrI	207873	0	0.5	25
	chrI	207879	0	0.5	25
	chrI	207890	0	0.5	25
	chrI	207914	1	0.5	25
	chrI	207933	0	0.5	25
	chrI	207973	1	0.5	25
	chrI	208018	0	0.5	25
	chrI	208040	0	0.5	25
	chrI	208048	0	0.5	25
	chrI	208065	0	2.0	25
	chrI	208067	0	0.5	25
	chrI	208068	0	0.5	25
	chrI	208070	0	0.5	25
	chrI	208072	0	0.5	25
	chrI	208077	0	0.5	25
	chrI	208079	1	0.5	25
	chrI	208089	0	0.5	25
	chrI	208099	1	0.5	25
	chrI	208101	0	0.5	25
	chrI	208109	0	0.5	25
	chrI	208111	0	0.5	25
	chrI	208116	1	0.5	25
	chrI	208117	0	1.5	25
	chrI	208119	0	0.5	25
	chrI	208119	1	0.5	25
	chrI	208121	1	0.5	25
	chrI	208122	1	0.5	25
	chrI	208125	0	2.0	25
	chrI	208132	0	0.5	25
	chrI	208136	1	1.5	25
	chrI	208138	1	0.5	25
	chrI	208142	1	1.0	25
	chrI	208149	1	0.5	25
	chrI	208153	1	0.5	25
	chrI	208156	0	0.5	25
	chrI	208165	1	1.0	25
	chrI	208168	1	0.5	25
	chrI	208169	1	0.5	25
	chrI	208180	1	0.5	25
	chrI	208181	1	0.5	25
	chrI	208182	1	0.5	25
	chrI	208183	0	1.0	25
	chrI	208187	0	0.5	25
	chrI	208190	0	0.5	25
	chrI	208191	1	0.5	25
	chrI	208194	1	0.5	25
	chrI	208196	1	1.5	25
	chrI	208201	0	0.5	25
	chrI	208206	1	0.5	25
	chrI	208207	0	0.5	25
	chrI	208207	1	0.5	25
	chrI	208211	0	0.5	25
	chrI	208253	0	0.5	25
	chrI	208254	0	0.5	25
	chrI	208260	1	0.5	25
	chrI	208267	1	0.5	25
	chrI	208268	1	0.5	25
	chrI	208271	0	0.5	25
	chrI	208277	1	0.5	25
	chrI	208295	1	0.5	25
	chrI	208325	1	0.5	25
	chrI	208355	1	0.5	25
	chrI	208356	1	0.5	25
	chrI	208357	0	0.5	25
	chrI	208359	1	0.5	25
	chrI	208361	0	0.5	25
	chrI	208391	0	0.5	25
	chrI	208407	0	0.5	25
	chrI	208409	0	0.5	25
	chrI	208413	1	0.5	25
	chrI	208426	1	0.5	25
	chrI	208445	1	0.5	25
	chrI	208500	1	0.5	25
	chrI	208501	0	1.0	25
	chrI	208505	0	0.5	25
	chrI	208514	1	0.5	25
	chrI	208516	0	1.0	25
	chrI	208547	1	0.5	25
	chrI	208606	1	1.0	25
	chrI	208648	0	0.5	25
	chrI	208658	0	0.5	25
	chrI	208684	1	1.0	25
	chrI	208698	1	0.5	25
	chrI	208700	0	0.5	25
	chrI	208705	1	0.5	25
	chrI	208724	0	0.5	25
	chrI	208739	1	0.5	25
	chrI	208765	1	0.5	25
	chrI	208786	0	0.5	25
	chrI	208797	0	0.5	25
	chrI	208813	0	0.5	25
	chrI	208838	1	0.5	25
	chrI	208860	0	0.5	25
	chrI	208869	0	0.5	25
	chrI	208872	1	0.5	25
	chrI	208882	1	0.5	25
	chrI	208890	1	0.5	25
	chrI	208899	0	0.5	25
	chrI	208925	1	0.5	25
	chrI	208953	1	0.5	25
	chrI	208956	1	0.5	25
	chrI	208986	0	0.5	25
	chrI	209068	1	0.5	25
	chrI	209182	0	0.5	25
	chrI	209186	0	0.5	25
	chrI	209192	0	0.5	25
	chrI	209244	0	0.5	25
	chrI	209246	1	0.5	25
	chrI	209274	1	0.5	25
	chrI	209281	1	0.5	25
	chrI	209311	0	0.5	25
	chrI	209315	0	0.5	25
	chrI	209344	0	1.0	25
	chrI	209364	0	0.5	25
	chrI	209369	1	0.5	25
	chrI	209372	1	0.5	25
	chrI	209391	1	0.5	25
	chrI	209395	0	1.0	25
	chrI	209398	1	0.5	25
	chrI	209417	0	0.5	25
	chrI	209421	0	0.5	25
	chrI	209432	1	0.5	25
	chrI	209438	1	1.0	25
	chrI	209486	1	0.5	25
	chrI	209490	1	0.5	25
	chrI	209492	0	0.5	25
	chrI	209506	0	0.5	25
	chrI	209510	0	1.0	25
	chrI	209569	1	1.5	25
	chrI	209580	1	0.5	25
	chrI	209588	1	0.5	25
	chrI	209592	0	0.5	25
	chrI	209594	0	0.5	25
	chrI	209615	0	0.5	24
	chrI	209615	0	1.5	25
	chrI	209616	0	0.5	25
	chrI	209652	0	0.5	25
	chrI	209652	1	0.5	25
	chrI	209654	1	0.5	25
	chrI	209658	0	0.5	25
	chrI	209666	1	0.5	25
	chrI	209696	1	1.5	25
	chrI	209717	1	0.5	25
	chrI	209718	1	0.5	25
	chrI	209721	0	0.5	25
	chrI	209731	0	0.5	25
	chrI	209735	1	0.5	25
	chrI	209793	1	0.5	25
	chrI	209794	1	0.5	25
	chrI	210038	0	0.5	25
	chrI	210111	0	0.5	25
	chrI	210119	0	0.5	25
	chrI	210142	0	0.5	25
	chrI	210151	0	0.5	25
	chrI	210160	0	0.5	25
	chrI	210173	0	0.5	25
	chrI	210177	0	0.5	25
	chrI	210182	1	0.5	25
	chrI	210188	1	0.5	25
	chrI	210216	0	0.5	25
	chrI	210218	1	1.5	25
	chrI	210228	0	0.5	25
	chrI	210248	0	0.5	25
	chrI	210251	1	0.5	25
	chrI	210253	1	0.5	25
	chrI	210274	1	0.5	25
	chrI	210291	1	0.5	25
	chrI	210313	0	0.5	25
	chrI	210326	1	0.5	25
	chrI	210352	0	1.0	25
	chrI	210361	1	0.5	25
	chrI	210364	0	0.5	25
	chrI	210381	1	0.5	25
	chrI	210382	0	1.0	25
	chrI	210406	0	0.5	25
	chrI	210411	1	0.5	25
	chrI	210417	1	1.0	25
	chrI	210440	1	0.5	25
	chrI	210446	0	0.5	25
	chrI	210476	0	0.5	25
	chrI	210478	0	0.5	25
	chrI	210490	1	0.5	25
	chrI	210492	1	0.5	25
	chrI	210517	1	0.5	25
	chrI	210550	1	0.5	25
	chrI	210569	0	1.0	25
	chrI	210583	0	0.5	25
	chrI	210603	1	0.5	25
	chrI	210604	0	1.0	25
	chrI	210614	0	0.5	25
	chrI	210642	1	0.5	25
	chrI	210643	1	1.0	25
	chrI	210647	0	0.5	25
	chrI	210648	0	1.0	25
	chrI	210656	0	0.5	25
	chrI	210657	0	0.5	25
	chrI	210661	0	0.5	25
	chrI	210682	1	0.5	25
	chrI	210692	0	1.0	25
	chrI	210708	0	1.0	25
	chrI	210709	1	0.5	25
	chrI	210728	1	1.0	25
	chrI	210736	1	0.5	25
	chrI	210740	1	1.0	25
	chrI	210763	1	1.0	25
	chrI	210765	1	0.5	25
	chrI	210776	1	0.5	25
	chrI	210783	1	1.0	25
	chrI	210841	0	0.5	25
	chrI	210900	1	0.5	25
	chrI	210906	0	0.5	25
	chrI	210953	0	0.5	25
	chrI	210962	0	0.5	25
	chrI	210963	0	0.5	25
	chrI	210972	1	0.5	25
	chrI	211034	0	0.5	25
	chrI	211044	1	0.5	25
	chrI	211060	1	0.5	25
	chrI	211063	0	1.0	25
	chrI	211094	1	0.5	25
	chrI	211182	1	1.0	25
	chrI	211231	1	0.5	25
	chrI	213616	0	0.5	25
	chrI	213661	1	0.5	25
	chrI	215954	0	0.5	25
	chrI	215961	0	0.5	23
	chrI	215961	0	0.5	25
	chrI	216018	0	0.5	25
	chrI	216035	1	1.5	25
	chrI	216115	1	0.5	25
	chrI	219128	0	1.0	25
	chrI	219228	0	0.5	25
	chrI	219230	0	0.5	25
	chrI	219251	0	0.5	25
	chrI	219262	1	1.0	25
	chrI	219280	1	0.5	25
	chrI	219304	1	0.5	25
	chrI	219509	1	0.5	25
	chrI	219518	0	0.5	25
	chrI	219551	0	0.5	25
	chrI	219574	0	0.5	25
	chrI	219608	1	0.5	25
	chrI	219617	1	0.5	25
	chrI	219900	1	0.5	25
	chrI	220228	0	0.5	25
	chrI	220229	0	0.5	25
	chrI	220275	0	0.5	25
	chrI	220301	0	0.5	25
	chrI	220301	1	0.5	25
	chrI	220303	0	0.5	25
	chrI	220321	0	0.5	25
	chrI	220326	0	0.5	25
	chrI	220357	1	0.5	25
	chrI	220358	0	0.5	25
	chrI	220364	0	0.5	25
	chrI	220387	1	0.5	25
	chrI	220389	1	0.5	25
	chrI	220392	1	0.5	25
	chrI	220393	1	0.5	25
	chrI	220398	1	0.5	25
	chrI	220399	1	0.5	25
	chrI	220430	1	0.5	25
	chrI	220468	0	0.5	25
	chrI	220513	1	0.5	25
	chrI	220546	0	1.0	25
	chrI	220614	0	0.5	25
	chrI	220618	0	0.5	25
	chrI	220655	1	1.0	25
	chrI	220668	1	0.5	25
	chrI	220700	1	0.5	25
	chrI	220759	0	0.5	25
	chrI	220801	0	0.5	25
	chrI	220811	1	0.5	25
	chrI	220866	1	0.5	25
	chrI	221334	0	0.5	25
	chrI	221410	0	0.5	25
	chrI	221423	1	0.5	25
	chrI	221627	1	0.5	25
	chrI	221922	0	0.5	25
	chrI	222017	1	0.5	25
	chrI	222143	0	0.5	25
	chrI	222228	0	0.5	25
	chrI	222231	0	0.5	25
	chrI	222235	0	0.5	25
	chrI	222277	1	1.0	25
	chrI	222293	1	0.5	25
	chrI	222294	1	0.5	25
	chrI	222407	0	1.0	25
	chrI	222566	0	0.5	25
	chrI	222601	1	1.0	25
	chrI	222641	1	0.5	25
	chrI	222916	0	0.5	25
	chrI	222984	0	0.5	25
	chrI	222985	0	0.5	25
	chrI	223036	1	0.5	25
	chrI	223070	1	0.5	25
	chrI	223080	1	0.5	25
	chrI	223168	0	1.0	25
	chrI	223169	0	0.5	25
	chrI	223174	0	1.0	25
	chrI	223177	0	1.0	25
	chrI	223211	1	0.5	25
	chrI	223236	1	0.5	25
	chrI	223243	1	0.5	25
	chrI	223245	1	0.5	25
	chrI	223254	1	0.5	25
	chrI	223255	1	0.5	25
	chrI	223266	1	0.5	25
	chrI	223671	0	0.5	25
	chrI	223705	0	0.5	25
	chrI	223724	1	0.5	25
	chrI	223763	1	0.5	24
	chrI	224693	0	0.5	25
	chrI	224737	0	0.5	25
	chrI	224777	0	0.5	25
	chrI	224778	0	0.5	25
	chrI	224788	0	0.5	25
	chrI	224795	1	0.5	25
	chrI	224801	0	1.0	25
	chrI	224802	0	0.5	25
	chrI	224803	1	0.5	25
	chrI	224819	1	0.5	25
	chrI	224822	1	0.5	25
	chrI	224856	1	0.5	25
	chrI	224866	1	0.5	25
	chrI	224886	1	0.5	25
	chrI	225015	1	0.5	25
	chrI	225048	0	0.5	25
	chrI	225117	1	0.5	25
	chrI	225571	0	0.5	25
	chrI	225675	0	0.5	25
	chrI	225748	1	0.5	25
	chrI	225750	1	0.5	24
	chrI	226626	0	0.5	25
	chrI	226705	1	0.5	25
	chrI	226908	0	0.5	25
	chrI	226927	0	0.5	25
	chrI	226928	0	0.5	25
	chrI	226959	0	0.5	25
	chrI	226964	0	0.5	25
	chrI	226974	0	0.5	25
	chrI	226976	0	0.5	25
	chrI	226978	0	0.5	25
	chrI	226987	0	0.5	25
	chrI	227002	0	0.5	25
	chrI	227010	1	0.5	25
	chrI	227018	1	0.5	25
	chrI	227020	1	0.5	25
	chrI	227023	0	0.5	25
	chrI	227035	1	1.0	25
	chrI	227048	1	0.5	25
	chrI	227060	1	0.5	25
	chrI	227061	0	0.5	25
	chrI	227074	1	0.5	25
	chrI	227079	1	0.5	25
	chrI	227087	0	0.5	25
	chrI	227114	1	0.5	25
	chrI	227116	0	0.5	25
	chrI	227131	0	0.5	25
	chrI	227144	1	0.5	25
	chrI	227145	0	0.5	25
	chrI	227147	0	1.0	25
	chrI	227154	0	0.5	25
	chrI	227164	0	0.5	25
	chrI	227166	0	0.5	25
	chrI	227172	0	1.0	25
	chrI	227194	1	0.5	25
	chrI	227202	0	0.5	25
	chrI	227209	1	0.5	25
	chrI	227239	1	1.0	25
	chrI	227241	1	0.5	25
	chrI	227242	0	0.5	25
	chrI	227277	1	0.5	25
	chrI	227281	1	0.5	25
	chrI	227288	0	0.5	25
	chrI	227298	1	0.5	25
	chrI	227302	1	0.5	25
	chrI	227307	1	0.5	24
	chrI	227309	0	1.0	25
	chrI	227310	0	0.5	25
	chrI	227311	0	0.5	25
	chrI	227313	1	0.5	25
	chrI	227317	0	0.5	25
	chrI	227318	0	1.0	25
	chrI	227325	1	0.5	25
	chrI	227329	0	0.5	25
	chrI	227330	0	1.5	25
	chrI	227353	1	0.5	25
	chrI	227354	0	0.5	25
	chrI	227363	1	2.0	25
	chrI	227364	0	1.5	25
	chrI	227365	0	1.0	25
	chrI	227366	0	0.5	25
	chrI	227376	0	0.5	25
	chrI	227385	1	0.5	25
	chrI	227400	0	0.5	25
	chrI	227404	1	0.5	25
	chrI	227411	1	0.5	25
	chrI	227432	1	0.5	23
	chrI	227435	1	0.5	25
	chrI	227436	1	0.5	25
	chrI	227437	0	0.5	25
	chrI	227437	1	1.0	25
	chrI	227438	1	1.0	25
	chrI	227439	1	0.5	25
	chrI	227440	1	0.5	25
	chrI	227441	1	1.5	25
	chrI	227442	0	1.5	25
	chrI	227444	0	0.5	25
	chrI	227448	0	0.5	25
	chrI	227453	1	0.5	25
	chrI	227455	1	0.5	25
	chrI	227468	0	1.0	25
	chrI	227472	0	0.5	25
	chrI	227479	0	1.0	25
	chrI	227481	1	0.5	25
	chrI	227483	0	1.0	25
	chrI	227484	0	0.5	25
	chrI	227491	0	0.5	25
	chrI	227515	0	0.5	25
	chrI	227518	1	0.5	25
	chrI	227539	1	0.5	25
	chrI	227550	1	1.0	25
	chrI	227556	1	0.5	25
	chrI	227557	1	0.5	25
	chrI	227561	1	1.0	25
	chrI	227572	1	0.5	25
	chrI	227576	1	0.5	25
	chrI	227591	1	0.5	25
	chrI	227600	0	0.5	25
	chrI	227608	0	0.5	25
	chrI	227608	1	0.5	25
	chrI	227618	0	0.5	25
	chrI	227622	1	0.5	25
	chrI	227627	1	0.5	25
	chrI	227629	0	0.5	25
	chrI	227630	0	1.5	25
	chrI	227630	1	1.0	25
	chrI	227635	0	1.0	25
	chrI	227636	0	0.5	25
	chrI	227683	1	0.5	25
	chrI	227684	1	1.0	25
	chrI	227689	0	0.5	25
	chrI	227694	1	0.5	25
	chrI	227698	1	0.5	25
	chrI	227699	1	1.0	25
	chrI	227707	0	0.5	25
	chrI	227714	1	0.5	25
	chrI	227734	1	0.5	25
	chrI	227744	1	0.5	25
	chrI	227760	1	0.5	25
	chrI	227764	0	0.5	25
	chrI	227796	0	1.0	25
	chrI	227804	1	0.5	25
	chrI	227831	0	0.5	25
	chrI	227834	1	0.5	25
	chrI	227852	0	0.5	25
	chrI	227870	1	0.5	25
	chrI	227912	0	0.5	25
	chrI	227945	1	0.5	25
	chrI	227948	1	0.5	25
	chrI	227956	0	0.5	25
	chrI	227965	1	0.5	25
	chrI	227969	1	0.5	25
	chrI	228000	0	0.5	25
	chrI	228018	0	0.5	25
	chrI	228066	1	0.5	25
	chrI	228119	0	0.5	25
	chrI	228142	1	0.5	25
	chrI	228178	1	0.5	25
	chrI	228188	0	0.5	25
	chrI	228298	1	0.5	25
	chrI	228308	0	0.5	25
	chrI	228379	0	1.0	25
	chrI	228393	1	0.5	25
	chrI	228401	1	0.5	25
	chrI	228435	0	0.5	25
	chrI	228496	1	1.0	25
	chrI	228503	1	0.5	25
	chrI	228510	0	0.5	25
	chrI	228536	0	0.5	25
	chrI	228566	1	0.5	25
	chrI	228601	1	0.5	25
	chrI	228605	0	0.5	25
	chrI	228618	0	0.5	25
	chrI	228625	0	0.5	25
	chrI	228658	0	0.5	25
	chrI	228667	0	0.5	25
	chrI	228673	0	0.5	25
	chrI	228676	1	0.5	25
	chrI	228686	1	0.5	25
	chrI	228694	1	0.5	25
	chrI	228696	0	0.5	25
	chrI	228705	1	0.5	25
	chrI	228708	1	0.5	25
	chrI	228755	0	0.5	25
	chrI	228762	0	0.5	25
	chrI	228815	0	1.0	25
	chrI	228815	1	0.5	25
	chrI	228863	1	1.0	25
	chrI	228870	1	0.5	25
	chrI	228881	1	0.5	25
	chrI	228883	1	0.5	25
	chrI	228974	0	0.5	25
	chrI	229021	0	0.5	25
	chrI	229044	0	0.5	25
	chrI	229053	0	0.5	25
	chrI	229068	0	0.5	25
	chrI	229101	0	0.5	25
	chrI	229110	1	0.5	25
	chrI	229118	0	0.5	25
	chrI	229127	1	0.5	25
	chrI	229144	0	0.5	25
	chrI	229150	1	0.5	25
	chrI	229156	0	0.5	25
	chrI	229169	1	0.5	25
	chrI	229179	0	0.5	25
	chrI	229190	0	0.5	25
	chrI	229196	1	0.5	25
	chrI	229197	1	0.5	25
	chrI	229220	1	0.5	25
	chrI	229226	0	0.5	25
	chrI	229244	0	0.5	25
	chrI	229260	0	0.5	25
	chrI	229264	1	0.5	25
	chrI	229266	0	0.5	25
	chrI	229276	1	0.5	25
	chrI	229278	1	0.5	25
	chrI	229279	0	0.5	25
	chrI	229284	1	0.5	25
	chrI	229306	1	0.5	25
	chrI	229313	0	0.5	25
	chrI	229329	0	0.5	25
	chrI	229343	0	1.0	25
	chrI	229353	1	0.5	25
	chrI	229366	1	0.5	25
	chrI	229390	1	0.5	25
	chrI	229394	1	0.5	25
	chrI	229400	1	0.5	25
	chrI	229403	0	0.5	25
	chrI	229405	0	1.0	25
	chrI	229408	0	1.0	25
	chrI	229409	0	0.5	25
	chrI	229410	0	0.5	25
	chrI	229411	0	1.5	25
	chrI	229413	0	4.0	25
	chrI	229414	1	1.0	25
	chrI	229415	0	1.0	25
	chrI	229417	0	0.5	25
	chrI	229422	0	1.0	25
	chrI	229423	0	0.5	25
	chrI	229424	0	1.5	25
	chrI	229428	0	1.0	25
	chrI	229430	0	0.5	25
	chrI	229431	0	1.5	25
	chrI	229433	0	0.5	24
	chrI	229433	0	0.5	25
	chrI	229434	0	1.0	25
	chrI	229438	0	0.5	25
	chrI	229440	1	0.5	25
	chrI	229442	0	1.0	25
	chrI	229445	0	0.5	25
	chrI	229447	0	2.5	25
	chrI	229449	0	1.0	25
	chrI	229456	0	0.5	25
	chrI	229460	0	0.5	25
	chrI	229461	0	1.5	25
	chrI	229471	0	0.5	25
	chrI	229472	1	1.0	25
	chrI	229478	1	0.5	25
	chrI	229480	1	1.5	25
	chrI	229490	1	0.5	25
	chrI	229491	1	2.5	25
	chrI	229492	1	0.5	25
	chrI	229493	1	1.5	25
	chrI	229494	0	0.5	24
	chrI	229494	1	2.5	25
	chrI	229499	1	3.5	25
	chrI	229502	1	5.0	25
	chrI	229503	1	1.5	25
	chrI	229504	1	4.0	25
	chrI	229505	1	0.5	25
	chrI	229507	1	0.5	25
	chrI	229509	1	0.5	25
	chrI	229513	0	1.0	25
	chrI	229518	0	1.0	25
	chrI	229521	0	0.5	25
	chrI	229529	1	0.5	25
	chrI	229532	0	0.5	25
	chrI	229540	0	0.5	25
	chrI	229546	0	0.5	25
	chrI	229558	1	1.0	25
	chrI	229566	1	0.5	25
	chrI	229590	1	0.5	25
	chrI	229594	1	0.5	25
	chrI	229595	1	0.5	25
	chrI	229597	1	0.5	25
	chrI	229606	0	0.5	25
	chrI	229620	1	0.5	25
	chrI	229628	1	0.5	25
	chrI	229631	0	1.0	25
	chrI	229649	0	0.5	25
	chrI	229650	0	0.5	25
	chrI	229659	0	0.5	25
	chrI	229677	0	0.5	25
	chrI	229687	1	1.5	25
	chrI	229688	1	0.5	25
	chrI	229715	0	0.5	25
	chrI	229721	1	0.5	25
	chrI	229722	1	0.5	25
	chrI	229727	1	0.5	25
	chrI	229747	0	0.5	25
	chrI	229751	0	0.5	25
	chrI	229776	1	0.5	25
	chrI	229788	1	0.5	25
	chrI	229814	1	0.5	25
	chrI	229833	0	0.5	25
	chrI	229836	0	0.5	25
	chrI	229840	0	0.5	25
	chrI	229861	1	0.5	25
	chrI	229864	0	0.5	25
	chrI	229890	0	0.5	25
	chrI	229899	0	0.5	25
	chrI	229912	1	0.5	25
	chrI	229923	0	0.5	25
	chrI	229931	1	0.5	25
	chrI	229944	1	0.5	25
	chrI	229977	1	0.5	25
	chrI	230001	1	0.5	25
	chrI	230004	1	0.5	25
	chrI	230032	0	0.5	25
	chrI	230065	0	0.5	25
	chrI	230067	0	0.5	25
	chrI	230082	0	1.0	25
	chrI	230087	0	0.5	25
	chrI	230099	0	1.0	25
	chrI	230105	0	0.5	25
	chrI	230106	1	0.5	25
	chrI	230109	1	0.5	25
	chrI	230111	0	1.0	25
	chrI	230114	0	0.5	25
	chrI	230135	0	0.5	25
	chrI	230136	0	0.5	25
	chrI	230140	1	0.5	23
	chrI	230141	1	0.5	24
	chrI	230151	1	0.5	25
	chrI	230152	1	0.5	25
	chrI	230157	1	0.5	25
	chrI	230183	1	0.5	23
	chrI	230184	1	0.5	23
	chrI	230184	1	1.0	24
	chrI	230184	1	0.5	25
	chrI	230196	1	0.5	23
	chrI	230213	1	0.5	25
	chrI	230214	1	0.5	25
