	chrIX	6	0	0.5	25
	chrIX	13	0	0.5	25
	chrIX	21	0	0.5	24
	chrIX	73	1	0.5	23
	chrIX	77	1	1.0	25
	chrIX	15894	0	0.5	25
	chrIX	16038	0	0.5	25
	chrIX	16060	1	0.5	25
	chrIX	16133	1	0.5	25
	chrIX	19530	0	0.5	25
	chrIX	19603	0	0.5	25
	chrIX	19619	0	0.5	25
	chrIX	19636	1	0.5	25
	chrIX	19640	0	0.5	25
	chrIX	19677	0	0.5	25
	chrIX	19681	0	0.5	25
	chrIX	19685	1	0.5	25
	chrIX	19697	0	0.5	25
	chrIX	19700	1	0.5	25
	chrIX	19707	0	0.5	25
	chrIX	19738	0	0.5	25
	chrIX	19743	1	0.5	25
	chrIX	19749	1	0.5	25
	chrIX	19767	1	0.5	25
	chrIX	19780	1	0.5	25
	chrIX	19787	1	0.5	25
	chrIX	19794	1	0.5	25
	chrIX	19796	0	1.0	25
	chrIX	19834	0	0.5	25
	chrIX	19890	1	1.0	25
	chrIX	19996	1	0.5	25
	chrIX	20048	0	0.5	25
	chrIX	20112	1	0.5	25
	chrIX	20137	0	0.5	25
	chrIX	20250	1	0.5	25
	chrIX	20284	0	0.5	25
	chrIX	20312	0	0.5	25
	chrIX	20332	0	0.5	25
	chrIX	20341	0	0.5	25
	chrIX	20357	0	0.5	25
	chrIX	20374	0	0.5	25
	chrIX	20389	1	0.5	25
	chrIX	20401	1	0.5	25
	chrIX	20406	1	1.0	25
	chrIX	20410	0	0.5	25
	chrIX	20418	1	0.5	25
	chrIX	20445	1	0.5	25
	chrIX	20462	0	0.5	25
	chrIX	20463	0	0.5	25
	chrIX	20468	1	0.5	25
	chrIX	20472	0	0.5	25
	chrIX	20497	0	0.5	25
	chrIX	20512	1	0.5	25
	chrIX	20519	0	0.5	25
	chrIX	20546	1	0.5	25
	chrIX	20554	1	0.5	25
	chrIX	20581	0	0.5	25
	chrIX	20583	0	0.5	25
	chrIX	20624	1	0.5	25
	chrIX	20658	1	0.5	25
	chrIX	20673	1	0.5	25
	chrIX	20726	0	0.5	25
	chrIX	20797	0	0.5	25
	chrIX	20869	0	0.5	25
	chrIX	20870	0	1.0	25
	chrIX	20883	1	0.5	25
	chrIX	20884	0	1.0	25
	chrIX	20884	1	0.5	25
	chrIX	20885	0	1.0	25
	chrIX	20913	1	0.5	25
	chrIX	20914	1	0.5	25
	chrIX	20938	1	0.5	25
	chrIX	20956	1	0.5	25
	chrIX	21007	0	1.0	25
	chrIX	21017	1	0.5	25
	chrIX	21037	1	0.5	25
	chrIX	21047	0	0.5	25
	chrIX	21054	1	0.5	25
	chrIX	21059	0	1.0	25
	chrIX	21060	0	0.5	25
	chrIX	21065	0	0.5	25
	chrIX	21088	1	1.0	25
	chrIX	21089	1	1.5	25
	chrIX	21113	1	0.5	25
	chrIX	21133	1	0.5	25
	chrIX	21241	1	0.5	25
	chrIX	21459	0	0.5	25
	chrIX	21494	0	0.5	25
	chrIX	21495	0	1.0	25
	chrIX	21500	0	0.5	23
	chrIX	21500	0	0.5	25
	chrIX	21504	0	0.5	25
	chrIX	21508	0	1.0	25
	chrIX	21533	1	0.5	25
	chrIX	21544	1	0.5	25
	chrIX	21556	1	0.5	25
	chrIX	21560	1	0.5	25
	chrIX	21569	1	0.5	25
	chrIX	21682	1	1.0	25
	chrIX	21694	1	0.5	25
	chrIX	21726	0	0.5	25
	chrIX	21730	0	0.5	25
	chrIX	21732	0	0.5	25
	chrIX	21742	0	0.5	25
	chrIX	21744	0	1.0	25
	chrIX	21802	1	0.5	25
	chrIX	21812	1	1.0	25
	chrIX	21813	1	0.5	25
	chrIX	21833	1	0.5	25
	chrIX	21842	1	0.5	25
	chrIX	21878	1	0.5	25
	chrIX	22076	0	0.5	25
	chrIX	22104	0	0.5	25
	chrIX	22139	1	0.5	25
	chrIX	22186	1	0.5	25
	chrIX	22545	0	0.5	25
	chrIX	22557	0	0.5	25
	chrIX	22568	0	0.5	25
	chrIX	22575	0	0.5	25
	chrIX	22582	0	0.5	25
	chrIX	22594	0	0.5	25
	chrIX	22616	1	0.5	25
	chrIX	22620	1	0.5	25
	chrIX	22621	1	0.5	25
	chrIX	22623	1	0.5	25
	chrIX	22643	1	0.5	25
	chrIX	22673	1	0.5	25
	chrIX	22751	0	0.5	25
	chrIX	22782	0	0.5	25
	chrIX	22789	0	0.5	25
	chrIX	22801	0	0.5	25
	chrIX	22836	1	0.5	25
	chrIX	22858	1	0.5	25
	chrIX	22859	0	0.5	25
	chrIX	22867	1	0.5	25
	chrIX	22880	0	0.5	25
	chrIX	22880	1	0.5	25
	chrIX	22902	1	0.5	25
	chrIX	22937	1	0.5	25
	chrIX	23352	0	0.5	25
	chrIX	23508	0	0.5	25
	chrIX	23519	0	0.5	25
	chrIX	23561	0	0.5	25
	chrIX	23598	1	0.5	25
	chrIX	23610	1	0.5	25
	chrIX	23672	1	0.5	25
	chrIX	23680	0	0.5	25
	chrIX	23684	1	0.5	25
	chrIX	23721	0	0.5	25
	chrIX	23749	1	0.5	25
	chrIX	23776	1	0.5	25
	chrIX	23800	0	0.5	25
	chrIX	23822	0	0.5	25
	chrIX	23859	1	0.5	25
	chrIX	23875	0	1.0	25
	chrIX	23887	1	0.5	25
	chrIX	23935	0	0.5	25
	chrIX	23936	1	1.0	25
	chrIX	23938	0	1.0	25
	chrIX	23986	1	1.0	25
	chrIX	24011	0	0.5	25
	chrIX	24012	1	0.5	25
	chrIX	24016	0	1.0	25
	chrIX	24054	1	0.5	25
	chrIX	24057	0	0.5	25
	chrIX	24062	0	0.5	25
	chrIX	24103	1	0.5	25
	chrIX	24117	1	1.0	25
	chrIX	24120	1	0.5	25
	chrIX	24244	0	0.5	25
	chrIX	24275	0	0.5	25
	chrIX	24288	0	1.0	25
	chrIX	24291	0	0.5	25
	chrIX	24317	1	0.5	25
	chrIX	24336	1	0.5	25
	chrIX	24337	0	0.5	25
	chrIX	24340	0	0.5	25
	chrIX	24352	0	0.5	25
	chrIX	24367	1	1.0	25
	chrIX	24379	1	0.5	25
	chrIX	24411	1	0.5	25
	chrIX	24432	1	0.5	25
	chrIX	24441	1	0.5	25
	chrIX	24453	0	0.5	25
	chrIX	24460	0	0.5	25
	chrIX	24461	0	0.5	25
	chrIX	24473	0	0.5	25
	chrIX	24474	0	0.5	25
	chrIX	24476	0	0.5	25
	chrIX	24482	0	0.5	25
	chrIX	24513	1	0.5	25
	chrIX	24531	1	0.5	25
	chrIX	24535	1	0.5	25
	chrIX	24540	0	0.5	25
	chrIX	24547	1	0.5	25
	chrIX	24559	1	0.5	25
	chrIX	24565	1	0.5	25
	chrIX	24580	0	0.5	25
	chrIX	24634	1	0.5	25
	chrIX	24635	0	0.5	25
	chrIX	24643	0	0.5	25
	chrIX	24653	1	0.5	25
	chrIX	24693	0	0.5	25
	chrIX	24704	1	0.5	25
	chrIX	24706	0	0.5	25
	chrIX	24709	1	0.5	25
	chrIX	24743	0	0.5	25
	chrIX	24747	0	0.5	25
	chrIX	24752	1	0.5	25
	chrIX	24783	1	0.5	25
	chrIX	24806	1	0.5	25
	chrIX	24816	1	0.5	25
	chrIX	24824	1	0.5	25
	chrIX	24869	0	0.5	25
	chrIX	24888	0	1.0	25
	chrIX	24923	0	1.0	25
	chrIX	24957	1	1.0	25
	chrIX	24998	1	1.0	25
	chrIX	24999	0	0.5	25
	chrIX	25017	0	0.5	25
	chrIX	25037	1	0.5	25
	chrIX	25068	1	0.5	25
	chrIX	25094	0	0.5	25
	chrIX	25100	0	1.0	25
	chrIX	25101	0	0.5	25
	chrIX	25116	0	1.0	25
	chrIX	25123	1	0.5	25
	chrIX	25147	0	0.5	25
	chrIX	25155	0	0.5	25
	chrIX	25158	1	0.5	25
	chrIX	25168	1	1.0	25
	chrIX	25171	0	0.5	25
	chrIX	25184	0	0.5	25
	chrIX	25207	0	0.5	25
	chrIX	25217	1	0.5	25
	chrIX	25219	1	1.0	25
	chrIX	25230	1	0.5	25
	chrIX	25259	1	0.5	25
	chrIX	25266	1	0.5	25
	chrIX	25275	0	0.5	25
	chrIX	25289	1	0.5	25
	chrIX	25344	1	0.5	25
	chrIX	25363	1	0.5	25
	chrIX	25594	0	1.0	25
	chrIX	25679	1	1.0	25
	chrIX	25853	0	0.5	25
	chrIX	25896	0	0.5	25
	chrIX	25913	1	0.5	25
	chrIX	25915	0	0.5	25
	chrIX	25945	0	1.0	25
	chrIX	25958	1	0.5	25
	chrIX	25971	1	0.5	25
	chrIX	25984	0	0.5	25
	chrIX	26018	0	0.5	25
	chrIX	26022	1	1.0	25
	chrIX	26034	0	0.5	25
	chrIX	26084	1	0.5	25
	chrIX	26088	0	0.5	25
	chrIX	26089	0	0.5	25
	chrIX	26117	0	0.5	25
	chrIX	26126	1	0.5	25
	chrIX	26129	1	0.5	25
	chrIX	26130	0	1.0	25
	chrIX	26139	0	0.5	25
	chrIX	26158	1	0.5	25
	chrIX	26177	1	0.5	25
	chrIX	26189	0	0.5	25
	chrIX	26215	0	0.5	25
	chrIX	26220	1	0.5	25
	chrIX	26235	0	0.5	25
	chrIX	26244	1	0.5	25
	chrIX	26257	1	0.5	25
	chrIX	26280	0	0.5	25
	chrIX	26284	1	0.5	25
	chrIX	26285	1	1.0	25
	chrIX	26290	1	0.5	25
	chrIX	26291	0	1.0	25
	chrIX	26292	0	0.5	25
	chrIX	26307	0	2.0	25
	chrIX	26326	0	0.5	25
	chrIX	26345	0	0.5	25
	chrIX	26345	1	0.5	25
	chrIX	26360	1	1.0	25
	chrIX	26361	0	0.5	25
	chrIX	26377	1	1.0	25
	chrIX	26387	1	0.5	25
	chrIX	26394	0	1.5	25
	chrIX	26394	1	1.0	25
	chrIX	26404	1	0.5	25
	chrIX	26407	1	0.5	25
	chrIX	26415	0	0.5	25
	chrIX	26429	1	0.5	25
	chrIX	26471	1	0.5	25
	chrIX	26481	1	1.5	25
	chrIX	26483	0	0.5	25
	chrIX	26484	0	0.5	25
	chrIX	26496	0	0.5	25
	chrIX	26503	0	0.5	25
	chrIX	26538	0	0.5	25
	chrIX	26542	0	1.0	25
	chrIX	26551	1	0.5	25
	chrIX	26569	1	0.5	25
	chrIX	26571	0	1.0	25
	chrIX	26575	0	0.5	25
	chrIX	26580	0	0.5	25
	chrIX	26585	1	0.5	25
	chrIX	26588	1	0.5	25
	chrIX	26592	0	0.5	25
	chrIX	26595	0	0.5	25
	chrIX	26611	0	0.5	25
	chrIX	26620	0	0.5	25
	chrIX	26639	1	1.0	25
	chrIX	26641	1	1.0	25
	chrIX	26650	1	0.5	25
	chrIX	26661	1	0.5	25
	chrIX	26670	0	0.5	25
	chrIX	26676	1	0.5	25
	chrIX	26678	0	0.5	25
	chrIX	26685	1	0.5	25
	chrIX	26692	0	0.5	25
	chrIX	26705	1	0.5	25
	chrIX	26715	1	0.5	25
	chrIX	26716	0	0.5	25
	chrIX	26722	0	0.5	25
	chrIX	26723	1	1.0	25
	chrIX	26731	0	1.0	25
	chrIX	26742	0	0.5	25
	chrIX	26768	1	0.5	25
	chrIX	26775	0	0.5	25
	chrIX	26775	1	0.5	25
	chrIX	26799	0	0.5	25
	chrIX	26823	1	0.5	25
	chrIX	26829	1	0.5	25
	chrIX	26833	0	0.5	25
	chrIX	26842	0	0.5	25
	chrIX	26848	1	0.5	25
	chrIX	26852	1	0.5	25
	chrIX	26856	0	0.5	25
	chrIX	26858	1	0.5	25
	chrIX	26859	0	0.5	25
	chrIX	26860	0	0.5	25
	chrIX	26861	0	0.5	25
	chrIX	26867	0	0.5	25
	chrIX	26897	1	0.5	25
	chrIX	26898	0	0.5	25
	chrIX	26903	1	1.0	25
	chrIX	26914	1	0.5	25
	chrIX	26916	0	0.5	25
	chrIX	26919	1	0.5	25
	chrIX	26920	1	0.5	25
	chrIX	26925	0	0.5	25
	chrIX	26925	1	0.5	25
	chrIX	26934	0	1.0	25
	chrIX	26950	0	0.5	25
	chrIX	26951	1	0.5	25
	chrIX	26988	0	0.5	25
	chrIX	26996	1	0.5	25
	chrIX	27001	1	1.0	25
	chrIX	27002	1	0.5	25
	chrIX	27003	0	0.5	25
	chrIX	27005	1	0.5	25
	chrIX	27013	0	0.5	25
	chrIX	27030	1	0.5	25
	chrIX	27046	0	0.5	25
	chrIX	27049	1	0.5	25
	chrIX	27050	0	1.0	25
	chrIX	27050	1	0.5	25
	chrIX	27061	0	0.5	25
	chrIX	27090	1	0.5	25
	chrIX	27114	0	0.5	25
	chrIX	27123	1	2.0	25
	chrIX	27142	1	0.5	25
	chrIX	27176	1	0.5	25
	chrIX	27214	0	0.5	25
	chrIX	27234	0	0.5	25
	chrIX	27239	0	0.5	25
	chrIX	27285	0	0.5	25
	chrIX	27287	1	0.5	25
	chrIX	27298	0	0.5	25
	chrIX	27310	1	0.5	25
	chrIX	27327	1	0.5	25
	chrIX	27342	0	0.5	25
	chrIX	27364	1	0.5	25
	chrIX	27373	0	0.5	25
	chrIX	27375	1	0.5	25
	chrIX	27383	1	0.5	25
	chrIX	27402	0	0.5	25
	chrIX	27409	0	0.5	25
	chrIX	27415	0	0.5	25
	chrIX	27425	0	0.5	25
	chrIX	27442	1	0.5	25
	chrIX	27462	1	0.5	25
	chrIX	27472	1	0.5	25
	chrIX	27479	1	0.5	25
	chrIX	27481	0	0.5	25
	chrIX	27492	0	1.0	25
	chrIX	27497	1	0.5	25
	chrIX	27536	1	0.5	25
	chrIX	27541	0	0.5	25
	chrIX	27561	0	0.5	25
	chrIX	27576	1	0.5	25
	chrIX	27592	1	0.5	25
	chrIX	27597	0	0.5	25
	chrIX	27611	0	0.5	25
	chrIX	27613	1	0.5	25
	chrIX	27619	1	0.5	25
	chrIX	27623	0	0.5	25
	chrIX	27628	0	0.5	25
	chrIX	27643	0	0.5	25
	chrIX	27654	0	1.0	25
	chrIX	27654	1	0.5	25
	chrIX	27675	0	0.5	25
	chrIX	27704	1	0.5	25
	chrIX	27707	1	0.5	25
	chrIX	27721	0	0.5	25
	chrIX	27725	1	1.5	25
	chrIX	27727	0	0.5	25
	chrIX	27729	0	0.5	25
	chrIX	27745	0	0.5	25
	chrIX	27747	0	0.5	25
	chrIX	27773	1	0.5	25
	chrIX	27779	1	0.5	25
	chrIX	27802	1	0.5	25
	chrIX	27811	1	0.5	25
	chrIX	27841	0	0.5	25
	chrIX	27843	0	1.0	25
	chrIX	27849	1	0.5	25
	chrIX	27850	0	0.5	25
	chrIX	27862	0	0.5	25
	chrIX	27869	0	0.5	25
	chrIX	27878	1	1.0	25
	chrIX	27884	0	0.5	25
	chrIX	27886	0	0.5	25
	chrIX	27895	1	0.5	25
	chrIX	27908	1	0.5	25
	chrIX	27910	0	0.5	25
	chrIX	27919	1	0.5	25
	chrIX	27934	1	0.5	25
	chrIX	27942	0	1.0	25
	chrIX	27946	1	0.5	25
	chrIX	27966	1	0.5	25
	chrIX	27981	1	0.5	25
	chrIX	27994	1	0.5	25
	chrIX	28007	0	0.5	25
	chrIX	28009	1	0.5	25
	chrIX	28010	0	0.5	25
	chrIX	28018	0	2.0	25
	chrIX	28028	0	1.0	25
	chrIX	28035	1	0.5	25
	chrIX	28070	0	1.0	25
	chrIX	28077	0	0.5	25
	chrIX	28081	0	0.5	25
	chrIX	28098	1	0.5	25
	chrIX	28100	0	0.5	25
	chrIX	28103	0	0.5	25
	chrIX	28117	1	1.0	25
	chrIX	28121	1	1.0	25
	chrIX	28139	1	0.5	25
	chrIX	28140	0	0.5	25
	chrIX	28140	1	1.0	25
	chrIX	28144	1	0.5	25
	chrIX	28179	1	0.5	25
	chrIX	28180	0	0.5	25
	chrIX	28180	1	0.5	25
	chrIX	28184	0	0.5	25
	chrIX	28198	1	0.5	25
	chrIX	28203	0	0.5	25
	chrIX	28206	0	0.5	25
	chrIX	28222	0	0.5	25
	chrIX	28226	1	0.5	25
	chrIX	28233	1	2.0	25
	chrIX	28248	0	0.5	25
	chrIX	28252	0	0.5	25
	chrIX	28274	1	0.5	25
	chrIX	28278	1	0.5	25
	chrIX	28285	1	0.5	25
	chrIX	28297	0	0.5	25
	chrIX	28300	0	0.5	25
	chrIX	28304	0	0.5	25
	chrIX	28313	1	0.5	25
	chrIX	28320	0	1.0	25
	chrIX	28326	1	0.5	25
	chrIX	28331	1	0.5	25
	chrIX	28342	1	0.5	25
	chrIX	28346	0	0.5	25
	chrIX	28353	1	0.5	25
	chrIX	28369	1	0.5	25
	chrIX	28394	1	0.5	25
	chrIX	28398	1	0.5	25
	chrIX	28462	0	0.5	25
	chrIX	28467	0	0.5	25
	chrIX	28480	0	0.5	25
	chrIX	28507	0	0.5	25
	chrIX	28539	1	0.5	25
	chrIX	28540	1	0.5	25
	chrIX	28542	1	0.5	25
	chrIX	28543	1	0.5	25
	chrIX	28555	0	0.5	25
	chrIX	28571	0	1.0	25
	chrIX	28596	0	0.5	25
	chrIX	28604	0	0.5	25
	chrIX	28606	0	0.5	25
	chrIX	28606	1	0.5	25
	chrIX	28651	1	0.5	25
	chrIX	28673	1	0.5	25
	chrIX	28682	1	0.5	25
	chrIX	28684	1	0.5	25
	chrIX	28687	1	0.5	25
	chrIX	28694	0	0.5	25
	chrIX	28709	0	0.5	25
	chrIX	28713	0	0.5	25
	chrIX	28718	1	0.5	25
	chrIX	28729	0	0.5	25
	chrIX	28730	0	0.5	25
	chrIX	28738	0	0.5	25
	chrIX	28752	1	0.5	25
	chrIX	28760	0	1.0	25
	chrIX	28760	1	0.5	25
	chrIX	28766	0	0.5	25
	chrIX	28774	1	0.5	25
	chrIX	28782	0	0.5	25
	chrIX	28790	0	0.5	25
	chrIX	28796	1	0.5	25
	chrIX	28797	0	0.5	25
	chrIX	28804	1	0.5	25
	chrIX	28809	1	0.5	25
	chrIX	28812	0	1.0	25
	chrIX	28826	1	0.5	25
	chrIX	28827	1	0.5	25
	chrIX	28828	0	0.5	25
	chrIX	28835	0	0.5	25
	chrIX	28850	1	0.5	25
	chrIX	28857	1	0.5	25
	chrIX	28871	1	0.5	25
	chrIX	28872	1	0.5	25
	chrIX	28873	0	0.5	24
	chrIX	28882	1	0.5	25
	chrIX	28902	1	0.5	25
	chrIX	28904	0	0.5	25
	chrIX	28904	1	0.5	25
	chrIX	28905	0	0.5	25
	chrIX	28921	0	0.5	25
	chrIX	28925	1	0.5	25
	chrIX	28927	0	0.5	25
	chrIX	28939	0	0.5	25
	chrIX	28969	1	0.5	25
	chrIX	28976	0	0.5	25
	chrIX	28981	0	0.5	25
	chrIX	28993	1	1.0	25
	chrIX	28995	1	1.0	25
	chrIX	29008	1	0.5	25
	chrIX	29010	0	0.5	25
	chrIX	29062	1	0.5	25
	chrIX	29075	0	0.5	25
	chrIX	29075	1	0.5	25
	chrIX	29090	0	0.5	25
	chrIX	29146	1	0.5	25
	chrIX	29166	1	0.5	25
	chrIX	29194	0	0.5	25
	chrIX	29197	0	0.5	25
	chrIX	29198	1	0.5	25
	chrIX	29240	0	0.5	25
	chrIX	29250	1	0.5	25
	chrIX	29273	0	0.5	25
	chrIX	29310	1	0.5	25
	chrIX	29325	1	0.5	25
	chrIX	29331	0	0.5	25
	chrIX	29335	0	0.5	25
	chrIX	29341	0	0.5	25
	chrIX	29348	1	0.5	25
	chrIX	29363	0	1.0	25
	chrIX	29390	1	0.5	25
	chrIX	29398	1	0.5	25
	chrIX	29399	0	1.5	25
	chrIX	29412	0	0.5	25
	chrIX	29443	1	0.5	25
	chrIX	29450	1	0.5	25
	chrIX	29453	0	1.0	25
	chrIX	29470	1	1.0	25
	chrIX	29472	0	0.5	25
	chrIX	29492	1	1.5	25
	chrIX	29496	1	1.0	25
	chrIX	29517	0	0.5	25
	chrIX	29537	1	0.5	25
	chrIX	29547	0	0.5	25
	chrIX	29563	0	0.5	25
	chrIX	29575	0	0.5	25
	chrIX	29577	0	0.5	25
	chrIX	29589	1	0.5	25
	chrIX	29610	1	0.5	25
	chrIX	29620	0	1.5	25
	chrIX	29637	1	0.5	25
	chrIX	29650	1	0.5	25
	chrIX	29684	0	0.5	25
	chrIX	29686	0	0.5	25
	chrIX	29711	1	1.0	25
	chrIX	29712	1	0.5	25
	chrIX	29723	0	0.5	25
	chrIX	29734	0	0.5	25
	chrIX	29747	0	0.5	25
	chrIX	29758	1	0.5	25
	chrIX	29763	0	0.5	25
	chrIX	29775	0	0.5	25
	chrIX	29786	1	0.5	25
	chrIX	29801	0	0.5	25
	chrIX	29801	1	0.5	25
	chrIX	29805	1	0.5	25
	chrIX	29817	1	0.5	25
	chrIX	29824	1	0.5	25
	chrIX	29839	0	0.5	25
	chrIX	29840	1	0.5	25
	chrIX	29850	0	0.5	25
	chrIX	29860	1	0.5	25
	chrIX	29867	1	0.5	25
	chrIX	29873	0	0.5	25
	chrIX	29874	0	0.5	25
	chrIX	29893	0	0.5	25
	chrIX	29893	1	0.5	25
	chrIX	29926	1	0.5	25
	chrIX	29938	1	0.5	25
	chrIX	29949	0	0.5	25
	chrIX	29971	0	0.5	25
	chrIX	29996	0	0.5	25
	chrIX	30006	1	0.5	25
	chrIX	30008	1	0.5	25
	chrIX	30019	0	0.5	25
	chrIX	30032	1	0.5	25
	chrIX	30036	1	0.5	25
	chrIX	30037	0	0.5	25
	chrIX	30049	0	0.5	25
	chrIX	30050	0	0.5	25
	chrIX	30070	1	0.5	25
	chrIX	30078	1	0.5	25
	chrIX	30079	0	0.5	25
	chrIX	30097	1	0.5	25
	chrIX	30105	1	0.5	25
	chrIX	30111	0	0.5	25
	chrIX	30121	1	0.5	25
	chrIX	30148	0	1.0	25
	chrIX	30148	1	0.5	25
	chrIX	30199	1	1.0	25
	chrIX	30201	0	0.5	25
	chrIX	30202	0	0.5	25
	chrIX	30204	0	0.5	25
	chrIX	30208	0	0.5	25
	chrIX	30219	0	1.0	25
	chrIX	30249	1	0.5	25
	chrIX	30250	0	0.5	25
	chrIX	30263	0	0.5	25
	chrIX	30269	0	0.5	25
	chrIX	30271	0	0.5	25
	chrIX	30274	1	0.5	25
	chrIX	30283	1	1.0	25
	chrIX	30284	1	0.5	25
	chrIX	30295	1	0.5	25
	chrIX	30296	1	0.5	25
	chrIX	30326	1	0.5	25
	chrIX	30329	1	0.5	25
	chrIX	30331	1	0.5	25
	chrIX	30337	1	0.5	25
	chrIX	30348	0	0.5	25
	chrIX	30351	0	0.5	25
	chrIX	30362	0	0.5	25
	chrIX	30404	0	1.5	25
	chrIX	30406	1	0.5	25
	chrIX	30407	1	0.5	25
	chrIX	30408	0	0.5	25
	chrIX	30409	0	0.5	25
	chrIX	30410	0	0.5	25
	chrIX	30416	0	0.5	25
	chrIX	30425	0	1.0	25
	chrIX	30462	1	0.5	25
	chrIX	30476	1	1.0	25
	chrIX	30484	1	0.5	25
	chrIX	30488	0	1.0	25
	chrIX	30496	1	0.5	25
	chrIX	30502	1	1.0	25
	chrIX	30504	1	0.5	25
	chrIX	30510	1	0.5	25
	chrIX	30534	0	1.0	25
	chrIX	30571	1	1.0	25
	chrIX	30594	1	0.5	25
	chrIX	30635	1	0.5	25
	chrIX	30642	1	0.5	25
	chrIX	30645	0	0.5	25
	chrIX	30691	0	0.5	25
	chrIX	30696	1	0.5	25
	chrIX	30736	0	0.5	25
	chrIX	30751	1	0.5	25
	chrIX	30752	0	0.5	25
	chrIX	30781	0	0.5	25
	chrIX	30790	0	0.5	25
	chrIX	30808	0	0.5	25
	chrIX	30818	1	0.5	25
	chrIX	30830	1	0.5	25
	chrIX	30831	1	0.5	25
	chrIX	30832	0	1.0	25
	chrIX	30833	0	0.5	25
	chrIX	30838	1	0.5	25
	chrIX	30855	0	0.5	25
	chrIX	30873	0	0.5	25
	chrIX	30886	0	0.5	25
	chrIX	30904	1	0.5	25
	chrIX	30908	1	1.0	25
	chrIX	30915	0	0.5	25
	chrIX	30923	0	1.0	25
	chrIX	30947	1	0.5	25
	chrIX	30951	0	0.5	25
	chrIX	30955	0	0.5	25
	chrIX	30956	0	0.5	25
	chrIX	30965	0	0.5	25
	chrIX	30992	0	1.0	25
	chrIX	31021	1	0.5	25
	chrIX	31037	1	0.5	25
	chrIX	31038	1	0.5	25
	chrIX	31044	1	0.5	25
	chrIX	31045	1	0.5	25
	chrIX	31049	1	0.5	25
	chrIX	31052	1	0.5	25
	chrIX	31057	0	0.5	25
	chrIX	31060	1	0.5	25
	chrIX	31066	1	0.5	25
	chrIX	31072	0	0.5	25
	chrIX	31072	1	1.0	25
	chrIX	31075	1	0.5	25
	chrIX	31137	1	0.5	25
	chrIX	31138	0	0.5	24
	chrIX	31160	1	0.5	25
	chrIX	31204	0	0.5	25
	chrIX	31207	0	0.5	25
	chrIX	31208	0	0.5	25
	chrIX	31209	0	0.5	25
	chrIX	31226	0	0.5	25
	chrIX	31243	0	0.5	25
	chrIX	31249	0	0.5	25
	chrIX	31261	1	0.5	25
	chrIX	31268	1	0.5	25
	chrIX	31282	1	0.5	25
	chrIX	31284	1	1.0	25
	chrIX	31285	0	0.5	25
	chrIX	31320	0	0.5	25
	chrIX	31334	1	0.5	25
	chrIX	31348	0	0.5	25
	chrIX	31361	1	0.5	25
	chrIX	31363	0	0.5	25
	chrIX	31364	1	0.5	25
	chrIX	31365	0	0.5	25
	chrIX	31369	0	1.0	25
	chrIX	31370	0	0.5	25
	chrIX	31381	0	0.5	25
	chrIX	31392	0	1.0	25
	chrIX	31398	0	0.5	25
	chrIX	31398	1	0.5	25
	chrIX	31402	0	0.5	25
	chrIX	31404	0	0.5	25
	chrIX	31408	1	0.5	25
	chrIX	31419	1	1.0	25
	chrIX	31442	0	0.5	25
	chrIX	31443	1	1.0	25
	chrIX	31445	1	0.5	25
	chrIX	31449	1	0.5	25
	chrIX	31450	1	0.5	25
	chrIX	31456	1	0.5	25
	chrIX	31465	0	0.5	25
	chrIX	31467	0	0.5	25
	chrIX	31469	1	0.5	25
	chrIX	31472	1	0.5	25
	chrIX	31476	1	0.5	25
	chrIX	31479	1	1.0	25
	chrIX	31542	1	0.5	25
	chrIX	31548	0	0.5	25
	chrIX	31580	0	0.5	25
	chrIX	31592	1	0.5	25
	chrIX	31606	0	1.0	25
	chrIX	31617	1	0.5	25
	chrIX	31653	0	0.5	25
	chrIX	31668	1	0.5	25
	chrIX	31672	0	0.5	25
	chrIX	31676	1	0.5	25
	chrIX	31688	1	0.5	25
	chrIX	31698	0	0.5	25
	chrIX	31705	1	0.5	25
	chrIX	31715	0	0.5	25
	chrIX	31778	1	0.5	25
	chrIX	31782	1	0.5	25
	chrIX	31786	0	0.5	25
	chrIX	31790	0	0.5	25
	chrIX	31792	0	0.5	25
	chrIX	31793	0	1.0	25
	chrIX	31799	0	0.5	25
	chrIX	31816	1	0.5	25
	chrIX	31864	1	0.5	25
	chrIX	31872	1	0.5	25
	chrIX	31891	1	1.0	25
	chrIX	31915	0	0.5	23
	chrIX	31970	0	0.5	25
	chrIX	31972	1	0.5	25
	chrIX	31975	1	0.5	25
	chrIX	31978	0	0.5	25
	chrIX	31998	1	0.5	25
	chrIX	32043	1	0.5	25
	chrIX	32045	1	0.5	25
	chrIX	32084	0	0.5	25
	chrIX	32087	0	0.5	25
	chrIX	32107	0	0.5	25
	chrIX	32150	0	0.5	25
	chrIX	32157	1	0.5	25
	chrIX	32174	1	0.5	25
	chrIX	32177	1	0.5	25
	chrIX	32179	0	1.0	25
	chrIX	32183	0	0.5	25
	chrIX	32184	1	0.5	25
	chrIX	32206	0	0.5	25
	chrIX	32245	0	0.5	25
	chrIX	32257	1	0.5	25
	chrIX	32266	1	0.5	25
	chrIX	32269	1	0.5	25
	chrIX	32284	1	0.5	25
	chrIX	32301	0	0.5	25
	chrIX	32306	1	0.5	25
	chrIX	32346	0	0.5	25
	chrIX	32382	0	1.0	25
	chrIX	32404	0	0.5	25
	chrIX	32447	1	0.5	25
	chrIX	32470	1	0.5	25
	chrIX	32499	0	0.5	25
	chrIX	32531	1	0.5	25
	chrIX	32540	0	0.5	25
	chrIX	32544	1	0.5	25
	chrIX	32554	0	0.5	25
	chrIX	32600	1	0.5	25
	chrIX	32603	0	0.5	25
	chrIX	32624	0	0.5	25
	chrIX	32636	0	0.5	25
	chrIX	32654	1	0.5	25
	chrIX	32658	0	0.5	25
	chrIX	32661	0	0.5	25
	chrIX	32664	0	0.5	25
	chrIX	32673	0	0.5	25
	chrIX	32676	0	0.5	25
	chrIX	32680	0	0.5	25
	chrIX	32688	1	0.5	25
	chrIX	32713	1	0.5	25
	chrIX	32730	0	0.5	25
	chrIX	32731	1	0.5	25
	chrIX	32733	0	0.5	25
	chrIX	32753	1	0.5	25
	chrIX	32761	1	1.0	25
	chrIX	32768	0	0.5	25
	chrIX	32778	0	0.5	25
	chrIX	32780	0	0.5	25
	chrIX	32782	1	0.5	25
	chrIX	32787	0	0.5	25
	chrIX	32810	1	0.5	25
	chrIX	32812	1	0.5	25
	chrIX	32815	1	0.5	25
	chrIX	32825	1	0.5	25
	chrIX	32840	1	0.5	25
	chrIX	32847	0	0.5	25
	chrIX	32848	0	0.5	25
	chrIX	32859	1	0.5	25
	chrIX	32862	1	0.5	25
	chrIX	32866	1	0.5	25
	chrIX	32877	1	0.5	25
	chrIX	32937	0	0.5	25
	chrIX	32942	0	0.5	25
	chrIX	32959	0	0.5	25
	chrIX	32976	0	0.5	25
	chrIX	32998	0	0.5	25
	chrIX	32998	1	0.5	25
	chrIX	33001	0	0.5	25
	chrIX	33013	1	0.5	25
	chrIX	33014	0	2.0	25
	chrIX	33017	0	0.5	25
	chrIX	33021	0	0.5	25
	chrIX	33024	1	0.5	25
	chrIX	33026	0	0.5	25
	chrIX	33027	0	0.5	25
	chrIX	33028	0	1.5	25
	chrIX	33043	1	0.5	25
	chrIX	33056	1	0.5	25
	chrIX	33057	1	1.0	25
	chrIX	33060	0	0.5	25
	chrIX	33063	1	0.5	25
	chrIX	33066	0	0.5	25
	chrIX	33073	0	0.5	25
	chrIX	33074	1	0.5	25
	chrIX	33076	1	0.5	25
	chrIX	33078	1	0.5	25
	chrIX	33086	1	0.5	25
	chrIX	33087	1	0.5	25
	chrIX	33093	1	0.5	25
	chrIX	33094	1	0.5	25
	chrIX	33095	1	0.5	25
	chrIX	33097	1	0.5	25
	chrIX	33112	1	1.0	25
	chrIX	33126	1	1.0	25
	chrIX	33148	0	0.5	25
	chrIX	33152	1	0.5	25
	chrIX	33159	0	0.5	25
	chrIX	33168	0	1.0	25
	chrIX	33178	1	0.5	25
	chrIX	33221	0	0.5	25
	chrIX	33230	0	0.5	25
	chrIX	33247	0	0.5	25
	chrIX	33261	1	0.5	25
	chrIX	33263	1	0.5	25
	chrIX	33265	1	1.0	25
	chrIX	33287	1	0.5	25
	chrIX	33308	0	0.5	25
	chrIX	33324	1	0.5	25
	chrIX	33349	0	0.5	25
	chrIX	33361	0	0.5	25
	chrIX	33366	1	0.5	25
	chrIX	33389	0	0.5	25
	chrIX	33393	0	0.5	25
	chrIX	33399	0	0.5	25
	chrIX	33416	0	0.5	25
	chrIX	33428	1	0.5	25
	chrIX	33437	1	0.5	25
	chrIX	33453	0	0.5	25
	chrIX	33456	0	0.5	25
	chrIX	33468	1	0.5	25
	chrIX	33469	1	0.5	25
	chrIX	33470	0	1.0	25
	chrIX	33471	1	0.5	25
	chrIX	33472	0	0.5	25
	chrIX	33475	1	0.5	25
	chrIX	33476	1	0.5	25
	chrIX	33481	0	0.5	25
	chrIX	33490	0	0.5	25
	chrIX	33494	0	0.5	25
	chrIX	33496	0	0.5	25
	chrIX	33498	0	0.5	25
	chrIX	33501	0	0.5	25
	chrIX	33503	0	0.5	25
	chrIX	33505	0	1.0	25
	chrIX	33506	0	0.5	25
	chrIX	33507	0	0.5	25
	chrIX	33507	1	0.5	25
	chrIX	33508	0	0.5	25
	chrIX	33511	0	0.5	25
	chrIX	33514	0	0.5	25
	chrIX	33515	0	0.5	25
	chrIX	33530	1	1.0	25
	chrIX	33532	1	0.5	25
	chrIX	33538	1	0.5	25
	chrIX	33554	1	0.5	25
	chrIX	33556	1	0.5	25
	chrIX	33559	1	1.0	25
	chrIX	33560	1	0.5	25
	chrIX	33566	0	0.5	25
	chrIX	33571	1	0.5	25
	chrIX	33572	1	0.5	25
	chrIX	33584	1	0.5	25
	chrIX	33589	1	2.0	25
	chrIX	33594	1	0.5	25
	chrIX	33601	1	0.5	25
	chrIX	33603	1	0.5	25
	chrIX	33624	1	0.5	25
	chrIX	33630	0	0.5	25
	chrIX	33642	0	0.5	25
	chrIX	33644	0	0.5	25
	chrIX	33670	0	0.5	25
	chrIX	33676	0	0.5	25
	chrIX	33696	1	0.5	25
	chrIX	33715	1	0.5	25
	chrIX	33721	1	0.5	25
	chrIX	33726	0	0.5	25
	chrIX	33766	0	0.5	25
	chrIX	33801	0	0.5	25
	chrIX	33809	0	0.5	25
	chrIX	33824	0	1.0	25
	chrIX	33830	0	1.0	25
	chrIX	33836	0	0.5	25
	chrIX	33837	1	0.5	25
	chrIX	33842	0	0.5	25
	chrIX	33867	1	0.5	25
	chrIX	33880	1	0.5	25
	chrIX	33903	1	0.5	25
	chrIX	33904	1	1.0	25
	chrIX	33926	1	1.0	25
	chrIX	33933	1	0.5	25
	chrIX	33935	1	0.5	25
	chrIX	33946	0	0.5	25
	chrIX	33978	0	1.0	25
	chrIX	34021	1	0.5	25
	chrIX	34040	0	0.5	25
	chrIX	34051	0	0.5	25
	chrIX	34053	1	1.0	25
	chrIX	34061	1	0.5	25
	chrIX	34083	1	0.5	24
	chrIX	34085	0	0.5	25
	chrIX	34088	1	0.5	25
	chrIX	34124	0	0.5	25
	chrIX	34138	1	0.5	25
	chrIX	34152	0	0.5	25
	chrIX	34160	0	1.0	25
	chrIX	34180	1	0.5	25
	chrIX	34308	0	0.5	25
	chrIX	34319	1	1.0	25
	chrIX	34346	0	1.0	25
	chrIX	34351	0	0.5	25
	chrIX	34357	0	0.5	25
	chrIX	34364	0	0.5	25
	chrIX	34375	1	0.5	25
	chrIX	34397	1	1.0	25
	chrIX	34398	0	0.5	25
	chrIX	34399	1	0.5	25
	chrIX	34415	1	0.5	25
	chrIX	34417	0	0.5	25
	chrIX	34424	1	0.5	25
	chrIX	34457	1	0.5	25
	chrIX	34470	0	1.0	25
	chrIX	34471	0	1.0	25
	chrIX	34473	1	0.5	25
	chrIX	34508	1	0.5	25
	chrIX	34510	1	0.5	25
	chrIX	34519	0	1.0	25
	chrIX	34534	0	1.0	25
	chrIX	34534	1	0.5	25
	chrIX	34566	1	1.5	25
	chrIX	34604	1	0.5	25
	chrIX	34620	0	0.5	25
	chrIX	34622	1	0.5	25
	chrIX	34625	1	1.0	25
	chrIX	34636	0	0.5	25
	chrIX	34648	0	0.5	25
	chrIX	34656	0	0.5	25
	chrIX	34660	0	0.5	25
	chrIX	34670	0	0.5	25
	chrIX	34679	0	1.0	25
	chrIX	34686	1	0.5	25
	chrIX	34694	0	0.5	25
	chrIX	34702	0	0.5	25
	chrIX	34730	1	0.5	25
	chrIX	34732	1	1.0	25
	chrIX	34736	1	0.5	25
	chrIX	34744	1	1.0	25
	chrIX	34759	1	1.0	25
	chrIX	34772	1	0.5	25
	chrIX	34773	0	0.5	25
	chrIX	34774	0	0.5	25
	chrIX	34777	0	0.5	25
	chrIX	34779	0	0.5	25
	chrIX	34780	0	0.5	25
	chrIX	34791	0	0.5	25
	chrIX	34792	0	0.5	25
	chrIX	34798	0	1.0	25
	chrIX	34805	0	0.5	25
	chrIX	34816	1	0.5	25
	chrIX	34837	0	1.0	25
	chrIX	34843	1	0.5	25
	chrIX	34846	1	1.0	25
	chrIX	34847	1	0.5	25
	chrIX	34854	0	0.5	25
	chrIX	34855	0	0.5	25
	chrIX	34860	0	1.0	25
	chrIX	34860	1	0.5	25
	chrIX	34861	0	0.5	25
	chrIX	34865	1	0.5	25
	chrIX	34871	0	1.0	25
	chrIX	34873	1	0.5	25
	chrIX	34879	1	0.5	25
	chrIX	34880	1	0.5	25
	chrIX	34891	0	0.5	25
	chrIX	34901	1	0.5	25
	chrIX	34907	0	0.5	25
	chrIX	34908	1	0.5	25
	chrIX	34922	1	1.0	25
	chrIX	34943	1	0.5	25
	chrIX	34973	0	0.5	25
	chrIX	34978	1	0.5	25
	chrIX	35001	0	0.5	25
	chrIX	35019	0	0.5	25
	chrIX	35023	0	0.5	25
	chrIX	35029	0	1.0	25
	chrIX	35037	0	0.5	25
	chrIX	35045	1	0.5	25
	chrIX	35047	1	1.0	25
	chrIX	35060	1	0.5	25
	chrIX	35062	1	0.5	25
	chrIX	35065	1	0.5	25
	chrIX	35077	1	0.5	25
	chrIX	35083	0	0.5	25
	chrIX	35085	1	0.5	25
	chrIX	35089	0	0.5	25
	chrIX	35092	1	0.5	25
	chrIX	35098	1	0.5	25
	chrIX	35101	0	0.5	25
	chrIX	35105	0	1.0	25
	chrIX	35107	0	0.5	25
	chrIX	35118	0	0.5	25
	chrIX	35131	1	0.5	25
	chrIX	35137	0	0.5	25
	chrIX	35142	0	0.5	25
	chrIX	35174	1	0.5	25
	chrIX	35175	1	0.5	25
	chrIX	35186	1	1.0	25
	chrIX	35196	0	0.5	25
	chrIX	35200	1	0.5	25
	chrIX	35201	1	0.5	25
	chrIX	35210	0	2.0	25
	chrIX	35249	1	0.5	25
	chrIX	35258	1	0.5	25
	chrIX	35263	0	0.5	25
	chrIX	35278	1	0.5	25
	chrIX	35280	0	0.5	25
	chrIX	35289	1	1.5	25
	chrIX	35304	1	0.5	25
	chrIX	35317	1	0.5	25
	chrIX	35325	1	0.5	25
	chrIX	35348	0	0.5	25
	chrIX	35382	0	0.5	25
	chrIX	35432	0	0.5	25
	chrIX	35436	1	0.5	25
	chrIX	35444	1	0.5	25
	chrIX	35454	1	0.5	25
	chrIX	35478	0	1.0	25
	chrIX	35486	0	0.5	25
	chrIX	35496	0	1.0	25
	chrIX	35496	1	0.5	25
	chrIX	35512	1	0.5	25
	chrIX	35580	1	1.0	25
	chrIX	35585	1	1.0	25
	chrIX	35587	0	0.5	25
	chrIX	35595	0	0.5	25
	chrIX	35625	0	0.5	25
	chrIX	35639	0	0.5	25
	chrIX	35642	1	0.5	25
	chrIX	35646	0	0.5	25
	chrIX	35670	1	0.5	25
	chrIX	35682	1	0.5	25
	chrIX	35693	1	0.5	25
	chrIX	35699	1	0.5	25
	chrIX	35781	0	0.5	25
	chrIX	35791	0	0.5	25
	chrIX	35851	0	0.5	25
	chrIX	35851	1	0.5	25
	chrIX	35867	0	0.5	25
	chrIX	35887	1	0.5	25
	chrIX	35905	1	0.5	25
	chrIX	35907	0	1.5	25
	chrIX	35910	0	0.5	25
	chrIX	35920	0	0.5	25
	chrIX	35934	1	0.5	25
	chrIX	35990	0	0.5	25
	chrIX	35991	1	0.5	25
	chrIX	35992	1	0.5	25
	chrIX	35998	0	1.0	25
	chrIX	36004	0	0.5	25
	chrIX	36024	1	1.0	25
	chrIX	36044	0	0.5	25
	chrIX	36052	1	0.5	25
	chrIX	36053	1	1.0	25
	chrIX	36054	1	0.5	25
	chrIX	36055	0	0.5	25
	chrIX	36059	0	0.5	25
	chrIX	36061	0	1.0	25
	chrIX	36066	0	0.5	25
	chrIX	36067	0	0.5	25
	chrIX	36071	1	0.5	25
	chrIX	36084	1	0.5	25
	chrIX	36085	0	0.5	25
	chrIX	36090	0	0.5	25
	chrIX	36091	0	0.5	25
	chrIX	36098	0	0.5	25
	chrIX	36113	0	1.0	25
	chrIX	36113	1	1.0	25
	chrIX	36115	0	0.5	25
	chrIX	36116	0	0.5	25
	chrIX	36139	1	0.5	25
	chrIX	36141	1	0.5	23
	chrIX	36144	1	0.5	25
	chrIX	36146	1	1.0	25
	chrIX	36160	1	0.5	25
	chrIX	36161	1	0.5	25
	chrIX	36163	1	0.5	25
	chrIX	36174	0	0.5	25
	chrIX	36182	1	0.5	25
	chrIX	36184	1	0.5	25
	chrIX	36186	1	1.0	25
	chrIX	36188	0	0.5	25
	chrIX	36196	1	0.5	25
	chrIX	36206	0	0.5	25
	chrIX	36209	0	2.5	25
	chrIX	36228	0	0.5	25
	chrIX	36244	1	0.5	25
	chrIX	36272	0	0.5	25
	chrIX	36274	0	0.5	25
	chrIX	36276	0	1.0	25
	chrIX	36276	1	1.0	25
	chrIX	36280	0	0.5	25
	chrIX	36282	1	0.5	25
	chrIX	36286	1	0.5	25
	chrIX	36291	1	1.5	25
	chrIX	36292	0	0.5	25
	chrIX	36325	1	0.5	25
	chrIX	36331	0	1.0	25
	chrIX	36343	1	0.5	25
	chrIX	36347	0	0.5	25
	chrIX	36379	1	1.0	25
	chrIX	36381	1	1.0	25
	chrIX	36384	1	1.0	25
	chrIX	36386	1	0.5	25
	chrIX	36387	0	0.5	25
	chrIX	36394	0	0.5	25
	chrIX	36399	0	1.0	25
	chrIX	36436	0	0.5	25
	chrIX	36455	0	0.5	25
	chrIX	36461	0	0.5	25
	chrIX	36468	1	0.5	25
	chrIX	36495	1	1.0	25
	chrIX	36498	0	0.5	25
	chrIX	36499	0	1.5	25
	chrIX	36504	0	1.0	25
	chrIX	36509	0	0.5	25
	chrIX	36513	1	0.5	25
	chrIX	36535	1	1.0	25
	chrIX	36537	0	0.5	25
	chrIX	36546	1	2.0	25
	chrIX	36547	0	0.5	25
	chrIX	36555	1	1.0	25
	chrIX	36564	0	0.5	25
	chrIX	36579	1	1.0	25
	chrIX	36585	0	1.0	25
	chrIX	36586	0	0.5	25
	chrIX	36587	1	0.5	25
	chrIX	36593	0	0.5	25
	chrIX	36627	1	0.5	25
	chrIX	36639	0	0.5	25
	chrIX	36655	1	0.5	25
	chrIX	36659	1	0.5	25
	chrIX	36660	1	0.5	25
	chrIX	36667	0	0.5	25
	chrIX	36688	0	0.5	25
	chrIX	36692	0	0.5	25
	chrIX	36693	0	0.5	25
	chrIX	36697	1	0.5	25
	chrIX	36705	1	0.5	25
	chrIX	36750	1	1.0	25
	chrIX	36760	1	0.5	25
	chrIX	36768	0	0.5	25
	chrIX	36803	1	0.5	25
	chrIX	36822	1	0.5	25
	chrIX	36825	1	0.5	25
	chrIX	36831	0	0.5	25
	chrIX	36838	0	0.5	25
	chrIX	36838	1	0.5	25
	chrIX	36843	0	1.0	25
	chrIX	36868	0	0.5	25
	chrIX	36869	0	1.5	25
	chrIX	36876	1	0.5	25
	chrIX	36899	1	0.5	25
	chrIX	36901	0	1.0	25
	chrIX	36907	1	1.0	25
	chrIX	36912	0	0.5	25
	chrIX	36918	0	0.5	25
	chrIX	36928	0	0.5	25
	chrIX	36935	1	1.0	25
	chrIX	36936	1	0.5	25
	chrIX	36949	0	0.5	25
	chrIX	36950	0	0.5	25
	chrIX	36957	1	0.5	25
	chrIX	36959	0	0.5	25
	chrIX	36960	0	0.5	25
	chrIX	36967	1	0.5	25
	chrIX	36968	0	0.5	25
	chrIX	36972	1	0.5	25
	chrIX	36974	0	0.5	25
	chrIX	36978	0	1.0	25
	chrIX	36978	1	0.5	25
	chrIX	36996	1	0.5	25
	chrIX	36998	0	0.5	25
	chrIX	37001	1	0.5	25
	chrIX	37002	0	0.5	25
	chrIX	37030	1	0.5	25
	chrIX	37031	1	0.5	25
	chrIX	37049	0	0.5	25
	chrIX	37052	1	0.5	25
	chrIX	37056	1	1.0	25
	chrIX	37068	0	0.5	25
	chrIX	37087	1	1.0	25
	chrIX	37091	1	0.5	25
	chrIX	37106	1	0.5	25
	chrIX	37128	1	0.5	25
	chrIX	37137	0	0.5	25
	chrIX	37160	0	0.5	25
	chrIX	37166	1	0.5	25
	chrIX	37174	0	1.0	25
	chrIX	37181	1	0.5	25
	chrIX	37190	0	0.5	23
	chrIX	37190	0	0.5	25
	chrIX	37226	0	0.5	25
	chrIX	37238	0	0.5	25
	chrIX	37251	1	0.5	25
	chrIX	37252	1	0.5	25
	chrIX	37255	0	0.5	25
	chrIX	37259	0	0.5	25
	chrIX	37269	0	0.5	25
	chrIX	37288	1	0.5	25
	chrIX	37289	0	0.5	25
	chrIX	37308	0	0.5	25
	chrIX	37309	0	0.5	25
	chrIX	37313	0	0.5	25
	chrIX	37313	1	0.5	25
	chrIX	37314	0	0.5	25
	chrIX	37316	0	0.5	25
	chrIX	37319	0	0.5	25
	chrIX	37320	1	0.5	25
	chrIX	37321	0	1.0	25
	chrIX	37338	0	0.5	25
	chrIX	37338	1	0.5	25
	chrIX	37347	0	0.5	25
	chrIX	37350	0	0.5	25
	chrIX	37352	1	0.5	25
	chrIX	37362	1	1.0	25
	chrIX	37365	0	0.5	25
	chrIX	37367	1	0.5	25
	chrIX	37370	1	0.5	25
	chrIX	37374	1	0.5	25
	chrIX	37380	0	0.5	25
	chrIX	37380	1	2.0	25
	chrIX	37381	0	0.5	25
	chrIX	37381	1	1.0	25
	chrIX	37382	0	0.5	25
	chrIX	37383	0	0.5	25
	chrIX	37385	0	0.5	25
	chrIX	37391	1	0.5	25
	chrIX	37395	0	0.5	25
	chrIX	37401	1	1.0	25
	chrIX	37403	1	0.5	25
	chrIX	37417	1	0.5	25
	chrIX	37422	1	0.5	25
	chrIX	37444	1	0.5	25
	chrIX	37447	1	0.5	25
	chrIX	37459	1	0.5	25
	chrIX	37465	1	0.5	25
	chrIX	37471	0	0.5	25
	chrIX	37506	0	0.5	25
	chrIX	37521	0	1.0	25
	chrIX	37556	1	0.5	25
	chrIX	37560	1	0.5	25
	chrIX	37562	1	0.5	25
	chrIX	37563	1	0.5	25
	chrIX	37598	1	1.0	25
	chrIX	37603	0	0.5	25
	chrIX	37617	0	0.5	25
	chrIX	37618	0	0.5	25
	chrIX	37658	1	0.5	25
	chrIX	37673	0	0.5	25
	chrIX	37681	0	0.5	25
	chrIX	37683	0	0.5	25
	chrIX	37689	1	0.5	25
	chrIX	37703	0	0.5	25
	chrIX	37712	0	1.0	25
	chrIX	37718	0	0.5	25
	chrIX	37720	1	0.5	25
	chrIX	37725	1	0.5	25
	chrIX	37739	0	1.0	25
	chrIX	37741	1	0.5	25
	chrIX	37780	1	0.5	25
	chrIX	37784	1	1.0	25
	chrIX	37786	1	0.5	25
	chrIX	37793	0	0.5	25
	chrIX	37809	0	0.5	25
	chrIX	37842	1	0.5	25
	chrIX	37846	0	0.5	25
	chrIX	37848	0	0.5	25
	chrIX	37866	1	0.5	25
	chrIX	37894	0	1.0	25
	chrIX	37902	0	0.5	25
	chrIX	37902	1	0.5	25
	chrIX	37906	1	0.5	25
	chrIX	37913	1	1.0	25
	chrIX	37932	1	0.5	25
	chrIX	37961	1	0.5	25
	chrIX	37964	1	1.0	25
	chrIX	37975	0	0.5	25
	chrIX	38011	0	0.5	25
	chrIX	38032	1	0.5	25
	chrIX	38100	0	0.5	25
	chrIX	38143	0	0.5	25
	chrIX	38159	1	0.5	25
	chrIX	38167	0	0.5	25
	chrIX	38178	1	0.5	25
	chrIX	38180	1	0.5	25
	chrIX	38184	0	0.5	25
	chrIX	38233	1	0.5	25
	chrIX	38245	0	0.5	25
	chrIX	38272	1	0.5	25
	chrIX	38292	0	0.5	25
	chrIX	38315	0	0.5	25
	chrIX	38332	0	0.5	25
	chrIX	38338	0	0.5	25
	chrIX	38377	1	0.5	25
	chrIX	38381	0	0.5	25
	chrIX	38386	1	0.5	25
	chrIX	38396	1	0.5	25
	chrIX	38398	0	0.5	25
	chrIX	38400	1	0.5	25
	chrIX	38422	0	0.5	25
	chrIX	38422	1	0.5	25
	chrIX	38456	0	0.5	25
	chrIX	38458	1	0.5	25
	chrIX	38460	0	0.5	25
	chrIX	38471	1	0.5	25
	chrIX	38472	1	0.5	25
	chrIX	38478	0	1.0	25
	chrIX	38500	1	0.5	25
	chrIX	38516	0	0.5	25
	chrIX	38538	0	0.5	25
	chrIX	38572	0	1.0	25
	chrIX	38577	0	0.5	25
	chrIX	38578	0	1.0	25
	chrIX	38579	1	1.0	25
	chrIX	38588	0	0.5	25
	chrIX	38589	0	0.5	25
	chrIX	38592	1	0.5	25
	chrIX	38605	1	0.5	25
	chrIX	38615	1	0.5	25
	chrIX	38616	1	0.5	25
	chrIX	38618	0	0.5	25
	chrIX	38629	1	0.5	23
	chrIX	38630	0	0.5	25
	chrIX	38637	1	1.0	25
	chrIX	38638	0	0.5	25
	chrIX	38648	1	0.5	25
	chrIX	38651	0	1.0	25
	chrIX	38657	0	0.5	25
	chrIX	38668	0	0.5	25
	chrIX	38669	1	0.5	25
	chrIX	38685	1	0.5	25
	chrIX	38687	0	0.5	25
	chrIX	38692	1	0.5	25
	chrIX	38698	0	0.5	25
	chrIX	38701	1	1.0	25
	chrIX	38713	0	1.0	25
	chrIX	38714	0	1.0	25
	chrIX	38714	1	0.5	25
	chrIX	38720	1	0.5	25
	chrIX	38729	1	0.5	25
	chrIX	38776	0	0.5	25
	chrIX	38801	1	1.0	25
	chrIX	38804	1	1.5	25
	chrIX	38855	0	0.5	25
	chrIX	38869	1	0.5	25
	chrIX	38877	0	0.5	25
	chrIX	38907	1	1.0	25
	chrIX	38918	1	0.5	25
	chrIX	38919	1	0.5	25
	chrIX	38942	0	0.5	25
	chrIX	38982	0	0.5	25
	chrIX	38990	0	0.5	25
	chrIX	38996	0	0.5	25
	chrIX	39000	1	0.5	25
	chrIX	39035	1	0.5	25
	chrIX	39065	0	0.5	25
	chrIX	39087	1	0.5	25
	chrIX	39097	0	0.5	25
	chrIX	39124	1	0.5	25
	chrIX	39129	0	0.5	25
	chrIX	39137	0	0.5	25
	chrIX	39146	0	0.5	25
	chrIX	39148	1	0.5	25
	chrIX	39158	0	0.5	25
	chrIX	39163	1	0.5	25
	chrIX	39170	0	0.5	25
	chrIX	39171	0	0.5	25
	chrIX	39175	0	0.5	25
	chrIX	39188	0	1.0	25
	chrIX	39194	0	1.0	25
	chrIX	39197	1	0.5	25
	chrIX	39200	0	0.5	25
	chrIX	39205	0	1.0	25
	chrIX	39210	1	0.5	25
	chrIX	39221	0	0.5	25
	chrIX	39226	0	0.5	25
	chrIX	39242	1	0.5	25
	chrIX	39243	1	0.5	25
	chrIX	39248	0	1.5	25
	chrIX	39253	1	0.5	25
	chrIX	39255	1	0.5	25
	chrIX	39256	0	1.5	25
	chrIX	39258	1	0.5	25
	chrIX	39261	0	0.5	25
	chrIX	39262	0	2.0	25
	chrIX	39264	0	0.5	25
	chrIX	39265	0	7.5	25
	chrIX	39270	0	0.5	25
	chrIX	39272	1	1.0	25
	chrIX	39276	1	1.0	25
	chrIX	39278	0	0.5	25
	chrIX	39279	0	1.0	25
	chrIX	39283	1	1.0	25
	chrIX	39284	1	0.5	25
	chrIX	39285	0	2.5	25
	chrIX	39285	1	0.5	25
	chrIX	39286	0	1.5	25
	chrIX	39287	0	0.5	25
	chrIX	39298	0	0.5	25
	chrIX	39304	0	0.5	25
	chrIX	39307	0	1.0	25
	chrIX	39318	1	0.5	25
	chrIX	39319	0	0.5	25
	chrIX	39323	1	0.5	25
	chrIX	39325	1	0.5	23
	chrIX	39325	1	3.0	25
	chrIX	39326	1	1.5	25
	chrIX	39328	1	0.5	25
	chrIX	39330	0	0.5	25
	chrIX	39330	1	2.5	25
	chrIX	39331	0	0.5	25
	chrIX	39331	1	1.0	25
	chrIX	39332	0	0.5	25
	chrIX	39332	1	0.5	25
	chrIX	39337	1	0.5	25
	chrIX	39342	1	0.5	25
	chrIX	39343	1	0.5	25
	chrIX	39345	0	0.5	25
	chrIX	39349	1	1.0	25
	chrIX	39351	1	2.5	25
	chrIX	39352	0	1.0	25
	chrIX	39352	1	1.0	25
	chrIX	39355	1	0.5	25
	chrIX	39361	1	2.5	25
	chrIX	39366	1	0.5	25
	chrIX	39367	1	1.0	25
	chrIX	39368	1	2.0	25
	chrIX	39374	1	0.5	25
	chrIX	39396	1	0.5	23
	chrIX	39397	0	0.5	25
	chrIX	39399	0	0.5	25
	chrIX	39411	1	0.5	25
	chrIX	39423	1	0.5	25
	chrIX	39446	1	0.5	25
	chrIX	39457	1	0.5	25
	chrIX	39514	0	0.5	25
	chrIX	39532	1	0.5	25
	chrIX	39541	0	0.5	25
	chrIX	39566	1	0.5	25
	chrIX	39571	0	0.5	25
	chrIX	39582	1	0.5	25
	chrIX	39597	1	0.5	25
	chrIX	39616	0	1.0	25
	chrIX	39635	1	0.5	25
	chrIX	39694	0	0.5	25
	chrIX	39697	1	1.0	25
	chrIX	39719	0	0.5	25
	chrIX	39720	0	0.5	25
	chrIX	39741	0	0.5	25
	chrIX	39747	0	0.5	25
	chrIX	39749	0	0.5	25
	chrIX	39749	1	0.5	25
	chrIX	39754	1	0.5	24
	chrIX	39781	1	0.5	25
	chrIX	39801	1	0.5	25
	chrIX	39802	1	0.5	25
	chrIX	39807	1	0.5	25
	chrIX	39842	0	0.5	25
	chrIX	39896	0	0.5	25
	chrIX	39910	0	0.5	25
	chrIX	39910	1	0.5	25
	chrIX	39926	0	1.5	25
	chrIX	39935	0	0.5	25
	chrIX	39953	0	1.0	25
	chrIX	39958	1	0.5	25
	chrIX	39970	0	0.5	25
	chrIX	39983	0	0.5	25
	chrIX	39985	1	0.5	25
	chrIX	39995	0	0.5	25
	chrIX	39997	1	0.5	25
	chrIX	40020	0	0.5	25
	chrIX	40021	1	0.5	25
	chrIX	40026	1	0.5	25
	chrIX	40043	1	0.5	25
	chrIX	40048	1	0.5	25
	chrIX	40053	0	0.5	25
	chrIX	40063	0	0.5	25
	chrIX	40070	1	0.5	25
	chrIX	40089	1	1.5	25
	chrIX	40096	1	1.0	25
	chrIX	40108	0	0.5	25
	chrIX	40120	0	1.0	25
	chrIX	40139	1	0.5	25
	chrIX	40143	0	0.5	25
	chrIX	40164	1	0.5	25
	chrIX	40173	1	1.0	25
	chrIX	40174	0	0.5	25
	chrIX	40224	0	1.0	25
	chrIX	40231	0	1.0	25
	chrIX	40234	1	0.5	25
	chrIX	40235	1	0.5	25
	chrIX	40255	0	0.5	25
	chrIX	40277	1	1.0	25
	chrIX	40279	0	0.5	25
	chrIX	40294	0	0.5	25
	chrIX	40315	0	0.5	25
	chrIX	40321	0	0.5	25
	chrIX	40346	1	0.5	25
	chrIX	40377	1	0.5	25
	chrIX	40378	1	0.5	25
	chrIX	40379	1	1.0	25
	chrIX	40389	1	0.5	25
	chrIX	40398	0	0.5	25
	chrIX	40401	0	0.5	25
	chrIX	40429	0	0.5	25
	chrIX	40436	1	0.5	25
	chrIX	40447	0	0.5	25
	chrIX	40458	0	2.0	25
	chrIX	40466	1	0.5	25
	chrIX	40479	0	0.5	25
	chrIX	40496	0	0.5	25
	chrIX	40504	1	0.5	25
	chrIX	40511	1	0.5	25
	chrIX	40516	0	0.5	25
	chrIX	40531	1	0.5	25
	chrIX	40533	1	2.0	25
	chrIX	40546	1	0.5	25
	chrIX	40555	0	0.5	25
	chrIX	40572	1	0.5	25
	chrIX	40579	1	0.5	25
	chrIX	40588	0	1.0	25
	chrIX	40629	0	0.5	25
	chrIX	40639	0	0.5	25
	chrIX	40646	0	0.5	25
	chrIX	40649	1	0.5	25
	chrIX	40653	0	0.5	25
	chrIX	40661	0	1.0	25
	chrIX	40701	0	0.5	25
	chrIX	40702	1	0.5	25
	chrIX	40709	1	0.5	25
	chrIX	40724	0	0.5	25
	chrIX	40731	1	1.0	25
	chrIX	40732	0	0.5	25
	chrIX	40737	0	0.5	25
	chrIX	40753	1	0.5	25
	chrIX	40761	1	1.0	25
	chrIX	40763	1	0.5	25
	chrIX	40777	0	0.5	25
	chrIX	40778	0	0.5	25
	chrIX	40780	0	0.5	25
	chrIX	40782	1	0.5	25
	chrIX	40787	0	0.5	25
	chrIX	40792	0	0.5	25
	chrIX	40800	1	0.5	25
	chrIX	40838	1	0.5	25
	chrIX	40842	0	0.5	25
	chrIX	40851	1	1.0	25
	chrIX	40903	0	1.0	25
	chrIX	40927	1	0.5	25
	chrIX	40938	1	0.5	25
	chrIX	40949	1	0.5	25
	chrIX	40951	1	0.5	25
	chrIX	40975	1	0.5	25
	chrIX	41019	0	0.5	25
	chrIX	41059	0	0.5	25
	chrIX	41076	0	0.5	25
	chrIX	41081	0	0.5	25
	chrIX	41083	0	1.0	25
	chrIX	41091	1	0.5	25
	chrIX	41098	0	0.5	25
	chrIX	41111	1	0.5	25
	chrIX	41117	1	1.0	25
	chrIX	41122	0	0.5	25
	chrIX	41124	0	0.5	25
	chrIX	41134	1	0.5	25
	chrIX	41153	0	0.5	25
	chrIX	41154	0	0.5	25
	chrIX	41159	1	0.5	25
	chrIX	41183	1	0.5	25
	chrIX	41185	1	0.5	25
	chrIX	41200	1	0.5	25
	chrIX	41241	1	0.5	25
	chrIX	41255	1	0.5	25
	chrIX	41257	0	0.5	25
	chrIX	41261	0	0.5	25
	chrIX	41291	1	0.5	25
	chrIX	41297	0	1.0	25
	chrIX	41320	0	0.5	25
	chrIX	41355	0	0.5	25
	chrIX	41364	0	0.5	25
	chrIX	41375	0	1.0	25
	chrIX	41390	1	0.5	25
	chrIX	41395	1	0.5	25
	chrIX	41411	0	0.5	25
	chrIX	41411	1	1.0	25
	chrIX	41416	1	0.5	25
	chrIX	41434	1	0.5	25
	chrIX	41437	0	2.0	25
	chrIX	41437	1	0.5	25
	chrIX	41443	1	0.5	25
	chrIX	41448	1	0.5	25
	chrIX	41452	0	0.5	25
	chrIX	41466	0	0.5	25
	chrIX	41486	1	1.0	25
	chrIX	41528	0	0.5	25
	chrIX	41530	0	0.5	25
	chrIX	41542	1	0.5	25
	chrIX	41550	0	0.5	25
	chrIX	41575	0	0.5	25
	chrIX	41582	1	0.5	25
	chrIX	41584	0	0.5	25
	chrIX	41585	0	0.5	25
	chrIX	41604	0	0.5	25
	chrIX	41606	0	0.5	25
	chrIX	41610	1	0.5	25
	chrIX	41616	1	2.0	25
	chrIX	41618	1	0.5	25
	chrIX	41620	0	0.5	25
	chrIX	41622	0	0.5	25
	chrIX	41623	0	0.5	25
	chrIX	41624	0	0.5	24
	chrIX	41624	0	1.5	25
	chrIX	41626	0	0.5	25
	chrIX	41627	0	1.0	25
	chrIX	41635	0	0.5	25
	chrIX	41640	1	0.5	25
	chrIX	41643	0	0.5	25
	chrIX	41644	0	0.5	25
	chrIX	41644	1	0.5	25
	chrIX	41649	0	0.5	25
	chrIX	41665	1	0.5	25
	chrIX	41680	1	0.5	25
	chrIX	41681	1	0.5	25
	chrIX	41696	0	1.0	25
	chrIX	41696	1	0.5	25
	chrIX	41697	1	0.5	25
	chrIX	41710	1	0.5	25
	chrIX	41717	1	1.5	25
	chrIX	41719	1	0.5	25
	chrIX	41722	0	0.5	25
	chrIX	41728	1	0.5	25
	chrIX	41729	0	0.5	25
	chrIX	41729	1	1.5	25
	chrIX	41740	1	1.0	25
	chrIX	41760	1	0.5	25
	chrIX	41766	1	0.5	25
	chrIX	41769	1	0.5	25
	chrIX	41794	0	0.5	25
	chrIX	41814	0	0.5	25
	chrIX	41819	1	0.5	25
	chrIX	41833	0	0.5	25
	chrIX	41863	1	0.5	25
	chrIX	41889	1	0.5	25
	chrIX	41911	1	0.5	25
	chrIX	41919	0	0.5	25
	chrIX	41924	1	0.5	25
	chrIX	41944	0	0.5	25
	chrIX	41964	0	0.5	25
	chrIX	41968	1	0.5	25
	chrIX	41988	1	0.5	25
	chrIX	41990	0	0.5	25
	chrIX	42003	0	0.5	25
	chrIX	42010	1	0.5	25
	chrIX	42019	1	0.5	25
	chrIX	42055	1	0.5	25
	chrIX	42057	0	0.5	25
	chrIX	42092	0	0.5	25
	chrIX	42098	0	0.5	25
	chrIX	42116	0	0.5	25
	chrIX	42130	0	0.5	25
	chrIX	42145	1	0.5	25
	chrIX	42152	1	0.5	25
	chrIX	42153	1	0.5	25
	chrIX	42181	0	0.5	25
	chrIX	42185	1	0.5	25
	chrIX	42186	0	0.5	25
	chrIX	42211	0	0.5	25
	chrIX	42221	1	0.5	25
	chrIX	42227	1	0.5	25
	chrIX	42236	0	0.5	25
	chrIX	42259	0	0.5	25
	chrIX	42270	1	0.5	25
	chrIX	42288	1	0.5	25
	chrIX	42294	0	0.5	25
	chrIX	42299	1	0.5	25
	chrIX	42302	0	0.5	25
	chrIX	42337	1	0.5	25
	chrIX	42349	0	0.5	25
	chrIX	42363	0	0.5	25
	chrIX	42380	1	0.5	25
	chrIX	42384	1	0.5	25
	chrIX	42400	0	0.5	25
	chrIX	42402	0	0.5	25
	chrIX	42417	1	0.5	25
	chrIX	42425	0	0.5	25
	chrIX	42445	0	0.5	25
	chrIX	42455	1	0.5	25
	chrIX	42460	1	0.5	25
	chrIX	42470	0	0.5	25
	chrIX	42476	0	0.5	25
	chrIX	42479	0	0.5	25
	chrIX	42495	0	1.0	25
	chrIX	42503	1	0.5	25
	chrIX	42505	0	0.5	25
	chrIX	42509	1	0.5	25
	chrIX	42518	1	1.0	25
	chrIX	42532	1	0.5	25
	chrIX	42543	1	0.5	25
	chrIX	42547	0	0.5	25
	chrIX	42574	1	1.0	25
	chrIX	42586	1	0.5	25
	chrIX	42587	1	0.5	25
	chrIX	42588	0	1.0	25
	chrIX	42616	0	0.5	25
	chrIX	42629	1	0.5	25
	chrIX	42634	0	0.5	25
	chrIX	42638	0	0.5	25
	chrIX	42676	0	0.5	25
	chrIX	42679	0	0.5	25
	chrIX	42696	1	0.5	25
	chrIX	42697	1	0.5	25
	chrIX	42705	0	0.5	25
	chrIX	42720	1	0.5	25
	chrIX	42743	0	0.5	25
	chrIX	42743	1	1.0	25
	chrIX	42759	1	0.5	25
	chrIX	42770	0	0.5	25
	chrIX	42775	1	0.5	25
	chrIX	42787	0	0.5	25
	chrIX	42793	0	0.5	25
	chrIX	42796	0	0.5	25
	chrIX	42816	1	0.5	25
	chrIX	42830	0	0.5	25
	chrIX	42839	1	0.5	25
	chrIX	42845	1	0.5	25
	chrIX	42865	1	0.5	25
	chrIX	42885	1	0.5	25
	chrIX	42908	0	0.5	25
	chrIX	42911	0	0.5	25
	chrIX	42916	0	0.5	25
	chrIX	42920	1	0.5	25
	chrIX	42956	1	0.5	25
	chrIX	42970	0	0.5	25
	chrIX	42970	1	0.5	25
	chrIX	42973	0	0.5	25
	chrIX	42983	0	0.5	25
	chrIX	43002	1	0.5	25
	chrIX	43004	0	0.5	25
	chrIX	43033	1	0.5	25
	chrIX	43034	1	0.5	25
	chrIX	43042	0	0.5	25
	chrIX	43056	0	0.5	25
	chrIX	43079	0	0.5	25
	chrIX	43085	1	0.5	25
	chrIX	43118	1	0.5	25
	chrIX	43131	1	0.5	25
	chrIX	43132	1	1.0	25
	chrIX	43134	1	0.5	25
	chrIX	43166	0	0.5	25
	chrIX	43273	0	0.5	25
	chrIX	43277	0	1.0	25
	chrIX	43285	0	0.5	25
	chrIX	43286	1	0.5	25
	chrIX	43321	0	0.5	25
	chrIX	43340	1	1.0	25
	chrIX	43362	1	0.5	25
	chrIX	43371	1	0.5	25
	chrIX	43385	1	0.5	25
	chrIX	43401	0	1.0	25
	chrIX	43430	0	0.5	25
	chrIX	43453	0	0.5	25
	chrIX	43502	1	1.0	25
	chrIX	43506	1	0.5	25
	chrIX	43520	1	0.5	25
	chrIX	43521	0	0.5	25
	chrIX	43533	0	0.5	25
	chrIX	43579	1	0.5	25
	chrIX	43612	1	0.5	25
	chrIX	43682	0	0.5	25
	chrIX	43705	0	0.5	25
	chrIX	43753	1	0.5	25
	chrIX	43769	0	0.5	25
	chrIX	43770	0	0.5	25
	chrIX	43793	1	0.5	25
	chrIX	43816	0	0.5	25
	chrIX	43839	1	1.0	25
	chrIX	43844	0	0.5	25
	chrIX	43856	0	0.5	25
	chrIX	43872	0	0.5	25
	chrIX	43875	0	0.5	25
	chrIX	43879	0	0.5	25
	chrIX	43885	1	0.5	25
	chrIX	43886	0	1.0	25
	chrIX	43912	1	0.5	25
	chrIX	43918	1	0.5	25
	chrIX	43924	1	0.5	25
	chrIX	43925	1	0.5	25
	chrIX	43933	1	0.5	25
	chrIX	43934	0	0.5	25
	chrIX	43938	0	0.5	25
	chrIX	43969	0	0.5	25
	chrIX	43974	0	1.0	25
	chrIX	43976	1	0.5	25
	chrIX	43990	1	0.5	25
	chrIX	44002	1	0.5	25
	chrIX	44024	1	0.5	25
	chrIX	44062	1	0.5	25
	chrIX	44086	0	0.5	25
	chrIX	44101	0	0.5	25
	chrIX	44120	0	0.5	25
	chrIX	44171	0	0.5	25
	chrIX	44177	1	0.5	25
	chrIX	44195	0	0.5	25
	chrIX	44196	1	1.0	25
	chrIX	44225	0	0.5	25
	chrIX	44242	1	0.5	25
	chrIX	44250	0	0.5	25
	chrIX	44250	1	0.5	25
	chrIX	44268	0	0.5	25
	chrIX	44299	1	0.5	25
	chrIX	44304	1	0.5	25
	chrIX	44315	1	0.5	25
	chrIX	44378	0	0.5	25
	chrIX	44386	0	0.5	25
	chrIX	44413	1	0.5	25
	chrIX	44416	1	0.5	25
	chrIX	44433	0	0.5	25
	chrIX	44471	1	0.5	25
	chrIX	44486	1	0.5	25
	chrIX	44492	1	0.5	25
	chrIX	44495	0	0.5	25
	chrIX	44539	0	0.5	25
	chrIX	44542	1	0.5	25
	chrIX	44544	0	0.5	25
	chrIX	44554	0	0.5	25
	chrIX	44572	0	0.5	25
	chrIX	44581	0	0.5	25
	chrIX	44602	1	0.5	25
	chrIX	44604	0	1.0	25
	chrIX	44612	1	0.5	25
	chrIX	44615	0	1.0	25
	chrIX	44626	1	0.5	25
	chrIX	44647	1	0.5	25
	chrIX	44655	0	1.0	25
	chrIX	44660	1	0.5	25
	chrIX	44663	0	0.5	25
	chrIX	44666	0	0.5	25
	chrIX	44677	0	0.5	25
	chrIX	44689	1	0.5	25
	chrIX	44693	1	0.5	25
	chrIX	44694	1	1.0	25
	chrIX	44700	0	0.5	25
	chrIX	44706	0	0.5	25
	chrIX	44714	0	0.5	25
	chrIX	44725	1	0.5	25
	chrIX	44735	0	0.5	25
	chrIX	44745	1	0.5	25
	chrIX	44747	1	1.5	25
	chrIX	44748	0	1.0	25
	chrIX	44749	1	0.5	25
	chrIX	44768	0	0.5	25
	chrIX	44770	1	0.5	25
	chrIX	44780	1	0.5	25
	chrIX	44814	1	0.5	25
	chrIX	44817	0	0.5	25
	chrIX	44836	0	0.5	25
	chrIX	44837	1	0.5	25
	chrIX	44865	0	1.0	25
	chrIX	44865	1	0.5	25
	chrIX	44890	0	0.5	25
	chrIX	44896	1	0.5	25
	chrIX	44897	1	0.5	25
	chrIX	44899	0	0.5	25
	chrIX	44903	0	0.5	25
	chrIX	44932	1	1.0	25
	chrIX	44935	1	0.5	25
	chrIX	44942	1	0.5	25
	chrIX	44955	0	0.5	25
	chrIX	44971	0	0.5	25
	chrIX	44971	1	0.5	25
	chrIX	44981	0	0.5	25
	chrIX	44993	0	1.0	25
	chrIX	45007	1	0.5	25
	chrIX	45012	0	0.5	25
	chrIX	45013	1	0.5	25
	chrIX	45026	0	0.5	25
	chrIX	45031	0	0.5	25
	chrIX	45036	1	0.5	25
	chrIX	45046	0	1.0	25
	chrIX	45053	1	1.0	25
	chrIX	45067	0	0.5	25
	chrIX	45090	1	0.5	25
	chrIX	45104	1	0.5	25
	chrIX	45109	1	0.5	25
	chrIX	45130	1	1.0	25
	chrIX	45132	1	0.5	25
	chrIX	45133	1	0.5	25
	chrIX	45140	0	0.5	25
	chrIX	45141	0	0.5	25
	chrIX	45153	0	0.5	25
	chrIX	45158	0	1.0	25
	chrIX	45202	1	0.5	25
	chrIX	45205	0	0.5	25
	chrIX	45246	1	1.0	25
	chrIX	45256	0	0.5	25
	chrIX	45267	0	0.5	25
	chrIX	45283	1	0.5	25
	chrIX	45293	0	0.5	25
	chrIX	45306	1	0.5	25
	chrIX	45321	1	0.5	25
	chrIX	45326	1	0.5	25
	chrIX	45332	1	0.5	25
	chrIX	45359	0	0.5	25
	chrIX	45403	0	0.5	25
	chrIX	45417	1	0.5	25
	chrIX	45421	0	0.5	25
	chrIX	45423	0	0.5	25
	chrIX	45432	1	0.5	25
	chrIX	45445	0	0.5	25
	chrIX	45450	0	0.5	25
	chrIX	45480	1	0.5	25
	chrIX	45482	1	0.5	24
	chrIX	45482	1	0.5	25
	chrIX	45517	0	0.5	25
	chrIX	45532	0	0.5	25
	chrIX	45543	0	0.5	25
	chrIX	45546	1	0.5	25
	chrIX	45566	1	0.5	25
	chrIX	45595	1	0.5	25
	chrIX	45605	0	0.5	25
	chrIX	45607	0	0.5	25
	chrIX	45617	0	0.5	25
	chrIX	45631	1	0.5	25
	chrIX	45640	0	0.5	25
	chrIX	45640	1	0.5	25
	chrIX	45645	0	0.5	25
	chrIX	45673	0	0.5	25
	chrIX	45674	0	0.5	25
	chrIX	45677	1	0.5	25
	chrIX	45685	0	0.5	25
	chrIX	45687	1	0.5	25
	chrIX	45692	1	0.5	25
	chrIX	45700	1	0.5	25
	chrIX	45704	0	0.5	25
	chrIX	45713	1	0.5	25
	chrIX	45760	1	0.5	25
	chrIX	45796	1	0.5	25
	chrIX	45816	0	0.5	25
	chrIX	45821	0	0.5	25
	chrIX	45824	0	0.5	25
	chrIX	45828	0	0.5	25
	chrIX	45829	0	0.5	25
	chrIX	45856	1	0.5	25
	chrIX	45870	0	0.5	25
	chrIX	45870	1	0.5	25
	chrIX	45901	0	0.5	25
	chrIX	45910	1	0.5	25
	chrIX	45912	1	0.5	25
	chrIX	45935	0	0.5	25
	chrIX	45938	0	0.5	25
	chrIX	45960	0	0.5	25
	chrIX	45979	1	0.5	25
	chrIX	45985	1	1.0	25
	chrIX	45986	0	0.5	25
	chrIX	45986	1	0.5	25
	chrIX	45987	0	1.0	25
	chrIX	45989	0	0.5	25
	chrIX	45990	0	1.0	25
	chrIX	45991	0	1.5	25
	chrIX	45993	0	1.0	25
	chrIX	45994	0	0.5	25
	chrIX	45998	1	0.5	25
	chrIX	46006	0	1.0	25
	chrIX	46008	0	1.0	25
	chrIX	46013	0	0.5	25
	chrIX	46014	0	0.5	25
	chrIX	46015	0	0.5	25
	chrIX	46023	1	0.5	25
	chrIX	46026	0	0.5	25
	chrIX	46040	0	0.5	25
	chrIX	46043	0	0.5	25
	chrIX	46044	0	0.5	25
	chrIX	46057	0	0.5	25
	chrIX	46066	1	0.5	25
	chrIX	46074	0	0.5	25
	chrIX	46074	1	2.5	25
	chrIX	46075	1	1.0	25
	chrIX	46077	1	1.0	25
	chrIX	46078	1	2.5	25
	chrIX	46085	1	0.5	25
	chrIX	46086	1	0.5	25
	chrIX	46088	1	0.5	25
	chrIX	46091	1	1.0	25
	chrIX	46098	1	0.5	25
	chrIX	46109	1	0.5	25
	chrIX	46110	0	0.5	25
	chrIX	46112	0	0.5	25
	chrIX	46123	1	0.5	25
	chrIX	46129	0	0.5	25
	chrIX	46131	0	1.0	25
	chrIX	46135	1	0.5	25
	chrIX	46136	1	0.5	25
	chrIX	46150	1	0.5	25
	chrIX	46157	0	0.5	25
	chrIX	46162	0	0.5	25
	chrIX	46163	1	0.5	25
	chrIX	46174	1	0.5	25
	chrIX	46192	0	0.5	25
	chrIX	46221	1	1.0	25
	chrIX	46222	0	0.5	25
	chrIX	46241	1	0.5	25
	chrIX	46245	1	0.5	25
	chrIX	46247	1	0.5	25
	chrIX	46266	0	1.0	25
	chrIX	46274	1	0.5	25
	chrIX	46314	0	0.5	25
	chrIX	46317	1	0.5	25
	chrIX	46340	0	0.5	25
	chrIX	46351	0	1.5	25
	chrIX	46369	1	0.5	25
	chrIX	46388	1	0.5	25
	chrIX	46393	1	0.5	25
	chrIX	46414	1	1.0	25
	chrIX	46417	1	0.5	25
	chrIX	46419	1	0.5	25
	chrIX	46443	1	0.5	25
	chrIX	46492	0	0.5	25
	chrIX	46538	0	0.5	25
	chrIX	46555	0	0.5	25
	chrIX	46560	0	0.5	25
	chrIX	46595	1	0.5	25
	chrIX	46614	0	1.0	25
	chrIX	46619	0	0.5	25
	chrIX	46619	1	0.5	25
	chrIX	46621	0	0.5	25
	chrIX	46624	0	0.5	25
	chrIX	46626	1	0.5	25
	chrIX	46631	0	0.5	25
	chrIX	46643	1	0.5	25
	chrIX	46653	0	1.0	25
	chrIX	46657	0	0.5	25
	chrIX	46663	0	0.5	25
	chrIX	46667	1	1.0	25
	chrIX	46678	0	0.5	25
	chrIX	46681	0	0.5	25
	chrIX	46682	0	0.5	25
	chrIX	46685	1	0.5	25
	chrIX	46690	1	0.5	25
	chrIX	46695	1	0.5	25
	chrIX	46701	1	0.5	25
	chrIX	46717	1	0.5	25
	chrIX	46722	1	0.5	25
	chrIX	46727	1	0.5	25
	chrIX	46730	1	0.5	25
	chrIX	46747	0	0.5	25
	chrIX	46747	1	1.0	25
	chrIX	46749	0	0.5	25
	chrIX	46754	0	0.5	25
	chrIX	46769	0	0.5	25
	chrIX	46803	0	1.0	25
	chrIX	46816	1	1.5	25
	chrIX	46819	1	0.5	25
	chrIX	46841	0	0.5	25
	chrIX	46851	0	0.5	25
	chrIX	46865	0	0.5	25
	chrIX	46866	1	0.5	25
	chrIX	46881	1	0.5	25
	chrIX	46888	0	0.5	25
	chrIX	46903	0	0.5	25
	chrIX	46909	0	0.5	25
	chrIX	46929	0	0.5	25
	chrIX	46929	1	1.0	25
	chrIX	46938	1	0.5	25
	chrIX	46939	0	0.5	25
	chrIX	46941	1	0.5	25
	chrIX	46947	1	1.0	25
	chrIX	46948	0	0.5	25
	chrIX	46968	0	0.5	25
	chrIX	46977	0	0.5	25
	chrIX	47001	0	1.0	25
	chrIX	47024	0	0.5	25
	chrIX	47034	1	0.5	25
	chrIX	47042	1	0.5	25
	chrIX	47050	0	0.5	25
	chrIX	47050	1	0.5	25
	chrIX	47061	1	1.0	25
	chrIX	47065	1	0.5	25
	chrIX	47074	0	0.5	25
	chrIX	47092	1	0.5	25
	chrIX	47101	0	1.0	25
	chrIX	47102	0	0.5	25
	chrIX	47107	1	0.5	25
	chrIX	47127	0	0.5	25
	chrIX	47159	1	0.5	25
	chrIX	47162	0	0.5	25
	chrIX	47168	1	0.5	25
	chrIX	47190	0	0.5	25
	chrIX	47206	0	0.5	25
	chrIX	47215	1	0.5	25
	chrIX	47217	1	1.0	25
	chrIX	47224	0	0.5	25
	chrIX	47240	0	0.5	25
	chrIX	47256	0	0.5	25
	chrIX	47262	0	0.5	25
	chrIX	47269	0	1.0	25
	chrIX	47280	0	0.5	25
	chrIX	47280	1	0.5	25
	chrIX	47281	0	0.5	25
	chrIX	47320	0	0.5	25
	chrIX	47327	0	0.5	25
	chrIX	47329	0	0.5	25
	chrIX	47345	1	0.5	25
	chrIX	47348	0	0.5	25
	chrIX	47354	1	0.5	25
	chrIX	47375	0	0.5	25
	chrIX	47379	1	0.5	25
	chrIX	47382	1	0.5	25
	chrIX	47387	1	0.5	25
	chrIX	47415	1	0.5	25
	chrIX	47423	1	0.5	25
	chrIX	47424	1	0.5	25
	chrIX	47425	1	2.0	25
	chrIX	47436	0	0.5	25
	chrIX	47437	1	0.5	25
	chrIX	47438	0	1.0	25
	chrIX	47442	0	0.5	25
	chrIX	47443	1	0.5	25
	chrIX	47477	1	0.5	25
	chrIX	47497	1	0.5	25
	chrIX	47505	1	0.5	25
	chrIX	47518	0	0.5	25
	chrIX	47528	1	0.5	25
	chrIX	47565	0	0.5	25
	chrIX	47569	1	0.5	25
	chrIX	47610	1	0.5	25
	chrIX	47613	0	0.5	25
	chrIX	47621	0	0.5	25
	chrIX	47622	1	0.5	25
	chrIX	47631	0	0.5	25
	chrIX	47632	1	0.5	25
	chrIX	47634	0	0.5	25
	chrIX	47656	0	0.5	25
	chrIX	47673	1	0.5	25
	chrIX	47683	1	0.5	25
	chrIX	47690	0	0.5	25
	chrIX	47697	1	0.5	25
	chrIX	47700	1	0.5	25
	chrIX	47708	0	0.5	25
	chrIX	47711	0	0.5	25
	chrIX	47739	0	0.5	25
	chrIX	47751	1	0.5	25
	chrIX	47752	1	0.5	25
	chrIX	47779	1	0.5	25
	chrIX	47784	1	0.5	25
	chrIX	47787	0	0.5	25
	chrIX	47802	0	0.5	25
	chrIX	47825	0	0.5	25
	chrIX	47830	1	0.5	25
	chrIX	47831	0	0.5	25
	chrIX	47848	0	1.0	25
	chrIX	47860	0	1.0	25
	chrIX	47861	1	0.5	25
	chrIX	47883	1	0.5	25
	chrIX	47899	0	0.5	25
	chrIX	47903	1	0.5	25
	chrIX	47913	1	0.5	25
	chrIX	47958	1	0.5	25
	chrIX	47965	0	0.5	25
	chrIX	47967	0	0.5	25
	chrIX	47972	0	0.5	25
	chrIX	47989	0	1.0	25
	chrIX	47990	1	0.5	25
	chrIX	47991	0	2.0	25
	chrIX	47993	0	2.0	25
	chrIX	48001	0	0.5	25
	chrIX	48002	0	0.5	25
	chrIX	48003	0	0.5	25
	chrIX	48004	1	0.5	25
	chrIX	48008	0	1.0	25
	chrIX	48010	1	0.5	25
	chrIX	48020	1	0.5	25
	chrIX	48033	1	0.5	25
	chrIX	48035	1	0.5	25
	chrIX	48039	1	0.5	25
	chrIX	48053	1	0.5	25
	chrIX	48054	1	1.0	25
	chrIX	48055	1	1.0	25
	chrIX	48061	0	0.5	25
	chrIX	48061	1	1.0	25
	chrIX	48063	1	1.0	25
	chrIX	48067	1	2.0	25
	chrIX	48070	0	1.0	25
	chrIX	48074	1	1.0	25
	chrIX	48075	0	0.5	25
	chrIX	48090	0	0.5	25
	chrIX	48093	1	0.5	25
	chrIX	48123	1	0.5	25
	chrIX	48126	0	0.5	25
	chrIX	48134	0	0.5	25
	chrIX	48149	1	1.0	25
	chrIX	48180	1	0.5	25
	chrIX	48195	0	0.5	25
	chrIX	48212	0	0.5	25
	chrIX	48227	0	0.5	25
	chrIX	48265	0	0.5	25
	chrIX	48266	1	0.5	25
	chrIX	48267	0	0.5	25
	chrIX	48277	1	0.5	25
	chrIX	48282	0	0.5	25
	chrIX	48307	1	0.5	25
	chrIX	48331	1	0.5	25
	chrIX	48332	1	0.5	25
	chrIX	48341	0	0.5	25
	chrIX	48343	0	0.5	25
	chrIX	48353	1	0.5	25
	chrIX	48354	1	0.5	25
	chrIX	48369	0	0.5	25
	chrIX	48388	0	0.5	25
	chrIX	48391	1	0.5	25
	chrIX	48406	1	1.0	25
	chrIX	48411	0	0.5	25
	chrIX	48427	1	0.5	25
	chrIX	48449	1	0.5	25
	chrIX	48479	0	1.0	25
	chrIX	48511	0	0.5	25
	chrIX	48538	1	0.5	25
	chrIX	48539	0	0.5	25
	chrIX	48540	1	1.0	25
	chrIX	48551	1	0.5	25
	chrIX	48565	0	0.5	25
	chrIX	48595	0	0.5	25
	chrIX	48601	0	0.5	25
	chrIX	48624	1	0.5	25
	chrIX	48626	1	0.5	25
	chrIX	48673	0	0.5	25
	chrIX	48691	1	0.5	25
	chrIX	48699	0	0.5	25
	chrIX	48700	1	0.5	25
	chrIX	48707	0	0.5	25
	chrIX	48722	1	0.5	25
	chrIX	48741	1	0.5	25
	chrIX	48766	0	0.5	25
	chrIX	48769	1	0.5	25
	chrIX	48809	1	0.5	25
	chrIX	48822	1	0.5	25
	chrIX	48826	0	0.5	25
	chrIX	48831	0	0.5	25
	chrIX	48886	0	0.5	25
	chrIX	48913	1	0.5	25
	chrIX	48916	1	0.5	25
	chrIX	48930	0	0.5	25
	chrIX	48936	1	0.5	25
	chrIX	48950	0	1.5	25
	chrIX	48966	0	0.5	25
	chrIX	48983	1	0.5	25
	chrIX	48987	0	0.5	25
	chrIX	49016	1	0.5	25
	chrIX	49017	0	0.5	25
	chrIX	49023	0	0.5	25
	chrIX	49040	0	0.5	25
	chrIX	49055	0	0.5	25
	chrIX	49073	1	0.5	25
	chrIX	49081	1	1.5	25
	chrIX	49086	0	0.5	25
	chrIX	49094	1	0.5	25
	chrIX	49106	0	0.5	25
	chrIX	49114	1	0.5	25
	chrIX	49130	1	0.5	25
	chrIX	49135	1	0.5	25
	chrIX	49168	1	0.5	25
	chrIX	49184	0	0.5	25
	chrIX	49197	1	0.5	25
	chrIX	49201	0	0.5	25
	chrIX	49204	0	0.5	25
	chrIX	49218	0	0.5	25
	chrIX	49251	0	1.0	25
	chrIX	49258	1	1.0	25
	chrIX	49283	0	0.5	25
	chrIX	49285	0	0.5	25
	chrIX	49293	0	0.5	25
	chrIX	49302	1	0.5	25
	chrIX	49309	0	0.5	25
	chrIX	49315	0	1.0	25
	chrIX	49321	1	0.5	25
	chrIX	49323	0	0.5	25
	chrIX	49337	1	0.5	25
	chrIX	49341	1	0.5	25
	chrIX	49366	1	0.5	25
	chrIX	49370	1	0.5	25
	chrIX	49386	1	1.0	25
	chrIX	49402	1	0.5	25
	chrIX	49429	0	1.0	25
	chrIX	49461	0	0.5	25
	chrIX	49465	0	0.5	25
	chrIX	49468	0	0.5	25
	chrIX	49471	1	0.5	25
	chrIX	49484	0	0.5	25
	chrIX	49499	1	1.0	25
	chrIX	49517	0	0.5	25
	chrIX	49522	1	0.5	25
	chrIX	49529	1	0.5	25
	chrIX	49533	1	0.5	25
	chrIX	49538	1	0.5	25
	chrIX	49571	0	1.5	25
	chrIX	49624	0	1.0	25
	chrIX	49660	0	0.5	25
	chrIX	49661	1	1.5	25
	chrIX	49671	1	0.5	25
	chrIX	49693	0	0.5	25
	chrIX	49695	0	0.5	25
	chrIX	49695	1	0.5	25
	chrIX	49702	1	1.0	25
	chrIX	49705	0	0.5	25
	chrIX	49714	1	0.5	25
	chrIX	49735	0	0.5	25
	chrIX	49742	0	0.5	25
	chrIX	49755	1	0.5	25
	chrIX	49796	0	0.5	25
	chrIX	49799	1	0.5	25
	chrIX	49800	0	0.5	25
	chrIX	49821	1	0.5	25
	chrIX	49846	0	0.5	25
	chrIX	49854	0	0.5	25
	chrIX	49860	1	0.5	25
	chrIX	49865	0	0.5	25
	chrIX	49873	0	0.5	25
	chrIX	49878	0	0.5	25
	chrIX	49896	0	0.5	25
	chrIX	49898	0	0.5	25
	chrIX	49899	1	0.5	25
	chrIX	49920	1	0.5	25
	chrIX	49930	0	1.0	25
	chrIX	49931	0	0.5	25
	chrIX	49938	1	0.5	25
	chrIX	49939	0	1.0	25
	chrIX	49956	1	0.5	25
	chrIX	49961	1	0.5	25
	chrIX	49963	0	0.5	25
	chrIX	49986	1	0.5	25
	chrIX	49991	1	0.5	25
	chrIX	49999	1	0.5	25
	chrIX	50004	1	0.5	25
	chrIX	50008	0	0.5	25
	chrIX	50013	1	0.5	25
	chrIX	50014	1	0.5	25
	chrIX	50016	0	0.5	25
	chrIX	50034	1	0.5	25
	chrIX	50036	1	0.5	25
	chrIX	50041	1	0.5	25
	chrIX	50057	0	0.5	25
	chrIX	50073	1	0.5	25
	chrIX	50095	1	0.5	25
	chrIX	50100	0	1.0	25
	chrIX	50104	1	0.5	25
	chrIX	50105	0	0.5	25
	chrIX	50134	0	0.5	25
	chrIX	50140	1	0.5	25
	chrIX	50210	1	0.5	25
	chrIX	50213	1	0.5	25
	chrIX	50216	1	0.5	25
	chrIX	50240	1	1.0	25
	chrIX	50294	0	0.5	25
	chrIX	50310	0	1.0	25
	chrIX	50312	0	0.5	25
	chrIX	50316	0	0.5	25
	chrIX	50362	0	0.5	25
	chrIX	50369	1	0.5	25
	chrIX	50376	1	1.0	25
	chrIX	50406	1	0.5	25
	chrIX	50423	0	0.5	25
	chrIX	50452	0	0.5	25
	chrIX	50454	1	0.5	25
	chrIX	50455	1	0.5	25
	chrIX	50459	0	0.5	25
	chrIX	50478	1	0.5	25
	chrIX	50495	0	0.5	25
	chrIX	50513	0	0.5	25
	chrIX	50514	1	0.5	25
	chrIX	50521	0	0.5	25
	chrIX	50548	1	0.5	25
	chrIX	50562	1	0.5	25
	chrIX	50564	0	0.5	25
	chrIX	50566	0	0.5	25
	chrIX	50595	1	0.5	25
	chrIX	50643	1	0.5	25
	chrIX	50681	0	0.5	25
	chrIX	50683	0	0.5	25
	chrIX	50684	0	1.0	25
	chrIX	50693	0	1.0	25
	chrIX	50694	0	1.0	25
	chrIX	50713	0	1.0	25
	chrIX	50750	1	0.5	25
	chrIX	50756	0	0.5	25
	chrIX	50757	0	0.5	25
	chrIX	50763	1	0.5	25
	chrIX	50766	1	0.5	25
	chrIX	50768	1	1.0	25
	chrIX	50769	1	1.0	25
	chrIX	50773	0	0.5	25
	chrIX	50775	0	0.5	25
	chrIX	50781	1	0.5	25
	chrIX	50784	1	0.5	25
	chrIX	50798	0	0.5	25
	chrIX	50818	1	0.5	25
	chrIX	50825	0	1.0	25
	chrIX	50831	1	0.5	25
	chrIX	50832	0	0.5	25
	chrIX	50838	1	0.5	25
	chrIX	50840	0	1.0	25
	chrIX	50842	1	1.0	25
	chrIX	50874	1	0.5	25
	chrIX	50878	0	0.5	25
	chrIX	50889	1	1.0	25
	chrIX	50911	1	0.5	25
	chrIX	50912	1	0.5	25
	chrIX	50914	0	0.5	25
	chrIX	50917	0	0.5	25
	chrIX	50918	1	1.0	25
	chrIX	50926	1	0.5	25
	chrIX	50927	0	0.5	25
	chrIX	50930	0	0.5	25
	chrIX	50932	0	0.5	25
	chrIX	50954	1	0.5	25
	chrIX	50971	1	0.5	25
	chrIX	50973	0	0.5	25
	chrIX	50981	1	0.5	25
	chrIX	50997	1	1.0	25
	chrIX	50999	0	0.5	25
	chrIX	51011	0	0.5	25
	chrIX	51030	0	0.5	25
	chrIX	51030	1	0.5	25
	chrIX	51033	0	0.5	25
	chrIX	51059	0	0.5	25
	chrIX	51070	1	0.5	25
	chrIX	51092	0	0.5	25
	chrIX	51108	1	0.5	25
	chrIX	51120	0	0.5	25
	chrIX	51125	0	0.5	25
	chrIX	51136	1	0.5	25
	chrIX	51148	1	0.5	25
	chrIX	51167	0	0.5	25
	chrIX	51169	0	0.5	25
	chrIX	51175	1	0.5	25
	chrIX	51177	1	0.5	25
	chrIX	51180	0	0.5	25
	chrIX	51207	0	0.5	25
	chrIX	51212	1	0.5	25
	chrIX	51218	0	0.5	25
	chrIX	51225	1	0.5	24
	chrIX	51226	0	0.5	25
	chrIX	51249	0	0.5	25
	chrIX	51259	0	0.5	25
	chrIX	51261	0	0.5	25
	chrIX	51264	1	0.5	25
	chrIX	51276	1	0.5	25
	chrIX	51279	0	0.5	25
	chrIX	51279	1	0.5	25
	chrIX	51287	0	0.5	25
	chrIX	51312	1	0.5	25
	chrIX	51318	0	0.5	25
	chrIX	51318	1	1.0	25
	chrIX	51345	0	0.5	25
	chrIX	51346	0	0.5	25
	chrIX	51352	1	0.5	25
	chrIX	51368	1	0.5	25
	chrIX	51371	1	0.5	25
	chrIX	51374	1	0.5	25
	chrIX	51376	0	0.5	25
	chrIX	51378	1	0.5	25
	chrIX	51381	0	0.5	25
	chrIX	51407	1	0.5	25
	chrIX	51408	0	0.5	25
	chrIX	51416	1	0.5	25
	chrIX	51427	1	0.5	25
	chrIX	51459	1	0.5	25
	chrIX	51461	1	0.5	25
	chrIX	51464	1	0.5	25
	chrIX	51476	0	0.5	25
	chrIX	51489	0	0.5	25
	chrIX	51526	1	1.0	25
	chrIX	51567	1	0.5	25
	chrIX	51574	0	0.5	25
	chrIX	51586	0	0.5	25
	chrIX	51591	0	0.5	25
	chrIX	51641	1	0.5	25
	chrIX	51660	1	0.5	25
	chrIX	51687	1	0.5	25
	chrIX	51939	0	0.5	25
	chrIX	51943	0	0.5	25
	chrIX	51944	0	0.5	25
	chrIX	52002	0	0.5	25
	chrIX	52005	1	0.5	25
	chrIX	52007	0	0.5	25
	chrIX	52014	1	0.5	25
	chrIX	52019	0	0.5	25
	chrIX	52026	0	0.5	25
	chrIX	52031	1	0.5	25
	chrIX	52039	0	0.5	25
	chrIX	52060	0	0.5	25
	chrIX	52073	1	0.5	25
	chrIX	52093	1	0.5	25
	chrIX	52097	1	0.5	25
	chrIX	52098	0	0.5	25
	chrIX	52113	1	0.5	25
	chrIX	52160	1	0.5	25
	chrIX	52210	0	0.5	25
	chrIX	52218	1	0.5	25
	chrIX	52232	0	0.5	25
	chrIX	52252	0	0.5	25
	chrIX	52280	1	0.5	25
	chrIX	52299	0	0.5	25
	chrIX	52302	1	0.5	25
	chrIX	52307	1	0.5	25
	chrIX	52319	0	0.5	25
	chrIX	52320	0	0.5	25
	chrIX	52338	1	0.5	25
	chrIX	52348	0	1.0	25
	chrIX	52360	1	0.5	25
	chrIX	52369	0	1.0	25
	chrIX	52409	1	0.5	25
	chrIX	52419	1	0.5	25
	chrIX	52433	1	0.5	25
	chrIX	52440	1	1.0	25
	chrIX	52447	1	0.5	25
	chrIX	52476	0	0.5	25
	chrIX	52483	0	0.5	25
	chrIX	52541	1	0.5	25
	chrIX	52547	0	0.5	25
	chrIX	52551	0	0.5	25
	chrIX	52555	0	0.5	25
	chrIX	52571	1	0.5	25
	chrIX	52602	0	1.0	25
	chrIX	52608	0	1.0	25
	chrIX	52611	1	0.5	25
	chrIX	52635	1	0.5	25
	chrIX	52667	1	1.0	25
	chrIX	52669	1	1.0	25
	chrIX	52749	0	0.5	25
	chrIX	52779	1	0.5	25
	chrIX	52848	0	1.0	25
	chrIX	52866	0	0.5	25
	chrIX	52875	1	0.5	25
	chrIX	52925	1	0.5	25
	chrIX	52956	1	1.0	25
	chrIX	52979	0	0.5	25
	chrIX	53013	0	0.5	25
	chrIX	53045	1	0.5	25
	chrIX	53068	0	0.5	25
	chrIX	53084	0	0.5	25
	chrIX	53085	0	0.5	25
	chrIX	53091	0	0.5	25
	chrIX	53103	0	1.0	25
	chrIX	53125	1	0.5	25
	chrIX	53129	1	0.5	25
	chrIX	53136	1	0.5	25
	chrIX	53159	1	0.5	25
	chrIX	53195	0	0.5	25
	chrIX	53201	0	0.5	25
	chrIX	53202	1	0.5	25
	chrIX	53225	0	0.5	25
	chrIX	53274	1	0.5	25
	chrIX	53280	1	0.5	25
	chrIX	53295	1	0.5	25
	chrIX	53409	0	0.5	25
	chrIX	53413	0	0.5	25
	chrIX	53418	0	0.5	25
	chrIX	53449	0	0.5	25
	chrIX	53457	1	1.0	25
	chrIX	53470	0	0.5	25
	chrIX	53473	1	0.5	25
	chrIX	53493	0	0.5	25
	chrIX	53509	0	0.5	25
	chrIX	53516	0	0.5	25
	chrIX	53519	0	0.5	25
	chrIX	53535	0	0.5	25
	chrIX	53538	0	0.5	25
	chrIX	53539	0	0.5	25
	chrIX	53546	1	0.5	25
	chrIX	53560	1	0.5	25
	chrIX	53574	1	0.5	25
	chrIX	53578	0	0.5	25
	chrIX	53584	1	0.5	25
	chrIX	53585	0	0.5	25
	chrIX	53600	0	0.5	25
	chrIX	53603	1	0.5	25
	chrIX	53609	0	0.5	25
	chrIX	53613	1	0.5	25
	chrIX	53614	1	0.5	25
	chrIX	53622	1	0.5	25
	chrIX	53628	0	0.5	25
	chrIX	53632	1	0.5	25
	chrIX	53633	1	0.5	25
	chrIX	53636	0	0.5	25
	chrIX	53667	0	0.5	25
	chrIX	53679	1	0.5	25
	chrIX	53682	0	0.5	25
	chrIX	53704	0	0.5	25
	chrIX	53708	1	1.0	25
	chrIX	53709	0	0.5	25
	chrIX	53716	0	0.5	25
	chrIX	53745	1	0.5	25
	chrIX	53754	1	0.5	25
	chrIX	53766	1	0.5	25
	chrIX	53779	0	0.5	25
	chrIX	53779	1	0.5	25
	chrIX	53781	1	0.5	25
	chrIX	53796	0	0.5	25
	chrIX	53801	0	0.5	25
	chrIX	53816	1	0.5	25
	chrIX	53819	1	0.5	25
	chrIX	53820	0	0.5	25
	chrIX	53826	0	0.5	25
	chrIX	53826	1	0.5	25
	chrIX	53827	0	1.0	25
	chrIX	53830	0	1.0	25
	chrIX	53838	0	0.5	25
	chrIX	53842	0	0.5	25
	chrIX	53858	0	0.5	25
	chrIX	53865	1	0.5	25
	chrIX	53867	0	0.5	25
	chrIX	53871	1	0.5	25
	chrIX	53872	0	0.5	25
	chrIX	53880	0	0.5	25
	chrIX	53893	1	0.5	25
	chrIX	53894	0	0.5	25
	chrIX	53894	1	0.5	25
	chrIX	53898	1	2.5	25
	chrIX	53907	0	0.5	25
	chrIX	53913	1	0.5	25
	chrIX	53920	1	1.0	25
	chrIX	53934	1	1.5	25
	chrIX	53940	1	0.5	25
	chrIX	53964	1	0.5	25
	chrIX	54011	0	0.5	25
	chrIX	54076	1	0.5	25
	chrIX	54096	0	0.5	25
	chrIX	54142	1	0.5	25
	chrIX	54156	1	0.5	25
	chrIX	54161	0	0.5	25
	chrIX	54210	0	0.5	25
	chrIX	54250	1	0.5	25
	chrIX	54261	0	0.5	25
	chrIX	54303	1	0.5	25
	chrIX	54345	0	0.5	25
	chrIX	54428	1	0.5	25
	chrIX	54446	0	0.5	25
	chrIX	54471	0	0.5	25
	chrIX	54503	0	0.5	25
	chrIX	54521	1	0.5	25
	chrIX	54543	0	0.5	25
	chrIX	54546	1	0.5	25
	chrIX	54554	1	0.5	25
	chrIX	54575	1	0.5	25
	chrIX	54598	0	1.0	25
	chrIX	54634	1	0.5	25
	chrIX	54653	0	0.5	25
	chrIX	54674	0	1.0	25
	chrIX	54702	0	0.5	25
	chrIX	54715	0	0.5	25
	chrIX	54719	1	1.0	25
	chrIX	54724	1	0.5	25
	chrIX	54730	1	1.0	25
	chrIX	54739	0	0.5	25
	chrIX	54742	0	0.5	25
	chrIX	54806	0	0.5	25
	chrIX	54807	0	0.5	25
	chrIX	54810	1	0.5	25
	chrIX	54845	1	0.5	25
	chrIX	54859	0	0.5	25
	chrIX	54904	1	0.5	25
	chrIX	54933	1	0.5	25
	chrIX	54937	0	0.5	25
	chrIX	54971	1	0.5	25
	chrIX	54993	1	0.5	25
	chrIX	54997	0	0.5	25
	chrIX	55030	0	0.5	25
	chrIX	55055	1	0.5	25
	chrIX	55059	0	1.0	25
	chrIX	55069	0	1.0	25
	chrIX	55072	1	0.5	25
	chrIX	55073	0	1.5	25
	chrIX	55074	0	1.0	25
	chrIX	55081	0	1.0	25
	chrIX	55083	0	1.0	25
	chrIX	55092	1	0.5	25
	chrIX	55093	0	0.5	25
	chrIX	55112	0	1.0	25
	chrIX	55113	0	1.0	25
	chrIX	55113	1	0.5	25
	chrIX	55122	1	1.0	25
	chrIX	55127	0	0.5	25
	chrIX	55132	1	1.0	25
	chrIX	55133	1	0.5	25
	chrIX	55134	1	0.5	25
	chrIX	55137	0	0.5	25
	chrIX	55140	1	0.5	25
	chrIX	55147	1	0.5	25
	chrIX	55148	0	0.5	25
	chrIX	55150	1	0.5	25
	chrIX	55157	1	1.0	25
	chrIX	55166	1	1.0	25
	chrIX	55170	1	1.0	25
	chrIX	55173	0	0.5	25
	chrIX	55178	0	1.0	25
	chrIX	55184	0	0.5	25
	chrIX	55203	1	0.5	25
	chrIX	55206	0	0.5	25
	chrIX	55235	1	0.5	25
	chrIX	55239	1	0.5	25
	chrIX	55249	1	1.0	25
	chrIX	55254	1	0.5	25
	chrIX	55257	0	0.5	25
	chrIX	55263	1	0.5	25
	chrIX	55265	1	0.5	25
	chrIX	55308	1	0.5	25
	chrIX	55318	0	0.5	25
	chrIX	55328	0	1.0	25
	chrIX	55328	1	0.5	25
	chrIX	55467	1	1.0	25
	chrIX	55468	1	0.5	25
	chrIX	55471	0	0.5	25
	chrIX	55476	1	0.5	25
	chrIX	55486	1	0.5	25
	chrIX	55497	0	0.5	25
	chrIX	55512	0	0.5	25
	chrIX	55524	0	0.5	25
	chrIX	55542	0	0.5	25
	chrIX	55549	1	0.5	25
	chrIX	55575	1	0.5	25
	chrIX	55580	1	0.5	25
	chrIX	55581	0	0.5	25
	chrIX	55588	1	0.5	25
	chrIX	55624	0	0.5	25
	chrIX	55676	1	0.5	25
	chrIX	55706	1	0.5	25
	chrIX	55770	0	0.5	25
	chrIX	55842	1	0.5	25
	chrIX	55850	1	0.5	25
	chrIX	55882	0	0.5	25
	chrIX	55903	0	0.5	25
	chrIX	55914	0	0.5	25
	chrIX	55933	0	0.5	25
	chrIX	55954	0	0.5	25
	chrIX	55967	0	0.5	25
	chrIX	55968	0	0.5	25
	chrIX	55968	1	0.5	25
	chrIX	55975	0	0.5	25
	chrIX	56002	0	1.5	25
	chrIX	56008	0	0.5	25
	chrIX	56011	1	0.5	25
	chrIX	56027	1	0.5	25
	chrIX	56036	1	0.5	25
	chrIX	56037	1	0.5	25
	chrIX	56062	1	1.0	25
	chrIX	56069	1	0.5	25
	chrIX	56070	1	0.5	25
	chrIX	56073	0	0.5	25
	chrIX	56075	1	0.5	25
	chrIX	56091	0	0.5	25
	chrIX	56097	1	0.5	25
	chrIX	56131	1	0.5	25
	chrIX	56132	1	0.5	25
	chrIX	56168	0	0.5	25
	chrIX	56177	0	0.5	25
	chrIX	56195	0	1.0	25
	chrIX	56209	0	0.5	25
	chrIX	56225	1	0.5	25
	chrIX	56232	0	0.5	25
	chrIX	56236	1	0.5	25
	chrIX	56250	0	0.5	25
	chrIX	56280	1	1.0	25
	chrIX	56296	0	0.5	25
	chrIX	56299	1	0.5	25
	chrIX	56302	1	0.5	25
	chrIX	56317	0	0.5	25
	chrIX	56358	1	0.5	25
	chrIX	56363	0	1.5	25
	chrIX	56365	0	2.5	25
	chrIX	56393	1	0.5	25
	chrIX	56418	0	0.5	25
	chrIX	56428	0	0.5	25
	chrIX	56444	1	0.5	25
	chrIX	56450	1	1.5	25
	chrIX	56451	0	0.5	25
	chrIX	56453	1	0.5	25
	chrIX	56454	0	0.5	25
	chrIX	56455	1	1.0	25
	chrIX	56456	0	0.5	25
	chrIX	56460	0	0.5	25
	chrIX	56461	0	0.5	25
	chrIX	56466	1	0.5	25
	chrIX	56468	0	0.5	25
	chrIX	56469	0	1.0	25
	chrIX	56476	0	1.0	25
	chrIX	56477	0	0.5	25
	chrIX	56477	1	1.5	25
	chrIX	56497	1	1.0	25
	chrIX	56499	0	0.5	25
	chrIX	56503	0	0.5	25
	chrIX	56507	0	0.5	25
	chrIX	56508	1	0.5	25
	chrIX	56510	0	1.0	25
	chrIX	56511	1	0.5	25
	chrIX	56523	0	0.5	25
	chrIX	56532	1	0.5	25
	chrIX	56534	0	1.0	25
	chrIX	56536	1	0.5	25
	chrIX	56538	1	0.5	25
	chrIX	56539	1	1.0	25
	chrIX	56543	1	0.5	25
	chrIX	56550	0	0.5	25
	chrIX	56563	1	0.5	25
	chrIX	56568	0	0.5	25
	chrIX	56575	1	0.5	25
	chrIX	56577	1	0.5	25
	chrIX	56589	0	1.0	25
	chrIX	56591	1	1.0	25
	chrIX	56592	1	1.0	25
	chrIX	56594	0	0.5	25
	chrIX	56594	1	0.5	25
	chrIX	56595	0	1.0	25
	chrIX	56596	0	0.5	25
	chrIX	56597	1	0.5	25
	chrIX	56638	1	1.0	25
	chrIX	56654	1	0.5	25
	chrIX	56666	1	0.5	25
	chrIX	56677	0	0.5	25
	chrIX	56700	0	0.5	25
	chrIX	56703	0	0.5	25
	chrIX	56732	1	1.0	25
	chrIX	56748	0	1.0	25
	chrIX	56748	1	0.5	25
	chrIX	56750	0	0.5	25
	chrIX	56760	1	0.5	25
	chrIX	56777	0	1.0	25
	chrIX	56783	0	0.5	25
	chrIX	56787	0	0.5	25
	chrIX	56788	0	0.5	25
	chrIX	56788	1	0.5	25
	chrIX	56803	1	0.5	25
	chrIX	56809	0	0.5	25
	chrIX	56838	1	1.0	25
	chrIX	56847	0	0.5	25
	chrIX	56852	1	0.5	25
	chrIX	56855	1	0.5	25
	chrIX	56868	0	0.5	25
	chrIX	56874	1	0.5	25
	chrIX	56883	1	1.0	25
	chrIX	56889	1	0.5	25
	chrIX	56893	1	0.5	25
	chrIX	56894	1	0.5	25
	chrIX	56900	1	0.5	25
	chrIX	56917	0	0.5	25
	chrIX	56925	1	0.5	25
	chrIX	56926	0	0.5	25
	chrIX	56929	0	0.5	25
	chrIX	56944	0	0.5	25
	chrIX	56946	0	0.5	25
	chrIX	56963	1	0.5	25
	chrIX	56966	0	0.5	25
	chrIX	56970	0	0.5	25
	chrIX	56972	1	0.5	25
	chrIX	56981	0	0.5	25
	chrIX	56986	1	0.5	25
	chrIX	56996	1	0.5	25
	chrIX	57000	1	0.5	25
	chrIX	57001	1	0.5	25
	chrIX	57013	0	0.5	25
	chrIX	57020	1	0.5	25
	chrIX	57033	0	0.5	25
	chrIX	57041	1	0.5	25
	chrIX	57048	0	0.5	25
	chrIX	57084	0	0.5	25
	chrIX	57104	0	0.5	25
	chrIX	57110	0	0.5	25
	chrIX	57114	0	1.0	25
	chrIX	57115	0	1.0	25
	chrIX	57126	0	0.5	25
	chrIX	57146	1	0.5	25
	chrIX	57151	1	0.5	25
	chrIX	57156	0	0.5	25
	chrIX	57171	1	0.5	25
	chrIX	57190	0	0.5	25
	chrIX	57200	1	0.5	25
	chrIX	57201	1	0.5	25
	chrIX	57202	1	0.5	25
	chrIX	57210	1	0.5	25
	chrIX	57217	1	0.5	25
	chrIX	57226	0	0.5	25
	chrIX	57236	1	0.5	25
	chrIX	57239	1	0.5	25
	chrIX	57242	1	0.5	25
	chrIX	57248	1	0.5	25
	chrIX	57249	0	0.5	25
	chrIX	57256	0	0.5	25
	chrIX	57261	0	0.5	25
	chrIX	57304	1	0.5	25
	chrIX	57306	1	0.5	25
	chrIX	57310	0	0.5	25
	chrIX	57311	0	0.5	25
	chrIX	57322	1	1.0	25
	chrIX	57337	0	0.5	25
	chrIX	57337	1	0.5	25
	chrIX	57340	0	0.5	25
	chrIX	57365	0	0.5	25
	chrIX	57378	1	0.5	25
	chrIX	57380	1	0.5	25
	chrIX	57381	0	0.5	25
	chrIX	57390	0	1.0	25
	chrIX	57400	1	0.5	25
	chrIX	57402	0	0.5	25
	chrIX	57426	1	0.5	25
	chrIX	57442	1	0.5	25
	chrIX	57445	1	0.5	25
	chrIX	57448	0	0.5	25
	chrIX	57464	1	0.5	25
	chrIX	57471	0	0.5	25
	chrIX	57516	1	0.5	25
	chrIX	57524	1	0.5	25
	chrIX	57540	1	0.5	25
	chrIX	57542	1	0.5	25
	chrIX	57582	0	0.5	25
	chrIX	57637	1	0.5	25
	chrIX	57650	0	0.5	25
	chrIX	57705	1	0.5	25
	chrIX	57711	1	0.5	25
	chrIX	57739	0	1.0	25
	chrIX	57749	0	0.5	25
	chrIX	57754	0	0.5	25
	chrIX	57764	0	1.5	25
	chrIX	57779	0	0.5	25
	chrIX	57815	1	0.5	25
	chrIX	57816	0	0.5	25
	chrIX	57824	0	0.5	25
	chrIX	57830	0	1.0	25
	chrIX	57858	0	0.5	25
	chrIX	57864	1	0.5	25
	chrIX	57890	0	0.5	25
	chrIX	57894	1	0.5	25
	chrIX	57896	1	0.5	25
	chrIX	57899	1	0.5	25
	chrIX	57904	1	0.5	25
	chrIX	57925	1	0.5	25
	chrIX	57942	1	1.0	25
	chrIX	57953	1	1.5	25
	chrIX	57958	1	0.5	25
	chrIX	57960	1	0.5	25
	chrIX	57962	0	1.0	25
	chrIX	57965	0	0.5	25
	chrIX	57979	0	0.5	25
	chrIX	58010	1	1.0	25
	chrIX	58031	1	0.5	25
	chrIX	58044	1	0.5	25
	chrIX	58056	0	1.0	25
	chrIX	58093	0	1.0	25
	chrIX	58153	1	1.0	25
	chrIX	58191	1	1.0	25
	chrIX	58194	0	1.0	25
	chrIX	58202	0	0.5	25
	chrIX	58230	0	1.0	25
	chrIX	58249	0	0.5	25
	chrIX	58249	1	0.5	25
	chrIX	58265	1	0.5	25
	chrIX	58266	0	0.5	25
	chrIX	58275	0	0.5	25
	chrIX	58290	1	0.5	25
	chrIX	58307	1	0.5	25
	chrIX	58314	0	0.5	25
	chrIX	58319	0	0.5	25
	chrIX	58325	1	0.5	25
	chrIX	58337	1	0.5	25
	chrIX	58371	0	0.5	25
	chrIX	58375	0	0.5	25
	chrIX	58377	0	0.5	25
	chrIX	58380	1	0.5	25
	chrIX	58392	1	0.5	25
	chrIX	58416	1	0.5	25
	chrIX	58433	1	1.5	25
	chrIX	58441	0	0.5	25
	chrIX	58452	0	0.5	25
	chrIX	58453	1	0.5	25
	chrIX	58463	0	0.5	25
	chrIX	58469	0	0.5	25
	chrIX	58495	0	0.5	25
	chrIX	58504	0	0.5	25
	chrIX	58521	1	0.5	25
	chrIX	58531	1	1.0	25
	chrIX	58540	1	0.5	25
	chrIX	58550	0	1.0	25
	chrIX	58560	1	0.5	25
	chrIX	58580	0	0.5	25
	chrIX	58596	1	1.0	25
	chrIX	58616	0	0.5	25
	chrIX	58635	0	0.5	25
	chrIX	58638	1	0.5	25
	chrIX	58657	1	0.5	25
	chrIX	58674	0	0.5	25
	chrIX	58682	1	0.5	25
	chrIX	58718	1	0.5	25
	chrIX	58733	0	1.0	25
	chrIX	58733	1	0.5	25
	chrIX	58778	1	1.0	25
	chrIX	58780	0	0.5	25
	chrIX	58785	0	0.5	25
	chrIX	58833	1	0.5	25
	chrIX	58836	0	0.5	25
	chrIX	58836	1	0.5	25
	chrIX	58856	0	0.5	25
	chrIX	58858	0	0.5	25
	chrIX	58900	0	0.5	25
	chrIX	58912	1	0.5	25
	chrIX	58940	0	0.5	25
	chrIX	58946	0	0.5	25
	chrIX	58954	1	0.5	25
	chrIX	58956	1	0.5	25
	chrIX	58972	0	0.5	25
	chrIX	58996	1	0.5	25
	chrIX	59004	1	0.5	25
	chrIX	59011	0	0.5	25
	chrIX	59012	0	0.5	25
	chrIX	59027	1	0.5	25
	chrIX	59040	0	1.0	25
	chrIX	59057	1	0.5	25
	chrIX	59061	0	0.5	25
	chrIX	59062	0	0.5	25
	chrIX	59064	0	1.5	25
	chrIX	59078	1	0.5	25
	chrIX	59095	0	0.5	25
	chrIX	59106	1	1.5	25
	chrIX	59114	1	0.5	25
	chrIX	59118	0	0.5	25
	chrIX	59120	0	0.5	25
	chrIX	59129	1	0.5	25
	chrIX	59136	1	1.0	25
	chrIX	59161	1	0.5	25
	chrIX	59166	1	0.5	25
	chrIX	59171	0	0.5	25
	chrIX	59171	1	0.5	25
	chrIX	59202	0	0.5	25
	chrIX	59216	1	0.5	25
	chrIX	59243	0	0.5	25
	chrIX	59249	0	1.0	25
	chrIX	59255	1	0.5	25
	chrIX	59267	0	0.5	25
	chrIX	59281	0	0.5	25
	chrIX	59298	0	0.5	25
	chrIX	59305	1	0.5	25
	chrIX	59309	1	0.5	25
	chrIX	59310	1	0.5	25
	chrIX	59313	0	0.5	25
	chrIX	59315	1	0.5	25
	chrIX	59328	0	0.5	25
	chrIX	59348	0	1.0	25
	chrIX	59355	0	0.5	25
	chrIX	59359	1	0.5	25
	chrIX	59374	1	0.5	25
	chrIX	59378	1	0.5	25
	chrIX	59398	1	0.5	25
	chrIX	59402	0	0.5	25
	chrIX	59408	1	0.5	25
	chrIX	59427	1	0.5	25
	chrIX	59436	0	0.5	25
	chrIX	59442	0	0.5	25
	chrIX	59463	1	0.5	25
	chrIX	59466	1	0.5	25
	chrIX	59493	1	0.5	25
	chrIX	59498	1	0.5	25
	chrIX	59514	0	0.5	25
	chrIX	59535	0	0.5	25
	chrIX	59559	1	0.5	25
	chrIX	59561	1	0.5	25
	chrIX	59616	0	1.0	25
	chrIX	59622	0	0.5	25
	chrIX	59640	0	1.0	25
	chrIX	59650	1	0.5	25
	chrIX	59694	1	1.0	25
	chrIX	59700	0	1.0	25
	chrIX	59728	0	1.0	25
	chrIX	59731	1	1.0	25
	chrIX	59746	0	0.5	25
	chrIX	59763	0	1.0	25
	chrIX	59771	1	1.0	25
	chrIX	59777	0	0.5	25
	chrIX	59807	1	0.5	25
	chrIX	59811	0	0.5	25
	chrIX	59823	0	0.5	25
	chrIX	59826	1	1.0	25
	chrIX	59829	0	0.5	25
	chrIX	59835	1	0.5	25
	chrIX	59846	0	0.5	25
	chrIX	59854	0	0.5	25
	chrIX	59856	0	0.5	25
	chrIX	59870	1	0.5	25
	chrIX	59881	1	0.5	25
	chrIX	59884	1	0.5	25
	chrIX	59887	1	0.5	25
	chrIX	59894	0	0.5	25
	chrIX	59914	0	0.5	25
	chrIX	59926	1	0.5	25
	chrIX	59932	1	0.5	25
	chrIX	59942	1	0.5	25
	chrIX	59952	0	0.5	25
	chrIX	59964	0	1.0	25
	chrIX	59973	0	0.5	25
	chrIX	59976	0	0.5	25
	chrIX	59976	1	1.0	25
	chrIX	59999	1	0.5	25
	chrIX	60000	1	0.5	25
	chrIX	60013	1	0.5	25
	chrIX	60020	1	0.5	25
	chrIX	60035	1	1.0	25
	chrIX	60036	1	0.5	25
	chrIX	60075	0	0.5	25
	chrIX	60122	0	0.5	25
	chrIX	60156	1	0.5	25
	chrIX	60162	0	1.5	25
	chrIX	60166	0	0.5	25
	chrIX	60178	0	0.5	25
	chrIX	60189	1	0.5	25
	chrIX	60205	0	0.5	25
	chrIX	60239	0	0.5	25
	chrIX	60240	1	0.5	25
	chrIX	60250	1	0.5	25
	chrIX	60251	1	0.5	25
	chrIX	60271	1	0.5	25
	chrIX	60298	0	0.5	25
	chrIX	60313	1	0.5	25
	chrIX	60318	0	0.5	25
	chrIX	60346	1	0.5	25
	chrIX	60400	0	1.5	25
	chrIX	60400	1	0.5	25
	chrIX	60410	0	1.0	25
	chrIX	60423	0	0.5	25
	chrIX	60429	0	0.5	25
	chrIX	60457	0	0.5	25
	chrIX	60469	1	0.5	25
	chrIX	60472	1	0.5	25
	chrIX	60473	1	1.5	25
	chrIX	60479	1	0.5	25
	chrIX	60486	0	0.5	25
	chrIX	60497	1	0.5	25
	chrIX	60508	1	0.5	25
	chrIX	60525	1	0.5	25
	chrIX	60540	0	0.5	25
	chrIX	60554	0	0.5	25
	chrIX	60559	1	0.5	25
	chrIX	60577	1	0.5	25
	chrIX	60580	0	1.0	25
	chrIX	60601	1	0.5	25
	chrIX	60612	0	0.5	25
	chrIX	60637	0	0.5	25
	chrIX	60644	0	0.5	25
	chrIX	60651	0	0.5	25
	chrIX	60683	1	0.5	25
	chrIX	60722	1	1.0	25
	chrIX	60723	1	0.5	25
	chrIX	60728	0	0.5	25
	chrIX	60729	0	0.5	25
	chrIX	60741	1	1.0	25
	chrIX	60747	1	0.5	25
	chrIX	60748	0	2.0	25
	chrIX	60766	0	0.5	25
	chrIX	60826	0	0.5	25
	chrIX	60844	1	0.5	25
	chrIX	60853	0	0.5	25
	chrIX	60854	1	1.0	25
	chrIX	60857	0	0.5	25
	chrIX	60868	0	0.5	25
	chrIX	60881	1	1.0	25
	chrIX	60882	1	1.0	25
	chrIX	60883	0	0.5	25
	chrIX	60884	0	0.5	25
	chrIX	60885	0	0.5	25
	chrIX	60890	0	0.5	25
	chrIX	60891	0	1.0	25
	chrIX	60899	0	4.0	25
	chrIX	60901	0	1.5	25
	chrIX	60903	0	2.5	25
	chrIX	60904	0	0.5	25
	chrIX	60909	0	0.5	25
	chrIX	60912	0	0.5	25
	chrIX	60913	0	0.5	25
	chrIX	60918	0	0.5	25
	chrIX	60928	1	0.5	25
	chrIX	60936	0	0.5	25
	chrIX	60936	1	0.5	25
	chrIX	60941	1	0.5	25
	chrIX	60945	1	0.5	25
	chrIX	60947	1	0.5	25
	chrIX	60957	1	1.0	25
	chrIX	60959	1	1.0	25
	chrIX	60967	1	3.5	25
	chrIX	60969	0	0.5	25
	chrIX	60972	1	1.5	25
	chrIX	60973	1	1.0	25
	chrIX	60974	0	0.5	25
	chrIX	60974	1	0.5	25
	chrIX	60978	1	0.5	25
	chrIX	60989	1	1.0	25
	chrIX	60991	1	0.5	25
	chrIX	61004	0	0.5	25
	chrIX	61004	1	0.5	25
	chrIX	61009	1	0.5	25
	chrIX	61016	1	0.5	25
	chrIX	61019	1	0.5	25
	chrIX	61040	0	0.5	25
	chrIX	61042	0	0.5	25
	chrIX	61049	0	0.5	25
	chrIX	61057	0	0.5	25
	chrIX	61069	1	0.5	25
	chrIX	61106	1	0.5	25
	chrIX	61123	1	0.5	25
	chrIX	61128	1	0.5	25
	chrIX	61159	0	0.5	25
	chrIX	61161	1	1.5	25
	chrIX	61163	0	0.5	25
	chrIX	61170	1	1.0	25
	chrIX	61212	1	0.5	25
	chrIX	61220	0	0.5	25
	chrIX	61259	0	0.5	25
	chrIX	61262	0	0.5	25
	chrIX	61327	1	0.5	25
	chrIX	61346	1	0.5	25
	chrIX	61347	1	0.5	25
	chrIX	61361	1	0.5	25
	chrIX	61387	0	0.5	25
	chrIX	61431	1	0.5	25
	chrIX	61454	0	0.5	25
	chrIX	61458	0	1.0	25
	chrIX	61459	0	0.5	25
	chrIX	61472	0	1.0	25
	chrIX	61511	0	0.5	25
	chrIX	61513	1	0.5	25
	chrIX	61519	1	0.5	25
	chrIX	61520	0	1.0	25
	chrIX	61522	0	0.5	25
	chrIX	61522	1	0.5	25
	chrIX	61542	1	1.0	25
	chrIX	61582	1	0.5	25
	chrIX	61591	1	1.0	25
	chrIX	61595	0	1.0	25
	chrIX	61625	1	0.5	25
	chrIX	61634	1	0.5	25
	chrIX	61663	0	0.5	25
	chrIX	61676	1	1.0	25
	chrIX	61682	0	0.5	25
	chrIX	61706	0	0.5	25
	chrIX	61719	0	0.5	25
	chrIX	61746	1	0.5	25
	chrIX	61752	0	1.0	25
	chrIX	61804	1	0.5	25
	chrIX	61811	1	1.0	25
	chrIX	61812	0	0.5	25
	chrIX	61819	1	0.5	25
	chrIX	61820	0	0.5	25
	chrIX	61829	1	0.5	25
	chrIX	61830	0	0.5	25
	chrIX	61838	0	1.0	25
	chrIX	61868	0	0.5	25
	chrIX	61878	0	0.5	25
	chrIX	61878	1	0.5	25
	chrIX	61880	1	1.0	25
	chrIX	61890	1	0.5	25
	chrIX	61938	1	0.5	25
	chrIX	61939	1	0.5	25
	chrIX	61955	0	1.0	25
	chrIX	61995	0	0.5	25
	chrIX	62039	0	0.5	25
	chrIX	62053	1	0.5	25
	chrIX	62072	0	1.5	25
	chrIX	62076	0	0.5	25
	chrIX	62095	1	0.5	25
	chrIX	62109	1	0.5	25
	chrIX	62118	1	0.5	25
	chrIX	62119	0	1.0	25
	chrIX	62122	0	0.5	25
	chrIX	62133	1	1.5	25
	chrIX	62134	0	0.5	25
	chrIX	62138	0	1.0	25
	chrIX	62161	0	0.5	25
	chrIX	62166	0	0.5	25
	chrIX	62166	1	0.5	25
	chrIX	62182	0	0.5	25
	chrIX	62195	1	0.5	25
	chrIX	62202	1	0.5	25
	chrIX	62203	1	1.0	25
	chrIX	62205	1	0.5	25
	chrIX	62219	1	0.5	25
	chrIX	62223	0	0.5	25
	chrIX	62235	1	1.0	25
	chrIX	62238	1	0.5	25
	chrIX	62257	0	0.5	25
	chrIX	62263	0	0.5	25
	chrIX	62282	1	0.5	25
	chrIX	62292	0	0.5	25
	chrIX	62303	1	0.5	25
	chrIX	62307	1	0.5	25
	chrIX	62328	0	0.5	25
	chrIX	62346	1	0.5	25
	chrIX	62353	1	0.5	25
	chrIX	62401	1	0.5	25
	chrIX	62406	0	0.5	25
	chrIX	62488	1	0.5	25
	chrIX	62509	0	0.5	25
	chrIX	62528	0	0.5	25
	chrIX	62609	0	1.0	25
	chrIX	62627	1	0.5	25
	chrIX	62633	0	0.5	25
	chrIX	62637	1	0.5	25
	chrIX	62639	0	0.5	25
	chrIX	62640	0	0.5	25
	chrIX	62661	0	0.5	25
	chrIX	62681	1	0.5	25
	chrIX	62686	1	0.5	25
	chrIX	62699	1	0.5	25
	chrIX	62702	0	0.5	23
	chrIX	62722	0	0.5	25
	chrIX	62723	1	0.5	25
	chrIX	62750	0	0.5	25
	chrIX	62765	0	0.5	25
	chrIX	62777	1	0.5	25
	chrIX	62779	0	0.5	25
	chrIX	62787	1	0.5	25
	chrIX	62788	0	0.5	25
	chrIX	62796	0	0.5	25
	chrIX	62797	1	0.5	25
	chrIX	62814	0	2.0	25
	chrIX	62815	0	0.5	25
	chrIX	62819	0	0.5	25
	chrIX	62829	0	1.0	25
	chrIX	62829	1	1.0	25
	chrIX	62830	0	3.0	25
	chrIX	62838	0	0.5	25
	chrIX	62839	0	1.0	25
	chrIX	62842	0	0.5	25
	chrIX	62843	0	0.5	25
	chrIX	62845	0	0.5	25
	chrIX	62851	1	0.5	25
	chrIX	62862	1	0.5	25
	chrIX	62863	0	2.0	25
	chrIX	62874	0	0.5	25
	chrIX	62882	1	0.5	25
	chrIX	62888	1	1.0	25
	chrIX	62889	1	1.0	25
	chrIX	62891	1	0.5	25
	chrIX	62892	1	0.5	25
	chrIX	62910	1	1.0	25
	chrIX	62913	1	2.0	25
	chrIX	62914	0	0.5	25
	chrIX	62914	1	1.5	25
	chrIX	62915	0	0.5	25
	chrIX	62915	1	0.5	25
	chrIX	62916	1	0.5	25
	chrIX	62918	1	0.5	25
	chrIX	62921	1	2.5	25
	chrIX	62925	0	0.5	25
	chrIX	62937	0	0.5	25
	chrIX	62947	1	0.5	25
	chrIX	62949	0	0.5	25
	chrIX	62952	1	0.5	25
	chrIX	62966	1	0.5	25
	chrIX	62975	1	0.5	25
	chrIX	63003	1	0.5	25
	chrIX	63015	1	0.5	25
	chrIX	63019	1	0.5	25
	chrIX	63021	1	0.5	25
	chrIX	63027	0	0.5	25
	chrIX	63066	1	0.5	25
	chrIX	63072	0	1.0	25
	chrIX	63106	0	0.5	25
	chrIX	63130	1	1.0	25
	chrIX	63151	0	0.5	25
	chrIX	63159	1	0.5	25
	chrIX	63162	0	1.0	25
	chrIX	63235	0	0.5	25
	chrIX	63238	1	1.0	25
	chrIX	63273	0	0.5	25
	chrIX	63299	0	0.5	25
	chrIX	63305	0	0.5	25
	chrIX	63309	1	0.5	25
	chrIX	63368	1	0.5	25
	chrIX	63372	1	1.0	25
	chrIX	63378	0	0.5	25
	chrIX	63429	0	0.5	25
	chrIX	63435	0	0.5	25
	chrIX	63445	0	0.5	25
	chrIX	63452	1	0.5	25
	chrIX	63468	0	0.5	25
	chrIX	63469	0	0.5	25
	chrIX	63469	1	0.5	25
	chrIX	63510	1	0.5	25
	chrIX	63516	1	0.5	25
	chrIX	63530	0	0.5	25
	chrIX	63542	0	1.0	25
	chrIX	63552	1	0.5	25
	chrIX	63566	0	0.5	25
	chrIX	63585	0	0.5	25
	chrIX	63589	0	0.5	25
	chrIX	63601	1	0.5	25
	chrIX	63634	1	1.0	25
	chrIX	63637	0	0.5	25
	chrIX	63643	1	0.5	25
	chrIX	63646	1	0.5	25
	chrIX	63650	1	1.0	25
	chrIX	63652	0	1.5	25
	chrIX	63680	0	0.5	25
	chrIX	63699	0	0.5	25
	chrIX	63701	1	0.5	25
	chrIX	63702	0	0.5	25
	chrIX	63705	1	0.5	25
	chrIX	63733	1	0.5	25
	chrIX	63747	0	0.5	25
	chrIX	63749	1	0.5	25
	chrIX	63758	0	0.5	25
	chrIX	63772	0	0.5	25
	chrIX	63772	1	0.5	25
	chrIX	63805	1	0.5	25
	chrIX	63815	0	0.5	25
	chrIX	63817	0	0.5	25
	chrIX	63819	1	0.5	25
	chrIX	63824	0	0.5	25
	chrIX	63831	0	0.5	25
	chrIX	63832	1	1.5	25
	chrIX	63851	0	0.5	25
	chrIX	63868	1	0.5	25
	chrIX	63879	1	0.5	25
	chrIX	63882	1	0.5	25
	chrIX	63885	1	0.5	25
	chrIX	63902	1	0.5	25
	chrIX	63915	0	1.0	25
	chrIX	63967	0	0.5	25
	chrIX	64000	0	0.5	25
	chrIX	64004	1	0.5	25
	chrIX	64007	0	1.0	25
	chrIX	64013	0	0.5	25
	chrIX	64031	1	0.5	25
	chrIX	64042	0	0.5	25
	chrIX	64069	1	1.0	25
	chrIX	64077	0	0.5	25
	chrIX	64077	1	0.5	25
	chrIX	64087	1	0.5	25
	chrIX	64105	1	0.5	25
	chrIX	64154	0	0.5	25
	chrIX	64156	0	0.5	25
	chrIX	64178	1	0.5	25
	chrIX	64182	0	0.5	25
	chrIX	64194	1	0.5	25
	chrIX	64207	1	0.5	25
	chrIX	64213	0	0.5	25
	chrIX	64219	1	0.5	25
	chrIX	64243	1	0.5	25
	chrIX	64265	1	0.5	25
	chrIX	64273	0	0.5	25
	chrIX	64293	0	0.5	25
	chrIX	64294	1	0.5	25
	chrIX	64337	0	0.5	25
	chrIX	64352	1	0.5	25
	chrIX	64368	1	1.0	25
	chrIX	64374	0	1.0	25
	chrIX	64376	0	0.5	25
	chrIX	64381	0	0.5	25
	chrIX	64388	0	0.5	25
	chrIX	64397	0	0.5	25
	chrIX	64420	1	0.5	25
	chrIX	64429	1	0.5	25
	chrIX	64442	0	0.5	25
	chrIX	64450	0	0.5	25
	chrIX	64464	1	0.5	25
	chrIX	64465	0	0.5	25
	chrIX	64467	1	0.5	25
	chrIX	64470	0	0.5	25
	chrIX	64477	0	0.5	25
	chrIX	64497	1	0.5	25
	chrIX	64514	1	0.5	25
	chrIX	64520	1	0.5	25
	chrIX	64521	1	0.5	25
	chrIX	64523	0	0.5	25
	chrIX	64529	1	0.5	25
	chrIX	64537	1	0.5	25
	chrIX	64545	0	0.5	25
	chrIX	64565	0	0.5	25
	chrIX	64565	1	0.5	25
	chrIX	64577	1	0.5	25
	chrIX	64608	0	0.5	25
	chrIX	64613	0	1.0	25
	chrIX	64648	1	0.5	25
	chrIX	64659	0	0.5	25
	chrIX	64664	0	0.5	25
	chrIX	64669	0	0.5	25
	chrIX	64673	1	0.5	25
	chrIX	64677	0	0.5	25
	chrIX	64683	1	1.5	25
	chrIX	64695	0	0.5	25
	chrIX	64707	0	0.5	25
	chrIX	64708	0	0.5	25
	chrIX	64721	0	0.5	25
	chrIX	64722	1	0.5	25
	chrIX	64727	0	1.0	25
	chrIX	64748	0	0.5	25
	chrIX	64757	1	0.5	25
	chrIX	64758	0	0.5	25
	chrIX	64762	0	0.5	25
	chrIX	64765	1	0.5	25
	chrIX	64768	1	0.5	25
	chrIX	64770	1	0.5	25
	chrIX	64775	1	0.5	25
	chrIX	64798	0	0.5	25
	chrIX	64809	0	0.5	25
	chrIX	64817	0	0.5	25
	chrIX	64822	1	0.5	25
	chrIX	64833	0	0.5	25
	chrIX	64846	1	0.5	25
	chrIX	64847	1	1.0	25
	chrIX	64854	1	0.5	25
	chrIX	64864	1	0.5	25
	chrIX	64870	0	0.5	25
	chrIX	64873	1	0.5	25
	chrIX	64874	0	0.5	25
	chrIX	64883	1	0.5	25
	chrIX	64889	1	0.5	25
	chrIX	64917	1	0.5	25
	chrIX	64930	1	1.0	25
	chrIX	64935	0	1.0	25
	chrIX	64941	0	0.5	25
	chrIX	64948	0	0.5	25
	chrIX	64956	0	0.5	25
	chrIX	64957	0	0.5	25
	chrIX	64968	0	0.5	25
	chrIX	64974	1	0.5	25
	chrIX	64987	0	1.0	25
	chrIX	64997	1	0.5	25
	chrIX	65012	1	0.5	25
	chrIX	65014	1	0.5	25
	chrIX	65026	1	1.0	25
	chrIX	65027	0	0.5	25
	chrIX	65042	1	0.5	25
	chrIX	65056	1	0.5	25
	chrIX	65057	1	0.5	25
	chrIX	65059	1	0.5	25
	chrIX	65062	0	0.5	25
	chrIX	65081	1	0.5	25
	chrIX	65120	0	1.0	25
	chrIX	65125	0	0.5	25
	chrIX	65139	1	0.5	25
	chrIX	65152	0	0.5	25
	chrIX	65195	1	0.5	25
	chrIX	65203	1	1.0	25
	chrIX	65232	1	0.5	25
	chrIX	65233	0	0.5	25
	chrIX	65237	0	0.5	25
	chrIX	65238	0	0.5	25
	chrIX	65246	0	0.5	25
	chrIX	65281	1	0.5	25
	chrIX	65293	0	0.5	25
	chrIX	65301	1	0.5	23
	chrIX	65338	1	0.5	25
	chrIX	65355	0	0.5	25
	chrIX	65417	0	0.5	25
	chrIX	65428	0	0.5	25
	chrIX	65429	1	0.5	25
	chrIX	65437	0	0.5	25
	chrIX	65448	0	0.5	25
	chrIX	65458	1	0.5	25
	chrIX	65487	0	0.5	25
	chrIX	65488	1	0.5	25
	chrIX	65489	0	1.0	25
	chrIX	65489	1	0.5	25
	chrIX	65494	0	0.5	25
	chrIX	65500	0	0.5	25
	chrIX	65505	1	0.5	25
	chrIX	65506	0	1.0	25
	chrIX	65543	0	0.5	25
	chrIX	65543	1	1.0	25
	chrIX	65551	1	0.5	25
	chrIX	65561	1	0.5	25
	chrIX	65562	1	0.5	25
	chrIX	65570	1	0.5	25
	chrIX	65577	0	0.5	25
	chrIX	65579	0	0.5	25
	chrIX	65581	1	0.5	25
	chrIX	65583	1	0.5	25
	chrIX	65599	1	1.0	25
	chrIX	65613	0	0.5	25
	chrIX	65656	1	0.5	25
	chrIX	65657	0	0.5	25
	chrIX	65680	0	1.0	25
	chrIX	65689	0	0.5	25
	chrIX	65694	1	0.5	25
	chrIX	65720	0	1.0	25
	chrIX	65728	1	0.5	25
	chrIX	65729	0	1.0	25
	chrIX	65737	1	0.5	25
	chrIX	65771	0	0.5	25
	chrIX	65779	1	1.0	25
	chrIX	65781	1	1.0	25
	chrIX	65797	1	0.5	25
	chrIX	65838	1	0.5	25
	chrIX	65857	1	1.0	25
	chrIX	65891	0	0.5	25
	chrIX	65905	0	0.5	25
	chrIX	65965	0	1.0	25
	chrIX	65975	1	0.5	25
	chrIX	66029	0	0.5	25
	chrIX	66039	1	1.0	25
	chrIX	66054	1	0.5	25
	chrIX	66080	0	0.5	25
	chrIX	66107	0	1.0	25
	chrIX	66120	1	0.5	25
	chrIX	66163	1	0.5	25
	chrIX	66169	0	0.5	25
	chrIX	66175	0	0.5	25
	chrIX	66183	0	0.5	25
	chrIX	66211	1	0.5	25
	chrIX	66214	1	1.0	25
	chrIX	66218	0	0.5	25
	chrIX	66226	0	0.5	25
	chrIX	66248	0	1.0	25
	chrIX	66262	0	0.5	25
	chrIX	66273	1	0.5	25
	chrIX	66298	1	0.5	25
	chrIX	66315	1	0.5	25
	chrIX	66316	1	0.5	25
	chrIX	66325	1	0.5	25
	chrIX	66353	1	0.5	25
	chrIX	66358	0	0.5	25
	chrIX	66380	0	0.5	25
	chrIX	66390	1	0.5	25
	chrIX	66391	0	0.5	25
	chrIX	66424	0	0.5	25
	chrIX	66439	1	0.5	25
	chrIX	66487	1	0.5	25
	chrIX	66506	1	0.5	25
	chrIX	66530	0	1.0	25
	chrIX	66541	0	1.0	25
	chrIX	66556	0	1.0	25
	chrIX	66568	0	0.5	25
	chrIX	66569	0	0.5	25
	chrIX	66580	0	0.5	25
	chrIX	66584	1	1.0	25
	chrIX	66598	1	0.5	25
	chrIX	66601	1	1.0	25
	chrIX	66615	1	1.0	25
	chrIX	66622	1	0.5	25
	chrIX	66623	0	0.5	25
	chrIX	66651	1	0.5	25
	chrIX	66656	1	0.5	25
	chrIX	66664	0	0.5	25
	chrIX	66676	0	0.5	25
	chrIX	66714	1	0.5	25
	chrIX	66715	1	0.5	25
	chrIX	66718	0	1.0	25
	chrIX	66774	0	0.5	25
	chrIX	66774	1	0.5	25
	chrIX	66781	0	0.5	25
	chrIX	66781	1	1.0	25
	chrIX	66799	0	0.5	25
	chrIX	66852	1	0.5	25
	chrIX	66866	0	0.5	25
	chrIX	66867	1	0.5	25
	chrIX	66894	1	0.5	25
	chrIX	67027	1	0.5	25
	chrIX	67056	0	0.5	25
	chrIX	67059	0	0.5	25
	chrIX	67061	0	1.0	25
	chrIX	67094	1	0.5	25
	chrIX	67097	0	0.5	25
	chrIX	67114	1	0.5	25
	chrIX	67119	0	0.5	25
	chrIX	67122	0	0.5	25
	chrIX	67132	1	0.5	25
	chrIX	67134	0	0.5	25
	chrIX	67161	0	0.5	25
	chrIX	67171	1	0.5	25
	chrIX	67195	1	0.5	25
	chrIX	67199	1	0.5	25
	chrIX	67201	1	0.5	25
	chrIX	67203	0	0.5	25
	chrIX	67205	0	0.5	25
	chrIX	67208	0	0.5	25
	chrIX	67218	1	0.5	25
	chrIX	67245	0	0.5	25
	chrIX	67266	0	1.0	25
	chrIX	67270	1	0.5	25
	chrIX	67273	1	0.5	25
	chrIX	67281	1	0.5	25
	chrIX	67299	0	0.5	25
	chrIX	67317	0	0.5	25
	chrIX	67317	1	0.5	25
	chrIX	67331	1	1.0	25
	chrIX	67355	0	0.5	25
	chrIX	67361	1	0.5	25
	chrIX	67374	1	0.5	25
	chrIX	67375	0	0.5	25
	chrIX	67385	1	0.5	25
	chrIX	67407	0	0.5	25
	chrIX	67445	1	0.5	25
	chrIX	67453	1	0.5	25
	chrIX	67457	0	1.0	25
	chrIX	67458	1	0.5	25
	chrIX	67507	0	1.0	25
	chrIX	67559	1	1.0	25
	chrIX	67566	1	0.5	25
	chrIX	67567	0	0.5	25
	chrIX	67572	0	1.0	25
	chrIX	67585	1	0.5	25
	chrIX	67623	0	0.5	25
	chrIX	67624	1	0.5	25
	chrIX	67637	1	1.0	25
	chrIX	67674	0	0.5	25
	chrIX	67687	1	0.5	25
	chrIX	67693	0	0.5	25
	chrIX	67708	0	0.5	25
	chrIX	67714	0	0.5	25
	chrIX	67715	1	0.5	25
	chrIX	67725	0	0.5	25
	chrIX	67735	0	0.5	25
	chrIX	67757	0	0.5	25
	chrIX	67762	0	1.0	25
	chrIX	67762	1	0.5	25
	chrIX	67803	0	0.5	25
	chrIX	67813	0	0.5	25
	chrIX	67820	1	1.5	25
	chrIX	67826	0	0.5	25
	chrIX	67844	0	0.5	25
	chrIX	67849	1	0.5	25
	chrIX	67863	1	0.5	25
	chrIX	67870	1	0.5	25
	chrIX	67879	1	0.5	25
	chrIX	67897	1	0.5	25
	chrIX	67900	0	1.0	25
	chrIX	67911	0	0.5	25
	chrIX	67912	1	0.5	25
	chrIX	67920	1	0.5	25
	chrIX	67935	0	0.5	25
	chrIX	67940	0	0.5	25
	chrIX	67975	1	0.5	25
	chrIX	67977	0	0.5	25
	chrIX	67982	1	0.5	25
	chrIX	67987	0	0.5	25
	chrIX	68000	0	0.5	25
	chrIX	68007	0	0.5	25
	chrIX	68020	1	0.5	25
	chrIX	68031	1	0.5	25
	chrIX	68040	1	0.5	25
	chrIX	68042	1	0.5	24
	chrIX	68052	1	1.0	25
	chrIX	68054	0	0.5	25
	chrIX	68065	1	0.5	25
	chrIX	68117	0	0.5	25
	chrIX	68120	1	0.5	25
	chrIX	68128	1	0.5	25
	chrIX	68168	0	0.5	25
	chrIX	68177	1	0.5	25
	chrIX	68225	0	0.5	25
	chrIX	68227	1	0.5	25
	chrIX	68235	0	1.0	25
	chrIX	68237	0	0.5	25
	chrIX	68244	0	0.5	25
	chrIX	68252	0	1.0	25
	chrIX	68261	0	0.5	25
	chrIX	68271	1	0.5	25
	chrIX	68274	1	0.5	25
	chrIX	68275	0	1.0	25
	chrIX	68276	0	1.0	25
	chrIX	68277	0	0.5	25
	chrIX	68283	0	1.0	25
	chrIX	68285	1	0.5	25
	chrIX	68296	1	0.5	25
	chrIX	68297	0	0.5	25
	chrIX	68333	1	1.0	25
	chrIX	68346	0	2.5	25
	chrIX	68358	1	0.5	25
	chrIX	68366	0	0.5	25
	chrIX	68367	1	0.5	25
	chrIX	68409	0	0.5	25
	chrIX	68424	1	0.5	25
	chrIX	68427	0	0.5	25
	chrIX	68429	0	0.5	23
	chrIX	68429	1	0.5	25
	chrIX	68431	0	1.0	25
	chrIX	68433	0	0.5	25
	chrIX	68441	1	2.5	25
	chrIX	68443	0	0.5	25
	chrIX	68454	0	0.5	25
	chrIX	68461	0	0.5	25
	chrIX	68472	1	1.0	25
	chrIX	68480	1	2.0	25
	chrIX	68500	0	0.5	25
	chrIX	68513	0	0.5	25
	chrIX	68513	1	1.0	25
	chrIX	68514	0	1.5	25
	chrIX	68525	1	0.5	25
	chrIX	68530	0	0.5	25
	chrIX	68535	0	0.5	25
	chrIX	68536	1	1.0	25
	chrIX	68540	0	0.5	25
	chrIX	68545	0	0.5	25
	chrIX	68546	1	1.0	25
	chrIX	68550	0	0.5	25
	chrIX	68573	1	0.5	25
	chrIX	68582	0	0.5	25
	chrIX	68584	1	1.0	25
	chrIX	68585	0	1.0	25
	chrIX	68591	1	0.5	25
	chrIX	68606	1	1.0	25
	chrIX	68612	1	0.5	25
	chrIX	68614	1	0.5	25
	chrIX	68615	0	0.5	25
	chrIX	68615	1	0.5	25
	chrIX	68620	1	0.5	25
	chrIX	68622	1	0.5	25
	chrIX	68624	0	0.5	25
	chrIX	68638	1	0.5	25
	chrIX	68650	1	1.5	25
	chrIX	68653	0	0.5	25
	chrIX	68672	1	0.5	25
	chrIX	68683	0	0.5	25
	chrIX	68683	1	0.5	25
	chrIX	68684	0	1.0	25
	chrIX	68713	1	0.5	25
	chrIX	68735	1	0.5	25
	chrIX	68758	0	0.5	25
	chrIX	68764	0	0.5	25
	chrIX	68764	1	1.0	25
	chrIX	68767	0	0.5	25
	chrIX	68776	1	0.5	25
	chrIX	68784	0	0.5	25
	chrIX	68799	0	0.5	25
	chrIX	68800	0	0.5	25
	chrIX	68809	1	1.0	25
	chrIX	68816	1	0.5	25
	chrIX	68827	0	0.5	25
	chrIX	68829	1	0.5	25
	chrIX	68830	0	0.5	25
	chrIX	68846	0	0.5	25
	chrIX	68883	1	0.5	25
	chrIX	68905	1	0.5	25
	chrIX	68920	0	0.5	25
	chrIX	68929	1	0.5	25
	chrIX	68943	1	0.5	25
	chrIX	68954	0	0.5	25
	chrIX	68974	0	0.5	25
	chrIX	68979	1	0.5	25
	chrIX	68984	0	0.5	25
	chrIX	68987	1	0.5	25
	chrIX	68992	1	0.5	25
	chrIX	69001	0	0.5	25
	chrIX	69021	0	0.5	25
	chrIX	69023	0	0.5	25
	chrIX	69027	1	0.5	25
	chrIX	69042	0	0.5	25
	chrIX	69065	1	0.5	25
	chrIX	69071	1	0.5	25
	chrIX	69073	1	0.5	25
	chrIX	69074	0	0.5	25
	chrIX	69115	1	1.0	25
	chrIX	69166	1	0.5	25
	chrIX	69178	0	0.5	25
	chrIX	69186	0	0.5	25
	chrIX	69211	0	0.5	25
	chrIX	69215	0	0.5	25
	chrIX	69230	1	0.5	25
	chrIX	69234	0	0.5	25
	chrIX	69247	1	0.5	25
	chrIX	69262	0	0.5	25
	chrIX	69263	1	0.5	25
	chrIX	69281	1	0.5	25
	chrIX	69291	0	0.5	25
	chrIX	69336	1	0.5	25
	chrIX	69340	0	0.5	25
	chrIX	69347	0	1.0	25
	chrIX	69348	0	0.5	25
	chrIX	69349	0	1.0	25
	chrIX	69370	0	1.0	25
	chrIX	69373	1	0.5	25
	chrIX	69381	1	0.5	25
	chrIX	69385	0	0.5	25
	chrIX	69397	0	0.5	24
	chrIX	69407	0	0.5	25
	chrIX	69435	1	1.0	25
	chrIX	69438	1	0.5	25
	chrIX	69456	1	0.5	25
	chrIX	69466	1	0.5	25
	chrIX	69471	1	0.5	25
	chrIX	69476	0	1.5	25
	chrIX	69500	1	1.0	25
	chrIX	69548	0	0.5	25
	chrIX	69550	0	1.0	25
	chrIX	69550	1	1.0	25
	chrIX	69560	1	1.0	25
	chrIX	69566	1	0.5	25
	chrIX	69576	0	1.0	25
	chrIX	69587	0	0.5	25
	chrIX	69606	1	0.5	25
	chrIX	69620	1	0.5	25
	chrIX	69631	1	1.0	25
	chrIX	69632	0	0.5	25
	chrIX	69638	0	0.5	25
	chrIX	69639	1	0.5	25
	chrIX	69641	0	0.5	25
	chrIX	69647	0	0.5	25
	chrIX	69648	0	0.5	25
	chrIX	69658	1	0.5	25
	chrIX	69669	1	0.5	25
	chrIX	69680	1	0.5	25
	chrIX	69681	0	0.5	25
	chrIX	69682	1	0.5	25
	chrIX	69683	1	0.5	25
	chrIX	69708	0	1.5	25
	chrIX	69715	1	0.5	25
	chrIX	69716	1	0.5	25
	chrIX	69719	0	0.5	25
	chrIX	69726	0	0.5	25
	chrIX	69728	0	0.5	25
	chrIX	69764	0	1.0	25
	chrIX	69775	1	0.5	25
	chrIX	69783	1	0.5	25
	chrIX	69787	0	0.5	25
	chrIX	69795	1	0.5	25
	chrIX	69808	0	0.5	25
	chrIX	69832	0	0.5	25
	chrIX	69835	1	0.5	25
	chrIX	69839	1	0.5	25
	chrIX	69859	1	1.5	25
	chrIX	69861	1	0.5	25
	chrIX	69866	0	0.5	25
	chrIX	69872	0	0.5	25
	chrIX	69877	0	0.5	25
	chrIX	69888	0	0.5	25
	chrIX	69897	0	0.5	25
	chrIX	69899	0	0.5	25
	chrIX	69904	0	0.5	25
	chrIX	69904	1	0.5	25
	chrIX	69910	0	0.5	25
	chrIX	69912	0	0.5	25
	chrIX	69924	1	1.0	25
	chrIX	69929	1	0.5	25
	chrIX	69949	1	0.5	25
	chrIX	69960	1	0.5	25
	chrIX	69961	1	0.5	25
	chrIX	69970	1	0.5	25
	chrIX	69976	0	0.5	25
	chrIX	69977	1	0.5	25
	chrIX	69982	0	0.5	25
	chrIX	69994	1	0.5	25
	chrIX	70001	0	0.5	25
	chrIX	70023	1	0.5	25
	chrIX	70051	0	0.5	25
	chrIX	70052	0	1.0	25
	chrIX	70053	1	0.5	25
	chrIX	70054	1	0.5	25
	chrIX	70055	0	0.5	25
	chrIX	70081	0	0.5	25
	chrIX	70089	0	0.5	25
	chrIX	70101	0	0.5	25
	chrIX	70104	0	0.5	25
	chrIX	70106	1	0.5	25
	chrIX	70108	1	0.5	25
	chrIX	70130	0	1.0	25
	chrIX	70131	1	0.5	25
	chrIX	70145	1	0.5	25
	chrIX	70148	0	0.5	25
	chrIX	70151	0	0.5	25
	chrIX	70159	1	0.5	25
	chrIX	70168	1	1.0	25
	chrIX	70171	1	1.0	25
	chrIX	70178	1	0.5	25
	chrIX	70217	1	0.5	25
	chrIX	70218	1	0.5	25
	chrIX	70238	0	0.5	25
	chrIX	70256	1	1.0	25
	chrIX	70271	0	0.5	25
	chrIX	70277	0	0.5	25
	chrIX	70294	0	0.5	25
	chrIX	70304	1	0.5	25
	chrIX	70320	1	0.5	25
	chrIX	70334	0	0.5	25
	chrIX	70345	1	0.5	25
	chrIX	70370	0	0.5	25
	chrIX	70373	0	0.5	25
	chrIX	70417	1	0.5	25
	chrIX	70445	1	0.5	25
	chrIX	70470	1	0.5	25
	chrIX	70479	0	1.0	25
	chrIX	70480	1	0.5	25
	chrIX	70507	0	0.5	25
	chrIX	70557	1	0.5	25
	chrIX	70565	0	0.5	25
	chrIX	70573	0	0.5	25
	chrIX	70586	1	1.0	25
	chrIX	70638	1	0.5	25
	chrIX	70640	0	0.5	25
	chrIX	70647	0	0.5	25
	chrIX	70684	0	0.5	25
	chrIX	70696	0	0.5	25
	chrIX	70699	0	0.5	25
	chrIX	70703	1	0.5	25
	chrIX	70723	1	0.5	24
	chrIX	70743	0	0.5	25
	chrIX	70746	1	0.5	25
	chrIX	70748	0	0.5	25
	chrIX	70755	1	0.5	25
	chrIX	70772	1	0.5	25
	chrIX	70787	0	0.5	25
	chrIX	70809	0	1.0	25
	chrIX	70810	1	0.5	25
	chrIX	70812	0	0.5	25
	chrIX	70819	0	0.5	25
	chrIX	70836	1	0.5	25
	chrIX	70838	1	0.5	25
	chrIX	70878	1	0.5	25
	chrIX	70885	1	0.5	25
	chrIX	70918	1	1.0	25
	chrIX	71059	0	1.0	25
	chrIX	71075	0	0.5	25
	chrIX	71080	0	0.5	25
	chrIX	71084	0	0.5	25
	chrIX	71100	0	0.5	25
	chrIX	71102	0	0.5	25
	chrIX	71104	0	1.0	25
	chrIX	71108	0	0.5	25
	chrIX	71112	0	0.5	25
	chrIX	71118	0	1.0	25
	chrIX	71131	1	0.5	25
	chrIX	71140	1	1.0	25
	chrIX	71150	0	0.5	25
	chrIX	71150	1	0.5	25
	chrIX	71168	1	0.5	25
	chrIX	71172	1	1.0	25
	chrIX	71188	1	0.5	25
	chrIX	71190	0	0.5	25
	chrIX	71197	0	0.5	25
	chrIX	71198	1	0.5	25
	chrIX	71199	0	0.5	25
	chrIX	71214	1	1.0	25
	chrIX	71258	1	0.5	25
	chrIX	71263	1	0.5	25
	chrIX	71265	1	0.5	25
	chrIX	71266	0	0.5	25
	chrIX	71266	1	0.5	25
	chrIX	71295	1	1.0	25
	chrIX	71316	1	0.5	25
	chrIX	71331	0	0.5	25
	chrIX	71349	0	0.5	25
	chrIX	71363	1	0.5	25
	chrIX	71401	0	0.5	25
	chrIX	71435	0	0.5	25
	chrIX	71456	1	0.5	25
	chrIX	71459	0	0.5	25
	chrIX	71464	0	0.5	25
	chrIX	71467	1	0.5	25
	chrIX	71480	0	0.5	25
	chrIX	71483	0	0.5	25
	chrIX	71495	1	0.5	25
	chrIX	71496	1	0.5	25
	chrIX	71507	1	0.5	25
	chrIX	71526	1	0.5	25
	chrIX	71527	1	0.5	25
	chrIX	71542	1	0.5	25
	chrIX	71569	0	0.5	25
	chrIX	71593	0	0.5	25
	chrIX	71603	0	1.0	25
	chrIX	71608	0	0.5	25
	chrIX	71639	1	0.5	25
	chrIX	71651	1	0.5	25
	chrIX	71660	0	0.5	25
	chrIX	71660	1	0.5	25
	chrIX	71673	1	0.5	25
	chrIX	71693	0	0.5	25
	chrIX	71714	0	0.5	25
	chrIX	71733	1	0.5	25
	chrIX	71746	0	0.5	25
	chrIX	71753	0	0.5	25
	chrIX	71780	1	0.5	25
	chrIX	71814	1	0.5	25
	chrIX	71816	1	0.5	25
	chrIX	71831	1	0.5	25
	chrIX	71848	0	0.5	25
	chrIX	71869	1	0.5	25
	chrIX	71906	0	0.5	25
	chrIX	71917	1	0.5	25
	chrIX	71925	0	0.5	25
	chrIX	71936	0	0.5	25
	chrIX	71939	0	0.5	24
	chrIX	71990	1	0.5	25
	chrIX	71995	1	0.5	25
	chrIX	72001	1	0.5	25
	chrIX	72041	1	0.5	25
	chrIX	72080	0	0.5	24
	chrIX	72081	0	0.5	25
	chrIX	72088	0	0.5	25
	chrIX	72116	0	0.5	25
	chrIX	72132	0	1.0	25
	chrIX	72133	1	0.5	25
	chrIX	72149	0	0.5	25
	chrIX	72157	0	0.5	25
	chrIX	72174	1	0.5	25
	chrIX	72183	0	0.5	25
	chrIX	72188	1	0.5	25
	chrIX	72226	1	0.5	25
	chrIX	72227	0	0.5	25
	chrIX	72228	1	1.0	25
	chrIX	72231	1	0.5	25
	chrIX	72262	1	0.5	25
	chrIX	72276	0	0.5	25
	chrIX	72282	1	0.5	25
	chrIX	72334	1	0.5	25
	chrIX	72335	0	1.0	25
	chrIX	72354	1	0.5	25
	chrIX	72402	1	1.0	25
	chrIX	72566	0	1.0	25
	chrIX	72604	0	0.5	25
	chrIX	72611	0	0.5	25
	chrIX	72625	0	0.5	25
	chrIX	72638	0	0.5	25
	chrIX	72647	0	0.5	25
	chrIX	72660	0	0.5	25
	chrIX	72680	1	0.5	25
	chrIX	72706	1	0.5	25
	chrIX	72727	1	0.5	25
	chrIX	72735	0	0.5	25
	chrIX	72744	0	0.5	25
	chrIX	72756	1	0.5	25
	chrIX	72768	1	0.5	25
	chrIX	72822	1	1.0	25
	chrIX	72834	0	0.5	25
	chrIX	72841	1	0.5	25
	chrIX	72852	1	0.5	25
	chrIX	72867	0	0.5	25
	chrIX	72878	1	0.5	25
	chrIX	72905	0	0.5	24
	chrIX	72910	1	0.5	25
	chrIX	72928	1	0.5	25
	chrIX	72939	0	1.5	25
	chrIX	72980	0	1.0	25
	chrIX	73003	1	0.5	25
	chrIX	73022	0	0.5	25
	chrIX	73028	1	1.5	25
	chrIX	73045	1	1.0	25
	chrIX	73064	1	0.5	25
	chrIX	73090	0	0.5	25
	chrIX	73094	0	0.5	25
	chrIX	73138	0	1.0	25
	chrIX	73162	1	0.5	25
	chrIX	73163	1	0.5	25
	chrIX	73182	1	1.0	25
	chrIX	73188	0	0.5	25
	chrIX	73210	0	0.5	25
	chrIX	73223	0	0.5	25
	chrIX	73227	0	0.5	25
	chrIX	73262	1	0.5	25
	chrIX	73278	1	0.5	25
	chrIX	73280	0	0.5	25
	chrIX	73294	0	0.5	25
	chrIX	73336	1	0.5	25
	chrIX	73350	0	0.5	25
	chrIX	73353	0	0.5	25
	chrIX	73356	0	1.0	25
	chrIX	73361	1	0.5	25
	chrIX	73366	0	1.5	25
	chrIX	73367	1	0.5	25
	chrIX	73372	1	0.5	25
	chrIX	73380	0	0.5	25
	chrIX	73404	0	0.5	25
	chrIX	73446	1	0.5	25
	chrIX	73447	1	0.5	25
	chrIX	73449	0	0.5	25
	chrIX	73460	0	0.5	25
	chrIX	73483	1	1.5	25
	chrIX	73516	1	0.5	25
	chrIX	73517	1	0.5	25
	chrIX	73518	0	0.5	25
	chrIX	73520	1	1.0	25
	chrIX	73524	0	0.5	25
	chrIX	73524	1	0.5	25
	chrIX	73525	0	0.5	25
	chrIX	73539	1	0.5	25
	chrIX	73560	0	1.0	25
	chrIX	73573	1	0.5	25
	chrIX	73576	0	0.5	25
	chrIX	73596	0	0.5	25
	chrIX	73596	1	0.5	25
	chrIX	73598	0	0.5	25
	chrIX	73605	0	0.5	25
	chrIX	73609	0	0.5	25
	chrIX	73636	1	0.5	25
	chrIX	73649	0	0.5	25
	chrIX	73655	1	0.5	25
	chrIX	73661	1	0.5	25
	chrIX	73666	1	0.5	25
	chrIX	73674	1	0.5	25
	chrIX	73676	0	0.5	25
	chrIX	73690	0	0.5	25
	chrIX	73702	0	0.5	25
	chrIX	73703	1	0.5	25
	chrIX	73705	0	0.5	25
	chrIX	73708	0	0.5	25
	chrIX	73710	0	0.5	25
	chrIX	73712	0	1.0	25
	chrIX	73713	0	1.0	25
	chrIX	73713	1	0.5	25
	chrIX	73714	0	0.5	25
	chrIX	73726	0	0.5	25
	chrIX	73732	0	0.5	25
	chrIX	73735	1	0.5	25
	chrIX	73739	0	0.5	25
	chrIX	73741	1	0.5	25
	chrIX	73743	0	0.5	25
	chrIX	73767	1	0.5	25
	chrIX	73769	1	0.5	25
	chrIX	73770	1	0.5	25
	chrIX	73775	1	0.5	25
	chrIX	73777	1	0.5	25
	chrIX	73778	1	0.5	25
	chrIX	73779	1	0.5	25
	chrIX	73780	1	0.5	25
	chrIX	73789	1	0.5	25
	chrIX	73798	1	1.0	25
	chrIX	73802	1	0.5	25
	chrIX	73807	1	0.5	25
	chrIX	73817	0	0.5	25
	chrIX	73833	0	1.0	25
	chrIX	73839	0	0.5	25
	chrIX	73846	0	1.0	25
	chrIX	73853	0	0.5	25
	chrIX	73854	0	0.5	25
	chrIX	73859	1	0.5	25
	chrIX	73881	1	1.0	25
	chrIX	73884	0	0.5	25
	chrIX	73891	1	1.0	25
	chrIX	73892	0	0.5	25
	chrIX	73893	0	0.5	25
	chrIX	73900	0	1.0	25
	chrIX	73904	0	0.5	25
	chrIX	73913	1	0.5	25
	chrIX	73923	1	0.5	25
	chrIX	73942	1	0.5	25
	chrIX	73949	1	0.5	25
	chrIX	73953	1	1.0	25
	chrIX	73955	0	1.0	25
	chrIX	73966	1	0.5	25
	chrIX	73971	1	0.5	25
	chrIX	73973	0	0.5	25
	chrIX	73973	1	0.5	25
	chrIX	73975	0	0.5	25
	chrIX	73977	1	0.5	25
	chrIX	73978	0	0.5	25
	chrIX	73991	0	0.5	25
	chrIX	74010	1	0.5	25
	chrIX	74011	0	0.5	25
	chrIX	74015	0	1.0	25
	chrIX	74022	0	0.5	25
	chrIX	74024	1	0.5	25
	chrIX	74037	1	0.5	25
	chrIX	74040	1	1.0	25
	chrIX	74041	1	0.5	25
	chrIX	74047	0	1.0	25
	chrIX	74064	0	0.5	25
	chrIX	74079	0	0.5	25
	chrIX	74094	1	0.5	25
	chrIX	74100	1	1.0	25
	chrIX	74104	1	0.5	25
	chrIX	74106	0	0.5	25
	chrIX	74114	0	0.5	25
	chrIX	74139	1	0.5	25
	chrIX	74140	0	0.5	25
	chrIX	74142	0	0.5	25
	chrIX	74149	1	0.5	25
	chrIX	74150	0	0.5	25
	chrIX	74150	1	0.5	25
	chrIX	74152	0	0.5	25
	chrIX	74171	1	0.5	25
	chrIX	74172	0	0.5	25
	chrIX	74179	0	0.5	25
	chrIX	74180	0	0.5	25
	chrIX	74182	1	0.5	25
	chrIX	74186	0	0.5	25
	chrIX	74190	1	0.5	25
	chrIX	74191	0	0.5	25
	chrIX	74194	0	0.5	25
	chrIX	74198	0	1.0	25
	chrIX	74206	0	0.5	25
	chrIX	74208	1	0.5	25
	chrIX	74218	1	0.5	25
	chrIX	74219	1	0.5	25
	chrIX	74220	1	0.5	25
	chrIX	74229	1	0.5	25
	chrIX	74245	1	0.5	25
	chrIX	74246	1	0.5	25
	chrIX	74252	1	0.5	25
	chrIX	74263	1	0.5	25
	chrIX	74264	1	0.5	25
	chrIX	74266	1	0.5	25
	chrIX	74268	1	0.5	25
	chrIX	74277	1	0.5	25
	chrIX	74282	1	0.5	25
	chrIX	74284	0	1.0	25
	chrIX	74339	1	0.5	25
	chrIX	74398	0	0.5	25
	chrIX	74441	1	0.5	25
	chrIX	74455	0	1.0	25
	chrIX	74457	0	0.5	25
	chrIX	74471	1	0.5	25
	chrIX	74488	0	0.5	25
	chrIX	74492	0	0.5	25
	chrIX	74514	0	0.5	25
	chrIX	74518	0	0.5	25
	chrIX	74520	1	0.5	25
	chrIX	74523	1	1.0	25
	chrIX	74526	1	0.5	25
	chrIX	74531	0	0.5	25
	chrIX	74544	0	0.5	25
	chrIX	74565	1	0.5	25
	chrIX	74577	1	0.5	25
	chrIX	74580	0	0.5	25
	chrIX	74581	0	0.5	25
	chrIX	74586	0	0.5	25
	chrIX	74596	1	0.5	25
	chrIX	74598	1	0.5	25
	chrIX	74601	0	1.0	25
	chrIX	74636	0	0.5	25
	chrIX	74645	1	0.5	25
	chrIX	74654	1	1.5	25
	chrIX	74698	0	0.5	25
	chrIX	74698	1	0.5	25
	chrIX	74699	0	0.5	25
	chrIX	74705	1	0.5	25
	chrIX	74712	0	0.5	25
	chrIX	74720	1	0.5	25
	chrIX	74722	0	0.5	25
	chrIX	74762	1	0.5	25
	chrIX	74784	0	0.5	25
	chrIX	74810	1	0.5	25
	chrIX	74822	1	0.5	25
	chrIX	74844	1	0.5	25
	chrIX	74852	0	1.0	25
	chrIX	74858	0	0.5	25
	chrIX	74861	1	0.5	25
	chrIX	74891	0	1.0	25
	chrIX	74920	1	1.0	25
	chrIX	74923	0	0.5	25
	chrIX	74954	1	0.5	25
	chrIX	74956	1	0.5	25
	chrIX	74961	1	1.0	25
	chrIX	74983	0	0.5	25
	chrIX	74991	0	0.5	25
	chrIX	75002	0	0.5	25
	chrIX	75037	1	0.5	25
	chrIX	75080	1	0.5	25
	chrIX	75086	0	0.5	25
	chrIX	75111	0	0.5	25
	chrIX	75135	1	0.5	25
	chrIX	75167	0	0.5	25
	chrIX	75186	1	0.5	25
	chrIX	75187	0	0.5	25
	chrIX	75214	1	0.5	25
	chrIX	75220	0	0.5	25
	chrIX	75254	0	0.5	25
	chrIX	75262	0	0.5	25
	chrIX	75272	0	0.5	25
	chrIX	75292	0	0.5	25
	chrIX	75299	0	0.5	25
	chrIX	75320	1	0.5	25
	chrIX	75331	1	0.5	25
	chrIX	75342	1	0.5	25
	chrIX	75345	1	0.5	25
	chrIX	75363	1	0.5	25
	chrIX	75374	1	0.5	25
	chrIX	75390	1	0.5	25
	chrIX	75436	0	1.0	25
	chrIX	75493	1	0.5	25
	chrIX	75499	1	1.0	25
	chrIX	75534	0	0.5	25
	chrIX	75548	0	0.5	25
	chrIX	75589	0	0.5	25
	chrIX	75595	0	1.0	25
	chrIX	75608	0	0.5	25
	chrIX	75637	0	0.5	25
	chrIX	75647	1	0.5	25
	chrIX	75653	1	0.5	25
	chrIX	75670	0	0.5	25
	chrIX	75672	1	0.5	25
	chrIX	75674	1	0.5	25
	chrIX	75692	1	1.0	25
	chrIX	75705	0	0.5	25
	chrIX	75721	1	0.5	25
	chrIX	75736	0	0.5	25
	chrIX	75741	1	0.5	25
	chrIX	75760	0	1.0	25
	chrIX	75766	0	0.5	25
	chrIX	75774	0	0.5	25
	chrIX	75788	0	1.0	25
	chrIX	75805	1	0.5	25
	chrIX	75818	0	0.5	25
	chrIX	75822	1	0.5	25
	chrIX	75830	1	0.5	25
	chrIX	75831	1	1.0	25
	chrIX	75843	1	1.0	25
	chrIX	75859	0	0.5	25
	chrIX	75867	0	0.5	25
	chrIX	75870	0	0.5	25
	chrIX	75893	0	0.5	25
	chrIX	75913	0	0.5	25
	chrIX	75918	1	0.5	25
	chrIX	75923	0	0.5	25
	chrIX	75923	1	0.5	25
	chrIX	75924	1	0.5	25
	chrIX	75925	0	0.5	25
	chrIX	75938	0	0.5	25
	chrIX	75963	1	0.5	25
	chrIX	75966	1	0.5	25
	chrIX	75981	0	1.0	25
	chrIX	75995	0	0.5	25
	chrIX	75998	1	0.5	25
	chrIX	75999	1	0.5	25
	chrIX	76000	0	0.5	25
	chrIX	76002	0	0.5	24
	chrIX	76003	0	0.5	24
	chrIX	76003	0	1.0	25
	chrIX	76010	1	0.5	25
	chrIX	76011	0	0.5	25
	chrIX	76015	1	0.5	25
	chrIX	76021	1	0.5	25
	chrIX	76050	1	0.5	25
	chrIX	76051	1	1.5	25
	chrIX	76057	0	0.5	25
	chrIX	76063	1	1.5	25
	chrIX	76077	0	0.5	25
	chrIX	76080	1	1.0	25
	chrIX	76095	0	0.5	25
	chrIX	76112	0	0.5	25
	chrIX	76113	0	0.5	25
	chrIX	76140	1	0.5	25
	chrIX	76155	1	0.5	25
	chrIX	76156	0	2.0	25
	chrIX	76163	1	0.5	25
	chrIX	76188	1	0.5	25
	chrIX	76190	0	0.5	25
	chrIX	76192	0	1.0	25
	chrIX	76207	1	0.5	25
	chrIX	76213	0	0.5	25
	chrIX	76214	0	0.5	25
	chrIX	76223	0	1.5	25
	chrIX	76228	1	0.5	25
	chrIX	76232	1	0.5	25
	chrIX	76233	0	0.5	25
	chrIX	76233	1	0.5	25
	chrIX	76249	0	0.5	25
	chrIX	76260	1	0.5	25
	chrIX	76261	0	0.5	25
	chrIX	76280	1	1.0	25
	chrIX	76281	1	0.5	25
	chrIX	76285	1	0.5	25
	chrIX	76287	1	0.5	25
	chrIX	76296	1	1.0	25
	chrIX	76312	1	1.0	25
	chrIX	76317	0	0.5	25
	chrIX	76325	1	0.5	25
	chrIX	76375	0	0.5	25
	chrIX	76390	0	1.0	25
	chrIX	76416	0	0.5	25
	chrIX	76417	0	0.5	25
	chrIX	76423	0	0.5	25
	chrIX	76428	1	0.5	25
	chrIX	76429	0	0.5	25
	chrIX	76437	1	0.5	25
	chrIX	76438	0	1.0	25
	chrIX	76452	1	0.5	25
	chrIX	76458	1	0.5	25
	chrIX	76479	1	0.5	25
	chrIX	76480	1	0.5	25
	chrIX	76493	1	0.5	25
	chrIX	76498	1	0.5	25
	chrIX	76505	0	2.0	25
	chrIX	76509	1	0.5	25
	chrIX	76530	1	0.5	25
	chrIX	76543	0	0.5	25
	chrIX	76576	0	0.5	25
	chrIX	76578	1	2.0	25
	chrIX	76604	0	0.5	25
	chrIX	76611	1	0.5	25
	chrIX	76613	0	1.0	25
	chrIX	76615	0	0.5	25
	chrIX	76654	1	0.5	25
	chrIX	76655	0	0.5	25
	chrIX	76666	0	0.5	25
	chrIX	76669	1	0.5	25
	chrIX	76672	1	0.5	25
	chrIX	76679	1	0.5	25
	chrIX	76693	0	0.5	25
	chrIX	76712	0	0.5	25
	chrIX	76712	1	0.5	25
	chrIX	76721	0	1.0	25
	chrIX	76736	1	0.5	25
	chrIX	76737	1	0.5	25
	chrIX	76752	1	0.5	25
	chrIX	76775	0	0.5	25
	chrIX	76781	0	0.5	25
	chrIX	76790	1	0.5	25
	chrIX	76799	1	1.0	25
	chrIX	76855	1	0.5	25
	chrIX	76860	1	0.5	25
	chrIX	76878	0	0.5	25
	chrIX	76904	0	0.5	25
	chrIX	76930	0	0.5	25
	chrIX	76930	1	0.5	25
	chrIX	76943	1	0.5	25
	chrIX	76956	0	0.5	25
	chrIX	76984	1	0.5	25
	chrIX	76996	0	0.5	25
	chrIX	77029	1	0.5	25
	chrIX	77063	1	0.5	25
	chrIX	77089	0	0.5	25
	chrIX	77103	0	0.5	25
	chrIX	77113	0	1.5	25
	chrIX	77174	0	1.0	25
	chrIX	77178	1	0.5	25
	chrIX	77186	1	0.5	25
	chrIX	77212	1	0.5	25
	chrIX	77214	1	0.5	25
	chrIX	77225	0	0.5	25
	chrIX	77231	0	0.5	25
	chrIX	77250	1	1.0	25
	chrIX	77268	1	0.5	25
	chrIX	77290	1	0.5	25
	chrIX	77291	1	0.5	25
	chrIX	77294	0	0.5	25
	chrIX	77324	0	0.5	25
	chrIX	77337	0	0.5	25
	chrIX	77338	0	0.5	25
	chrIX	77343	0	0.5	25
	chrIX	77360	0	0.5	25
	chrIX	77361	0	0.5	25
	chrIX	77366	1	0.5	25
	chrIX	77374	0	0.5	25
	chrIX	77376	0	0.5	25
	chrIX	77381	1	0.5	25
	chrIX	77383	0	0.5	25
	chrIX	77384	0	0.5	25
	chrIX	77391	0	1.0	25
	chrIX	77391	1	1.0	25
	chrIX	77392	0	0.5	25
	chrIX	77393	0	1.0	25
	chrIX	77394	0	0.5	25
	chrIX	77397	0	0.5	25
	chrIX	77400	1	0.5	25
	chrIX	77403	0	1.0	25
	chrIX	77411	0	0.5	25
	chrIX	77415	1	0.5	25
	chrIX	77417	0	0.5	25
	chrIX	77418	0	0.5	25
	chrIX	77422	1	0.5	25
	chrIX	77432	0	0.5	25
	chrIX	77433	1	1.5	25
	chrIX	77434	0	1.0	25
	chrIX	77434	1	1.0	25
	chrIX	77436	0	1.5	25
	chrIX	77462	1	0.5	25
	chrIX	77468	1	0.5	25
	chrIX	77470	1	1.5	25
	chrIX	77471	0	0.5	25
	chrIX	77471	1	0.5	25
	chrIX	77472	1	0.5	25
	chrIX	77473	1	0.5	25
	chrIX	77491	1	0.5	25
	chrIX	77500	1	1.0	25
	chrIX	77502	1	0.5	23
	chrIX	77502	1	0.5	25
	chrIX	77503	1	0.5	25
	chrIX	77516	1	1.0	25
	chrIX	77522	0	0.5	25
	chrIX	77525	1	0.5	25
	chrIX	77544	0	0.5	25
	chrIX	77570	0	0.5	25
	chrIX	77597	0	0.5	25
	chrIX	77606	0	1.0	25
	chrIX	77610	0	0.5	25
	chrIX	77610	1	0.5	25
	chrIX	77626	1	0.5	25
	chrIX	77628	0	1.0	25
	chrIX	77637	1	0.5	25
	chrIX	77680	0	0.5	25
	chrIX	77683	1	1.0	25
	chrIX	77696	1	1.0	25
	chrIX	77698	0	0.5	25
	chrIX	77709	0	0.5	25
	chrIX	77726	0	0.5	25
	chrIX	77754	0	0.5	25
	chrIX	77765	0	0.5	25
	chrIX	77774	1	0.5	25
	chrIX	77775	1	0.5	25
	chrIX	77787	0	0.5	25
	chrIX	77792	0	0.5	25
	chrIX	77792	1	0.5	25
	chrIX	77793	0	0.5	25
	chrIX	77795	1	1.0	25
	chrIX	77800	1	0.5	25
	chrIX	77801	0	0.5	25
	chrIX	77805	0	0.5	25
	chrIX	77813	0	1.0	25
	chrIX	77818	1	0.5	25
	chrIX	77822	0	0.5	25
	chrIX	77824	0	0.5	25
	chrIX	77832	0	0.5	25
	chrIX	77832	1	0.5	25
	chrIX	77833	0	1.0	25
	chrIX	77836	0	0.5	25
	chrIX	77838	1	0.5	25
	chrIX	77847	0	0.5	25
	chrIX	77849	0	1.0	25
	chrIX	77857	0	0.5	25
	chrIX	77858	0	1.0	25
	chrIX	77862	1	0.5	25
	chrIX	77866	0	0.5	25
	chrIX	77884	1	1.0	25
	chrIX	77889	1	1.5	25
	chrIX	77890	0	0.5	25
	chrIX	77893	0	1.0	25
	chrIX	77899	1	1.0	25
	chrIX	77900	1	0.5	25
	chrIX	77904	1	0.5	25
	chrIX	77910	1	0.5	25
	chrIX	77912	0	0.5	25
	chrIX	77920	1	0.5	25
	chrIX	77922	1	0.5	25
	chrIX	77923	0	0.5	25
	chrIX	77927	1	1.0	25
	chrIX	77928	0	0.5	25
	chrIX	77930	1	1.0	25
	chrIX	77942	1	1.0	25
	chrIX	77946	1	0.5	25
	chrIX	77962	1	0.5	25
	chrIX	77965	0	0.5	25
	chrIX	77973	1	0.5	25
	chrIX	77974	1	0.5	25
	chrIX	77987	1	0.5	25
	chrIX	78015	1	0.5	25
	chrIX	78051	1	0.5	25
	chrIX	78057	1	0.5	25
	chrIX	78059	0	0.5	25
	chrIX	78121	1	0.5	25
	chrIX	78124	0	0.5	25
	chrIX	78135	0	0.5	25
	chrIX	78142	0	0.5	25
	chrIX	78169	0	0.5	25
	chrIX	78218	1	0.5	25
	chrIX	78222	1	0.5	25
	chrIX	78226	0	0.5	25
	chrIX	78243	0	0.5	25
	chrIX	78250	0	0.5	25
	chrIX	78281	1	0.5	25
	chrIX	78292	1	0.5	25
	chrIX	78301	0	0.5	25
	chrIX	78303	0	0.5	25
	chrIX	78315	0	0.5	25
	chrIX	78323	1	0.5	25
	chrIX	78328	1	0.5	25
	chrIX	78337	1	0.5	25
	chrIX	78364	1	0.5	25
	chrIX	78368	1	0.5	25
	chrIX	78372	0	0.5	25
	chrIX	78372	1	0.5	25
	chrIX	78413	0	0.5	25
	chrIX	78431	0	1.0	25
	chrIX	78454	1	0.5	25
	chrIX	78456	1	0.5	25
	chrIX	78487	0	0.5	25
	chrIX	78489	1	0.5	25
	chrIX	78495	0	0.5	25
	chrIX	78495	1	0.5	25
	chrIX	78499	1	0.5	25
	chrIX	78512	0	1.0	25
	chrIX	78533	1	0.5	25
	chrIX	78562	1	0.5	25
	chrIX	78569	1	0.5	25
	chrIX	78600	1	0.5	25
	chrIX	78610	0	0.5	25
	chrIX	78629	0	0.5	25
	chrIX	78636	0	1.0	25
	chrIX	78660	0	0.5	25
	chrIX	78670	1	0.5	25
	chrIX	78674	0	0.5	25
	chrIX	78685	0	0.5	25
	chrIX	78697	1	0.5	25
	chrIX	78712	1	0.5	25
	chrIX	78754	1	0.5	25
	chrIX	78799	1	1.0	25
	chrIX	78820	0	0.5	25
	chrIX	78870	1	0.5	25
	chrIX	78887	1	0.5	25
	chrIX	78896	0	0.5	25
	chrIX	78967	1	0.5	25
	chrIX	78981	0	0.5	25
	chrIX	79028	0	0.5	25
	chrIX	79030	0	1.0	25
	chrIX	79034	0	0.5	25
	chrIX	79057	0	0.5	25
	chrIX	79069	0	0.5	25
	chrIX	79084	0	0.5	25
	chrIX	79089	1	0.5	25
	chrIX	79128	1	0.5	25
	chrIX	79129	1	0.5	25
	chrIX	79144	1	0.5	25
	chrIX	79158	0	1.0	25
	chrIX	79160	1	1.0	25
	chrIX	79166	1	0.5	25
	chrIX	79169	0	0.5	25
	chrIX	79179	0	0.5	25
	chrIX	79209	1	1.0	25
	chrIX	79212	0	0.5	25
	chrIX	79216	0	0.5	25
	chrIX	79256	1	1.0	25
	chrIX	79257	1	0.5	25
	chrIX	79258	0	0.5	25
	chrIX	79264	1	0.5	25
	chrIX	79269	0	0.5	25
	chrIX	79283	1	0.5	25
	chrIX	79287	0	0.5	25
	chrIX	79312	1	0.5	25
	chrIX	79313	1	0.5	25
	chrIX	79391	0	0.5	24
	chrIX	79430	0	0.5	25
	chrIX	79449	0	0.5	25
	chrIX	79454	0	0.5	25
	chrIX	79458	1	0.5	25
	chrIX	79467	0	0.5	25
	chrIX	79497	1	0.5	25
	chrIX	79526	1	0.5	25
	chrIX	79542	0	0.5	25
	chrIX	79548	0	0.5	25
	chrIX	79551	1	0.5	25
	chrIX	79552	0	0.5	25
	chrIX	79568	0	1.0	25
	chrIX	79581	1	0.5	25
	chrIX	79600	0	0.5	25
	chrIX	79609	1	0.5	25
	chrIX	79627	0	0.5	25
	chrIX	79637	0	0.5	25
	chrIX	79642	1	1.0	25
	chrIX	79645	1	1.0	25
	chrIX	79646	1	0.5	25
	chrIX	79666	1	0.5	25
	chrIX	79681	0	0.5	25
	chrIX	79685	0	0.5	25
	chrIX	79688	0	0.5	25
	chrIX	79693	1	0.5	25
	chrIX	79697	1	0.5	25
	chrIX	79742	1	0.5	25
	chrIX	79758	1	1.0	25
	chrIX	79759	0	0.5	25
	chrIX	79761	0	0.5	25
	chrIX	79765	0	0.5	25
	chrIX	79778	0	0.5	25
	chrIX	79798	1	0.5	25
	chrIX	79801	1	0.5	25
	chrIX	79806	0	0.5	25
	chrIX	79818	1	0.5	25
	chrIX	79826	1	0.5	25
	chrIX	79836	0	0.5	25
	chrIX	79898	1	0.5	25
	chrIX	79911	1	0.5	25
	chrIX	79932	0	0.5	25
	chrIX	79950	0	0.5	25
	chrIX	80000	1	0.5	25
	chrIX	80039	0	0.5	25
	chrIX	80054	1	0.5	25
	chrIX	80086	0	0.5	25
	chrIX	80087	0	0.5	25
	chrIX	80095	1	0.5	25
	chrIX	80164	1	0.5	25
	chrIX	80165	0	0.5	25
	chrIX	80169	1	0.5	25
	chrIX	80214	0	1.0	25
	chrIX	80218	0	0.5	25
	chrIX	80219	0	1.5	25
	chrIX	80229	0	0.5	25
	chrIX	80235	1	0.5	25
	chrIX	80262	1	0.5	25
	chrIX	80286	0	0.5	25
	chrIX	80292	1	0.5	25
	chrIX	80293	0	0.5	25
	chrIX	80299	0	0.5	25
	chrIX	80303	1	0.5	25
	chrIX	80304	0	0.5	25
	chrIX	80316	1	0.5	25
	chrIX	80317	0	0.5	25
	chrIX	80318	0	0.5	25
	chrIX	80340	1	0.5	25
	chrIX	80354	1	1.0	25
	chrIX	80357	1	0.5	25
	chrIX	80359	0	0.5	25
	chrIX	80372	1	0.5	25
	chrIX	80374	1	0.5	25
	chrIX	80376	1	0.5	25
	chrIX	80379	0	1.0	25
	chrIX	80383	0	0.5	25
	chrIX	80385	0	0.5	25
	chrIX	80392	0	0.5	25
	chrIX	80394	0	0.5	25
	chrIX	80401	1	0.5	25
	chrIX	80404	1	0.5	25
	chrIX	80407	1	0.5	25
	chrIX	80411	0	0.5	25
	chrIX	80415	0	0.5	25
	chrIX	80435	1	0.5	25
	chrIX	80449	1	0.5	25
	chrIX	80450	1	0.5	25
	chrIX	80452	0	0.5	25
	chrIX	80453	1	0.5	25
	chrIX	80460	1	0.5	25
	chrIX	80468	1	0.5	25
	chrIX	80471	0	0.5	25
	chrIX	80507	1	0.5	25
	chrIX	80508	0	0.5	25
	chrIX	80511	0	0.5	25
	chrIX	80521	0	0.5	25
	chrIX	80533	0	0.5	25
	chrIX	80544	1	0.5	25
	chrIX	80572	1	0.5	25
	chrIX	80576	1	0.5	25
	chrIX	80580	1	0.5	25
	chrIX	80581	0	0.5	25
	chrIX	80582	0	1.0	25
	chrIX	80595	1	0.5	25
	chrIX	80597	0	0.5	25
	chrIX	80605	1	0.5	25
	chrIX	80648	1	0.5	25
	chrIX	80655	1	0.5	25
	chrIX	80671	1	0.5	25
	chrIX	80700	1	0.5	25
	chrIX	80717	0	2.0	25
	chrIX	80749	1	0.5	25
	chrIX	80754	0	0.5	25
	chrIX	80782	0	0.5	25
	chrIX	80782	1	0.5	25
	chrIX	80833	0	0.5	25
	chrIX	80841	0	0.5	25
	chrIX	80850	0	0.5	25
	chrIX	80863	1	2.0	25
	chrIX	80866	1	0.5	25
	chrIX	80874	0	0.5	25
	chrIX	80912	0	0.5	25
	chrIX	80922	1	1.0	25
	chrIX	80929	0	0.5	25
	chrIX	80967	0	0.5	25
	chrIX	80971	1	0.5	25
	chrIX	80981	1	0.5	25
	chrIX	81011	0	0.5	25
	chrIX	81012	0	0.5	25
	chrIX	81014	0	0.5	25
	chrIX	81030	0	0.5	25
	chrIX	81032	0	0.5	25
	chrIX	81032	1	0.5	25
	chrIX	81036	1	0.5	25
	chrIX	81078	1	0.5	25
	chrIX	81081	1	0.5	25
	chrIX	81091	1	0.5	25
	chrIX	81093	1	0.5	25
	chrIX	81105	1	0.5	25
	chrIX	81111	0	0.5	25
	chrIX	81113	0	0.5	25
	chrIX	81156	1	0.5	25
	chrIX	81159	1	0.5	25
	chrIX	81190	0	0.5	25
	chrIX	81190	1	0.5	25
	chrIX	81239	0	0.5	25
	chrIX	81250	0	0.5	25
	chrIX	81251	1	0.5	23
	chrIX	81269	0	0.5	25
	chrIX	81274	0	0.5	25
	chrIX	81300	0	1.0	25
	chrIX	81300	1	0.5	25
	chrIX	81306	0	0.5	25
	chrIX	81339	1	0.5	25
	chrIX	81349	0	0.5	25
	chrIX	81354	1	1.0	25
	chrIX	81366	1	0.5	25
	chrIX	81367	0	0.5	25
	chrIX	81382	0	0.5	25
	chrIX	81398	0	1.0	25
	chrIX	81402	0	0.5	25
	chrIX	81413	1	0.5	25
	chrIX	81418	0	0.5	25
	chrIX	81428	0	0.5	25
	chrIX	81430	1	0.5	25
	chrIX	81431	1	0.5	25
	chrIX	81433	0	0.5	25
	chrIX	81435	1	1.0	25
	chrIX	81460	0	0.5	25
	chrIX	81466	1	0.5	25
	chrIX	81478	1	0.5	25
	chrIX	81482	1	0.5	25
	chrIX	81538	1	0.5	25
	chrIX	81545	0	0.5	25
	chrIX	81552	1	1.0	25
	chrIX	81583	0	0.5	25
	chrIX	81585	0	0.5	25
	chrIX	81614	1	0.5	25
	chrIX	81626	1	0.5	25
	chrIX	81658	0	0.5	25
	chrIX	81660	1	0.5	25
	chrIX	81664	1	0.5	25
	chrIX	81725	0	0.5	25
	chrIX	81752	1	0.5	25
	chrIX	81773	0	0.5	25
	chrIX	81779	0	0.5	25
	chrIX	81782	0	0.5	25
	chrIX	81783	1	0.5	25
	chrIX	81841	1	0.5	25
	chrIX	81846	1	0.5	25
	chrIX	81847	0	0.5	25
	chrIX	81863	1	0.5	25
	chrIX	81878	1	0.5	25
	chrIX	81906	0	0.5	25
	chrIX	81916	0	0.5	25
	chrIX	81976	1	0.5	24
	chrIX	81983	1	0.5	25
	chrIX	81987	0	0.5	25
	chrIX	82032	0	0.5	25
	chrIX	82039	0	0.5	25
	chrIX	82043	0	0.5	25
	chrIX	82061	0	0.5	25
	chrIX	82062	1	0.5	25
	chrIX	82106	1	0.5	25
	chrIX	82109	1	0.5	25
	chrIX	82114	0	0.5	25
	chrIX	82114	1	0.5	25
	chrIX	82119	1	0.5	25
	chrIX	82141	0	0.5	25
	chrIX	82152	0	0.5	25
	chrIX	82169	0	0.5	25
	chrIX	82173	0	0.5	25
	chrIX	82186	1	0.5	25
	chrIX	82190	1	0.5	25
	chrIX	82198	0	0.5	25
	chrIX	82236	1	0.5	25
	chrIX	82285	1	0.5	25
	chrIX	82300	1	0.5	25
	chrIX	82313	1	0.5	25
	chrIX	82384	0	0.5	25
	chrIX	82401	0	0.5	25
	chrIX	82448	1	0.5	25
	chrIX	82457	0	0.5	25
	chrIX	82488	0	0.5	25
	chrIX	82489	1	0.5	25
	chrIX	82544	1	0.5	25
	chrIX	82596	1	0.5	25
	chrIX	82597	0	0.5	25
	chrIX	82634	0	0.5	25
	chrIX	82641	0	0.5	25
	chrIX	82687	1	0.5	25
	chrIX	82717	1	0.5	25
	chrIX	82761	0	0.5	25
	chrIX	82762	0	0.5	25
	chrIX	82780	0	0.5	25
	chrIX	82785	0	0.5	25
	chrIX	82797	1	0.5	25
	chrIX	82800	0	0.5	25
	chrIX	82825	1	0.5	25
	chrIX	82835	1	0.5	25
	chrIX	82836	1	0.5	25
	chrIX	82837	0	0.5	25
	chrIX	82839	0	0.5	25
	chrIX	82911	1	0.5	25
	chrIX	82921	1	0.5	25
	chrIX	82931	0	0.5	25
	chrIX	82945	1	0.5	25
	chrIX	83002	1	0.5	25
	chrIX	83021	0	0.5	25
	chrIX	83072	0	0.5	25
	chrIX	83081	1	0.5	25
	chrIX	83094	0	1.0	25
	chrIX	83097	0	0.5	25
	chrIX	83100	0	0.5	25
	chrIX	83101	0	0.5	25
	chrIX	83109	1	0.5	25
	chrIX	83110	0	0.5	25
	chrIX	83113	0	0.5	25
	chrIX	83122	0	0.5	25
	chrIX	83123	0	1.0	25
	chrIX	83124	0	0.5	25
	chrIX	83126	0	1.5	25
	chrIX	83127	0	2.5	25
	chrIX	83141	0	0.5	25
	chrIX	83141	1	0.5	25
	chrIX	83142	0	2.0	25
	chrIX	83143	0	0.5	25
	chrIX	83149	0	0.5	25
	chrIX	83150	0	1.5	25
	chrIX	83151	0	4.0	25
	chrIX	83154	0	1.0	25
	chrIX	83158	0	0.5	25
	chrIX	83159	0	0.5	25
	chrIX	83160	0	0.5	25
	chrIX	83170	1	0.5	25
	chrIX	83178	1	1.0	25
	chrIX	83185	0	0.5	25
	chrIX	83191	0	0.5	25
	chrIX	83193	1	1.0	25
	chrIX	83194	0	1.0	25
	chrIX	83194	1	0.5	25
	chrIX	83201	1	0.5	25
	chrIX	83206	1	0.5	25
	chrIX	83208	1	1.0	25
	chrIX	83209	1	1.0	25
	chrIX	83210	0	0.5	25
	chrIX	83210	1	4.5	25
	chrIX	83211	0	1.0	25
	chrIX	83211	1	2.5	25
	chrIX	83217	0	1.0	25
	chrIX	83217	1	1.0	25
	chrIX	83219	1	0.5	25
	chrIX	83227	1	0.5	25
	chrIX	83228	1	1.0	25
	chrIX	83229	1	0.5	25
	chrIX	83232	1	0.5	25
	chrIX	83234	0	0.5	25
	chrIX	83234	1	1.0	25
	chrIX	83235	1	0.5	25
	chrIX	83239	1	0.5	25
	chrIX	83245	1	1.0	25
	chrIX	83246	1	0.5	25
	chrIX	83247	0	0.5	25
	chrIX	83248	1	0.5	25
	chrIX	83256	1	1.5	25
	chrIX	83267	1	1.0	25
	chrIX	83271	0	0.5	25
	chrIX	83283	1	0.5	25
	chrIX	83352	0	0.5	25
	chrIX	83395	1	0.5	25
	chrIX	83410	1	0.5	25
	chrIX	83411	1	1.0	25
	chrIX	83412	1	1.0	25
	chrIX	83423	1	0.5	25
	chrIX	83481	0	0.5	25
	chrIX	83490	0	0.5	25
	chrIX	83550	1	0.5	25
	chrIX	83601	0	0.5	25
	chrIX	83607	1	0.5	25
	chrIX	83611	0	0.5	25
	chrIX	83661	0	1.5	25
	chrIX	83697	1	0.5	25
	chrIX	83727	1	1.0	25
	chrIX	83751	1	0.5	25
	chrIX	83766	1	0.5	25
	chrIX	83781	0	0.5	25
	chrIX	83837	0	0.5	25
	chrIX	83839	0	0.5	25
	chrIX	83846	0	0.5	25
	chrIX	83853	1	0.5	25
	chrIX	83902	1	0.5	25
	chrIX	83921	0	0.5	25
	chrIX	83971	1	0.5	25
	chrIX	83981	0	0.5	25
	chrIX	83999	1	0.5	25
	chrIX	84032	0	0.5	25
	chrIX	84033	0	0.5	25
	chrIX	84040	1	0.5	25
	chrIX	84050	1	0.5	25
	chrIX	84067	0	0.5	25
	chrIX	84089	1	0.5	25
	chrIX	84111	1	0.5	25
	chrIX	84151	1	0.5	25
	chrIX	84168	0	0.5	25
	chrIX	84176	0	1.0	25
	chrIX	84195	0	0.5	25
	chrIX	84215	0	0.5	25
	chrIX	84219	0	0.5	25
	chrIX	84261	1	0.5	25
	chrIX	84275	1	0.5	25
	chrIX	84308	1	0.5	25
	chrIX	84316	1	1.0	25
	chrIX	84347	0	0.5	25
	chrIX	84385	1	0.5	25
	chrIX	84441	0	0.5	25
	chrIX	84482	1	0.5	25
	chrIX	84488	0	0.5	25
	chrIX	84491	0	1.0	25
	chrIX	84497	0	0.5	25
	chrIX	84507	0	0.5	25
	chrIX	84537	1	0.5	25
	chrIX	84554	1	0.5	25
	chrIX	84570	1	0.5	25
	chrIX	84633	0	1.0	25
	chrIX	84666	1	0.5	25
	chrIX	84690	0	0.5	25
	chrIX	84692	0	0.5	25
	chrIX	84708	0	0.5	25
	chrIX	84715	1	1.0	25
	chrIX	84729	0	0.5	25
	chrIX	84754	0	0.5	25
	chrIX	84754	1	1.5	25
	chrIX	84779	0	0.5	25
	chrIX	84794	1	0.5	25
	chrIX	84814	1	0.5	25
	chrIX	84828	0	0.5	25
	chrIX	84829	0	1.0	25
	chrIX	84838	0	1.0	25
	chrIX	84845	0	0.5	25
	chrIX	84875	1	1.0	25
	chrIX	84877	1	0.5	25
	chrIX	84879	1	0.5	25
	chrIX	84880	0	0.5	25
	chrIX	84893	0	0.5	25
	chrIX	84897	1	0.5	25
	chrIX	84899	1	0.5	25
	chrIX	84903	0	0.5	25
	chrIX	84911	1	1.0	25
	chrIX	84932	0	1.0	25
	chrIX	84936	0	0.5	25
	chrIX	84939	0	0.5	25
	chrIX	84941	1	0.5	25
	chrIX	84942	0	1.5	25
	chrIX	84948	0	0.5	25
	chrIX	84949	0	0.5	25
	chrIX	84957	1	0.5	25
	chrIX	84964	0	0.5	25
	chrIX	84969	0	1.0	25
	chrIX	84970	0	1.0	25
	chrIX	84970	1	1.0	25
	chrIX	84971	0	1.0	25
	chrIX	84972	0	0.5	23
	chrIX	84972	0	0.5	25
	chrIX	84973	0	1.5	25
	chrIX	84974	0	0.5	25
	chrIX	84978	1	0.5	25
	chrIX	84979	0	0.5	25
	chrIX	84983	0	0.5	25
	chrIX	84995	0	0.5	25
	chrIX	85005	0	1.5	25
	chrIX	85008	1	1.0	25
	chrIX	85009	0	0.5	25
	chrIX	85009	1	3.0	25
	chrIX	85010	0	2.0	25
	chrIX	85010	1	0.5	25
	chrIX	85017	1	0.5	25
	chrIX	85022	1	1.0	25
	chrIX	85024	0	0.5	25
	chrIX	85029	0	0.5	25
	chrIX	85035	1	0.5	25
	chrIX	85036	0	0.5	25
	chrIX	85040	1	0.5	25
	chrIX	85041	1	0.5	25
	chrIX	85048	1	1.0	25
	chrIX	85051	1	1.0	25
	chrIX	85052	1	0.5	25
	chrIX	85054	1	0.5	25
	chrIX	85058	0	0.5	25
	chrIX	85063	1	1.0	25
	chrIX	85073	1	0.5	25
	chrIX	85090	1	0.5	25
	chrIX	85105	1	1.5	25
	chrIX	85111	1	0.5	25
	chrIX	85122	1	0.5	25
	chrIX	85127	1	0.5	25
	chrIX	85142	1	0.5	25
	chrIX	85154	0	0.5	25
	chrIX	85194	1	0.5	25
	chrIX	85197	0	0.5	25
	chrIX	85198	0	1.5	25
	chrIX	85213	0	0.5	25
	chrIX	85215	1	0.5	25
	chrIX	85222	0	0.5	25
	chrIX	85225	0	0.5	25
	chrIX	85235	1	0.5	25
	chrIX	85237	1	1.0	25
	chrIX	85238	0	0.5	25
	chrIX	85268	1	1.0	25
	chrIX	85271	1	0.5	25
	chrIX	85286	0	0.5	25
	chrIX	85290	1	0.5	25
	chrIX	85291	1	0.5	25
	chrIX	85293	0	0.5	25
	chrIX	85295	0	0.5	25
	chrIX	85298	1	0.5	25
	chrIX	85302	0	1.0	25
	chrIX	85332	1	0.5	25
	chrIX	85335	1	0.5	25
	chrIX	85343	0	0.5	25
	chrIX	85345	0	0.5	25
	chrIX	85357	0	0.5	25
	chrIX	85361	1	1.0	25
	chrIX	85388	1	0.5	25
	chrIX	85401	1	0.5	25
	chrIX	85404	1	1.0	25
	chrIX	85406	0	0.5	25
	chrIX	85413	0	0.5	25
	chrIX	85417	1	0.5	25
	chrIX	85425	0	0.5	25
	chrIX	85428	0	0.5	25
	chrIX	85431	0	1.0	25
	chrIX	85442	0	0.5	25
	chrIX	85472	1	0.5	25
	chrIX	85475	0	0.5	25
	chrIX	85497	1	0.5	25
	chrIX	85503	1	1.0	25
	chrIX	85522	1	0.5	25
	chrIX	85523	0	1.0	25
	chrIX	85572	1	0.5	25
	chrIX	85587	1	0.5	25
	chrIX	85592	1	0.5	25
	chrIX	85605	1	0.5	25
	chrIX	85622	1	0.5	25
	chrIX	85623	0	0.5	25
	chrIX	85640	0	0.5	25
	chrIX	85698	1	0.5	25
	chrIX	85709	1	0.5	25
	chrIX	85718	0	0.5	25
	chrIX	85719	0	0.5	25
	chrIX	85720	0	1.0	25
	chrIX	85722	1	0.5	25
	chrIX	85724	0	0.5	25
	chrIX	85727	0	0.5	25
	chrIX	85737	0	0.5	25
	chrIX	85741	0	1.5	25
	chrIX	85760	1	0.5	25
	chrIX	85761	0	1.0	25
	chrIX	85775	1	0.5	25
	chrIX	85776	1	0.5	25
	chrIX	85777	1	0.5	25
	chrIX	85779	0	1.0	25
	chrIX	85779	1	1.0	25
	chrIX	85783	1	0.5	25
	chrIX	85786	1	0.5	25
	chrIX	85798	1	0.5	25
	chrIX	85806	0	0.5	25
	chrIX	85806	1	0.5	25
	chrIX	85881	1	0.5	25
	chrIX	85885	0	0.5	25
	chrIX	85890	0	0.5	25
	chrIX	85926	0	0.5	25
	chrIX	85929	0	0.5	25
	chrIX	85943	1	1.0	25
	chrIX	85950	1	0.5	25
	chrIX	85955	0	0.5	25
	chrIX	85968	1	0.5	25
	chrIX	85977	0	0.5	25
	chrIX	85978	0	0.5	25
	chrIX	85989	1	0.5	25
	chrIX	85995	0	1.0	25
	chrIX	86013	1	0.5	25
	chrIX	86046	1	0.5	25
	chrIX	86059	0	0.5	25
	chrIX	86072	1	0.5	25
	chrIX	86078	0	1.0	25
	chrIX	86105	1	1.5	25
	chrIX	86108	1	0.5	25
	chrIX	86135	1	1.0	25
	chrIX	86139	0	0.5	25
	chrIX	86161	1	1.0	25
	chrIX	86176	0	0.5	25
	chrIX	86212	0	0.5	25
	chrIX	86220	0	0.5	25
	chrIX	86230	0	0.5	25
	chrIX	86256	0	0.5	25
	chrIX	86270	0	0.5	25
	chrIX	86274	1	0.5	25
	chrIX	86282	1	0.5	25
	chrIX	86296	0	0.5	25
	chrIX	86308	0	0.5	25
	chrIX	86312	1	0.5	25
	chrIX	86316	1	0.5	25
	chrIX	86354	1	0.5	25
	chrIX	86363	1	0.5	25
	chrIX	86370	1	0.5	25
	chrIX	86371	1	0.5	25
	chrIX	86448	1	0.5	25
	chrIX	86469	0	0.5	25
	chrIX	86518	0	0.5	25
	chrIX	86540	0	0.5	25
	chrIX	86565	0	1.0	25
	chrIX	86599	1	0.5	25
	chrIX	86624	1	0.5	25
	chrIX	86662	0	0.5	25
	chrIX	86663	0	0.5	25
	chrIX	86696	0	0.5	25
	chrIX	86718	0	0.5	25
	chrIX	86723	1	0.5	25
	chrIX	86737	0	1.0	25
	chrIX	86746	1	0.5	25
	chrIX	86765	0	0.5	25
	chrIX	86780	0	1.0	25
	chrIX	86788	0	0.5	25
	chrIX	86817	1	1.0	25
	chrIX	86828	1	1.0	25
	chrIX	86850	1	0.5	25
	chrIX	86863	1	0.5	25
	chrIX	86883	1	0.5	25
	chrIX	86897	1	0.5	25
	chrIX	86903	0	0.5	25
	chrIX	86916	1	1.0	25
	chrIX	86925	0	0.5	25
	chrIX	86945	0	0.5	25
	chrIX	86975	1	0.5	25
	chrIX	86997	1	1.0	25
	chrIX	87022	0	0.5	25
	chrIX	87113	0	0.5	25
	chrIX	87125	0	0.5	25
	chrIX	87128	0	0.5	25
	chrIX	87143	0	0.5	25
	chrIX	87167	0	0.5	25
	chrIX	87198	0	0.5	25
	chrIX	87202	1	0.5	25
	chrIX	87203	1	0.5	25
	chrIX	87214	1	0.5	25
	chrIX	87215	1	0.5	25
	chrIX	87216	1	0.5	25
	chrIX	87231	1	0.5	25
	chrIX	87237	0	0.5	25
	chrIX	87259	1	0.5	25
	chrIX	87260	0	0.5	25
	chrIX	87272	1	0.5	25
	chrIX	87313	0	1.0	25
	chrIX	87321	1	0.5	25
	chrIX	87329	0	0.5	25
	chrIX	87348	1	1.0	25
	chrIX	87399	1	0.5	25
	chrIX	87413	0	0.5	25
	chrIX	87422	0	1.0	25
	chrIX	87435	1	0.5	25
	chrIX	87456	0	0.5	25
	chrIX	87468	0	0.5	25
	chrIX	87469	1	0.5	25
	chrIX	87494	1	0.5	25
	chrIX	87496	0	0.5	25
	chrIX	87498	1	0.5	25
	chrIX	87499	0	0.5	25
	chrIX	87522	0	0.5	25
	chrIX	87526	1	0.5	25
	chrIX	87529	0	1.0	25
	chrIX	87532	0	0.5	25
	chrIX	87547	0	1.5	25
	chrIX	87555	1	0.5	25
	chrIX	87570	1	0.5	25
	chrIX	87571	1	0.5	25
	chrIX	87578	1	0.5	25
	chrIX	87593	1	0.5	25
	chrIX	87600	1	0.5	25
	chrIX	87602	1	0.5	25
	chrIX	87608	0	0.5	25
	chrIX	87678	1	0.5	25
	chrIX	87679	1	0.5	25
	chrIX	87714	0	0.5	25
	chrIX	87719	0	0.5	25
	chrIX	87763	0	0.5	25
	chrIX	87770	0	0.5	25
	chrIX	87783	0	0.5	25
	chrIX	87788	0	1.0	25
	chrIX	87789	0	1.0	25
	chrIX	87791	1	1.0	25
	chrIX	87797	1	0.5	25
	chrIX	87802	0	0.5	25
	chrIX	87819	0	0.5	25
	chrIX	87838	0	0.5	25
	chrIX	87842	0	0.5	25
	chrIX	87846	1	1.0	25
	chrIX	87849	1	0.5	25
	chrIX	87855	0	0.5	25
	chrIX	87855	1	1.0	25
	chrIX	87860	1	0.5	25
	chrIX	87865	0	0.5	25
	chrIX	87872	1	0.5	25
	chrIX	87883	1	0.5	25
	chrIX	87906	1	0.5	25
	chrIX	87908	1	0.5	25
	chrIX	87910	1	0.5	25
	chrIX	87912	1	0.5	25
	chrIX	87926	1	0.5	25
	chrIX	87932	1	0.5	25
	chrIX	87933	0	0.5	25
	chrIX	87945	0	0.5	25
	chrIX	87998	0	1.0	25
	chrIX	88015	1	0.5	25
	chrIX	88016	1	0.5	25
	chrIX	88034	0	0.5	25
	chrIX	88045	0	0.5	25
	chrIX	88084	1	0.5	25
	chrIX	88105	1	0.5	25
	chrIX	88117	0	0.5	25
	chrIX	88170	0	0.5	25
	chrIX	88174	0	0.5	25
	chrIX	88179	0	0.5	25
	chrIX	88185	0	1.0	25
	chrIX	88201	1	1.0	25
	chrIX	88240	1	1.0	25
	chrIX	88243	1	0.5	25
	chrIX	88254	1	1.0	25
	chrIX	88255	1	0.5	25
	chrIX	88281	0	0.5	25
	chrIX	88312	0	0.5	25
	chrIX	88333	0	0.5	25
	chrIX	88336	1	0.5	25
	chrIX	88342	0	1.0	25
	chrIX	88356	0	0.5	25
	chrIX	88362	0	0.5	25
	chrIX	88376	1	0.5	25
	chrIX	88410	1	1.0	25
	chrIX	88424	1	0.5	25
	chrIX	88429	0	0.5	25
	chrIX	88434	0	0.5	25
	chrIX	88440	1	0.5	25
	chrIX	88456	0	0.5	25
	chrIX	88460	0	0.5	25
	chrIX	88460	1	0.5	25
	chrIX	88480	0	2.0	25
	chrIX	88486	0	0.5	25
	chrIX	88487	0	1.0	25
	chrIX	88497	1	0.5	25
	chrIX	88509	1	0.5	25
	chrIX	88525	0	0.5	25
	chrIX	88529	1	0.5	25
	chrIX	88535	0	0.5	25
	chrIX	88541	1	1.0	25
	chrIX	88543	1	1.5	25
	chrIX	88544	1	0.5	25
	chrIX	88545	1	0.5	25
	chrIX	88573	1	0.5	25
	chrIX	88609	0	0.5	25
	chrIX	88637	1	0.5	25
	chrIX	88639	0	1.0	25
	chrIX	88645	0	0.5	25
	chrIX	88650	0	0.5	25
	chrIX	88652	0	0.5	25
	chrIX	88701	1	0.5	25
	chrIX	88706	1	0.5	25
	chrIX	88710	1	0.5	25
	chrIX	88717	0	1.5	25
	chrIX	88718	0	0.5	25
	chrIX	88734	1	0.5	25
	chrIX	88737	1	0.5	25
	chrIX	88738	0	0.5	25
	chrIX	88747	0	0.5	25
	chrIX	88753	0	1.5	25
	chrIX	88754	0	2.5	25
	chrIX	88755	0	0.5	25
	chrIX	88756	0	0.5	25
	chrIX	88758	1	0.5	25
	chrIX	88766	0	0.5	25
	chrIX	88770	0	0.5	25
	chrIX	88772	0	0.5	25
	chrIX	88778	1	0.5	25
	chrIX	88779	0	2.0	25
	chrIX	88779	1	1.5	25
	chrIX	88780	0	2.0	25
	chrIX	88784	0	0.5	25
	chrIX	88785	0	0.5	25
	chrIX	88786	0	0.5	25
	chrIX	88805	1	0.5	25
	chrIX	88819	0	0.5	25
	chrIX	88824	1	0.5	25
	chrIX	88825	1	1.5	25
	chrIX	88826	1	1.0	25
	chrIX	88827	1	1.5	25
	chrIX	88828	1	0.5	25
	chrIX	88829	0	0.5	25
	chrIX	88832	1	2.0	25
	chrIX	88833	1	0.5	25
	chrIX	88834	0	0.5	25
	chrIX	88838	1	0.5	25
	chrIX	88843	1	1.0	25
	chrIX	88848	1	1.5	25
	chrIX	88850	0	0.5	25
	chrIX	88850	1	0.5	25
	chrIX	88857	1	0.5	25
	chrIX	88861	1	0.5	25
	chrIX	88889	0	0.5	25
	chrIX	88920	1	0.5	25
	chrIX	88935	0	1.0	25
	chrIX	88953	1	1.0	25
	chrIX	88967	1	0.5	25
	chrIX	88970	1	0.5	25
	chrIX	88991	1	0.5	25
	chrIX	88999	1	0.5	25
	chrIX	89007	0	0.5	25
	chrIX	89050	1	0.5	25
	chrIX	89063	0	0.5	25
	chrIX	89074	0	0.5	25
	chrIX	89083	0	0.5	25
	chrIX	89088	0	0.5	25
	chrIX	89090	1	0.5	25
	chrIX	89102	0	1.0	25
	chrIX	89121	1	0.5	25
	chrIX	89138	0	0.5	25
	chrIX	89147	1	0.5	25
	chrIX	89149	1	0.5	25
	chrIX	89156	0	0.5	25
	chrIX	89173	1	0.5	25
	chrIX	89177	1	0.5	25
	chrIX	89182	1	1.0	25
	chrIX	89198	1	0.5	25
	chrIX	89204	0	0.5	25
	chrIX	89217	1	0.5	25
	chrIX	89219	0	0.5	25
	chrIX	89224	0	0.5	25
	chrIX	89251	0	0.5	25
	chrIX	89267	0	0.5	25
	chrIX	89269	1	0.5	25
	chrIX	89275	0	0.5	25
	chrIX	89281	1	0.5	25
	chrIX	89287	0	0.5	25
	chrIX	89293	0	0.5	25
	chrIX	89301	0	0.5	25
	chrIX	89318	1	0.5	25
	chrIX	89323	1	0.5	25
	chrIX	89343	1	0.5	25
	chrIX	89355	1	0.5	25
	chrIX	89358	1	0.5	25
	chrIX	89385	0	0.5	25
	chrIX	89393	0	0.5	25
	chrIX	89415	1	0.5	25
	chrIX	89443	1	0.5	25
	chrIX	89471	1	0.5	25
	chrIX	89475	0	0.5	25
	chrIX	89478	1	0.5	25
	chrIX	89494	0	0.5	25
	chrIX	89509	0	0.5	25
	chrIX	89528	1	0.5	25
	chrIX	89534	0	0.5	25
	chrIX	89537	0	0.5	25
	chrIX	89548	0	0.5	25
	chrIX	89557	1	0.5	25
	chrIX	89571	0	0.5	25
	chrIX	89579	1	0.5	25
	chrIX	89587	1	0.5	25
	chrIX	89592	0	0.5	25
	chrIX	89598	1	0.5	25
	chrIX	89611	0	0.5	25
	chrIX	89621	0	1.0	25
	chrIX	89623	0	0.5	25
	chrIX	89643	1	0.5	25
	chrIX	89651	0	0.5	25
	chrIX	89659	0	0.5	25
	chrIX	89669	1	0.5	25
	chrIX	89683	0	0.5	25
	chrIX	89686	0	0.5	24
	chrIX	89688	1	0.5	25
	chrIX	89691	0	0.5	25
	chrIX	89691	1	0.5	25
	chrIX	89697	0	0.5	25
	chrIX	89704	0	0.5	25
	chrIX	89710	1	0.5	25
	chrIX	89716	1	1.0	25
	chrIX	89722	0	2.5	25
	chrIX	89729	0	0.5	25
	chrIX	89764	1	0.5	25
	chrIX	89767	0	0.5	25
	chrIX	89768	1	0.5	25
	chrIX	89769	0	0.5	25
	chrIX	89774	1	0.5	25
	chrIX	89781	0	0.5	25
	chrIX	89782	1	1.0	25
	chrIX	89783	0	2.0	25
	chrIX	89783	1	1.5	25
	chrIX	89784	0	2.5	25
	chrIX	89784	1	0.5	25
	chrIX	89785	0	0.5	25
	chrIX	89786	0	0.5	25
	chrIX	89790	0	1.0	25
	chrIX	89798	0	0.5	25
	chrIX	89799	0	3.0	25
	chrIX	89800	0	2.0	25
	chrIX	89801	0	1.5	25
	chrIX	89801	1	0.5	25
	chrIX	89804	1	0.5	25
	chrIX	89809	0	0.5	25
	chrIX	89810	0	2.5	25
	chrIX	89811	0	0.5	25
	chrIX	89811	1	0.5	25
	chrIX	89812	0	0.5	25
	chrIX	89815	0	0.5	25
	chrIX	89822	0	0.5	25
	chrIX	89824	0	0.5	25
	chrIX	89825	0	1.5	25
	chrIX	89825	1	0.5	25
	chrIX	89828	0	0.5	25
	chrIX	89838	0	0.5	25
	chrIX	89841	1	0.5	25
	chrIX	89843	1	0.5	25
	chrIX	89844	1	0.5	25
	chrIX	89850	0	1.0	25
	chrIX	89853	1	0.5	25
	chrIX	89854	1	1.5	25
	chrIX	89855	1	0.5	25
	chrIX	89856	1	0.5	25
	chrIX	89857	1	0.5	25
	chrIX	89862	1	0.5	25
	chrIX	89868	1	7.5	25
	chrIX	89869	0	1.0	25
	chrIX	89869	1	2.0	25
	chrIX	89872	0	0.5	25
	chrIX	89872	1	0.5	25
	chrIX	89878	0	0.5	25
	chrIX	89880	1	1.5	25
	chrIX	89882	1	1.5	25
	chrIX	89883	1	1.0	25
	chrIX	89884	1	1.5	25
	chrIX	89885	0	0.5	25
	chrIX	89887	0	0.5	25
	chrIX	89888	1	0.5	25
	chrIX	89892	1	0.5	25
	chrIX	89921	1	1.0	25
	chrIX	89940	1	0.5	25
	chrIX	89941	1	0.5	25
	chrIX	89951	1	0.5	25
	chrIX	89961	1	0.5	25
	chrIX	89964	1	0.5	25
	chrIX	89973	0	0.5	25
	chrIX	89976	1	0.5	25
	chrIX	89980	1	0.5	25
	chrIX	89997	0	0.5	25
	chrIX	90011	0	0.5	25
	chrIX	90036	0	0.5	25
	chrIX	90037	0	0.5	25
	chrIX	90042	0	0.5	25
	chrIX	90070	1	0.5	25
	chrIX	90071	1	0.5	25
	chrIX	90073	0	0.5	25
	chrIX	90078	0	0.5	25
	chrIX	90104	1	0.5	25
	chrIX	90136	1	0.5	25
	chrIX	90140	1	0.5	25
	chrIX	90176	0	0.5	25
	chrIX	90213	1	0.5	25
	chrIX	90214	1	1.0	25
	chrIX	90231	1	0.5	25
	chrIX	90252	0	0.5	25
	chrIX	90254	1	0.5	25
	chrIX	90293	0	0.5	25
	chrIX	90325	0	0.5	25
	chrIX	90331	0	0.5	25
	chrIX	90332	1	0.5	25
	chrIX	90345	1	0.5	25
	chrIX	90349	0	0.5	25
	chrIX	90373	1	0.5	25
	chrIX	90382	1	0.5	25
	chrIX	90383	0	0.5	25
	chrIX	90389	0	0.5	25
	chrIX	90393	0	0.5	25
	chrIX	90430	0	0.5	25
	chrIX	90435	1	0.5	25
	chrIX	90441	0	0.5	25
	chrIX	90448	1	0.5	25
	chrIX	90450	1	0.5	25
	chrIX	90479	1	0.5	25
	chrIX	90483	1	0.5	25
	chrIX	90503	0	0.5	25
	chrIX	90511	1	0.5	25
	chrIX	90532	0	0.5	25
	chrIX	90548	0	0.5	25
	chrIX	90551	1	0.5	25
	chrIX	90557	0	0.5	25
	chrIX	90602	0	1.0	25
	chrIX	90603	1	0.5	25
	chrIX	90604	0	0.5	25
	chrIX	90607	0	1.5	25
	chrIX	90615	1	0.5	25
	chrIX	90635	0	0.5	25
	chrIX	90658	1	1.0	25
	chrIX	90673	1	0.5	25
	chrIX	90694	0	0.5	25
	chrIX	90704	1	0.5	25
	chrIX	90713	0	0.5	25
	chrIX	90716	1	0.5	25
	chrIX	90732	0	0.5	25
	chrIX	90737	0	0.5	25
	chrIX	90743	0	1.0	25
	chrIX	90750	0	0.5	25
	chrIX	90756	1	0.5	25
	chrIX	90762	0	1.5	25
	chrIX	90775	0	0.5	25
	chrIX	90785	1	0.5	25
	chrIX	90790	1	1.0	25
	chrIX	90800	0	1.0	25
	chrIX	90803	1	0.5	25
	chrIX	90813	1	0.5	25
	chrIX	90815	1	0.5	25
	chrIX	90821	1	1.0	25
	chrIX	90834	1	0.5	25
	chrIX	90846	0	1.0	25
	chrIX	90855	1	1.0	25
	chrIX	90858	1	0.5	25
	chrIX	90892	1	0.5	25
	chrIX	90907	1	1.0	25
	chrIX	90923	1	0.5	25
	chrIX	90926	1	0.5	25
	chrIX	90928	0	1.5	25
	chrIX	90929	0	0.5	25
	chrIX	90944	0	1.0	25
	chrIX	90955	0	1.0	25
	chrIX	90961	0	0.5	25
	chrIX	91009	0	0.5	25
	chrIX	91015	1	1.0	25
	chrIX	91025	1	0.5	25
	chrIX	91032	1	0.5	25
	chrIX	91041	1	0.5	25
	chrIX	91069	1	0.5	25
	chrIX	91085	0	0.5	25
	chrIX	91086	0	0.5	25
	chrIX	91098	1	0.5	25
	chrIX	91125	0	0.5	25
	chrIX	91147	1	0.5	25
	chrIX	91151	0	0.5	25
	chrIX	91189	1	0.5	25
	chrIX	91197	0	0.5	25
	chrIX	91209	1	1.5	25
	chrIX	91222	1	0.5	25
	chrIX	91225	1	0.5	25
	chrIX	91251	1	0.5	25
	chrIX	91303	0	0.5	25
	chrIX	91337	0	0.5	25
	chrIX	91359	0	0.5	25
	chrIX	91371	0	1.0	25
	chrIX	91373	1	0.5	25
	chrIX	91400	0	0.5	25
	chrIX	91406	0	0.5	25
	chrIX	91426	1	0.5	25
	chrIX	91438	0	0.5	25
	chrIX	91441	1	0.5	25
	chrIX	91457	0	0.5	25
	chrIX	91467	1	0.5	25
	chrIX	91475	1	0.5	25
	chrIX	91481	1	0.5	25
	chrIX	91486	0	0.5	25
	chrIX	91498	1	1.0	25
	chrIX	91499	0	0.5	25
	chrIX	91508	0	0.5	25
	chrIX	91515	0	0.5	25
	chrIX	91532	1	0.5	25
	chrIX	91548	1	0.5	25
	chrIX	91568	0	0.5	25
	chrIX	91568	1	0.5	25
	chrIX	91579	1	0.5	25
	chrIX	91581	0	1.0	25
	chrIX	91625	1	0.5	25
	chrIX	91626	0	0.5	25
	chrIX	91628	0	0.5	25
	chrIX	91637	0	0.5	25
	chrIX	91649	1	1.0	25
	chrIX	91653	1	0.5	25
	chrIX	91687	1	0.5	25
	chrIX	91692	1	0.5	25
	chrIX	91701	0	1.0	25
	chrIX	91711	1	0.5	25
	chrIX	91719	0	0.5	25
	chrIX	91742	0	0.5	25
	chrIX	91767	0	0.5	25
	chrIX	91767	1	1.0	25
	chrIX	91779	0	0.5	25
	chrIX	91790	1	0.5	25
	chrIX	91793	0	0.5	25
	chrIX	91812	0	1.0	25
	chrIX	91834	1	0.5	25
	chrIX	91842	1	0.5	25
	chrIX	91859	1	0.5	25
	chrIX	91863	1	1.0	25
	chrIX	91865	1	0.5	25
	chrIX	91934	0	0.5	25
	chrIX	92000	1	0.5	25
	chrIX	92024	0	0.5	25
	chrIX	92044	0	0.5	25
	chrIX	92054	0	0.5	25
	chrIX	92066	0	0.5	25
	chrIX	92090	1	0.5	25
	chrIX	92116	0	0.5	25
	chrIX	92123	1	0.5	25
	chrIX	92130	1	0.5	25
	chrIX	92133	0	0.5	25
	chrIX	92137	1	0.5	25
	chrIX	92157	0	0.5	25
	chrIX	92198	0	1.0	25
	chrIX	92204	0	0.5	25
	chrIX	92231	0	0.5	25
	chrIX	92233	1	0.5	25
	chrIX	92243	1	0.5	25
	chrIX	92256	0	0.5	25
	chrIX	92261	1	1.0	25
	chrIX	92292	1	0.5	25
	chrIX	92294	0	0.5	25
	chrIX	92319	0	1.0	25
	chrIX	92324	1	0.5	25
	chrIX	92347	0	0.5	25
	chrIX	92354	0	0.5	25
	chrIX	92365	1	0.5	25
	chrIX	92367	0	0.5	25
	chrIX	92377	0	0.5	25
	chrIX	92378	1	0.5	25
	chrIX	92381	0	1.5	25
	chrIX	92391	1	1.0	25
	chrIX	92400	0	0.5	25
	chrIX	92418	1	0.5	25
	chrIX	92420	1	0.5	25
	chrIX	92425	0	0.5	25
	chrIX	92434	1	0.5	25
	chrIX	92449	0	0.5	25
	chrIX	92452	1	0.5	25
	chrIX	92471	0	0.5	25
	chrIX	92490	0	0.5	25
	chrIX	92494	1	0.5	25
	chrIX	92516	0	0.5	25
	chrIX	92519	1	0.5	25
	chrIX	92541	1	0.5	25
	chrIX	92548	0	0.5	25
	chrIX	92553	1	0.5	25
	chrIX	92566	1	0.5	25
	chrIX	92567	1	0.5	25
	chrIX	92573	1	1.5	25
	chrIX	92589	0	0.5	25
	chrIX	92593	0	0.5	25
	chrIX	92608	1	0.5	25
	chrIX	92640	0	0.5	25
	chrIX	92646	0	0.5	25
	chrIX	92670	1	0.5	25
	chrIX	92672	0	1.0	25
	chrIX	92677	0	1.0	25
	chrIX	92678	0	0.5	25
	chrIX	92686	1	0.5	25
	chrIX	92688	1	0.5	25
	chrIX	92697	0	0.5	25
	chrIX	92719	1	0.5	25
	chrIX	92727	0	1.0	25
	chrIX	92734	1	0.5	25
	chrIX	92746	1	1.0	25
	chrIX	92760	1	0.5	25
	chrIX	92766	1	0.5	25
	chrIX	92771	1	0.5	25
	chrIX	92795	1	0.5	25
	chrIX	92796	0	0.5	25
	chrIX	92808	0	0.5	25
	chrIX	92819	0	0.5	25
	chrIX	92836	0	1.0	25
	chrIX	92850	0	0.5	25
	chrIX	92852	0	0.5	25
	chrIX	92853	0	0.5	25
	chrIX	92853	1	0.5	25
	chrIX	92854	0	3.0	25
	chrIX	92855	0	7.0	25
	chrIX	92864	0	0.5	25
	chrIX	92868	0	0.5	25
	chrIX	92869	0	0.5	25
	chrIX	92872	0	0.5	25
	chrIX	92876	0	0.5	25
	chrIX	92878	0	0.5	25
	chrIX	92892	0	0.5	25
	chrIX	92893	1	0.5	25
	chrIX	92902	1	0.5	25
	chrIX	92906	0	0.5	25
	chrIX	92912	0	0.5	25
	chrIX	92915	1	1.0	25
	chrIX	92918	1	1.5	25
	chrIX	92919	1	1.0	25
	chrIX	92920	1	1.0	25
	chrIX	92921	1	3.5	25
	chrIX	92922	1	1.0	25
	chrIX	92924	0	1.5	25
	chrIX	92924	1	0.5	25
	chrIX	92925	1	0.5	25
	chrIX	92926	0	0.5	25
	chrIX	92926	1	1.0	25
	chrIX	92934	1	0.5	25
	chrIX	92937	1	0.5	25
	chrIX	92938	1	1.5	25
	chrIX	92939	0	0.5	25
	chrIX	92943	1	0.5	25
	chrIX	92944	0	1.5	25
	chrIX	92944	1	0.5	25
	chrIX	92948	1	0.5	25
	chrIX	92949	1	1.0	25
	chrIX	92950	1	0.5	25
	chrIX	92956	0	0.5	25
	chrIX	92959	1	0.5	25
	chrIX	92960	1	0.5	25
	chrIX	92986	0	0.5	25
	chrIX	93004	0	0.5	25
	chrIX	93006	1	0.5	25
	chrIX	93011	0	0.5	25
	chrIX	93030	1	0.5	25
	chrIX	93040	0	0.5	25
	chrIX	93047	1	0.5	25
	chrIX	93048	0	0.5	25
	chrIX	93060	1	0.5	25
	chrIX	93063	1	0.5	25
	chrIX	93068	0	0.5	25
	chrIX	93080	1	0.5	25
	chrIX	93092	0	0.5	25
	chrIX	93105	1	0.5	25
	chrIX	93110	0	0.5	25
	chrIX	93111	0	0.5	25
	chrIX	93112	0	1.5	25
	chrIX	93113	1	0.5	25
	chrIX	93114	0	1.0	25
	chrIX	93121	1	1.5	25
	chrIX	93123	0	0.5	25
	chrIX	93123	1	1.0	25
	chrIX	93126	0	0.5	25
	chrIX	93134	0	0.5	25
	chrIX	93145	1	0.5	25
	chrIX	93147	0	0.5	25
	chrIX	93161	1	0.5	25
	chrIX	93183	1	0.5	25
	chrIX	93190	1	0.5	25
	chrIX	93230	1	0.5	25
	chrIX	93233	0	1.0	25
	chrIX	93256	0	0.5	25
	chrIX	93264	0	0.5	25
	chrIX	93274	1	0.5	25
	chrIX	93278	1	0.5	25
	chrIX	93280	1	0.5	25
	chrIX	93281	1	0.5	25
	chrIX	93283	1	1.0	25
	chrIX	93285	0	1.5	25
	chrIX	93290	0	1.0	25
	chrIX	93296	1	1.0	25
	chrIX	93310	1	0.5	25
	chrIX	93314	1	1.5	25
	chrIX	93321	1	1.0	25
	chrIX	93329	0	0.5	25
	chrIX	93331	1	0.5	25
	chrIX	93339	0	0.5	25
	chrIX	93363	0	0.5	25
	chrIX	93373	0	0.5	25
	chrIX	93379	0	0.5	25
	chrIX	93390	0	0.5	25
	chrIX	93400	0	0.5	25
	chrIX	93420	0	0.5	25
	chrIX	93426	1	0.5	25
	chrIX	93434	0	1.0	25
	chrIX	93452	1	0.5	25
	chrIX	93455	0	1.5	25
	chrIX	93476	1	0.5	25
	chrIX	93477	0	0.5	25
	chrIX	93479	1	0.5	25
	chrIX	93480	0	0.5	25
	chrIX	93486	1	0.5	25
	chrIX	93493	1	1.0	25
	chrIX	93504	1	0.5	25
	chrIX	93505	1	1.0	25
	chrIX	93507	1	0.5	25
	chrIX	93508	1	1.0	25
	chrIX	93509	0	0.5	25
	chrIX	93510	0	0.5	25
	chrIX	93511	0	0.5	25
	chrIX	93522	0	1.0	25
	chrIX	93532	0	0.5	25
	chrIX	93533	0	0.5	25
	chrIX	93534	0	0.5	25
	chrIX	93551	1	0.5	25
	chrIX	93554	1	0.5	25
	chrIX	93556	1	0.5	25
	chrIX	93560	0	0.5	25
	chrIX	93576	1	0.5	25
	chrIX	93582	1	0.5	25
	chrIX	93584	1	1.0	25
	chrIX	93585	1	0.5	25
	chrIX	93596	0	0.5	25
	chrIX	93604	1	0.5	25
	chrIX	93605	0	0.5	25
	chrIX	93614	1	0.5	25
	chrIX	93632	1	0.5	25
	chrIX	93656	1	0.5	25
	chrIX	93669	0	0.5	25
	chrIX	93672	1	0.5	25
	chrIX	93685	1	1.0	25
	chrIX	93694	1	0.5	25
	chrIX	93711	0	0.5	25
	chrIX	93754	1	0.5	25
	chrIX	93781	0	0.5	25
	chrIX	93782	1	0.5	25
	chrIX	93794	0	0.5	25
	chrIX	93795	0	0.5	25
	chrIX	93800	0	0.5	25
	chrIX	93805	0	0.5	25
	chrIX	93807	0	1.0	25
	chrIX	93809	0	1.5	25
	chrIX	93811	0	0.5	25
	chrIX	93828	0	1.5	25
	chrIX	93831	0	0.5	25
	chrIX	93848	1	0.5	25
	chrIX	93857	1	0.5	25
	chrIX	93861	1	2.0	25
	chrIX	93871	1	0.5	25
	chrIX	93876	0	0.5	25
	chrIX	93876	1	0.5	25
	chrIX	93885	1	1.5	25
	chrIX	93890	1	1.0	25
	chrIX	93894	1	0.5	25
	chrIX	93909	0	0.5	25
	chrIX	93913	0	1.0	25
	chrIX	93939	0	0.5	25
	chrIX	93956	0	0.5	25
	chrIX	93982	1	0.5	25
	chrIX	93985	0	0.5	25
	chrIX	93986	1	0.5	25
	chrIX	93988	1	0.5	25
	chrIX	94011	0	0.5	25
	chrIX	94015	1	0.5	24
	chrIX	94016	1	0.5	25
	chrIX	94035	1	1.0	25
	chrIX	94047	1	0.5	25
	chrIX	94061	0	0.5	25
	chrIX	94147	0	1.0	25
	chrIX	94162	1	0.5	25
	chrIX	94164	1	0.5	25
	chrIX	94175	0	0.5	25
	chrIX	94207	0	0.5	25
	chrIX	94224	1	0.5	25
	chrIX	94225	1	0.5	25
	chrIX	94233	1	0.5	25
	chrIX	94246	1	0.5	25
	chrIX	94294	0	0.5	25
	chrIX	94326	0	0.5	25
	chrIX	94334	0	0.5	25
	chrIX	94340	0	0.5	25
	chrIX	94345	0	0.5	25
	chrIX	94368	0	0.5	25
	chrIX	94376	1	0.5	25
	chrIX	94391	1	0.5	25
	chrIX	94417	1	0.5	25
	chrIX	94424	0	0.5	25
	chrIX	94425	0	0.5	25
	chrIX	94434	1	0.5	25
	chrIX	94471	0	0.5	25
	chrIX	94482	1	0.5	25
	chrIX	94491	0	0.5	25
	chrIX	94492	1	0.5	25
	chrIX	94496	0	0.5	25
	chrIX	94519	1	0.5	25
	chrIX	94534	1	0.5	25
	chrIX	94536	1	0.5	25
	chrIX	94555	0	0.5	25
	chrIX	94556	1	0.5	25
	chrIX	94575	1	0.5	25
	chrIX	94581	0	1.0	25
	chrIX	94618	1	0.5	25
	chrIX	94658	1	1.0	25
	chrIX	94663	1	0.5	25
	chrIX	94696	0	0.5	25
	chrIX	94702	0	0.5	25
	chrIX	94706	0	0.5	25
	chrIX	94707	0	0.5	25
	chrIX	94727	0	0.5	25
	chrIX	94761	1	1.0	25
	chrIX	94762	0	1.0	25
	chrIX	94763	0	0.5	25
	chrIX	94768	1	0.5	25
	chrIX	94792	1	0.5	25
	chrIX	94799	1	0.5	25
	chrIX	94818	1	0.5	25
	chrIX	94823	1	0.5	25
	chrIX	94825	0	1.0	25
	chrIX	94835	0	0.5	25
	chrIX	94843	0	0.5	25
	chrIX	94858	1	0.5	25
	chrIX	94887	0	0.5	25
	chrIX	94887	1	0.5	25
	chrIX	94914	1	1.0	25
	chrIX	94923	0	0.5	25
	chrIX	94933	1	0.5	25
	chrIX	94944	0	0.5	25
	chrIX	94958	1	0.5	25
	chrIX	94980	1	1.0	25
	chrIX	94990	0	0.5	25
	chrIX	95037	0	0.5	25
	chrIX	95063	0	0.5	25
	chrIX	95075	1	0.5	25
	chrIX	95083	1	0.5	25
	chrIX	95089	0	0.5	25
	chrIX	95106	0	0.5	25
	chrIX	95159	1	0.5	25
	chrIX	95169	0	0.5	25
	chrIX	95170	1	0.5	25
	chrIX	95171	0	1.0	25
	chrIX	95175	0	0.5	25
	chrIX	95189	1	0.5	25
	chrIX	95210	1	1.0	25
	chrIX	95229	1	0.5	25
	chrIX	95232	0	0.5	25
	chrIX	95245	0	0.5	25
	chrIX	95267	0	0.5	25
	chrIX	95277	1	0.5	25
	chrIX	95325	1	0.5	25
	chrIX	95329	1	0.5	25
	chrIX	95344	0	0.5	25
	chrIX	95344	1	0.5	25
	chrIX	95362	0	0.5	25
	chrIX	95397	1	0.5	25
	chrIX	95400	0	0.5	25
	chrIX	95446	0	0.5	25
	chrIX	95490	1	0.5	25
	chrIX	95525	1	0.5	25
	chrIX	95647	0	0.5	25
	chrIX	95690	1	0.5	25
	chrIX	95692	0	0.5	25
	chrIX	95720	0	0.5	25
	chrIX	95727	1	0.5	25
	chrIX	95742	1	0.5	25
	chrIX	95769	1	0.5	25
	chrIX	95778	0	0.5	25
	chrIX	95787	0	0.5	25
	chrIX	95837	1	0.5	25
	chrIX	95844	0	0.5	25
	chrIX	95875	1	0.5	25
	chrIX	95880	1	0.5	25
	chrIX	95897	0	0.5	25
	chrIX	95902	0	1.0	25
	chrIX	95978	0	1.0	25
	chrIX	95978	1	1.0	25
	chrIX	95983	0	0.5	25
	chrIX	95987	1	0.5	25
	chrIX	95995	0	0.5	25
	chrIX	96012	0	1.0	25
	chrIX	96053	0	0.5	25
	chrIX	96058	0	0.5	25
	chrIX	96067	1	0.5	25
	chrIX	96071	1	1.0	25
	chrIX	96074	0	0.5	25
	chrIX	96077	0	0.5	25
	chrIX	96077	1	0.5	25
	chrIX	96101	0	0.5	25
	chrIX	96144	1	0.5	25
	chrIX	96145	0	0.5	25
	chrIX	96145	1	0.5	25
	chrIX	96146	1	0.5	25
	chrIX	96147	1	0.5	25
	chrIX	96148	0	0.5	25
	chrIX	96150	0	0.5	25
	chrIX	96151	0	1.0	25
	chrIX	96154	1	0.5	25
	chrIX	96159	0	0.5	25
	chrIX	96165	0	1.0	25
	chrIX	96172	0	0.5	25
	chrIX	96173	0	0.5	25
	chrIX	96205	1	0.5	25
	chrIX	96212	1	0.5	25
	chrIX	96230	1	0.5	25
	chrIX	96237	0	0.5	25
	chrIX	96241	1	1.0	25
	chrIX	96244	0	0.5	25
	chrIX	96254	1	0.5	25
	chrIX	96268	1	0.5	25
	chrIX	96281	0	0.5	25
	chrIX	96298	1	0.5	25
	chrIX	96303	1	0.5	25
	chrIX	96309	1	0.5	25
	chrIX	96318	1	1.0	25
	chrIX	96355	1	0.5	25
	chrIX	96374	0	0.5	25
	chrIX	96404	1	0.5	25
	chrIX	96407	1	0.5	25
	chrIX	96413	1	0.5	25
	chrIX	96421	0	0.5	25
	chrIX	96430	0	0.5	25
	chrIX	96461	0	1.0	25
	chrIX	96468	0	0.5	25
	chrIX	96479	1	0.5	25
	chrIX	96480	0	0.5	25
	chrIX	96487	1	0.5	25
	chrIX	96488	0	0.5	25
	chrIX	96498	0	2.5	25
	chrIX	96499	0	0.5	25
	chrIX	96500	0	0.5	25
	chrIX	96517	1	0.5	25
	chrIX	96525	1	0.5	25
	chrIX	96527	0	2.0	25
	chrIX	96558	1	0.5	25
	chrIX	96559	1	1.0	25
	chrIX	96565	1	0.5	25
	chrIX	96566	1	0.5	25
	chrIX	96567	1	0.5	25
	chrIX	96570	0	0.5	25
	chrIX	96574	1	1.0	25
	chrIX	96575	1	0.5	25
	chrIX	96581	0	1.0	25
	chrIX	96584	1	0.5	25
	chrIX	96585	1	0.5	25
	chrIX	96594	1	0.5	25
	chrIX	96597	0	0.5	25
	chrIX	96597	1	0.5	25
	chrIX	96614	0	0.5	25
	chrIX	96614	1	0.5	25
	chrIX	96638	0	0.5	25
	chrIX	96642	1	0.5	25
	chrIX	96647	0	0.5	25
	chrIX	96649	0	0.5	25
	chrIX	96657	0	0.5	25
	chrIX	96669	1	0.5	25
	chrIX	96673	1	0.5	25
	chrIX	96681	0	0.5	25
	chrIX	96717	1	0.5	25
	chrIX	96727	0	1.0	25
	chrIX	96727	1	0.5	25
	chrIX	96738	1	0.5	25
	chrIX	96740	0	1.0	25
	chrIX	96756	1	0.5	25
	chrIX	96757	0	0.5	25
	chrIX	96758	1	1.0	25
	chrIX	96761	0	0.5	25
	chrIX	96777	0	0.5	25
	chrIX	96780	0	1.0	25
	chrIX	96781	0	0.5	25
	chrIX	96804	1	1.0	25
	chrIX	96805	1	0.5	25
	chrIX	96816	1	0.5	25
	chrIX	96817	0	1.5	25
	chrIX	96818	1	0.5	25
	chrIX	96829	1	0.5	25
	chrIX	96835	0	0.5	25
	chrIX	96853	0	0.5	25
	chrIX	96887	1	1.5	25
	chrIX	96889	0	0.5	25
	chrIX	96895	0	0.5	25
	chrIX	96902	1	0.5	25
	chrIX	96929	0	0.5	25
	chrIX	96929	1	0.5	25
	chrIX	96933	1	0.5	25
	chrIX	96937	1	0.5	25
	chrIX	96938	1	1.0	25
	chrIX	96941	0	0.5	25
	chrIX	96947	0	0.5	25
	chrIX	96947	1	0.5	25
	chrIX	96963	0	1.0	25
	chrIX	96968	0	0.5	25
	chrIX	96971	1	0.5	25
	chrIX	96987	0	0.5	25
	chrIX	96989	0	0.5	25
	chrIX	96993	1	0.5	25
	chrIX	97021	1	0.5	25
	chrIX	97023	0	0.5	25
	chrIX	97023	1	0.5	25
	chrIX	97024	1	0.5	25
	chrIX	97025	1	1.0	25
	chrIX	97027	1	0.5	25
	chrIX	97033	0	0.5	25
	chrIX	97070	1	0.5	25
	chrIX	97080	0	0.5	25
	chrIX	97094	1	0.5	25
	chrIX	97108	1	0.5	25
	chrIX	97130	0	0.5	25
	chrIX	97139	1	0.5	25
	chrIX	97161	0	0.5	23
	chrIX	97168	0	1.0	25
	chrIX	97180	0	0.5	25
	chrIX	97181	0	0.5	25
	chrIX	97181	1	0.5	25
	chrIX	97186	1	0.5	25
	chrIX	97190	0	0.5	25
	chrIX	97212	0	0.5	25
	chrIX	97221	0	0.5	25
	chrIX	97230	0	0.5	25
	chrIX	97231	0	1.5	25
	chrIX	97233	0	0.5	25
	chrIX	97233	1	1.0	25
	chrIX	97239	0	0.5	25
	chrIX	97240	0	0.5	25
	chrIX	97243	0	0.5	25
	chrIX	97244	0	1.0	25
	chrIX	97244	1	1.0	25
	chrIX	97255	1	0.5	25
	chrIX	97260	0	0.5	25
	chrIX	97266	0	0.5	25
	chrIX	97267	0	0.5	25
	chrIX	97272	1	0.5	25
	chrIX	97276	1	0.5	25
	chrIX	97292	0	0.5	25
	chrIX	97294	0	0.5	25
	chrIX	97295	1	0.5	25
	chrIX	97298	0	0.5	25
	chrIX	97302	0	0.5	25
	chrIX	97307	1	1.0	25
	chrIX	97311	1	0.5	25
	chrIX	97317	1	0.5	25
	chrIX	97323	1	0.5	25
	chrIX	97325	1	0.5	25
	chrIX	97326	1	1.0	25
	chrIX	97341	1	0.5	25
	chrIX	97347	0	0.5	25
	chrIX	97351	0	0.5	25
	chrIX	97356	1	0.5	25
	chrIX	97363	1	0.5	25
	chrIX	97372	1	0.5	25
	chrIX	97387	1	0.5	25
	chrIX	97394	0	0.5	25
	chrIX	97394	1	0.5	25
	chrIX	97395	0	0.5	25
	chrIX	97400	0	1.0	25
	chrIX	97434	0	0.5	25
	chrIX	97441	1	1.0	25
	chrIX	97446	1	0.5	25
	chrIX	97460	1	0.5	25
	chrIX	97467	1	0.5	25
	chrIX	97468	0	0.5	25
	chrIX	97481	1	0.5	25
	chrIX	97492	1	0.5	25
	chrIX	97494	1	0.5	25
	chrIX	97523	1	0.5	25
	chrIX	97528	0	0.5	25
	chrIX	97540	0	0.5	25
	chrIX	97550	0	0.5	25
	chrIX	97584	1	0.5	25
	chrIX	97586	1	0.5	25
	chrIX	97597	0	0.5	25
	chrIX	97612	0	0.5	25
	chrIX	97634	1	0.5	25
	chrIX	97639	0	0.5	25
	chrIX	97644	0	0.5	25
	chrIX	97677	1	0.5	25
	chrIX	97680	1	0.5	25
	chrIX	97688	0	0.5	25
	chrIX	97688	1	0.5	25
	chrIX	97706	0	0.5	25
	chrIX	97719	0	0.5	23
	chrIX	97736	1	0.5	25
	chrIX	97737	1	0.5	25
	chrIX	97757	1	0.5	25
	chrIX	97760	0	0.5	25
	chrIX	97768	1	0.5	25
	chrIX	97775	1	0.5	25
	chrIX	97820	0	0.5	25
	chrIX	97841	0	0.5	25
	chrIX	97854	0	0.5	25
	chrIX	97862	1	0.5	25
	chrIX	97900	1	0.5	25
	chrIX	97905	0	0.5	25
	chrIX	97911	1	0.5	25
	chrIX	97943	0	0.5	25
	chrIX	97959	1	0.5	25
	chrIX	97990	1	0.5	25
	chrIX	97995	0	0.5	25
	chrIX	97998	0	0.5	25
	chrIX	98010	0	0.5	25
	chrIX	98013	1	0.5	25
	chrIX	98020	0	0.5	25
	chrIX	98037	1	0.5	25
	chrIX	98063	0	1.0	25
	chrIX	98065	1	0.5	25
	chrIX	98075	0	1.0	25
	chrIX	98080	1	0.5	25
	chrIX	98084	0	0.5	25
	chrIX	98125	1	1.0	25
	chrIX	98173	1	0.5	25
	chrIX	98174	0	0.5	25
	chrIX	98181	1	0.5	25
	chrIX	98185	1	1.0	25
	chrIX	98192	0	0.5	25
	chrIX	98244	0	0.5	25
	chrIX	98248	1	0.5	25
	chrIX	98301	0	0.5	25
	chrIX	98305	0	0.5	25
	chrIX	98316	0	0.5	25
	chrIX	98321	0	0.5	25
	chrIX	98321	1	0.5	25
	chrIX	98322	0	0.5	25
	chrIX	98343	1	0.5	25
	chrIX	98349	1	0.5	25
	chrIX	98351	1	0.5	25
	chrIX	98360	0	1.0	25
	chrIX	98365	1	0.5	25
	chrIX	98374	0	0.5	25
	chrIX	98378	1	0.5	25
	chrIX	98396	0	0.5	25
	chrIX	98422	1	0.5	25
	chrIX	98446	1	0.5	25
	chrIX	98458	1	1.5	25
	chrIX	98471	0	0.5	25
	chrIX	98478	0	0.5	25
	chrIX	98496	0	0.5	25
	chrIX	98503	0	0.5	25
	chrIX	98514	1	0.5	25
	chrIX	98519	0	0.5	25
	chrIX	98533	1	0.5	25
	chrIX	98539	0	0.5	25
	chrIX	98542	0	0.5	25
	chrIX	98547	0	1.0	25
	chrIX	98547	1	0.5	25
	chrIX	98553	1	1.0	25
	chrIX	98582	0	1.0	25
	chrIX	98606	1	0.5	25
	chrIX	98607	1	0.5	25
	chrIX	98627	1	1.0	25
	chrIX	98636	1	0.5	25
	chrIX	98664	0	0.5	25
	chrIX	98667	0	0.5	25
	chrIX	98683	1	1.0	25
	chrIX	98726	1	0.5	25
	chrIX	98732	1	0.5	25
	chrIX	98805	0	0.5	25
	chrIX	98814	0	0.5	25
	chrIX	98823	0	0.5	25
	chrIX	98833	0	0.5	25
	chrIX	98836	0	0.5	25
	chrIX	98847	0	0.5	25
	chrIX	98852	0	0.5	25
	chrIX	98858	1	0.5	25
	chrIX	98873	0	0.5	25
	chrIX	98881	1	0.5	25
	chrIX	98895	1	0.5	25
	chrIX	98899	0	0.5	25
	chrIX	98899	1	0.5	25
	chrIX	98902	0	0.5	25
	chrIX	98930	1	0.5	25
	chrIX	98932	0	0.5	25
	chrIX	98934	0	0.5	25
	chrIX	98938	1	0.5	25
	chrIX	98953	1	0.5	25
	chrIX	98965	1	0.5	25
	chrIX	98968	0	0.5	25
	chrIX	98971	1	0.5	25
	chrIX	98999	0	0.5	25
	chrIX	99004	0	0.5	25
	chrIX	99021	1	0.5	25
	chrIX	99043	1	0.5	25
	chrIX	99044	1	0.5	25
	chrIX	99045	0	1.0	25
	chrIX	99056	1	0.5	25
	chrIX	99062	0	0.5	25
	chrIX	99074	0	0.5	23
	chrIX	99084	1	0.5	25
	chrIX	99093	1	1.0	25
	chrIX	99123	1	0.5	25
	chrIX	99134	1	0.5	25
	chrIX	99151	1	0.5	25
	chrIX	99166	0	0.5	25
	chrIX	99210	0	1.0	25
	chrIX	99213	0	0.5	25
	chrIX	99239	0	0.5	25
	chrIX	99258	0	0.5	25
	chrIX	99280	0	0.5	25
	chrIX	99288	0	0.5	25
	chrIX	99289	0	0.5	25
	chrIX	99308	0	0.5	25
	chrIX	99314	1	0.5	25
	chrIX	99325	0	0.5	25
	chrIX	99331	0	0.5	25
	chrIX	99333	0	0.5	25
	chrIX	99343	1	0.5	25
	chrIX	99350	1	0.5	25
	chrIX	99351	1	0.5	25
	chrIX	99360	0	0.5	25
	chrIX	99367	0	0.5	25
	chrIX	99379	1	0.5	25
	chrIX	99380	0	1.0	25
	chrIX	99391	1	0.5	25
	chrIX	99404	1	0.5	25
	chrIX	99406	1	0.5	25
	chrIX	99438	1	0.5	25
	chrIX	99457	0	0.5	25
	chrIX	99463	0	0.5	25
	chrIX	99464	1	0.5	25
	chrIX	99479	1	0.5	25
	chrIX	99483	0	0.5	25
	chrIX	99497	1	0.5	25
	chrIX	99508	1	0.5	25
	chrIX	99512	1	1.0	25
	chrIX	99519	1	1.0	25
	chrIX	99520	0	1.0	25
	chrIX	99523	0	1.5	25
	chrIX	99536	0	2.5	25
	chrIX	99563	0	0.5	25
	chrIX	99564	0	0.5	25
	chrIX	99575	1	1.0	25
	chrIX	99578	0	0.5	25
	chrIX	99581	1	0.5	25
	chrIX	99582	1	1.0	25
	chrIX	99585	0	0.5	25
	chrIX	99586	0	0.5	25
	chrIX	99589	0	0.5	25
	chrIX	99594	1	0.5	25
	chrIX	99597	0	0.5	25
	chrIX	99612	0	0.5	25
	chrIX	99612	1	1.0	25
	chrIX	99615	1	1.0	25
	chrIX	99621	0	0.5	25
	chrIX	99621	1	0.5	25
	chrIX	99622	0	0.5	25
	chrIX	99623	1	0.5	25
	chrIX	99624	0	1.0	25
	chrIX	99634	1	1.0	25
	chrIX	99636	1	0.5	25
	chrIX	99637	1	0.5	25
	chrIX	99645	0	0.5	25
	chrIX	99647	0	0.5	25
	chrIX	99668	0	1.5	25
	chrIX	99670	0	0.5	25
	chrIX	99670	1	0.5	25
	chrIX	99672	0	0.5	25
	chrIX	99682	1	0.5	25
	chrIX	99683	1	1.0	25
	chrIX	99684	0	0.5	25
	chrIX	99696	1	0.5	25
	chrIX	99708	1	0.5	25
	chrIX	99713	1	0.5	25
	chrIX	99723	1	1.0	25
	chrIX	99733	1	0.5	25
	chrIX	99741	1	1.0	25
	chrIX	99742	0	1.0	25
	chrIX	99745	0	0.5	25
	chrIX	99745	1	0.5	25
	chrIX	99746	0	1.0	25
	chrIX	99752	1	0.5	25
	chrIX	99755	0	0.5	25
	chrIX	99765	0	0.5	25
	chrIX	99767	1	0.5	25
	chrIX	99769	0	0.5	25
	chrIX	99792	0	0.5	25
	chrIX	99795	0	0.5	25
	chrIX	99800	1	0.5	25
	chrIX	99801	0	0.5	25
	chrIX	99804	0	0.5	25
	chrIX	99813	1	0.5	25
	chrIX	99816	0	0.5	25
	chrIX	99833	0	0.5	25
	chrIX	99841	1	0.5	25
	chrIX	99844	1	1.0	25
	chrIX	99857	1	0.5	25
	chrIX	99876	0	0.5	25
	chrIX	99876	1	0.5	25
	chrIX	99886	0	1.0	25
	chrIX	99893	0	0.5	25
	chrIX	99894	1	0.5	25
	chrIX	99895	1	0.5	25
	chrIX	99896	0	0.5	25
	chrIX	99905	1	0.5	25
	chrIX	99915	1	0.5	25
	chrIX	99916	1	0.5	25
	chrIX	99917	1	0.5	25
	chrIX	99923	1	0.5	25
	chrIX	99936	1	0.5	25
	chrIX	99963	0	0.5	25
	chrIX	99963	1	0.5	25
	chrIX	99974	1	0.5	25
	chrIX	99984	0	0.5	25
	chrIX	99991	1	0.5	25
	chrIX	99997	0	0.5	25
	chrIX	100031	0	0.5	25
	chrIX	100052	1	0.5	24
	chrIX	100057	1	0.5	25
	chrIX	100058	1	0.5	25
	chrIX	100061	0	0.5	25
	chrIX	100064	1	0.5	25
	chrIX	100081	1	1.0	25
	chrIX	100104	0	0.5	25
	chrIX	100143	1	0.5	25
	chrIX	100160	0	0.5	25
	chrIX	100216	1	0.5	25
	chrIX	100228	0	0.5	25
	chrIX	100231	0	0.5	25
	chrIX	100233	1	0.5	25
	chrIX	100262	0	0.5	25
	chrIX	100283	1	0.5	25
	chrIX	100286	0	0.5	25
	chrIX	100299	1	0.5	25
	chrIX	100330	0	0.5	25
	chrIX	100335	1	0.5	25
	chrIX	100353	0	0.5	25
	chrIX	100357	1	0.5	25
	chrIX	100365	1	0.5	25
	chrIX	100378	1	0.5	25
	chrIX	100385	0	0.5	25
	chrIX	100388	0	0.5	25
	chrIX	100442	1	0.5	25
	chrIX	100472	0	0.5	25
	chrIX	100494	0	0.5	25
	chrIX	100506	0	0.5	25
	chrIX	100512	1	0.5	25
	chrIX	100550	0	0.5	25
	chrIX	100563	1	0.5	25
	chrIX	100565	1	0.5	25
	chrIX	100569	1	0.5	25
	chrIX	100570	0	0.5	25
	chrIX	100571	0	0.5	25
	chrIX	100585	0	0.5	25
	chrIX	100594	1	0.5	25
	chrIX	100607	0	0.5	25
	chrIX	100609	0	0.5	25
	chrIX	100610	1	0.5	25
	chrIX	100616	1	0.5	25
	chrIX	100623	0	0.5	25
	chrIX	100634	0	1.0	25
	chrIX	100651	1	0.5	25
	chrIX	100658	0	0.5	25
	chrIX	100665	1	0.5	25
	chrIX	100666	0	0.5	25
	chrIX	100667	1	0.5	25
	chrIX	100670	0	0.5	25
	chrIX	100677	1	0.5	25
	chrIX	100682	1	0.5	25
	chrIX	100723	1	0.5	25
	chrIX	100732	1	0.5	25
	chrIX	100733	1	0.5	25
	chrIX	100739	1	0.5	25
	chrIX	100746	1	0.5	25
	chrIX	100760	0	0.5	25
	chrIX	100774	0	0.5	25
	chrIX	100777	0	0.5	25
	chrIX	100787	0	0.5	25
	chrIX	100812	0	1.0	25
	chrIX	100824	1	0.5	25
	chrIX	100833	1	0.5	25
	chrIX	100845	1	0.5	25
	chrIX	100876	1	1.0	25
	chrIX	100903	1	0.5	25
	chrIX	100907	0	0.5	25
	chrIX	100914	0	0.5	25
	chrIX	100916	0	0.5	25
	chrIX	100932	0	0.5	25
	chrIX	100963	0	1.0	25
	chrIX	100963	1	0.5	25
	chrIX	100970	1	0.5	25
	chrIX	100972	0	0.5	25
	chrIX	100979	1	0.5	25
	chrIX	101005	0	0.5	25
	chrIX	101038	0	0.5	25
	chrIX	101042	1	0.5	25
	chrIX	101047	1	0.5	25
	chrIX	101057	1	1.0	25
	chrIX	101066	1	0.5	25
	chrIX	101080	0	0.5	25
	chrIX	101111	1	0.5	25
	chrIX	101132	1	0.5	25
	chrIX	101165	0	0.5	25
	chrIX	101171	0	0.5	25
	chrIX	101214	0	0.5	25
	chrIX	101220	1	0.5	25
	chrIX	101280	0	0.5	25
	chrIX	101312	1	0.5	25
	chrIX	101319	0	0.5	25
	chrIX	101322	0	0.5	25
	chrIX	101330	1	0.5	25
	chrIX	101335	0	0.5	25
	chrIX	101350	0	0.5	25
	chrIX	101394	0	0.5	25
	chrIX	101395	0	1.0	25
	chrIX	101397	1	0.5	25
	chrIX	101410	1	0.5	25
	chrIX	101429	1	0.5	25
	chrIX	101436	0	0.5	25
	chrIX	101438	1	0.5	25
	chrIX	101465	0	0.5	25
	chrIX	101487	0	0.5	25
	chrIX	101497	0	0.5	25
	chrIX	101507	1	0.5	25
	chrIX	101515	1	0.5	25
	chrIX	101524	1	0.5	25
	chrIX	101527	1	0.5	25
	chrIX	101536	0	0.5	25
	chrIX	101545	0	0.5	25
	chrIX	101554	1	0.5	25
	chrIX	101564	1	1.0	25
	chrIX	101570	1	0.5	25
	chrIX	101616	1	0.5	25
	chrIX	101670	0	1.0	25
	chrIX	101680	1	0.5	25
	chrIX	101758	0	0.5	25
	chrIX	101789	1	1.0	25
	chrIX	101802	0	0.5	25
	chrIX	101824	1	0.5	25
	chrIX	101843	0	0.5	25
	chrIX	101907	1	0.5	25
	chrIX	101922	1	0.5	25
	chrIX	101925	0	0.5	25
	chrIX	101965	0	0.5	25
	chrIX	102024	0	0.5	25
	chrIX	102025	0	0.5	25
	chrIX	102032	1	0.5	25
	chrIX	102050	1	0.5	25
	chrIX	102073	0	0.5	25
	chrIX	102091	1	0.5	25
	chrIX	102100	0	0.5	25
	chrIX	102137	1	0.5	25
	chrIX	102146	0	0.5	25
	chrIX	102168	0	0.5	25
	chrIX	102174	1	0.5	25
	chrIX	102187	0	0.5	25
	chrIX	102199	0	1.0	25
	chrIX	102220	1	0.5	25
	chrIX	102227	0	1.0	25
	chrIX	102260	1	0.5	25
	chrIX	102263	1	1.0	25
	chrIX	102301	0	0.5	25
	chrIX	102318	1	0.5	25
	chrIX	102319	0	0.5	25
	chrIX	102320	0	0.5	25
	chrIX	102321	0	0.5	25
	chrIX	102363	0	0.5	25
	chrIX	102363	1	2.5	25
	chrIX	102366	0	0.5	25
	chrIX	102374	0	0.5	25
	chrIX	102379	0	0.5	25
	chrIX	102383	1	0.5	25
	chrIX	102395	0	0.5	25
	chrIX	102396	0	0.5	25
	chrIX	102398	1	0.5	25
	chrIX	102400	0	0.5	25
	chrIX	102415	1	0.5	25
	chrIX	102425	1	0.5	25
	chrIX	102428	1	0.5	25
	chrIX	102454	1	0.5	25
	chrIX	102456	1	1.0	25
	chrIX	102463	0	0.5	25
	chrIX	102465	0	0.5	25
	chrIX	102481	1	0.5	25
	chrIX	102497	0	0.5	25
	chrIX	102516	1	0.5	25
	chrIX	102520	0	0.5	25
	chrIX	102527	0	0.5	24
	chrIX	102556	0	0.5	25
	chrIX	102558	0	0.5	25
	chrIX	102566	0	0.5	25
	chrIX	102571	1	0.5	25
	chrIX	102574	0	0.5	25
	chrIX	102580	1	1.0	25
	chrIX	102582	0	1.0	25
	chrIX	102609	1	0.5	25
	chrIX	102613	0	0.5	25
	chrIX	102613	1	0.5	25
	chrIX	102622	1	0.5	25
	chrIX	102649	0	0.5	25
	chrIX	102649	1	0.5	25
	chrIX	102650	1	0.5	25
	chrIX	102652	0	0.5	25
	chrIX	102652	1	0.5	25
	chrIX	102660	0	0.5	25
	chrIX	102664	0	0.5	25
	chrIX	102673	0	0.5	25
	chrIX	102692	0	0.5	25
	chrIX	102692	1	0.5	25
	chrIX	102695	1	0.5	25
	chrIX	102696	1	0.5	25
	chrIX	102697	0	1.5	25
	chrIX	102699	0	1.5	25
	chrIX	102702	0	1.0	25
	chrIX	102704	0	0.5	25
	chrIX	102707	0	0.5	25
	chrIX	102713	1	0.5	25
	chrIX	102714	1	0.5	25
	chrIX	102721	1	0.5	25
	chrIX	102730	1	0.5	25
	chrIX	102743	1	0.5	25
	chrIX	102749	1	0.5	25
	chrIX	102759	1	0.5	25
	chrIX	102760	1	0.5	25
	chrIX	102761	0	0.5	25
	chrIX	102761	1	0.5	24
	chrIX	102765	1	1.0	25
	chrIX	102774	0	0.5	25
	chrIX	102775	0	0.5	25
	chrIX	102781	0	0.5	25
	chrIX	102781	1	1.5	25
	chrIX	102783	0	0.5	25
	chrIX	102787	1	0.5	25
	chrIX	102817	1	0.5	25
	chrIX	102835	1	1.0	25
	chrIX	102836	0	0.5	25
	chrIX	102854	1	0.5	25
	chrIX	102872	0	0.5	25
	chrIX	102895	0	0.5	25
	chrIX	102914	0	0.5	25
	chrIX	102914	1	1.0	25
	chrIX	102916	0	0.5	25
	chrIX	102922	0	0.5	25
	chrIX	102923	0	0.5	25
	chrIX	102948	1	0.5	25
	chrIX	102956	0	0.5	25
	chrIX	102972	1	0.5	25
	chrIX	102974	1	0.5	25
	chrIX	102985	1	0.5	25
	chrIX	102994	1	0.5	25
	chrIX	103008	1	0.5	25
	chrIX	103101	0	1.0	25
	chrIX	103110	0	0.5	25
	chrIX	103132	1	0.5	25
	chrIX	103188	1	0.5	25
	chrIX	103218	1	1.0	25
	chrIX	103314	0	0.5	25
	chrIX	103337	0	0.5	25
	chrIX	103339	0	0.5	25
	chrIX	103352	0	0.5	25
	chrIX	103362	0	0.5	25
	chrIX	103379	1	0.5	25
	chrIX	103382	1	0.5	25
	chrIX	103400	1	0.5	25
	chrIX	103420	0	0.5	25
	chrIX	103435	1	0.5	25
	chrIX	103467	1	0.5	25
	chrIX	103490	1	0.5	25
	chrIX	103548	0	0.5	25
	chrIX	103584	0	0.5	25
	chrIX	103595	0	0.5	25
	chrIX	103623	1	0.5	25
	chrIX	103633	0	0.5	25
	chrIX	103646	1	0.5	25
	chrIX	103662	0	0.5	25
	chrIX	103669	1	0.5	25
	chrIX	103694	0	0.5	25
	chrIX	103754	1	0.5	25
	chrIX	103776	1	0.5	25
	chrIX	103817	1	0.5	25
	chrIX	103852	0	0.5	25
	chrIX	103862	0	0.5	25
	chrIX	103886	0	0.5	25
	chrIX	103911	0	1.0	25
	chrIX	103951	1	0.5	25
	chrIX	103986	1	0.5	25
	chrIX	103993	0	1.0	25
	chrIX	104000	1	0.5	25
	chrIX	104031	1	0.5	25
	chrIX	104054	0	0.5	25
	chrIX	104057	1	1.0	25
	chrIX	104081	1	0.5	25
	chrIX	104105	0	0.5	25
	chrIX	104173	0	0.5	25
	chrIX	104179	0	0.5	25
	chrIX	104185	1	0.5	25
	chrIX	104219	0	0.5	25
	chrIX	104242	0	0.5	25
	chrIX	104242	1	0.5	25
	chrIX	104251	0	0.5	25
	chrIX	104264	0	0.5	25
	chrIX	104284	1	0.5	25
	chrIX	104314	1	0.5	25
	chrIX	104329	1	0.5	25
	chrIX	104371	0	0.5	25
	chrIX	104372	0	0.5	25
	chrIX	104381	0	1.0	25
	chrIX	104387	1	0.5	25
	chrIX	104396	1	0.5	25
	chrIX	104403	0	0.5	25
	chrIX	104405	0	0.5	25
	chrIX	104414	1	0.5	25
	chrIX	104416	0	0.5	25
	chrIX	104419	1	0.5	25
	chrIX	104422	1	1.0	25
	chrIX	104429	1	0.5	25
	chrIX	104437	0	0.5	25
	chrIX	104459	0	1.0	25
	chrIX	104488	0	0.5	25
	chrIX	104506	1	0.5	25
	chrIX	104522	0	0.5	25
	chrIX	104529	1	0.5	25
	chrIX	104538	0	0.5	25
	chrIX	104546	0	1.0	25
	chrIX	104549	0	0.5	25
	chrIX	104555	1	1.0	25
	chrIX	104567	1	0.5	25
	chrIX	104569	1	0.5	25
	chrIX	104570	1	0.5	25
	chrIX	104593	1	0.5	25
	chrIX	104615	1	0.5	25
	chrIX	104624	0	0.5	25
	chrIX	104625	1	0.5	25
	chrIX	104644	1	0.5	25
	chrIX	104716	1	0.5	25
	chrIX	104725	1	0.5	25
	chrIX	104733	0	0.5	25
	chrIX	104808	1	0.5	25
	chrIX	104831	0	0.5	25
	chrIX	104837	0	0.5	25
	chrIX	104841	0	0.5	25
	chrIX	104889	1	0.5	25
	chrIX	104896	0	0.5	25
	chrIX	104918	0	1.0	25
	chrIX	104922	1	0.5	25
	chrIX	104957	1	0.5	25
	chrIX	104963	0	0.5	25
	chrIX	104970	0	0.5	25
	chrIX	104985	0	0.5	25
	chrIX	105003	1	0.5	25
	chrIX	105006	1	0.5	25
	chrIX	105010	0	0.5	25
	chrIX	105013	0	0.5	25
	chrIX	105034	1	0.5	25
	chrIX	105048	1	0.5	25
	chrIX	105058	1	0.5	25
	chrIX	105089	0	0.5	25
	chrIX	105149	1	0.5	25
	chrIX	105161	0	0.5	25
	chrIX	105176	0	0.5	25
	chrIX	105176	1	0.5	25
	chrIX	105179	1	0.5	25
	chrIX	105197	0	0.5	25
	chrIX	105199	0	0.5	25
	chrIX	105220	1	0.5	25
	chrIX	105221	0	0.5	25
	chrIX	105268	1	0.5	25
	chrIX	105277	1	0.5	25
	chrIX	105278	1	0.5	25
	chrIX	105281	0	0.5	25
	chrIX	105283	1	0.5	25
	chrIX	105291	1	0.5	25
	chrIX	105389	0	0.5	25
	chrIX	105403	0	0.5	25
	chrIX	105419	0	0.5	24
	chrIX	105434	0	0.5	24
	chrIX	105436	1	0.5	25
	chrIX	105437	0	0.5	25
	chrIX	105478	1	0.5	25
	chrIX	105479	1	0.5	25
	chrIX	105513	0	0.5	25
	chrIX	105513	1	0.5	25
	chrIX	105522	1	0.5	25
	chrIX	105524	0	0.5	25
	chrIX	105532	0	0.5	25
	chrIX	105539	0	0.5	25
	chrIX	105556	1	0.5	25
	chrIX	105566	0	0.5	25
	chrIX	105566	1	0.5	25
	chrIX	105575	0	0.5	25
	chrIX	105581	0	1.0	25
	chrIX	105585	0	1.0	25
	chrIX	105596	1	0.5	25
	chrIX	105633	1	0.5	25
	chrIX	105644	1	0.5	25
	chrIX	105649	1	1.0	25
	chrIX	105659	0	0.5	25
	chrIX	105683	1	0.5	25
	chrIX	105687	0	0.5	25
	chrIX	105691	1	0.5	25
	chrIX	105701	1	0.5	25
	chrIX	105707	0	0.5	25
	chrIX	105742	1	0.5	23
	chrIX	105762	1	0.5	25
	chrIX	105775	1	0.5	25
	chrIX	105820	0	0.5	25
	chrIX	105824	0	1.0	25
	chrIX	105842	1	0.5	25
	chrIX	105850	0	0.5	25
	chrIX	105855	0	0.5	25
	chrIX	105857	0	0.5	25
	chrIX	105866	0	0.5	25
	chrIX	105874	0	1.0	25
	chrIX	105883	0	1.5	25
	chrIX	105884	0	1.0	25
	chrIX	105885	0	0.5	25
	chrIX	105893	0	0.5	25
	chrIX	105896	1	0.5	25
	chrIX	105897	1	0.5	25
	chrIX	105900	0	1.0	25
	chrIX	105901	0	1.0	25
	chrIX	105902	0	1.0	25
	chrIX	105912	1	0.5	25
	chrIX	105918	0	3.0	25
	chrIX	105918	1	1.0	25
	chrIX	105919	0	0.5	25
	chrIX	105923	0	0.5	25
	chrIX	105933	0	0.5	25
	chrIX	105934	1	0.5	25
	chrIX	105944	1	0.5	25
	chrIX	105945	0	0.5	25
	chrIX	105945	1	1.0	25
	chrIX	105946	1	0.5	25
	chrIX	105948	1	0.5	25
	chrIX	105959	1	1.0	25
	chrIX	105960	0	0.5	25
	chrIX	105967	1	0.5	24
	chrIX	105967	1	2.5	25
	chrIX	105968	1	0.5	25
	chrIX	105969	1	1.0	25
	chrIX	105972	1	0.5	25
	chrIX	105979	0	0.5	25
	chrIX	105983	0	0.5	25
	chrIX	105983	1	0.5	25
	chrIX	105984	1	0.5	25
	chrIX	105985	1	0.5	25
	chrIX	105987	1	0.5	25
	chrIX	105993	0	0.5	25
	chrIX	105994	0	0.5	25
	chrIX	105994	1	1.0	25
	chrIX	105995	0	0.5	25
	chrIX	105996	1	0.5	25
	chrIX	105997	0	0.5	25
	chrIX	106002	0	0.5	25
	chrIX	106007	0	0.5	25
	chrIX	106008	0	0.5	25
	chrIX	106020	1	0.5	25
	chrIX	106026	0	0.5	25
	chrIX	106027	1	0.5	25
	chrIX	106030	0	0.5	25
	chrIX	106042	1	0.5	25
	chrIX	106045	0	1.0	25
	chrIX	106045	1	0.5	25
	chrIX	106047	1	0.5	25
	chrIX	106050	0	0.5	25
	chrIX	106051	1	0.5	25
	chrIX	106058	1	0.5	25
	chrIX	106070	0	0.5	25
	chrIX	106082	0	0.5	25
	chrIX	106100	1	1.0	25
	chrIX	106104	1	0.5	25
	chrIX	106107	1	1.0	25
	chrIX	106111	0	0.5	25
	chrIX	106130	1	0.5	25
	chrIX	106135	0	0.5	25
	chrIX	106138	0	0.5	25
	chrIX	106151	1	0.5	25
	chrIX	106158	1	0.5	25
	chrIX	106159	1	0.5	25
	chrIX	106169	1	0.5	25
	chrIX	106212	1	1.0	25
	chrIX	106214	0	0.5	25
	chrIX	106216	0	0.5	25
	chrIX	106221	1	0.5	25
	chrIX	106254	1	0.5	25
	chrIX	106287	0	1.0	25
	chrIX	106309	1	0.5	25
	chrIX	106317	1	0.5	25
	chrIX	106318	0	1.0	25
	chrIX	106326	1	0.5	25
	chrIX	106333	0	0.5	25
	chrIX	106339	0	0.5	25
	chrIX	106350	0	0.5	25
	chrIX	106368	0	0.5	25
	chrIX	106372	0	0.5	25
	chrIX	106372	1	1.0	25
	chrIX	106398	1	1.0	25
	chrIX	106405	0	0.5	25
	chrIX	106406	1	0.5	25
	chrIX	106408	0	0.5	25
	chrIX	106418	0	0.5	25
	chrIX	106438	1	0.5	25
	chrIX	106445	1	0.5	25
	chrIX	106481	0	0.5	25
	chrIX	106485	1	0.5	25
	chrIX	106497	0	0.5	25
	chrIX	106509	1	0.5	25
	chrIX	106512	1	0.5	25
	chrIX	106518	1	0.5	25
	chrIX	106519	0	0.5	25
	chrIX	106520	0	0.5	25
	chrIX	106565	0	0.5	25
	chrIX	106573	1	0.5	25
	chrIX	106605	1	0.5	25
	chrIX	106610	1	0.5	25
	chrIX	106628	0	0.5	25
	chrIX	106638	0	0.5	25
	chrIX	106640	1	0.5	25
	chrIX	106655	0	0.5	25
	chrIX	106661	1	0.5	25
	chrIX	106662	0	0.5	25
	chrIX	106665	0	0.5	25
	chrIX	106678	0	0.5	25
	chrIX	106700	0	0.5	25
	chrIX	106704	0	0.5	25
	chrIX	106714	1	0.5	25
	chrIX	106717	0	0.5	25
	chrIX	106719	1	0.5	25
	chrIX	106735	0	0.5	25
	chrIX	106736	1	0.5	25
	chrIX	106744	1	0.5	25
	chrIX	106758	1	0.5	25
	chrIX	106765	1	0.5	25
	chrIX	106792	1	0.5	25
	chrIX	106829	0	0.5	25
	chrIX	106835	1	0.5	25
	chrIX	106841	1	0.5	25
	chrIX	106847	0	0.5	25
	chrIX	106862	0	1.0	25
	chrIX	106871	1	0.5	25
	chrIX	106882	0	0.5	25
	chrIX	106899	1	0.5	25
	chrIX	106901	0	0.5	25
	chrIX	106905	0	0.5	25
	chrIX	106926	0	0.5	25
	chrIX	106932	0	0.5	25
	chrIX	106936	1	0.5	25
	chrIX	106939	1	1.0	25
	chrIX	106957	1	0.5	25
	chrIX	106984	0	0.5	25
	chrIX	106993	1	0.5	25
	chrIX	106998	0	0.5	25
	chrIX	107004	0	0.5	25
	chrIX	107044	0	1.0	25
	chrIX	107060	1	0.5	25
	chrIX	107065	1	0.5	25
	chrIX	107075	1	0.5	25
	chrIX	107084	1	0.5	25
	chrIX	107087	0	0.5	25
	chrIX	107094	0	0.5	25
	chrIX	107098	0	0.5	25
	chrIX	107100	0	0.5	25
	chrIX	107122	1	0.5	25
	chrIX	107133	0	0.5	25
	chrIX	107135	1	0.5	25
	chrIX	107151	0	0.5	25
	chrIX	107161	0	0.5	25
	chrIX	107162	1	0.5	25
	chrIX	107191	1	0.5	25
	chrIX	107192	1	1.0	25
	chrIX	107210	1	0.5	25
	chrIX	107211	1	1.0	25
	chrIX	107220	0	0.5	25
	chrIX	107220	1	1.0	25
	chrIX	107237	0	1.0	25
	chrIX	107241	0	0.5	25
	chrIX	107251	0	0.5	25
	chrIX	107279	0	0.5	25
	chrIX	107299	0	0.5	25
	chrIX	107304	1	0.5	25
	chrIX	107313	1	0.5	25
	chrIX	107328	1	1.0	25
	chrIX	107332	0	0.5	25
	chrIX	107333	0	0.5	25
	chrIX	107346	1	0.5	25
	chrIX	107347	1	0.5	25
	chrIX	107373	1	0.5	25
	chrIX	107407	1	0.5	25
	chrIX	107463	1	0.5	25
	chrIX	107499	0	0.5	25
	chrIX	107535	1	0.5	25
	chrIX	107575	0	0.5	25
	chrIX	107587	0	0.5	25
	chrIX	107608	1	0.5	25
	chrIX	107612	0	0.5	25
	chrIX	107661	0	0.5	25
	chrIX	107666	1	0.5	25
	chrIX	107671	0	0.5	25
	chrIX	107672	1	0.5	25
	chrIX	107725	1	0.5	25
	chrIX	107734	0	0.5	25
	chrIX	107738	0	0.5	25
	chrIX	107769	0	0.5	25
	chrIX	107776	0	0.5	25
	chrIX	107785	0	0.5	25
	chrIX	107786	1	0.5	25
	chrIX	107794	0	1.0	25
	chrIX	107807	1	0.5	25
	chrIX	107815	0	0.5	25
	chrIX	107822	1	0.5	25
	chrIX	107824	1	0.5	25
	chrIX	107826	1	0.5	25
	chrIX	107831	0	0.5	25
	chrIX	107852	1	0.5	25
	chrIX	107861	1	0.5	25
	chrIX	107868	1	0.5	25
	chrIX	107886	1	0.5	25
	chrIX	107936	0	2.0	25
	chrIX	107940	0	0.5	25
	chrIX	107946	1	0.5	25
	chrIX	107956	0	0.5	25
	chrIX	107959	0	0.5	25
	chrIX	107961	0	0.5	25
	chrIX	108000	1	2.0	25
	chrIX	108004	1	0.5	25
	chrIX	108029	1	1.0	25
	chrIX	108038	0	0.5	25
	chrIX	108042	1	0.5	25
	chrIX	108046	0	0.5	25
	chrIX	108078	1	0.5	25
	chrIX	108085	0	0.5	25
	chrIX	108115	1	0.5	25
	chrIX	108153	1	0.5	25
	chrIX	108163	1	0.5	25
	chrIX	108185	0	0.5	25
	chrIX	108189	0	0.5	25
	chrIX	108255	1	0.5	25
	chrIX	108287	0	0.5	25
	chrIX	108334	0	0.5	25
	chrIX	108347	0	0.5	25
	chrIX	108393	1	0.5	25
	chrIX	108396	0	1.5	25
	chrIX	108400	1	0.5	25
	chrIX	108443	0	0.5	25
	chrIX	108447	0	0.5	25
	chrIX	108459	1	1.5	25
	chrIX	108463	1	0.5	25
	chrIX	108465	0	1.0	25
	chrIX	108485	0	0.5	25
	chrIX	108503	1	0.5	25
	chrIX	108510	1	0.5	25
	chrIX	108532	0	0.5	24
	chrIX	108537	1	1.0	25
	chrIX	108551	1	0.5	25
	chrIX	108552	1	0.5	25
	chrIX	108601	0	0.5	25
	chrIX	108605	0	0.5	25
	chrIX	108609	0	0.5	25
	chrIX	108617	1	0.5	25
	chrIX	108627	0	1.0	25
	chrIX	108646	1	0.5	25
	chrIX	108681	0	0.5	25
	chrIX	108682	1	0.5	25
	chrIX	108684	1	0.5	25
	chrIX	108688	1	0.5	25
	chrIX	108690	0	0.5	25
	chrIX	108719	0	0.5	25
	chrIX	108751	0	0.5	25
	chrIX	108753	1	0.5	25
	chrIX	108765	0	0.5	25
	chrIX	108788	1	0.5	25
	chrIX	108808	0	0.5	25
	chrIX	108823	1	0.5	25
	chrIX	108835	1	0.5	25
	chrIX	108843	0	0.5	25
	chrIX	108853	0	0.5	25
	chrIX	108862	1	0.5	25
	chrIX	108864	0	0.5	25
	chrIX	108864	1	0.5	25
	chrIX	108904	1	0.5	25
	chrIX	108923	1	0.5	25
	chrIX	108950	1	0.5	25
	chrIX	108951	0	0.5	25
	chrIX	108953	1	0.5	25
	chrIX	108967	0	0.5	25
	chrIX	108974	0	0.5	25
	chrIX	109001	0	0.5	25
	chrIX	109006	0	1.0	25
	chrIX	109007	0	0.5	25
	chrIX	109021	1	0.5	25
	chrIX	109037	1	0.5	25
	chrIX	109053	0	0.5	25
	chrIX	109064	0	0.5	25
	chrIX	109071	1	0.5	25
	chrIX	109078	0	1.0	25
	chrIX	109085	1	1.0	25
	chrIX	109104	0	0.5	25
	chrIX	109126	1	0.5	25
	chrIX	109137	1	0.5	25
	chrIX	109139	1	0.5	25
	chrIX	109143	0	0.5	25
	chrIX	109145	0	0.5	25
	chrIX	109147	1	0.5	25
	chrIX	109153	0	1.0	25
	chrIX	109181	1	0.5	25
	chrIX	109202	1	1.0	25
	chrIX	109209	0	0.5	25
	chrIX	109219	0	1.5	25
	chrIX	109223	0	0.5	25
	chrIX	109246	1	0.5	25
	chrIX	109248	1	0.5	25
	chrIX	109285	0	0.5	25
	chrIX	109317	1	0.5	25
	chrIX	109358	1	0.5	25
	chrIX	109365	1	0.5	25
	chrIX	109369	0	0.5	25
	chrIX	109370	0	1.0	25
	chrIX	109374	1	1.5	25
	chrIX	109392	1	1.0	25
	chrIX	109432	1	1.0	25
	chrIX	109440	1	0.5	25
	chrIX	109507	0	0.5	25
	chrIX	109530	0	0.5	25
	chrIX	109538	0	0.5	25
	chrIX	109550	0	0.5	25
	chrIX	109561	0	0.5	25
	chrIX	109587	1	0.5	25
	chrIX	109594	1	0.5	25
	chrIX	109603	1	0.5	25
	chrIX	109619	0	0.5	25
	chrIX	109629	0	0.5	25
	chrIX	109647	1	0.5	25
	chrIX	109654	1	0.5	25
	chrIX	109655	0	0.5	25
	chrIX	109696	0	0.5	25
	chrIX	109710	1	0.5	25
	chrIX	109729	1	0.5	25
	chrIX	109734	0	0.5	25
	chrIX	109758	1	0.5	25
	chrIX	109759	1	0.5	25
	chrIX	109780	1	0.5	25
	chrIX	109807	0	0.5	25
	chrIX	109812	0	1.0	25
	chrIX	109827	0	1.5	25
	chrIX	109876	1	0.5	25
	chrIX	109880	1	0.5	25
	chrIX	109887	0	0.5	25
	chrIX	109889	1	1.0	25
	chrIX	109894	1	0.5	25
	chrIX	109917	1	0.5	25
	chrIX	109926	1	0.5	25
	chrIX	109948	0	0.5	25
	chrIX	109982	0	0.5	25
	chrIX	110002	0	0.5	25
	chrIX	110004	1	0.5	25
	chrIX	110024	0	0.5	25
	chrIX	110035	1	0.5	25
	chrIX	110037	0	1.0	25
	chrIX	110088	1	0.5	25
	chrIX	110101	0	0.5	25
	chrIX	110114	0	0.5	25
	chrIX	110126	0	0.5	25
	chrIX	110136	0	0.5	25
	chrIX	110144	1	0.5	25
	chrIX	110164	1	0.5	25
	chrIX	110191	0	1.0	25
	chrIX	110199	1	0.5	25
	chrIX	110200	1	0.5	25
	chrIX	110201	0	0.5	25
	chrIX	110213	1	0.5	25
	chrIX	110215	0	0.5	25
	chrIX	110215	1	0.5	25
	chrIX	110222	1	0.5	25
	chrIX	110226	0	0.5	25
	chrIX	110237	0	0.5	25
	chrIX	110253	0	0.5	25
	chrIX	110283	1	1.0	25
	chrIX	110308	1	1.0	25
	chrIX	110319	0	0.5	25
	chrIX	110330	1	1.0	25
	chrIX	110340	0	1.0	25
	chrIX	110354	0	0.5	25
	chrIX	110357	0	0.5	25
	chrIX	110367	1	0.5	25
	chrIX	110425	0	0.5	25
	chrIX	110439	1	0.5	25
	chrIX	110444	1	1.0	25
	chrIX	110445	1	0.5	25
	chrIX	110463	1	0.5	25
	chrIX	110482	1	0.5	25
	chrIX	110486	0	0.5	25
	chrIX	110489	0	0.5	25
	chrIX	110533	0	0.5	25
	chrIX	110538	1	0.5	25
	chrIX	110557	0	0.5	25
	chrIX	110584	1	0.5	25
	chrIX	110591	0	0.5	25
	chrIX	110600	0	0.5	25
	chrIX	110636	0	0.5	25
	chrIX	110643	0	0.5	25
	chrIX	110645	0	0.5	25
	chrIX	110646	1	1.0	25
	chrIX	110654	0	0.5	25
	chrIX	110668	0	0.5	25
	chrIX	110672	1	0.5	25
	chrIX	110679	0	0.5	25
	chrIX	110683	1	0.5	25
	chrIX	110693	0	0.5	25
	chrIX	110694	0	0.5	25
	chrIX	110698	0	1.0	25
	chrIX	110702	1	0.5	25
	chrIX	110708	1	0.5	25
	chrIX	110709	1	1.0	25
	chrIX	110721	0	1.0	25
	chrIX	110729	0	0.5	25
	chrIX	110732	1	0.5	25
	chrIX	110733	0	0.5	25
	chrIX	110746	0	1.5	25
	chrIX	110752	1	0.5	25
	chrIX	110759	0	0.5	25
	chrIX	110780	1	0.5	25
	chrIX	110785	1	0.5	25
	chrIX	110790	1	0.5	25
	chrIX	110798	1	1.0	25
	chrIX	110824	1	0.5	25
	chrIX	110859	1	0.5	25
	chrIX	110884	1	0.5	25
	chrIX	110886	1	0.5	25
	chrIX	110895	0	0.5	25
	chrIX	110917	0	0.5	25
	chrIX	110937	1	1.0	25
	chrIX	110966	0	0.5	25
	chrIX	110972	1	0.5	25
	chrIX	110984	0	0.5	25
	chrIX	110985	0	0.5	25
	chrIX	111004	1	0.5	25
	chrIX	111011	1	1.0	25
	chrIX	111032	1	0.5	25
	chrIX	111037	1	0.5	25
	chrIX	111039	0	0.5	25
	chrIX	111063	0	1.0	25
	chrIX	111102	1	0.5	25
	chrIX	111110	0	0.5	25
	chrIX	111117	0	0.5	25
	chrIX	111118	0	0.5	25
	chrIX	111132	1	0.5	25
	chrIX	111189	1	0.5	25
	chrIX	111200	1	0.5	25
	chrIX	111213	1	0.5	25
	chrIX	111246	0	0.5	25
	chrIX	111281	1	0.5	25
	chrIX	111299	0	0.5	25
	chrIX	111301	1	0.5	25
	chrIX	111307	0	0.5	25
	chrIX	111316	0	0.5	25
	chrIX	111339	0	0.5	25
	chrIX	111353	1	0.5	25
	chrIX	111357	0	0.5	25
	chrIX	111384	1	0.5	25
	chrIX	111388	1	0.5	25
	chrIX	111400	1	0.5	25
	chrIX	111427	1	0.5	25
	chrIX	111432	0	0.5	25
	chrIX	111455	0	0.5	25
	chrIX	111476	0	0.5	25
	chrIX	111482	0	0.5	25
	chrIX	111492	0	1.0	25
	chrIX	111495	0	0.5	25
	chrIX	111503	0	0.5	25
	chrIX	111523	1	0.5	25
	chrIX	111544	0	0.5	25
	chrIX	111544	1	0.5	25
	chrIX	111549	0	0.5	25
	chrIX	111549	1	0.5	25
	chrIX	111554	1	0.5	25
	chrIX	111557	1	0.5	25
	chrIX	111574	1	0.5	25
	chrIX	111576	0	0.5	25
	chrIX	111591	1	1.0	25
	chrIX	111603	1	0.5	25
	chrIX	111606	1	0.5	25
	chrIX	111633	1	0.5	25
	chrIX	111641	0	0.5	25
	chrIX	111713	0	0.5	25
	chrIX	111736	0	0.5	25
	chrIX	111742	1	0.5	25
	chrIX	111770	1	0.5	25
	chrIX	111777	1	0.5	25
	chrIX	111780	0	0.5	25
	chrIX	111794	0	0.5	25
	chrIX	111819	0	0.5	25
	chrIX	111842	0	0.5	25
	chrIX	111853	1	0.5	25
	chrIX	111858	0	0.5	25
	chrIX	111880	0	0.5	25
	chrIX	111904	1	0.5	25
	chrIX	111921	0	0.5	25
	chrIX	111923	0	0.5	25
	chrIX	111926	0	0.5	25
	chrIX	111950	1	0.5	25
	chrIX	111962	1	1.0	25
	chrIX	111982	0	0.5	25
	chrIX	112002	0	0.5	25
	chrIX	112008	0	0.5	25
	chrIX	112019	1	0.5	25
	chrIX	112026	0	0.5	25
	chrIX	112042	1	0.5	25
	chrIX	112049	1	0.5	25
	chrIX	112065	0	0.5	25
	chrIX	112069	1	0.5	25
	chrIX	112086	0	0.5	25
	chrIX	112089	1	0.5	25
	chrIX	112095	0	0.5	25
	chrIX	112109	1	0.5	25
	chrIX	112114	1	0.5	25
	chrIX	112115	1	0.5	25
	chrIX	112161	1	0.5	25
	chrIX	112177	0	0.5	25
	chrIX	112193	1	0.5	25
	chrIX	112239	1	0.5	25
	chrIX	112240	0	0.5	25
	chrIX	112254	0	0.5	25
	chrIX	112287	0	1.0	25
	chrIX	112288	1	0.5	25
	chrIX	112301	0	0.5	25
	chrIX	112324	1	0.5	25
	chrIX	112338	0	0.5	25
	chrIX	112379	0	0.5	25
	chrIX	112387	0	0.5	25
	chrIX	112387	1	0.5	25
	chrIX	112392	1	0.5	25
	chrIX	112402	1	0.5	25
	chrIX	112406	0	0.5	25
	chrIX	112434	1	0.5	25
	chrIX	112479	1	0.5	25
	chrIX	112483	1	0.5	25
	chrIX	112489	0	0.5	25
	chrIX	112512	0	0.5	25
	chrIX	112517	0	0.5	25
	chrIX	112544	1	1.0	25
	chrIX	112546	1	0.5	25
	chrIX	112554	0	1.0	25
	chrIX	112560	0	1.0	25
	chrIX	112579	1	0.5	25
	chrIX	112587	1	0.5	25
	chrIX	112593	0	0.5	25
	chrIX	112603	1	1.0	25
	chrIX	112647	0	0.5	25
	chrIX	112652	1	0.5	25
	chrIX	112676	0	0.5	25
	chrIX	112699	1	1.0	25
	chrIX	112711	1	0.5	25
	chrIX	112759	0	0.5	25
	chrIX	112773	0	0.5	25
	chrIX	112788	1	0.5	25
	chrIX	112792	0	0.5	25
	chrIX	112807	0	1.0	25
	chrIX	112811	0	0.5	25
	chrIX	112826	0	0.5	25
	chrIX	112829	0	0.5	25
	chrIX	112833	1	0.5	25
	chrIX	112846	1	0.5	25
	chrIX	112853	1	0.5	25
	chrIX	112872	1	0.5	25
	chrIX	112878	1	1.0	25
	chrIX	112912	0	0.5	25
	chrIX	112914	1	0.5	25
	chrIX	112963	1	0.5	25
	chrIX	112978	1	0.5	25
	chrIX	112989	0	0.5	25
	chrIX	112990	0	0.5	25
	chrIX	113035	0	1.0	25
	chrIX	113048	1	0.5	25
	chrIX	113050	0	0.5	25
	chrIX	113071	0	0.5	25
	chrIX	113103	0	0.5	25
	chrIX	113115	1	0.5	25
	chrIX	113116	0	0.5	25
	chrIX	113117	1	0.5	25
	chrIX	113131	1	0.5	25
	chrIX	113171	1	0.5	25
	chrIX	113194	0	0.5	25
	chrIX	113203	0	0.5	25
	chrIX	113217	1	0.5	25
	chrIX	113240	0	0.5	25
	chrIX	113249	0	0.5	25
	chrIX	113259	1	0.5	25
	chrIX	113271	1	0.5	25
	chrIX	113275	0	0.5	25
	chrIX	113302	1	0.5	25
	chrIX	113309	0	0.5	25
	chrIX	113313	0	0.5	25
	chrIX	113324	1	0.5	25
	chrIX	113338	0	1.0	25
	chrIX	113354	0	0.5	25
	chrIX	113370	1	0.5	25
	chrIX	113371	1	0.5	25
	chrIX	113376	1	1.0	25
	chrIX	113378	0	1.5	25
	chrIX	113379	0	0.5	25
	chrIX	113380	0	0.5	25
	chrIX	113383	1	0.5	25
	chrIX	113391	0	1.0	25
	chrIX	113399	0	2.5	25
	chrIX	113399	1	0.5	25
	chrIX	113400	0	2.0	25
	chrIX	113400	1	0.5	25
	chrIX	113401	0	0.5	25
	chrIX	113402	0	1.5	25
	chrIX	113404	0	0.5	25
	chrIX	113405	0	0.5	25
	chrIX	113406	0	0.5	25
	chrIX	113408	0	0.5	25
	chrIX	113445	1	0.5	25
	chrIX	113447	1	2.0	25
	chrIX	113448	1	5.0	25
	chrIX	113449	0	1.0	25
	chrIX	113449	1	1.0	25
	chrIX	113451	1	0.5	25
	chrIX	113454	1	0.5	25
	chrIX	113468	1	0.5	25
	chrIX	113470	0	0.5	25
	chrIX	113473	1	1.0	25
	chrIX	113485	1	0.5	25
	chrIX	113486	0	0.5	25
	chrIX	113492	0	1.0	25
	chrIX	113533	0	0.5	25
	chrIX	113536	0	0.5	25
	chrIX	113551	1	1.0	25
	chrIX	113566	0	0.5	25
	chrIX	113595	1	0.5	25
	chrIX	113598	1	0.5	25
	chrIX	113606	1	1.0	25
	chrIX	113607	0	1.0	25
	chrIX	113612	0	1.5	25
	chrIX	113618	0	0.5	25
	chrIX	113619	0	1.0	25
	chrIX	113623	1	0.5	25
	chrIX	113650	1	0.5	25
	chrIX	113667	1	0.5	25
	chrIX	113669	0	1.0	25
	chrIX	113672	1	0.5	25
	chrIX	113676	1	0.5	25
	chrIX	113678	0	0.5	25
	chrIX	113682	1	0.5	25
	chrIX	113684	1	0.5	25
	chrIX	113687	1	0.5	25
	chrIX	113688	0	0.5	25
	chrIX	113691	1	0.5	25
	chrIX	113696	1	0.5	25
	chrIX	113699	1	1.0	25
	chrIX	113707	0	1.0	25
	chrIX	113721	0	0.5	25
	chrIX	113727	1	1.0	25
	chrIX	113728	0	0.5	25
	chrIX	113745	0	0.5	25
	chrIX	113772	1	0.5	25
	chrIX	113792	1	1.0	25
	chrIX	113795	1	0.5	25
	chrIX	113796	1	0.5	25
	chrIX	113839	1	0.5	25
	chrIX	113842	1	0.5	25
	chrIX	113844	1	0.5	25
	chrIX	113862	0	1.0	25
	chrIX	113954	1	0.5	25
	chrIX	113955	0	0.5	25
	chrIX	113999	0	0.5	25
	chrIX	114024	0	0.5	25
	chrIX	114034	1	1.0	25
	chrIX	114044	0	0.5	25
	chrIX	114045	0	0.5	25
	chrIX	114050	0	0.5	25
	chrIX	114060	0	0.5	25
	chrIX	114069	0	0.5	25
	chrIX	114073	1	0.5	25
	chrIX	114091	1	0.5	25
	chrIX	114104	1	0.5	25
	chrIX	114115	1	0.5	25
	chrIX	114116	0	0.5	25
	chrIX	114122	0	0.5	25
	chrIX	114145	1	0.5	25
	chrIX	114147	1	0.5	25
	chrIX	114154	1	0.5	25
	chrIX	114166	0	0.5	25
	chrIX	114223	0	0.5	25
	chrIX	114224	1	0.5	25
	chrIX	114234	0	0.5	25
	chrIX	114242	1	0.5	25
	chrIX	114254	0	0.5	25
	chrIX	114270	0	0.5	25
	chrIX	114279	0	1.0	25
	chrIX	114280	0	0.5	25
	chrIX	114314	1	0.5	25
	chrIX	114324	1	0.5	25
	chrIX	114326	0	0.5	25
	chrIX	114328	1	0.5	25
	chrIX	114330	1	0.5	25
	chrIX	114331	0	0.5	25
	chrIX	114340	1	0.5	25
	chrIX	114341	1	0.5	25
	chrIX	114348	1	0.5	25
	chrIX	114387	1	0.5	25
	chrIX	114404	1	0.5	25
	chrIX	114443	0	1.0	25
	chrIX	114467	0	0.5	25
	chrIX	114480	1	0.5	25
	chrIX	114483	1	0.5	25
	chrIX	114486	0	0.5	25
	chrIX	114488	1	0.5	25
	chrIX	114500	0	0.5	25
	chrIX	114523	0	0.5	25
	chrIX	114527	0	0.5	25
	chrIX	114540	0	0.5	25
	chrIX	114555	0	0.5	25
	chrIX	114557	1	0.5	25
	chrIX	114569	1	0.5	25
	chrIX	114582	0	0.5	25
	chrIX	114583	1	0.5	25
	chrIX	114595	0	0.5	25
	chrIX	114598	1	0.5	25
	chrIX	114602	0	0.5	25
	chrIX	114623	1	0.5	25
	chrIX	114629	1	0.5	25
	chrIX	114653	1	0.5	25
	chrIX	114656	1	0.5	25
	chrIX	114657	0	0.5	25
	chrIX	114689	1	0.5	25
	chrIX	114691	0	0.5	25
	chrIX	114726	0	0.5	25
	chrIX	114735	1	0.5	25
	chrIX	114737	0	0.5	25
	chrIX	114739	0	0.5	25
	chrIX	114746	0	0.5	25
	chrIX	114752	0	0.5	25
	chrIX	114767	1	0.5	25
	chrIX	114771	0	0.5	25
	chrIX	114802	1	0.5	25
	chrIX	114809	1	0.5	25
	chrIX	114817	0	0.5	25
	chrIX	114820	0	0.5	25
	chrIX	114822	1	0.5	25
	chrIX	114826	1	0.5	25
	chrIX	114835	1	0.5	25
	chrIX	114836	1	0.5	25
	chrIX	114841	0	0.5	25
	chrIX	114856	0	0.5	25
	chrIX	114869	0	1.0	25
	chrIX	114871	1	0.5	25
	chrIX	114874	0	0.5	25
	chrIX	114876	0	0.5	25
	chrIX	114887	1	0.5	25
	chrIX	114890	0	0.5	25
	chrIX	114899	0	0.5	25
	chrIX	114900	1	1.0	25
	chrIX	114902	0	1.0	25
	chrIX	114906	1	0.5	25
	chrIX	114911	1	0.5	25
	chrIX	114917	0	0.5	25
	chrIX	114924	1	0.5	25
	chrIX	114936	1	0.5	25
	chrIX	114939	0	0.5	25
	chrIX	114941	1	0.5	25
	chrIX	114944	0	0.5	25
	chrIX	114957	1	0.5	25
	chrIX	114978	0	0.5	25
	chrIX	114984	1	0.5	25
	chrIX	114986	1	0.5	25
	chrIX	115009	1	0.5	25
	chrIX	115011	1	1.0	25
	chrIX	115021	0	0.5	25
	chrIX	115050	0	0.5	25
	chrIX	115065	0	0.5	25
	chrIX	115079	0	0.5	25
	chrIX	115090	1	0.5	25
	chrIX	115130	1	0.5	25
	chrIX	115138	1	0.5	25
	chrIX	115150	0	0.5	25
	chrIX	115174	1	0.5	25
	chrIX	115243	0	0.5	25
	chrIX	115252	1	0.5	25
	chrIX	115273	0	0.5	25
	chrIX	115279	0	0.5	25
	chrIX	115289	1	0.5	25
	chrIX	115305	1	0.5	25
	chrIX	115306	0	0.5	25
	chrIX	115330	0	0.5	25
	chrIX	115330	1	0.5	25
	chrIX	115334	0	0.5	25
	chrIX	115343	0	0.5	25
	chrIX	115355	1	0.5	25
	chrIX	115357	1	0.5	25
	chrIX	115360	0	0.5	25
	chrIX	115373	1	0.5	24
	chrIX	115383	1	0.5	25
	chrIX	115407	0	1.0	25
	chrIX	115421	1	0.5	25
	chrIX	115423	1	0.5	25
	chrIX	115427	0	0.5	25
	chrIX	115427	1	0.5	25
	chrIX	115449	1	1.0	25
	chrIX	115450	0	0.5	25
	chrIX	115490	0	0.5	25
	chrIX	115505	0	1.0	25
	chrIX	115518	1	0.5	25
	chrIX	115526	0	0.5	25
	chrIX	115539	1	0.5	25
	chrIX	115551	0	0.5	25
	chrIX	115553	0	0.5	25
	chrIX	115564	0	0.5	25
	chrIX	115570	1	0.5	25
	chrIX	115583	0	0.5	25
	chrIX	115594	0	0.5	25
	chrIX	115595	1	0.5	25
	chrIX	115600	0	0.5	25
	chrIX	115600	1	1.0	25
	chrIX	115617	1	1.0	25
	chrIX	115618	0	0.5	25
	chrIX	115618	1	0.5	25
	chrIX	115619	1	0.5	25
	chrIX	115628	0	0.5	25
	chrIX	115677	1	0.5	25
	chrIX	115682	1	0.5	25
	chrIX	115687	1	0.5	25
	chrIX	115689	1	0.5	25
	chrIX	115704	0	0.5	25
	chrIX	115706	0	0.5	25
	chrIX	115725	0	0.5	25
	chrIX	115736	0	0.5	25
	chrIX	115745	0	0.5	25
	chrIX	115747	1	0.5	25
	chrIX	115749	1	0.5	25
	chrIX	115752	0	0.5	25
	chrIX	115764	0	0.5	25
	chrIX	115776	0	0.5	25
	chrIX	115783	0	0.5	25
	chrIX	115793	1	0.5	25
	chrIX	115797	0	0.5	25
	chrIX	115797	1	0.5	25
	chrIX	115810	0	1.0	25
	chrIX	115819	1	0.5	25
	chrIX	115827	1	0.5	25
	chrIX	115836	1	0.5	25
	chrIX	115857	0	0.5	25
	chrIX	115860	0	0.5	25
	chrIX	115892	0	0.5	25
	chrIX	115893	0	0.5	25
	chrIX	115894	0	0.5	25
	chrIX	115905	1	1.0	25
	chrIX	115906	1	0.5	25
	chrIX	115908	1	0.5	25
	chrIX	115918	0	0.5	25
	chrIX	115920	0	0.5	25
	chrIX	115953	1	0.5	25
	chrIX	115956	1	0.5	25
	chrIX	115957	1	0.5	25
	chrIX	115960	1	1.0	25
	chrIX	115982	1	0.5	25
	chrIX	115983	0	0.5	25
	chrIX	115984	0	0.5	25
	chrIX	115999	1	0.5	25
	chrIX	116013	0	1.0	25
	chrIX	116015	1	0.5	25
	chrIX	116052	0	1.0	25
	chrIX	116105	0	0.5	25
	chrIX	116108	1	1.0	25
	chrIX	116153	0	0.5	25
	chrIX	116159	1	0.5	25
	chrIX	116162	1	1.0	25
	chrIX	116175	1	0.5	25
	chrIX	116203	1	0.5	25
	chrIX	116238	0	0.5	25
	chrIX	116256	1	0.5	25
	chrIX	116283	0	0.5	25
	chrIX	116291	0	0.5	25
	chrIX	116304	0	1.0	25
	chrIX	116321	0	0.5	25
	chrIX	116349	0	0.5	25
	chrIX	116363	1	0.5	25
	chrIX	116365	0	0.5	25
	chrIX	116365	1	1.0	25
	chrIX	116376	1	0.5	25
	chrIX	116397	1	0.5	25
	chrIX	116421	1	0.5	25
	chrIX	116431	1	0.5	25
	chrIX	116441	0	0.5	25
	chrIX	116458	0	0.5	25
	chrIX	116460	0	0.5	25
	chrIX	116478	0	1.0	25
	chrIX	116526	1	1.0	25
	chrIX	116527	1	0.5	25
	chrIX	116542	0	1.0	25
	chrIX	116553	0	0.5	25
	chrIX	116560	1	0.5	25
	chrIX	116596	1	1.0	25
	chrIX	116618	0	0.5	25
	chrIX	116619	0	0.5	25
	chrIX	116631	0	0.5	25
	chrIX	116652	0	0.5	25
	chrIX	116692	1	0.5	25
	chrIX	116702	1	1.0	25
	chrIX	116710	1	0.5	25
	chrIX	116717	1	0.5	25
	chrIX	116727	1	0.5	25
	chrIX	116732	0	0.5	25
	chrIX	116736	0	0.5	25
	chrIX	116741	0	0.5	25
	chrIX	116748	0	0.5	25
	chrIX	116752	0	0.5	25
	chrIX	116753	0	1.0	25
	chrIX	116764	1	0.5	25
	chrIX	116799	0	0.5	25
	chrIX	116805	1	0.5	25
	chrIX	116809	0	0.5	25
	chrIX	116814	0	1.0	25
	chrIX	116820	0	1.0	25
	chrIX	116823	1	1.0	25
	chrIX	116825	1	0.5	25
	chrIX	116841	0	0.5	25
	chrIX	116841	1	0.5	25
	chrIX	116861	1	0.5	25
	chrIX	116871	1	0.5	25
	chrIX	116875	0	0.5	25
	chrIX	116876	0	0.5	25
	chrIX	116879	1	0.5	25
	chrIX	116882	0	1.0	25
	chrIX	116882	1	0.5	25
	chrIX	116896	0	0.5	25
	chrIX	116902	1	0.5	25
	chrIX	116913	1	0.5	25
	chrIX	116923	0	0.5	25
	chrIX	116930	1	0.5	25
	chrIX	116932	0	1.0	25
	chrIX	116954	0	0.5	25
	chrIX	116957	1	0.5	25
	chrIX	116960	1	0.5	25
	chrIX	116965	0	0.5	25
	chrIX	116965	1	0.5	25
	chrIX	116976	1	0.5	25
	chrIX	116984	1	0.5	25
	chrIX	116986	0	0.5	25
	chrIX	116987	0	0.5	25
	chrIX	116994	0	0.5	25
	chrIX	117036	1	1.0	25
	chrIX	117038	1	0.5	25
	chrIX	117039	0	0.5	25
	chrIX	117039	1	0.5	25
	chrIX	117053	1	0.5	25
	chrIX	117057	1	0.5	25
	chrIX	117085	1	1.0	25
	chrIX	117093	0	0.5	25
	chrIX	117098	1	0.5	25
	chrIX	117127	1	0.5	25
	chrIX	117142	0	0.5	25
	chrIX	117153	0	0.5	25
	chrIX	117168	0	0.5	25
	chrIX	117195	0	0.5	25
	chrIX	117197	1	0.5	25
	chrIX	117199	0	0.5	25
	chrIX	117214	0	0.5	25
	chrIX	117214	1	0.5	25
	chrIX	117222	1	0.5	25
	chrIX	117223	1	0.5	25
	chrIX	117231	1	0.5	25
	chrIX	117245	0	0.5	25
	chrIX	117254	1	0.5	25
	chrIX	117262	0	1.0	25
	chrIX	117285	1	0.5	25
	chrIX	117296	0	0.5	25
	chrIX	117299	0	1.0	25
	chrIX	117304	1	0.5	25
	chrIX	117315	0	0.5	25
	chrIX	117316	0	0.5	25
	chrIX	117367	1	1.0	25
	chrIX	117383	0	0.5	25
	chrIX	117385	1	0.5	25
	chrIX	117387	1	1.0	25
	chrIX	117389	1	0.5	25
	chrIX	117393	1	0.5	25
	chrIX	117407	1	0.5	25
	chrIX	117422	0	0.5	25
	chrIX	117435	0	0.5	25
	chrIX	117437	0	0.5	25
	chrIX	117449	0	0.5	25
	chrIX	117468	0	0.5	25
	chrIX	117469	0	0.5	25
	chrIX	117472	0	0.5	25
	chrIX	117472	1	0.5	25
	chrIX	117478	0	0.5	25
	chrIX	117482	1	0.5	25
	chrIX	117490	0	0.5	25
	chrIX	117503	0	0.5	25
	chrIX	117512	1	0.5	25
	chrIX	117513	0	1.0	25
	chrIX	117516	0	0.5	25
	chrIX	117529	1	0.5	25
	chrIX	117539	1	0.5	25
	chrIX	117541	1	1.0	25
	chrIX	117544	1	0.5	25
	chrIX	117561	0	0.5	25
	chrIX	117562	0	0.5	25
	chrIX	117568	1	1.0	25
	chrIX	117574	1	0.5	25
	chrIX	117580	1	0.5	25
	chrIX	117603	1	0.5	25
	chrIX	117624	0	0.5	25
	chrIX	117629	0	0.5	25
	chrIX	117638	0	0.5	25
	chrIX	117663	0	0.5	25
	chrIX	117674	0	0.5	25
	chrIX	117674	1	0.5	25
	chrIX	117679	0	0.5	25
	chrIX	117687	0	0.5	25
	chrIX	117693	1	0.5	25
	chrIX	117697	1	0.5	25
	chrIX	117698	1	0.5	25
	chrIX	117728	0	1.0	25
	chrIX	117728	1	0.5	25
	chrIX	117733	1	0.5	25
	chrIX	117735	0	0.5	25
	chrIX	117736	0	1.0	25
	chrIX	117737	0	0.5	25
	chrIX	117739	0	1.0	25
	chrIX	117743	0	0.5	25
	chrIX	117743	1	1.0	25
	chrIX	117744	0	3.0	25
	chrIX	117746	0	0.5	25
	chrIX	117747	0	1.0	25
	chrIX	117748	0	1.0	25
	chrIX	117750	0	1.0	25
	chrIX	117756	0	0.5	25
	chrIX	117760	0	0.5	25
	chrIX	117765	0	0.5	25
	chrIX	117771	1	0.5	25
	chrIX	117772	0	0.5	25
	chrIX	117778	0	0.5	25
	chrIX	117779	0	3.5	25
	chrIX	117780	0	1.0	25
	chrIX	117793	1	0.5	24
	chrIX	117807	1	1.0	25
	chrIX	117808	1	0.5	25
	chrIX	117810	1	1.5	25
	chrIX	117811	1	1.0	25
	chrIX	117822	1	0.5	25
	chrIX	117831	0	0.5	25
	chrIX	117834	1	0.5	25
	chrIX	117836	1	0.5	25
	chrIX	117837	1	1.0	25
	chrIX	117838	0	0.5	25
	chrIX	117841	1	0.5	25
	chrIX	117846	0	1.0	25
	chrIX	117848	1	1.0	25
	chrIX	117852	1	0.5	25
	chrIX	117853	1	0.5	25
	chrIX	117855	1	1.0	25
	chrIX	117856	1	1.0	25
	chrIX	117864	1	0.5	25
	chrIX	117872	1	1.0	25
	chrIX	117876	1	0.5	25
	chrIX	117877	0	1.0	25
	chrIX	117878	1	0.5	25
	chrIX	117879	0	0.5	25
	chrIX	117884	1	1.0	25
	chrIX	117886	0	0.5	25
	chrIX	117893	1	0.5	25
	chrIX	117895	1	0.5	25
	chrIX	117904	1	1.0	25
	chrIX	117911	0	1.0	25
	chrIX	117911	1	3.5	25
	chrIX	117912	0	1.0	25
	chrIX	117912	1	1.0	25
	chrIX	117922	0	0.5	25
	chrIX	117957	1	0.5	25
	chrIX	117978	1	0.5	25
	chrIX	117995	1	1.0	25
	chrIX	118051	0	0.5	25
	chrIX	118052	0	0.5	25
	chrIX	118089	1	0.5	25
	chrIX	118107	0	0.5	25
	chrIX	118126	1	0.5	25
	chrIX	118130	0	1.0	25
	chrIX	118171	0	1.0	25
	chrIX	118178	0	1.0	25
	chrIX	118182	1	0.5	25
	chrIX	118227	0	0.5	25
	chrIX	118228	0	0.5	25
	chrIX	118228	1	0.5	25
	chrIX	118231	0	0.5	25
	chrIX	118240	1	0.5	25
	chrIX	118241	0	0.5	25
	chrIX	118246	1	1.0	25
	chrIX	118262	1	1.0	25
	chrIX	118266	0	0.5	25
	chrIX	118266	1	0.5	25
	chrIX	118293	1	0.5	25
	chrIX	118299	1	0.5	25
	chrIX	118301	0	0.5	25
	chrIX	118303	0	0.5	25
	chrIX	118307	0	0.5	25
	chrIX	118309	0	0.5	25
	chrIX	118322	0	0.5	25
	chrIX	118329	1	0.5	25
	chrIX	118346	1	0.5	25
	chrIX	118355	1	0.5	25
	chrIX	118369	1	0.5	25
	chrIX	118370	0	0.5	25
	chrIX	118385	1	0.5	25
	chrIX	118398	0	1.0	25
	chrIX	118404	0	0.5	25
	chrIX	118404	1	0.5	25
	chrIX	118411	1	0.5	25
	chrIX	118416	1	1.0	25
	chrIX	118425	0	0.5	25
	chrIX	118427	0	0.5	25
	chrIX	118431	1	0.5	25
	chrIX	118446	0	0.5	25
	chrIX	118464	1	0.5	25
	chrIX	118480	0	0.5	25
	chrIX	118483	0	0.5	25
	chrIX	118495	1	0.5	25
	chrIX	118496	0	1.0	25
	chrIX	118504	0	0.5	25
	chrIX	118513	1	0.5	25
	chrIX	118530	0	0.5	25
	chrIX	118534	1	1.0	25
	chrIX	118544	0	0.5	25
	chrIX	118548	0	0.5	25
	chrIX	118560	1	1.0	25
	chrIX	118566	1	0.5	25
	chrIX	118570	0	0.5	25
	chrIX	118594	1	1.5	25
	chrIX	118600	1	0.5	25
	chrIX	118601	0	0.5	25
	chrIX	118604	0	0.5	25
	chrIX	118605	1	0.5	25
	chrIX	118652	1	0.5	25
	chrIX	118656	1	0.5	25
	chrIX	118665	0	0.5	25
	chrIX	118680	0	0.5	25
	chrIX	118683	1	0.5	25
	chrIX	118716	1	0.5	25
	chrIX	118719	1	0.5	25
	chrIX	118743	1	0.5	25
	chrIX	118867	0	0.5	25
	chrIX	118889	0	0.5	25
	chrIX	118923	0	0.5	25
	chrIX	118926	1	0.5	25
	chrIX	118946	1	0.5	25
	chrIX	118947	1	0.5	25
	chrIX	118955	0	0.5	25
	chrIX	118982	0	0.5	25
	chrIX	118986	1	0.5	25
	chrIX	119026	0	0.5	25
	chrIX	119027	1	0.5	25
	chrIX	119056	1	0.5	25
	chrIX	119064	0	0.5	25
	chrIX	119095	0	0.5	25
	chrIX	119115	0	0.5	25
	chrIX	119125	0	0.5	25
	chrIX	119136	0	0.5	25
	chrIX	119137	0	0.5	25
	chrIX	119144	0	0.5	25
	chrIX	119144	1	0.5	25
	chrIX	119146	1	0.5	25
	chrIX	119169	0	0.5	25
	chrIX	119175	1	0.5	25
	chrIX	119180	0	0.5	25
	chrIX	119185	1	0.5	25
	chrIX	119194	1	0.5	25
	chrIX	119204	0	0.5	25
	chrIX	119205	0	0.5	25
	chrIX	119214	1	0.5	25
	chrIX	119217	1	0.5	25
	chrIX	119248	0	0.5	25
	chrIX	119248	1	0.5	25
	chrIX	119249	0	0.5	25
	chrIX	119259	0	1.0	25
	chrIX	119267	0	0.5	25
	chrIX	119287	1	0.5	25
	chrIX	119298	0	0.5	25
	chrIX	119309	1	0.5	25
	chrIX	119311	1	0.5	25
	chrIX	119330	0	0.5	25
	chrIX	119333	1	0.5	25
	chrIX	119341	1	0.5	25
	chrIX	119342	1	0.5	25
	chrIX	119370	1	0.5	25
	chrIX	119376	1	0.5	25
	chrIX	119381	1	1.0	25
	chrIX	119402	0	0.5	25
	chrIX	119428	0	0.5	25
	chrIX	119429	0	0.5	25
	chrIX	119454	0	0.5	25
	chrIX	119466	1	0.5	25
	chrIX	119494	0	0.5	25
	chrIX	119506	1	0.5	25
	chrIX	119508	0	0.5	25
	chrIX	119518	0	0.5	25
	chrIX	119527	0	0.5	25
	chrIX	119533	0	0.5	25
	chrIX	119536	1	0.5	25
	chrIX	119537	0	0.5	25
	chrIX	119544	0	0.5	25
	chrIX	119545	0	0.5	25
	chrIX	119565	1	0.5	25
	chrIX	119574	1	0.5	25
	chrIX	119576	0	1.0	25
	chrIX	119591	0	0.5	25
	chrIX	119596	0	0.5	25
	chrIX	119598	1	0.5	25
	chrIX	119600	1	0.5	25
	chrIX	119602	1	0.5	25
	chrIX	119605	1	0.5	25
	chrIX	119613	0	0.5	25
	chrIX	119632	1	1.5	25
	chrIX	119637	0	0.5	25
	chrIX	119640	0	1.5	25
	chrIX	119643	0	0.5	25
	chrIX	119653	1	0.5	25
	chrIX	119660	0	0.5	25
	chrIX	119676	0	0.5	25
	chrIX	119681	1	0.5	25
	chrIX	119682	0	0.5	25
	chrIX	119693	1	0.5	25
	chrIX	119704	1	0.5	25
	chrIX	119706	1	0.5	25
	chrIX	119715	1	1.0	25
	chrIX	119717	1	1.0	25
	chrIX	119720	1	0.5	25
	chrIX	119725	1	0.5	25
	chrIX	119728	1	0.5	25
	chrIX	119731	0	0.5	25
	chrIX	119762	0	0.5	25
	chrIX	119770	1	0.5	25
	chrIX	119772	0	0.5	25
	chrIX	119779	0	0.5	25
	chrIX	119783	0	0.5	25
	chrIX	119784	0	0.5	25
	chrIX	119785	1	0.5	25
	chrIX	119786	0	0.5	25
	chrIX	119790	0	0.5	25
	chrIX	119797	0	0.5	25
	chrIX	119806	0	0.5	25
	chrIX	119815	0	0.5	25
	chrIX	119821	1	1.0	25
	chrIX	119835	1	0.5	25
	chrIX	119840	1	0.5	25
	chrIX	119843	1	0.5	25
	chrIX	119848	0	0.5	25
	chrIX	119852	1	0.5	25
	chrIX	119858	1	0.5	25
	chrIX	119859	0	1.0	25
	chrIX	119862	1	0.5	25
	chrIX	119876	0	0.5	25
	chrIX	119877	1	0.5	25
	chrIX	119887	0	0.5	25
	chrIX	119889	0	0.5	25
	chrIX	119898	1	0.5	25
	chrIX	119902	1	0.5	25
	chrIX	119918	1	0.5	25
	chrIX	119919	1	0.5	25
	chrIX	119922	1	0.5	25
	chrIX	119925	1	0.5	25
	chrIX	119960	0	1.0	25
	chrIX	119962	1	1.0	25
	chrIX	119979	0	0.5	25
	chrIX	119984	0	0.5	25
	chrIX	120050	1	0.5	25
	chrIX	120060	0	0.5	25
	chrIX	120068	1	0.5	25
	chrIX	120084	0	0.5	25
	chrIX	120118	1	0.5	25
	chrIX	120139	1	1.0	25
	chrIX	120145	1	0.5	25
	chrIX	120255	0	0.5	25
	chrIX	120307	1	0.5	25
	chrIX	120316	0	0.5	25
	chrIX	120328	0	0.5	25
	chrIX	120340	0	0.5	25
	chrIX	120384	1	0.5	25
	chrIX	120385	0	0.5	25
	chrIX	120386	1	0.5	25
	chrIX	120392	0	0.5	25
	chrIX	120450	1	0.5	25
	chrIX	120453	0	0.5	25
	chrIX	120463	1	0.5	25
	chrIX	120493	1	0.5	25
	chrIX	120521	0	0.5	25
	chrIX	120531	0	0.5	25
	chrIX	120537	0	0.5	25
	chrIX	120573	1	0.5	25
	chrIX	120580	0	0.5	25
	chrIX	120586	0	0.5	25
	chrIX	120593	0	1.0	25
	chrIX	120605	1	0.5	25
	chrIX	120612	1	0.5	25
	chrIX	120618	1	0.5	25
	chrIX	120632	0	0.5	25
	chrIX	120647	0	0.5	25
	chrIX	120647	1	1.0	25
	chrIX	120656	0	0.5	25
	chrIX	120658	0	0.5	25
	chrIX	120678	0	0.5	25
	chrIX	120679	0	0.5	25
	chrIX	120707	1	0.5	25
	chrIX	120716	1	0.5	25
	chrIX	120721	1	1.0	25
	chrIX	120730	0	0.5	25
	chrIX	120730	1	0.5	25
	chrIX	120738	1	0.5	25
	chrIX	120741	1	0.5	25
	chrIX	120745	0	1.0	25
	chrIX	120754	0	0.5	25
	chrIX	120755	1	0.5	25
	chrIX	120773	1	0.5	25
	chrIX	120779	0	0.5	25
	chrIX	120797	0	0.5	25
	chrIX	120810	1	1.0	25
	chrIX	120832	1	0.5	25
	chrIX	120855	0	0.5	25
	chrIX	120863	1	0.5	25
	chrIX	120865	1	0.5	25
	chrIX	120881	0	0.5	25
	chrIX	120910	0	0.5	25
	chrIX	120918	1	0.5	25
	chrIX	120919	0	0.5	25
	chrIX	120934	0	1.0	25
	chrIX	120936	0	0.5	25
	chrIX	120970	0	0.5	25
	chrIX	120972	0	0.5	25
	chrIX	120972	1	0.5	25
	chrIX	120988	1	0.5	25
	chrIX	120996	0	0.5	25
	chrIX	121017	1	0.5	25
	chrIX	121020	1	0.5	25
	chrIX	121023	0	0.5	25
	chrIX	121045	0	0.5	25
	chrIX	121046	1	0.5	25
	chrIX	121047	1	1.0	25
	chrIX	121063	1	0.5	25
	chrIX	121070	1	0.5	25
	chrIX	121096	0	0.5	25
	chrIX	121097	1	0.5	25
	chrIX	121116	0	0.5	25
	chrIX	121118	0	0.5	25
	chrIX	121122	1	0.5	25
	chrIX	121136	0	0.5	25
	chrIX	121154	1	0.5	25
	chrIX	121179	1	0.5	25
	chrIX	121180	0	0.5	25
	chrIX	121193	1	0.5	25
	chrIX	121204	1	0.5	25
	chrIX	121241	1	0.5	25
	chrIX	121268	0	0.5	25
	chrIX	121319	0	0.5	25
	chrIX	121333	0	1.0	25
	chrIX	121349	1	0.5	25
	chrIX	121360	0	0.5	25
	chrIX	121408	1	0.5	25
	chrIX	121410	1	1.0	25
	chrIX	121432	1	0.5	25
	chrIX	121457	0	0.5	25
	chrIX	121470	0	0.5	25
	chrIX	121474	0	0.5	25
	chrIX	121479	0	0.5	25
	chrIX	121494	0	0.5	25
	chrIX	121525	1	1.0	25
	chrIX	121527	0	0.5	25
	chrIX	121540	1	0.5	25
	chrIX	121549	0	0.5	25
	chrIX	121561	1	0.5	25
	chrIX	121566	1	0.5	25
	chrIX	121582	0	0.5	25
	chrIX	121582	1	0.5	25
	chrIX	121609	0	0.5	25
	chrIX	121611	1	0.5	25
	chrIX	121628	0	0.5	25
	chrIX	121655	1	0.5	25
	chrIX	121666	0	0.5	25
	chrIX	121686	1	0.5	25
	chrIX	121702	0	0.5	25
	chrIX	121709	1	0.5	25
	chrIX	121731	0	0.5	25
	chrIX	121738	0	0.5	25
	chrIX	121773	0	0.5	25
	chrIX	121783	1	0.5	25
	chrIX	121792	0	0.5	25
	chrIX	121802	1	0.5	25
	chrIX	121807	0	0.5	25
	chrIX	121815	0	0.5	25
	chrIX	121818	0	0.5	25
	chrIX	121850	1	0.5	25
	chrIX	121872	1	0.5	25
	chrIX	121873	0	1.0	25
	chrIX	121884	1	0.5	25
	chrIX	121894	1	0.5	25
	chrIX	121897	0	0.5	25
	chrIX	121897	1	0.5	25
	chrIX	121899	1	0.5	25
	chrIX	121902	0	0.5	25
	chrIX	121910	1	0.5	25
	chrIX	121935	0	0.5	25
	chrIX	121953	0	0.5	25
	chrIX	121953	1	0.5	25
	chrIX	121979	0	0.5	25
	chrIX	121985	1	0.5	25
	chrIX	122035	0	0.5	25
	chrIX	122037	1	0.5	25
	chrIX	122048	1	1.0	25
	chrIX	122054	1	0.5	25
	chrIX	122055	0	0.5	25
	chrIX	122070	1	0.5	25
	chrIX	122088	1	0.5	25
	chrIX	122160	0	0.5	25
	chrIX	122175	0	0.5	25
	chrIX	122176	0	0.5	25
	chrIX	122185	0	0.5	25
	chrIX	122186	0	0.5	25
	chrIX	122191	0	0.5	25
	chrIX	122198	0	0.5	25
	chrIX	122223	0	0.5	25
	chrIX	122224	0	0.5	25
	chrIX	122226	1	0.5	25
	chrIX	122229	0	0.5	25
	chrIX	122230	0	0.5	25
	chrIX	122232	0	1.0	25
	chrIX	122239	0	0.5	25
	chrIX	122241	0	0.5	25
	chrIX	122242	0	0.5	25
	chrIX	122242	1	0.5	25
	chrIX	122244	0	0.5	25
	chrIX	122248	0	0.5	25
	chrIX	122250	1	0.5	25
	chrIX	122253	1	1.0	25
	chrIX	122254	0	0.5	25
	chrIX	122255	0	1.0	25
	chrIX	122256	0	0.5	25
	chrIX	122257	0	1.0	25
	chrIX	122258	0	3.5	25
	chrIX	122259	0	1.0	25
	chrIX	122260	0	0.5	25
	chrIX	122267	0	0.5	25
	chrIX	122271	0	0.5	25
	chrIX	122274	1	0.5	25
	chrIX	122287	0	1.0	25
	chrIX	122287	1	0.5	25
	chrIX	122294	1	0.5	25
	chrIX	122296	1	1.5	25
	chrIX	122297	0	0.5	25
	chrIX	122302	1	0.5	25
	chrIX	122307	1	0.5	25
	chrIX	122309	1	0.5	25
	chrIX	122310	1	0.5	25
	chrIX	122315	1	0.5	25
	chrIX	122319	1	0.5	25
	chrIX	122324	1	3.5	25
	chrIX	122325	1	2.0	25
	chrIX	122326	1	0.5	25
	chrIX	122329	0	1.0	25
	chrIX	122334	1	0.5	25
	chrIX	122336	1	1.0	25
	chrIX	122339	1	0.5	25
	chrIX	122343	1	1.0	25
	chrIX	122345	1	1.0	25
	chrIX	122347	0	0.5	25
	chrIX	122350	1	0.5	25
	chrIX	122359	1	0.5	25
	chrIX	122360	0	1.0	25
	chrIX	122365	0	0.5	25
	chrIX	122375	0	0.5	25
	chrIX	122379	0	0.5	25
	chrIX	122396	0	1.0	25
	chrIX	122408	0	1.0	25
	chrIX	122431	0	0.5	25
	chrIX	122435	1	0.5	25
	chrIX	122439	1	0.5	25
	chrIX	122452	1	0.5	25
	chrIX	122454	1	0.5	25
	chrIX	122456	1	0.5	25
	chrIX	122457	1	0.5	25
	chrIX	122461	1	1.0	25
	chrIX	122465	1	0.5	25
	chrIX	122468	0	0.5	25
	chrIX	122485	0	0.5	25
	chrIX	122485	1	0.5	25
	chrIX	122486	0	0.5	25
	chrIX	122493	0	0.5	25
	chrIX	122497	0	0.5	25
	chrIX	122509	1	0.5	25
	chrIX	122515	1	0.5	25
	chrIX	122523	1	0.5	25
	chrIX	122535	0	0.5	25
	chrIX	122543	1	1.0	25
	chrIX	122549	1	0.5	25
	chrIX	122553	1	0.5	25
	chrIX	122557	1	0.5	25
	chrIX	122559	0	0.5	25
	chrIX	122567	0	0.5	25
	chrIX	122595	0	0.5	25
	chrIX	122607	1	0.5	25
	chrIX	122633	0	1.0	25
	chrIX	122639	1	0.5	25
	chrIX	122646	0	0.5	25
	chrIX	122650	0	0.5	25
	chrIX	122663	1	1.0	25
	chrIX	122672	0	0.5	25
	chrIX	122690	0	0.5	25
	chrIX	122694	0	0.5	25
	chrIX	122704	1	0.5	25
	chrIX	122709	1	1.0	25
	chrIX	122712	1	0.5	25
	chrIX	122723	1	0.5	25
	chrIX	122724	1	0.5	25
	chrIX	122725	0	0.5	25
	chrIX	122731	1	0.5	25
	chrIX	122753	0	0.5	25
	chrIX	122755	0	0.5	25
	chrIX	122769	1	0.5	25
	chrIX	122776	0	0.5	25
	chrIX	122795	0	0.5	25
	chrIX	122796	0	0.5	25
	chrIX	122812	1	0.5	25
	chrIX	122822	1	0.5	25
	chrIX	122828	0	0.5	25
	chrIX	122828	1	0.5	25
	chrIX	122842	1	0.5	25
	chrIX	122872	0	0.5	25
	chrIX	122874	0	0.5	25
	chrIX	122886	1	0.5	25
	chrIX	122887	0	1.0	25
	chrIX	122888	0	0.5	25
	chrIX	122889	1	0.5	25
	chrIX	122923	0	1.0	25
	chrIX	122948	1	0.5	25
	chrIX	122967	1	1.0	25
	chrIX	122972	1	1.0	25
	chrIX	122977	0	0.5	25
	chrIX	123020	0	0.5	25
	chrIX	123025	0	0.5	25
	chrIX	123038	1	0.5	25
	chrIX	123049	1	0.5	25
	chrIX	123054	0	0.5	25
	chrIX	123078	0	0.5	25
	chrIX	123082	1	0.5	25
	chrIX	123086	1	0.5	25
	chrIX	123091	0	0.5	25
	chrIX	123105	0	0.5	25
	chrIX	123111	1	0.5	25
	chrIX	123112	1	0.5	25
	chrIX	123138	1	0.5	25
	chrIX	123147	0	0.5	25
	chrIX	123150	0	0.5	25
	chrIX	123151	1	0.5	25
	chrIX	123187	1	0.5	25
	chrIX	123192	0	0.5	25
	chrIX	123206	0	0.5	25
	chrIX	123206	1	0.5	25
	chrIX	123225	0	0.5	25
	chrIX	123225	1	0.5	25
	chrIX	123285	1	1.0	25
	chrIX	123289	0	0.5	25
	chrIX	123306	0	0.5	25
	chrIX	123308	1	0.5	25
	chrIX	123310	1	0.5	25
	chrIX	123328	0	0.5	25
	chrIX	123334	0	0.5	25
	chrIX	123335	0	0.5	25
	chrIX	123347	1	0.5	25
	chrIX	123348	0	0.5	25
	chrIX	123374	1	0.5	25
	chrIX	123384	1	0.5	25
	chrIX	123406	1	0.5	25
	chrIX	123443	0	0.5	25
	chrIX	123444	0	0.5	25
	chrIX	123445	0	0.5	25
	chrIX	123447	0	0.5	25
	chrIX	123478	0	0.5	25
	chrIX	123494	1	0.5	25
	chrIX	123505	1	0.5	25
	chrIX	123514	1	0.5	25
	chrIX	123523	1	0.5	25
	chrIX	123532	1	0.5	25
	chrIX	123537	1	0.5	25
	chrIX	123640	0	0.5	25
	chrIX	123645	0	0.5	25
	chrIX	123660	0	0.5	25
	chrIX	123669	0	0.5	25
	chrIX	123670	1	0.5	25
	chrIX	123691	1	0.5	25
	chrIX	123698	0	0.5	25
	chrIX	123713	1	0.5	25
	chrIX	123725	0	1.0	25
	chrIX	123731	1	0.5	25
	chrIX	123736	0	0.5	25
	chrIX	123740	0	1.5	25
	chrIX	123763	1	0.5	25
	chrIX	123775	0	0.5	25
	chrIX	123799	1	1.0	25
	chrIX	123805	0	0.5	25
	chrIX	123819	0	1.0	25
	chrIX	123825	0	0.5	25
	chrIX	123829	0	1.0	25
	chrIX	123836	1	1.0	25
	chrIX	123853	1	0.5	25
	chrIX	123859	0	0.5	25
	chrIX	123891	1	0.5	25
	chrIX	123896	0	0.5	25
	chrIX	123904	1	1.0	25
	chrIX	123915	1	1.5	25
	chrIX	123923	1	1.5	25
	chrIX	123967	1	0.5	25
	chrIX	124020	1	0.5	25
	chrIX	124028	0	0.5	25
	chrIX	124030	0	0.5	25
	chrIX	124052	0	0.5	25
	chrIX	124063	0	0.5	25
	chrIX	124083	1	0.5	25
	chrIX	124090	1	0.5	25
	chrIX	124102	0	0.5	25
	chrIX	124118	1	0.5	25
	chrIX	124149	0	0.5	25
	chrIX	124171	1	0.5	25
	chrIX	124194	1	0.5	25
	chrIX	124195	0	0.5	25
	chrIX	124201	0	0.5	25
	chrIX	124236	1	0.5	25
	chrIX	124267	1	0.5	25
	chrIX	124272	1	0.5	25
	chrIX	124292	0	0.5	25
	chrIX	124332	0	0.5	25
	chrIX	124358	1	0.5	25
	chrIX	124359	0	0.5	25
	chrIX	124379	0	0.5	25
	chrIX	124381	1	0.5	25
	chrIX	124389	0	0.5	25
	chrIX	124396	0	0.5	25
	chrIX	124424	0	0.5	25
	chrIX	124428	1	0.5	25
	chrIX	124468	0	0.5	25
	chrIX	124469	1	0.5	25
	chrIX	124481	0	0.5	25
	chrIX	124512	1	0.5	25
	chrIX	124535	1	0.5	25
	chrIX	124537	0	0.5	25
	chrIX	124555	0	0.5	25
	chrIX	124555	1	0.5	25
	chrIX	124556	1	0.5	25
	chrIX	124570	1	0.5	25
	chrIX	124576	0	0.5	25
	chrIX	124619	1	0.5	25
	chrIX	124623	0	0.5	25
	chrIX	124633	0	0.5	25
	chrIX	124634	0	0.5	25
	chrIX	124641	0	0.5	25
	chrIX	124649	0	1.0	25
	chrIX	124666	1	0.5	25
	chrIX	124672	1	0.5	25
	chrIX	124680	1	0.5	25
	chrIX	124681	1	0.5	25
	chrIX	124692	0	0.5	25
	chrIX	124699	0	0.5	25
	chrIX	124707	1	0.5	25
	chrIX	124721	0	0.5	25
	chrIX	124721	1	0.5	23
	chrIX	124721	1	0.5	25
	chrIX	124744	0	0.5	25
	chrIX	124750	1	0.5	25
	chrIX	124751	1	0.5	25
	chrIX	124757	0	0.5	25
	chrIX	124779	0	0.5	25
	chrIX	124799	0	0.5	25
	chrIX	124802	1	0.5	25
	chrIX	124805	1	0.5	25
	chrIX	124811	0	0.5	25
	chrIX	124827	1	0.5	25
	chrIX	124834	0	0.5	25
	chrIX	124847	0	1.0	25
	chrIX	124851	1	0.5	25
	chrIX	124857	0	0.5	25
	chrIX	124858	1	0.5	24
	chrIX	124899	1	0.5	25
	chrIX	124908	1	0.5	25
	chrIX	124909	1	0.5	25
	chrIX	124914	0	0.5	25
	chrIX	124916	1	0.5	25
	chrIX	124919	1	0.5	25
	chrIX	124926	0	0.5	25
	chrIX	124931	1	0.5	25
	chrIX	124945	0	0.5	25
	chrIX	124994	1	0.5	25
	chrIX	124995	0	0.5	25
	chrIX	125001	1	0.5	25
	chrIX	125094	0	0.5	25
	chrIX	125100	0	0.5	25
	chrIX	125119	0	1.0	25
	chrIX	125123	1	0.5	25
	chrIX	125140	0	0.5	25
	chrIX	125144	1	0.5	25
	chrIX	125176	0	0.5	25
	chrIX	125186	1	0.5	25
	chrIX	125219	1	0.5	25
	chrIX	125249	1	0.5	25
	chrIX	125282	0	0.5	25
	chrIX	125289	1	0.5	25
	chrIX	125291	1	1.0	25
	chrIX	125328	1	0.5	25
	chrIX	125337	0	0.5	25
	chrIX	125347	0	0.5	25
	chrIX	125364	0	1.0	25
	chrIX	125375	0	1.0	25
	chrIX	125404	0	0.5	25
	chrIX	125406	0	0.5	25
	chrIX	125408	1	0.5	25
	chrIX	125438	1	1.0	25
	chrIX	125441	0	0.5	25
	chrIX	125472	1	0.5	25
	chrIX	125494	1	0.5	25
	chrIX	125522	1	0.5	25
	chrIX	125525	1	1.0	25
	chrIX	125526	0	0.5	25
	chrIX	125560	0	0.5	25
	chrIX	125567	0	0.5	25
	chrIX	125581	1	0.5	25
	chrIX	125611	1	0.5	25
	chrIX	125615	0	0.5	25
	chrIX	125632	0	0.5	25
	chrIX	125632	1	0.5	25
	chrIX	125640	0	0.5	25
	chrIX	125642	1	0.5	25
	chrIX	125671	0	0.5	25
	chrIX	125680	0	0.5	25
	chrIX	125681	1	0.5	25
	chrIX	125707	0	0.5	25
	chrIX	125712	1	0.5	25
	chrIX	125722	0	0.5	25
	chrIX	125735	0	0.5	25
	chrIX	125737	1	0.5	25
	chrIX	125745	1	0.5	25
	chrIX	125754	0	0.5	25
	chrIX	125758	0	0.5	25
	chrIX	125764	1	0.5	25
	chrIX	125775	0	1.0	25
	chrIX	125777	0	0.5	25
	chrIX	125800	1	0.5	25
	chrIX	125808	0	0.5	25
	chrIX	125814	1	0.5	25
	chrIX	125815	1	1.0	25
	chrIX	125816	1	0.5	25
	chrIX	125817	1	0.5	25
	chrIX	125818	0	0.5	25
	chrIX	125825	0	0.5	25
	chrIX	125838	0	1.0	25
	chrIX	125845	1	0.5	25
	chrIX	125849	0	0.5	25
	chrIX	125853	0	0.5	25
	chrIX	125853	1	0.5	25
	chrIX	125894	1	0.5	25
	chrIX	125907	0	0.5	25
	chrIX	125910	1	0.5	25
	chrIX	125911	1	1.0	25
	chrIX	125912	0	0.5	25
	chrIX	125918	0	0.5	25
	chrIX	125919	0	0.5	25
	chrIX	125919	1	0.5	25
	chrIX	125920	0	0.5	25
	chrIX	125953	1	0.5	25
	chrIX	125959	0	0.5	25
	chrIX	125963	1	0.5	25
	chrIX	125984	0	0.5	25
	chrIX	125985	1	0.5	25
	chrIX	125987	1	0.5	25
	chrIX	125988	1	0.5	25
	chrIX	125989	1	0.5	25
	chrIX	125990	0	0.5	25
	chrIX	125991	0	1.0	25
	chrIX	125992	1	0.5	25
	chrIX	125997	0	0.5	25
	chrIX	126015	1	0.5	25
	chrIX	126016	0	0.5	25
	chrIX	126042	1	1.0	25
	chrIX	126043	0	2.5	25
	chrIX	126054	1	0.5	25
	chrIX	126055	0	0.5	25
	chrIX	126078	0	0.5	25
	chrIX	126079	0	1.0	25
	chrIX	126082	0	1.0	25
	chrIX	126085	0	0.5	25
	chrIX	126088	1	0.5	25
	chrIX	126094	1	0.5	25
	chrIX	126110	0	1.0	25
	chrIX	126119	1	0.5	25
	chrIX	126122	1	1.0	25
	chrIX	126123	1	1.0	25
	chrIX	126129	1	0.5	25
	chrIX	126131	1	0.5	25
	chrIX	126133	1	0.5	25
	chrIX	126134	0	0.5	25
	chrIX	126135	1	0.5	25
	chrIX	126140	0	0.5	25
	chrIX	126169	0	0.5	25
	chrIX	126180	1	0.5	25
	chrIX	126202	1	1.0	25
	chrIX	126210	0	0.5	25
	chrIX	126214	1	0.5	25
	chrIX	126229	1	0.5	25
	chrIX	126245	1	0.5	25
	chrIX	126256	1	1.0	25
	chrIX	126260	1	0.5	25
	chrIX	126269	0	1.0	25
	chrIX	126290	0	0.5	25
	chrIX	126304	0	1.0	25
	chrIX	126331	1	0.5	25
	chrIX	126348	1	1.0	25
	chrIX	126358	1	1.0	25
	chrIX	126384	1	0.5	25
	chrIX	126433	0	1.5	25
	chrIX	126439	0	0.5	25
	chrIX	126444	0	1.0	25
	chrIX	126471	0	0.5	25
	chrIX	126479	0	0.5	25
	chrIX	126495	0	0.5	25
	chrIX	126505	0	0.5	25
	chrIX	126508	1	1.0	25
	chrIX	126513	0	1.0	25
	chrIX	126515	1	0.5	25
	chrIX	126532	1	0.5	25
	chrIX	126535	1	0.5	25
	chrIX	126540	0	0.5	25
	chrIX	126546	0	0.5	25
	chrIX	126567	0	0.5	25
	chrIX	126572	1	0.5	25
	chrIX	126586	1	0.5	25
	chrIX	126596	1	0.5	25
	chrIX	126599	1	0.5	25
	chrIX	126603	1	1.5	25
	chrIX	126604	0	0.5	25
	chrIX	126605	0	0.5	25
	chrIX	126610	1	0.5	25
	chrIX	126637	0	0.5	25
	chrIX	126638	0	0.5	25
	chrIX	126677	0	0.5	25
	chrIX	126683	1	0.5	25
	chrIX	126698	1	0.5	25
	chrIX	126722	0	0.5	25
	chrIX	126743	1	0.5	25
	chrIX	126759	1	0.5	25
	chrIX	126760	0	0.5	25
	chrIX	126760	1	0.5	25
	chrIX	126784	1	0.5	25
	chrIX	126796	0	0.5	25
	chrIX	126820	0	0.5	25
	chrIX	126840	0	0.5	25
	chrIX	126845	1	0.5	25
	chrIX	126848	0	0.5	25
	chrIX	126856	1	1.0	25
	chrIX	126870	0	0.5	25
	chrIX	126870	1	0.5	25
	chrIX	126872	0	0.5	25
	chrIX	126904	0	0.5	23
	chrIX	126909	1	0.5	25
	chrIX	126910	1	0.5	25
	chrIX	126912	1	0.5	25
	chrIX	126914	0	0.5	25
	chrIX	126919	1	0.5	25
	chrIX	126947	0	0.5	25
	chrIX	126954	1	0.5	25
	chrIX	126970	1	0.5	25
	chrIX	126971	0	0.5	25
	chrIX	126993	1	0.5	25
	chrIX	127007	0	0.5	25
	chrIX	127012	1	0.5	25
	chrIX	127015	0	1.0	25
	chrIX	127023	0	0.5	25
	chrIX	127039	1	0.5	25
	chrIX	127045	0	0.5	25
	chrIX	127055	0	0.5	25
	chrIX	127061	0	0.5	25
	chrIX	127065	1	0.5	25
	chrIX	127086	1	1.0	25
	chrIX	127095	0	0.5	25
	chrIX	127102	0	0.5	25
	chrIX	127104	0	1.0	25
	chrIX	127105	0	0.5	25
	chrIX	127126	1	0.5	25
	chrIX	127131	0	0.5	25
	chrIX	127136	1	0.5	25
	chrIX	127147	0	1.0	25
	chrIX	127149	1	0.5	25
	chrIX	127162	0	0.5	25
	chrIX	127175	1	0.5	25
	chrIX	127184	1	0.5	25
	chrIX	127191	1	0.5	25
	chrIX	127213	1	1.0	25
	chrIX	127216	0	0.5	25
	chrIX	127217	0	0.5	25
	chrIX	127224	0	0.5	25
	chrIX	127227	0	0.5	25
	chrIX	127235	1	1.0	25
	chrIX	127241	0	1.0	25
	chrIX	127244	1	0.5	25
	chrIX	127259	1	0.5	25
	chrIX	127263	1	0.5	25
	chrIX	127270	1	0.5	25
	chrIX	127271	0	1.0	25
	chrIX	127276	1	0.5	25
	chrIX	127277	0	0.5	25
	chrIX	127282	0	0.5	25
	chrIX	127283	0	1.0	25
	chrIX	127284	0	0.5	25
	chrIX	127291	0	1.0	25
	chrIX	127307	0	0.5	25
	chrIX	127320	0	0.5	25
	chrIX	127326	0	0.5	25
	chrIX	127326	1	0.5	25
	chrIX	127332	1	0.5	25
	chrIX	127353	1	2.0	25
	chrIX	127354	0	1.0	25
	chrIX	127355	0	0.5	25
	chrIX	127361	1	1.0	25
	chrIX	127362	1	0.5	24
	chrIX	127367	1	2.0	25
	chrIX	127368	1	0.5	25
	chrIX	127374	0	0.5	25
	chrIX	127379	0	0.5	25
	chrIX	127382	1	0.5	25
	chrIX	127395	0	0.5	25
	chrIX	127399	1	1.0	25
	chrIX	127408	1	0.5	25
	chrIX	127419	1	0.5	25
	chrIX	127446	1	0.5	25
	chrIX	127452	1	0.5	25
	chrIX	127453	1	0.5	25
	chrIX	127472	0	0.5	25
	chrIX	127544	0	0.5	25
	chrIX	127554	0	0.5	25
	chrIX	127566	0	1.0	25
	chrIX	127591	1	0.5	25
	chrIX	127608	0	0.5	25
	chrIX	127613	1	0.5	25
	chrIX	127621	0	1.0	25
	chrIX	127627	1	0.5	25
	chrIX	127635	1	1.0	25
	chrIX	127667	0	0.5	25
	chrIX	127670	1	0.5	25
	chrIX	127672	1	1.0	25
	chrIX	127697	0	0.5	25
	chrIX	127699	0	0.5	25
	chrIX	127706	0	1.0	25
	chrIX	127714	0	0.5	25
	chrIX	127715	0	0.5	25
	chrIX	127725	0	0.5	25
	chrIX	127734	0	0.5	25
	chrIX	127746	1	0.5	25
	chrIX	127755	1	0.5	25
	chrIX	127760	1	0.5	25
	chrIX	127761	0	0.5	25
	chrIX	127762	0	0.5	25
	chrIX	127767	0	0.5	25
	chrIX	127776	1	0.5	25
	chrIX	127781	0	0.5	25
	chrIX	127792	1	0.5	25
	chrIX	127796	0	1.0	25
	chrIX	127806	1	0.5	25
	chrIX	127816	1	0.5	25
	chrIX	127820	1	0.5	25
	chrIX	127821	1	1.0	25
	chrIX	127827	1	0.5	25
	chrIX	127833	1	0.5	25
	chrIX	127834	1	0.5	25
	chrIX	127836	0	0.5	25
	chrIX	127850	0	0.5	25
	chrIX	127852	1	0.5	25
	chrIX	127877	0	0.5	25
	chrIX	127896	0	0.5	25
	chrIX	127901	0	0.5	25
	chrIX	127903	0	0.5	25
	chrIX	127908	0	0.5	25
	chrIX	127935	1	0.5	25
	chrIX	127939	0	0.5	25
	chrIX	127941	0	0.5	25
	chrIX	127947	0	0.5	25
	chrIX	127949	1	0.5	25
	chrIX	127953	1	0.5	25
	chrIX	127959	1	0.5	25
	chrIX	127961	0	1.0	25
	chrIX	127984	1	0.5	25
	chrIX	127985	1	0.5	25
	chrIX	127997	1	0.5	25
	chrIX	128004	0	0.5	25
	chrIX	128021	1	0.5	25
	chrIX	128028	1	0.5	25
	chrIX	128051	1	0.5	25
	chrIX	128114	1	1.0	25
	chrIX	128121	1	0.5	25
	chrIX	128125	0	0.5	25
	chrIX	128137	0	0.5	25
	chrIX	128147	0	0.5	25
	chrIX	128165	1	0.5	25
	chrIX	128179	0	0.5	25
	chrIX	128196	1	0.5	25
	chrIX	128203	0	0.5	25
	chrIX	128205	0	0.5	25
	chrIX	128241	0	0.5	25
	chrIX	128244	0	0.5	25
	chrIX	128244	1	0.5	25
	chrIX	128275	1	0.5	25
	chrIX	128282	1	0.5	25
	chrIX	128284	1	0.5	25
	chrIX	128303	1	0.5	25
	chrIX	128315	0	0.5	25
	chrIX	128324	1	0.5	25
	chrIX	128343	1	0.5	25
	chrIX	128355	0	0.5	25
	chrIX	128386	1	0.5	25
	chrIX	128414	1	0.5	25
	chrIX	128443	0	0.5	25
	chrIX	128539	1	0.5	25
	chrIX	128547	0	0.5	25
	chrIX	128548	0	0.5	25
	chrIX	128588	0	0.5	25
	chrIX	128606	1	0.5	25
	chrIX	128675	0	0.5	25
	chrIX	128679	1	0.5	25
	chrIX	128693	0	0.5	25
	chrIX	128751	1	0.5	25
	chrIX	128760	0	0.5	25
	chrIX	128767	0	0.5	25
	chrIX	128776	0	0.5	25
	chrIX	128786	1	0.5	25
	chrIX	128798	0	0.5	25
	chrIX	128813	1	0.5	25
	chrIX	128820	1	0.5	25
	chrIX	128824	1	0.5	25
	chrIX	128843	1	0.5	25
	chrIX	128881	1	0.5	25
	chrIX	128944	0	0.5	25
	chrIX	129010	0	0.5	25
	chrIX	129034	0	0.5	25
	chrIX	129038	0	0.5	25
	chrIX	129047	1	0.5	25
	chrIX	129057	0	0.5	25
	chrIX	129060	0	0.5	25
	chrIX	129075	0	0.5	25
	chrIX	129087	1	0.5	25
	chrIX	129105	1	0.5	25
	chrIX	129106	0	0.5	25
	chrIX	129117	0	0.5	25
	chrIX	129126	0	0.5	25
	chrIX	129150	1	0.5	25
	chrIX	129170	1	0.5	25
	chrIX	129208	1	0.5	25
	chrIX	129209	1	0.5	25
	chrIX	129255	0	0.5	25
	chrIX	129276	1	0.5	25
	chrIX	129277	0	0.5	25
	chrIX	129337	1	0.5	25
	chrIX	129340	1	0.5	25
	chrIX	129341	0	0.5	25
	chrIX	129364	0	0.5	25
	chrIX	129385	1	0.5	25
	chrIX	129408	1	0.5	25
	chrIX	129415	1	0.5	25
	chrIX	129426	0	0.5	25
	chrIX	129451	0	0.5	25
	chrIX	129463	0	0.5	25
	chrIX	129468	1	0.5	25
	chrIX	129474	1	0.5	25
	chrIX	129475	0	0.5	25
	chrIX	129519	1	0.5	25
	chrIX	129522	1	0.5	25
	chrIX	129541	0	0.5	25
	chrIX	129541	1	0.5	25
	chrIX	129550	0	0.5	25
	chrIX	129572	0	0.5	25
	chrIX	129573	0	0.5	25
	chrIX	129592	1	0.5	25
	chrIX	129621	0	1.0	25
	chrIX	129640	1	0.5	25
	chrIX	129641	0	0.5	25
	chrIX	129642	0	0.5	25
	chrIX	129657	1	0.5	25
	chrIX	129660	0	0.5	25
	chrIX	129679	0	1.0	25
	chrIX	129689	0	0.5	25
	chrIX	129693	0	0.5	25
	chrIX	129695	1	1.0	25
	chrIX	129699	1	0.5	25
	chrIX	129721	1	0.5	25
	chrIX	129729	1	0.5	25
	chrIX	129746	0	1.0	25
	chrIX	129750	1	0.5	25
	chrIX	129751	1	0.5	25
	chrIX	129756	0	0.5	25
	chrIX	129779	1	1.0	25
	chrIX	129783	0	0.5	25
	chrIX	129799	1	0.5	25
	chrIX	129816	0	0.5	25
	chrIX	129817	1	1.0	25
	chrIX	129849	1	0.5	25
	chrIX	129852	1	0.5	25
	chrIX	129859	1	0.5	25
	chrIX	129872	0	0.5	25
	chrIX	129890	0	0.5	25
	chrIX	129891	0	0.5	25
	chrIX	129901	0	0.5	25
	chrIX	129903	0	0.5	25
	chrIX	129936	1	0.5	25
	chrIX	129953	1	0.5	25
	chrIX	129957	1	0.5	25
	chrIX	129968	0	0.5	25
	chrIX	129974	1	1.0	25
	chrIX	129990	0	0.5	25
	chrIX	130061	1	0.5	25
	chrIX	130077	0	0.5	25
	chrIX	130078	1	0.5	25
	chrIX	130079	0	0.5	25
	chrIX	130081	0	1.0	25
	chrIX	130127	0	0.5	25
	chrIX	130138	1	0.5	25
	chrIX	130140	1	1.0	25
	chrIX	130177	1	0.5	25
	chrIX	130202	0	0.5	25
	chrIX	130203	0	0.5	25
	chrIX	130225	0	0.5	25
	chrIX	130233	0	1.0	25
	chrIX	130239	1	0.5	25
	chrIX	130248	0	0.5	25
	chrIX	130258	1	0.5	25
	chrIX	130289	1	0.5	25
	chrIX	130303	0	0.5	25
	chrIX	130304	1	0.5	25
	chrIX	130308	0	0.5	25
	chrIX	130314	1	0.5	25
	chrIX	130315	1	0.5	25
	chrIX	130333	0	0.5	24
	chrIX	130346	0	0.5	25
	chrIX	130382	1	0.5	25
	chrIX	130388	1	0.5	25
	chrIX	130395	1	1.0	25
	chrIX	130423	0	0.5	25
	chrIX	130441	1	0.5	25
	chrIX	130444	0	0.5	25
	chrIX	130446	0	0.5	25
	chrIX	130475	1	0.5	25
	chrIX	130484	0	0.5	25
	chrIX	130487	0	0.5	25
	chrIX	130506	1	0.5	25
	chrIX	130515	0	0.5	25
	chrIX	130538	0	1.0	25
	chrIX	130551	1	1.0	25
	chrIX	130562	1	0.5	25
	chrIX	130577	0	0.5	25
	chrIX	130580	0	0.5	25
	chrIX	130581	0	0.5	25
	chrIX	130608	1	0.5	25
	chrIX	130609	0	0.5	25
	chrIX	130630	1	1.0	25
	chrIX	130695	1	1.0	25
	chrIX	130697	1	0.5	25
	chrIX	130738	1	0.5	25
	chrIX	130850	0	0.5	25
	chrIX	130859	0	0.5	25
	chrIX	130878	0	0.5	25
	chrIX	130892	1	0.5	25
	chrIX	130898	0	0.5	25
	chrIX	130915	0	0.5	25
	chrIX	130934	1	0.5	25
	chrIX	130962	0	0.5	25
	chrIX	130985	0	0.5	25
	chrIX	130986	0	0.5	25
	chrIX	131030	1	0.5	25
	chrIX	131033	0	0.5	25
	chrIX	131039	0	0.5	25
	chrIX	131049	1	0.5	25
	chrIX	131092	1	0.5	25
	chrIX	131094	0	0.5	25
	chrIX	131112	0	0.5	25
	chrIX	131128	1	0.5	25
	chrIX	131143	1	0.5	25
	chrIX	131145	1	0.5	25
	chrIX	131158	1	0.5	25
	chrIX	131169	1	0.5	25
	chrIX	131178	0	0.5	25
	chrIX	131200	0	0.5	25
	chrIX	131210	1	1.0	25
	chrIX	131223	0	0.5	25
	chrIX	131240	1	0.5	25
	chrIX	131265	0	0.5	25
	chrIX	131273	1	0.5	25
	chrIX	131280	0	0.5	25
	chrIX	131310	1	0.5	25
	chrIX	131341	1	0.5	25
	chrIX	131382	1	0.5	25
	chrIX	131407	0	0.5	25
	chrIX	131425	0	0.5	25
	chrIX	131468	0	0.5	25
	chrIX	131470	1	0.5	25
	chrIX	131471	1	0.5	25
	chrIX	131522	0	0.5	25
	chrIX	131523	0	0.5	25
	chrIX	131537	1	0.5	25
	chrIX	131556	0	0.5	25
	chrIX	131564	0	0.5	25
	chrIX	131580	0	0.5	25
	chrIX	131600	1	0.5	25
	chrIX	131610	1	0.5	25
	chrIX	131613	1	0.5	25
	chrIX	131621	0	0.5	25
	chrIX	131633	1	0.5	25
	chrIX	131640	1	0.5	25
	chrIX	131645	0	0.5	25
	chrIX	131677	0	0.5	25
	chrIX	131708	0	0.5	25
	chrIX	131718	1	0.5	25
	chrIX	131719	0	1.0	25
	chrIX	131720	1	0.5	25
	chrIX	131747	1	0.5	25
	chrIX	131768	1	0.5	25
	chrIX	131782	0	0.5	25
	chrIX	131782	1	0.5	24
	chrIX	131816	1	0.5	25
	chrIX	131825	0	1.5	25
	chrIX	131849	0	0.5	25
	chrIX	131856	0	0.5	25
	chrIX	131861	0	1.0	25
	chrIX	131862	1	0.5	25
	chrIX	131864	0	0.5	25
	chrIX	131865	0	0.5	25
	chrIX	131868	0	0.5	25
	chrIX	131878	0	1.0	25
	chrIX	131883	0	0.5	25
	chrIX	131891	1	2.0	25
	chrIX	131892	1	1.0	25
	chrIX	131936	1	0.5	25
	chrIX	131938	1	0.5	25
	chrIX	131940	0	0.5	25
	chrIX	131950	1	0.5	25
	chrIX	131965	1	0.5	25
	chrIX	131987	0	0.5	25
	chrIX	131998	1	1.0	25
	chrIX	132024	0	0.5	25
	chrIX	132041	1	0.5	25
	chrIX	132042	0	0.5	25
	chrIX	132049	0	0.5	25
	chrIX	132066	0	0.5	25
	chrIX	132080	1	0.5	25
	chrIX	132081	0	0.5	25
	chrIX	132081	1	0.5	25
	chrIX	132082	0	1.0	25
	chrIX	132086	0	0.5	25
	chrIX	132097	1	0.5	25
	chrIX	132114	1	0.5	25
	chrIX	132120	1	0.5	25
	chrIX	132125	0	0.5	25
	chrIX	132128	1	1.0	25
	chrIX	132147	1	0.5	25
	chrIX	132161	1	1.0	25
	chrIX	132177	0	1.0	25
	chrIX	132185	0	0.5	25
	chrIX	132210	0	0.5	25
	chrIX	132231	1	0.5	25
	chrIX	132234	1	0.5	25
	chrIX	132240	0	0.5	25
	chrIX	132260	1	0.5	25
	chrIX	132268	0	0.5	25
	chrIX	132273	1	0.5	25
	chrIX	132277	1	0.5	25
	chrIX	132288	1	0.5	25
	chrIX	132312	0	0.5	25
	chrIX	132327	0	1.0	25
	chrIX	132366	1	0.5	25
	chrIX	132400	0	0.5	25
	chrIX	132412	0	0.5	24
	chrIX	132431	1	1.0	25
	chrIX	132435	0	0.5	25
	chrIX	132441	1	0.5	25
	chrIX	132462	1	0.5	25
	chrIX	132471	0	0.5	25
	chrIX	132484	1	0.5	25
	chrIX	132503	1	0.5	25
	chrIX	132505	0	0.5	25
	chrIX	132507	0	0.5	25
	chrIX	132510	0	0.5	25
	chrIX	132535	1	0.5	25
	chrIX	132540	0	0.5	25
	chrIX	132568	1	0.5	25
	chrIX	132575	0	0.5	25
	chrIX	132590	0	0.5	25
	chrIX	132593	0	0.5	25
	chrIX	132615	0	0.5	25
	chrIX	132634	0	0.5	25
	chrIX	132661	1	0.5	25
	chrIX	132668	1	0.5	25
	chrIX	132674	1	0.5	25
	chrIX	132690	1	0.5	25
	chrIX	132691	1	0.5	25
	chrIX	132699	1	0.5	25
	chrIX	132707	1	0.5	25
	chrIX	132720	0	0.5	25
	chrIX	132745	0	0.5	25
	chrIX	132767	0	0.5	25
	chrIX	132778	0	0.5	25
	chrIX	132796	1	0.5	25
	chrIX	132811	1	0.5	25
	chrIX	132833	1	0.5	25
	chrIX	132855	0	0.5	25
	chrIX	132857	1	0.5	25
	chrIX	132860	0	0.5	25
	chrIX	132917	1	0.5	25
	chrIX	132958	1	0.5	25
	chrIX	132960	0	0.5	25
	chrIX	133011	0	0.5	25
	chrIX	133012	1	0.5	25
	chrIX	133044	0	0.5	25
	chrIX	133050	1	0.5	25
	chrIX	133075	1	0.5	25
	chrIX	133085	0	0.5	25
	chrIX	133124	0	0.5	25
	chrIX	133138	1	0.5	25
	chrIX	133156	1	0.5	25
	chrIX	133164	0	0.5	25
	chrIX	133210	0	0.5	25
	chrIX	133219	1	0.5	25
	chrIX	133226	1	0.5	25
	chrIX	133240	0	1.0	25
	chrIX	133262	0	0.5	25
	chrIX	133278	1	0.5	25
	chrIX	133289	0	0.5	25
	chrIX	133291	0	0.5	25
	chrIX	133291	1	1.0	25
	chrIX	133297	0	0.5	25
	chrIX	133315	1	0.5	25
	chrIX	133324	0	0.5	25
	chrIX	133348	1	0.5	25
	chrIX	133370	1	0.5	25
	chrIX	133386	1	0.5	25
	chrIX	133425	1	0.5	25
	chrIX	133428	0	0.5	25
	chrIX	133502	0	1.0	25
	chrIX	133542	0	0.5	25
	chrIX	133582	1	1.0	25
	chrIX	133603	0	0.5	25
	chrIX	133632	0	1.0	25
	chrIX	133659	1	0.5	25
	chrIX	133686	0	0.5	25
	chrIX	133691	0	1.0	25
	chrIX	133695	1	0.5	25
	chrIX	133705	0	0.5	25
	chrIX	133707	1	0.5	25
	chrIX	133709	1	0.5	25
	chrIX	133736	0	0.5	25
	chrIX	133736	1	0.5	25
	chrIX	133740	1	1.0	25
	chrIX	133741	0	0.5	25
	chrIX	133758	0	0.5	25
	chrIX	133760	1	0.5	25
	chrIX	133767	1	0.5	25
	chrIX	133788	1	0.5	25
	chrIX	133804	1	0.5	25
	chrIX	133805	1	0.5	25
	chrIX	133819	0	0.5	25
	chrIX	133847	0	0.5	25
	chrIX	133855	0	0.5	25
	chrIX	133865	1	0.5	25
	chrIX	133872	0	0.5	25
	chrIX	133878	0	1.5	25
	chrIX	133879	0	1.5	25
	chrIX	133892	0	0.5	25
	chrIX	133893	1	0.5	25
	chrIX	133920	0	0.5	25
	chrIX	133921	0	0.5	25
	chrIX	133930	1	1.0	25
	chrIX	133941	1	0.5	25
	chrIX	133960	1	0.5	25
	chrIX	133965	0	0.5	25
	chrIX	133968	0	1.0	25
	chrIX	133973	0	0.5	23
	chrIX	133973	0	0.5	25
	chrIX	133980	1	2.0	25
	chrIX	133992	0	0.5	25
	chrIX	134002	0	0.5	25
	chrIX	134020	0	0.5	25
	chrIX	134027	1	0.5	25
	chrIX	134039	1	0.5	25
	chrIX	134042	1	1.5	25
	chrIX	134043	0	1.0	25
	chrIX	134047	1	0.5	25
	chrIX	134057	1	0.5	25
	chrIX	134068	0	0.5	25
	chrIX	134074	1	1.0	25
	chrIX	134077	0	0.5	25
	chrIX	134082	0	0.5	25
	chrIX	134083	0	0.5	25
	chrIX	134099	1	0.5	25
	chrIX	134142	1	0.5	25
	chrIX	134144	1	0.5	25
	chrIX	134146	1	1.0	25
	chrIX	134153	0	0.5	25
	chrIX	134156	1	0.5	25
	chrIX	134166	0	0.5	25
	chrIX	134178	1	0.5	25
	chrIX	134206	1	0.5	25
	chrIX	134231	0	0.5	25
	chrIX	134239	1	0.5	25
	chrIX	134251	1	0.5	25
	chrIX	134291	0	0.5	25
	chrIX	134292	0	0.5	25
	chrIX	134292	1	0.5	25
	chrIX	134369	0	0.5	25
	chrIX	134378	1	0.5	25
	chrIX	134439	1	0.5	25
	chrIX	134441	0	0.5	25
	chrIX	134455	0	0.5	25
	chrIX	134459	1	0.5	25
	chrIX	134477	0	0.5	25
	chrIX	134492	0	0.5	25
	chrIX	134515	0	0.5	25
	chrIX	134527	1	0.5	25
	chrIX	134565	1	0.5	25
	chrIX	134566	1	0.5	25
	chrIX	134589	1	0.5	25
	chrIX	134595	0	0.5	25
	chrIX	134604	0	0.5	25
	chrIX	134611	1	0.5	25
	chrIX	134618	0	0.5	25
	chrIX	134626	0	1.0	25
	chrIX	134629	0	0.5	25
	chrIX	134639	0	0.5	25
	chrIX	134669	0	0.5	25
	chrIX	134681	1	0.5	25
	chrIX	134684	1	0.5	25
	chrIX	134691	1	0.5	25
	chrIX	134696	0	1.0	25
	chrIX	134699	0	0.5	25
	chrIX	134701	1	0.5	25
	chrIX	134713	0	0.5	25
	chrIX	134715	0	0.5	25
	chrIX	134730	1	0.5	25
	chrIX	134733	1	0.5	25
	chrIX	134756	0	0.5	25
	chrIX	134767	0	0.5	25
	chrIX	134769	1	0.5	25
	chrIX	134799	1	0.5	25
	chrIX	134800	1	0.5	25
	chrIX	134824	1	1.0	25
	chrIX	134825	1	0.5	25
	chrIX	134826	1	0.5	25
	chrIX	134833	0	0.5	25
	chrIX	134833	1	0.5	25
	chrIX	134834	0	0.5	25
	chrIX	134839	0	0.5	25
	chrIX	134876	0	0.5	25
	chrIX	134902	1	0.5	25
	chrIX	134908	1	0.5	25
	chrIX	134916	1	1.0	25
	chrIX	134954	0	0.5	25
	chrIX	134972	0	0.5	25
	chrIX	135009	1	0.5	25
	chrIX	135050	1	0.5	25
	chrIX	135080	0	1.0	25
	chrIX	135105	0	0.5	25
	chrIX	135109	1	0.5	25
	chrIX	135112	0	1.0	25
	chrIX	135144	0	0.5	25
	chrIX	135168	0	1.0	25
	chrIX	135189	1	1.0	25
	chrIX	135196	1	0.5	25
	chrIX	135206	1	0.5	25
	chrIX	135219	1	1.0	25
	chrIX	135228	0	0.5	25
	chrIX	135230	1	0.5	25
	chrIX	135241	1	0.5	25
	chrIX	135252	0	0.5	25
	chrIX	135282	0	0.5	25
	chrIX	135283	0	0.5	25
	chrIX	135286	1	0.5	25
	chrIX	135288	1	0.5	25
	chrIX	135317	0	0.5	25
	chrIX	135327	0	0.5	25
	chrIX	135333	1	0.5	25
	chrIX	135334	0	1.0	25
	chrIX	135346	1	0.5	25
	chrIX	135347	0	0.5	25
	chrIX	135351	0	1.0	25
	chrIX	135359	0	0.5	25
	chrIX	135361	0	0.5	25
	chrIX	135373	1	0.5	25
	chrIX	135387	1	0.5	25
	chrIX	135391	1	0.5	25
	chrIX	135417	1	1.5	25
	chrIX	135421	1	0.5	25
	chrIX	135436	1	0.5	25
	chrIX	135447	0	0.5	25
	chrIX	135487	0	0.5	25
	chrIX	135497	1	0.5	25
	chrIX	135513	1	0.5	25
	chrIX	135528	0	0.5	25
	chrIX	135556	1	0.5	25
	chrIX	135563	0	1.0	25
	chrIX	135590	1	0.5	25
	chrIX	135593	0	0.5	25
	chrIX	135594	0	0.5	25
	chrIX	135627	1	1.0	25
	chrIX	135647	0	0.5	25
	chrIX	135651	0	0.5	25
	chrIX	135654	0	0.5	25
	chrIX	135658	0	0.5	25
	chrIX	135660	0	0.5	25
	chrIX	135689	1	0.5	25
	chrIX	135696	1	0.5	25
	chrIX	135706	1	0.5	25
	chrIX	135733	1	1.0	25
	chrIX	135782	0	0.5	25
	chrIX	135801	1	0.5	25
	chrIX	135849	0	0.5	25
	chrIX	135909	1	0.5	25
	chrIX	135912	0	0.5	25
	chrIX	135972	1	0.5	25
	chrIX	135976	1	0.5	25
	chrIX	136007	0	0.5	25
	chrIX	136015	0	0.5	25
	chrIX	136032	0	0.5	25
	chrIX	136038	0	0.5	25
	chrIX	136046	0	0.5	25
	chrIX	136075	0	0.5	25
	chrIX	136082	1	0.5	25
	chrIX	136083	0	0.5	25
	chrIX	136104	1	0.5	25
	chrIX	136105	1	0.5	25
	chrIX	136109	1	0.5	25
	chrIX	136122	0	0.5	25
	chrIX	136122	1	0.5	25
	chrIX	136129	0	0.5	25
	chrIX	136130	0	0.5	25
	chrIX	136132	0	0.5	25
	chrIX	136166	1	0.5	25
	chrIX	136167	1	0.5	25
	chrIX	136169	0	0.5	25
	chrIX	136174	1	0.5	25
	chrIX	136180	0	0.5	25
	chrIX	136181	0	0.5	25
	chrIX	136189	1	0.5	25
	chrIX	136198	1	0.5	25
	chrIX	136207	0	0.5	25
	chrIX	136208	0	1.0	25
	chrIX	136213	1	0.5	25
	chrIX	136217	0	0.5	25
	chrIX	136218	0	0.5	25
	chrIX	136229	1	0.5	25
	chrIX	136230	1	0.5	25
	chrIX	136261	0	0.5	25
	chrIX	136271	0	1.0	25
	chrIX	136273	1	0.5	25
	chrIX	136274	0	1.0	25
	chrIX	136276	0	0.5	25
	chrIX	136285	1	1.0	25
	chrIX	136295	1	0.5	25
	chrIX	136305	0	0.5	25
	chrIX	136308	0	0.5	25
	chrIX	136310	1	0.5	25
	chrIX	136334	1	0.5	25
	chrIX	136344	1	0.5	25
	chrIX	136351	0	0.5	25
	chrIX	136356	1	0.5	25
	chrIX	136357	1	0.5	25
	chrIX	136361	1	0.5	25
	chrIX	136362	0	0.5	25
	chrIX	136363	0	0.5	25
	chrIX	136366	1	0.5	25
	chrIX	136388	0	0.5	25
	chrIX	136390	1	0.5	25
	chrIX	136391	1	0.5	25
	chrIX	136404	1	0.5	25
	chrIX	136426	1	0.5	25
	chrIX	136427	1	0.5	25
	chrIX	136430	0	0.5	25
	chrIX	136432	1	0.5	25
	chrIX	136433	1	0.5	25
	chrIX	136468	1	0.5	25
	chrIX	136471	0	0.5	25
	chrIX	136477	1	0.5	25
	chrIX	136479	0	0.5	25
	chrIX	136489	0	2.0	25
	chrIX	136519	0	0.5	25
	chrIX	136519	1	0.5	25
	chrIX	136533	0	0.5	25
	chrIX	136543	0	0.5	25
	chrIX	136554	1	0.5	25
	chrIX	136568	1	0.5	25
	chrIX	136572	1	1.5	25
	chrIX	136591	0	0.5	25
	chrIX	136598	0	0.5	25
	chrIX	136605	0	0.5	25
	chrIX	136607	1	0.5	25
	chrIX	136611	1	0.5	25
	chrIX	136619	0	1.0	25
	chrIX	136621	1	0.5	25
	chrIX	136655	1	0.5	25
	chrIX	136669	0	0.5	25
	chrIX	136694	1	0.5	25
	chrIX	136727	0	1.0	25
	chrIX	136739	0	0.5	25
	chrIX	136744	1	0.5	25
	chrIX	136769	0	1.0	25
	chrIX	136781	1	0.5	25
	chrIX	136782	1	1.0	25
	chrIX	136786	1	0.5	25
	chrIX	136794	1	0.5	25
	chrIX	136797	0	0.5	25
	chrIX	136814	1	0.5	25
	chrIX	136815	0	1.0	25
	chrIX	136816	0	0.5	25
	chrIX	136817	0	0.5	25
	chrIX	136828	0	1.0	25
	chrIX	136841	1	1.0	25
	chrIX	136856	0	0.5	25
	chrIX	136873	1	0.5	25
	chrIX	136876	0	0.5	25
	chrIX	136877	1	1.5	25
	chrIX	136878	1	0.5	25
	chrIX	136879	1	0.5	25
	chrIX	136906	1	0.5	25
	chrIX	136919	0	0.5	25
	chrIX	136923	1	0.5	25
	chrIX	136940	0	0.5	25
	chrIX	136943	1	0.5	25
	chrIX	136950	0	0.5	25
	chrIX	136974	0	0.5	25
	chrIX	136990	1	0.5	25
	chrIX	137003	0	0.5	25
	chrIX	137010	1	0.5	25
	chrIX	137017	1	0.5	25
	chrIX	137038	0	0.5	25
	chrIX	137055	0	0.5	25
	chrIX	137065	1	0.5	25
	chrIX	137076	1	0.5	25
	chrIX	137077	0	0.5	25
	chrIX	137102	1	0.5	25
	chrIX	137137	0	0.5	25
	chrIX	137141	1	0.5	25
	chrIX	137177	0	0.5	25
	chrIX	137181	0	0.5	25
	chrIX	137189	0	0.5	25
	chrIX	137197	0	0.5	25
	chrIX	137206	0	0.5	25
	chrIX	137214	1	0.5	25
	chrIX	137224	1	0.5	25
	chrIX	137228	0	0.5	25
	chrIX	137231	1	0.5	25
	chrIX	137232	0	0.5	25
	chrIX	137238	0	0.5	25
	chrIX	137249	1	0.5	25
	chrIX	137268	0	1.0	25
	chrIX	137268	1	0.5	25
	chrIX	137276	0	1.0	25
	chrIX	137284	1	0.5	25
	chrIX	137297	1	0.5	25
	chrIX	137310	0	0.5	25
	chrIX	137324	1	0.5	25
	chrIX	137329	0	0.5	25
	chrIX	137330	0	0.5	25
	chrIX	137348	1	1.5	25
	chrIX	137362	0	0.5	25
	chrIX	137365	0	0.5	25
	chrIX	137366	0	0.5	25
	chrIX	137368	0	0.5	25
	chrIX	137372	0	0.5	25
	chrIX	137373	1	0.5	25
	chrIX	137380	0	0.5	25
	chrIX	137382	1	0.5	25
	chrIX	137384	1	0.5	25
	chrIX	137390	0	0.5	25
	chrIX	137392	1	0.5	25
	chrIX	137401	0	0.5	25
	chrIX	137402	1	0.5	25
	chrIX	137408	0	1.0	25
	chrIX	137411	0	0.5	25
	chrIX	137415	1	0.5	25
	chrIX	137430	1	0.5	25
	chrIX	137450	1	1.0	25
	chrIX	137454	1	0.5	25
	chrIX	137460	1	0.5	25
	chrIX	137465	1	0.5	25
	chrIX	137468	0	0.5	25
	chrIX	137468	1	0.5	25
	chrIX	137483	1	0.5	25
	chrIX	137492	0	0.5	25
	chrIX	137498	1	0.5	25
	chrIX	137502	1	1.0	25
	chrIX	137522	1	0.5	25
	chrIX	137528	0	0.5	25
	chrIX	137532	0	0.5	25
	chrIX	137550	0	0.5	25
	chrIX	137557	0	0.5	25
	chrIX	137568	0	0.5	25
	chrIX	137572	0	0.5	25
	chrIX	137589	0	0.5	25
	chrIX	137596	1	0.5	25
	chrIX	137598	0	0.5	24
	chrIX	137621	1	0.5	25
	chrIX	137630	1	0.5	25
	chrIX	137637	1	0.5	25
	chrIX	137650	1	0.5	25
	chrIX	137653	0	0.5	25
	chrIX	137669	1	0.5	25
	chrIX	137671	1	0.5	25
	chrIX	137685	1	0.5	25
	chrIX	137688	0	0.5	25
	chrIX	137707	1	0.5	25
	chrIX	137721	1	0.5	25
	chrIX	137748	0	0.5	25
	chrIX	137752	1	0.5	25
	chrIX	137792	0	0.5	25
	chrIX	137805	0	0.5	25
	chrIX	137823	1	0.5	25
	chrIX	137843	0	0.5	25
	chrIX	137857	1	0.5	25
	chrIX	137864	0	0.5	25
	chrIX	137888	1	0.5	25
	chrIX	137905	0	0.5	25
	chrIX	137913	0	0.5	25
	chrIX	137928	1	0.5	25
	chrIX	137949	0	0.5	25
	chrIX	137960	1	0.5	25
	chrIX	137969	0	0.5	25
	chrIX	137971	1	0.5	25
	chrIX	138007	0	0.5	25
	chrIX	138019	0	0.5	25
	chrIX	138024	0	1.0	25
	chrIX	138035	0	0.5	25
	chrIX	138038	0	0.5	25
	chrIX	138039	0	1.0	25
	chrIX	138056	0	0.5	25
	chrIX	138063	1	0.5	25
	chrIX	138073	0	0.5	25
	chrIX	138077	1	0.5	25
	chrIX	138078	0	0.5	25
	chrIX	138079	0	1.0	25
	chrIX	138082	1	0.5	25
	chrIX	138084	0	0.5	25
	chrIX	138085	1	0.5	25
	chrIX	138097	1	1.0	25
	chrIX	138109	0	0.5	25
	chrIX	138113	1	1.0	25
	chrIX	138115	1	1.0	25
	chrIX	138118	0	0.5	25
	chrIX	138124	0	0.5	25
	chrIX	138125	1	0.5	25
	chrIX	138126	0	0.5	25
	chrIX	138128	1	0.5	25
	chrIX	138131	1	0.5	25
	chrIX	138132	1	0.5	25
	chrIX	138133	0	0.5	25
	chrIX	138138	1	0.5	25
	chrIX	138140	0	0.5	25
	chrIX	138142	0	0.5	25
	chrIX	138168	1	0.5	25
	chrIX	138170	0	0.5	25
	chrIX	138176	0	0.5	25
	chrIX	138178	0	0.5	25
	chrIX	138186	1	0.5	25
	chrIX	138187	0	0.5	25
	chrIX	138203	1	0.5	25
	chrIX	138204	0	0.5	25
	chrIX	138206	1	0.5	25
	chrIX	138210	1	0.5	25
	chrIX	138211	0	0.5	25
	chrIX	138212	0	1.0	25
	chrIX	138214	0	0.5	25
	chrIX	138220	1	0.5	25
	chrIX	138230	1	0.5	25
	chrIX	138231	0	1.0	25
	chrIX	138232	0	2.0	25
	chrIX	138236	0	1.0	25
	chrIX	138238	1	0.5	25
	chrIX	138244	1	0.5	25
	chrIX	138250	0	0.5	25
	chrIX	138277	0	0.5	25
	chrIX	138279	1	0.5	25
	chrIX	138286	1	0.5	25
	chrIX	138289	1	4.0	25
	chrIX	138290	0	1.0	25
	chrIX	138297	0	1.0	25
	chrIX	138299	1	0.5	25
	chrIX	138308	1	0.5	25
	chrIX	138322	1	0.5	25
	chrIX	138329	1	1.0	25
	chrIX	138335	1	0.5	25
	chrIX	138337	1	0.5	25
	chrIX	138363	1	1.0	25
	chrIX	138365	1	0.5	25
	chrIX	138366	1	1.0	25
	chrIX	138369	1	0.5	25
	chrIX	138370	0	1.0	25
	chrIX	138390	0	0.5	25
	chrIX	138444	1	0.5	25
	chrIX	138447	0	0.5	25
	chrIX	138469	0	0.5	25
	chrIX	138471	0	0.5	25
	chrIX	138483	0	0.5	25
	chrIX	138486	0	0.5	25
	chrIX	138523	0	0.5	25
	chrIX	138523	1	0.5	25
	chrIX	138528	1	0.5	25
	chrIX	138533	1	1.0	25
	chrIX	138536	0	0.5	25
	chrIX	138538	1	0.5	25
	chrIX	138542	1	0.5	25
	chrIX	138571	1	0.5	25
	chrIX	138572	1	0.5	25
	chrIX	138583	0	1.0	25
	chrIX	138599	0	0.5	25
	chrIX	138633	0	0.5	25
	chrIX	138655	1	1.0	25
	chrIX	138677	1	0.5	25
	chrIX	138681	1	0.5	25
	chrIX	138682	0	0.5	25
	chrIX	138698	0	0.5	25
	chrIX	138699	0	0.5	25
	chrIX	138732	1	0.5	25
	chrIX	138733	0	0.5	25
	chrIX	138748	0	0.5	25
	chrIX	138751	0	0.5	25
	chrIX	138766	0	0.5	25
	chrIX	138777	1	0.5	25
	chrIX	138779	1	0.5	25
	chrIX	138781	1	0.5	25
	chrIX	138786	0	0.5	25
	chrIX	138792	0	0.5	25
	chrIX	138793	0	1.5	25
	chrIX	138800	0	0.5	25
	chrIX	138805	1	0.5	25
	chrIX	138834	1	0.5	25
	chrIX	138835	1	0.5	25
	chrIX	138840	1	0.5	25
	chrIX	138862	1	0.5	25
	chrIX	138864	0	1.0	25
	chrIX	138865	0	0.5	25
	chrIX	138866	1	1.0	25
	chrIX	138867	0	0.5	25
	chrIX	138867	1	0.5	25
	chrIX	138868	0	0.5	25
	chrIX	138875	0	1.0	25
	chrIX	138884	1	0.5	25
	chrIX	138889	1	0.5	25
	chrIX	138890	1	0.5	25
	chrIX	138927	1	0.5	25
	chrIX	138932	1	0.5	25
	chrIX	138935	1	0.5	25
	chrIX	138938	0	0.5	25
	chrIX	138946	1	0.5	25
	chrIX	138949	0	0.5	25
	chrIX	138960	0	0.5	25
	chrIX	138973	1	0.5	25
	chrIX	138975	1	0.5	25
	chrIX	138986	1	0.5	25
	chrIX	138990	0	0.5	25
	chrIX	138991	0	0.5	25
	chrIX	139046	1	0.5	25
	chrIX	139054	1	0.5	25
	chrIX	139058	1	0.5	25
	chrIX	139061	0	0.5	25
	chrIX	139071	1	0.5	25
	chrIX	139072	0	1.0	25
	chrIX	139122	0	0.5	25
	chrIX	139138	1	0.5	25
	chrIX	139139	1	0.5	25
	chrIX	139155	1	0.5	25
	chrIX	139164	0	0.5	25
	chrIX	139171	1	0.5	25
	chrIX	139175	0	0.5	25
	chrIX	139188	0	0.5	25
	chrIX	139193	0	0.5	25
	chrIX	139194	0	1.0	25
	chrIX	139195	0	1.0	25
	chrIX	139208	0	0.5	25
	chrIX	139225	1	0.5	25
	chrIX	139241	1	0.5	25
	chrIX	139242	1	0.5	25
	chrIX	139249	0	0.5	25
	chrIX	139256	1	0.5	25
	chrIX	139257	0	0.5	25
	chrIX	139257	1	0.5	25
	chrIX	139261	0	0.5	25
	chrIX	139269	1	1.0	25
	chrIX	139270	1	0.5	25
	chrIX	139283	0	0.5	25
	chrIX	139291	1	0.5	25
	chrIX	139310	0	0.5	25
	chrIX	139324	1	0.5	25
	chrIX	139325	0	0.5	25
	chrIX	139328	1	0.5	25
	chrIX	139329	0	0.5	25
	chrIX	139338	1	0.5	25
	chrIX	139346	0	0.5	25
	chrIX	139347	0	1.0	25
	chrIX	139357	1	0.5	25
	chrIX	139374	1	0.5	25
	chrIX	139382	0	0.5	25
	chrIX	139391	0	0.5	25
	chrIX	139407	1	0.5	25
	chrIX	139417	0	0.5	25
	chrIX	139417	1	0.5	25
	chrIX	139418	0	0.5	25
	chrIX	139421	0	1.0	25
	chrIX	139425	0	0.5	25
	chrIX	139425	1	1.0	25
	chrIX	139430	0	3.0	25
	chrIX	139431	0	3.0	25
	chrIX	139432	0	0.5	25
	chrIX	139432	1	0.5	25
	chrIX	139458	0	1.0	25
	chrIX	139459	0	0.5	25
	chrIX	139467	0	0.5	25
	chrIX	139479	0	0.5	25
	chrIX	139492	1	1.0	25
	chrIX	139493	0	0.5	25
	chrIX	139493	1	3.0	25
	chrIX	139494	0	2.0	25
	chrIX	139494	1	1.0	25
	chrIX	139496	0	0.5	25
	chrIX	139504	1	0.5	25
	chrIX	139505	1	0.5	25
	chrIX	139508	0	0.5	25
	chrIX	139510	1	0.5	25
	chrIX	139514	1	0.5	25
	chrIX	139524	1	1.5	25
	chrIX	139525	0	1.0	25
	chrIX	139527	1	1.5	25
	chrIX	139529	1	0.5	25
	chrIX	139534	0	0.5	25
	chrIX	139534	1	0.5	25
	chrIX	139536	1	0.5	25
	chrIX	139538	1	0.5	25
	chrIX	139541	0	0.5	25
	chrIX	139543	1	1.0	25
	chrIX	139546	1	0.5	25
	chrIX	139547	1	0.5	25
	chrIX	139567	1	1.0	25
	chrIX	139573	1	1.0	25
	chrIX	139582	1	1.0	25
	chrIX	139585	0	0.5	25
	chrIX	139592	1	0.5	25
	chrIX	139603	0	0.5	25
	chrIX	139607	0	0.5	25
	chrIX	139617	1	0.5	25
	chrIX	139630	0	0.5	25
	chrIX	139640	0	0.5	25
	chrIX	139663	1	0.5	25
	chrIX	139671	0	1.0	25
	chrIX	139680	0	0.5	25
	chrIX	139690	1	0.5	25
	chrIX	139692	1	0.5	25
	chrIX	139697	1	0.5	25
	chrIX	139710	1	0.5	25
	chrIX	139733	1	0.5	25
	chrIX	139739	0	0.5	25
	chrIX	139752	1	0.5	25
	chrIX	139762	1	0.5	25
	chrIX	139765	0	0.5	25
	chrIX	139792	0	0.5	25
	chrIX	139803	0	0.5	25
	chrIX	139803	1	0.5	25
	chrIX	139815	0	0.5	25
	chrIX	139842	0	1.0	25
	chrIX	139857	0	0.5	25
	chrIX	139876	0	0.5	25
	chrIX	139893	0	0.5	25
	chrIX	139898	1	0.5	25
	chrIX	139908	1	0.5	25
	chrIX	139912	1	1.0	25
	chrIX	139915	0	0.5	25
	chrIX	139919	1	0.5	25
	chrIX	139931	1	0.5	25
	chrIX	139934	1	0.5	25
	chrIX	139941	0	0.5	25
	chrIX	139943	0	0.5	25
	chrIX	139955	0	0.5	25
	chrIX	139985	0	0.5	25
	chrIX	139989	1	0.5	25
	chrIX	140003	1	0.5	25
	chrIX	140016	1	0.5	25
	chrIX	140017	1	1.0	25
	chrIX	140064	1	0.5	25
	chrIX	140079	0	0.5	25
	chrIX	140082	0	0.5	25
	chrIX	140084	1	0.5	25
	chrIX	140108	0	0.5	25
	chrIX	140125	0	0.5	25
	chrIX	140134	1	0.5	25
	chrIX	140137	0	0.5	25
	chrIX	140155	0	0.5	25
	chrIX	140167	0	0.5	25
	chrIX	140175	0	0.5	25
	chrIX	140189	1	0.5	25
	chrIX	140202	0	0.5	25
	chrIX	140204	1	0.5	25
	chrIX	140213	1	0.5	25
	chrIX	140246	0	0.5	25
	chrIX	140263	1	0.5	25
	chrIX	140264	0	0.5	25
	chrIX	140281	1	0.5	25
	chrIX	140285	1	0.5	25
	chrIX	140286	0	0.5	25
	chrIX	140317	0	0.5	25
	chrIX	140331	1	0.5	25
	chrIX	140349	1	0.5	25
	chrIX	140360	0	0.5	25
	chrIX	140371	0	0.5	25
	chrIX	140373	0	0.5	25
	chrIX	140375	0	0.5	25
	chrIX	140379	1	0.5	25
	chrIX	140381	0	0.5	25
	chrIX	140381	1	0.5	25
	chrIX	140384	0	0.5	25
	chrIX	140399	0	1.0	25
	chrIX	140429	1	0.5	25
	chrIX	140435	1	1.0	25
	chrIX	140441	1	1.0	25
	chrIX	140446	1	0.5	25
	chrIX	140447	1	0.5	25
	chrIX	140450	1	0.5	25
	chrIX	140454	0	0.5	25
	chrIX	140455	0	1.0	25
	chrIX	140473	1	1.0	25
	chrIX	140474	0	0.5	25
	chrIX	140476	0	1.0	25
	chrIX	140481	0	0.5	25
	chrIX	140505	1	0.5	25
	chrIX	140517	1	0.5	25
	chrIX	140522	0	0.5	25
	chrIX	140531	1	0.5	25
	chrIX	140538	0	0.5	25
	chrIX	140542	1	1.0	25
	chrIX	140556	1	0.5	25
	chrIX	140567	0	1.5	25
	chrIX	140595	1	0.5	25
	chrIX	140604	0	0.5	25
	chrIX	140608	0	0.5	25
	chrIX	140634	1	1.5	25
	chrIX	140679	0	1.0	25
	chrIX	140704	1	0.5	25
	chrIX	140707	0	0.5	25
	chrIX	140708	1	0.5	25
	chrIX	140709	0	0.5	25
	chrIX	140729	0	0.5	25
	chrIX	140734	0	0.5	25
	chrIX	140755	1	1.5	25
	chrIX	140761	0	0.5	25
	chrIX	140803	0	0.5	25
	chrIX	140803	1	0.5	25
	chrIX	140813	1	0.5	25
	chrIX	140815	0	0.5	25
	chrIX	140841	0	1.0	25
	chrIX	140849	1	0.5	25
	chrIX	140853	1	0.5	25
	chrIX	140854	1	0.5	25
	chrIX	140859	0	0.5	25
	chrIX	140862	1	0.5	25
	chrIX	140891	1	0.5	25
	chrIX	140921	1	0.5	25
	chrIX	140956	0	0.5	25
	chrIX	140962	0	0.5	25
	chrIX	140962	1	1.0	25
	chrIX	140963	0	0.5	25
	chrIX	141002	0	0.5	25
	chrIX	141022	1	0.5	25
	chrIX	141035	1	0.5	25
	chrIX	141040	1	0.5	25
	chrIX	141050	0	1.0	25
	chrIX	141062	1	0.5	25
	chrIX	141070	1	0.5	25
	chrIX	141105	0	0.5	25
	chrIX	141117	0	1.0	25
	chrIX	141168	1	1.0	25
	chrIX	141176	1	0.5	25
	chrIX	141178	1	1.0	25
	chrIX	141220	0	0.5	25
	chrIX	141287	0	0.5	25
	chrIX	141296	0	0.5	25
	chrIX	141303	0	0.5	25
	chrIX	141341	1	0.5	25
	chrIX	141346	1	0.5	25
	chrIX	141351	0	0.5	25
	chrIX	141352	0	0.5	25
	chrIX	141353	1	0.5	25
	chrIX	141359	0	0.5	25
	chrIX	141367	0	0.5	25
	chrIX	141372	1	0.5	25
	chrIX	141384	0	0.5	25
	chrIX	141391	0	0.5	25
	chrIX	141404	1	0.5	25
	chrIX	141406	0	0.5	25
	chrIX	141408	1	0.5	25
	chrIX	141411	0	0.5	25
	chrIX	141428	1	0.5	25
	chrIX	141444	1	0.5	25
	chrIX	141470	0	0.5	25
	chrIX	141479	1	0.5	25
	chrIX	141485	1	0.5	25
	chrIX	141494	1	0.5	25
	chrIX	141506	1	0.5	25
	chrIX	141517	0	0.5	25
	chrIX	141570	0	0.5	25
	chrIX	141592	1	0.5	25
	chrIX	141618	1	0.5	25
	chrIX	141622	0	0.5	25
	chrIX	141623	0	0.5	25
	chrIX	141641	1	0.5	25
	chrIX	141646	0	0.5	25
	chrIX	141649	0	0.5	25
	chrIX	141669	0	0.5	25
	chrIX	141674	0	1.0	25
	chrIX	141682	1	0.5	25
	chrIX	141688	0	0.5	25
	chrIX	141702	0	0.5	25
	chrIX	141725	0	0.5	25
	chrIX	141732	1	0.5	25
	chrIX	141737	1	0.5	25
	chrIX	141761	0	0.5	25
	chrIX	141771	0	0.5	25
	chrIX	141785	1	0.5	25
	chrIX	141786	1	1.0	25
	chrIX	141800	1	1.0	25
	chrIX	141807	1	0.5	25
	chrIX	141823	0	1.0	25
	chrIX	141824	0	0.5	25
	chrIX	141824	1	0.5	25
	chrIX	141826	0	0.5	25
	chrIX	141828	1	0.5	25
	chrIX	141835	0	0.5	25
	chrIX	141849	0	0.5	25
	chrIX	141868	0	0.5	25
	chrIX	141878	0	0.5	25
	chrIX	141880	0	0.5	25
	chrIX	141931	0	0.5	25
	chrIX	141931	1	0.5	25
	chrIX	141937	1	1.5	25
	chrIX	141950	1	0.5	25
	chrIX	141951	0	0.5	25
	chrIX	141955	0	0.5	25
	chrIX	141968	0	0.5	25
	chrIX	141969	0	0.5	25
	chrIX	141977	0	1.0	25
	chrIX	141980	1	0.5	25
	chrIX	141990	1	0.5	25
	chrIX	141993	0	0.5	25
	chrIX	141993	1	0.5	25
	chrIX	141999	1	0.5	25
	chrIX	142003	0	0.5	25
	chrIX	142003	1	0.5	25
	chrIX	142006	0	0.5	25
	chrIX	142018	1	1.0	25
	chrIX	142029	1	0.5	25
	chrIX	142032	1	0.5	25
	chrIX	142033	1	0.5	25
	chrIX	142034	0	0.5	25
	chrIX	142059	1	1.0	25
	chrIX	142060	1	0.5	25
	chrIX	142070	0	0.5	25
	chrIX	142082	1	0.5	25
	chrIX	142090	0	0.5	25
	chrIX	142111	1	0.5	25
	chrIX	142124	1	1.0	25
	chrIX	142127	0	0.5	25
	chrIX	142163	0	0.5	25
	chrIX	142166	0	1.0	25
	chrIX	142169	0	0.5	25
	chrIX	142182	1	0.5	25
	chrIX	142191	1	0.5	25
	chrIX	142206	1	0.5	25
	chrIX	142213	0	1.0	25
	chrIX	142216	1	0.5	25
	chrIX	142220	0	0.5	25
	chrIX	142231	0	0.5	25
	chrIX	142235	1	0.5	25
	chrIX	142249	0	0.5	25
	chrIX	142281	1	1.0	25
	chrIX	142294	1	0.5	25
	chrIX	142302	1	0.5	25
	chrIX	142323	1	0.5	25
	chrIX	142330	0	0.5	25
	chrIX	142340	0	0.5	25
	chrIX	142341	0	1.0	25
	chrIX	142366	1	0.5	25
	chrIX	142397	1	0.5	25
	chrIX	142406	1	0.5	25
	chrIX	142407	1	0.5	25
	chrIX	142447	0	0.5	25
	chrIX	142455	0	1.0	25
	chrIX	142484	0	0.5	25
	chrIX	142495	0	0.5	25
	chrIX	142509	0	1.0	25
	chrIX	142509	1	1.0	25
	chrIX	142510	0	0.5	25
	chrIX	142513	1	0.5	25
	chrIX	142519	0	0.5	25
	chrIX	142520	0	1.0	25
	chrIX	142525	0	0.5	25
	chrIX	142557	0	0.5	25
	chrIX	142563	1	0.5	25
	chrIX	142581	1	1.0	25
	chrIX	142587	0	0.5	25
	chrIX	142588	1	1.0	25
	chrIX	142589	0	0.5	25
	chrIX	142589	1	0.5	25
	chrIX	142590	1	0.5	25
	chrIX	142591	1	0.5	25
	chrIX	142616	1	1.0	25
	chrIX	142617	0	0.5	25
	chrIX	142627	0	2.0	25
	chrIX	142632	0	0.5	25
	chrIX	142636	0	1.0	25
	chrIX	142637	0	0.5	25
	chrIX	142637	1	0.5	25
	chrIX	142638	0	1.0	25
	chrIX	142639	0	1.0	25
	chrIX	142650	0	0.5	25
	chrIX	142672	0	0.5	25
	chrIX	142678	0	0.5	25
	chrIX	142679	1	0.5	25
	chrIX	142687	1	0.5	25
	chrIX	142689	0	0.5	25
	chrIX	142690	0	3.5	25
	chrIX	142691	1	0.5	25
	chrIX	142695	1	0.5	25
	chrIX	142698	0	0.5	25
	chrIX	142708	1	0.5	25
	chrIX	142709	1	0.5	25
	chrIX	142712	0	0.5	25
	chrIX	142715	1	0.5	24
	chrIX	142716	1	2.5	25
	chrIX	142737	1	1.0	25
	chrIX	142749	1	0.5	25
	chrIX	142756	1	1.0	25
	chrIX	142760	0	0.5	25
	chrIX	142762	1	0.5	25
	chrIX	142768	1	0.5	25
	chrIX	142775	0	0.5	25
	chrIX	142776	1	0.5	25
	chrIX	142789	1	0.5	25
	chrIX	142791	1	0.5	25
	chrIX	142792	1	0.5	25
	chrIX	142793	0	0.5	25
	chrIX	142798	0	0.5	25
	chrIX	142801	1	0.5	25
	chrIX	142803	0	0.5	25
	chrIX	142807	1	0.5	25
	chrIX	142827	0	0.5	25
	chrIX	142833	0	0.5	25
	chrIX	142839	1	0.5	25
	chrIX	142840	1	0.5	25
	chrIX	142865	0	1.0	25
	chrIX	142870	1	0.5	25
	chrIX	142873	1	0.5	25
	chrIX	142876	1	0.5	25
	chrIX	142903	1	0.5	25
	chrIX	142905	1	0.5	25
	chrIX	142908	1	0.5	25
	chrIX	142913	1	0.5	25
	chrIX	142925	0	0.5	25
	chrIX	142927	1	0.5	25
	chrIX	142928	1	0.5	25
	chrIX	142946	0	0.5	25
	chrIX	142954	0	0.5	25
	chrIX	142964	1	0.5	25
	chrIX	143005	1	0.5	25
	chrIX	143014	1	0.5	25
	chrIX	143015	0	0.5	25
	chrIX	143016	1	0.5	25
	chrIX	143023	0	0.5	25
	chrIX	143024	0	0.5	25
	chrIX	143027	0	0.5	25
	chrIX	143031	0	0.5	25
	chrIX	143033	0	1.0	25
	chrIX	143043	0	0.5	25
	chrIX	143057	0	0.5	25
	chrIX	143064	0	0.5	25
	chrIX	143065	0	0.5	25
	chrIX	143070	0	1.0	25
	chrIX	143073	1	0.5	25
	chrIX	143074	1	0.5	25
	chrIX	143078	0	0.5	25
	chrIX	143099	1	0.5	25
	chrIX	143101	1	0.5	25
	chrIX	143102	0	0.5	25
	chrIX	143103	1	0.5	25
	chrIX	143104	0	0.5	25
	chrIX	143106	1	0.5	25
	chrIX	143108	1	0.5	25
	chrIX	143109	1	1.0	25
	chrIX	143114	0	0.5	25
	chrIX	143131	1	0.5	25
	chrIX	143132	1	0.5	25
	chrIX	143146	1	0.5	25
	chrIX	143150	1	0.5	25
	chrIX	143156	0	0.5	25
	chrIX	143182	0	0.5	25
	chrIX	143218	1	0.5	25
	chrIX	143225	0	0.5	25
	chrIX	143227	0	1.0	25
	chrIX	143228	1	0.5	25
	chrIX	143240	0	0.5	25
	chrIX	143288	0	0.5	25
	chrIX	143291	1	0.5	25
	chrIX	143295	0	0.5	25
	chrIX	143296	1	0.5	25
	chrIX	143297	0	0.5	25
	chrIX	143300	1	0.5	25
	chrIX	143306	1	1.0	25
	chrIX	143321	0	1.0	25
	chrIX	143325	1	0.5	25
	chrIX	143329	0	0.5	25
	chrIX	143340	1	0.5	25
	chrIX	143345	0	0.5	25
	chrIX	143349	0	1.0	25
	chrIX	143352	1	0.5	25
	chrIX	143358	1	0.5	25
	chrIX	143369	1	0.5	25
	chrIX	143385	1	1.0	25
	chrIX	143393	1	0.5	25
	chrIX	143395	0	0.5	25
	chrIX	143399	1	0.5	25
	chrIX	143401	0	0.5	25
	chrIX	143420	0	0.5	25
	chrIX	143424	0	0.5	25
	chrIX	143430	1	0.5	25
	chrIX	143437	1	0.5	25
	chrIX	143470	0	0.5	25
	chrIX	143470	1	0.5	25
	chrIX	143471	0	0.5	25
	chrIX	143480	1	0.5	25
	chrIX	143481	0	0.5	25
	chrIX	143482	0	0.5	25
	chrIX	143537	1	0.5	25
	chrIX	143538	0	0.5	25
	chrIX	143541	1	0.5	25
	chrIX	143548	0	0.5	25
	chrIX	143548	1	0.5	25
	chrIX	143551	0	0.5	25
	chrIX	143553	0	0.5	25
	chrIX	143560	0	0.5	25
	chrIX	143582	1	0.5	25
	chrIX	143587	1	0.5	25
	chrIX	143590	1	0.5	25
	chrIX	143600	1	0.5	25
	chrIX	143611	0	0.5	25
	chrIX	143613	0	0.5	25
	chrIX	143616	1	0.5	25
	chrIX	143619	1	0.5	25
	chrIX	143638	1	0.5	25
	chrIX	143641	0	0.5	25
	chrIX	143659	0	0.5	25
	chrIX	143665	0	0.5	25
	chrIX	143677	1	0.5	25
	chrIX	143694	0	0.5	25
	chrIX	143702	0	0.5	25
	chrIX	143705	0	0.5	25
	chrIX	143711	0	0.5	25
	chrIX	143715	0	0.5	25
	chrIX	143716	1	0.5	25
	chrIX	143741	0	0.5	25
	chrIX	143755	1	0.5	25
	chrIX	143763	0	0.5	25
	chrIX	143767	0	1.0	25
	chrIX	143771	1	0.5	25
	chrIX	143785	1	0.5	25
	chrIX	143787	1	0.5	25
	chrIX	143788	0	0.5	25
	chrIX	143813	1	0.5	25
	chrIX	143814	1	0.5	25
	chrIX	143815	0	0.5	25
	chrIX	143816	0	0.5	25
	chrIX	143822	1	0.5	25
	chrIX	143823	1	0.5	25
	chrIX	143824	1	0.5	25
	chrIX	143832	0	0.5	25
	chrIX	143833	1	0.5	25
	chrIX	143838	1	0.5	25
	chrIX	143841	1	0.5	25
	chrIX	143846	1	0.5	25
	chrIX	143851	0	0.5	25
	chrIX	143855	1	0.5	25
	chrIX	143875	1	0.5	25
	chrIX	143880	1	0.5	25
	chrIX	143881	1	0.5	25
	chrIX	143887	0	0.5	25
	chrIX	143929	0	0.5	25
	chrIX	143936	1	0.5	25
	chrIX	143942	0	0.5	25
	chrIX	143946	1	0.5	25
	chrIX	143967	0	0.5	25
	chrIX	143983	0	1.0	25
	chrIX	144006	0	0.5	25
	chrIX	144010	1	0.5	25
	chrIX	144013	0	0.5	25
	chrIX	144025	1	0.5	25
	chrIX	144035	1	0.5	25
	chrIX	144045	0	1.5	25
	chrIX	144061	1	0.5	25
	chrIX	144063	1	0.5	25
	chrIX	144064	0	1.0	25
	chrIX	144072	0	0.5	25
	chrIX	144077	1	0.5	25
	chrIX	144088	1	0.5	25
	chrIX	144091	0	0.5	25
	chrIX	144106	1	1.5	25
	chrIX	144118	1	1.0	25
	chrIX	144125	1	0.5	25
	chrIX	144135	0	0.5	25
	chrIX	144136	0	0.5	25
	chrIX	144138	0	0.5	25
	chrIX	144147	0	0.5	25
	chrIX	144149	0	1.5	25
	chrIX	144150	0	1.0	25
	chrIX	144151	0	0.5	25
	chrIX	144158	1	0.5	25
	chrIX	144159	0	0.5	25
	chrIX	144176	0	0.5	25
	chrIX	144179	1	0.5	25
	chrIX	144183	1	0.5	25
	chrIX	144193	0	0.5	25
	chrIX	144205	1	0.5	25
	chrIX	144206	0	0.5	25
	chrIX	144207	0	0.5	25
	chrIX	144207	1	0.5	25
	chrIX	144208	0	0.5	25
	chrIX	144208	1	0.5	25
	chrIX	144214	1	0.5	25
	chrIX	144225	0	0.5	25
	chrIX	144231	1	0.5	25
	chrIX	144233	1	1.0	25
	chrIX	144239	1	0.5	25
	chrIX	144240	0	0.5	25
	chrIX	144250	0	0.5	25
	chrIX	144267	1	1.5	25
	chrIX	144272	0	0.5	25
	chrIX	144272	1	0.5	25
	chrIX	144285	1	0.5	25
	chrIX	144297	1	0.5	25
	chrIX	144301	1	0.5	25
	chrIX	144314	0	0.5	25
	chrIX	144319	1	0.5	25
	chrIX	144323	0	0.5	25
	chrIX	144328	1	0.5	25
	chrIX	144334	1	0.5	25
	chrIX	144363	1	0.5	25
	chrIX	144364	0	0.5	25
	chrIX	144377	1	0.5	25
	chrIX	144383	0	0.5	25
	chrIX	144407	0	0.5	25
	chrIX	144415	0	0.5	25
	chrIX	144422	1	0.5	25
	chrIX	144424	1	0.5	25
	chrIX	144465	0	0.5	25
	chrIX	144477	1	0.5	25
	chrIX	144495	0	0.5	25
	chrIX	144510	1	0.5	25
	chrIX	144521	0	0.5	25
	chrIX	144528	0	0.5	25
	chrIX	144539	0	0.5	25
	chrIX	144547	0	0.5	25
	chrIX	144550	1	0.5	25
	chrIX	144556	1	0.5	25
	chrIX	144559	0	0.5	25
	chrIX	144590	0	0.5	25
	chrIX	144597	1	0.5	25
	chrIX	144598	1	0.5	25
	chrIX	144608	1	0.5	25
	chrIX	144611	1	0.5	25
	chrIX	144612	1	0.5	25
	chrIX	144617	0	0.5	25
	chrIX	144630	1	0.5	25
	chrIX	144632	1	0.5	25
	chrIX	144635	0	0.5	25
	chrIX	144637	0	1.0	25
	chrIX	144645	0	0.5	25
	chrIX	144664	0	0.5	25
	chrIX	144671	0	0.5	25
	chrIX	144675	1	0.5	25
	chrIX	144697	0	0.5	25
	chrIX	144712	0	0.5	25
	chrIX	144714	1	1.5	25
	chrIX	144719	0	1.0	25
	chrIX	144722	0	1.0	25
	chrIX	144729	1	0.5	25
	chrIX	144749	1	0.5	25
	chrIX	144759	1	0.5	25
	chrIX	144760	1	1.0	25
	chrIX	144764	0	0.5	25
	chrIX	144775	1	0.5	25
	chrIX	144782	1	0.5	25
	chrIX	144792	1	0.5	25
	chrIX	144805	0	0.5	25
	chrIX	144812	0	0.5	25
	chrIX	144845	1	0.5	25
	chrIX	144851	0	0.5	25
	chrIX	144862	1	0.5	25
	chrIX	144876	1	1.0	25
	chrIX	144905	0	0.5	25
	chrIX	144915	0	0.5	25
	chrIX	144933	1	0.5	25
	chrIX	144945	0	0.5	25
	chrIX	144988	1	0.5	25
	chrIX	144990	1	0.5	25
	chrIX	145004	0	0.5	25
	chrIX	145015	1	0.5	25
	chrIX	145027	0	0.5	25
	chrIX	145030	0	0.5	25
	chrIX	145031	0	0.5	25
	chrIX	145046	0	0.5	25
	chrIX	145062	0	0.5	25
	chrIX	145068	1	0.5	25
	chrIX	145072	1	0.5	25
	chrIX	145093	0	0.5	25
	chrIX	145100	1	0.5	25
	chrIX	145111	1	0.5	25
	chrIX	145140	1	0.5	25
	chrIX	145141	1	0.5	25
	chrIX	145149	0	1.5	25
	chrIX	145159	0	0.5	25
	chrIX	145167	1	0.5	25
	chrIX	145201	0	0.5	25
	chrIX	145210	1	1.5	25
	chrIX	145212	0	1.0	25
	chrIX	145266	1	0.5	25
	chrIX	145306	0	0.5	25
	chrIX	145318	1	0.5	25
	chrIX	145326	0	0.5	25
	chrIX	145332	0	0.5	25
	chrIX	145345	0	0.5	25
	chrIX	145347	0	0.5	25
	chrIX	145351	1	1.0	25
	chrIX	145361	0	0.5	25
	chrIX	145383	1	0.5	25
	chrIX	145401	1	1.0	25
	chrIX	145418	1	0.5	25
	chrIX	145444	0	0.5	25
	chrIX	145468	0	0.5	25
	chrIX	145483	1	0.5	25
	chrIX	145490	1	0.5	25
	chrIX	145523	1	0.5	25
	chrIX	145539	0	0.5	25
	chrIX	145552	0	0.5	25
	chrIX	145601	1	0.5	25
	chrIX	145602	1	0.5	25
	chrIX	145612	0	0.5	25
	chrIX	145638	1	0.5	25
	chrIX	145665	0	0.5	25
	chrIX	145688	1	0.5	25
	chrIX	145715	0	0.5	25
	chrIX	145716	0	0.5	25
	chrIX	145758	0	0.5	25
	chrIX	145772	1	0.5	25
	chrIX	145804	1	0.5	25
	chrIX	145849	0	0.5	25
	chrIX	145858	1	0.5	25
	chrIX	145860	0	0.5	25
	chrIX	145874	1	0.5	25
	chrIX	145875	0	0.5	25
	chrIX	145905	1	0.5	25
	chrIX	145937	0	0.5	25
	chrIX	145976	0	0.5	25
	chrIX	145986	1	0.5	25
	chrIX	145988	0	0.5	25
	chrIX	146007	1	0.5	25
	chrIX	146021	1	0.5	25
	chrIX	146034	0	0.5	25
	chrIX	146039	0	0.5	25
	chrIX	146057	1	0.5	25
	chrIX	146080	1	0.5	25
	chrIX	146092	1	0.5	25
	chrIX	146106	0	0.5	25
	chrIX	146106	1	0.5	25
	chrIX	146138	0	0.5	25
	chrIX	146142	0	0.5	25
	chrIX	146165	1	0.5	25
	chrIX	146180	0	0.5	25
	chrIX	146186	0	0.5	25
	chrIX	146191	0	0.5	25
	chrIX	146207	1	0.5	25
	chrIX	146230	1	0.5	25
	chrIX	146232	0	0.5	25
	chrIX	146247	1	0.5	25
	chrIX	146258	1	0.5	25
	chrIX	146265	1	0.5	25
	chrIX	146325	0	0.5	25
	chrIX	146365	0	0.5	25
	chrIX	146370	0	0.5	25
	chrIX	146378	1	0.5	25
	chrIX	146402	1	0.5	25
	chrIX	146426	0	0.5	25
	chrIX	146426	1	0.5	25
	chrIX	146430	0	0.5	25
	chrIX	146472	0	0.5	25
	chrIX	146472	1	0.5	25
	chrIX	146474	1	0.5	25
	chrIX	146487	1	0.5	25
	chrIX	146506	0	0.5	25
	chrIX	146531	1	0.5	25
	chrIX	146563	1	0.5	25
	chrIX	146577	0	0.5	25
	chrIX	146591	0	0.5	25
	chrIX	146622	0	0.5	25
	chrIX	146637	0	0.5	25
	chrIX	146643	0	0.5	25
	chrIX	146658	0	0.5	25
	chrIX	146659	1	0.5	25
	chrIX	146669	1	0.5	25
	chrIX	146685	1	0.5	25
	chrIX	146701	0	0.5	25
	chrIX	146702	0	0.5	25
	chrIX	146706	0	0.5	25
	chrIX	146709	1	0.5	25
	chrIX	146729	1	0.5	25
	chrIX	146755	0	0.5	25
	chrIX	146764	1	0.5	25
	chrIX	146775	0	0.5	25
	chrIX	146777	0	0.5	25
	chrIX	146784	1	0.5	25
	chrIX	146796	1	0.5	25
	chrIX	146815	0	0.5	25
	chrIX	146820	0	0.5	25
	chrIX	146826	1	1.0	25
	chrIX	146841	0	0.5	25
	chrIX	146861	1	0.5	25
	chrIX	146893	1	0.5	25
	chrIX	146899	1	0.5	25
	chrIX	146906	1	0.5	25
	chrIX	146942	0	0.5	25
	chrIX	146958	0	0.5	25
	chrIX	146962	0	0.5	25
	chrIX	147009	0	0.5	25
	chrIX	147017	1	0.5	25
	chrIX	147018	1	0.5	25
	chrIX	147019	1	0.5	25
	chrIX	147048	1	0.5	25
	chrIX	147085	0	1.0	25
	chrIX	147086	1	0.5	25
	chrIX	147112	0	0.5	25
	chrIX	147139	1	1.0	25
	chrIX	147146	0	0.5	25
	chrIX	147151	1	0.5	25
	chrIX	147156	0	0.5	25
	chrIX	147165	0	0.5	25
	chrIX	147173	0	0.5	25
	chrIX	147199	0	0.5	25
	chrIX	147199	1	0.5	25
	chrIX	147207	0	0.5	25
	chrIX	147211	0	0.5	25
	chrIX	147214	0	0.5	25
	chrIX	147215	1	0.5	25
	chrIX	147251	1	0.5	25
	chrIX	147255	1	0.5	25
	chrIX	147260	1	0.5	25
	chrIX	147267	1	0.5	25
	chrIX	147298	0	1.0	25
	chrIX	147316	1	0.5	25
	chrIX	147334	0	1.0	25
	chrIX	147345	0	1.0	25
	chrIX	147371	1	0.5	25
	chrIX	147377	0	0.5	25
	chrIX	147387	0	0.5	25
	chrIX	147393	0	0.5	25
	chrIX	147415	1	1.0	25
	chrIX	147416	1	1.0	25
	chrIX	147421	0	0.5	25
	chrIX	147427	1	0.5	25
	chrIX	147430	1	0.5	25
	chrIX	147440	0	0.5	25
	chrIX	147449	1	0.5	25
	chrIX	147454	0	0.5	25
	chrIX	147456	0	0.5	25
	chrIX	147470	1	1.0	25
	chrIX	147477	0	0.5	25
	chrIX	147511	1	0.5	25
	chrIX	147519	1	1.0	25
	chrIX	147522	0	0.5	25
	chrIX	147540	0	0.5	25
	chrIX	147541	0	1.0	25
	chrIX	147593	1	0.5	25
	chrIX	147601	1	0.5	25
	chrIX	147602	1	0.5	25
	chrIX	147603	1	0.5	25
	chrIX	147661	0	0.5	25
	chrIX	147679	0	0.5	25
	chrIX	147690	1	0.5	25
	chrIX	147699	0	0.5	25
	chrIX	147702	0	1.0	25
	chrIX	147732	1	0.5	25
	chrIX	147741	0	0.5	25
	chrIX	147751	0	0.5	25
	chrIX	147753	1	0.5	25
	chrIX	147765	1	0.5	25
	chrIX	147771	1	0.5	25
	chrIX	147792	1	1.0	25
	chrIX	147803	0	0.5	25
	chrIX	147822	1	0.5	25
	chrIX	147876	1	0.5	25
	chrIX	147882	0	0.5	25
	chrIX	147891	1	0.5	25
	chrIX	147918	0	0.5	25
	chrIX	147924	0	0.5	25
	chrIX	147927	0	0.5	25
	chrIX	147936	0	0.5	25
	chrIX	147951	1	0.5	25
	chrIX	147964	0	0.5	25
	chrIX	147982	1	0.5	25
	chrIX	147983	0	1.0	25
	chrIX	147983	1	0.5	25
	chrIX	147993	1	0.5	25
	chrIX	148008	1	0.5	25
	chrIX	148011	0	0.5	25
	chrIX	148011	1	0.5	25
	chrIX	148028	0	1.0	25
	chrIX	148032	0	0.5	25
	chrIX	148033	0	0.5	25
	chrIX	148054	1	0.5	25
	chrIX	148070	1	0.5	25
	chrIX	148073	1	0.5	25
	chrIX	148119	0	0.5	25
	chrIX	148141	0	1.0	25
	chrIX	148145	1	1.0	25
	chrIX	148166	0	0.5	25
	chrIX	148171	0	0.5	25
	chrIX	148174	1	0.5	25
	chrIX	148199	1	0.5	25
	chrIX	148203	0	0.5	25
	chrIX	148212	0	1.0	25
	chrIX	148245	1	0.5	25
	chrIX	148247	1	1.0	25
	chrIX	148255	1	0.5	25
	chrIX	148264	1	0.5	25
	chrIX	148274	1	0.5	25
	chrIX	148278	1	0.5	25
	chrIX	148313	0	0.5	25
	chrIX	148320	0	0.5	25
	chrIX	148331	0	0.5	25
	chrIX	148377	1	0.5	25
	chrIX	148379	0	0.5	25
	chrIX	148380	1	0.5	25
	chrIX	148386	0	1.0	25
	chrIX	148386	1	0.5	25
	chrIX	148387	1	0.5	25
	chrIX	148411	0	0.5	25
	chrIX	148447	1	0.5	25
	chrIX	148457	1	0.5	25
	chrIX	148460	0	0.5	25
	chrIX	148471	1	1.0	25
	chrIX	148486	0	0.5	25
	chrIX	148509	0	0.5	25
	chrIX	148530	0	0.5	25
	chrIX	148561	0	0.5	25
	chrIX	148569	1	0.5	25
	chrIX	148580	0	0.5	25
	chrIX	148584	1	0.5	25
	chrIX	148593	1	0.5	25
	chrIX	148594	0	0.5	25
	chrIX	148599	1	0.5	25
	chrIX	148618	0	0.5	25
	chrIX	148619	0	0.5	25
	chrIX	148623	0	0.5	25
	chrIX	148635	1	0.5	25
	chrIX	148665	0	0.5	25
	chrIX	148669	1	0.5	25
	chrIX	148679	1	0.5	25
	chrIX	148692	1	0.5	25
	chrIX	148698	1	0.5	25
	chrIX	148703	0	0.5	25
	chrIX	148726	1	0.5	25
	chrIX	148733	1	0.5	25
	chrIX	148746	0	1.0	25
	chrIX	148766	0	0.5	25
	chrIX	148767	0	0.5	25
	chrIX	148772	0	0.5	25
	chrIX	148775	0	0.5	25
	chrIX	148793	1	0.5	25
	chrIX	148803	1	0.5	25
	chrIX	148839	1	0.5	25
	chrIX	148861	1	0.5	25
	chrIX	148881	0	0.5	25
	chrIX	148886	0	1.5	25
	chrIX	148901	0	0.5	25
	chrIX	148912	0	0.5	25
	chrIX	148916	1	0.5	25
	chrIX	148917	0	0.5	25
	chrIX	148920	1	0.5	25
	chrIX	148921	0	0.5	25
	chrIX	148921	1	0.5	25
	chrIX	148922	0	0.5	25
	chrIX	148935	0	0.5	25
	chrIX	148939	0	0.5	25
	chrIX	148947	0	0.5	25
	chrIX	148948	0	1.5	25
	chrIX	148954	1	0.5	25
	chrIX	148963	0	0.5	25
	chrIX	148964	0	1.5	25
	chrIX	148964	1	0.5	25
	chrIX	148965	0	2.5	25
	chrIX	148970	0	0.5	25
	chrIX	148971	1	0.5	25
	chrIX	148974	0	1.5	25
	chrIX	148975	0	1.0	25
	chrIX	148976	1	0.5	25
	chrIX	148977	0	0.5	25
	chrIX	148979	1	0.5	25
	chrIX	148981	0	1.0	25
	chrIX	148982	0	0.5	25
	chrIX	148988	1	0.5	25
	chrIX	148994	0	0.5	25
	chrIX	149015	0	0.5	25
	chrIX	149016	1	0.5	25
	chrIX	149030	1	1.5	25
	chrIX	149035	1	0.5	25
	chrIX	149036	1	0.5	25
	chrIX	149038	1	0.5	25
	chrIX	149039	1	0.5	25
	chrIX	149042	1	0.5	25
	chrIX	149045	1	1.5	25
	chrIX	149046	1	0.5	25
	chrIX	149047	1	1.5	25
	chrIX	149048	1	1.5	25
	chrIX	149049	1	0.5	25
	chrIX	149050	1	1.5	25
	chrIX	149051	1	1.0	25
	chrIX	149052	0	0.5	25
	chrIX	149053	1	0.5	25
	chrIX	149055	0	0.5	25
	chrIX	149059	0	0.5	25
	chrIX	149062	0	0.5	25
	chrIX	149063	1	1.0	25
	chrIX	149091	1	1.0	25
	chrIX	149098	1	0.5	25
	chrIX	149102	0	0.5	25
	chrIX	149109	0	0.5	25
	chrIX	149110	1	0.5	25
	chrIX	149115	1	0.5	25
	chrIX	149128	0	0.5	25
	chrIX	149170	0	0.5	25
	chrIX	149194	0	0.5	25
	chrIX	149197	1	0.5	25
	chrIX	149202	1	0.5	25
	chrIX	149225	1	0.5	25
	chrIX	149226	0	0.5	25
	chrIX	149230	1	0.5	25
	chrIX	149238	1	0.5	25
	chrIX	149262	1	0.5	25
	chrIX	149268	0	0.5	25
	chrIX	149287	0	0.5	25
	chrIX	149314	0	1.0	25
	chrIX	149329	0	0.5	25
	chrIX	149348	1	0.5	25
	chrIX	149356	0	0.5	25
	chrIX	149387	1	0.5	25
	chrIX	149393	1	0.5	25
	chrIX	149394	1	0.5	25
	chrIX	149397	0	0.5	25
	chrIX	149399	0	0.5	25
	chrIX	149401	0	0.5	25
	chrIX	149403	0	0.5	25
	chrIX	149420	1	0.5	25
	chrIX	149435	1	0.5	25
	chrIX	149446	0	0.5	25
	chrIX	149463	1	0.5	25
	chrIX	149465	1	0.5	25
	chrIX	149471	1	0.5	25
	chrIX	149488	1	0.5	25
	chrIX	149491	1	0.5	25
	chrIX	149510	0	0.5	25
	chrIX	149592	1	0.5	25
	chrIX	149614	0	0.5	25
	chrIX	149615	0	0.5	25
	chrIX	149622	0	1.0	25
	chrIX	149628	0	0.5	25
	chrIX	149653	1	0.5	25
	chrIX	149666	1	0.5	25
	chrIX	149670	1	1.0	25
	chrIX	149687	1	0.5	25
	chrIX	149719	1	0.5	25
	chrIX	149740	0	0.5	25
	chrIX	149755	0	0.5	25
	chrIX	149792	0	0.5	25
	chrIX	149794	0	0.5	25
	chrIX	149812	0	0.5	25
	chrIX	149825	0	0.5	25
	chrIX	149830	1	0.5	25
	chrIX	149853	1	0.5	25
	chrIX	149858	1	0.5	25
	chrIX	149866	0	0.5	25
	chrIX	149890	0	0.5	25
	chrIX	149902	1	0.5	25
	chrIX	149903	1	0.5	25
	chrIX	149966	0	0.5	25
	chrIX	149971	1	1.0	25
	chrIX	149978	0	0.5	25
	chrIX	149981	0	0.5	25
	chrIX	149992	0	1.0	25
	chrIX	150021	1	0.5	25
	chrIX	150034	0	0.5	25
	chrIX	150043	1	0.5	25
	chrIX	150044	0	0.5	25
	chrIX	150048	1	0.5	25
	chrIX	150057	0	0.5	25
	chrIX	150062	1	0.5	25
	chrIX	150065	0	1.0	25
	chrIX	150065	1	1.0	25
	chrIX	150066	0	2.0	25
	chrIX	150068	0	0.5	25
	chrIX	150072	0	0.5	25
	chrIX	150075	0	0.5	25
	chrIX	150082	0	0.5	25
	chrIX	150100	0	0.5	25
	chrIX	150119	1	0.5	25
	chrIX	150121	0	0.5	25
	chrIX	150126	1	0.5	25
	chrIX	150129	1	1.0	25
	chrIX	150130	0	0.5	25
	chrIX	150130	1	1.5	25
	chrIX	150138	1	1.0	25
	chrIX	150140	0	1.0	25
	chrIX	150140	1	1.5	25
	chrIX	150149	1	0.5	25
	chrIX	150151	0	0.5	25
	chrIX	150157	1	0.5	25
	chrIX	150158	1	0.5	25
	chrIX	150161	0	0.5	25
	chrIX	150192	0	0.5	25
	chrIX	150197	1	1.0	25
	chrIX	150198	1	0.5	25
	chrIX	150207	1	0.5	25
	chrIX	150253	0	0.5	25
	chrIX	150275	1	0.5	25
	chrIX	150289	0	0.5	25
	chrIX	150290	0	0.5	25
	chrIX	150306	0	1.0	25
	chrIX	150307	0	1.0	25
	chrIX	150308	0	0.5	25
	chrIX	150314	0	1.0	25
	chrIX	150320	0	0.5	25
	chrIX	150326	1	0.5	25
	chrIX	150328	0	1.0	25
	chrIX	150330	0	0.5	25
	chrIX	150333	0	0.5	25
	chrIX	150336	0	0.5	25
	chrIX	150345	0	0.5	25
	chrIX	150348	0	0.5	25
	chrIX	150354	0	0.5	25
	chrIX	150363	1	0.5	25
	chrIX	150364	1	0.5	25
	chrIX	150377	1	1.5	25
	chrIX	150380	1	0.5	25
	chrIX	150390	1	0.5	25
	chrIX	150393	0	0.5	25
	chrIX	150396	1	0.5	25
	chrIX	150401	1	0.5	25
	chrIX	150416	1	0.5	25
	chrIX	150423	1	0.5	25
	chrIX	150424	1	0.5	25
	chrIX	150436	1	0.5	25
	chrIX	150443	1	1.0	25
	chrIX	150444	1	0.5	25
	chrIX	150449	0	0.5	25
	chrIX	150462	0	0.5	25
	chrIX	150481	1	0.5	25
	chrIX	150508	1	0.5	25
	chrIX	150515	1	0.5	25
	chrIX	150529	0	0.5	25
	chrIX	150541	1	0.5	25
	chrIX	150542	1	0.5	25
	chrIX	150569	1	0.5	25
	chrIX	150627	0	0.5	25
	chrIX	150739	0	0.5	25
	chrIX	150747	0	0.5	25
	chrIX	150763	1	0.5	25
	chrIX	150796	1	0.5	25
	chrIX	150807	0	1.0	25
	chrIX	150813	1	0.5	25
	chrIX	150827	0	0.5	25
	chrIX	150848	0	0.5	25
	chrIX	150848	1	1.0	25
	chrIX	150861	0	0.5	25
	chrIX	150900	1	0.5	25
	chrIX	150906	1	0.5	25
	chrIX	150910	0	0.5	25
	chrIX	150936	0	0.5	25
	chrIX	150939	1	0.5	25
	chrIX	150971	0	0.5	25
	chrIX	151001	1	0.5	25
	chrIX	151015	1	0.5	25
	chrIX	151020	0	0.5	25
	chrIX	151039	1	0.5	25
	chrIX	151091	1	0.5	25
	chrIX	151095	1	0.5	25
	chrIX	151099	0	0.5	25
	chrIX	151127	0	0.5	25
	chrIX	151172	0	0.5	25
	chrIX	151174	0	0.5	25
	chrIX	151191	1	0.5	25
	chrIX	151200	0	0.5	25
	chrIX	151201	0	0.5	25
	chrIX	151202	1	0.5	25
	chrIX	151211	0	1.0	25
	chrIX	151218	0	0.5	25
	chrIX	151220	1	0.5	25
	chrIX	151227	0	0.5	25
	chrIX	151231	0	1.0	25
	chrIX	151244	0	0.5	25
	chrIX	151251	1	0.5	25
	chrIX	151261	1	0.5	25
	chrIX	151264	1	0.5	25
	chrIX	151266	1	0.5	25
	chrIX	151276	0	1.0	25
	chrIX	151277	1	0.5	25
	chrIX	151279	1	0.5	25
	chrIX	151300	1	0.5	25
	chrIX	151304	0	0.5	25
	chrIX	151307	1	0.5	25
	chrIX	151324	1	0.5	25
	chrIX	151327	0	0.5	25
	chrIX	151327	1	0.5	25
	chrIX	151328	0	0.5	25
	chrIX	151337	0	0.5	25
	chrIX	151355	1	0.5	25
	chrIX	151364	1	0.5	25
	chrIX	151380	0	0.5	25
	chrIX	151382	1	0.5	25
	chrIX	151383	1	0.5	25
	chrIX	151388	0	0.5	25
	chrIX	151391	0	0.5	25
	chrIX	151402	0	0.5	25
	chrIX	151410	0	0.5	25
	chrIX	151416	0	0.5	25
	chrIX	151421	0	0.5	25
	chrIX	151422	0	0.5	25
	chrIX	151424	0	2.5	25
	chrIX	151426	0	0.5	25
	chrIX	151427	0	1.0	25
	chrIX	151429	0	1.0	25
	chrIX	151430	0	1.0	25
	chrIX	151434	0	1.0	25
	chrIX	151438	0	0.5	25
	chrIX	151439	0	1.0	25
	chrIX	151441	0	0.5	25
	chrIX	151443	0	0.5	25
	chrIX	151443	1	0.5	25
	chrIX	151444	0	2.0	25
	chrIX	151451	0	0.5	25
	chrIX	151453	0	2.5	25
	chrIX	151454	0	0.5	25
	chrIX	151455	0	0.5	25
	chrIX	151456	0	4.0	25
	chrIX	151457	0	0.5	25
	chrIX	151478	1	3.0	25
	chrIX	151480	1	0.5	25
	chrIX	151484	1	0.5	25
	chrIX	151486	1	0.5	25
	chrIX	151490	1	1.0	25
	chrIX	151491	1	1.0	25
	chrIX	151496	1	1.5	25
	chrIX	151497	0	0.5	25
	chrIX	151497	1	1.5	25
	chrIX	151498	0	0.5	25
	chrIX	151502	1	1.0	25
	chrIX	151503	1	2.0	25
	chrIX	151504	0	0.5	25
	chrIX	151504	1	1.0	25
	chrIX	151505	1	0.5	25
	chrIX	151506	0	0.5	25
	chrIX	151506	1	3.0	25
	chrIX	151516	1	2.5	25
	chrIX	151517	0	0.5	25
	chrIX	151518	1	1.0	25
	chrIX	151519	0	0.5	25
	chrIX	151523	1	0.5	25
	chrIX	151527	1	0.5	25
	chrIX	151529	0	0.5	25
	chrIX	151529	1	0.5	25
	chrIX	151534	1	0.5	25
	chrIX	151541	1	0.5	25
	chrIX	151548	1	0.5	25
	chrIX	151556	1	0.5	25
	chrIX	151560	0	0.5	25
	chrIX	151573	0	0.5	25
	chrIX	151578	1	0.5	25
	chrIX	151592	1	0.5	25
	chrIX	151594	1	0.5	25
	chrIX	151595	0	0.5	25
	chrIX	151596	1	0.5	25
	chrIX	151599	0	0.5	25
	chrIX	151623	1	0.5	25
	chrIX	151627	1	0.5	25
	chrIX	151693	1	1.0	25
	chrIX	151694	0	0.5	25
	chrIX	151694	1	1.0	25
	chrIX	151702	0	0.5	25
	chrIX	151730	0	1.0	25
	chrIX	151730	1	1.0	25
	chrIX	151753	0	0.5	25
	chrIX	151771	0	0.5	25
	chrIX	151779	1	1.0	25
	chrIX	151799	0	0.5	25
	chrIX	151810	1	0.5	25
	chrIX	151815	1	0.5	25
	chrIX	151828	1	0.5	25
	chrIX	151835	0	0.5	25
	chrIX	151842	0	0.5	25
	chrIX	151861	0	0.5	25
	chrIX	151872	0	0.5	25
	chrIX	151872	1	0.5	25
	chrIX	151886	0	0.5	25
	chrIX	151903	1	0.5	25
	chrIX	151906	0	0.5	25
	chrIX	151908	1	0.5	25
	chrIX	151937	1	0.5	25
	chrIX	151939	1	0.5	25
	chrIX	151970	1	0.5	25
	chrIX	151980	1	0.5	25
	chrIX	152009	0	0.5	25
	chrIX	152018	0	0.5	25
	chrIX	152062	0	0.5	25
	chrIX	152086	1	0.5	25
	chrIX	152090	1	0.5	25
	chrIX	152093	0	0.5	25
	chrIX	152098	1	0.5	25
	chrIX	152099	0	0.5	25
	chrIX	152126	0	0.5	25
	chrIX	152152	1	0.5	25
	chrIX	152156	1	0.5	25
	chrIX	152167	1	1.0	25
	chrIX	152173	0	0.5	25
	chrIX	152195	0	1.5	25
	chrIX	152224	0	1.0	25
	chrIX	152265	1	0.5	25
	chrIX	152285	1	0.5	25
	chrIX	152304	0	0.5	25
	chrIX	152343	1	1.0	25
	chrIX	152348	0	1.0	25
	chrIX	152350	1	0.5	25
	chrIX	152356	0	0.5	25
	chrIX	152394	1	0.5	25
	chrIX	152420	1	0.5	25
	chrIX	152423	0	0.5	25
	chrIX	152447	1	1.0	25
	chrIX	152463	0	0.5	25
	chrIX	152482	0	0.5	25
	chrIX	152488	1	0.5	25
	chrIX	152496	0	0.5	25
	chrIX	152498	0	0.5	25
	chrIX	152514	1	0.5	25
	chrIX	152518	0	0.5	25
	chrIX	152541	0	0.5	25
	chrIX	152541	1	0.5	25
	chrIX	152542	1	0.5	25
	chrIX	152569	0	0.5	25
	chrIX	152619	1	0.5	25
	chrIX	152621	1	0.5	25
	chrIX	152622	0	0.5	25
	chrIX	152639	0	0.5	25
	chrIX	152657	1	0.5	25
	chrIX	152663	1	0.5	25
	chrIX	152689	1	0.5	25
	chrIX	152706	0	0.5	25
	chrIX	152737	1	0.5	25
	chrIX	152749	1	0.5	25
	chrIX	152768	0	0.5	25
	chrIX	152770	0	0.5	25
	chrIX	152776	1	0.5	25
	chrIX	152805	0	1.0	25
	chrIX	152843	1	0.5	25
	chrIX	152852	0	0.5	25
	chrIX	152859	1	0.5	25
	chrIX	152861	0	0.5	25
	chrIX	152906	0	0.5	25
	chrIX	152920	1	0.5	25
	chrIX	152949	0	1.0	25
	chrIX	152963	1	0.5	25
	chrIX	152970	0	0.5	25
	chrIX	152977	1	1.0	25
	chrIX	152980	1	0.5	25
	chrIX	152995	0	0.5	25
	chrIX	153020	1	0.5	25
	chrIX	153034	0	0.5	25
	chrIX	153035	0	0.5	25
	chrIX	153037	0	0.5	25
	chrIX	153038	0	0.5	25
	chrIX	153042	0	0.5	25
	chrIX	153042	1	0.5	25
	chrIX	153073	1	1.0	25
	chrIX	153086	0	0.5	25
	chrIX	153092	1	0.5	25
	chrIX	153093	1	0.5	25
	chrIX	153097	1	0.5	25
	chrIX	153121	0	0.5	25
	chrIX	153137	1	0.5	25
	chrIX	153143	1	0.5	25
	chrIX	153187	0	0.5	25
	chrIX	153193	1	0.5	25
	chrIX	153194	0	0.5	25
	chrIX	153218	0	0.5	25
	chrIX	153227	1	0.5	25
	chrIX	153237	0	0.5	25
	chrIX	153248	1	0.5	25
	chrIX	153259	0	1.0	25
	chrIX	153263	1	0.5	25
	chrIX	153294	1	0.5	25
	chrIX	153298	0	0.5	25
	chrIX	153299	0	1.5	25
	chrIX	153319	0	0.5	25
	chrIX	153320	0	0.5	25
	chrIX	153335	0	0.5	23
	chrIX	153344	1	1.0	25
	chrIX	153364	1	0.5	25
	chrIX	153368	1	1.5	25
	chrIX	153373	0	0.5	25
	chrIX	153388	1	0.5	25
	chrIX	153397	0	0.5	25
	chrIX	153399	1	0.5	25
	chrIX	153425	1	0.5	25
	chrIX	153432	1	0.5	25
	chrIX	153449	0	0.5	25
	chrIX	153468	0	0.5	25
	chrIX	153470	0	1.0	25
	chrIX	153472	0	0.5	25
	chrIX	153491	1	0.5	25
	chrIX	153493	0	1.0	25
	chrIX	153501	0	0.5	25
	chrIX	153510	0	0.5	25
	chrIX	153520	1	0.5	25
	chrIX	153526	1	0.5	25
	chrIX	153563	1	0.5	25
	chrIX	153567	1	0.5	25
	chrIX	153576	1	1.0	25
	chrIX	153578	0	0.5	25
	chrIX	153582	0	0.5	25
	chrIX	153613	1	0.5	25
	chrIX	153630	1	0.5	25
	chrIX	153637	0	0.5	25
	chrIX	153662	1	0.5	25
	chrIX	153669	1	1.0	25
	chrIX	153677	0	1.0	25
	chrIX	153687	0	0.5	25
	chrIX	153700	1	0.5	25
	chrIX	153710	0	0.5	25
	chrIX	153721	1	0.5	25
	chrIX	153747	0	0.5	25
	chrIX	153749	0	1.0	25
	chrIX	153766	1	1.0	25
	chrIX	153769	1	0.5	25
	chrIX	153782	0	1.0	25
	chrIX	153782	1	0.5	25
	chrIX	153794	0	0.5	25
	chrIX	153800	1	0.5	25
	chrIX	153816	0	1.0	25
	chrIX	153837	0	0.5	25
	chrIX	153859	1	1.0	25
	chrIX	153872	1	0.5	25
	chrIX	153876	1	0.5	25
	chrIX	153900	0	0.5	25
	chrIX	153910	0	0.5	25
	chrIX	153930	1	0.5	25
	chrIX	153955	0	0.5	25
	chrIX	153955	1	1.0	25
	chrIX	153964	0	0.5	25
	chrIX	153965	1	0.5	24
	chrIX	153965	1	0.5	25
	chrIX	154005	0	0.5	25
	chrIX	154025	1	0.5	25
	chrIX	154052	0	0.5	25
	chrIX	154062	1	0.5	25
	chrIX	154078	1	0.5	25
	chrIX	154082	0	0.5	25
	chrIX	154113	1	0.5	25
	chrIX	154117	0	0.5	25
	chrIX	154135	0	0.5	25
	chrIX	154135	1	0.5	25
	chrIX	154177	0	0.5	25
	chrIX	154178	1	0.5	25
	chrIX	154195	0	0.5	25
	chrIX	154204	0	0.5	25
	chrIX	154208	0	0.5	25
	chrIX	154208	1	1.0	25
	chrIX	154236	1	0.5	25
	chrIX	154272	1	0.5	25
	chrIX	154273	1	0.5	25
	chrIX	154275	0	0.5	25
	chrIX	154279	0	0.5	25
	chrIX	154294	1	0.5	25
	chrIX	154297	0	0.5	25
	chrIX	154331	0	0.5	25
	chrIX	154345	1	0.5	25
	chrIX	154351	1	0.5	25
	chrIX	154364	0	1.0	25
	chrIX	154369	0	0.5	25
	chrIX	154374	0	0.5	25
	chrIX	154400	1	0.5	25
	chrIX	154402	0	0.5	25
	chrIX	154407	0	0.5	25
	chrIX	154434	1	0.5	25
	chrIX	154444	1	0.5	25
	chrIX	154447	0	0.5	25
	chrIX	154450	1	1.0	25
	chrIX	154466	1	0.5	25
	chrIX	154478	1	0.5	25
	chrIX	154487	0	0.5	25
	chrIX	154489	0	0.5	25
	chrIX	154540	1	1.0	25
	chrIX	154560	0	0.5	25
	chrIX	154571	0	1.0	25
	chrIX	154577	1	0.5	25
	chrIX	154586	1	0.5	25
	chrIX	154606	1	0.5	25
	chrIX	154611	0	0.5	25
	chrIX	154660	0	0.5	25
	chrIX	154661	1	0.5	23
	chrIX	154661	1	0.5	25
	chrIX	154678	1	0.5	25
	chrIX	154712	1	0.5	25
	chrIX	154719	0	0.5	25
	chrIX	154760	1	0.5	25
	chrIX	154824	0	0.5	25
	chrIX	154871	0	1.0	25
	chrIX	154871	1	0.5	25
	chrIX	154878	0	0.5	25
	chrIX	154901	0	0.5	25
	chrIX	154905	0	0.5	25
	chrIX	154927	0	0.5	25
	chrIX	154931	0	0.5	25
	chrIX	154932	0	0.5	25
	chrIX	154934	0	0.5	25
	chrIX	154935	1	1.0	25
	chrIX	154954	0	0.5	25
	chrIX	154955	0	0.5	25
	chrIX	154957	0	0.5	25
	chrIX	154959	0	2.0	25
	chrIX	154959	1	0.5	25
	chrIX	154963	1	0.5	25
	chrIX	154966	0	0.5	25
	chrIX	154968	0	0.5	25
	chrIX	154978	0	0.5	25
	chrIX	154981	0	0.5	25
	chrIX	154985	0	0.5	25
	chrIX	154985	1	0.5	25
	chrIX	154992	0	0.5	25
	chrIX	154993	0	0.5	25
	chrIX	154997	1	2.0	25
	chrIX	154998	0	0.5	25
	chrIX	154999	1	0.5	25
	chrIX	155000	0	1.0	25
	chrIX	155007	1	0.5	25
	chrIX	155008	0	0.5	25
	chrIX	155008	1	1.0	25
	chrIX	155009	0	0.5	25
	chrIX	155013	1	0.5	25
	chrIX	155018	0	0.5	25
	chrIX	155024	0	0.5	25
	chrIX	155024	1	0.5	25
	chrIX	155026	1	0.5	25
	chrIX	155027	0	0.5	25
	chrIX	155032	1	0.5	25
	chrIX	155036	0	0.5	25
	chrIX	155039	0	0.5	25
	chrIX	155048	1	1.0	25
	chrIX	155049	1	0.5	25
	chrIX	155059	1	0.5	25
	chrIX	155060	1	0.5	25
	chrIX	155074	0	0.5	25
	chrIX	155077	1	0.5	25
	chrIX	155079	0	0.5	25
	chrIX	155082	1	1.0	25
	chrIX	155084	0	0.5	25
	chrIX	155088	1	0.5	25
	chrIX	155094	1	0.5	25
	chrIX	155095	0	0.5	25
	chrIX	155107	1	0.5	25
	chrIX	155114	0	0.5	25
	chrIX	155114	1	0.5	25
	chrIX	155117	1	0.5	25
	chrIX	155121	1	0.5	25
	chrIX	155123	0	0.5	25
	chrIX	155141	0	0.5	25
	chrIX	155143	0	0.5	25
	chrIX	155144	1	0.5	25
	chrIX	155147	0	0.5	25
	chrIX	155153	1	0.5	25
	chrIX	155154	1	0.5	25
	chrIX	155156	0	0.5	25
	chrIX	155156	1	0.5	25
	chrIX	155159	1	0.5	25
	chrIX	155161	1	0.5	25
	chrIX	155189	0	0.5	25
	chrIX	155207	1	1.0	25
	chrIX	155210	1	1.0	25
	chrIX	155217	0	0.5	25
	chrIX	155229	0	0.5	25
	chrIX	155230	1	0.5	25
	chrIX	155231	0	0.5	25
	chrIX	155234	0	0.5	25
	chrIX	155235	0	0.5	25
	chrIX	155238	0	0.5	25
	chrIX	155270	1	1.0	25
	chrIX	155272	1	0.5	25
	chrIX	155277	1	0.5	25
	chrIX	155287	0	0.5	25
	chrIX	155290	1	0.5	25
	chrIX	155304	1	0.5	25
	chrIX	155314	0	0.5	25
	chrIX	155315	0	0.5	25
	chrIX	155330	1	0.5	25
	chrIX	155343	1	0.5	25
	chrIX	155344	1	0.5	25
	chrIX	155352	0	0.5	25
	chrIX	155359	0	0.5	25
	chrIX	155363	0	0.5	25
	chrIX	155368	0	0.5	25
	chrIX	155371	1	0.5	25
	chrIX	155380	1	0.5	25
	chrIX	155404	0	0.5	25
	chrIX	155407	1	0.5	25
	chrIX	155418	1	0.5	25
	chrIX	155422	1	0.5	25
	chrIX	155442	0	1.0	25
	chrIX	155445	0	1.0	25
	chrIX	155446	0	0.5	25
	chrIX	155448	1	0.5	25
	chrIX	155492	1	0.5	25
	chrIX	155499	1	0.5	25
	chrIX	155502	0	0.5	25
	chrIX	155523	1	0.5	25
	chrIX	155527	0	0.5	25
	chrIX	155535	0	0.5	25
	chrIX	155540	1	0.5	25
	chrIX	155547	0	0.5	25
	chrIX	155556	1	1.0	25
	chrIX	155584	1	0.5	25
	chrIX	155600	1	0.5	25
	chrIX	155602	1	0.5	25
	chrIX	155621	0	0.5	25
	chrIX	155622	0	0.5	25
	chrIX	155630	0	0.5	25
	chrIX	155630	1	0.5	25
	chrIX	155648	0	0.5	25
	chrIX	155674	0	0.5	25
	chrIX	155691	1	0.5	25
	chrIX	155692	1	0.5	25
	chrIX	155713	0	0.5	25
	chrIX	155729	0	0.5	25
	chrIX	155730	1	0.5	25
	chrIX	155737	0	0.5	25
	chrIX	155762	0	0.5	25
	chrIX	155764	0	0.5	25
	chrIX	155790	1	0.5	25
	chrIX	155793	0	0.5	25
	chrIX	155794	1	0.5	25
	chrIX	155796	0	0.5	25
	chrIX	155805	0	1.0	25
	chrIX	155815	0	0.5	25
	chrIX	155818	0	1.0	25
	chrIX	155835	0	0.5	25
	chrIX	155841	1	0.5	25
	chrIX	155847	1	0.5	25
	chrIX	155851	1	0.5	25
	chrIX	155857	1	1.0	25
	chrIX	155865	1	1.0	25
	chrIX	155866	0	0.5	25
	chrIX	155869	0	1.0	25
	chrIX	155869	1	0.5	25
	chrIX	155879	1	0.5	25
	chrIX	155886	1	0.5	25
	chrIX	155887	1	0.5	25
	chrIX	155892	1	0.5	25
	chrIX	155905	0	1.0	25
	chrIX	155909	0	1.5	25
	chrIX	155915	1	0.5	25
	chrIX	155916	0	0.5	25
	chrIX	155930	1	0.5	25
	chrIX	155935	0	1.0	25
	chrIX	155952	0	0.5	25
	chrIX	155961	1	1.0	25
	chrIX	155964	0	0.5	25
	chrIX	155966	1	1.5	25
	chrIX	155975	1	0.5	25
	chrIX	155996	1	1.0	25
	chrIX	155997	1	0.5	25
	chrIX	155998	0	1.0	25
	chrIX	156002	1	0.5	25
	chrIX	156009	0	0.5	25
	chrIX	156010	0	0.5	25
	chrIX	156017	0	0.5	25
	chrIX	156025	0	0.5	25
	chrIX	156025	1	0.5	25
	chrIX	156031	1	0.5	25
	chrIX	156040	0	0.5	25
	chrIX	156057	1	0.5	25
	chrIX	156065	1	0.5	25
	chrIX	156081	1	0.5	25
	chrIX	156084	1	0.5	25
	chrIX	156125	0	1.0	25
	chrIX	156130	0	0.5	25
	chrIX	156153	0	0.5	25
	chrIX	156166	1	0.5	25
	chrIX	156167	0	0.5	25
	chrIX	156168	0	0.5	25
	chrIX	156172	0	0.5	25
	chrIX	156190	1	0.5	25
	chrIX	156196	1	1.0	25
	chrIX	156219	1	0.5	25
	chrIX	156220	1	0.5	25
	chrIX	156221	1	0.5	25
	chrIX	156228	0	1.0	25
	chrIX	156241	1	0.5	25
	chrIX	156262	0	0.5	25
	chrIX	156283	1	0.5	25
	chrIX	156291	0	1.0	25
	chrIX	156292	1	1.0	25
	chrIX	156298	0	0.5	25
	chrIX	156334	1	0.5	25
	chrIX	156336	0	0.5	25
	chrIX	156385	0	0.5	25
	chrIX	156458	1	1.5	25
	chrIX	156459	1	0.5	25
	chrIX	156486	1	0.5	25
	chrIX	156494	1	0.5	25
	chrIX	156504	0	1.0	25
	chrIX	156506	0	0.5	25
	chrIX	156558	1	1.0	25
	chrIX	156577	1	0.5	25
	chrIX	156597	0	0.5	25
	chrIX	156608	0	0.5	25
	chrIX	156654	0	0.5	25
	chrIX	156661	0	0.5	25
	chrIX	156671	1	0.5	25
	chrIX	156672	0	0.5	25
	chrIX	156673	0	0.5	25
	chrIX	156682	0	0.5	25
	chrIX	156715	1	0.5	23
	chrIX	156722	1	0.5	25
	chrIX	156730	0	1.0	25
	chrIX	156740	0	1.0	25
	chrIX	156743	1	0.5	25
	chrIX	156791	1	1.0	25
	chrIX	156809	0	0.5	25
	chrIX	156818	0	0.5	25
	chrIX	156829	1	0.5	25
	chrIX	156832	1	1.0	25
	chrIX	156833	0	0.5	25
	chrIX	156855	1	0.5	25
	chrIX	156870	1	0.5	25
	chrIX	156871	1	0.5	25
	chrIX	156881	1	0.5	25
	chrIX	156900	0	0.5	25
	chrIX	156917	0	0.5	25
	chrIX	156939	0	0.5	25
	chrIX	156957	0	1.0	25
	chrIX	156959	1	0.5	25
	chrIX	156974	1	0.5	25
	chrIX	156977	1	0.5	25
	chrIX	156978	0	0.5	25
	chrIX	156980	0	0.5	25
	chrIX	157001	1	0.5	25
	chrIX	157014	0	0.5	25
	chrIX	157015	0	0.5	25
	chrIX	157133	1	0.5	25
	chrIX	157145	0	0.5	25
	chrIX	157163	0	0.5	25
	chrIX	157169	1	0.5	25
	chrIX	157177	1	0.5	25
	chrIX	157209	1	0.5	25
	chrIX	157221	1	1.0	25
	chrIX	157222	0	1.5	25
	chrIX	157222	1	0.5	25
	chrIX	157224	1	0.5	25
	chrIX	157235	0	0.5	25
	chrIX	157252	0	0.5	25
	chrIX	157253	0	0.5	25
	chrIX	157274	1	1.0	25
	chrIX	157277	0	0.5	25
	chrIX	157293	0	0.5	25
	chrIX	157296	0	0.5	25
	chrIX	157298	1	0.5	25
	chrIX	157301	0	0.5	25
	chrIX	157303	0	1.0	25
	chrIX	157303	1	0.5	25
	chrIX	157306	1	0.5	25
	chrIX	157308	0	0.5	25
	chrIX	157314	0	0.5	25
	chrIX	157315	0	0.5	25
	chrIX	157319	1	0.5	25
	chrIX	157320	0	1.0	25
	chrIX	157328	0	0.5	25
	chrIX	157328	1	0.5	25
	chrIX	157350	1	0.5	25
	chrIX	157351	0	0.5	25
	chrIX	157360	1	0.5	25
	chrIX	157379	1	0.5	25
	chrIX	157381	1	0.5	25
	chrIX	157386	1	1.0	25
	chrIX	157387	1	0.5	25
	chrIX	157394	0	1.0	25
	chrIX	157403	1	0.5	25
	chrIX	157406	0	0.5	25
	chrIX	157407	1	0.5	25
	chrIX	157410	1	1.0	25
	chrIX	157439	1	0.5	25
	chrIX	157452	1	0.5	25
	chrIX	157454	0	1.0	25
	chrIX	157461	0	0.5	25
	chrIX	157461	1	1.0	25
	chrIX	157478	0	0.5	25
	chrIX	157532	0	0.5	25
	chrIX	157542	1	0.5	25
	chrIX	157544	0	0.5	25
	chrIX	157549	1	0.5	25
	chrIX	157565	0	0.5	25
	chrIX	157578	0	0.5	25
	chrIX	157579	0	0.5	25
	chrIX	157590	1	0.5	25
	chrIX	157602	0	0.5	25
	chrIX	157607	0	1.0	25
	chrIX	157619	1	0.5	25
	chrIX	157620	1	1.0	25
	chrIX	157658	1	0.5	25
	chrIX	157661	1	1.0	25
	chrIX	157666	0	0.5	25
	chrIX	157676	0	0.5	25
	chrIX	157701	1	0.5	25
	chrIX	157746	1	0.5	25
	chrIX	157781	0	0.5	25
	chrIX	157799	0	0.5	25
	chrIX	157809	0	1.5	25
	chrIX	157824	0	0.5	25
	chrIX	157826	0	0.5	25
	chrIX	157829	0	0.5	25
	chrIX	157841	0	0.5	25
	chrIX	157854	0	0.5	25
	chrIX	157858	0	0.5	25
	chrIX	157886	1	1.5	25
	chrIX	157889	1	0.5	25
	chrIX	157894	1	0.5	25
	chrIX	157903	1	0.5	25
	chrIX	157912	1	0.5	25
	chrIX	157918	1	0.5	25
	chrIX	157921	1	0.5	25
	chrIX	157922	0	0.5	25
	chrIX	157926	1	0.5	25
	chrIX	157932	1	0.5	25
	chrIX	157933	0	1.0	25
	chrIX	157946	1	0.5	25
	chrIX	157991	1	0.5	25
	chrIX	157996	1	0.5	25
	chrIX	158006	0	0.5	25
	chrIX	158048	0	0.5	25
	chrIX	158077	1	1.0	25
	chrIX	158078	1	0.5	25
	chrIX	158109	1	0.5	25
	chrIX	158135	0	0.5	25
	chrIX	158144	0	0.5	25
	chrIX	158146	0	0.5	25
	chrIX	158152	1	0.5	25
	chrIX	158214	0	0.5	25
	chrIX	158219	1	0.5	25
	chrIX	158222	0	0.5	25
	chrIX	158249	0	0.5	25
	chrIX	158270	0	0.5	25
	chrIX	158274	1	0.5	25
	chrIX	158279	0	0.5	25
	chrIX	158307	1	0.5	25
	chrIX	158320	0	0.5	25
	chrIX	158323	1	0.5	25
	chrIX	158327	1	0.5	25
	chrIX	158335	1	0.5	25
	chrIX	158347	0	0.5	25
	chrIX	158361	0	0.5	25
	chrIX	158384	0	0.5	25
	chrIX	158387	1	0.5	25
	chrIX	158392	1	0.5	25
	chrIX	158412	0	0.5	25
	chrIX	158415	0	0.5	25
	chrIX	158418	0	0.5	25
	chrIX	158433	1	0.5	25
	chrIX	158442	1	0.5	25
	chrIX	158454	1	0.5	25
	chrIX	158476	1	0.5	25
	chrIX	158494	1	0.5	25
	chrIX	158495	0	0.5	25
	chrIX	158495	1	0.5	25
	chrIX	158505	1	0.5	25
	chrIX	158519	0	0.5	25
	chrIX	158534	0	0.5	25
	chrIX	158550	1	0.5	25
	chrIX	158557	1	0.5	25
	chrIX	158589	0	0.5	25
	chrIX	158593	0	0.5	25
	chrIX	158595	0	0.5	25
	chrIX	158596	0	0.5	25
	chrIX	158605	1	0.5	25
	chrIX	158639	1	0.5	25
	chrIX	158650	0	1.0	25
	chrIX	158659	1	0.5	25
	chrIX	158664	1	0.5	25
	chrIX	158668	0	0.5	25
	chrIX	158672	0	0.5	25
	chrIX	158677	1	0.5	25
	chrIX	158679	0	0.5	25
	chrIX	158702	1	0.5	25
	chrIX	158705	0	0.5	25
	chrIX	158713	1	0.5	25
	chrIX	158717	0	0.5	25
	chrIX	158727	1	0.5	25
	chrIX	158764	1	0.5	25
	chrIX	158802	0	0.5	25
	chrIX	158804	1	1.0	25
	chrIX	158835	0	0.5	25
	chrIX	158852	1	0.5	25
	chrIX	158882	0	0.5	25
	chrIX	158909	0	0.5	25
	chrIX	158910	1	0.5	25
	chrIX	158915	0	0.5	25
	chrIX	158917	0	0.5	25
	chrIX	158919	1	0.5	25
	chrIX	158941	0	0.5	25
	chrIX	158977	1	0.5	25
	chrIX	158978	1	0.5	25
	chrIX	158991	0	0.5	25
	chrIX	158992	1	0.5	25
	chrIX	159005	1	0.5	25
	chrIX	159010	0	0.5	25
	chrIX	159032	1	0.5	25
	chrIX	159034	0	0.5	25
	chrIX	159064	1	0.5	25
	chrIX	159085	0	0.5	25
	chrIX	159110	0	0.5	25
	chrIX	159135	0	0.5	25
	chrIX	159139	0	0.5	25
	chrIX	159139	1	0.5	25
	chrIX	159159	1	0.5	25
	chrIX	159167	1	0.5	25
	chrIX	159168	1	0.5	25
	chrIX	159180	0	0.5	25
	chrIX	159211	1	0.5	25
	chrIX	159232	1	0.5	25
	chrIX	159237	0	0.5	25
	chrIX	159246	0	0.5	25
	chrIX	159251	0	0.5	25
	chrIX	159254	0	0.5	25
	chrIX	159292	1	0.5	25
	chrIX	159297	1	0.5	25
	chrIX	159307	1	0.5	25
	chrIX	159310	0	0.5	25
	chrIX	159312	1	0.5	25
	chrIX	159326	0	0.5	25
	chrIX	159347	0	0.5	25
	chrIX	159378	1	0.5	25
	chrIX	159409	0	0.5	25
	chrIX	159415	1	0.5	25
	chrIX	159421	0	0.5	25
	chrIX	159424	1	0.5	25
	chrIX	159443	0	1.0	25
	chrIX	159452	0	0.5	25
	chrIX	159482	1	0.5	25
	chrIX	159494	1	0.5	25
	chrIX	159503	0	0.5	25
	chrIX	159505	1	0.5	25
	chrIX	159577	1	0.5	25
	chrIX	159606	1	0.5	25
	chrIX	159619	1	1.0	25
	chrIX	159620	0	0.5	25
	chrIX	159680	0	0.5	25
	chrIX	159722	0	0.5	25
	chrIX	159747	1	0.5	25
	chrIX	159753	1	0.5	25
	chrIX	159769	0	0.5	25
	chrIX	159795	1	0.5	25
	chrIX	159847	1	0.5	25
	chrIX	159865	0	0.5	25
	chrIX	159880	0	2.0	25
	chrIX	160027	1	0.5	25
	chrIX	160033	1	2.0	25
	chrIX	160120	0	0.5	25
	chrIX	160130	0	0.5	25
	chrIX	160177	0	1.0	25
	chrIX	160190	0	1.0	25
	chrIX	160190	1	0.5	25
	chrIX	160203	0	0.5	25
	chrIX	160206	1	0.5	25
	chrIX	160213	0	0.5	25
	chrIX	160254	0	0.5	25
	chrIX	160256	0	0.5	25
	chrIX	160256	1	1.0	25
	chrIX	160273	0	0.5	25
	chrIX	160278	0	0.5	25
	chrIX	160285	1	0.5	25
	chrIX	160291	0	0.5	25
	chrIX	160291	1	1.0	25
	chrIX	160294	0	0.5	25
	chrIX	160295	0	2.0	25
	chrIX	160297	0	0.5	25
	chrIX	160317	1	0.5	25
	chrIX	160330	0	0.5	25
	chrIX	160347	1	1.0	25
	chrIX	160353	1	0.5	25
	chrIX	160360	1	1.0	25
	chrIX	160363	1	0.5	25
	chrIX	160383	1	0.5	24
	chrIX	160383	1	1.5	25
	chrIX	160390	0	1.0	25
	chrIX	160405	1	0.5	25
	chrIX	160418	0	0.5	25
	chrIX	160432	0	0.5	25
	chrIX	160433	0	0.5	25
	chrIX	160453	0	0.5	25
	chrIX	160459	1	0.5	25
	chrIX	160469	0	0.5	25
	chrIX	160475	1	0.5	25
	chrIX	160477	1	0.5	25
	chrIX	160493	1	0.5	25
	chrIX	160506	0	0.5	25
	chrIX	160506	1	0.5	25
	chrIX	160511	1	1.0	25
	chrIX	160531	0	0.5	25
	chrIX	160537	0	0.5	25
	chrIX	160537	1	0.5	25
	chrIX	160539	0	0.5	25
	chrIX	160551	0	1.5	25
	chrIX	160558	0	1.0	25
	chrIX	160559	0	0.5	25
	chrIX	160560	0	1.0	25
	chrIX	160565	0	0.5	25
	chrIX	160583	1	1.5	25
	chrIX	160584	0	2.0	25
	chrIX	160585	0	0.5	25
	chrIX	160587	0	0.5	25
	chrIX	160593	0	0.5	25
	chrIX	160601	1	0.5	25
	chrIX	160612	1	0.5	25
	chrIX	160615	0	0.5	25
	chrIX	160618	1	1.0	25
	chrIX	160628	1	1.5	25
	chrIX	160636	1	0.5	25
	chrIX	160640	0	0.5	25
	chrIX	160646	1	0.5	25
	chrIX	160650	1	0.5	25
	chrIX	160652	1	0.5	25
	chrIX	160656	1	1.0	25
	chrIX	160658	1	0.5	25
	chrIX	160672	1	0.5	25
	chrIX	160677	0	0.5	25
	chrIX	160683	0	0.5	25
	chrIX	160692	1	0.5	25
	chrIX	160695	0	0.5	25
	chrIX	160723	0	0.5	25
	chrIX	160741	0	0.5	25
	chrIX	160744	0	0.5	25
	chrIX	160749	1	0.5	25
	chrIX	160752	0	0.5	25
	chrIX	160758	1	0.5	25
	chrIX	160759	0	1.5	25
	chrIX	160764	0	0.5	25
	chrIX	160765	0	1.0	25
	chrIX	160766	1	0.5	25
	chrIX	160769	0	0.5	25
	chrIX	160782	1	0.5	25
	chrIX	160807	1	0.5	25
	chrIX	160811	1	0.5	25
	chrIX	160812	1	1.0	25
	chrIX	160822	1	1.0	25
	chrIX	160824	1	0.5	25
	chrIX	160826	1	0.5	25
	chrIX	160829	0	1.0	25
	chrIX	160829	1	0.5	25
	chrIX	160830	0	1.0	25
	chrIX	160834	0	0.5	25
	chrIX	160836	1	0.5	25
	chrIX	160837	1	0.5	25
	chrIX	160838	1	0.5	25
	chrIX	160839	1	0.5	25
	chrIX	160897	0	0.5	25
	chrIX	160899	1	1.0	25
	chrIX	160912	1	0.5	25
	chrIX	160936	0	0.5	25
	chrIX	160939	0	1.0	25
	chrIX	160957	1	0.5	25
	chrIX	160959	0	0.5	25
	chrIX	160970	0	0.5	25
	chrIX	160972	0	0.5	25
	chrIX	160982	1	0.5	25
	chrIX	160989	1	0.5	25
	chrIX	160997	1	0.5	25
	chrIX	161001	1	0.5	25
	chrIX	161018	0	0.5	25
	chrIX	161027	1	1.0	25
	chrIX	161083	0	1.0	25
	chrIX	161094	0	0.5	25
	chrIX	161104	1	0.5	25
	chrIX	161132	0	0.5	25
	chrIX	161166	0	0.5	25
	chrIX	161174	1	1.0	25
	chrIX	161180	0	0.5	25
	chrIX	161189	1	0.5	25
	chrIX	161197	1	0.5	25
	chrIX	161209	1	0.5	25
	chrIX	161211	1	0.5	25
	chrIX	161262	1	0.5	25
	chrIX	161338	0	0.5	25
	chrIX	161338	1	0.5	25
	chrIX	161363	0	0.5	25
	chrIX	161369	0	0.5	25
	chrIX	161373	0	0.5	25
	chrIX	161401	1	0.5	25
	chrIX	161414	0	0.5	25
	chrIX	161440	1	0.5	25
	chrIX	161450	0	1.0	25
	chrIX	161461	0	0.5	25
	chrIX	161478	0	0.5	25
	chrIX	161484	1	0.5	25
	chrIX	161487	1	0.5	25
	chrIX	161491	0	0.5	25
	chrIX	161501	1	0.5	25
	chrIX	161515	1	0.5	25
	chrIX	161516	0	1.0	25
	chrIX	161522	0	0.5	25
	chrIX	161540	1	0.5	25
	chrIX	161541	0	0.5	25
	chrIX	161542	1	0.5	25
	chrIX	161565	0	0.5	25
	chrIX	161578	1	0.5	25
	chrIX	161585	0	0.5	25
	chrIX	161589	1	0.5	25
	chrIX	161593	0	0.5	25
	chrIX	161610	1	0.5	25
	chrIX	161628	0	0.5	25
	chrIX	161633	1	1.0	25
	chrIX	161643	1	0.5	25
	chrIX	161655	0	0.5	25
	chrIX	161665	1	0.5	25
	chrIX	161666	1	0.5	25
	chrIX	161710	1	0.5	25
	chrIX	161737	1	0.5	25
	chrIX	161738	1	0.5	25
	chrIX	161745	0	0.5	25
	chrIX	161834	1	0.5	25
	chrIX	161855	0	0.5	25
	chrIX	161890	0	0.5	25
	chrIX	161921	0	1.0	25
	chrIX	161929	0	0.5	25
	chrIX	161930	0	0.5	25
	chrIX	161931	0	0.5	25
	chrIX	161944	1	0.5	25
	chrIX	161953	1	0.5	25
	chrIX	161971	0	0.5	25
	chrIX	161985	1	0.5	25
	chrIX	161996	1	0.5	25
	chrIX	162008	1	0.5	25
	chrIX	162019	1	0.5	25
	chrIX	162027	0	0.5	25
	chrIX	162028	1	0.5	25
	chrIX	162040	0	0.5	25
	chrIX	162049	0	0.5	25
	chrIX	162071	0	0.5	25
	chrIX	162073	0	0.5	25
	chrIX	162077	1	0.5	25
	chrIX	162095	1	0.5	25
	chrIX	162097	1	0.5	25
	chrIX	162124	1	0.5	25
	chrIX	162129	1	0.5	25
	chrIX	162165	0	0.5	25
	chrIX	162184	1	0.5	25
	chrIX	162222	0	0.5	25
	chrIX	162227	0	0.5	25
	chrIX	162239	0	1.0	25
	chrIX	162263	0	0.5	25
	chrIX	162269	0	1.0	25
	chrIX	162303	1	0.5	25
	chrIX	162334	1	0.5	25
	chrIX	162337	1	1.0	25
	chrIX	162340	0	0.5	25
	chrIX	162350	0	0.5	25
	chrIX	162353	0	0.5	25
	chrIX	162381	1	0.5	25
	chrIX	162385	1	0.5	25
	chrIX	162394	1	0.5	25
	chrIX	162396	1	0.5	25
	chrIX	162414	0	0.5	25
	chrIX	162427	1	0.5	25
	chrIX	162430	1	0.5	25
	chrIX	162468	0	0.5	25
	chrIX	162489	1	0.5	25
	chrIX	162504	1	0.5	25
	chrIX	162593	0	0.5	25
	chrIX	162604	0	0.5	25
	chrIX	162628	0	1.0	25
	chrIX	162639	1	0.5	25
	chrIX	162662	1	0.5	25
	chrIX	162667	0	0.5	25
	chrIX	162668	1	1.0	25
	chrIX	162669	0	0.5	25
	chrIX	162680	0	0.5	25
	chrIX	162687	0	0.5	25
	chrIX	162709	0	0.5	25
	chrIX	162710	0	0.5	25
	chrIX	162722	0	0.5	25
	chrIX	162727	0	0.5	25
	chrIX	162754	1	0.5	25
	chrIX	162757	1	0.5	25
	chrIX	162758	1	0.5	25
	chrIX	162763	0	0.5	25
	chrIX	162770	1	0.5	25
	chrIX	162775	1	0.5	25
	chrIX	162781	0	0.5	25
	chrIX	162797	1	0.5	25
	chrIX	162812	1	0.5	25
	chrIX	162815	0	0.5	25
	chrIX	162833	1	0.5	25
	chrIX	162840	1	0.5	25
	chrIX	162849	1	0.5	25
	chrIX	162854	0	0.5	25
	chrIX	162858	0	1.0	25
	chrIX	162867	0	0.5	25
	chrIX	162868	0	0.5	25
	chrIX	162875	1	0.5	25
	chrIX	162904	1	0.5	25
	chrIX	162936	1	0.5	25
	chrIX	162948	0	0.5	25
	chrIX	162962	1	0.5	25
	chrIX	162973	1	1.0	25
	chrIX	163008	0	0.5	25
	chrIX	163013	1	0.5	25
	chrIX	163014	0	0.5	25
	chrIX	163020	1	0.5	25
	chrIX	163022	0	0.5	25
	chrIX	163035	0	0.5	25
	chrIX	163048	0	0.5	25
	chrIX	163063	0	0.5	25
	chrIX	163064	0	0.5	25
	chrIX	163067	0	0.5	25
	chrIX	163079	1	0.5	25
	chrIX	163085	1	0.5	25
	chrIX	163104	1	0.5	25
	chrIX	163109	0	0.5	25
	chrIX	163109	1	0.5	25
	chrIX	163114	0	0.5	25
	chrIX	163116	1	0.5	25
	chrIX	163122	1	0.5	25
	chrIX	163126	1	1.0	25
	chrIX	163129	0	0.5	25
	chrIX	163134	0	0.5	25
	chrIX	163155	1	0.5	25
	chrIX	163176	0	0.5	25
	chrIX	163185	1	0.5	25
	chrIX	163199	1	0.5	25
	chrIX	163207	1	0.5	25
	chrIX	163208	0	0.5	25
	chrIX	163217	0	1.0	25
	chrIX	163233	0	0.5	25
	chrIX	163237	1	0.5	25
	chrIX	163241	0	0.5	25
	chrIX	163273	1	1.0	25
	chrIX	163275	0	0.5	25
	chrIX	163277	0	0.5	25
	chrIX	163284	0	0.5	25
	chrIX	163303	0	0.5	25
	chrIX	163317	0	0.5	25
	chrIX	163317	1	1.5	25
	chrIX	163321	0	0.5	25
	chrIX	163332	1	0.5	25
	chrIX	163335	1	0.5	25
	chrIX	163336	1	0.5	25
	chrIX	163360	1	0.5	25
	chrIX	163369	0	0.5	25
	chrIX	163378	1	0.5	25
	chrIX	163386	0	0.5	25
	chrIX	163399	0	0.5	25
	chrIX	163415	1	0.5	25
	chrIX	163423	0	0.5	25
	chrIX	163437	0	0.5	25
	chrIX	163437	1	0.5	25
	chrIX	163458	0	0.5	25
	chrIX	163464	0	1.0	25
	chrIX	163471	0	1.0	25
	chrIX	163479	1	0.5	25
	chrIX	163485	1	1.0	25
	chrIX	163489	1	0.5	25
	chrIX	163504	0	0.5	25
	chrIX	163515	0	0.5	24
	chrIX	163552	1	0.5	25
	chrIX	163586	1	1.0	25
	chrIX	163591	1	0.5	25
	chrIX	163623	0	0.5	25
	chrIX	163632	0	0.5	25
	chrIX	163641	1	0.5	25
	chrIX	163667	0	0.5	25
	chrIX	163693	0	1.0	25
	chrIX	163705	1	0.5	25
	chrIX	163706	1	0.5	25
	chrIX	163727	0	1.0	25
	chrIX	163745	1	0.5	25
	chrIX	163754	0	0.5	25
	chrIX	163779	0	0.5	25
	chrIX	163781	0	0.5	25
	chrIX	163787	1	0.5	25
	chrIX	163796	0	0.5	25
	chrIX	163816	1	0.5	25
	chrIX	163822	0	0.5	25
	chrIX	163827	1	1.0	25
	chrIX	163831	0	0.5	25
	chrIX	163832	1	0.5	25
	chrIX	163837	0	0.5	25
	chrIX	163868	1	1.0	25
	chrIX	163892	1	0.5	25
	chrIX	163902	1	0.5	25
	chrIX	163911	0	0.5	25
	chrIX	163926	1	0.5	25
	chrIX	163932	1	0.5	25
	chrIX	163939	0	0.5	25
	chrIX	163957	1	0.5	25
	chrIX	163958	0	0.5	25
	chrIX	163975	1	0.5	25
	chrIX	163979	0	1.0	25
	chrIX	163987	0	1.0	25
	chrIX	164003	1	0.5	25
	chrIX	164007	1	0.5	25
	chrIX	164010	1	0.5	25
	chrIX	164022	0	0.5	25
	chrIX	164026	0	0.5	25
	chrIX	164039	0	0.5	25
	chrIX	164055	1	0.5	25
	chrIX	164059	0	0.5	25
	chrIX	164064	1	1.0	25
	chrIX	164069	0	0.5	25
	chrIX	164097	1	0.5	25
	chrIX	164117	1	0.5	25
	chrIX	164129	1	0.5	25
	chrIX	164133	0	1.0	25
	chrIX	164134	0	0.5	25
	chrIX	164144	1	0.5	25
	chrIX	164163	0	0.5	25
	chrIX	164164	1	0.5	25
	chrIX	164175	0	0.5	25
	chrIX	164176	0	0.5	25
	chrIX	164200	0	0.5	25
	chrIX	164203	1	0.5	25
	chrIX	164204	0	1.0	25
	chrIX	164207	1	0.5	25
	chrIX	164210	1	0.5	25
	chrIX	164244	1	0.5	25
	chrIX	164246	1	0.5	25
	chrIX	164254	1	1.0	25
	chrIX	164258	0	0.5	25
	chrIX	164268	1	0.5	25
	chrIX	164278	0	0.5	25
	chrIX	164293	1	0.5	25
	chrIX	164300	1	0.5	25
	chrIX	164317	0	0.5	25
	chrIX	164323	1	0.5	25
	chrIX	164373	0	0.5	25
	chrIX	164403	0	0.5	25
	chrIX	164421	0	0.5	25
	chrIX	164431	1	0.5	25
	chrIX	164434	0	0.5	25
	chrIX	164435	0	0.5	25
	chrIX	164437	0	0.5	25
	chrIX	164445	0	0.5	25
	chrIX	164447	1	0.5	25
	chrIX	164475	0	0.5	25
	chrIX	164486	0	1.0	25
	chrIX	164492	0	0.5	25
	chrIX	164497	1	0.5	25
	chrIX	164501	1	0.5	25
	chrIX	164502	0	0.5	25
	chrIX	164517	1	0.5	25
	chrIX	164520	0	0.5	25
	chrIX	164526	1	0.5	25
	chrIX	164529	0	0.5	25
	chrIX	164531	1	0.5	25
	chrIX	164550	1	1.0	25
	chrIX	164552	0	1.0	25
	chrIX	164559	1	0.5	25
	chrIX	164573	0	0.5	25
	chrIX	164581	1	0.5	25
	chrIX	164584	1	0.5	25
	chrIX	164587	1	0.5	25
	chrIX	164591	1	0.5	25
	chrIX	164597	1	0.5	25
	chrIX	164605	0	1.0	25
	chrIX	164620	0	1.0	25
	chrIX	164622	1	1.0	25
	chrIX	164628	1	1.0	25
	chrIX	164645	0	0.5	25
	chrIX	164710	1	0.5	25
	chrIX	164717	0	0.5	25
	chrIX	164719	1	1.0	25
	chrIX	164726	0	0.5	25
	chrIX	164754	0	0.5	25
	chrIX	164769	0	1.0	25
	chrIX	164771	1	1.0	25
	chrIX	164781	0	0.5	25
	chrIX	164790	1	0.5	25
	chrIX	164801	0	1.0	25
	chrIX	164805	0	1.0	25
	chrIX	164809	0	2.0	25
	chrIX	164843	1	1.0	25
	chrIX	164847	1	0.5	25
	chrIX	164863	1	2.0	25
	chrIX	164864	0	0.5	25
	chrIX	164864	1	0.5	25
	chrIX	164867	1	0.5	25
	chrIX	164898	0	0.5	25
	chrIX	164935	1	0.5	25
	chrIX	164945	1	0.5	25
	chrIX	164946	0	0.5	25
	chrIX	164962	0	0.5	25
	chrIX	164962	1	1.0	25
	chrIX	164986	0	1.0	25
	chrIX	164991	1	1.0	25
	chrIX	164997	0	0.5	25
	chrIX	165002	0	0.5	25
	chrIX	165005	0	0.5	25
	chrIX	165018	0	1.0	25
	chrIX	165030	1	0.5	25
	chrIX	165047	1	0.5	25
	chrIX	165049	1	0.5	25
	chrIX	165066	0	0.5	25
	chrIX	165080	1	0.5	25
	chrIX	165110	1	0.5	25
	chrIX	165128	0	0.5	25
	chrIX	165132	0	1.0	25
	chrIX	165143	1	1.0	25
	chrIX	165162	0	0.5	25
	chrIX	165168	1	0.5	25
	chrIX	165181	1	0.5	25
	chrIX	165218	1	0.5	25
	chrIX	165232	0	0.5	25
	chrIX	165251	0	0.5	25
	chrIX	165262	1	0.5	25
	chrIX	165287	1	0.5	25
	chrIX	165290	0	0.5	25
	chrIX	165291	1	0.5	25
	chrIX	165294	0	0.5	25
	chrIX	165314	1	0.5	25
	chrIX	165337	1	1.0	25
	chrIX	165340	0	0.5	25
	chrIX	165343	0	0.5	25
	chrIX	165356	1	0.5	25
	chrIX	165406	0	0.5	25
	chrIX	165414	1	0.5	25
	chrIX	165437	1	0.5	25
	chrIX	165453	1	0.5	25
	chrIX	165507	1	0.5	25
	chrIX	165517	0	0.5	25
	chrIX	165525	0	0.5	25
	chrIX	165580	1	0.5	25
	chrIX	165593	0	0.5	25
	chrIX	165596	1	0.5	25
	chrIX	165602	0	0.5	25
	chrIX	165626	0	0.5	25
	chrIX	165629	0	0.5	25
	chrIX	165633	0	0.5	25
	chrIX	165643	1	0.5	25
	chrIX	165656	0	0.5	25
	chrIX	165667	0	0.5	25
	chrIX	165677	0	0.5	25
	chrIX	165679	1	0.5	25
	chrIX	165683	0	0.5	25
	chrIX	165698	1	0.5	25
	chrIX	165702	0	0.5	25
	chrIX	165741	0	0.5	25
	chrIX	165741	1	0.5	25
	chrIX	165755	0	0.5	25
	chrIX	165755	1	0.5	25
	chrIX	165778	0	0.5	25
	chrIX	165784	0	0.5	25
	chrIX	165797	1	0.5	25
	chrIX	165817	1	0.5	25
	chrIX	165822	1	0.5	25
	chrIX	165838	1	0.5	25
	chrIX	165842	1	1.0	25
	chrIX	165844	0	0.5	25
	chrIX	165851	0	0.5	25
	chrIX	165854	0	0.5	25
	chrIX	165863	0	0.5	25
	chrIX	165874	0	0.5	25
	chrIX	165879	0	0.5	25
	chrIX	165882	0	0.5	25
	chrIX	165883	1	0.5	25
	chrIX	165927	1	1.0	25
	chrIX	165929	1	0.5	25
	chrIX	165933	1	0.5	25
	chrIX	165938	0	0.5	25
	chrIX	165939	0	0.5	25
	chrIX	165951	0	0.5	25
	chrIX	165963	0	0.5	25
	chrIX	165967	0	1.0	25
	chrIX	165972	1	0.5	25
	chrIX	165974	0	0.5	25
	chrIX	165983	0	0.5	25
	chrIX	165983	1	0.5	25
	chrIX	165989	0	0.5	25
	chrIX	165992	0	1.0	25
	chrIX	166001	0	0.5	25
	chrIX	166004	0	0.5	25
	chrIX	166009	0	0.5	25
	chrIX	166010	0	1.0	25
	chrIX	166011	0	0.5	25
	chrIX	166011	1	0.5	25
	chrIX	166012	0	0.5	25
	chrIX	166017	0	1.0	25
	chrIX	166018	0	0.5	25
	chrIX	166023	1	2.0	25
	chrIX	166024	0	1.0	25
	chrIX	166026	0	0.5	25
	chrIX	166027	0	0.5	25
	chrIX	166032	1	0.5	23
	chrIX	166032	1	1.0	25
	chrIX	166033	0	0.5	25
	chrIX	166051	1	0.5	25
	chrIX	166054	1	1.0	25
	chrIX	166055	0	1.0	25
	chrIX	166055	1	0.5	25
	chrIX	166056	0	0.5	25
	chrIX	166064	1	0.5	25
	chrIX	166071	1	0.5	25
	chrIX	166076	1	0.5	25
	chrIX	166084	1	0.5	25
	chrIX	166085	1	1.5	25
	chrIX	166093	0	0.5	25
	chrIX	166093	1	0.5	25
	chrIX	166103	0	0.5	25
	chrIX	166113	0	1.0	25
	chrIX	166119	1	0.5	25
	chrIX	166121	0	1.0	25
	chrIX	166123	1	0.5	25
	chrIX	166125	1	0.5	25
	chrIX	166126	0	2.0	25
	chrIX	166143	1	1.5	25
	chrIX	166151	1	1.0	25
	chrIX	166153	0	0.5	25
	chrIX	166153	1	0.5	25
	chrIX	166154	0	0.5	25
	chrIX	166154	1	0.5	25
	chrIX	166155	0	1.0	25
	chrIX	166155	1	0.5	25
	chrIX	166156	0	1.0	25
	chrIX	166156	1	0.5	25
	chrIX	166157	0	0.5	24
	chrIX	166172	0	0.5	25
	chrIX	166191	1	0.5	25
	chrIX	166197	1	0.5	25
	chrIX	166200	1	1.0	25
	chrIX	166203	0	0.5	25
	chrIX	166204	1	0.5	25
	chrIX	166209	1	0.5	25
	chrIX	166227	1	0.5	25
	chrIX	166239	1	0.5	25
	chrIX	166246	1	0.5	25
	chrIX	166249	0	0.5	25
	chrIX	166249	1	1.0	25
	chrIX	166250	0	0.5	25
	chrIX	166250	1	0.5	25
	chrIX	166252	1	1.0	25
	chrIX	166253	0	0.5	25
	chrIX	166261	0	0.5	25
	chrIX	166261	1	0.5	25
	chrIX	166264	1	0.5	25
	chrIX	166266	0	1.0	25
	chrIX	166272	0	0.5	25
	chrIX	166280	1	0.5	24
	chrIX	166289	1	0.5	25
	chrIX	166292	0	0.5	25
	chrIX	166301	0	0.5	25
	chrIX	166314	0	0.5	25
	chrIX	166321	1	1.5	25
	chrIX	166322	0	0.5	25
	chrIX	166323	1	0.5	25
	chrIX	166324	0	0.5	25
	chrIX	166324	1	0.5	25
	chrIX	166340	1	0.5	25
	chrIX	166346	0	0.5	25
	chrIX	166359	1	0.5	25
	chrIX	166370	1	0.5	25
	chrIX	166391	1	1.5	25
	chrIX	166399	0	0.5	25
	chrIX	166434	0	0.5	25
	chrIX	166444	1	0.5	25
	chrIX	166454	0	0.5	25
	chrIX	166454	1	0.5	25
	chrIX	166456	1	0.5	25
	chrIX	166477	0	0.5	25
	chrIX	166479	1	0.5	25
	chrIX	166565	1	0.5	25
	chrIX	166610	1	0.5	25
	chrIX	166628	0	1.0	25
	chrIX	166629	1	0.5	25
	chrIX	166640	0	2.0	25
	chrIX	166715	0	0.5	25
	chrIX	166718	0	0.5	25
	chrIX	166719	1	1.0	25
	chrIX	166721	0	0.5	25
	chrIX	166727	0	0.5	25
	chrIX	166728	0	0.5	25
	chrIX	166731	0	1.0	25
	chrIX	166759	1	1.0	25
	chrIX	166795	1	0.5	25
	chrIX	166796	1	0.5	25
	chrIX	166801	1	0.5	25
	chrIX	166802	1	0.5	25
	chrIX	166803	0	0.5	25
	chrIX	166809	1	0.5	25
	chrIX	166816	1	0.5	25
	chrIX	166819	0	0.5	25
	chrIX	166851	0	0.5	25
	chrIX	166871	1	0.5	25
	chrIX	166881	1	1.0	25
	chrIX	166889	1	0.5	25
	chrIX	166928	0	0.5	25
	chrIX	166928	1	0.5	25
	chrIX	166932	0	0.5	25
	chrIX	166950	0	0.5	25
	chrIX	166979	1	0.5	25
	chrIX	166996	0	0.5	25
	chrIX	167013	0	1.0	25
	chrIX	167014	0	0.5	25
	chrIX	167043	1	0.5	25
	chrIX	167074	1	0.5	25
	chrIX	167083	1	0.5	25
	chrIX	167086	1	0.5	25
	chrIX	167122	1	1.0	25
	chrIX	167132	1	0.5	25
	chrIX	167137	0	0.5	25
	chrIX	167138	0	1.0	25
	chrIX	167229	0	0.5	25
	chrIX	167241	1	0.5	25
	chrIX	167286	1	0.5	25
	chrIX	167287	0	0.5	25
	chrIX	167309	0	0.5	25
	chrIX	167324	0	0.5	25
	chrIX	167332	1	1.0	25
	chrIX	167336	0	1.0	25
	chrIX	167348	1	0.5	25
	chrIX	167350	0	0.5	25
	chrIX	167388	0	0.5	25
	chrIX	167391	1	0.5	25
	chrIX	167417	1	0.5	25
	chrIX	167419	1	1.0	25
	chrIX	167450	0	0.5	25
	chrIX	167460	0	0.5	25
	chrIX	167460	1	0.5	25
	chrIX	167469	1	0.5	25
	chrIX	167473	0	0.5	25
	chrIX	167474	0	0.5	25
	chrIX	167485	0	1.0	25
	chrIX	167513	0	0.5	25
	chrIX	167516	1	0.5	25
	chrIX	167518	1	1.0	25
	chrIX	167527	0	0.5	25
	chrIX	167530	0	0.5	25
	chrIX	167535	0	1.0	25
	chrIX	167553	0	0.5	25
	chrIX	167559	1	0.5	25
	chrIX	167568	0	0.5	25
	chrIX	167570	1	1.0	25
	chrIX	167579	1	0.5	25
	chrIX	167599	1	0.5	25
	chrIX	167600	0	0.5	25
	chrIX	167600	1	0.5	25
	chrIX	167607	1	0.5	25
	chrIX	167614	1	0.5	25
	chrIX	167620	0	0.5	25
	chrIX	167638	1	0.5	25
	chrIX	167640	0	0.5	25
	chrIX	167655	1	0.5	25
	chrIX	167656	0	0.5	25
	chrIX	167657	0	0.5	25
	chrIX	167673	0	0.5	25
	chrIX	167685	1	0.5	25
	chrIX	167692	1	0.5	25
	chrIX	167711	1	0.5	25
	chrIX	167729	1	0.5	25
	chrIX	167733	0	0.5	25
	chrIX	167742	1	0.5	25
	chrIX	167784	1	0.5	25
	chrIX	167796	1	0.5	25
	chrIX	167817	0	0.5	25
	chrIX	167829	0	0.5	25
	chrIX	167880	1	0.5	25
	chrIX	167885	0	0.5	25
	chrIX	167887	1	0.5	25
	chrIX	167897	0	0.5	25
	chrIX	167906	0	0.5	25
	chrIX	167945	0	0.5	25
	chrIX	167946	0	0.5	25
	chrIX	167957	1	0.5	25
	chrIX	167967	0	0.5	25
	chrIX	167968	1	0.5	25
	chrIX	167982	0	0.5	25
	chrIX	167996	1	0.5	25
	chrIX	168039	1	0.5	25
	chrIX	168041	0	0.5	25
	chrIX	168043	1	0.5	25
	chrIX	168044	0	0.5	25
	chrIX	168050	0	0.5	25
	chrIX	168073	0	1.0	25
	chrIX	168086	0	0.5	25
	chrIX	168094	0	0.5	25
	chrIX	168097	0	0.5	25
	chrIX	168110	1	0.5	25
	chrIX	168114	1	0.5	25
	chrIX	168116	0	0.5	25
	chrIX	168150	1	0.5	25
	chrIX	168153	1	0.5	25
	chrIX	168172	1	0.5	25
	chrIX	168174	1	0.5	25
	chrIX	168176	0	0.5	25
	chrIX	168177	1	1.0	25
	chrIX	168182	0	0.5	25
	chrIX	168188	1	0.5	25
	chrIX	168193	0	0.5	25
	chrIX	168196	1	0.5	25
	chrIX	168213	1	0.5	25
	chrIX	168226	0	0.5	25
	chrIX	168239	1	0.5	25
	chrIX	168260	1	0.5	25
	chrIX	168264	0	0.5	25
	chrIX	168307	1	1.0	25
	chrIX	168308	0	0.5	25
	chrIX	168311	0	0.5	25
	chrIX	168327	1	0.5	25
	chrIX	168336	0	0.5	25
	chrIX	168381	1	0.5	25
	chrIX	168394	0	0.5	25
	chrIX	168395	1	0.5	25
	chrIX	168396	1	0.5	25
	chrIX	168418	0	0.5	25
	chrIX	168445	0	1.0	25
	chrIX	168463	1	0.5	25
	chrIX	168464	0	0.5	25
	chrIX	168465	0	0.5	25
	chrIX	168484	0	0.5	25
	chrIX	168498	1	0.5	25
	chrIX	168512	0	1.0	25
	chrIX	168512	1	0.5	25
	chrIX	168517	1	0.5	25
	chrIX	168539	1	0.5	25
	chrIX	168557	0	0.5	25
	chrIX	168561	1	0.5	25
	chrIX	168566	0	0.5	25
	chrIX	168591	0	0.5	25
	chrIX	168609	1	0.5	25
	chrIX	168620	1	0.5	25
	chrIX	168652	1	0.5	25
	chrIX	168672	0	0.5	25
	chrIX	168677	1	0.5	25
	chrIX	168680	0	0.5	25
	chrIX	168716	1	1.0	25
	chrIX	168774	1	1.0	25
	chrIX	168776	0	0.5	25
	chrIX	168810	0	0.5	25
	chrIX	168843	1	0.5	25
	chrIX	168867	1	0.5	25
	chrIX	168895	0	1.0	25
	chrIX	168950	0	0.5	25
	chrIX	168956	1	1.0	25
	chrIX	169010	1	0.5	25
	chrIX	169111	0	0.5	25
	chrIX	169151	0	0.5	25
	chrIX	169167	0	0.5	25
	chrIX	169205	0	0.5	25
	chrIX	169206	1	0.5	25
	chrIX	169221	0	0.5	25
	chrIX	169255	0	0.5	25
	chrIX	169288	1	0.5	25
	chrIX	169289	1	0.5	25
	chrIX	169291	0	0.5	25
	chrIX	169304	0	0.5	25
	chrIX	169305	1	0.5	25
	chrIX	169306	1	0.5	25
	chrIX	169308	0	0.5	25
	chrIX	169358	1	0.5	25
	chrIX	169373	1	0.5	25
	chrIX	169389	0	0.5	25
	chrIX	169395	0	0.5	25
	chrIX	169400	0	0.5	25
	chrIX	169461	1	0.5	25
	chrIX	169474	1	0.5	25
	chrIX	169475	1	0.5	25
	chrIX	169511	0	0.5	25
	chrIX	169614	0	0.5	25
	chrIX	169617	1	0.5	25
	chrIX	169629	1	0.5	25
	chrIX	169632	0	0.5	25
	chrIX	169633	1	0.5	25
	chrIX	169643	0	0.5	25
	chrIX	169655	1	0.5	25
	chrIX	169663	0	0.5	25
	chrIX	169665	0	0.5	25
	chrIX	169702	0	0.5	25
	chrIX	169719	1	0.5	25
	chrIX	169725	1	0.5	25
	chrIX	169735	0	0.5	25
	chrIX	169762	0	0.5	25
	chrIX	169772	0	0.5	25
	chrIX	169798	0	0.5	25
	chrIX	169819	1	0.5	25
	chrIX	169821	1	0.5	25
	chrIX	169827	1	0.5	25
	chrIX	169829	0	0.5	25
	chrIX	169830	0	0.5	25
	chrIX	169831	0	0.5	25
	chrIX	169854	0	2.0	25
	chrIX	169854	1	0.5	25
	chrIX	169856	0	1.0	25
	chrIX	169860	0	0.5	25
	chrIX	169860	1	0.5	25
	chrIX	169861	0	1.0	25
	chrIX	169862	0	1.5	25
	chrIX	169867	0	3.0	25
	chrIX	169869	0	0.5	25
	chrIX	169884	0	1.0	25
	chrIX	169893	0	0.5	25
	chrIX	169918	1	0.5	25
	chrIX	169925	1	0.5	25
	chrIX	169926	1	1.5	25
	chrIX	169927	0	0.5	25
	chrIX	169931	1	1.0	25
	chrIX	169933	1	0.5	25
	chrIX	169935	1	2.0	25
	chrIX	169936	0	0.5	25
	chrIX	169938	0	0.5	25
	chrIX	169942	1	2.5	25
	chrIX	169946	1	2.5	25
	chrIX	169947	1	0.5	25
	chrIX	169952	0	0.5	25
	chrIX	169954	1	0.5	25
	chrIX	169960	0	0.5	25
	chrIX	169965	0	0.5	25
	chrIX	169971	0	0.5	25
	chrIX	169973	1	0.5	25
	chrIX	170003	0	0.5	25
	chrIX	170012	1	0.5	25
	chrIX	170013	0	1.0	25
	chrIX	170017	0	1.0	25
	chrIX	170041	1	0.5	25
	chrIX	170042	1	0.5	25
	chrIX	170044	1	0.5	25
	chrIX	170046	0	0.5	25
	chrIX	170054	0	0.5	25
	chrIX	170062	1	0.5	25
	chrIX	170067	1	0.5	25
	chrIX	170071	0	0.5	25
	chrIX	170090	1	0.5	25
	chrIX	170109	0	0.5	25
	chrIX	170113	0	1.0	25
	chrIX	170113	1	1.0	25
	chrIX	170125	0	0.5	25
	chrIX	170130	1	0.5	25
	chrIX	170133	1	0.5	25
	chrIX	170140	1	1.0	25
	chrIX	170151	1	0.5	25
	chrIX	170177	1	0.5	25
	chrIX	170220	0	0.5	25
	chrIX	170224	1	0.5	25
	chrIX	170275	0	0.5	25
	chrIX	170285	0	0.5	25
	chrIX	170285	1	2.0	25
	chrIX	170286	0	1.0	25
	chrIX	170309	1	0.5	25
	chrIX	170310	1	0.5	25
	chrIX	170321	0	0.5	25
	chrIX	170348	0	0.5	25
	chrIX	170359	1	0.5	25
	chrIX	170371	0	0.5	25
	chrIX	170382	0	1.0	25
	chrIX	170416	1	0.5	25
	chrIX	170427	1	0.5	25
	chrIX	170428	1	0.5	25
	chrIX	170432	0	0.5	25
	chrIX	170447	1	0.5	25
	chrIX	170479	1	1.0	25
	chrIX	170536	0	0.5	25
	chrIX	170580	0	0.5	25
	chrIX	170583	1	1.0	25
	chrIX	170602	0	1.0	25
	chrIX	170602	1	0.5	25
	chrIX	170608	1	0.5	25
	chrIX	170662	0	0.5	25
	chrIX	170664	1	0.5	25
	chrIX	170713	1	0.5	25
	chrIX	170717	0	1.0	25
	chrIX	170721	0	0.5	25
	chrIX	170728	0	1.0	25
	chrIX	170757	0	0.5	25
	chrIX	170763	0	0.5	25
	chrIX	170775	1	0.5	25
	chrIX	170781	1	1.0	25
	chrIX	170791	1	1.0	25
	chrIX	170806	0	0.5	25
	chrIX	170827	1	0.5	25
	chrIX	170831	0	0.5	25
	chrIX	170846	0	0.5	25
	chrIX	170853	0	0.5	25
	chrIX	170853	1	0.5	25
	chrIX	170857	0	1.0	25
	chrIX	170859	1	1.0	25
	chrIX	170878	1	0.5	25
	chrIX	170886	0	1.0	25
	chrIX	170888	1	0.5	25
	chrIX	170890	0	0.5	25
	chrIX	170902	1	0.5	25
	chrIX	170917	0	0.5	25
	chrIX	170929	1	0.5	25
	chrIX	170931	0	1.0	25
	chrIX	170942	1	1.0	25
	chrIX	170966	1	0.5	25
	chrIX	170979	1	1.0	25
	chrIX	170990	1	1.0	25
	chrIX	171024	0	0.5	25
	chrIX	171055	1	0.5	25
	chrIX	171081	1	0.5	25
	chrIX	171133	0	0.5	25
	chrIX	171142	0	0.5	25
	chrIX	171179	0	0.5	25
	chrIX	171180	0	1.0	25
	chrIX	171187	0	1.0	25
	chrIX	171196	1	0.5	25
	chrIX	171206	1	0.5	25
	chrIX	171207	0	0.5	25
	chrIX	171213	0	0.5	25
	chrIX	171224	1	0.5	25
	chrIX	171241	0	0.5	25
	chrIX	171261	1	0.5	25
	chrIX	171262	1	0.5	25
	chrIX	171272	1	1.0	25
	chrIX	171273	0	0.5	25
	chrIX	171286	1	0.5	25
	chrIX	171291	1	0.5	25
	chrIX	171305	1	0.5	25
	chrIX	171322	1	0.5	25
	chrIX	171367	0	0.5	25
	chrIX	171375	0	0.5	25
	chrIX	171396	0	0.5	25
	chrIX	171407	1	0.5	25
	chrIX	171414	0	1.0	25
	chrIX	171440	0	1.0	25
	chrIX	171442	1	0.5	25
	chrIX	171444	0	0.5	25
	chrIX	171462	0	1.5	25
	chrIX	171464	1	0.5	25
	chrIX	171474	0	0.5	25
	chrIX	171485	0	0.5	25
	chrIX	171514	1	1.0	25
	chrIX	171518	0	0.5	25
	chrIX	171533	1	0.5	25
	chrIX	171537	1	0.5	25
	chrIX	171540	0	0.5	25
	chrIX	171553	1	0.5	25
	chrIX	171560	1	1.5	25
	chrIX	171563	1	0.5	25
	chrIX	171565	0	0.5	25
	chrIX	171566	0	0.5	25
	chrIX	171570	0	0.5	25
	chrIX	171588	1	0.5	25
	chrIX	171591	0	0.5	25
	chrIX	171593	0	2.0	25
	chrIX	171595	1	1.0	25
	chrIX	171596	0	0.5	25
	chrIX	171597	0	0.5	25
	chrIX	171598	0	0.5	25
	chrIX	171603	0	0.5	25
	chrIX	171629	1	0.5	25
	chrIX	171632	1	0.5	25
	chrIX	171638	1	0.5	25
	chrIX	171652	1	1.0	25
	chrIX	171653	1	0.5	25
	chrIX	171657	0	0.5	25
	chrIX	171658	1	0.5	25
	chrIX	171659	0	1.0	25
	chrIX	171665	0	0.5	25
	chrIX	171665	1	1.0	25
	chrIX	171670	1	0.5	25
	chrIX	171671	0	0.5	25
	chrIX	171680	0	0.5	25
	chrIX	171693	1	0.5	25
	chrIX	171733	0	1.0	25
	chrIX	171733	1	1.0	25
	chrIX	171750	1	0.5	25
	chrIX	171755	0	1.0	25
	chrIX	171782	1	1.0	25
	chrIX	171786	0	0.5	25
	chrIX	171786	1	0.5	25
	chrIX	171788	0	1.0	25
	chrIX	171795	0	0.5	25
	chrIX	171802	0	0.5	25
	chrIX	171817	0	0.5	25
	chrIX	171817	1	0.5	25
	chrIX	171820	0	0.5	25
	chrIX	171824	0	1.0	25
	chrIX	171828	0	0.5	25
	chrIX	171850	1	1.0	25
	chrIX	171856	1	0.5	25
	chrIX	171861	1	1.0	25
	chrIX	171876	1	0.5	25
	chrIX	171877	1	0.5	25
	chrIX	171892	1	0.5	25
	chrIX	171895	0	0.5	25
	chrIX	171897	1	1.5	25
	chrIX	171931	0	1.0	25
	chrIX	171955	1	0.5	25
	chrIX	171973	1	0.5	25
	chrIX	172003	1	0.5	25
	chrIX	172012	1	0.5	25
	chrIX	172018	0	0.5	25
	chrIX	172019	1	1.0	25
	chrIX	172064	0	0.5	25
	chrIX	172109	0	0.5	25
	chrIX	172129	0	0.5	25
	chrIX	172140	0	1.5	25
	chrIX	172170	0	0.5	25
	chrIX	172191	1	0.5	25
	chrIX	172206	1	0.5	25
	chrIX	172216	1	1.0	25
	chrIX	172218	1	0.5	25
	chrIX	172226	0	0.5	25
	chrIX	172252	0	0.5	25
	chrIX	172252	1	0.5	25
	chrIX	172253	0	0.5	25
	chrIX	172262	1	0.5	25
	chrIX	172317	1	0.5	25
	chrIX	172318	1	1.0	25
	chrIX	172327	0	0.5	25
	chrIX	172329	1	0.5	25
	chrIX	172380	1	0.5	25
	chrIX	172488	0	0.5	25
	chrIX	172505	0	1.0	25
	chrIX	172527	0	0.5	25
	chrIX	172535	0	0.5	25
	chrIX	172545	1	0.5	25
	chrIX	172565	0	0.5	25
	chrIX	172577	1	0.5	25
	chrIX	172592	1	1.0	25
	chrIX	172605	1	0.5	25
	chrIX	172614	0	0.5	25
	chrIX	172625	0	0.5	25
	chrIX	172642	1	0.5	25
	chrIX	172657	1	0.5	25
	chrIX	172694	0	0.5	25
	chrIX	172694	1	0.5	25
	chrIX	172705	0	0.5	25
	chrIX	172722	0	0.5	25
	chrIX	172731	0	0.5	25
	chrIX	172773	0	0.5	25
	chrIX	172787	1	0.5	25
	chrIX	172788	1	0.5	25
	chrIX	172796	0	0.5	25
	chrIX	172806	0	0.5	25
	chrIX	172812	0	0.5	25
	chrIX	172814	0	0.5	25
	chrIX	172815	1	0.5	25
	chrIX	172846	1	0.5	25
	chrIX	172859	1	1.0	25
	chrIX	172873	1	0.5	25
	chrIX	172897	0	0.5	25
	chrIX	172899	1	0.5	25
	chrIX	172902	0	0.5	25
	chrIX	172908	0	0.5	25
	chrIX	172925	0	0.5	25
	chrIX	172929	1	0.5	25
	chrIX	172939	0	0.5	25
	chrIX	172946	0	0.5	25
	chrIX	172948	1	0.5	25
	chrIX	172953	1	0.5	25
	chrIX	172962	1	0.5	25
	chrIX	172983	1	0.5	25
	chrIX	172986	0	0.5	25
	chrIX	172995	1	0.5	25
	chrIX	173020	1	0.5	25
	chrIX	173025	0	0.5	25
	chrIX	173027	0	0.5	25
	chrIX	173068	0	0.5	25
	chrIX	173077	0	0.5	25
	chrIX	173097	1	0.5	25
	chrIX	173111	0	1.0	25
	chrIX	173111	1	0.5	25
	chrIX	173114	0	0.5	25
	chrIX	173118	1	0.5	25
	chrIX	173148	1	0.5	25
	chrIX	173150	0	1.0	25
	chrIX	173169	1	0.5	25
	chrIX	173177	1	0.5	25
	chrIX	173178	1	0.5	25
	chrIX	173205	1	0.5	25
	chrIX	173223	1	1.0	25
	chrIX	173235	0	0.5	25
	chrIX	173244	0	0.5	25
	chrIX	173247	0	0.5	25
	chrIX	173264	0	0.5	25
	chrIX	173275	0	0.5	25
	chrIX	173293	0	0.5	25
	chrIX	173300	1	0.5	25
	chrIX	173312	1	0.5	25
	chrIX	173326	0	0.5	25
	chrIX	173340	0	0.5	25
	chrIX	173350	0	0.5	25
	chrIX	173353	1	1.0	25
	chrIX	173354	0	0.5	25
	chrIX	173392	1	0.5	25
	chrIX	173396	1	0.5	25
	chrIX	173401	0	2.0	25
	chrIX	173407	1	0.5	25
	chrIX	173414	1	0.5	25
	chrIX	173423	1	0.5	25
	chrIX	173453	1	0.5	25
	chrIX	173527	0	0.5	25
	chrIX	173530	0	1.0	25
	chrIX	173553	0	0.5	25
	chrIX	173557	0	0.5	25
	chrIX	173559	0	0.5	25
	chrIX	173562	0	0.5	25
	chrIX	173593	0	0.5	25
	chrIX	173599	1	0.5	25
	chrIX	173602	0	1.0	25
	chrIX	173615	1	0.5	25
	chrIX	173630	1	0.5	25
	chrIX	173642	0	0.5	25
	chrIX	173651	1	2.5	25
	chrIX	173660	0	0.5	25
	chrIX	173665	0	0.5	25
	chrIX	173678	0	0.5	25
	chrIX	173679	0	1.0	25
	chrIX	173684	0	0.5	25
	chrIX	173688	1	1.0	25
	chrIX	173689	0	0.5	25
	chrIX	173702	1	1.0	25
	chrIX	173705	0	0.5	25
	chrIX	173706	0	0.5	25
	chrIX	173709	0	0.5	25
	chrIX	173717	0	0.5	25
	chrIX	173725	1	0.5	25
	chrIX	173727	1	1.0	25
	chrIX	173728	0	0.5	25
	chrIX	173738	1	0.5	25
	chrIX	173742	1	1.0	25
	chrIX	173743	0	0.5	25
	chrIX	173744	0	0.5	25
	chrIX	173777	1	0.5	25
	chrIX	173778	1	1.0	25
	chrIX	173789	1	0.5	25
	chrIX	173793	0	0.5	25
	chrIX	173795	0	1.0	25
	chrIX	173797	1	0.5	25
	chrIX	173800	1	0.5	25
	chrIX	173812	1	0.5	25
	chrIX	173813	0	0.5	25
	chrIX	173829	0	0.5	25
	chrIX	173832	0	0.5	25
	chrIX	173849	1	0.5	25
	chrIX	173868	1	1.0	25
	chrIX	173870	0	0.5	25
	chrIX	173883	1	0.5	25
	chrIX	173923	1	0.5	25
	chrIX	173924	1	0.5	25
	chrIX	173926	1	0.5	25
	chrIX	173939	0	0.5	25
	chrIX	173968	1	0.5	25
	chrIX	173988	0	0.5	25
	chrIX	173991	1	0.5	25
	chrIX	173994	1	0.5	25
	chrIX	174002	0	0.5	25
	chrIX	174002	1	0.5	25
	chrIX	174030	1	0.5	25
	chrIX	174048	0	0.5	25
	chrIX	174055	1	0.5	25
	chrIX	174059	0	0.5	25
	chrIX	174081	0	0.5	25
	chrIX	174104	1	0.5	25
	chrIX	174126	0	0.5	25
	chrIX	174136	0	1.0	25
	chrIX	174167	1	0.5	25
	chrIX	174168	0	0.5	25
	chrIX	174168	1	0.5	25
	chrIX	174176	0	0.5	25
	chrIX	174197	1	0.5	25
	chrIX	174201	0	0.5	25
	chrIX	174216	1	1.0	25
	chrIX	174230	0	0.5	25
	chrIX	174234	1	0.5	25
	chrIX	174267	1	0.5	25
	chrIX	174273	1	0.5	25
	chrIX	174274	0	0.5	25
	chrIX	174286	0	0.5	25
	chrIX	174286	1	0.5	25
	chrIX	174322	1	0.5	25
	chrIX	174344	0	0.5	25
	chrIX	174348	0	0.5	25
	chrIX	174366	0	0.5	25
	chrIX	174376	1	0.5	25
	chrIX	174377	1	0.5	25
	chrIX	174405	1	0.5	25
	chrIX	174422	0	1.5	25
	chrIX	174422	1	0.5	25
	chrIX	174457	0	0.5	25
	chrIX	174467	1	0.5	25
	chrIX	174497	1	1.5	25
	chrIX	174509	0	0.5	25
	chrIX	174520	0	0.5	25
	chrIX	174532	0	0.5	25
	chrIX	174557	1	0.5	25
	chrIX	174575	1	0.5	25
	chrIX	174576	0	0.5	25
	chrIX	174595	1	0.5	25
	chrIX	174608	1	0.5	25
	chrIX	174648	1	0.5	25
	chrIX	174725	0	0.5	25
	chrIX	174779	0	0.5	25
	chrIX	174789	1	0.5	25
	chrIX	174813	0	0.5	25
	chrIX	174821	0	0.5	25
	chrIX	174835	0	0.5	25
	chrIX	174836	0	0.5	25
	chrIX	174840	0	0.5	25
	chrIX	174855	0	0.5	25
	chrIX	174881	1	0.5	25
	chrIX	174886	0	0.5	25
	chrIX	174886	1	0.5	25
	chrIX	174892	0	0.5	25
	chrIX	174903	1	0.5	25
	chrIX	174911	1	0.5	25
	chrIX	174912	0	0.5	25
	chrIX	174942	1	0.5	25
	chrIX	174944	1	0.5	25
	chrIX	174945	1	0.5	25
	chrIX	174946	0	0.5	25
	chrIX	174966	0	1.0	25
	chrIX	174971	1	0.5	25
	chrIX	174988	1	0.5	25
	chrIX	174992	0	0.5	25
	chrIX	174993	1	0.5	25
	chrIX	174995	0	0.5	25
	chrIX	175023	1	0.5	25
	chrIX	175036	1	0.5	25
	chrIX	175052	0	0.5	25
	chrIX	175064	0	1.5	25
	chrIX	175064	1	0.5	25
	chrIX	175066	1	0.5	25
	chrIX	175076	1	0.5	25
	chrIX	175100	0	0.5	25
	chrIX	175103	0	0.5	25
	chrIX	175118	1	0.5	25
	chrIX	175124	0	1.0	25
	chrIX	175125	0	1.0	25
	chrIX	175126	0	0.5	25
	chrIX	175131	0	0.5	25
	chrIX	175131	1	0.5	25
	chrIX	175132	0	1.0	25
	chrIX	175135	0	1.0	25
	chrIX	175135	1	0.5	25
	chrIX	175136	0	1.5	25
	chrIX	175143	1	0.5	25
	chrIX	175147	0	0.5	25
	chrIX	175150	0	0.5	25
	chrIX	175159	0	1.0	25
	chrIX	175159	1	0.5	25
	chrIX	175160	0	0.5	25
	chrIX	175162	1	0.5	25
	chrIX	175163	0	0.5	25
	chrIX	175164	0	0.5	25
	chrIX	175174	0	0.5	25
	chrIX	175179	0	0.5	25
	chrIX	175179	1	1.0	25
	chrIX	175180	1	0.5	25
	chrIX	175189	0	0.5	25
	chrIX	175190	1	0.5	25
	chrIX	175200	1	3.0	25
	chrIX	175201	0	0.5	25
	chrIX	175201	1	1.0	25
	chrIX	175202	0	0.5	24
	chrIX	175202	0	1.0	25
	chrIX	175202	1	0.5	25
	chrIX	175203	0	2.0	25
	chrIX	175206	0	0.5	25
	chrIX	175211	1	0.5	25
	chrIX	175212	0	0.5	25
	chrIX	175223	0	0.5	25
	chrIX	175230	1	0.5	25
	chrIX	175232	1	1.0	25
	chrIX	175233	1	0.5	25
	chrIX	175234	0	0.5	25
	chrIX	175236	1	1.0	25
	chrIX	175238	1	0.5	25
	chrIX	175239	1	0.5	25
	chrIX	175240	1	0.5	25
	chrIX	175241	1	0.5	25
	chrIX	175244	1	0.5	25
	chrIX	175245	0	0.5	25
	chrIX	175245	1	0.5	25
	chrIX	175250	0	0.5	25
	chrIX	175253	1	0.5	25
	chrIX	175257	0	1.0	25
	chrIX	175257	1	0.5	25
	chrIX	175259	1	0.5	25
	chrIX	175268	1	1.0	25
	chrIX	175269	0	0.5	25
	chrIX	175277	0	0.5	25
	chrIX	175279	1	0.5	25
	chrIX	175304	1	0.5	25
	chrIX	175315	0	0.5	25
	chrIX	175316	0	0.5	25
	chrIX	175322	0	0.5	25
	chrIX	175324	1	0.5	25
	chrIX	175332	1	0.5	25
	chrIX	175336	0	0.5	25
	chrIX	175359	1	0.5	25
	chrIX	175368	0	0.5	25
	chrIX	175368	1	0.5	25
	chrIX	175380	1	0.5	25
	chrIX	175381	1	1.0	25
	chrIX	175382	0	0.5	25
	chrIX	175421	1	0.5	25
	chrIX	175423	1	1.5	25
	chrIX	175424	0	0.5	25
	chrIX	175435	1	0.5	25
	chrIX	175442	1	0.5	25
	chrIX	175455	1	0.5	25
	chrIX	175456	0	0.5	25
	chrIX	175461	0	0.5	25
	chrIX	175572	1	0.5	25
	chrIX	175633	1	0.5	25
	chrIX	175663	0	0.5	25
	chrIX	175710	1	0.5	25
	chrIX	175715	0	1.0	25
	chrIX	175733	1	0.5	25
	chrIX	175741	1	0.5	25
	chrIX	175785	1	0.5	25
	chrIX	175803	0	1.0	25
	chrIX	175838	1	1.0	25
	chrIX	175855	0	0.5	25
	chrIX	175868	0	0.5	25
	chrIX	175885	1	0.5	25
	chrIX	175916	1	0.5	25
	chrIX	175950	0	0.5	25
	chrIX	175988	0	0.5	25
	chrIX	176034	1	0.5	25
	chrIX	176062	0	0.5	25
	chrIX	176062	1	0.5	25
	chrIX	176084	0	0.5	25
	chrIX	176139	1	0.5	25
	chrIX	176142	0	0.5	25
	chrIX	176161	0	0.5	25
	chrIX	176164	1	0.5	25
	chrIX	176182	0	0.5	25
	chrIX	176236	1	0.5	25
	chrIX	176246	1	0.5	25
	chrIX	176253	1	0.5	25
	chrIX	176403	0	0.5	25
	chrIX	176446	0	0.5	25
	chrIX	176456	0	0.5	25
	chrIX	176460	0	0.5	25
	chrIX	176469	1	0.5	25
	chrIX	176476	0	0.5	25
	chrIX	176486	0	0.5	25
	chrIX	176506	0	0.5	25
	chrIX	176511	1	0.5	25
	chrIX	176516	0	0.5	25
	chrIX	176566	1	0.5	25
	chrIX	176578	1	0.5	25
	chrIX	176606	0	0.5	25
	chrIX	176614	1	0.5	25
	chrIX	176617	0	0.5	25
	chrIX	176639	1	0.5	25
	chrIX	176643	1	0.5	25
	chrIX	176646	0	0.5	25
	chrIX	176657	0	0.5	25
	chrIX	176666	1	0.5	25
	chrIX	176668	1	0.5	25
	chrIX	176670	0	0.5	25
	chrIX	176678	1	0.5	25
	chrIX	176681	0	0.5	25
	chrIX	176704	0	0.5	25
	chrIX	176705	1	0.5	25
	chrIX	176722	0	0.5	25
	chrIX	176730	1	0.5	25
	chrIX	176736	0	0.5	25
	chrIX	176751	0	0.5	25
	chrIX	176766	1	0.5	25
	chrIX	176784	1	0.5	25
	chrIX	176796	1	0.5	25
	chrIX	176797	1	0.5	25
	chrIX	176836	1	0.5	25
	chrIX	176884	0	0.5	25
	chrIX	176901	0	0.5	25
	chrIX	176905	0	0.5	25
	chrIX	176910	0	0.5	25
	chrIX	176932	0	0.5	25
	chrIX	176935	0	0.5	25
	chrIX	176949	0	0.5	25
	chrIX	176949	1	0.5	25
	chrIX	176951	1	0.5	25
	chrIX	176975	0	0.5	25
	chrIX	176992	1	0.5	25
	chrIX	176995	0	0.5	25
	chrIX	176996	1	0.5	25
	chrIX	177033	0	0.5	25
	chrIX	177036	1	0.5	25
	chrIX	177049	1	0.5	25
	chrIX	177054	1	0.5	25
	chrIX	177056	0	0.5	25
	chrIX	177092	1	0.5	25
	chrIX	177110	0	0.5	25
	chrIX	177115	0	0.5	25
	chrIX	177150	1	0.5	25
	chrIX	177151	0	1.0	25
	chrIX	177156	1	0.5	25
	chrIX	177163	1	0.5	25
	chrIX	177188	0	0.5	25
	chrIX	177206	1	0.5	25
	chrIX	177257	1	0.5	25
	chrIX	177285	1	0.5	25
	chrIX	177302	0	0.5	25
	chrIX	177318	0	0.5	25
	chrIX	177356	1	0.5	25
	chrIX	177358	1	1.0	25
	chrIX	177369	0	1.0	25
	chrIX	177384	0	0.5	25
	chrIX	177391	0	0.5	25
	chrIX	177393	0	0.5	25
	chrIX	177408	0	0.5	25
	chrIX	177409	1	0.5	25
	chrIX	177414	0	0.5	25
	chrIX	177419	1	0.5	25
	chrIX	177446	1	0.5	25
	chrIX	177448	1	0.5	25
	chrIX	177452	0	0.5	25
	chrIX	177454	1	1.5	25
	chrIX	177468	1	0.5	25
	chrIX	177470	1	0.5	25
	chrIX	177480	0	0.5	25
	chrIX	177481	0	1.0	25
	chrIX	177485	0	0.5	25
	chrIX	177490	0	1.0	25
	chrIX	177491	0	1.5	25
	chrIX	177494	0	0.5	25
	chrIX	177495	0	1.5	25
	chrIX	177504	0	0.5	25
	chrIX	177507	0	1.0	25
	chrIX	177510	0	0.5	25
	chrIX	177517	0	0.5	25
	chrIX	177518	1	0.5	25
	chrIX	177549	1	1.0	25
	chrIX	177550	1	1.5	25
	chrIX	177551	1	2.0	25
	chrIX	177552	1	0.5	25
	chrIX	177553	0	1.0	25
	chrIX	177568	1	0.5	25
	chrIX	177587	1	0.5	25
	chrIX	177588	1	0.5	25
	chrIX	177591	0	0.5	25
	chrIX	177593	1	0.5	25
	chrIX	177595	0	0.5	25
	chrIX	177598	0	0.5	25
	chrIX	177618	0	0.5	25
	chrIX	177657	1	1.0	25
	chrIX	177672	1	0.5	25
	chrIX	177680	0	0.5	25
	chrIX	177681	1	0.5	25
	chrIX	177688	1	1.0	25
	chrIX	177709	0	1.0	25
	chrIX	177710	1	0.5	25
	chrIX	177725	1	0.5	25
	chrIX	177726	0	0.5	25
	chrIX	177748	1	0.5	25
	chrIX	177749	1	0.5	25
	chrIX	177788	1	1.0	25
	chrIX	177818	1	0.5	25
	chrIX	177877	0	0.5	25
	chrIX	177888	0	0.5	25
	chrIX	177944	1	0.5	25
	chrIX	177952	1	0.5	25
	chrIX	177956	0	0.5	25
	chrIX	177966	0	0.5	25
	chrIX	178022	1	0.5	25
	chrIX	178025	1	0.5	25
	chrIX	178028	0	1.5	25
	chrIX	178054	0	0.5	25
	chrIX	178069	1	0.5	25
	chrIX	178070	0	0.5	25
	chrIX	178071	0	0.5	25
	chrIX	178092	1	0.5	25
	chrIX	178107	0	0.5	25
	chrIX	178107	1	0.5	25
	chrIX	178197	1	0.5	25
	chrIX	178210	0	0.5	25
	chrIX	178234	0	0.5	25
	chrIX	178235	1	1.5	25
	chrIX	178295	0	0.5	25
	chrIX	178298	1	0.5	25
	chrIX	178301	0	1.0	25
	chrIX	178304	0	0.5	25
	chrIX	178307	0	0.5	25
	chrIX	178312	0	0.5	25
	chrIX	178315	1	0.5	25
	chrIX	178357	1	0.5	25
	chrIX	178360	0	0.5	25
	chrIX	178378	1	0.5	25
	chrIX	178387	1	0.5	25
	chrIX	178391	0	1.0	25
	chrIX	178455	0	0.5	25
	chrIX	178455	1	0.5	25
	chrIX	178456	1	1.0	25
	chrIX	178460	1	0.5	25
	chrIX	178461	0	0.5	25
	chrIX	178480	1	0.5	25
	chrIX	178486	1	1.0	25
	chrIX	178506	0	0.5	25
	chrIX	178528	0	0.5	25
	chrIX	178536	1	0.5	25
	chrIX	178541	0	0.5	25
	chrIX	178568	0	0.5	25
	chrIX	178585	1	0.5	25
	chrIX	178595	0	0.5	25
	chrIX	178611	1	0.5	25
	chrIX	178640	0	0.5	25
	chrIX	178657	1	1.0	25
	chrIX	178706	1	0.5	25
	chrIX	178711	0	0.5	25
	chrIX	178713	0	0.5	25
	chrIX	178742	0	0.5	25
	chrIX	178750	1	0.5	25
	chrIX	178784	1	0.5	25
	chrIX	178789	0	0.5	25
	chrIX	178792	1	0.5	25
	chrIX	178819	1	0.5	25
	chrIX	178830	0	0.5	25
	chrIX	178893	0	0.5	25
	chrIX	178897	0	0.5	25
	chrIX	178936	0	0.5	25
	chrIX	178941	1	0.5	25
	chrIX	178943	0	0.5	25
	chrIX	178971	1	0.5	25
	chrIX	178979	1	0.5	25
	chrIX	178980	1	0.5	25
	chrIX	179002	0	0.5	25
	chrIX	179007	1	0.5	25
	chrIX	179012	0	0.5	25
	chrIX	179019	1	0.5	25
	chrIX	179024	1	0.5	25
	chrIX	179071	1	0.5	25
	chrIX	179094	1	0.5	25
	chrIX	179100	0	0.5	25
	chrIX	179178	0	0.5	25
	chrIX	179208	1	0.5	25
	chrIX	179213	0	0.5	25
	chrIX	179255	1	0.5	25
	chrIX	179273	0	0.5	25
	chrIX	179285	1	0.5	25
	chrIX	179317	1	0.5	25
	chrIX	179367	0	1.5	25
	chrIX	179414	0	0.5	25
	chrIX	179453	0	0.5	25
	chrIX	179453	1	1.5	25
	chrIX	179471	1	0.5	25
	chrIX	179509	0	0.5	25
	chrIX	179566	1	0.5	25
	chrIX	179571	0	0.5	25
	chrIX	179573	0	0.5	25
	chrIX	179575	0	0.5	25
	chrIX	179587	0	1.0	25
	chrIX	179597	0	0.5	25
	chrIX	179618	1	0.5	25
	chrIX	179622	0	0.5	25
	chrIX	179635	1	0.5	25
	chrIX	179640	1	0.5	25
	chrIX	179643	0	0.5	25
	chrIX	179653	1	0.5	25
	chrIX	179658	1	0.5	25
	chrIX	179689	1	0.5	25
	chrIX	179691	1	0.5	25
	chrIX	179719	1	0.5	25
	chrIX	179729	0	0.5	25
	chrIX	179730	0	0.5	25
	chrIX	179773	0	0.5	25
	chrIX	179774	0	0.5	25
	chrIX	179774	1	0.5	25
	chrIX	179775	0	0.5	25
	chrIX	179800	0	0.5	25
	chrIX	179807	1	0.5	25
	chrIX	179809	0	1.0	25
	chrIX	179812	1	0.5	25
	chrIX	179830	1	0.5	25
	chrIX	179863	1	0.5	25
	chrIX	179881	0	2.0	25
	chrIX	179898	0	0.5	25
	chrIX	179901	0	0.5	25
	chrIX	179902	0	0.5	25
	chrIX	179907	0	0.5	25
	chrIX	179930	0	0.5	25
	chrIX	179938	0	0.5	25
	chrIX	179956	1	0.5	25
	chrIX	179959	1	2.0	25
	chrIX	179962	1	1.0	25
	chrIX	179965	1	0.5	25
	chrIX	179970	1	0.5	25
	chrIX	179973	1	1.0	25
	chrIX	179975	1	0.5	25
	chrIX	180000	0	0.5	25
	chrIX	180000	1	0.5	25
	chrIX	180004	1	0.5	25
	chrIX	180036	0	0.5	25
	chrIX	180037	0	1.0	25
	chrIX	180050	1	0.5	25
	chrIX	180054	0	1.5	25
	chrIX	180107	1	0.5	25
	chrIX	180110	1	0.5	25
	chrIX	180115	0	0.5	25
	chrIX	180117	1	0.5	25
	chrIX	180130	0	1.0	25
	chrIX	180144	0	0.5	25
	chrIX	180164	0	1.0	25
	chrIX	180192	0	0.5	25
	chrIX	180214	1	1.5	25
	chrIX	180232	1	0.5	25
	chrIX	180256	0	0.5	25
	chrIX	180265	1	0.5	25
	chrIX	180268	0	1.0	25
	chrIX	180272	0	0.5	25
	chrIX	180290	0	0.5	25
	chrIX	180306	0	0.5	25
	chrIX	180310	0	0.5	25
	chrIX	180310	1	1.0	25
	chrIX	180311	0	4.5	25
	chrIX	180315	1	0.5	25
	chrIX	180340	0	0.5	25
	chrIX	180341	0	0.5	25
	chrIX	180347	1	0.5	25
	chrIX	180353	1	1.0	25
	chrIX	180377	1	2.5	25
	chrIX	180378	0	0.5	25
	chrIX	180378	1	0.5	25
	chrIX	180379	1	0.5	25
	chrIX	180381	0	0.5	25
	chrIX	180382	1	2.0	25
	chrIX	180388	1	0.5	25
	chrIX	180415	0	0.5	25
	chrIX	180437	1	0.5	25
	chrIX	180440	1	1.0	25
	chrIX	180443	1	0.5	25
	chrIX	180481	1	0.5	25
	chrIX	180501	0	0.5	25
	chrIX	180505	1	1.0	25
	chrIX	180507	0	0.5	25
	chrIX	180510	0	0.5	25
	chrIX	180513	0	0.5	25
	chrIX	180533	0	0.5	25
	chrIX	180550	0	0.5	25
	chrIX	180551	1	0.5	25
	chrIX	180554	0	0.5	25
	chrIX	180556	0	0.5	25
	chrIX	180563	1	0.5	25
	chrIX	180569	1	0.5	25
	chrIX	180579	0	0.5	25
	chrIX	180602	1	0.5	25
	chrIX	180610	1	0.5	25
	chrIX	180657	1	0.5	25
	chrIX	180669	1	0.5	25
	chrIX	180680	0	0.5	25
	chrIX	180694	0	0.5	25
	chrIX	180709	1	0.5	25
	chrIX	180710	1	0.5	25
	chrIX	180729	1	0.5	25
	chrIX	180736	0	0.5	25
	chrIX	180768	0	0.5	25
	chrIX	180770	1	0.5	25
	chrIX	180810	0	0.5	25
	chrIX	180821	1	0.5	25
	chrIX	180844	1	0.5	25
	chrIX	180864	0	0.5	25
	chrIX	180865	1	0.5	25
	chrIX	180867	0	0.5	25
	chrIX	180874	1	0.5	25
	chrIX	180902	0	1.0	25
	chrIX	180924	1	0.5	25
	chrIX	180990	1	1.0	25
	chrIX	181001	0	0.5	25
	chrIX	181020	0	0.5	25
	chrIX	181059	1	0.5	25
	chrIX	181062	0	0.5	25
	chrIX	181095	0	0.5	25
	chrIX	181095	1	1.0	25
	chrIX	181101	0	0.5	25
	chrIX	181125	1	0.5	25
	chrIX	181128	1	0.5	25
	chrIX	181167	0	1.0	25
	chrIX	181169	0	0.5	25
	chrIX	181198	0	0.5	25
	chrIX	181200	1	0.5	25
	chrIX	181225	1	1.0	25
	chrIX	181230	1	0.5	25
	chrIX	181235	0	1.0	25
	chrIX	181254	0	1.0	25
	chrIX	181266	0	0.5	25
	chrIX	181269	1	0.5	25
	chrIX	181284	1	0.5	25
	chrIX	181329	1	1.0	25
	chrIX	181338	0	0.5	25
	chrIX	181352	1	0.5	25
	chrIX	181367	0	0.5	25
	chrIX	181374	1	0.5	25
	chrIX	181376	0	0.5	25
	chrIX	181386	0	0.5	25
	chrIX	181400	1	0.5	25
	chrIX	181413	0	0.5	25
	chrIX	181431	1	0.5	25
	chrIX	181444	0	0.5	25
	chrIX	181453	1	0.5	25
	chrIX	181492	1	0.5	25
	chrIX	181505	0	0.5	25
	chrIX	181517	0	0.5	25
	chrIX	181534	1	0.5	25
	chrIX	181539	0	0.5	25
	chrIX	181550	1	0.5	25
	chrIX	181580	1	0.5	25
	chrIX	181615	0	0.5	25
	chrIX	181618	1	0.5	25
	chrIX	181644	0	0.5	25
	chrIX	181671	1	0.5	25
	chrIX	181709	0	0.5	25
	chrIX	181712	1	0.5	25
	chrIX	181719	1	0.5	25
	chrIX	181750	0	0.5	25
	chrIX	181759	0	0.5	25
	chrIX	181779	0	1.0	25
	chrIX	181780	1	0.5	25
	chrIX	181792	0	0.5	25
	chrIX	181796	1	0.5	25
	chrIX	181833	1	1.5	25
	chrIX	181838	0	0.5	25
	chrIX	181851	0	0.5	25
	chrIX	181856	0	0.5	25
	chrIX	181859	1	0.5	25
	chrIX	181885	0	0.5	25
	chrIX	181896	1	0.5	25
	chrIX	181902	0	0.5	25
	chrIX	181924	0	0.5	25
	chrIX	181942	1	0.5	25
	chrIX	181994	0	1.0	25
	chrIX	181994	1	0.5	25
	chrIX	181995	1	0.5	25
	chrIX	182010	0	0.5	25
	chrIX	182023	0	0.5	25
	chrIX	182035	1	0.5	25
	chrIX	182050	0	0.5	25
	chrIX	182054	1	0.5	25
	chrIX	182055	1	0.5	25
	chrIX	182057	1	0.5	25
	chrIX	182070	0	0.5	25
	chrIX	182102	1	0.5	25
	chrIX	182104	1	0.5	25
	chrIX	182108	0	0.5	25
	chrIX	182111	1	0.5	25
	chrIX	182160	0	0.5	25
	chrIX	182163	0	0.5	25
	chrIX	182172	1	0.5	25
	chrIX	182217	0	0.5	25
	chrIX	182220	0	0.5	25
	chrIX	182230	1	0.5	25
	chrIX	182247	0	0.5	25
	chrIX	182263	0	0.5	25
	chrIX	182266	1	0.5	25
	chrIX	182276	0	0.5	25
	chrIX	182293	1	0.5	25
	chrIX	182307	0	0.5	25
	chrIX	182312	0	0.5	25
	chrIX	182312	1	0.5	25
	chrIX	182316	0	0.5	25
	chrIX	182316	1	0.5	25
	chrIX	182318	0	0.5	25
	chrIX	182326	1	0.5	25
	chrIX	182354	1	0.5	25
	chrIX	182355	0	0.5	25
	chrIX	182372	1	0.5	25
	chrIX	182378	1	0.5	25
	chrIX	182380	0	0.5	25
	chrIX	182383	0	0.5	25
	chrIX	182394	0	0.5	25
	chrIX	182394	1	0.5	25
	chrIX	182413	0	0.5	25
	chrIX	182419	0	0.5	25
	chrIX	182422	1	0.5	25
	chrIX	182424	0	0.5	25
	chrIX	182432	0	0.5	25
	chrIX	182434	1	0.5	25
	chrIX	182438	1	0.5	25
	chrIX	182445	1	0.5	25
	chrIX	182456	0	0.5	25
	chrIX	182462	1	0.5	25
	chrIX	182469	1	0.5	25
	chrIX	182481	0	0.5	25
	chrIX	182488	1	0.5	25
	chrIX	182489	1	0.5	25
	chrIX	182490	0	0.5	25
	chrIX	182492	1	0.5	25
	chrIX	182493	0	0.5	25
	chrIX	182507	1	0.5	25
	chrIX	182527	0	0.5	25
	chrIX	182531	0	0.5	25
	chrIX	182532	0	0.5	25
	chrIX	182532	1	0.5	25
	chrIX	182552	0	0.5	25
	chrIX	182552	1	0.5	25
	chrIX	182570	1	0.5	25
	chrIX	182581	0	0.5	25
	chrIX	182581	1	0.5	25
	chrIX	182582	1	0.5	25
	chrIX	182586	0	0.5	25
	chrIX	182589	0	0.5	25
	chrIX	182591	0	0.5	25
	chrIX	182599	0	0.5	25
	chrIX	182607	0	0.5	25
	chrIX	182607	1	0.5	25
	chrIX	182610	0	0.5	25
	chrIX	182612	0	0.5	25
	chrIX	182640	1	0.5	25
	chrIX	182650	1	0.5	25
	chrIX	182651	1	0.5	25
	chrIX	182653	0	0.5	25
	chrIX	182654	0	0.5	25
	chrIX	182662	1	0.5	25
	chrIX	182668	1	0.5	25
	chrIX	182674	0	0.5	25
	chrIX	182676	1	0.5	25
	chrIX	182678	1	0.5	25
	chrIX	182688	1	0.5	25
	chrIX	182698	1	0.5	25
	chrIX	182699	0	1.0	25
	chrIX	182699	1	0.5	25
	chrIX	182709	1	0.5	25
	chrIX	182717	1	0.5	25
	chrIX	182730	0	1.0	25
	chrIX	182758	0	0.5	25
	chrIX	182762	1	0.5	25
	chrIX	182763	1	0.5	25
	chrIX	182766	1	0.5	25
	chrIX	182784	0	1.0	25
	chrIX	182802	0	0.5	25
	chrIX	182807	0	0.5	25
	chrIX	182813	1	1.0	25
	chrIX	182815	1	0.5	25
	chrIX	182859	0	0.5	25
	chrIX	182865	0	0.5	25
	chrIX	182869	1	0.5	25
	chrIX	182879	0	0.5	25
	chrIX	182882	0	0.5	25
	chrIX	182884	1	0.5	25
	chrIX	182907	1	0.5	25
	chrIX	182922	1	0.5	25
	chrIX	182926	0	1.0	25
	chrIX	182955	0	1.0	25
	chrIX	182960	1	0.5	25
	chrIX	182964	1	1.0	25
	chrIX	182990	0	0.5	25
	chrIX	182997	1	0.5	25
	chrIX	183003	1	0.5	25
	chrIX	183007	1	0.5	25
	chrIX	183029	0	0.5	25
	chrIX	183045	1	0.5	25
	chrIX	183057	1	1.0	25
	chrIX	183061	0	0.5	25
	chrIX	183063	0	0.5	25
	chrIX	183077	0	0.5	25
	chrIX	183084	0	0.5	25
	chrIX	183084	1	0.5	25
	chrIX	183094	0	0.5	25
	chrIX	183126	1	0.5	25
	chrIX	183140	1	0.5	25
	chrIX	183145	1	0.5	25
	chrIX	183148	0	0.5	25
	chrIX	183173	1	0.5	25
	chrIX	183189	0	0.5	25
	chrIX	183195	0	0.5	25
	chrIX	183195	1	0.5	25
	chrIX	183207	0	0.5	25
	chrIX	183208	0	0.5	25
	chrIX	183210	0	0.5	25
	chrIX	183213	0	0.5	25
	chrIX	183224	0	1.5	25
	chrIX	183225	0	0.5	25
	chrIX	183226	0	0.5	25
	chrIX	183242	1	0.5	25
	chrIX	183244	0	0.5	25
	chrIX	183248	1	0.5	25
	chrIX	183249	1	0.5	25
	chrIX	183272	0	0.5	25
	chrIX	183272	1	0.5	25
	chrIX	183274	1	0.5	25
	chrIX	183282	1	0.5	25
	chrIX	183290	1	1.0	25
	chrIX	183291	0	0.5	25
	chrIX	183293	1	1.0	25
	chrIX	183303	1	0.5	25
	chrIX	183304	1	1.0	25
	chrIX	183336	1	0.5	25
	chrIX	183340	0	0.5	25
	chrIX	183387	1	0.5	25
	chrIX	183400	0	0.5	25
	chrIX	183422	0	0.5	25
	chrIX	183424	0	0.5	25
	chrIX	183433	0	0.5	25
	chrIX	183449	0	0.5	25
	chrIX	183468	0	0.5	25
	chrIX	183471	1	0.5	25
	chrIX	183479	0	0.5	25
	chrIX	183479	1	0.5	25
	chrIX	183480	0	1.0	25
	chrIX	183482	0	0.5	25
	chrIX	183492	0	0.5	25
	chrIX	183492	1	0.5	25
	chrIX	183519	1	0.5	25
	chrIX	183522	1	0.5	25
	chrIX	183525	1	0.5	25
	chrIX	183544	0	0.5	25
	chrIX	183544	1	0.5	25
	chrIX	183550	0	0.5	25
	chrIX	183558	0	0.5	25
	chrIX	183559	1	0.5	25
	chrIX	183566	1	0.5	25
	chrIX	183572	1	0.5	25
	chrIX	183574	0	1.0	25
	chrIX	183574	1	0.5	25
	chrIX	183575	0	0.5	25
	chrIX	183576	1	0.5	25
	chrIX	183582	0	0.5	25
	chrIX	183589	0	0.5	25
	chrIX	183616	1	0.5	25
	chrIX	183620	1	0.5	25
	chrIX	183623	1	0.5	25
	chrIX	183631	1	0.5	25
	chrIX	183633	1	0.5	25
	chrIX	183642	1	0.5	25
	chrIX	183649	1	0.5	25
	chrIX	183657	0	1.5	25
	chrIX	183682	0	1.5	25
	chrIX	183699	0	0.5	25
	chrIX	183714	1	0.5	25
	chrIX	183732	0	0.5	25
	chrIX	183732	1	0.5	25
	chrIX	183734	0	0.5	25
	chrIX	183742	1	1.5	25
	chrIX	183745	0	1.0	25
	chrIX	183755	1	1.5	25
	chrIX	183803	1	1.0	25
	chrIX	183804	1	0.5	25
	chrIX	183880	0	1.0	25
	chrIX	183910	0	0.5	25
	chrIX	183924	1	0.5	25
	chrIX	183925	0	0.5	25
	chrIX	183940	0	0.5	25
	chrIX	183948	0	0.5	25
	chrIX	183962	0	0.5	25
	chrIX	184021	0	0.5	25
	chrIX	184021	1	0.5	25
	chrIX	184028	1	0.5	25
	chrIX	184048	0	0.5	25
	chrIX	184068	1	1.5	25
	chrIX	184077	0	0.5	25
	chrIX	184078	0	0.5	25
	chrIX	184082	0	1.0	25
	chrIX	184091	1	0.5	25
	chrIX	184134	1	0.5	25
	chrIX	184135	1	0.5	25
	chrIX	184137	1	0.5	25
	chrIX	184138	0	0.5	25
	chrIX	184149	1	0.5	25
	chrIX	184179	1	0.5	25
	chrIX	184199	0	0.5	25
	chrIX	184234	0	1.0	25
	chrIX	184240	0	0.5	25
	chrIX	184240	1	1.0	25
	chrIX	184268	0	0.5	25
	chrIX	184295	1	0.5	25
	chrIX	184303	1	0.5	25
	chrIX	184314	1	0.5	25
	chrIX	184331	0	0.5	25
	chrIX	184354	1	0.5	25
	chrIX	184363	1	0.5	25
	chrIX	184375	0	1.0	25
	chrIX	184428	0	0.5	25
	chrIX	184437	1	1.0	25
	chrIX	184450	1	0.5	25
	chrIX	184453	0	1.0	25
	chrIX	184497	1	0.5	25
	chrIX	184526	1	1.5	25
	chrIX	184549	0	0.5	25
	chrIX	184559	0	0.5	25
	chrIX	184560	0	0.5	25
	chrIX	184611	0	1.0	25
	chrIX	184616	0	0.5	25
	chrIX	184645	1	0.5	25
	chrIX	184646	0	0.5	25
	chrIX	184647	1	0.5	25
	chrIX	184648	0	0.5	25
	chrIX	184658	0	0.5	25
	chrIX	184666	0	0.5	25
	chrIX	184675	1	1.0	25
	chrIX	184676	0	1.0	25
	chrIX	184694	1	0.5	25
	chrIX	184719	0	0.5	25
	chrIX	184738	0	0.5	25
	chrIX	184745	0	0.5	25
	chrIX	184749	1	0.5	25
	chrIX	184750	1	0.5	25
	chrIX	184757	1	1.5	25
	chrIX	184771	1	0.5	25
	chrIX	184791	1	0.5	25
	chrIX	184795	1	0.5	25
	chrIX	184808	1	0.5	25
	chrIX	184811	1	0.5	25
	chrIX	184838	0	0.5	25
	chrIX	184900	0	0.5	25
	chrIX	184911	0	0.5	25
	chrIX	184936	0	0.5	25
	chrIX	184946	0	0.5	25
	chrIX	184956	0	0.5	25
	chrIX	184959	0	1.0	25
	chrIX	184964	1	0.5	25
	chrIX	184987	1	0.5	25
	chrIX	185025	1	0.5	25
	chrIX	185040	1	0.5	25
	chrIX	185045	0	0.5	25
	chrIX	185062	0	0.5	25
	chrIX	185087	0	0.5	25
	chrIX	185100	1	0.5	25
	chrIX	185106	0	0.5	25
	chrIX	185106	1	0.5	25
	chrIX	185126	1	1.0	25
	chrIX	185131	0	0.5	25
	chrIX	185135	0	0.5	25
	chrIX	185139	1	0.5	25
	chrIX	185154	1	0.5	25
	chrIX	185163	1	1.0	25
	chrIX	185176	0	0.5	25
	chrIX	185186	1	0.5	25
	chrIX	185188	0	0.5	25
	chrIX	185195	1	0.5	25
	chrIX	185204	0	0.5	25
	chrIX	185215	0	0.5	25
	chrIX	185222	0	0.5	25
	chrIX	185224	0	1.0	25
	chrIX	185225	0	0.5	25
	chrIX	185262	1	0.5	25
	chrIX	185270	1	1.0	25
	chrIX	185272	1	1.5	25
	chrIX	185277	1	0.5	25
	chrIX	185285	0	0.5	25
	chrIX	185295	1	0.5	25
	chrIX	185298	0	0.5	25
	chrIX	185299	0	0.5	25
	chrIX	185316	0	0.5	25
	chrIX	185317	0	0.5	25
	chrIX	185326	0	0.5	25
	chrIX	185355	0	0.5	25
	chrIX	185358	0	0.5	25
	chrIX	185367	0	0.5	25
	chrIX	185373	1	1.0	25
	chrIX	185400	0	0.5	25
	chrIX	185408	0	0.5	25
	chrIX	185411	1	1.0	25
	chrIX	185412	0	0.5	25
	chrIX	185415	1	0.5	25
	chrIX	185441	1	0.5	25
	chrIX	185452	1	0.5	25
	chrIX	185463	1	0.5	25
	chrIX	185472	1	0.5	25
	chrIX	185474	1	1.0	25
	chrIX	185481	1	0.5	25
	chrIX	185531	0	0.5	25
	chrIX	185565	0	0.5	25
	chrIX	185585	0	0.5	25
	chrIX	185622	0	0.5	25
	chrIX	185629	1	0.5	25
	chrIX	185640	1	0.5	25
	chrIX	185643	0	0.5	25
	chrIX	185644	0	0.5	25
	chrIX	185660	0	0.5	25
	chrIX	185679	0	0.5	25
	chrIX	185684	1	0.5	25
	chrIX	185704	0	0.5	25
	chrIX	185721	1	0.5	25
	chrIX	185722	1	0.5	25
	chrIX	185723	1	0.5	25
	chrIX	185734	0	1.0	25
	chrIX	185746	0	1.0	25
	chrIX	185759	0	0.5	25
	chrIX	185779	1	0.5	25
	chrIX	185782	1	0.5	25
	chrIX	185812	1	0.5	25
	chrIX	185820	1	0.5	25
	chrIX	185822	1	1.0	25
	chrIX	185838	1	0.5	25
	chrIX	185869	1	0.5	25
	chrIX	185870	0	0.5	25
	chrIX	185876	0	0.5	25
	chrIX	185891	0	0.5	25
	chrIX	185908	0	0.5	25
	chrIX	185913	1	0.5	25
	chrIX	185935	1	0.5	25
	chrIX	185956	1	0.5	25
	chrIX	185968	0	1.0	25
	chrIX	185989	0	0.5	25
	chrIX	186015	0	0.5	25
	chrIX	186031	1	1.0	25
	chrIX	186043	0	0.5	25
	chrIX	186052	0	0.5	25
	chrIX	186054	1	0.5	25
	chrIX	186083	1	0.5	25
	chrIX	186084	1	0.5	25
	chrIX	186131	0	0.5	25
	chrIX	186140	1	0.5	25
	chrIX	186160	0	0.5	25
	chrIX	186162	0	1.0	25
	chrIX	186180	0	0.5	25
	chrIX	186188	0	0.5	25
	chrIX	186198	0	0.5	25
	chrIX	186206	1	0.5	25
	chrIX	186230	0	0.5	25
	chrIX	186232	0	0.5	25
	chrIX	186233	1	0.5	25
	chrIX	186235	0	0.5	25
	chrIX	186237	1	0.5	25
	chrIX	186251	1	0.5	25
	chrIX	186256	0	0.5	25
	chrIX	186258	1	0.5	25
	chrIX	186297	1	0.5	25
	chrIX	186299	1	0.5	25
	chrIX	186304	1	0.5	25
	chrIX	186306	0	0.5	25
	chrIX	186314	1	1.0	25
	chrIX	186347	0	0.5	25
	chrIX	186348	0	0.5	25
	chrIX	186367	1	0.5	25
	chrIX	186376	1	0.5	25
	chrIX	186392	0	0.5	25
	chrIX	186395	1	0.5	25
	chrIX	186396	0	0.5	25
	chrIX	186412	1	0.5	25
	chrIX	186418	1	0.5	25
	chrIX	186435	0	0.5	25
	chrIX	186440	0	0.5	25
	chrIX	186468	0	0.5	25
	chrIX	186477	1	0.5	25
	chrIX	186509	0	0.5	25
	chrIX	186518	1	0.5	25
	chrIX	186520	0	0.5	25
	chrIX	186553	1	0.5	25
	chrIX	186575	1	0.5	25
	chrIX	186582	1	0.5	25
	chrIX	186588	0	0.5	25
	chrIX	186601	0	0.5	25
	chrIX	186621	0	0.5	25
	chrIX	186627	1	0.5	25
	chrIX	186632	0	0.5	25
	chrIX	186640	0	0.5	25
	chrIX	186702	1	0.5	25
	chrIX	186703	1	0.5	25
	chrIX	186704	0	0.5	25
	chrIX	186720	0	0.5	25
	chrIX	186721	0	1.0	25
	chrIX	186763	1	0.5	25
	chrIX	186769	1	0.5	25
	chrIX	186770	0	0.5	25
	chrIX	186779	1	0.5	25
	chrIX	186787	1	0.5	25
	chrIX	186794	1	1.0	25
	chrIX	186806	0	0.5	25
	chrIX	186830	1	0.5	25
	chrIX	186839	1	0.5	25
	chrIX	186845	1	0.5	25
	chrIX	186882	1	0.5	25
	chrIX	186901	0	0.5	25
	chrIX	186985	1	0.5	25
	chrIX	187049	0	0.5	25
	chrIX	187065	0	0.5	25
	chrIX	187123	0	0.5	25
	chrIX	187130	1	0.5	25
	chrIX	187159	0	0.5	25
	chrIX	187189	0	0.5	25
	chrIX	187205	0	1.0	25
	chrIX	187218	0	0.5	25
	chrIX	187226	0	0.5	25
	chrIX	187249	1	0.5	25
	chrIX	187252	1	0.5	25
	chrIX	187255	0	0.5	25
	chrIX	187257	0	0.5	25
	chrIX	187267	1	0.5	25
	chrIX	187268	1	0.5	25
	chrIX	187269	1	1.0	25
	chrIX	187275	0	0.5	25
	chrIX	187303	1	0.5	25
	chrIX	187312	0	0.5	25
	chrIX	187347	1	0.5	25
	chrIX	187367	0	0.5	25
	chrIX	187377	0	0.5	25
	chrIX	187380	0	0.5	25
	chrIX	187400	1	0.5	25
	chrIX	187413	1	0.5	25
	chrIX	187421	1	0.5	25
	chrIX	187456	1	0.5	25
	chrIX	187478	1	0.5	25
	chrIX	187483	0	1.0	25
	chrIX	187487	1	0.5	25
	chrIX	187499	0	1.0	25
	chrIX	187501	0	0.5	25
	chrIX	187522	0	0.5	25
	chrIX	187539	1	0.5	25
	chrIX	187549	0	0.5	25
	chrIX	187552	1	1.0	25
	chrIX	187561	0	0.5	25
	chrIX	187569	0	1.0	25
	chrIX	187577	0	0.5	25
	chrIX	187580	1	1.0	25
	chrIX	187581	1	0.5	25
	chrIX	187584	0	1.0	25
	chrIX	187611	1	1.0	25
	chrIX	187615	1	0.5	25
	chrIX	187661	1	0.5	25
	chrIX	187674	1	0.5	25
	chrIX	187675	0	0.5	25
	chrIX	187677	0	0.5	25
	chrIX	187678	0	0.5	25
	chrIX	187694	0	0.5	25
	chrIX	187705	0	0.5	25
	chrIX	187706	0	1.0	25
	chrIX	187736	0	2.0	25
	chrIX	187736	1	1.0	25
	chrIX	187737	0	0.5	25
	chrIX	187738	0	0.5	25
	chrIX	187743	1	0.5	25
	chrIX	187745	1	0.5	25
	chrIX	187746	0	0.5	25
	chrIX	187746	1	0.5	25
	chrIX	187748	1	0.5	25
	chrIX	187766	1	0.5	25
	chrIX	187768	1	0.5	25
	chrIX	187770	1	0.5	25
	chrIX	187778	0	0.5	25
	chrIX	187779	1	0.5	25
	chrIX	187780	0	0.5	25
	chrIX	187785	1	0.5	25
	chrIX	187793	1	1.5	25
	chrIX	187794	1	1.5	25
	chrIX	187795	0	0.5	25
	chrIX	187812	0	0.5	25
	chrIX	187848	0	0.5	25
	chrIX	187850	0	0.5	25
	chrIX	187853	1	0.5	25
	chrIX	187870	1	0.5	25
	chrIX	187871	0	0.5	25
	chrIX	187873	1	0.5	25
	chrIX	187893	0	0.5	25
	chrIX	187904	1	0.5	25
	chrIX	187905	1	0.5	25
	chrIX	187909	1	0.5	25
	chrIX	187918	0	0.5	25
	chrIX	187925	0	0.5	25
	chrIX	187941	1	0.5	25
	chrIX	187945	0	0.5	25
	chrIX	187960	0	0.5	25
	chrIX	187970	1	0.5	25
	chrIX	187975	0	0.5	25
	chrIX	187977	0	0.5	25
	chrIX	187977	1	0.5	25
	chrIX	187978	0	0.5	25
	chrIX	187991	1	0.5	25
	chrIX	188007	0	1.5	25
	chrIX	188037	1	0.5	25
	chrIX	188042	1	0.5	25
	chrIX	188046	1	0.5	25
	chrIX	188055	1	0.5	25
	chrIX	188075	1	0.5	25
	chrIX	188116	0	1.0	25
	chrIX	188134	1	1.5	25
	chrIX	188139	0	1.0	25
	chrIX	188154	0	0.5	25
	chrIX	188156	0	0.5	25
	chrIX	188170	0	0.5	25
	chrIX	188184	0	0.5	25
	chrIX	188212	1	0.5	25
	chrIX	188244	1	0.5	25
	chrIX	188249	1	0.5	25
	chrIX	188251	1	1.0	25
	chrIX	188295	0	0.5	25
	chrIX	188315	1	1.0	25
	chrIX	188321	0	0.5	25
	chrIX	188324	0	0.5	25
	chrIX	188344	1	0.5	25
	chrIX	188352	0	1.0	25
	chrIX	188361	0	0.5	25
	chrIX	188363	1	0.5	25
	chrIX	188376	1	0.5	25
	chrIX	188377	0	0.5	25
	chrIX	188414	1	0.5	25
	chrIX	188423	1	1.0	25
	chrIX	188425	0	0.5	25
	chrIX	188426	0	0.5	25
	chrIX	188427	0	0.5	25
	chrIX	188431	1	0.5	25
	chrIX	188461	0	0.5	25
	chrIX	188517	1	0.5	25
	chrIX	188518	1	0.5	25
	chrIX	188546	1	0.5	25
	chrIX	188559	0	0.5	25
	chrIX	188591	0	0.5	25
	chrIX	188593	0	0.5	25
	chrIX	188596	1	0.5	25
	chrIX	188597	0	0.5	25
	chrIX	188614	1	0.5	25
	chrIX	188627	1	0.5	25
	chrIX	188641	0	1.0	25
	chrIX	188663	1	0.5	25
	chrIX	188704	1	1.0	25
	chrIX	188719	0	0.5	25
	chrIX	188722	0	0.5	25
	chrIX	188732	1	0.5	25
	chrIX	188762	0	0.5	25
	chrIX	188764	1	0.5	25
	chrIX	188811	0	0.5	25
	chrIX	188822	1	0.5	25
	chrIX	188823	1	1.0	25
	chrIX	188841	0	1.0	25
	chrIX	188874	0	1.0	25
	chrIX	188882	1	0.5	25
	chrIX	188888	0	1.0	25
	chrIX	188889	0	0.5	25
	chrIX	188893	0	0.5	25
	chrIX	188894	0	0.5	24
	chrIX	188894	0	1.5	25
	chrIX	188896	0	1.0	25
	chrIX	188910	0	0.5	25
	chrIX	188929	1	0.5	25
	chrIX	188931	1	1.5	25
	chrIX	188944	1	3.0	25
	chrIX	188946	0	0.5	25
	chrIX	188947	0	1.0	25
	chrIX	188950	0	0.5	25
	chrIX	188962	0	0.5	25
	chrIX	188962	1	1.5	25
	chrIX	188972	1	0.5	25
	chrIX	188975	1	0.5	25
	chrIX	189010	0	0.5	25
	chrIX	189014	1	0.5	25
	chrIX	189015	1	0.5	25
	chrIX	189034	0	0.5	25
	chrIX	189034	1	0.5	25
	chrIX	189037	0	0.5	25
	chrIX	189041	0	0.5	25
	chrIX	189055	0	0.5	25
	chrIX	189058	0	0.5	25
	chrIX	189100	1	0.5	25
	chrIX	189101	1	0.5	25
	chrIX	189107	1	0.5	25
	chrIX	189117	1	0.5	25
	chrIX	189127	1	0.5	25
	chrIX	189142	0	0.5	25
	chrIX	189144	0	0.5	25
	chrIX	189145	0	0.5	25
	chrIX	189148	0	0.5	25
	chrIX	189161	1	0.5	25
	chrIX	189189	1	0.5	25
	chrIX	189213	1	0.5	25
	chrIX	189222	0	0.5	25
	chrIX	189233	0	0.5	25
	chrIX	189259	1	0.5	25
	chrIX	189275	1	0.5	25
	chrIX	189296	1	0.5	25
	chrIX	189306	0	0.5	25
	chrIX	189308	0	0.5	25
	chrIX	189317	1	0.5	25
	chrIX	189321	0	0.5	25
	chrIX	189329	0	0.5	25
	chrIX	189346	1	0.5	25
	chrIX	189352	1	0.5	25
	chrIX	189354	0	1.0	25
	chrIX	189373	1	0.5	25
	chrIX	189374	0	0.5	25
	chrIX	189381	0	0.5	25
	chrIX	189435	0	0.5	25
	chrIX	189442	0	0.5	25
	chrIX	189472	1	0.5	25
	chrIX	189479	1	0.5	25
	chrIX	189485	1	0.5	25
	chrIX	189486	1	0.5	23
	chrIX	189487	1	1.5	25
	chrIX	189507	1	0.5	25
	chrIX	189515	0	1.0	25
	chrIX	189522	0	1.0	25
	chrIX	189549	0	1.0	25
	chrIX	189553	0	0.5	25
	chrIX	189557	0	0.5	25
	chrIX	189558	0	0.5	25
	chrIX	189561	0	0.5	25
	chrIX	189570	1	0.5	25
	chrIX	189577	0	0.5	25
	chrIX	189583	1	0.5	25
	chrIX	189610	1	0.5	25
	chrIX	189611	1	0.5	25
	chrIX	189617	1	1.0	25
	chrIX	189628	1	0.5	25
	chrIX	189629	1	0.5	25
	chrIX	189636	0	0.5	25
	chrIX	189643	1	0.5	25
	chrIX	189655	1	0.5	25
	chrIX	189668	1	1.0	25
	chrIX	189701	1	0.5	25
	chrIX	189749	0	0.5	25
	chrIX	189751	0	0.5	25
	chrIX	189777	0	0.5	25
	chrIX	189786	1	0.5	25
	chrIX	189797	0	0.5	25
	chrIX	189800	0	0.5	25
	chrIX	189807	0	0.5	25
	chrIX	189810	0	1.0	25
	chrIX	189811	1	0.5	25
	chrIX	189813	0	0.5	25
	chrIX	189840	1	0.5	25
	chrIX	189857	1	1.0	25
	chrIX	189871	0	0.5	25
	chrIX	189890	0	0.5	25
	chrIX	189905	1	0.5	25
	chrIX	189907	1	0.5	25
	chrIX	189924	0	0.5	25
	chrIX	189934	1	0.5	25
	chrIX	189937	1	0.5	25
	chrIX	189939	0	0.5	25
	chrIX	189948	0	0.5	25
	chrIX	189955	0	0.5	25
	chrIX	189965	1	0.5	25
	chrIX	189970	1	0.5	25
	chrIX	190017	0	0.5	25
	chrIX	190041	0	0.5	25
	chrIX	190061	1	0.5	25
	chrIX	190074	1	0.5	25
	chrIX	190091	0	0.5	25
	chrIX	190092	0	0.5	25
	chrIX	190101	1	0.5	25
	chrIX	190103	1	0.5	25
	chrIX	190122	0	0.5	25
	chrIX	190154	1	0.5	25
	chrIX	190165	1	0.5	25
	chrIX	190172	0	0.5	25
	chrIX	190174	0	1.0	25
	chrIX	190187	1	0.5	25
	chrIX	190191	1	0.5	25
	chrIX	190195	0	1.0	25
	chrIX	190197	0	0.5	25
	chrIX	190213	1	0.5	25
	chrIX	190219	0	0.5	25
	chrIX	190238	0	0.5	25
	chrIX	190248	1	0.5	25
	chrIX	190254	1	1.0	25
	chrIX	190258	0	0.5	25
	chrIX	190272	1	0.5	25
	chrIX	190274	0	0.5	25
	chrIX	190290	1	1.0	25
	chrIX	190297	1	0.5	25
	chrIX	190302	1	0.5	25
	chrIX	190325	0	0.5	25
	chrIX	190331	1	0.5	25
	chrIX	190334	0	0.5	25
	chrIX	190335	0	0.5	25
	chrIX	190337	0	0.5	25
	chrIX	190379	1	0.5	25
	chrIX	190383	0	0.5	25
	chrIX	190392	1	0.5	25
	chrIX	190395	0	0.5	25
	chrIX	190409	0	0.5	25
	chrIX	190415	1	0.5	25
	chrIX	190424	1	0.5	25
	chrIX	190429	0	0.5	25
	chrIX	190436	0	0.5	25
	chrIX	190448	1	0.5	25
	chrIX	190450	0	0.5	25
	chrIX	190463	1	0.5	25
	chrIX	190473	1	0.5	25
	chrIX	190486	0	0.5	25
	chrIX	190506	1	0.5	25
	chrIX	190521	0	0.5	25
	chrIX	190545	0	0.5	25
	chrIX	190589	1	0.5	25
	chrIX	190615	1	0.5	25
	chrIX	190622	1	0.5	25
	chrIX	190627	0	0.5	25
	chrIX	190632	1	0.5	25
	chrIX	190649	1	0.5	25
	chrIX	190650	1	0.5	25
	chrIX	190676	0	0.5	25
	chrIX	190684	1	0.5	25
	chrIX	190744	1	0.5	25
	chrIX	190779	0	0.5	25
	chrIX	190816	0	0.5	25
	chrIX	190823	0	1.0	25
	chrIX	190825	0	0.5	25
	chrIX	190827	0	1.0	25
	chrIX	190849	0	0.5	25
	chrIX	190856	1	0.5	25
	chrIX	190861	0	0.5	25
	chrIX	190875	0	0.5	25
	chrIX	190886	1	0.5	25
	chrIX	190892	0	0.5	25
	chrIX	190896	0	0.5	25
	chrIX	190900	1	0.5	25
	chrIX	190912	1	0.5	25
	chrIX	190918	1	1.0	25
	chrIX	190924	0	1.0	25
	chrIX	190925	1	0.5	25
	chrIX	190939	1	0.5	25
	chrIX	190959	1	0.5	25
	chrIX	190968	1	0.5	25
	chrIX	190982	1	0.5	25
	chrIX	190983	1	0.5	25
	chrIX	190987	1	0.5	25
	chrIX	190994	0	0.5	25
	chrIX	191011	1	0.5	25
	chrIX	191023	1	0.5	25
	chrIX	191026	0	0.5	25
	chrIX	191076	0	0.5	25
	chrIX	191092	0	1.0	25
	chrIX	191107	1	0.5	25
	chrIX	191132	0	0.5	25
	chrIX	191143	0	0.5	25
	chrIX	191149	1	0.5	25
	chrIX	191168	0	0.5	25
	chrIX	191177	1	0.5	25
	chrIX	191182	0	0.5	25
	chrIX	191190	1	0.5	25
	chrIX	191193	0	0.5	25
	chrIX	191195	0	0.5	25
	chrIX	191209	1	0.5	25
	chrIX	191239	0	0.5	25
	chrIX	191243	1	0.5	25
	chrIX	191258	0	0.5	25
	chrIX	191273	1	0.5	25
	chrIX	191278	1	0.5	25
	chrIX	191305	1	0.5	25
	chrIX	191331	1	0.5	25
	chrIX	191332	0	0.5	25
	chrIX	191332	1	0.5	25
	chrIX	191338	1	0.5	25
	chrIX	191363	0	0.5	25
	chrIX	191385	1	0.5	25
	chrIX	191388	0	0.5	25
	chrIX	191404	0	0.5	25
	chrIX	191420	0	0.5	25
	chrIX	191452	0	0.5	25
	chrIX	191483	1	0.5	25
	chrIX	191484	1	0.5	25
	chrIX	191522	0	0.5	25
	chrIX	191529	0	0.5	25
	chrIX	191540	1	0.5	25
	chrIX	191541	0	0.5	25
	chrIX	191546	1	0.5	25
	chrIX	191550	0	0.5	25
	chrIX	191574	1	0.5	25
	chrIX	191583	0	1.0	25
	chrIX	191587	0	0.5	25
	chrIX	191598	0	0.5	25
	chrIX	191606	1	0.5	25
	chrIX	191612	1	0.5	25
	chrIX	191640	1	0.5	25
	chrIX	191657	0	1.5	25
	chrIX	191706	0	0.5	25
	chrIX	191713	1	1.5	25
	chrIX	191720	1	1.0	25
	chrIX	191724	1	0.5	25
	chrIX	191737	0	0.5	25
	chrIX	191765	1	0.5	25
	chrIX	191766	1	0.5	25
	chrIX	191785	1	0.5	25
	chrIX	191790	0	0.5	25
	chrIX	191812	1	0.5	25
	chrIX	191853	1	0.5	25
	chrIX	191869	0	1.0	25
	chrIX	191886	0	0.5	25
	chrIX	191968	1	0.5	25
	chrIX	191992	1	1.0	25
	chrIX	192024	0	0.5	25
	chrIX	192056	1	0.5	25
	chrIX	192087	0	1.0	25
	chrIX	192090	0	0.5	25
	chrIX	192093	0	0.5	25
	chrIX	192109	0	1.5	25
	chrIX	192152	1	1.0	25
	chrIX	192158	1	1.0	25
	chrIX	192163	0	0.5	25
	chrIX	192179	0	0.5	25
	chrIX	192186	0	0.5	25
	chrIX	192200	1	0.5	25
	chrIX	192204	0	0.5	25
	chrIX	192244	1	0.5	25
	chrIX	192247	1	0.5	25
	chrIX	192263	1	0.5	25
	chrIX	192277	1	0.5	25
	chrIX	192285	1	0.5	25
	chrIX	192297	0	0.5	25
	chrIX	192320	0	0.5	25
	chrIX	192323	0	0.5	25
	chrIX	192335	0	0.5	25
	chrIX	192340	1	0.5	25
	chrIX	192350	0	0.5	25
	chrIX	192351	1	0.5	25
	chrIX	192355	0	0.5	25
	chrIX	192362	0	0.5	25
	chrIX	192391	0	0.5	25
	chrIX	192401	1	1.0	25
	chrIX	192410	1	0.5	25
	chrIX	192414	1	0.5	25
	chrIX	192424	1	0.5	25
	chrIX	192432	0	0.5	25
	chrIX	192433	0	0.5	25
	chrIX	192435	0	0.5	25
	chrIX	192436	0	0.5	25
	chrIX	192456	1	0.5	25
	chrIX	192476	1	0.5	25
	chrIX	192480	0	0.5	25
	chrIX	192504	1	0.5	25
	chrIX	192525	0	0.5	25
	chrIX	192553	1	0.5	25
	chrIX	192557	1	0.5	25
	chrIX	192583	1	0.5	25
	chrIX	192588	1	0.5	25
	chrIX	192589	1	0.5	25
	chrIX	192595	0	0.5	25
	chrIX	192622	1	0.5	25
	chrIX	192639	0	0.5	25
	chrIX	192644	0	1.0	25
	chrIX	192756	0	0.5	25
	chrIX	192816	0	0.5	25
	chrIX	192841	1	0.5	25
	chrIX	192842	1	1.0	25
	chrIX	192880	0	0.5	25
	chrIX	192936	0	0.5	25
	chrIX	192946	1	0.5	25
	chrIX	192963	0	0.5	25
	chrIX	192964	1	0.5	25
	chrIX	193018	0	0.5	25
	chrIX	193033	1	0.5	25
	chrIX	193035	1	0.5	25
	chrIX	193039	0	1.0	25
	chrIX	193042	0	0.5	25
	chrIX	193043	0	0.5	25
	chrIX	193071	1	0.5	25
	chrIX	193105	1	0.5	25
	chrIX	193106	0	1.0	25
	chrIX	193107	1	0.5	25
	chrIX	193114	0	0.5	25
	chrIX	193116	0	0.5	25
	chrIX	193138	1	1.0	25
	chrIX	193181	1	0.5	25
	chrIX	193202	0	0.5	25
	chrIX	193218	0	0.5	25
	chrIX	193224	0	1.5	25
	chrIX	193256	1	0.5	25
	chrIX	193262	0	1.0	25
	chrIX	193263	0	1.0	25
	chrIX	193268	0	1.0	25
	chrIX	193269	0	0.5	25
	chrIX	193288	1	1.0	25
	chrIX	193290	1	0.5	25
	chrIX	193293	1	0.5	25
	chrIX	193295	0	3.0	25
	chrIX	193295	1	0.5	25
	chrIX	193304	0	0.5	25
	chrIX	193305	0	1.0	25
	chrIX	193309	0	1.0	25
	chrIX	193310	0	0.5	25
	chrIX	193313	0	0.5	25
	chrIX	193314	0	0.5	25
	chrIX	193339	0	0.5	25
	chrIX	193348	1	1.5	25
	chrIX	193353	1	0.5	25
	chrIX	193354	0	0.5	25
	chrIX	193355	1	0.5	25
	chrIX	193365	1	2.0	25
	chrIX	193367	1	0.5	25
	chrIX	193369	0	0.5	25
	chrIX	193372	1	0.5	25
	chrIX	193376	1	1.5	25
	chrIX	193381	1	1.5	25
	chrIX	193384	1	0.5	25
	chrIX	193387	1	1.0	25
	chrIX	193392	1	0.5	25
	chrIX	193400	1	0.5	25
	chrIX	193404	0	0.5	25
	chrIX	193404	1	1.0	25
	chrIX	193405	1	0.5	25
	chrIX	193407	1	0.5	25
	chrIX	193420	0	1.5	25
	chrIX	193463	1	0.5	25
	chrIX	193471	1	0.5	25
	chrIX	193478	1	0.5	25
	chrIX	193481	1	0.5	25
	chrIX	193488	0	0.5	25
	chrIX	193493	0	0.5	25
	chrIX	193548	1	0.5	25
	chrIX	193550	0	0.5	25
	chrIX	193556	0	1.0	25
	chrIX	193579	1	0.5	25
	chrIX	193623	0	0.5	25
	chrIX	193626	1	1.0	25
	chrIX	193645	1	0.5	25
	chrIX	193694	0	0.5	25
	chrIX	193695	0	0.5	25
	chrIX	193724	0	1.0	25
	chrIX	193729	1	0.5	25
	chrIX	193730	0	0.5	25
	chrIX	193746	0	0.5	25
	chrIX	193758	1	0.5	25
	chrIX	193766	1	0.5	25
	chrIX	193777	1	0.5	25
	chrIX	193790	0	0.5	25
	chrIX	193797	0	0.5	25
	chrIX	193797	1	0.5	25
	chrIX	193813	0	0.5	25
	chrIX	193824	1	0.5	25
	chrIX	193835	1	0.5	25
	chrIX	193848	1	1.0	25
	chrIX	193849	0	0.5	25
	chrIX	193860	0	0.5	25
	chrIX	193885	0	0.5	25
	chrIX	193888	0	0.5	25
	chrIX	193902	1	0.5	25
	chrIX	193910	1	0.5	25
	chrIX	193913	1	0.5	25
	chrIX	193919	0	0.5	25
	chrIX	193941	1	0.5	25
	chrIX	193947	0	0.5	25
	chrIX	193955	0	0.5	25
	chrIX	193962	0	0.5	25
	chrIX	193978	0	0.5	25
	chrIX	193979	1	0.5	25
	chrIX	193982	0	0.5	25
	chrIX	193986	1	0.5	25
	chrIX	193987	0	0.5	25
	chrIX	193999	0	0.5	25
	chrIX	194001	0	0.5	25
	chrIX	194033	0	0.5	25
	chrIX	194036	0	0.5	25
	chrIX	194040	1	0.5	25
	chrIX	194042	1	0.5	25
	chrIX	194048	1	0.5	25
	chrIX	194054	1	0.5	25
	chrIX	194060	0	0.5	25
	chrIX	194061	1	0.5	25
	chrIX	194064	0	0.5	25
	chrIX	194078	1	0.5	25
	chrIX	194084	0	0.5	25
	chrIX	194085	0	0.5	25
	chrIX	194088	1	0.5	25
	chrIX	194094	1	0.5	25
	chrIX	194111	1	0.5	25
	chrIX	194121	1	0.5	25
	chrIX	194122	0	0.5	25
	chrIX	194124	0	0.5	25
	chrIX	194125	1	0.5	25
	chrIX	194127	0	0.5	25
	chrIX	194127	1	0.5	25
	chrIX	194131	1	0.5	25
	chrIX	194146	0	0.5	25
	chrIX	194155	1	0.5	25
	chrIX	194160	0	0.5	25
	chrIX	194184	1	0.5	25
	chrIX	194185	0	0.5	25
	chrIX	194198	1	0.5	25
	chrIX	194208	0	0.5	25
	chrIX	194213	1	0.5	25
	chrIX	194251	1	0.5	25
	chrIX	194260	1	0.5	25
	chrIX	194274	1	0.5	25
	chrIX	194277	0	1.0	25
	chrIX	194278	1	0.5	25
	chrIX	194289	0	0.5	25
	chrIX	194324	1	0.5	25
	chrIX	194356	1	1.5	25
	chrIX	194378	0	0.5	25
	chrIX	194392	0	0.5	25
	chrIX	194421	0	0.5	25
	chrIX	194461	0	0.5	25
	chrIX	194483	1	0.5	25
	chrIX	194490	1	0.5	25
	chrIX	194495	0	1.0	25
	chrIX	194497	0	0.5	25
	chrIX	194504	0	1.5	25
	chrIX	194510	1	0.5	25
	chrIX	194529	0	0.5	25
	chrIX	194530	0	0.5	25
	chrIX	194536	1	1.0	25
	chrIX	194552	1	0.5	25
	chrIX	194562	0	0.5	25
	chrIX	194578	1	1.0	25
	chrIX	194581	1	0.5	25
	chrIX	194585	0	1.0	25
	chrIX	194586	1	0.5	25
	chrIX	194593	1	0.5	25
	chrIX	194602	0	0.5	25
	chrIX	194603	0	0.5	25
	chrIX	194621	0	0.5	25
	chrIX	194628	0	1.0	25
	chrIX	194642	1	0.5	25
	chrIX	194655	1	0.5	25
	chrIX	194656	1	0.5	25
	chrIX	194671	0	0.5	25
	chrIX	194675	0	0.5	25
	chrIX	194679	1	0.5	25
	chrIX	194698	0	0.5	25
	chrIX	194703	1	0.5	25
	chrIX	194708	1	0.5	25
	chrIX	194720	1	0.5	25
	chrIX	194727	1	0.5	25
	chrIX	194764	1	0.5	25
	chrIX	194767	1	1.0	25
	chrIX	194781	0	0.5	25
	chrIX	194834	0	0.5	25
	chrIX	194837	1	0.5	25
	chrIX	194840	0	0.5	25
	chrIX	194860	1	0.5	25
	chrIX	194879	0	0.5	25
	chrIX	194884	1	0.5	25
	chrIX	194904	0	0.5	25
	chrIX	194922	0	0.5	25
	chrIX	194934	0	0.5	25
	chrIX	194934	1	0.5	25
	chrIX	194935	0	0.5	25
	chrIX	194949	0	0.5	25
	chrIX	194952	0	0.5	25
	chrIX	194965	0	0.5	25
	chrIX	194966	0	0.5	25
	chrIX	194969	0	0.5	25
	chrIX	194977	1	0.5	25
	chrIX	194983	0	0.5	25
	chrIX	194985	1	0.5	25
	chrIX	194998	1	0.5	25
	chrIX	195014	1	0.5	25
	chrIX	195030	1	0.5	25
	chrIX	195036	1	0.5	25
	chrIX	195043	1	1.0	25
	chrIX	195050	1	0.5	25
	chrIX	195055	0	0.5	25
	chrIX	195089	0	1.0	25
	chrIX	195108	0	0.5	25
	chrIX	195118	1	0.5	25
	chrIX	195122	0	0.5	25
	chrIX	195145	1	0.5	25
	chrIX	195157	1	0.5	25
	chrIX	195164	0	0.5	25
	chrIX	195179	0	0.5	25
	chrIX	195184	0	1.0	25
	chrIX	195186	0	0.5	25
	chrIX	195207	1	0.5	25
	chrIX	195208	0	0.5	25
	chrIX	195213	0	0.5	25
	chrIX	195216	0	0.5	25
	chrIX	195225	1	0.5	25
	chrIX	195233	1	0.5	25
	chrIX	195244	1	0.5	25
	chrIX	195245	0	0.5	25
	chrIX	195255	1	0.5	25
	chrIX	195258	1	0.5	25
	chrIX	195263	1	0.5	25
	chrIX	195264	0	1.0	25
	chrIX	195276	1	1.0	25
	chrIX	195278	0	1.0	25
	chrIX	195289	1	1.0	25
	chrIX	195296	1	0.5	25
	chrIX	195300	0	0.5	25
	chrIX	195303	0	0.5	25
	chrIX	195307	0	0.5	25
	chrIX	195317	0	0.5	25
	chrIX	195324	1	0.5	25
	chrIX	195329	1	0.5	25
	chrIX	195333	1	0.5	25
	chrIX	195337	1	0.5	25
	chrIX	195345	1	0.5	25
	chrIX	195348	1	0.5	25
	chrIX	195375	1	0.5	25
	chrIX	195377	0	0.5	25
	chrIX	195381	0	0.5	25
	chrIX	195385	0	0.5	25
	chrIX	195389	1	0.5	25
	chrIX	195403	1	0.5	25
	chrIX	195432	1	0.5	25
	chrIX	195438	1	0.5	25
	chrIX	195458	0	0.5	25
	chrIX	195467	0	0.5	25
	chrIX	195470	0	0.5	25
	chrIX	195470	1	0.5	25
	chrIX	195505	0	0.5	25
	chrIX	195506	0	0.5	25
	chrIX	195516	1	0.5	25
	chrIX	195518	0	1.0	25
	chrIX	195529	0	0.5	25
	chrIX	195533	1	0.5	25
	chrIX	195534	0	0.5	25
	chrIX	195547	1	0.5	25
	chrIX	195582	1	0.5	25
	chrIX	195587	0	0.5	25
	chrIX	195607	1	0.5	25
	chrIX	195637	0	1.0	25
	chrIX	195642	1	0.5	25
	chrIX	195647	0	0.5	25
	chrIX	195649	0	0.5	25
	chrIX	195662	0	0.5	25
	chrIX	195671	1	0.5	25
	chrIX	195673	0	0.5	25
	chrIX	195673	1	0.5	25
	chrIX	195676	0	0.5	25
	chrIX	195684	0	1.0	25
	chrIX	195693	0	0.5	25
	chrIX	195710	1	1.0	25
	chrIX	195711	1	0.5	25
	chrIX	195713	1	1.0	25
	chrIX	195714	1	0.5	25
	chrIX	195715	0	0.5	25
	chrIX	195715	1	0.5	25
	chrIX	195729	0	0.5	25
	chrIX	195755	1	0.5	25
	chrIX	195801	1	0.5	25
	chrIX	195810	1	0.5	25
	chrIX	195817	1	0.5	25
	chrIX	195819	1	0.5	25
	chrIX	195830	0	0.5	25
	chrIX	195837	1	0.5	25
	chrIX	195853	0	0.5	25
	chrIX	195925	1	0.5	25
	chrIX	195926	0	0.5	25
	chrIX	195927	0	0.5	25
	chrIX	195947	1	0.5	25
	chrIX	195968	0	0.5	25
	chrIX	195973	1	0.5	25
	chrIX	195977	0	0.5	25
	chrIX	195997	0	0.5	25
	chrIX	196005	1	0.5	25
	chrIX	196017	0	1.0	25
	chrIX	196022	1	0.5	25
	chrIX	196028	0	0.5	25
	chrIX	196042	0	0.5	25
	chrIX	196043	0	0.5	25
	chrIX	196093	0	0.5	25
	chrIX	196106	0	0.5	25
	chrIX	196106	1	1.0	25
	chrIX	196133	1	0.5	25
	chrIX	196140	1	0.5	25
	chrIX	196148	1	0.5	25
	chrIX	196150	0	0.5	25
	chrIX	196177	1	0.5	25
	chrIX	196180	1	1.0	25
	chrIX	196198	1	0.5	25
	chrIX	196214	1	0.5	25
	chrIX	196221	0	0.5	25
	chrIX	196236	0	1.0	25
	chrIX	196243	0	0.5	25
	chrIX	196293	1	0.5	25
	chrIX	196294	0	0.5	25
	chrIX	196296	0	1.5	25
	chrIX	196324	0	1.0	25
	chrIX	196325	0	0.5	25
	chrIX	196327	0	0.5	25
	chrIX	196330	1	0.5	25
	chrIX	196332	0	1.0	25
	chrIX	196332	1	0.5	25
	chrIX	196334	0	0.5	25
	chrIX	196349	0	0.5	25
	chrIX	196354	1	0.5	25
	chrIX	196358	1	0.5	23
	chrIX	196359	1	0.5	25
	chrIX	196363	0	0.5	25
	chrIX	196364	0	0.5	25
	chrIX	196369	0	0.5	25
	chrIX	196386	1	0.5	25
	chrIX	196387	0	0.5	25
	chrIX	196389	0	0.5	25
	chrIX	196390	1	1.0	25
	chrIX	196404	1	0.5	25
	chrIX	196413	0	0.5	25
	chrIX	196418	1	2.0	25
	chrIX	196422	1	0.5	25
	chrIX	196425	1	0.5	25
	chrIX	196426	0	0.5	25
	chrIX	196438	1	0.5	25
	chrIX	196450	1	1.0	25
	chrIX	196462	0	0.5	25
	chrIX	196475	1	0.5	25
	chrIX	196476	1	0.5	25
	chrIX	196477	0	0.5	25
	chrIX	196482	1	0.5	25
	chrIX	196483	0	0.5	25
	chrIX	196496	0	1.0	25
	chrIX	196502	1	0.5	25
	chrIX	196526	1	0.5	25
	chrIX	196535	1	0.5	25
	chrIX	196562	1	0.5	25
	chrIX	196564	1	0.5	25
	chrIX	196566	1	1.0	25
	chrIX	196594	0	0.5	25
	chrIX	196651	0	0.5	25
	chrIX	196728	1	0.5	25
	chrIX	196914	1	0.5	25
	chrIX	196926	0	0.5	25
	chrIX	196966	0	0.5	25
	chrIX	196983	0	1.0	25
	chrIX	197010	0	0.5	25
	chrIX	197019	0	0.5	25
	chrIX	197028	1	0.5	25
	chrIX	197039	0	0.5	25
	chrIX	197050	1	0.5	25
	chrIX	197082	1	1.0	25
	chrIX	197103	0	0.5	25
	chrIX	197115	1	0.5	25
	chrIX	197122	0	0.5	25
	chrIX	197127	0	0.5	25
	chrIX	197139	0	0.5	25
	chrIX	197140	0	0.5	24
	chrIX	197159	0	0.5	23
	chrIX	197159	0	0.5	24
	chrIX	197163	0	1.0	25
	chrIX	197163	1	0.5	25
	chrIX	197167	0	0.5	25
	chrIX	197174	1	0.5	25
	chrIX	197183	0	1.0	25
	chrIX	197194	0	1.5	25
	chrIX	197195	1	0.5	25
	chrIX	197197	1	0.5	25
	chrIX	197202	1	1.0	25
	chrIX	197206	1	0.5	25
	chrIX	197215	0	0.5	25
	chrIX	197221	0	0.5	25
	chrIX	197223	0	0.5	25
	chrIX	197242	0	0.5	23
	chrIX	197242	0	0.5	25
	chrIX	197243	0	0.5	25
	chrIX	197246	0	1.0	25
	chrIX	197253	1	1.0	24
	chrIX	197255	1	1.0	25
	chrIX	197260	1	1.0	25
	chrIX	197264	1	0.5	23
	chrIX	197265	1	0.5	23
	chrIX	197270	0	0.5	25
	chrIX	197272	0	0.5	25
	chrIX	197275	1	0.5	25
	chrIX	197277	0	0.5	25
	chrIX	197279	0	0.5	25
	chrIX	197284	1	0.5	25
	chrIX	197295	1	0.5	25
	chrIX	197298	1	0.5	25
	chrIX	197307	1	0.5	25
	chrIX	197310	1	0.5	23
	chrIX	197324	1	0.5	25
	chrIX	197341	1	0.5	25
	chrIX	197342	1	0.5	25
	chrIX	197344	1	1.0	25
	chrIX	197345	0	0.5	25
	chrIX	197348	1	0.5	25
	chrIX	197357	1	0.5	25
	chrIX	197373	1	0.5	25
	chrIX	197394	0	0.5	25
	chrIX	197436	1	0.5	25
	chrIX	197448	1	0.5	25
	chrIX	197468	0	0.5	25
	chrIX	197524	0	0.5	25
	chrIX	197527	1	0.5	25
	chrIX	197528	0	0.5	25
	chrIX	197530	0	1.0	25
	chrIX	197531	0	0.5	25
	chrIX	197532	0	1.5	25
	chrIX	197558	0	0.5	25
	chrIX	197599	1	1.5	25
	chrIX	197606	0	0.5	25
	chrIX	197611	0	0.5	25
	chrIX	197611	1	0.5	25
	chrIX	197631	1	0.5	25
	chrIX	197656	0	0.5	25
	chrIX	197666	1	0.5	25
	chrIX	197671	1	0.5	25
	chrIX	197672	0	0.5	25
	chrIX	197686	0	0.5	25
	chrIX	197687	0	1.0	25
	chrIX	197694	0	1.0	25
	chrIX	197698	0	3.5	25
	chrIX	197710	0	1.0	25
	chrIX	197713	0	0.5	25
	chrIX	197716	0	0.5	25
	chrIX	197716	1	0.5	25
	chrIX	197717	0	2.0	25
	chrIX	197718	0	4.0	25
	chrIX	197719	0	2.0	25
	chrIX	197723	0	0.5	25
	chrIX	197725	0	0.5	25
	chrIX	197728	0	0.5	25
	chrIX	197736	0	0.5	25
	chrIX	197760	0	0.5	25
	chrIX	197767	1	1.0	25
	chrIX	197768	0	0.5	25
	chrIX	197768	1	0.5	25
	chrIX	197769	1	2.5	25
	chrIX	197770	0	1.0	25
	chrIX	197770	1	0.5	25
	chrIX	197771	1	2.5	25
	chrIX	197772	0	0.5	25
	chrIX	197776	1	0.5	25
	chrIX	197797	1	3.5	25
	chrIX	197798	1	2.0	25
	chrIX	197799	0	1.5	25
	chrIX	197801	1	0.5	25
	chrIX	197805	1	2.0	25
	chrIX	197806	1	3.0	25
	chrIX	197807	0	2.0	25
	chrIX	197807	1	0.5	25
	chrIX	197808	1	0.5	25
	chrIX	197812	0	1.0	25
	chrIX	197812	1	0.5	25
	chrIX	197813	0	0.5	25
	chrIX	197816	1	0.5	25
	chrIX	197817	0	0.5	25
	chrIX	197819	1	1.0	25
	chrIX	197820	0	0.5	25
	chrIX	197823	1	0.5	25
	chrIX	197824	0	1.0	25
	chrIX	197825	0	0.5	25
	chrIX	197835	0	0.5	25
	chrIX	197840	1	1.5	25
	chrIX	197841	0	0.5	25
	chrIX	197846	1	0.5	25
	chrIX	197852	0	0.5	25
	chrIX	197853	0	0.5	25
	chrIX	197869	1	0.5	25
	chrIX	197876	1	0.5	25
	chrIX	197878	1	0.5	25
	chrIX	197883	1	0.5	25
	chrIX	197889	1	2.0	25
	chrIX	197903	0	0.5	25
	chrIX	197908	1	0.5	25
	chrIX	197923	0	0.5	25
	chrIX	197941	1	0.5	25
	chrIX	197960	1	0.5	25
	chrIX	197975	1	0.5	25
	chrIX	197981	1	0.5	25
	chrIX	197985	0	0.5	25
	chrIX	197996	0	0.5	25
	chrIX	197996	1	0.5	25
	chrIX	198003	1	1.0	25
	chrIX	198020	1	1.5	25
	chrIX	198045	0	0.5	25
	chrIX	198054	0	0.5	25
	chrIX	198054	1	0.5	25
	chrIX	198102	0	0.5	25
	chrIX	198122	0	0.5	25
	chrIX	198151	0	0.5	25
	chrIX	198154	1	0.5	25
	chrIX	198155	1	0.5	25
	chrIX	198194	1	0.5	25
	chrIX	198207	1	0.5	25
	chrIX	198223	1	0.5	25
	chrIX	198246	0	0.5	25
	chrIX	198303	0	0.5	25
	chrIX	198315	1	0.5	25
	chrIX	198327	0	0.5	25
	chrIX	198331	0	0.5	25
	chrIX	198342	0	1.0	25
	chrIX	198372	1	0.5	25
	chrIX	198376	1	0.5	25
	chrIX	198401	0	0.5	25
	chrIX	198423	1	0.5	25
	chrIX	198448	1	0.5	25
	chrIX	198451	1	0.5	25
	chrIX	198493	1	0.5	25
	chrIX	198495	0	0.5	25
	chrIX	198501	0	0.5	25
	chrIX	198524	1	0.5	25
	chrIX	198532	0	1.0	25
	chrIX	198568	1	0.5	25
	chrIX	198570	0	1.0	25
	chrIX	198592	0	0.5	25
	chrIX	198597	1	0.5	25
	chrIX	198606	1	0.5	25
	chrIX	198635	0	1.0	25
	chrIX	198645	0	0.5	25
	chrIX	198651	1	0.5	25
	chrIX	198656	1	1.0	25
	chrIX	198657	0	1.0	25
	chrIX	198665	1	0.5	25
	chrIX	198679	1	0.5	25
	chrIX	198694	1	1.0	25
	chrIX	198717	0	1.0	25
	chrIX	198759	1	1.0	25
	chrIX	198772	1	1.0	25
	chrIX	198842	0	0.5	25
	chrIX	198887	0	0.5	25
	chrIX	198892	0	0.5	25
	chrIX	198895	0	0.5	25
	chrIX	198942	1	0.5	25
	chrIX	198952	0	0.5	25
	chrIX	198959	1	0.5	25
	chrIX	198969	0	1.0	25
	chrIX	198974	0	0.5	25
	chrIX	198989	1	0.5	25
	chrIX	199000	1	0.5	25
	chrIX	199023	0	0.5	25
	chrIX	199046	1	1.0	25
	chrIX	199050	0	0.5	25
	chrIX	199050	1	0.5	25
	chrIX	199092	0	0.5	25
	chrIX	199093	1	0.5	25
	chrIX	199108	0	0.5	25
	chrIX	199119	1	0.5	25
	chrIX	199131	1	0.5	25
	chrIX	199142	0	0.5	25
	chrIX	199146	1	0.5	25
	chrIX	199185	0	0.5	25
	chrIX	199196	1	0.5	25
	chrIX	199293	1	0.5	25
	chrIX	199294	0	1.0	25
	chrIX	199298	0	0.5	25
	chrIX	199357	1	1.0	25
	chrIX	199363	0	0.5	25
	chrIX	199374	0	1.0	25
	chrIX	199376	1	0.5	25
	chrIX	199414	0	0.5	25
	chrIX	199414	1	0.5	25
	chrIX	199415	1	0.5	25
	chrIX	199424	1	0.5	25
	chrIX	199473	0	0.5	25
	chrIX	199479	0	1.0	25
	chrIX	199484	1	0.5	25
	chrIX	199489	0	1.5	25
	chrIX	199492	0	0.5	25
	chrIX	199492	1	0.5	25
	chrIX	199501	0	0.5	25
	chrIX	199521	0	0.5	25
	chrIX	199525	0	1.5	25
	chrIX	199525	1	0.5	25
	chrIX	199533	0	2.0	25
	chrIX	199534	0	0.5	25
	chrIX	199535	0	0.5	25
	chrIX	199539	0	1.5	25
	chrIX	199549	0	0.5	25
	chrIX	199557	0	0.5	25
	chrIX	199568	0	0.5	25
	chrIX	199571	0	0.5	25
	chrIX	199589	1	2.0	25
	chrIX	199590	1	2.0	25
	chrIX	199591	1	0.5	25
	chrIX	199593	0	0.5	25
	chrIX	199595	1	0.5	25
	chrIX	199596	1	0.5	25
	chrIX	199597	1	2.0	25
	chrIX	199598	1	0.5	25
	chrIX	199599	1	0.5	25
	chrIX	199602	1	0.5	25
	chrIX	199604	1	0.5	25
	chrIX	199609	1	0.5	25
	chrIX	199614	0	0.5	25
	chrIX	199629	1	0.5	25
	chrIX	199657	1	0.5	25
	chrIX	199677	1	0.5	25
	chrIX	199681	0	1.5	25
	chrIX	199751	0	0.5	25
	chrIX	199752	1	0.5	25
	chrIX	199768	0	0.5	25
	chrIX	199770	0	0.5	25
	chrIX	199782	0	0.5	25
	chrIX	199817	1	0.5	25
	chrIX	199822	0	0.5	25
	chrIX	199833	1	0.5	25
	chrIX	199834	0	0.5	25
	chrIX	199850	1	1.5	25
	chrIX	199852	0	0.5	25
	chrIX	199852	1	0.5	25
	chrIX	199868	1	0.5	25
	chrIX	199870	0	0.5	25
	chrIX	199874	1	0.5	25
	chrIX	199899	1	0.5	25
	chrIX	199910	0	1.0	25
	chrIX	199926	0	0.5	25
	chrIX	199946	1	0.5	25
	chrIX	199948	1	0.5	25
	chrIX	199972	1	0.5	25
	chrIX	200025	0	0.5	25
	chrIX	200035	0	0.5	25
	chrIX	200055	0	0.5	25
	chrIX	200058	0	1.0	25
	chrIX	200077	1	0.5	25
	chrIX	200093	1	0.5	25
	chrIX	200101	1	0.5	25
	chrIX	200128	1	1.0	25
	chrIX	200137	0	0.5	25
	chrIX	200138	0	0.5	25
	chrIX	200145	0	0.5	25
	chrIX	200154	0	1.0	25
	chrIX	200155	0	0.5	25
	chrIX	200157	0	1.5	25
	chrIX	200172	0	0.5	25
	chrIX	200187	1	0.5	25
	chrIX	200198	1	0.5	25
	chrIX	200201	1	3.0	25
	chrIX	200202	0	0.5	24
	chrIX	200202	0	1.0	25
	chrIX	200202	1	0.5	25
	chrIX	200203	0	0.5	25
	chrIX	200204	0	0.5	25
	chrIX	200209	0	0.5	25
	chrIX	200215	1	0.5	25
	chrIX	200224	1	0.5	25
	chrIX	200232	0	0.5	25
	chrIX	200234	0	0.5	25
	chrIX	200235	1	0.5	25
	chrIX	200247	1	0.5	25
	chrIX	200248	1	0.5	25
	chrIX	200249	0	1.0	25
	chrIX	200251	1	1.0	25
	chrIX	200259	0	0.5	25
	chrIX	200261	0	0.5	25
	chrIX	200266	1	0.5	25
	chrIX	200284	1	0.5	25
	chrIX	200291	0	0.5	25
	chrIX	200314	0	0.5	25
	chrIX	200318	0	0.5	25
	chrIX	200327	0	0.5	25
	chrIX	200331	1	1.0	25
	chrIX	200333	1	0.5	25
	chrIX	200338	1	0.5	25
	chrIX	200347	1	0.5	25
	chrIX	200359	1	0.5	25
	chrIX	200377	1	0.5	25
	chrIX	200380	0	0.5	25
	chrIX	200389	1	0.5	25
	chrIX	200395	0	0.5	25
	chrIX	200396	0	0.5	25
	chrIX	200403	0	0.5	25
	chrIX	200407	0	0.5	25
	chrIX	200413	1	0.5	25
	chrIX	200418	1	0.5	25
	chrIX	200425	0	0.5	25
	chrIX	200426	0	0.5	25
	chrIX	200426	1	0.5	25
	chrIX	200437	1	0.5	25
	chrIX	200449	0	0.5	25
	chrIX	200450	1	0.5	25
	chrIX	200454	1	0.5	25
	chrIX	200473	1	0.5	25
	chrIX	200480	0	0.5	25
	chrIX	200493	1	0.5	25
	chrIX	200495	0	0.5	25
	chrIX	200498	1	0.5	25
	chrIX	200507	1	0.5	25
	chrIX	200530	0	0.5	25
	chrIX	200532	0	1.5	25
	chrIX	200547	1	0.5	25
	chrIX	200548	1	1.0	25
	chrIX	200557	1	0.5	25
	chrIX	200580	0	0.5	25
	chrIX	200585	0	1.0	25
	chrIX	200602	1	2.0	25
	chrIX	200624	0	0.5	25
	chrIX	200651	1	0.5	25
	chrIX	200667	0	0.5	25
	chrIX	200705	1	0.5	25
	chrIX	200716	1	1.0	25
	chrIX	200750	1	0.5	25
	chrIX	200756	0	0.5	25
	chrIX	200779	0	0.5	25
	chrIX	200790	0	0.5	25
	chrIX	200792	0	0.5	25
	chrIX	200805	1	0.5	25
	chrIX	200841	0	1.0	25
	chrIX	200844	1	0.5	25
	chrIX	200855	0	0.5	25
	chrIX	200859	1	0.5	25
	chrIX	200860	0	0.5	25
	chrIX	200870	1	0.5	25
	chrIX	200906	1	0.5	25
	chrIX	200931	1	0.5	25
	chrIX	200940	1	1.0	25
	chrIX	200980	0	0.5	25
	chrIX	200994	0	0.5	25
	chrIX	201036	0	0.5	25
	chrIX	201056	0	0.5	25
	chrIX	201057	1	0.5	25
	chrIX	201080	0	0.5	25
	chrIX	201087	1	0.5	25
	chrIX	201092	1	0.5	25
	chrIX	201104	0	0.5	25
	chrIX	201128	0	0.5	25
	chrIX	201130	1	1.0	25
	chrIX	201143	0	0.5	25
	chrIX	201156	0	0.5	25
	chrIX	201165	0	0.5	25
	chrIX	201185	0	0.5	25
	chrIX	201189	0	0.5	25
	chrIX	201189	1	0.5	25
	chrIX	201196	0	0.5	25
	chrIX	201211	1	0.5	25
	chrIX	201236	1	0.5	25
	chrIX	201245	1	0.5	25
	chrIX	201247	1	0.5	25
	chrIX	201249	1	0.5	25
	chrIX	201251	1	0.5	25
	chrIX	201255	0	0.5	25
	chrIX	201307	0	0.5	25
	chrIX	201308	1	0.5	25
	chrIX	201312	1	0.5	25
	chrIX	201341	0	0.5	25
	chrIX	201365	0	0.5	25
	chrIX	201390	0	0.5	25
	chrIX	201399	1	0.5	25
	chrIX	201407	0	0.5	25
	chrIX	201430	1	0.5	25
	chrIX	201431	0	0.5	25
	chrIX	201442	1	0.5	25
	chrIX	201443	1	0.5	25
	chrIX	201458	0	0.5	25
	chrIX	201475	1	0.5	25
	chrIX	201487	1	0.5	25
	chrIX	201496	1	0.5	25
	chrIX	201504	0	0.5	25
	chrIX	201509	0	0.5	25
	chrIX	201553	0	0.5	25
	chrIX	201590	1	0.5	25
	chrIX	201620	1	0.5	25
	chrIX	201628	0	0.5	25
	chrIX	201629	0	0.5	25
	chrIX	201642	0	0.5	25
	chrIX	201664	0	0.5	25
	chrIX	201668	0	0.5	25
	chrIX	201677	0	0.5	25
	chrIX	201713	1	0.5	25
	chrIX	201715	1	0.5	25
	chrIX	201727	0	0.5	25
	chrIX	201738	1	0.5	25
	chrIX	201741	1	1.0	25
	chrIX	201756	0	1.5	25
	chrIX	201764	1	0.5	25
	chrIX	201770	1	0.5	25
	chrIX	201790	1	0.5	25
	chrIX	201791	0	0.5	25
	chrIX	201795	0	0.5	25
	chrIX	201809	0	0.5	25
	chrIX	201819	0	0.5	25
	chrIX	201819	1	1.5	25
	chrIX	201827	0	0.5	25
	chrIX	201846	1	0.5	25
	chrIX	201872	1	0.5	25
	chrIX	201883	1	0.5	25
	chrIX	201888	0	0.5	25
	chrIX	201889	1	0.5	25
	chrIX	201941	0	0.5	25
	chrIX	201956	1	0.5	25
	chrIX	201970	0	0.5	25
	chrIX	201979	0	0.5	25
	chrIX	201980	0	0.5	25
	chrIX	201998	1	0.5	25
	chrIX	201999	0	0.5	25
	chrIX	202031	1	0.5	25
	chrIX	202038	0	0.5	25
	chrIX	202086	1	0.5	25
	chrIX	202091	1	0.5	25
	chrIX	202092	0	0.5	25
	chrIX	202094	0	0.5	25
	chrIX	202102	0	0.5	25
	chrIX	202105	0	0.5	25
	chrIX	202112	1	0.5	25
	chrIX	202116	1	0.5	25
	chrIX	202117	0	0.5	25
	chrIX	202126	0	0.5	25
	chrIX	202127	0	0.5	25
	chrIX	202128	0	1.0	25
	chrIX	202129	0	3.0	25
	chrIX	202131	0	0.5	25
	chrIX	202135	0	0.5	25
	chrIX	202140	1	0.5	25
	chrIX	202146	0	0.5	25
	chrIX	202165	1	0.5	25
	chrIX	202169	0	1.0	25
	chrIX	202171	1	0.5	25
	chrIX	202172	0	1.0	25
	chrIX	202179	1	0.5	25
	chrIX	202182	0	0.5	25
	chrIX	202184	1	0.5	25
	chrIX	202191	0	0.5	25
	chrIX	202194	0	0.5	25
	chrIX	202195	1	0.5	25
	chrIX	202197	0	0.5	25
	chrIX	202197	1	0.5	25
	chrIX	202204	1	0.5	25
	chrIX	202206	1	0.5	25
	chrIX	202211	1	0.5	25
	chrIX	202212	1	0.5	25
	chrIX	202214	1	0.5	25
	chrIX	202215	0	0.5	25
	chrIX	202215	1	0.5	25
	chrIX	202216	1	1.5	25
	chrIX	202217	0	0.5	25
	chrIX	202217	1	1.0	25
	chrIX	202218	0	0.5	25
	chrIX	202227	0	0.5	25
	chrIX	202227	1	0.5	25
	chrIX	202228	0	0.5	25
	chrIX	202230	1	0.5	25
	chrIX	202231	1	1.5	25
	chrIX	202233	1	0.5	25
	chrIX	202236	0	0.5	25
	chrIX	202237	0	0.5	25
	chrIX	202243	0	0.5	25
	chrIX	202247	0	0.5	25
	chrIX	202267	1	0.5	25
	chrIX	202270	1	0.5	25
	chrIX	202273	1	0.5	25
	chrIX	202277	1	0.5	25
	chrIX	202289	1	0.5	25
	chrIX	202291	1	0.5	25
	chrIX	202316	0	0.5	25
	chrIX	202317	1	0.5	25
	chrIX	202320	1	0.5	25
	chrIX	202325	0	0.5	25
	chrIX	202339	0	0.5	25
	chrIX	202347	1	0.5	25
	chrIX	202355	1	0.5	25
	chrIX	202374	0	0.5	25
	chrIX	202394	1	0.5	25
	chrIX	202395	1	0.5	25
	chrIX	202397	1	0.5	25
	chrIX	202398	1	0.5	25
	chrIX	202413	0	1.0	25
	chrIX	202415	1	0.5	25
	chrIX	202436	1	0.5	25
	chrIX	202450	0	0.5	25
	chrIX	202480	1	1.0	25
	chrIX	202500	1	0.5	25
	chrIX	202524	0	0.5	25
	chrIX	202540	0	1.0	25
	chrIX	202582	1	0.5	25
	chrIX	202602	0	0.5	25
	chrIX	202624	0	1.0	25
	chrIX	202683	1	1.0	25
	chrIX	202695	1	1.0	25
	chrIX	202710	0	0.5	25
	chrIX	202808	0	0.5	25
	chrIX	202817	1	0.5	25
	chrIX	202828	0	0.5	25
	chrIX	202833	0	0.5	25
	chrIX	202842	1	0.5	25
	chrIX	202844	0	1.0	25
	chrIX	202882	0	1.0	25
	chrIX	202891	0	0.5	25
	chrIX	202895	1	0.5	25
	chrIX	202897	0	0.5	25
	chrIX	202926	1	1.0	25
	chrIX	202927	1	0.5	25
	chrIX	202946	1	0.5	25
	chrIX	202953	1	0.5	25
	chrIX	202954	0	0.5	25
	chrIX	202957	0	0.5	25
	chrIX	202964	0	0.5	25
	chrIX	202965	0	1.0	25
	chrIX	202971	1	0.5	25
	chrIX	202972	1	1.0	25
	chrIX	202984	0	0.5	25
	chrIX	203029	0	0.5	25
	chrIX	203049	1	0.5	25
	chrIX	203050	0	0.5	25
	chrIX	203058	0	1.0	25
	chrIX	203075	1	0.5	25
	chrIX	203108	1	0.5	25
	chrIX	203122	1	0.5	25
	chrIX	203134	1	1.0	25
	chrIX	203139	1	0.5	25
	chrIX	203143	1	1.0	25
	chrIX	203148	0	0.5	25
	chrIX	203177	0	0.5	25
	chrIX	203191	0	0.5	25
	chrIX	203200	0	0.5	25
	chrIX	203239	0	0.5	25
	chrIX	203253	1	0.5	25
	chrIX	203265	0	0.5	25
	chrIX	203269	0	1.0	25
	chrIX	203276	0	0.5	25
	chrIX	203281	1	0.5	25
	chrIX	203289	0	0.5	25
	chrIX	203310	0	0.5	25
	chrIX	203316	1	0.5	25
	chrIX	203322	0	2.0	25
	chrIX	203324	0	0.5	25
	chrIX	203329	0	0.5	25
	chrIX	203333	1	0.5	25
	chrIX	203342	0	0.5	25
	chrIX	203342	1	1.0	25
	chrIX	203352	1	0.5	25
	chrIX	203355	1	0.5	25
	chrIX	203357	0	0.5	25
	chrIX	203374	0	0.5	25
	chrIX	203380	1	0.5	25
	chrIX	203386	0	1.0	25
	chrIX	203386	1	0.5	25
	chrIX	203389	1	0.5	25
	chrIX	203391	1	1.5	25
	chrIX	203392	0	0.5	25
	chrIX	203392	1	0.5	25
	chrIX	203393	0	0.5	25
	chrIX	203394	0	1.0	25
	chrIX	203398	0	0.5	25
	chrIX	203398	1	0.5	25
	chrIX	203409	1	0.5	25
	chrIX	203419	1	0.5	25
	chrIX	203425	1	0.5	25
	chrIX	203436	0	0.5	25
	chrIX	203437	1	0.5	25
	chrIX	203439	0	0.5	25
	chrIX	203444	1	1.0	25
	chrIX	203447	1	0.5	25
	chrIX	203460	1	1.0	25
	chrIX	203461	1	1.0	25
	chrIX	203488	0	0.5	25
	chrIX	203495	1	0.5	25
	chrIX	203505	0	0.5	25
	chrIX	203506	1	0.5	25
	chrIX	203523	0	0.5	25
	chrIX	203538	0	0.5	25
	chrIX	203552	0	0.5	25
	chrIX	203569	0	0.5	25
	chrIX	203572	1	0.5	25
	chrIX	203574	0	0.5	25
	chrIX	203601	1	1.0	25
	chrIX	203611	0	0.5	25
	chrIX	203642	1	1.0	25
	chrIX	203649	1	0.5	25
	chrIX	203650	1	0.5	25
	chrIX	203669	0	0.5	25
	chrIX	203669	1	0.5	25
	chrIX	203692	1	0.5	25
	chrIX	203694	0	0.5	25
	chrIX	203750	0	0.5	25
	chrIX	203754	1	0.5	25
	chrIX	203784	0	0.5	25
	chrIX	203809	1	1.0	25
	chrIX	203853	0	0.5	25
	chrIX	203854	1	0.5	25
	chrIX	203871	0	1.0	25
	chrIX	203895	0	0.5	25
	chrIX	203913	1	0.5	25
	chrIX	203924	0	0.5	25
	chrIX	203928	1	0.5	25
	chrIX	203929	1	0.5	25
	chrIX	203950	0	0.5	25
	chrIX	203973	1	0.5	25
	chrIX	203995	0	1.0	25
	chrIX	204012	0	0.5	25
	chrIX	204023	1	0.5	24
	chrIX	204024	1	0.5	25
	chrIX	204029	1	0.5	25
	chrIX	204035	0	0.5	25
	chrIX	204047	0	0.5	25
	chrIX	204054	0	0.5	25
	chrIX	204061	0	0.5	25
	chrIX	204063	0	0.5	25
	chrIX	204070	1	0.5	25
	chrIX	204087	1	0.5	25
	chrIX	204113	0	0.5	25
	chrIX	204115	1	0.5	25
	chrIX	204121	0	1.0	25
	chrIX	204144	0	0.5	25
	chrIX	204155	0	0.5	25
	chrIX	204177	1	0.5	25
	chrIX	204210	1	0.5	25
	chrIX	204213	1	0.5	25
	chrIX	204230	1	0.5	25
	chrIX	204231	1	0.5	25
	chrIX	204242	0	0.5	25
	chrIX	204246	1	0.5	25
	chrIX	204260	1	0.5	25
	chrIX	204277	0	0.5	25
	chrIX	204287	1	0.5	25
	chrIX	204288	0	1.0	25
	chrIX	204288	1	0.5	25
	chrIX	204306	0	0.5	25
	chrIX	204318	1	0.5	25
	chrIX	204321	0	0.5	25
	chrIX	204336	0	0.5	25
	chrIX	204350	1	0.5	25
	chrIX	204354	1	0.5	25
	chrIX	204382	0	0.5	25
	chrIX	204384	0	1.0	25
	chrIX	204386	0	0.5	25
	chrIX	204389	0	0.5	25
	chrIX	204396	0	0.5	25
	chrIX	204403	1	0.5	25
	chrIX	204405	0	0.5	25
	chrIX	204422	1	0.5	25
	chrIX	204435	0	0.5	25
	chrIX	204436	1	0.5	25
	chrIX	204452	0	1.0	25
	chrIX	204452	1	0.5	25
	chrIX	204463	1	0.5	25
	chrIX	204465	0	0.5	25
	chrIX	204473	1	0.5	25
	chrIX	204483	1	0.5	25
	chrIX	204484	1	0.5	25
	chrIX	204518	1	1.0	25
	chrIX	204524	1	0.5	25
	chrIX	204538	0	0.5	25
	chrIX	204538	1	0.5	25
	chrIX	204541	0	1.0	25
	chrIX	204548	0	0.5	25
	chrIX	204571	0	0.5	25
	chrIX	204592	0	0.5	25
	chrIX	204610	0	0.5	25
	chrIX	204613	0	0.5	25
	chrIX	204614	1	0.5	25
	chrIX	204615	0	0.5	25
	chrIX	204617	1	0.5	25
	chrIX	204618	1	0.5	25
	chrIX	204629	1	0.5	25
	chrIX	204652	1	0.5	25
	chrIX	204659	1	1.0	25
	chrIX	204664	0	0.5	25
	chrIX	204671	1	0.5	25
	chrIX	204677	1	0.5	25
	chrIX	204703	1	0.5	25
	chrIX	204707	1	0.5	25
	chrIX	204712	0	0.5	25
	chrIX	204730	0	0.5	25
	chrIX	204734	0	1.0	25
	chrIX	204737	0	0.5	25
	chrIX	204741	1	0.5	25
	chrIX	204750	1	0.5	25
	chrIX	204773	1	0.5	25
	chrIX	204781	0	1.0	25
	chrIX	204786	1	0.5	25
	chrIX	204794	0	0.5	25
	chrIX	204802	1	1.0	25
	chrIX	204805	1	0.5	25
	chrIX	204808	0	1.0	25
	chrIX	204811	0	0.5	25
	chrIX	204813	0	0.5	25
	chrIX	204824	0	0.5	25
	chrIX	204833	1	0.5	25
	chrIX	204841	0	0.5	25
	chrIX	204864	0	0.5	25
	chrIX	204870	1	0.5	25
	chrIX	204871	1	0.5	25
	chrIX	204874	0	1.0	25
	chrIX	204884	0	0.5	25
	chrIX	204884	1	0.5	25
	chrIX	204887	0	0.5	25
	chrIX	204890	1	0.5	25
	chrIX	204902	1	0.5	25
	chrIX	204903	1	0.5	25
	chrIX	204905	1	0.5	25
	chrIX	204906	0	0.5	25
	chrIX	204906	1	0.5	25
	chrIX	204907	0	0.5	25
	chrIX	204920	0	0.5	25
	chrIX	204925	1	0.5	25
	chrIX	204929	1	0.5	24
	chrIX	204930	1	0.5	25
	chrIX	204961	1	0.5	25
	chrIX	204966	0	0.5	23
	chrIX	204972	1	0.5	25
	chrIX	204973	1	0.5	25
	chrIX	204974	0	0.5	25
	chrIX	204997	1	0.5	25
	chrIX	205002	0	0.5	25
	chrIX	205004	1	0.5	25
	chrIX	205005	0	0.5	25
	chrIX	205007	0	1.0	25
	chrIX	205008	0	0.5	25
	chrIX	205012	0	0.5	25
	chrIX	205037	0	0.5	25
	chrIX	205038	0	0.5	25
	chrIX	205052	1	0.5	25
	chrIX	205057	1	0.5	25
	chrIX	205059	1	0.5	25
	chrIX	205060	0	0.5	25
	chrIX	205077	1	0.5	25
	chrIX	205085	1	0.5	25
	chrIX	205086	1	1.0	25
	chrIX	205087	0	0.5	25
	chrIX	205116	1	0.5	25
	chrIX	205121	0	0.5	25
	chrIX	205121	1	0.5	25
	chrIX	205130	0	0.5	25
	chrIX	205138	0	0.5	25
	chrIX	205155	1	0.5	25
	chrIX	205171	0	0.5	25
	chrIX	205194	1	0.5	25
	chrIX	205196	1	0.5	25
	chrIX	205203	1	0.5	25
	chrIX	205209	0	1.0	25
	chrIX	205228	1	0.5	25
	chrIX	205275	1	0.5	25
	chrIX	205276	1	0.5	25
	chrIX	205300	1	0.5	25
	chrIX	205433	1	0.5	25
	chrIX	205635	0	0.5	25
	chrIX	205731	0	1.0	25
	chrIX	205763	0	0.5	25
	chrIX	205787	1	0.5	25
	chrIX	205793	1	0.5	25
	chrIX	205795	1	0.5	25
	chrIX	205801	0	0.5	25
	chrIX	205831	0	0.5	25
	chrIX	205841	1	0.5	25
	chrIX	205878	1	0.5	25
	chrIX	205895	1	0.5	25
	chrIX	205903	0	0.5	25
	chrIX	205960	1	0.5	25
	chrIX	206040	0	0.5	25
	chrIX	206171	0	0.5	25
	chrIX	206197	1	0.5	25
	chrIX	206320	1	0.5	25
	chrIX	206328	0	0.5	25
	chrIX	206371	0	0.5	25
	chrIX	206397	0	0.5	25
	chrIX	206422	1	0.5	25
	chrIX	206432	1	0.5	25
	chrIX	206458	0	0.5	25
	chrIX	206466	1	0.5	25
	chrIX	206538	1	0.5	25
	chrIX	206793	0	0.5	25
	chrIX	206801	0	0.5	25
	chrIX	206851	1	0.5	25
	chrIX	206898	1	0.5	25
	chrIX	207008	0	1.0	25
	chrIX	207017	0	0.5	25
	chrIX	207074	0	0.5	25
	chrIX	207082	1	0.5	25
	chrIX	207095	0	0.5	25
	chrIX	207110	1	1.0	25
	chrIX	207179	1	0.5	25
	chrIX	207241	1	0.5	25
	chrIX	207359	0	0.5	25
	chrIX	207435	0	0.5	25
	chrIX	207436	0	1.0	25
	chrIX	207441	0	0.5	25
	chrIX	207449	0	0.5	25
	chrIX	207450	0	1.0	25
	chrIX	207451	0	1.0	25
	chrIX	207457	1	0.5	25
	chrIX	207489	0	0.5	25
	chrIX	207495	1	1.0	25
	chrIX	207498	1	0.5	25
	chrIX	207509	1	0.5	25
	chrIX	207510	1	0.5	25
	chrIX	207516	1	1.0	25
	chrIX	207525	1	0.5	25
	chrIX	207557	1	0.5	25
	chrIX	207594	0	1.0	25
	chrIX	207600	0	0.5	25
	chrIX	207624	1	0.5	25
	chrIX	207677	1	0.5	25
	chrIX	207691	1	1.0	25
	chrIX	207819	0	0.5	25
	chrIX	207820	0	0.5	25
	chrIX	207894	1	0.5	25
	chrIX	207917	1	0.5	25
	chrIX	207966	0	0.5	25
	chrIX	208014	1	0.5	25
	chrIX	208062	0	0.5	25
	chrIX	208110	0	0.5	25
	chrIX	208210	0	0.5	25
	chrIX	208254	1	0.5	25
	chrIX	208303	0	0.5	25
	chrIX	208309	0	0.5	25
	chrIX	208311	0	0.5	25
	chrIX	208322	0	0.5	25
	chrIX	208331	1	0.5	25
	chrIX	208346	1	0.5	25
	chrIX	208448	1	0.5	25
	chrIX	208449	1	0.5	25
	chrIX	208485	1	0.5	25
	chrIX	208628	0	0.5	25
	chrIX	208658	1	0.5	25
	chrIX	208676	0	1.5	25
	chrIX	208680	0	0.5	25
	chrIX	208700	1	0.5	25
	chrIX	208742	1	0.5	25
	chrIX	208745	1	0.5	25
	chrIX	208749	1	0.5	25
	chrIX	208805	1	0.5	25
	chrIX	209008	0	0.5	25
	chrIX	209011	0	0.5	25
	chrIX	209070	1	0.5	25
	chrIX	209126	0	0.5	25
	chrIX	209136	1	0.5	25
	chrIX	209154	0	0.5	25
	chrIX	209158	0	0.5	25
	chrIX	209177	1	0.5	25
	chrIX	209181	0	1.0	25
	chrIX	209225	1	0.5	25
	chrIX	209242	1	0.5	25
	chrIX	209244	0	0.5	25
	chrIX	209259	1	0.5	25
	chrIX	209276	1	0.5	25
	chrIX	209381	0	0.5	25
	chrIX	209431	1	0.5	25
	chrIX	209453	1	0.5	25
	chrIX	209518	0	0.5	25
	chrIX	209536	0	0.5	25
	chrIX	209546	0	0.5	25
	chrIX	209563	0	0.5	25
	chrIX	209594	1	0.5	25
	chrIX	209615	1	0.5	25
	chrIX	209625	0	0.5	25
	chrIX	209634	1	0.5	25
	chrIX	209648	1	0.5	25
	chrIX	209697	1	0.5	25
	chrIX	209908	0	0.5	25
	chrIX	209914	0	0.5	25
	chrIX	209933	0	0.5	25
	chrIX	209969	1	0.5	25
	chrIX	210019	0	0.5	25
	chrIX	210046	1	0.5	25
	chrIX	210093	0	0.5	25
	chrIX	210096	1	0.5	25
	chrIX	210098	1	0.5	25
	chrIX	210103	0	0.5	25
	chrIX	210110	0	1.0	25
	chrIX	210159	1	0.5	25
	chrIX	210164	0	1.5	25
	chrIX	210165	0	0.5	25
	chrIX	210174	0	0.5	25
	chrIX	210186	1	1.0	25
	chrIX	210200	1	0.5	25
	chrIX	210209	1	0.5	25
	chrIX	210210	1	0.5	25
	chrIX	210241	1	0.5	25
	chrIX	210364	1	1.0	25
	chrIX	210565	0	0.5	25
	chrIX	210567	0	0.5	25
	chrIX	210587	0	0.5	25
	chrIX	210588	0	0.5	25
	chrIX	210598	0	0.5	25
	chrIX	210599	0	1.0	25
	chrIX	210600	0	0.5	25
	chrIX	210602	0	0.5	25
	chrIX	210640	0	0.5	25
	chrIX	210652	1	0.5	25
	chrIX	210653	0	0.5	25
	chrIX	210662	0	0.5	25
	chrIX	210671	1	0.5	25
	chrIX	210672	0	0.5	25
	chrIX	210678	0	0.5	25
	chrIX	210678	1	0.5	25
	chrIX	210679	0	0.5	25
	chrIX	210684	1	0.5	25
	chrIX	210685	1	0.5	25
	chrIX	210686	0	0.5	25
	chrIX	210686	1	1.0	25
	chrIX	210687	0	3.0	25
	chrIX	210699	0	0.5	25
	chrIX	210702	0	0.5	25
	chrIX	210707	0	0.5	25
	chrIX	210749	1	0.5	25
	chrIX	210759	1	1.0	25
	chrIX	210762	1	2.5	25
	chrIX	210763	0	0.5	25
	chrIX	210764	1	0.5	25
	chrIX	210765	0	0.5	25
	chrIX	210771	1	1.0	25
	chrIX	210772	0	0.5	25
	chrIX	210772	1	0.5	25
	chrIX	210777	0	0.5	25
	chrIX	210779	1	1.5	25
	chrIX	210780	0	0.5	25
	chrIX	210784	0	0.5	25
	chrIX	210784	1	0.5	25
	chrIX	210789	1	0.5	25
	chrIX	210805	0	1.0	25
	chrIX	210824	0	0.5	25
	chrIX	210834	1	1.5	25
	chrIX	210853	0	0.5	25
	chrIX	210861	0	0.5	25
	chrIX	210866	1	1.5	25
	chrIX	210867	0	1.0	25
	chrIX	210869	0	0.5	25
	chrIX	210871	0	0.5	25
	chrIX	210885	0	0.5	25
	chrIX	210888	1	0.5	25
	chrIX	210895	0	0.5	25
	chrIX	210902	1	0.5	25
	chrIX	210914	1	0.5	25
	chrIX	210916	1	1.0	25
	chrIX	210917	0	0.5	25
	chrIX	210918	0	0.5	25
	chrIX	210919	1	1.0	25
	chrIX	210927	1	0.5	25
	chrIX	210936	1	0.5	25
	chrIX	210956	0	0.5	25
	chrIX	210963	0	1.0	25
	chrIX	210970	0	1.0	25
	chrIX	210972	1	0.5	25
	chrIX	210979	1	0.5	25
	chrIX	210982	0	0.5	25
	chrIX	210987	1	0.5	25
	chrIX	211004	1	0.5	25
	chrIX	211047	1	1.0	25
	chrIX	211066	1	0.5	25
	chrIX	211068	1	0.5	25
	chrIX	211081	0	0.5	25
	chrIX	211086	0	0.5	25
	chrIX	211087	1	0.5	25
	chrIX	211091	1	1.0	25
	chrIX	211130	0	0.5	24
	chrIX	211130	1	0.5	25
	chrIX	211146	1	0.5	25
	chrIX	211226	0	0.5	25
	chrIX	211265	0	1.0	25
	chrIX	211287	1	0.5	25
	chrIX	211300	0	1.0	25
	chrIX	211301	1	0.5	25
	chrIX	211334	0	0.5	25
	chrIX	211336	1	1.0	25
	chrIX	211339	1	1.0	25
	chrIX	211345	0	0.5	25
	chrIX	211410	1	0.5	25
	chrIX	211431	1	0.5	25
	chrIX	211477	0	1.0	25
	chrIX	211526	0	0.5	25
	chrIX	211549	0	1.0	25
	chrIX	211571	1	1.0	25
	chrIX	211580	1	0.5	25
	chrIX	211582	0	0.5	25
	chrIX	211633	0	1.0	25
	chrIX	211658	1	1.0	25
	chrIX	211661	0	0.5	25
	chrIX	211670	1	0.5	25
	chrIX	211726	1	0.5	25
	chrIX	211742	0	0.5	25
	chrIX	211747	0	0.5	25
	chrIX	211764	0	0.5	25
	chrIX	211780	0	0.5	25
	chrIX	211802	1	0.5	25
	chrIX	211818	0	0.5	25
	chrIX	211835	1	1.0	25
	chrIX	211854	0	0.5	25
	chrIX	211854	1	0.5	25
	chrIX	211892	1	0.5	25
	chrIX	211894	0	0.5	25
	chrIX	211898	0	0.5	25
	chrIX	211902	1	1.0	25
	chrIX	211907	0	1.0	25
	chrIX	211925	0	0.5	25
	chrIX	211926	1	0.5	25
	chrIX	211949	0	0.5	25
	chrIX	211949	1	0.5	25
	chrIX	211969	1	0.5	25
	chrIX	211975	1	0.5	25
	chrIX	211995	1	0.5	25
	chrIX	212044	0	0.5	25
	chrIX	212045	0	0.5	25
	chrIX	212081	0	0.5	25
	chrIX	212085	0	0.5	25
	chrIX	212090	1	0.5	25
	chrIX	212091	0	1.0	25
	chrIX	212110	1	0.5	25
	chrIX	212118	0	1.0	25
	chrIX	212119	0	0.5	25
	chrIX	212122	0	0.5	25
	chrIX	212131	1	0.5	25
	chrIX	212135	1	0.5	25
	chrIX	212136	1	0.5	25
	chrIX	212139	0	1.0	25
	chrIX	212144	1	0.5	25
	chrIX	212152	0	0.5	25
	chrIX	212153	0	0.5	25
	chrIX	212183	1	1.0	25
	chrIX	212185	0	0.5	25
	chrIX	212190	0	0.5	25
	chrIX	212196	1	0.5	25
	chrIX	212201	1	1.0	25
	chrIX	212202	0	0.5	25
	chrIX	212204	1	0.5	25
	chrIX	212222	1	1.0	25
	chrIX	212234	0	0.5	25
	chrIX	212247	0	0.5	25
	chrIX	212260	0	1.0	25
	chrIX	212268	1	0.5	25
	chrIX	212281	1	0.5	25
	chrIX	212295	0	0.5	25
	chrIX	212305	1	0.5	25
	chrIX	212306	1	0.5	25
	chrIX	212309	1	0.5	25
	chrIX	212311	1	0.5	25
	chrIX	212312	1	0.5	25
	chrIX	212313	0	1.5	25
	chrIX	212322	1	0.5	25
	chrIX	212340	1	0.5	25
	chrIX	212341	0	1.0	25
	chrIX	212342	0	0.5	25
	chrIX	212345	0	0.5	25
	chrIX	212347	0	0.5	25
	chrIX	212380	0	0.5	25
	chrIX	212383	0	0.5	25
	chrIX	212390	1	1.0	25
	chrIX	212395	1	0.5	25
	chrIX	212407	1	0.5	25
	chrIX	212408	1	1.0	25
	chrIX	212409	0	0.5	25
	chrIX	212423	1	0.5	25
	chrIX	212424	1	0.5	25
	chrIX	212425	1	0.5	25
	chrIX	212435	1	0.5	25
	chrIX	212440	1	0.5	25
	chrIX	212462	1	0.5	25
	chrIX	212474	0	1.0	25
	chrIX	212500	0	0.5	25
	chrIX	212508	0	0.5	25
	chrIX	212513	0	0.5	25
	chrIX	212554	1	0.5	25
	chrIX	212572	1	1.0	25
	chrIX	212582	1	0.5	25
	chrIX	212604	0	0.5	25
	chrIX	212609	0	0.5	25
	chrIX	212618	0	0.5	25
	chrIX	212632	1	0.5	25
	chrIX	212651	0	0.5	25
	chrIX	212656	1	0.5	25
	chrIX	212671	1	0.5	25
	chrIX	212688	0	0.5	25
	chrIX	212691	0	1.0	25
	chrIX	212692	0	0.5	25
	chrIX	212699	1	0.5	25
	chrIX	212705	1	0.5	25
	chrIX	212706	0	0.5	25
	chrIX	212727	0	0.5	25
	chrIX	212748	1	0.5	25
	chrIX	212750	1	0.5	25
	chrIX	212751	1	1.0	25
	chrIX	212752	0	1.0	25
	chrIX	212752	1	0.5	25
	chrIX	212754	0	1.0	25
	chrIX	212782	0	0.5	25
	chrIX	212803	0	0.5	25
	chrIX	212806	1	1.0	25
	chrIX	212823	1	0.5	25
	chrIX	212826	1	0.5	25
	chrIX	212828	1	0.5	25
	chrIX	212840	0	0.5	25
	chrIX	212867	0	1.0	25
	chrIX	212886	1	0.5	25
	chrIX	212911	1	0.5	25
	chrIX	212934	1	1.5	25
	chrIX	213012	0	0.5	25
	chrIX	213028	0	0.5	25
	chrIX	213054	0	0.5	25
	chrIX	213107	1	0.5	25
	chrIX	213115	1	0.5	25
	chrIX	213145	0	0.5	25
	chrIX	213193	1	0.5	25
	chrIX	213219	1	0.5	25
	chrIX	213242	0	0.5	25
	chrIX	213259	0	0.5	25
	chrIX	213285	1	0.5	25
	chrIX	213286	1	0.5	25
	chrIX	213297	0	0.5	25
	chrIX	213365	1	0.5	25
	chrIX	213389	0	1.0	25
	chrIX	213494	0	0.5	25
	chrIX	213519	1	1.0	25
	chrIX	213566	1	0.5	25
	chrIX	213601	0	0.5	25
	chrIX	213606	0	0.5	25
	chrIX	213616	0	1.0	25
	chrIX	213650	0	1.0	25
	chrIX	213668	0	0.5	25
	chrIX	213669	1	0.5	25
	chrIX	213674	0	0.5	25
	chrIX	213690	1	0.5	25
	chrIX	213710	1	1.0	25
	chrIX	213744	1	1.0	25
	chrIX	213756	0	1.0	25
	chrIX	213768	1	0.5	25
	chrIX	213771	1	0.5	25
	chrIX	213799	0	0.5	25
	chrIX	213813	0	0.5	25
	chrIX	213815	0	0.5	25
	chrIX	213826	1	1.0	25
	chrIX	213845	0	0.5	25
	chrIX	213851	1	1.0	25
	chrIX	213853	0	0.5	25
	chrIX	213856	0	0.5	25
	chrIX	213887	1	0.5	25
	chrIX	213889	1	0.5	25
	chrIX	213895	0	0.5	25
	chrIX	213895	1	0.5	25
	chrIX	213921	0	1.0	25
	chrIX	213930	0	0.5	25
	chrIX	213960	0	0.5	25
	chrIX	213973	0	0.5	25
	chrIX	213981	1	1.0	25
	chrIX	213983	0	0.5	25
	chrIX	213987	1	0.5	25
	chrIX	214001	1	0.5	25
	chrIX	214002	0	0.5	25
	chrIX	214006	1	0.5	25
	chrIX	214026	0	0.5	25
	chrIX	214028	1	0.5	25
	chrIX	214032	1	0.5	25
	chrIX	214038	0	0.5	25
	chrIX	214038	1	0.5	25
	chrIX	214052	0	0.5	25
	chrIX	214053	1	0.5	25
	chrIX	214094	1	0.5	25
	chrIX	214099	1	0.5	25
	chrIX	214107	1	0.5	25
	chrIX	214178	0	0.5	25
	chrIX	214205	0	0.5	25
	chrIX	214209	0	0.5	24
	chrIX	214228	0	0.5	25
	chrIX	214231	0	0.5	25
	chrIX	214251	0	0.5	25
	chrIX	214264	0	0.5	25
	chrIX	214271	1	0.5	25
	chrIX	214279	0	0.5	25
	chrIX	214279	1	0.5	25
	chrIX	214282	0	0.5	25
	chrIX	214291	1	0.5	25
	chrIX	214321	1	0.5	25
	chrIX	214328	1	0.5	25
	chrIX	214341	0	0.5	25
	chrIX	214349	1	0.5	25
	chrIX	214388	1	0.5	25
	chrIX	214406	1	0.5	25
	chrIX	214420	1	0.5	25
	chrIX	214439	1	0.5	25
	chrIX	214466	0	0.5	25
	chrIX	214510	0	0.5	25
	chrIX	214515	1	0.5	25
	chrIX	214531	0	0.5	25
	chrIX	214580	1	0.5	25
	chrIX	214581	0	0.5	25
	chrIX	214587	0	0.5	25
	chrIX	214600	1	0.5	25
	chrIX	214603	0	0.5	25
	chrIX	214618	0	0.5	25
	chrIX	214637	0	0.5	25
	chrIX	214638	0	0.5	25
	chrIX	214662	0	0.5	25
	chrIX	214663	0	0.5	25
	chrIX	214669	0	0.5	25
	chrIX	214685	0	0.5	25
	chrIX	214697	0	0.5	25
	chrIX	214702	0	1.0	25
	chrIX	214703	0	0.5	25
	chrIX	214708	0	0.5	25
	chrIX	214715	1	0.5	25
	chrIX	214726	1	0.5	25
	chrIX	214731	1	0.5	25
	chrIX	214732	1	0.5	25
	chrIX	214734	1	0.5	25
	chrIX	214750	1	0.5	25
	chrIX	214752	1	0.5	25
	chrIX	214753	0	1.0	25
	chrIX	214767	1	0.5	25
	chrIX	214777	1	0.5	25
	chrIX	214781	1	0.5	25
	chrIX	214782	0	0.5	25
	chrIX	214788	1	0.5	25
	chrIX	214790	1	0.5	25
	chrIX	214791	0	0.5	25
	chrIX	214792	0	0.5	25
	chrIX	214798	0	0.5	25
	chrIX	214799	0	1.5	25
	chrIX	214802	0	0.5	25
	chrIX	214802	1	0.5	25
	chrIX	214813	0	0.5	25
	chrIX	214821	0	0.5	25
	chrIX	214834	0	0.5	25
	chrIX	214834	1	0.5	25
	chrIX	214838	1	1.0	25
	chrIX	214840	1	0.5	25
	chrIX	214846	0	0.5	25
	chrIX	214848	1	0.5	25
	chrIX	214853	1	1.0	25
	chrIX	214860	1	0.5	25
	chrIX	214861	1	0.5	25
	chrIX	214883	1	1.5	25
	chrIX	214889	1	0.5	25
	chrIX	214899	0	0.5	25
	chrIX	214902	0	0.5	25
	chrIX	214909	0	0.5	25
	chrIX	214912	1	0.5	25
	chrIX	214916	0	0.5	25
	chrIX	214921	0	0.5	25
	chrIX	214949	1	0.5	25
	chrIX	214950	0	0.5	25
	chrIX	214951	1	1.0	25
	chrIX	214961	0	0.5	25
	chrIX	214976	1	0.5	25
	chrIX	214982	1	0.5	25
	chrIX	214986	0	0.5	25
	chrIX	214992	1	0.5	25
	chrIX	215007	1	0.5	25
	chrIX	215010	1	0.5	25
	chrIX	215024	1	0.5	25
	chrIX	215054	1	0.5	25
	chrIX	215086	0	0.5	25
	chrIX	215104	0	0.5	25
	chrIX	215191	0	0.5	25
	chrIX	215215	0	0.5	25
	chrIX	215235	1	0.5	25
	chrIX	215239	0	0.5	25
	chrIX	215242	0	0.5	25
	chrIX	215249	1	0.5	25
	chrIX	215287	0	0.5	25
	chrIX	215290	1	0.5	25
	chrIX	215294	1	0.5	25
	chrIX	215308	0	0.5	25
	chrIX	215314	0	0.5	25
	chrIX	215316	1	0.5	25
	chrIX	215318	0	0.5	25
	chrIX	215343	1	0.5	25
	chrIX	215366	1	0.5	25
	chrIX	215368	0	0.5	25
	chrIX	215372	0	0.5	25
	chrIX	215375	1	0.5	25
	chrIX	215383	1	0.5	25
	chrIX	215387	1	0.5	25
	chrIX	215447	1	0.5	25
	chrIX	215497	1	0.5	25
	chrIX	215498	0	0.5	25
	chrIX	215506	0	0.5	25
	chrIX	215520	0	0.5	25
	chrIX	215562	0	0.5	25
	chrIX	215565	1	0.5	25
	chrIX	215590	0	0.5	25
	chrIX	215596	1	0.5	25
	chrIX	215607	0	0.5	25
	chrIX	215616	1	0.5	25
	chrIX	215619	1	0.5	25
	chrIX	215637	1	0.5	25
	chrIX	215659	0	0.5	25
	chrIX	215672	0	0.5	25
	chrIX	215701	0	0.5	25
	chrIX	215720	0	0.5	25
	chrIX	215721	1	0.5	25
	chrIX	215729	1	0.5	25
	chrIX	215751	1	0.5	25
	chrIX	215766	0	0.5	25
	chrIX	215782	0	0.5	25
	chrIX	215786	1	0.5	25
	chrIX	215845	1	0.5	25
	chrIX	215852	0	0.5	25
	chrIX	215856	1	0.5	25
	chrIX	215866	0	0.5	25
	chrIX	215884	0	0.5	25
	chrIX	215886	0	1.0	25
	chrIX	215911	0	0.5	25
	chrIX	215933	1	0.5	25
	chrIX	215940	1	0.5	25
	chrIX	215977	0	0.5	25
	chrIX	215987	0	0.5	25
	chrIX	215988	0	0.5	25
	chrIX	215991	0	0.5	25
	chrIX	215993	0	0.5	23
	chrIX	215999	0	0.5	25
	chrIX	216004	1	0.5	25
	chrIX	216005	0	1.0	25
	chrIX	216005	1	0.5	25
	chrIX	216006	0	0.5	25
	chrIX	216009	0	0.5	25
	chrIX	216020	0	1.0	25
	chrIX	216021	0	0.5	24
	chrIX	216040	0	0.5	25
	chrIX	216040	1	0.5	25
	chrIX	216042	0	0.5	25
	chrIX	216044	0	0.5	25
	chrIX	216045	0	1.5	25
	chrIX	216050	0	0.5	25
	chrIX	216050	1	1.5	25
	chrIX	216051	0	0.5	25
	chrIX	216054	1	0.5	25
	chrIX	216057	1	0.5	25
	chrIX	216058	0	2.0	25
	chrIX	216058	1	1.5	25
	chrIX	216059	0	2.0	25
	chrIX	216071	1	1.0	25
	chrIX	216072	0	1.0	25
	chrIX	216075	1	1.0	25
	chrIX	216076	0	0.5	25
	chrIX	216076	1	0.5	25
	chrIX	216081	0	0.5	25
	chrIX	216096	1	0.5	25
	chrIX	216100	0	0.5	25
	chrIX	216108	0	0.5	25
	chrIX	216111	0	0.5	25
	chrIX	216112	1	0.5	25
	chrIX	216115	1	0.5	25
	chrIX	216116	1	0.5	25
	chrIX	216120	1	1.0	25
	chrIX	216121	1	0.5	25
	chrIX	216125	1	3.5	25
	chrIX	216126	0	0.5	25
	chrIX	216126	1	2.0	25
	chrIX	216127	0	1.0	25
	chrIX	216136	0	0.5	25
	chrIX	216138	1	0.5	25
	chrIX	216162	1	0.5	25
	chrIX	216166	1	0.5	25
	chrIX	216168	1	1.0	25
	chrIX	216170	0	0.5	25
	chrIX	216173	1	0.5	25
	chrIX	216176	1	1.0	25
	chrIX	216177	0	0.5	25
	chrIX	216195	1	1.0	25
	chrIX	216206	1	0.5	25
	chrIX	216216	1	0.5	25
	chrIX	216219	0	0.5	25
	chrIX	216225	0	0.5	25
	chrIX	216274	1	0.5	25
	chrIX	216302	0	0.5	25
	chrIX	216303	0	0.5	25
	chrIX	216306	0	0.5	25
	chrIX	216342	1	0.5	25
	chrIX	216410	1	0.5	25
	chrIX	216415	1	0.5	25
	chrIX	216449	0	0.5	25
	chrIX	216461	0	0.5	25
	chrIX	216473	1	0.5	25
	chrIX	216485	0	0.5	25
	chrIX	216491	0	1.0	25
	chrIX	216498	0	1.0	25
	chrIX	216500	0	1.0	25
	chrIX	216500	1	0.5	25
	chrIX	216503	0	0.5	25
	chrIX	216508	0	0.5	25
	chrIX	216514	0	0.5	25
	chrIX	216515	0	4.5	25
	chrIX	216517	0	0.5	25
	chrIX	216521	0	0.5	25
	chrIX	216521	1	0.5	25
	chrIX	216524	0	0.5	25
	chrIX	216525	0	0.5	25
	chrIX	216526	0	0.5	25
	chrIX	216543	0	1.0	25
	chrIX	216544	1	0.5	25
	chrIX	216556	0	0.5	25
	chrIX	216570	0	0.5	25
	chrIX	216574	1	0.5	25
	chrIX	216578	1	1.5	25
	chrIX	216584	1	1.0	25
	chrIX	216587	1	0.5	25
	chrIX	216589	0	0.5	25
	chrIX	216598	1	0.5	25
	chrIX	216603	1	2.5	25
	chrIX	216604	1	2.5	25
	chrIX	216605	1	3.0	25
	chrIX	216606	0	0.5	25
	chrIX	216606	1	1.0	25
	chrIX	216607	0	2.5	25
	chrIX	216609	1	0.5	25
	chrIX	216611	0	0.5	25
	chrIX	216620	1	0.5	25
	chrIX	216639	1	0.5	25
	chrIX	216670	1	0.5	25
	chrIX	216673	0	0.5	25
	chrIX	216682	1	1.0	25
	chrIX	216707	1	0.5	25
	chrIX	216709	0	0.5	25
	chrIX	216754	1	0.5	25
	chrIX	216766	1	1.0	25
	chrIX	216780	1	0.5	25
	chrIX	216781	0	0.5	25
	chrIX	216782	1	0.5	25
	chrIX	216791	0	0.5	25
	chrIX	216793	0	1.5	25
	chrIX	216801	0	0.5	25
	chrIX	216820	0	0.5	25
	chrIX	216828	0	0.5	25
	chrIX	216838	1	0.5	25
	chrIX	216841	0	0.5	25
	chrIX	216853	1	1.5	25
	chrIX	216872	1	0.5	25
	chrIX	216883	0	0.5	25
	chrIX	216889	0	0.5	25
	chrIX	216896	1	0.5	25
	chrIX	216901	1	0.5	25
	chrIX	216918	0	1.0	25
	chrIX	216924	0	0.5	25
	chrIX	216932	0	1.0	25
	chrIX	216933	0	1.0	25
	chrIX	216962	1	0.5	25
	chrIX	216966	0	0.5	25
	chrIX	216966	1	0.5	25
	chrIX	216967	1	0.5	25
	chrIX	216985	0	0.5	25
	chrIX	217003	1	0.5	25
	chrIX	217022	1	1.0	25
	chrIX	217030	0	0.5	25
	chrIX	217030	1	0.5	25
	chrIX	217039	0	0.5	25
	chrIX	217059	0	0.5	25
	chrIX	217059	1	0.5	25
	chrIX	217092	1	1.0	25
	chrIX	217099	1	1.0	25
	chrIX	217104	1	0.5	25
	chrIX	217105	0	0.5	25
	chrIX	217112	1	0.5	25
	chrIX	217113	0	1.0	25
	chrIX	217114	1	0.5	25
	chrIX	217120	0	0.5	25
	chrIX	217122	1	0.5	25
	chrIX	217154	0	0.5	25
	chrIX	217190	0	0.5	25
	chrIX	217194	0	0.5	25
	chrIX	217208	0	0.5	25
	chrIX	217209	0	0.5	25
	chrIX	217210	1	0.5	25
	chrIX	217217	0	0.5	25
	chrIX	217262	1	0.5	25
	chrIX	217269	1	0.5	25
	chrIX	217270	0	1.0	25
	chrIX	217274	0	0.5	25
	chrIX	217277	1	1.0	25
	chrIX	217278	1	0.5	25
	chrIX	217282	0	0.5	25
	chrIX	217295	0	0.5	25
	chrIX	217296	0	0.5	25
	chrIX	217314	0	0.5	25
	chrIX	217321	0	0.5	25
	chrIX	217323	1	0.5	25
	chrIX	217329	0	0.5	25
	chrIX	217338	1	0.5	25
	chrIX	217340	1	0.5	25
	chrIX	217353	0	0.5	25
	chrIX	217359	1	0.5	25
	chrIX	217367	1	1.0	25
	chrIX	217370	0	1.0	25
	chrIX	217380	1	1.0	25
	chrIX	217392	1	0.5	25
	chrIX	217401	0	0.5	25
	chrIX	217407	1	0.5	25
	chrIX	217413	1	0.5	25
	chrIX	217417	1	0.5	25
	chrIX	217434	1	0.5	25
	chrIX	217439	1	0.5	25
	chrIX	217441	0	0.5	25
	chrIX	217537	0	0.5	25
	chrIX	217550	0	1.0	25
	chrIX	217557	0	1.0	25
	chrIX	217569	0	0.5	25
	chrIX	217575	0	1.0	25
	chrIX	217597	1	0.5	25
	chrIX	217610	1	0.5	25
	chrIX	217617	1	1.0	25
	chrIX	217619	0	0.5	25
	chrIX	217619	1	1.0	25
	chrIX	217620	0	0.5	25
	chrIX	217622	1	0.5	25
	chrIX	217625	1	0.5	25
	chrIX	217626	0	0.5	25
	chrIX	217634	0	0.5	25
	chrIX	217636	0	0.5	25
	chrIX	217642	1	0.5	25
	chrIX	217655	1	0.5	25
	chrIX	217657	1	1.0	25
	chrIX	217670	1	0.5	25
	chrIX	217690	1	0.5	25
	chrIX	217691	1	0.5	25
	chrIX	217698	1	0.5	25
	chrIX	217702	0	0.5	25
	chrIX	217707	0	0.5	25
	chrIX	217708	0	0.5	25
	chrIX	217721	0	0.5	25
	chrIX	217743	0	0.5	25
	chrIX	217768	1	0.5	25
	chrIX	217796	0	0.5	25
	chrIX	217797	1	0.5	25
	chrIX	217801	0	0.5	25
	chrIX	217803	0	1.0	25
	chrIX	217803	1	0.5	25
	chrIX	217808	1	1.0	25
	chrIX	217831	0	0.5	25
	chrIX	217831	1	0.5	25
	chrIX	217858	1	0.5	25
	chrIX	217865	1	1.0	25
	chrIX	217871	1	0.5	25
	chrIX	217872	0	0.5	25
	chrIX	217886	1	0.5	25
	chrIX	217888	0	1.0	25
	chrIX	217926	0	1.0	25
	chrIX	217972	1	0.5	25
	chrIX	217980	0	0.5	25
	chrIX	217995	1	0.5	25
	chrIX	218005	0	0.5	25
	chrIX	218006	0	0.5	25
	chrIX	218012	0	0.5	25
	chrIX	218028	0	0.5	25
	chrIX	218044	1	0.5	25
	chrIX	218045	1	0.5	25
	chrIX	218046	1	0.5	25
	chrIX	218080	0	0.5	25
	chrIX	218090	1	1.0	25
	chrIX	218091	0	0.5	25
	chrIX	218101	1	0.5	25
	chrIX	218103	1	0.5	25
	chrIX	218119	1	0.5	25
	chrIX	218165	1	0.5	25
	chrIX	218173	0	1.0	25
	chrIX	218184	0	0.5	25
	chrIX	218200	0	0.5	25
	chrIX	218206	0	0.5	25
	chrIX	218218	1	0.5	25
	chrIX	218241	0	0.5	25
	chrIX	218241	1	0.5	25
	chrIX	218258	0	1.0	25
	chrIX	218267	1	1.0	25
	chrIX	218268	1	0.5	25
	chrIX	218270	0	0.5	25
	chrIX	218270	1	0.5	25
	chrIX	218271	0	0.5	25
	chrIX	218314	0	0.5	25
	chrIX	218321	1	0.5	25
	chrIX	218322	1	0.5	25
	chrIX	218323	0	0.5	25
	chrIX	218330	1	0.5	25
	chrIX	218356	1	0.5	25
	chrIX	218397	1	0.5	25
	chrIX	218423	1	0.5	25
	chrIX	218437	0	0.5	25
	chrIX	218458	0	0.5	25
	chrIX	218458	1	0.5	25
	chrIX	218478	0	0.5	25
	chrIX	218505	0	0.5	25
	chrIX	218516	0	0.5	25
	chrIX	218524	1	0.5	25
	chrIX	218546	0	0.5	25
	chrIX	218559	0	0.5	25
	chrIX	218579	1	0.5	25
	chrIX	218583	1	0.5	25
	chrIX	218595	0	0.5	25
	chrIX	218613	0	0.5	25
	chrIX	218615	0	0.5	25
	chrIX	218620	1	0.5	25
	chrIX	218625	1	0.5	25
	chrIX	218626	1	0.5	25
	chrIX	218634	1	0.5	25
	chrIX	218656	1	0.5	25
	chrIX	218671	0	0.5	25
	chrIX	218675	0	0.5	25
	chrIX	218683	1	0.5	25
	chrIX	218698	1	0.5	25
	chrIX	218704	0	1.0	25
	chrIX	218705	0	0.5	25
	chrIX	218721	0	1.0	25
	chrIX	218731	0	0.5	25
	chrIX	218733	0	0.5	25
	chrIX	218737	1	0.5	25
	chrIX	218743	0	0.5	25
	chrIX	218763	1	0.5	25
	chrIX	218764	1	0.5	25
	chrIX	218769	0	0.5	25
	chrIX	218778	1	0.5	25
	chrIX	218786	1	0.5	25
	chrIX	218789	1	0.5	25
	chrIX	218835	1	1.0	25
	chrIX	218839	0	0.5	25
	chrIX	218848	1	0.5	25
	chrIX	218861	0	1.0	25
	chrIX	218873	1	1.0	25
	chrIX	218881	0	0.5	25
	chrIX	218920	1	0.5	25
	chrIX	218922	0	1.0	25
	chrIX	218936	0	0.5	25
	chrIX	218979	1	1.0	25
	chrIX	218991	1	1.0	25
	chrIX	219012	1	0.5	25
	chrIX	219083	1	0.5	25
	chrIX	219090	0	0.5	25
	chrIX	219097	0	0.5	25
	chrIX	219105	0	0.5	25
	chrIX	219112	0	0.5	25
	chrIX	219130	0	0.5	25
	chrIX	219151	0	0.5	25
	chrIX	219172	0	0.5	25
	chrIX	219175	1	0.5	25
	chrIX	219183	0	0.5	25
	chrIX	219183	1	0.5	25
	chrIX	219184	0	1.0	25
	chrIX	219211	1	0.5	25
	chrIX	219213	1	0.5	25
	chrIX	219234	0	1.0	25
	chrIX	219235	1	0.5	25
	chrIX	219252	1	0.5	25
	chrIX	219257	1	0.5	25
	chrIX	219270	0	0.5	25
	chrIX	219285	1	0.5	25
	chrIX	219322	0	0.5	25
	chrIX	219337	0	0.5	25
	chrIX	219345	0	0.5	25
	chrIX	219358	0	1.0	25
	chrIX	219369	1	0.5	25
	chrIX	219373	1	0.5	25
	chrIX	219387	0	0.5	25
	chrIX	219391	0	0.5	25
	chrIX	219393	0	0.5	25
	chrIX	219395	0	0.5	25
	chrIX	219416	1	0.5	25
	chrIX	219420	1	1.0	25
	chrIX	219432	1	1.0	25
	chrIX	219456	0	0.5	25
	chrIX	219481	1	0.5	25
	chrIX	219486	1	0.5	25
	chrIX	219500	0	0.5	25
	chrIX	219510	1	0.5	25
	chrIX	219530	1	0.5	25
	chrIX	219535	1	0.5	25
	chrIX	219578	1	1.0	25
	chrIX	219589	0	0.5	25
	chrIX	219627	1	0.5	25
	chrIX	219655	0	0.5	25
	chrIX	219683	1	0.5	25
	chrIX	219684	1	0.5	25
	chrIX	219694	0	0.5	25
	chrIX	219698	0	0.5	25
	chrIX	219749	0	0.5	25
	chrIX	219749	1	0.5	25
	chrIX	219754	1	0.5	25
	chrIX	219764	0	0.5	25
	chrIX	219782	1	0.5	25
	chrIX	219788	0	0.5	25
	chrIX	219803	0	1.0	25
	chrIX	219805	0	0.5	25
	chrIX	219815	1	0.5	25
	chrIX	219818	0	0.5	25
	chrIX	219831	1	0.5	25
	chrIX	219841	1	0.5	25
	chrIX	219843	0	0.5	25
	chrIX	219843	1	1.0	25
	chrIX	219875	1	0.5	25
	chrIX	219884	0	0.5	25
	chrIX	219920	1	0.5	25
	chrIX	219924	1	0.5	25
	chrIX	219951	1	0.5	25
	chrIX	219970	0	0.5	25
	chrIX	219979	0	1.0	25
	chrIX	219988	0	0.5	25
	chrIX	219989	0	0.5	25
	chrIX	219999	0	0.5	25
	chrIX	220012	0	0.5	25
	chrIX	220028	0	0.5	25
	chrIX	220032	1	0.5	25
	chrIX	220033	0	0.5	25
	chrIX	220033	1	0.5	25
	chrIX	220054	0	0.5	25
	chrIX	220060	0	0.5	25
	chrIX	220067	0	0.5	25
	chrIX	220074	1	1.0	25
	chrIX	220083	1	0.5	25
	chrIX	220096	1	0.5	25
	chrIX	220104	0	0.5	25
	chrIX	220119	1	0.5	25
	chrIX	220121	1	0.5	25
	chrIX	220127	0	0.5	25
	chrIX	220132	1	0.5	25
	chrIX	220140	1	0.5	25
	chrIX	220143	1	0.5	25
	chrIX	220150	0	0.5	25
	chrIX	220152	0	0.5	25
	chrIX	220159	0	1.0	25
	chrIX	220168	1	0.5	25
	chrIX	220174	0	0.5	25
	chrIX	220181	1	0.5	25
	chrIX	220192	0	0.5	25
	chrIX	220208	1	0.5	25
	chrIX	220228	0	0.5	25
	chrIX	220229	1	0.5	25
	chrIX	220233	1	0.5	25
	chrIX	220240	1	1.0	25
	chrIX	220258	0	0.5	25
	chrIX	220259	1	0.5	25
	chrIX	220290	0	0.5	25
	chrIX	220292	0	0.5	25
	chrIX	220299	0	0.5	25
	chrIX	220325	1	0.5	25
	chrIX	220342	1	0.5	25
	chrIX	220364	0	0.5	25
	chrIX	220377	0	0.5	25
	chrIX	220387	1	0.5	25
	chrIX	220388	1	0.5	25
	chrIX	220429	0	0.5	25
	chrIX	220430	1	0.5	25
	chrIX	220431	0	0.5	25
	chrIX	220441	0	0.5	25
	chrIX	220445	0	0.5	25
	chrIX	220445	1	0.5	25
	chrIX	220449	0	0.5	25
	chrIX	220463	0	0.5	25
	chrIX	220493	1	0.5	25
	chrIX	220494	0	0.5	25
	chrIX	220496	1	0.5	25
	chrIX	220500	1	1.0	25
	chrIX	220517	1	0.5	25
	chrIX	220540	1	0.5	25
	chrIX	220554	1	0.5	25
	chrIX	220562	1	0.5	25
	chrIX	220564	0	0.5	25
	chrIX	220566	0	0.5	25
	chrIX	220590	0	0.5	25
	chrIX	220594	0	0.5	25
	chrIX	220602	0	0.5	25
	chrIX	220612	1	0.5	25
	chrIX	220619	1	0.5	25
	chrIX	220625	0	0.5	25
	chrIX	220633	1	0.5	25
	chrIX	220635	0	0.5	25
	chrIX	220635	1	0.5	25
	chrIX	220636	0	1.0	25
	chrIX	220666	0	0.5	25
	chrIX	220676	0	0.5	25
	chrIX	220681	1	0.5	25
	chrIX	220701	1	0.5	25
	chrIX	220713	1	0.5	25
	chrIX	220717	0	0.5	25
	chrIX	220724	0	0.5	25
	chrIX	220743	1	1.0	25
	chrIX	220744	1	0.5	25
	chrIX	220746	0	1.0	25
	chrIX	220747	0	0.5	25
	chrIX	220758	0	0.5	25
	chrIX	220759	0	0.5	25
	chrIX	220769	1	0.5	25
	chrIX	220775	1	0.5	25
	chrIX	220776	0	1.5	25
	chrIX	220776	1	0.5	25
	chrIX	220777	0	1.5	25
	chrIX	220779	0	0.5	25
	chrIX	220785	0	1.5	25
	chrIX	220786	0	1.0	25
	chrIX	220789	1	0.5	25
	chrIX	220791	0	2.0	25
	chrIX	220792	0	0.5	25
	chrIX	220799	0	0.5	25
	chrIX	220800	0	0.5	25
	chrIX	220801	0	1.0	25
	chrIX	220803	1	0.5	25
	chrIX	220804	0	0.5	25
	chrIX	220805	0	0.5	25
	chrIX	220812	0	1.0	25
	chrIX	220813	0	0.5	25
	chrIX	220818	1	0.5	25
	chrIX	220826	0	0.5	25
	chrIX	220826	1	0.5	25
	chrIX	220827	0	0.5	25
	chrIX	220829	0	1.5	25
	chrIX	220836	0	0.5	25
	chrIX	220844	1	1.0	25
	chrIX	220847	1	6.5	25
	chrIX	220848	0	4.5	25
	chrIX	220848	1	1.0	25
	chrIX	220849	1	1.0	25
	chrIX	220850	0	1.5	25
	chrIX	220858	0	0.5	25
	chrIX	220858	1	0.5	25
	chrIX	220859	1	0.5	25
	chrIX	220860	0	0.5	25
	chrIX	220860	1	0.5	25
	chrIX	220865	1	0.5	25
	chrIX	220869	1	0.5	25
	chrIX	220888	1	1.0	25
	chrIX	220889	1	1.5	25
	chrIX	220892	1	0.5	25
	chrIX	220893	1	0.5	25
	chrIX	220897	1	1.0	25
	chrIX	220899	1	0.5	25
	chrIX	220900	0	1.0	25
	chrIX	220900	1	2.5	25
	chrIX	220901	0	0.5	25
	chrIX	220915	0	0.5	25
	chrIX	220922	1	0.5	25
	chrIX	220928	1	0.5	25
	chrIX	220929	1	0.5	25
	chrIX	220937	1	1.0	25
	chrIX	220938	0	0.5	25
	chrIX	220938	1	1.0	25
	chrIX	220960	1	0.5	25
	chrIX	220962	0	0.5	25
	chrIX	220976	0	0.5	25
	chrIX	221025	1	0.5	25
	chrIX	221034	1	0.5	25
	chrIX	221045	0	1.0	25
	chrIX	221048	0	0.5	25
	chrIX	221052	1	0.5	25
	chrIX	221059	0	1.0	25
	chrIX	221068	0	0.5	25
	chrIX	221074	1	1.0	25
	chrIX	221075	0	0.5	25
	chrIX	221077	0	0.5	25
	chrIX	221084	1	0.5	25
	chrIX	221104	1	1.0	25
	chrIX	221112	1	0.5	25
	chrIX	221127	1	0.5	25
	chrIX	221128	0	0.5	25
	chrIX	221133	1	0.5	25
	chrIX	221134	0	0.5	25
	chrIX	221134	1	0.5	25
	chrIX	221141	1	0.5	25
	chrIX	221144	1	0.5	25
	chrIX	221170	0	0.5	25
	chrIX	221204	1	0.5	25
	chrIX	221206	1	0.5	25
	chrIX	221242	1	0.5	25
	chrIX	221267	0	0.5	25
	chrIX	221268	0	0.5	25
	chrIX	221275	0	0.5	25
	chrIX	221277	0	0.5	25
	chrIX	221290	0	0.5	25
	chrIX	221325	1	0.5	25
	chrIX	221328	1	0.5	25
	chrIX	221341	1	0.5	25
	chrIX	221343	0	0.5	25
	chrIX	221349	1	0.5	25
	chrIX	221385	0	0.5	25
	chrIX	221425	1	0.5	25
	chrIX	221438	0	1.0	25
	chrIX	221458	1	0.5	25
	chrIX	221470	1	0.5	25
	chrIX	221473	1	0.5	25
	chrIX	221475	1	0.5	25
	chrIX	221537	0	0.5	25
	chrIX	221548	1	0.5	25
	chrIX	221561	0	0.5	25
	chrIX	221563	0	0.5	25
	chrIX	221625	0	0.5	25
	chrIX	221633	0	0.5	25
	chrIX	221639	1	0.5	25
	chrIX	221643	0	0.5	25
	chrIX	221650	0	0.5	25
	chrIX	221687	1	0.5	25
	chrIX	221692	1	1.0	25
	chrIX	221696	1	0.5	25
	chrIX	221711	0	0.5	25
	chrIX	221724	1	0.5	25
	chrIX	221737	1	0.5	25
	chrIX	221772	0	0.5	25
	chrIX	221806	1	0.5	25
	chrIX	221817	0	0.5	25
	chrIX	221832	0	1.0	25
	chrIX	221833	1	0.5	25
	chrIX	221856	0	1.5	25
	chrIX	221896	1	0.5	25
	chrIX	221910	1	1.0	25
	chrIX	221918	0	1.0	25
	chrIX	221969	1	0.5	25
	chrIX	221984	1	1.0	25
	chrIX	221989	0	0.5	25
	chrIX	221992	0	0.5	25
	chrIX	221995	0	0.5	25
	chrIX	222003	0	0.5	25
	chrIX	222032	0	0.5	25
	chrIX	222043	1	0.5	25
	chrIX	222055	1	0.5	25
	chrIX	222060	1	0.5	25
	chrIX	222063	1	0.5	25
	chrIX	222073	1	1.5	25
	chrIX	222088	1	0.5	25
	chrIX	222091	0	0.5	25
	chrIX	222147	1	0.5	25
	chrIX	222150	0	0.5	25
	chrIX	222161	0	0.5	25
	chrIX	222206	1	0.5	25
	chrIX	222217	0	0.5	25
	chrIX	222259	0	0.5	25
	chrIX	222265	1	0.5	25
	chrIX	222290	0	0.5	25
	chrIX	222306	0	0.5	25
	chrIX	222308	1	0.5	25
	chrIX	222311	0	0.5	25
	chrIX	222328	1	0.5	25
	chrIX	222337	0	0.5	25
	chrIX	222338	0	0.5	25
	chrIX	222375	1	0.5	25
	chrIX	222377	1	0.5	25
	chrIX	222392	0	0.5	25
	chrIX	222393	0	0.5	25
	chrIX	222401	0	0.5	25
	chrIX	222402	0	0.5	25
	chrIX	222410	0	0.5	25
	chrIX	222426	1	0.5	25
	chrIX	222447	1	0.5	25
	chrIX	222461	1	0.5	25
	chrIX	222475	1	0.5	25
	chrIX	222493	1	0.5	25
	chrIX	222494	0	0.5	25
	chrIX	222498	0	1.0	25
	chrIX	222505	0	0.5	25
	chrIX	222518	1	0.5	25
	chrIX	222528	1	0.5	25
	chrIX	222538	0	0.5	25
	chrIX	222555	0	0.5	25
	chrIX	222557	0	0.5	25
	chrIX	222559	0	0.5	25
	chrIX	222559	1	1.0	25
	chrIX	222574	1	1.0	25
	chrIX	222581	0	0.5	25
	chrIX	222598	1	0.5	25
	chrIX	222603	0	0.5	25
	chrIX	222625	0	1.5	25
	chrIX	222629	1	0.5	25
	chrIX	222633	1	0.5	25
	chrIX	222634	0	0.5	25
	chrIX	222635	0	0.5	25
	chrIX	222637	0	0.5	25
	chrIX	222640	0	0.5	25
	chrIX	222655	1	1.0	25
	chrIX	222657	0	0.5	25
	chrIX	222665	0	1.0	25
	chrIX	222669	0	0.5	25
	chrIX	222672	1	1.0	25
	chrIX	222673	0	0.5	25
	chrIX	222675	0	1.5	25
	chrIX	222676	0	0.5	25
	chrIX	222680	0	2.0	25
	chrIX	222707	0	0.5	25
	chrIX	222712	0	0.5	25
	chrIX	222716	1	2.0	25
	chrIX	222717	0	1.5	25
	chrIX	222717	1	1.0	25
	chrIX	222718	0	1.5	25
	chrIX	222719	0	1.5	25
	chrIX	222722	0	0.5	25
	chrIX	222728	0	0.5	25
	chrIX	222730	1	1.0	25
	chrIX	222732	1	0.5	25
	chrIX	222734	0	0.5	25
	chrIX	222742	1	0.5	25
	chrIX	222743	1	0.5	25
	chrIX	222744	1	1.0	25
	chrIX	222745	0	1.0	25
	chrIX	222748	0	1.0	25
	chrIX	222753	0	0.5	25
	chrIX	222758	0	0.5	25
	chrIX	222758	1	0.5	25
	chrIX	222766	0	0.5	25
	chrIX	222766	1	1.0	25
	chrIX	222767	1	1.0	25
	chrIX	222771	1	1.0	25
	chrIX	222774	0	1.0	25
	chrIX	222776	0	0.5	25
	chrIX	222777	0	0.5	25
	chrIX	222793	0	0.5	25
	chrIX	222793	1	1.0	25
	chrIX	222796	1	0.5	25
	chrIX	222798	1	0.5	25
	chrIX	222803	1	0.5	25
	chrIX	222804	1	1.0	25
	chrIX	222805	0	0.5	25
	chrIX	222810	1	0.5	25
	chrIX	222812	0	0.5	25
	chrIX	222813	0	0.5	25
	chrIX	222814	1	0.5	25
	chrIX	222815	1	0.5	25
	chrIX	222819	0	0.5	25
	chrIX	222819	1	1.0	25
	chrIX	222823	1	1.5	25
	chrIX	222847	1	1.5	25
	chrIX	222848	1	0.5	25
	chrIX	222849	1	1.0	25
	chrIX	222850	1	0.5	25
	chrIX	222855	1	0.5	25
	chrIX	222874	0	0.5	25
	chrIX	222884	1	0.5	25
	chrIX	222886	1	0.5	25
	chrIX	222891	0	0.5	25
	chrIX	222898	1	0.5	25
	chrIX	222899	0	0.5	25
	chrIX	222908	1	1.0	25
	chrIX	222912	1	0.5	25
	chrIX	222938	0	0.5	25
	chrIX	222945	0	0.5	25
	chrIX	222954	0	0.5	25
	chrIX	222958	0	0.5	25
	chrIX	222963	1	0.5	25
	chrIX	222965	0	0.5	25
	chrIX	222966	0	0.5	25
	chrIX	222976	1	0.5	25
	chrIX	222979	0	0.5	25
	chrIX	222980	1	1.0	25
	chrIX	222994	0	1.0	25
	chrIX	222996	0	0.5	25
	chrIX	222998	1	0.5	25
	chrIX	223022	1	0.5	25
	chrIX	223031	1	0.5	25
	chrIX	223033	0	1.5	25
	chrIX	223034	0	1.0	25
	chrIX	223049	0	0.5	25
	chrIX	223068	1	0.5	25
	chrIX	223070	1	0.5	25
	chrIX	223075	1	0.5	25
	chrIX	223086	1	0.5	25
	chrIX	223091	0	0.5	25
	chrIX	223095	1	1.0	25
	chrIX	223101	1	1.0	25
	chrIX	223107	1	0.5	25
	chrIX	223122	1	0.5	25
	chrIX	223153	0	0.5	25
	chrIX	223165	0	0.5	25
	chrIX	223176	1	0.5	25
	chrIX	223185	1	1.0	25
	chrIX	223189	0	0.5	25
	chrIX	223199	0	0.5	25
	chrIX	223203	0	0.5	25
	chrIX	223206	1	0.5	25
	chrIX	223215	0	0.5	25
	chrIX	223238	1	0.5	25
	chrIX	223262	1	0.5	25
	chrIX	223264	0	1.0	25
	chrIX	223265	1	0.5	25
	chrIX	223285	1	0.5	25
	chrIX	223291	1	0.5	25
	chrIX	223293	1	0.5	25
	chrIX	223305	0	0.5	25
	chrIX	223314	1	0.5	25
	chrIX	223318	1	0.5	25
	chrIX	223331	0	0.5	25
	chrIX	223337	0	0.5	25
	chrIX	223360	1	0.5	25
	chrIX	223367	0	0.5	25
	chrIX	223388	0	0.5	25
	chrIX	223411	1	0.5	25
	chrIX	223426	1	0.5	25
	chrIX	223435	1	0.5	25
	chrIX	223438	0	0.5	25
	chrIX	223449	1	0.5	25
	chrIX	223468	0	0.5	25
	chrIX	223469	0	0.5	25
	chrIX	223493	0	0.5	25
	chrIX	223517	1	0.5	25
	chrIX	223519	0	0.5	25
	chrIX	223537	0	0.5	25
	chrIX	223554	1	0.5	25
	chrIX	223595	0	0.5	25
	chrIX	223595	1	0.5	25
	chrIX	223599	1	0.5	25
	chrIX	223612	0	1.0	25
	chrIX	223649	1	0.5	25
	chrIX	223655	1	0.5	25
	chrIX	223672	0	0.5	25
	chrIX	223697	1	1.0	25
	chrIX	223703	1	0.5	25
	chrIX	223733	1	0.5	25
	chrIX	223735	0	0.5	25
	chrIX	223754	0	1.0	25
	chrIX	223757	0	1.0	25
	chrIX	223803	0	0.5	25
	chrIX	223804	1	1.0	25
	chrIX	223829	0	0.5	25
	chrIX	223844	0	0.5	25
	chrIX	223850	0	0.5	25
	chrIX	223867	1	0.5	25
	chrIX	223915	0	0.5	25
	chrIX	223927	1	0.5	25
	chrIX	223958	1	0.5	25
	chrIX	223969	1	0.5	25
	chrIX	223973	0	0.5	25
	chrIX	223993	0	0.5	25
	chrIX	223994	1	1.0	25
	chrIX	224000	0	0.5	25
	chrIX	224002	1	0.5	25
	chrIX	224045	1	0.5	25
	chrIX	224056	1	0.5	25
	chrIX	224064	1	0.5	25
	chrIX	224084	0	0.5	25
	chrIX	224092	1	0.5	25
	chrIX	224103	0	1.0	25
	chrIX	224123	1	0.5	25
	chrIX	224134	0	0.5	25
	chrIX	224138	0	0.5	25
	chrIX	224152	0	0.5	25
	chrIX	224173	1	0.5	25
	chrIX	224184	1	1.0	25
	chrIX	224186	0	0.5	25
	chrIX	224199	0	0.5	25
	chrIX	224220	0	1.0	25
	chrIX	224232	1	0.5	25
	chrIX	224238	1	0.5	25
	chrIX	224239	0	1.0	25
	chrIX	224261	0	0.5	25
	chrIX	224266	1	0.5	25
	chrIX	224304	1	1.0	25
	chrIX	224311	0	0.5	25
	chrIX	224318	0	0.5	25
	chrIX	224332	0	0.5	25
	chrIX	224370	1	0.5	25
	chrIX	224372	0	0.5	25
	chrIX	224372	1	0.5	25
	chrIX	224389	1	0.5	25
	chrIX	224390	1	1.0	25
	chrIX	224428	1	0.5	25
	chrIX	224435	0	0.5	25
	chrIX	224436	1	0.5	25
	chrIX	224444	0	0.5	25
	chrIX	224512	1	0.5	25
	chrIX	224518	0	1.0	25
	chrIX	224526	1	0.5	25
	chrIX	224533	0	0.5	25
	chrIX	224533	1	0.5	25
	chrIX	224565	0	0.5	25
	chrIX	224573	0	0.5	25
	chrIX	224591	0	0.5	25
	chrIX	224592	0	0.5	25
	chrIX	224620	1	0.5	25
	chrIX	224623	1	1.0	25
	chrIX	224637	1	0.5	25
	chrIX	224663	1	0.5	25
	chrIX	224668	1	0.5	25
	chrIX	224686	0	0.5	25
	chrIX	224699	0	0.5	25
	chrIX	224707	1	0.5	25
	chrIX	224717	0	0.5	25
	chrIX	224730	0	0.5	25
	chrIX	224731	0	1.5	25
	chrIX	224736	1	0.5	25
	chrIX	224749	1	0.5	25
	chrIX	224757	0	1.0	25
	chrIX	224763	0	0.5	25
	chrIX	224798	0	0.5	25
	chrIX	224801	1	0.5	25
	chrIX	224802	1	0.5	25
	chrIX	224803	0	0.5	25
	chrIX	224804	0	0.5	25
	chrIX	224828	1	0.5	25
	chrIX	224837	1	1.0	25
	chrIX	224838	0	0.5	25
	chrIX	224854	1	1.0	25
	chrIX	224862	1	0.5	25
	chrIX	224863	1	0.5	25
	chrIX	224879	0	0.5	25
	chrIX	224881	0	0.5	25
	chrIX	224881	1	0.5	25
	chrIX	224891	0	0.5	25
	chrIX	224894	0	0.5	25
	chrIX	224905	1	0.5	25
	chrIX	224918	0	0.5	25
	chrIX	224919	1	0.5	25
	chrIX	224928	0	1.0	25
	chrIX	224930	0	0.5	25
	chrIX	224930	1	0.5	25
	chrIX	224942	1	0.5	25
	chrIX	224949	1	0.5	25
	chrIX	224954	0	0.5	25
	chrIX	224960	1	0.5	25
	chrIX	225015	0	0.5	25
	chrIX	225015	1	0.5	25
	chrIX	225024	1	0.5	25
	chrIX	225033	0	0.5	25
	chrIX	225034	0	0.5	25
	chrIX	225036	0	1.0	25
	chrIX	225039	1	1.5	25
	chrIX	225066	0	0.5	25
	chrIX	225066	1	0.5	25
	chrIX	225100	1	0.5	23
	chrIX	225100	1	0.5	25
	chrIX	225108	0	0.5	25
	chrIX	225115	1	0.5	25
	chrIX	225116	0	0.5	25
	chrIX	225118	1	0.5	25
	chrIX	225131	0	0.5	25
	chrIX	225168	0	0.5	25
	chrIX	225184	1	0.5	25
	chrIX	225205	1	0.5	25
	chrIX	225206	0	0.5	25
	chrIX	225241	0	0.5	25
	chrIX	225257	1	0.5	25
	chrIX	225258	1	0.5	25
	chrIX	225267	1	0.5	25
	chrIX	225278	0	1.0	25
	chrIX	225278	1	0.5	25
	chrIX	225282	0	0.5	25
	chrIX	225286	1	0.5	25
	chrIX	225294	0	0.5	25
	chrIX	225307	0	0.5	25
	chrIX	225316	0	1.0	25
	chrIX	225330	1	0.5	25
	chrIX	225351	1	0.5	25
	chrIX	225358	1	0.5	25
	chrIX	225368	1	0.5	25
	chrIX	225377	1	0.5	25
	chrIX	225386	0	0.5	25
	chrIX	225406	0	0.5	25
	chrIX	225406	1	0.5	25
	chrIX	225407	0	1.0	25
	chrIX	225413	1	0.5	25
	chrIX	225460	0	1.0	25
	chrIX	225464	1	1.0	25
	chrIX	225503	1	0.5	25
	chrIX	225542	1	1.0	25
	chrIX	225559	1	0.5	25
	chrIX	225565	0	0.5	25
	chrIX	225619	0	0.5	25
	chrIX	225620	0	0.5	25
	chrIX	225629	1	0.5	25
	chrIX	225631	0	1.0	25
	chrIX	225652	0	0.5	25
	chrIX	225664	1	0.5	25
	chrIX	225676	0	1.0	25
	chrIX	225685	1	1.0	25
	chrIX	225716	1	1.0	25
	chrIX	225726	1	0.5	25
	chrIX	225732	0	1.0	25
	chrIX	225735	1	0.5	25
	chrIX	225740	0	0.5	25
	chrIX	225749	0	0.5	25
	chrIX	225756	0	0.5	25
	chrIX	225795	0	0.5	25
	chrIX	225807	1	0.5	25
	chrIX	225817	1	0.5	25
	chrIX	225818	0	0.5	25
	chrIX	225854	1	0.5	25
	chrIX	225871	1	0.5	25
	chrIX	225877	0	0.5	25
	chrIX	225882	0	0.5	25
	chrIX	225883	0	1.0	25
	chrIX	225890	1	1.0	25
	chrIX	225893	1	0.5	25
	chrIX	225896	0	0.5	25
	chrIX	225904	0	0.5	25
	chrIX	225920	0	0.5	25
	chrIX	225921	1	1.0	25
	chrIX	225948	0	0.5	25
	chrIX	225950	0	0.5	25
	chrIX	225953	1	0.5	25
	chrIX	225956	1	0.5	25
	chrIX	225959	0	0.5	25
	chrIX	225971	1	0.5	25
	chrIX	225975	1	0.5	25
	chrIX	225988	1	0.5	25
	chrIX	225993	1	0.5	25
	chrIX	225998	0	0.5	25
	chrIX	226003	0	0.5	25
	chrIX	226020	0	0.5	25
	chrIX	226023	1	0.5	25
	chrIX	226033	0	0.5	25
	chrIX	226047	0	0.5	25
	chrIX	226057	1	0.5	25
	chrIX	226069	0	0.5	25
	chrIX	226073	1	0.5	25
	chrIX	226081	1	0.5	25
	chrIX	226103	0	0.5	25
	chrIX	226124	1	0.5	25
	chrIX	226126	1	0.5	25
	chrIX	226147	1	0.5	25
	chrIX	226151	1	0.5	25
	chrIX	226164	1	0.5	25
	chrIX	226167	0	0.5	25
	chrIX	226222	0	1.0	25
	chrIX	226223	0	0.5	25
	chrIX	226224	0	0.5	25
	chrIX	226270	0	0.5	25
	chrIX	226275	1	0.5	25
	chrIX	226276	0	0.5	25
	chrIX	226284	0	0.5	25
	chrIX	226284	1	1.0	25
	chrIX	226309	0	0.5	25
	chrIX	226320	0	1.0	25
	chrIX	226338	1	0.5	25
	chrIX	226340	0	0.5	25
	chrIX	226341	0	0.5	25
	chrIX	226342	0	1.0	25
	chrIX	226352	0	1.0	25
	chrIX	226354	1	0.5	25
	chrIX	226355	0	0.5	25
	chrIX	226360	0	0.5	25
	chrIX	226361	0	0.5	25
	chrIX	226362	0	0.5	25
	chrIX	226363	0	0.5	25
	chrIX	226367	1	0.5	25
	chrIX	226369	0	0.5	25
	chrIX	226373	1	1.0	25
	chrIX	226374	0	0.5	25
	chrIX	226381	0	0.5	25
	chrIX	226383	0	1.0	25
	chrIX	226385	0	0.5	25
	chrIX	226388	0	2.0	25
	chrIX	226389	0	4.0	25
	chrIX	226390	0	4.5	25
	chrIX	226397	0	0.5	25
	chrIX	226400	0	0.5	25
	chrIX	226419	0	0.5	25
	chrIX	226419	1	0.5	25
	chrIX	226424	0	0.5	25
	chrIX	226424	1	1.0	25
	chrIX	226425	1	0.5	25
	chrIX	226441	1	1.0	25
	chrIX	226447	0	0.5	25
	chrIX	226447	1	3.0	25
	chrIX	226448	1	1.5	25
	chrIX	226449	1	3.5	25
	chrIX	226450	1	1.5	25
	chrIX	226451	1	1.0	25
	chrIX	226452	1	1.5	25
	chrIX	226453	1	1.0	25
	chrIX	226454	0	1.0	25
	chrIX	226454	1	4.0	25
	chrIX	226456	0	0.5	25
	chrIX	226456	1	1.0	25
	chrIX	226467	1	0.5	25
	chrIX	226490	0	0.5	25
	chrIX	226494	0	0.5	25
	chrIX	226499	1	0.5	25
	chrIX	226507	1	0.5	25
	chrIX	226510	0	1.0	25
	chrIX	226517	1	0.5	25
	chrIX	226522	0	0.5	25
	chrIX	226535	1	0.5	25
	chrIX	226539	1	0.5	25
	chrIX	226574	1	1.0	25
	chrIX	226580	1	1.0	25
	chrIX	226611	0	1.0	25
	chrIX	226612	0	0.5	25
	chrIX	226618	1	0.5	25
	chrIX	226623	0	0.5	25
	chrIX	226629	1	0.5	25
	chrIX	226647	0	0.5	25
	chrIX	226650	0	0.5	25
	chrIX	226655	0	0.5	25
	chrIX	226702	1	0.5	25
	chrIX	226710	0	0.5	25
	chrIX	226711	1	0.5	25
	chrIX	226738	0	0.5	25
	chrIX	226744	1	0.5	25
	chrIX	226777	1	0.5	25
	chrIX	226779	1	0.5	25
	chrIX	226781	0	0.5	25
	chrIX	226788	1	1.0	25
	chrIX	226791	1	0.5	25
	chrIX	226793	0	0.5	25
	chrIX	226793	1	0.5	25
	chrIX	226801	0	0.5	25
	chrIX	226812	0	0.5	25
	chrIX	226829	0	0.5	25
	chrIX	226840	0	0.5	25
	chrIX	226841	0	0.5	25
	chrIX	226853	0	0.5	25
	chrIX	226864	1	0.5	25
	chrIX	226869	1	0.5	25
	chrIX	226876	0	0.5	25
	chrIX	226880	0	1.0	25
	chrIX	226903	1	0.5	25
	chrIX	226916	1	0.5	25
	chrIX	226929	0	0.5	25
	chrIX	226931	0	0.5	25
	chrIX	226937	0	0.5	25
	chrIX	226937	1	0.5	25
	chrIX	226949	1	0.5	25
	chrIX	226969	1	0.5	25
	chrIX	226970	0	0.5	25
	chrIX	226971	1	0.5	25
	chrIX	226973	1	0.5	25
	chrIX	226997	0	0.5	25
	chrIX	227007	1	0.5	25
	chrIX	227010	1	0.5	25
	chrIX	227016	1	0.5	25
	chrIX	227022	0	0.5	25
	chrIX	227044	1	1.0	25
	chrIX	227054	0	0.5	25
	chrIX	227071	0	0.5	25
	chrIX	227085	1	0.5	25
	chrIX	227087	1	0.5	25
	chrIX	227100	1	0.5	25
	chrIX	227115	0	0.5	25
	chrIX	227133	1	0.5	25
	chrIX	227149	1	0.5	25
	chrIX	227168	0	0.5	25
	chrIX	227198	0	1.0	25
	chrIX	227199	0	0.5	25
	chrIX	227222	0	0.5	25
	chrIX	227229	1	0.5	25
	chrIX	227240	0	0.5	25
	chrIX	227248	1	0.5	25
	chrIX	227253	1	1.0	25
	chrIX	227262	1	0.5	25
	chrIX	227288	0	0.5	25
	chrIX	227300	1	0.5	25
	chrIX	227321	0	1.0	25
	chrIX	227326	1	0.5	25
	chrIX	227343	0	0.5	25
	chrIX	227371	0	0.5	25
	chrIX	227392	1	0.5	25
	chrIX	227399	1	1.0	25
	chrIX	227402	0	0.5	25
	chrIX	227403	0	0.5	25
	chrIX	227407	1	0.5	25
	chrIX	227428	0	0.5	25
	chrIX	227443	1	0.5	25
	chrIX	227459	0	0.5	25
	chrIX	227470	0	0.5	25
	chrIX	227480	1	0.5	25
	chrIX	227548	0	0.5	25
	chrIX	227559	1	1.0	25
	chrIX	227563	1	0.5	25
	chrIX	227571	0	0.5	25
	chrIX	227595	0	0.5	25
	chrIX	227602	0	0.5	25
	chrIX	227620	0	0.5	25
	chrIX	227651	0	0.5	25
	chrIX	227655	1	0.5	25
	chrIX	227666	0	0.5	25
	chrIX	227675	0	1.0	25
	chrIX	227680	1	0.5	25
	chrIX	227681	0	0.5	25
	chrIX	227684	0	0.5	25
	chrIX	227696	1	0.5	25
	chrIX	227698	1	0.5	25
	chrIX	227717	1	0.5	25
	chrIX	227718	0	0.5	25
	chrIX	227729	0	1.0	25
	chrIX	227740	0	0.5	25
	chrIX	227747	1	0.5	25
	chrIX	227748	1	1.0	25
	chrIX	227764	0	0.5	25
	chrIX	227769	1	1.0	25
	chrIX	227780	0	0.5	25
	chrIX	227787	1	1.0	25
	chrIX	227797	0	0.5	25
	chrIX	227800	0	0.5	25
	chrIX	227806	1	0.5	25
	chrIX	227811	0	0.5	25
	chrIX	227821	1	0.5	25
	chrIX	227831	1	0.5	25
	chrIX	227832	0	0.5	25
	chrIX	227832	1	0.5	25
	chrIX	227837	0	0.5	25
	chrIX	227839	0	0.5	25
	chrIX	227843	1	0.5	25
	chrIX	227852	0	0.5	25
	chrIX	227875	0	1.0	25
	chrIX	227891	1	0.5	25
	chrIX	227900	1	0.5	25
	chrIX	227906	1	0.5	25
	chrIX	227907	1	0.5	25
	chrIX	227908	1	1.0	25
	chrIX	227916	1	0.5	25
	chrIX	227923	1	1.5	25
	chrIX	227924	0	0.5	25
	chrIX	227936	0	0.5	25
	chrIX	227946	0	0.5	25
	chrIX	227950	1	0.5	24
	chrIX	227966	0	0.5	25
	chrIX	227981	0	0.5	25
	chrIX	227992	1	0.5	25
	chrIX	228019	1	0.5	25
	chrIX	228020	1	0.5	25
	chrIX	228039	0	0.5	25
	chrIX	228055	1	0.5	25
	chrIX	228080	0	0.5	25
	chrIX	228101	1	0.5	25
	chrIX	228103	0	1.0	25
	chrIX	228170	1	0.5	25
	chrIX	228176	1	1.0	25
	chrIX	228182	0	0.5	25
	chrIX	228189	0	0.5	25
	chrIX	228211	0	0.5	25
	chrIX	228232	0	0.5	25
	chrIX	228253	1	0.5	25
	chrIX	228255	0	0.5	25
	chrIX	228271	0	0.5	25
	chrIX	228281	1	0.5	25
	chrIX	228296	1	0.5	25
	chrIX	228301	0	0.5	25
	chrIX	228320	0	0.5	25
	chrIX	228330	0	0.5	25
	chrIX	228334	1	0.5	25
	chrIX	228335	0	0.5	25
	chrIX	228342	0	0.5	25
	chrIX	228367	1	0.5	25
	chrIX	228368	1	0.5	25
	chrIX	228370	0	0.5	25
	chrIX	228384	1	0.5	25
	chrIX	228386	1	0.5	25
	chrIX	228389	1	0.5	25
	chrIX	228418	0	0.5	25
	chrIX	228431	1	0.5	25
	chrIX	228453	0	0.5	25
	chrIX	228467	1	0.5	25
	chrIX	228474	1	0.5	25
	chrIX	228499	1	0.5	25
	chrIX	228527	1	0.5	25
	chrIX	228559	0	0.5	25
	chrIX	228617	1	0.5	25
	chrIX	228625	0	0.5	25
	chrIX	228652	0	0.5	25
	chrIX	228677	1	0.5	25
	chrIX	228688	0	0.5	25
	chrIX	228705	0	0.5	25
	chrIX	228730	0	0.5	25
	chrIX	228737	1	0.5	25
	chrIX	228765	1	0.5	25
	chrIX	228773	0	0.5	25
	chrIX	228773	1	0.5	25
	chrIX	228805	0	0.5	25
	chrIX	228829	1	0.5	25
	chrIX	228835	1	0.5	25
	chrIX	228864	1	0.5	25
	chrIX	228888	0	0.5	25
	chrIX	228900	0	0.5	25
	chrIX	228903	0	0.5	25
	chrIX	228908	0	0.5	25
	chrIX	228935	0	0.5	25
	chrIX	228944	0	0.5	25
	chrIX	228952	0	0.5	25
	chrIX	228975	1	0.5	25
	chrIX	228978	1	1.0	25
	chrIX	228988	0	0.5	25
	chrIX	228997	1	0.5	25
	chrIX	229006	1	0.5	25
	chrIX	229024	1	0.5	25
	chrIX	229052	1	0.5	25
	chrIX	229062	0	1.0	25
	chrIX	229064	0	0.5	25
	chrIX	229068	1	0.5	25
	chrIX	229110	0	0.5	25
	chrIX	229126	1	1.0	25
	chrIX	229138	1	0.5	25
	chrIX	229152	0	1.0	25
	chrIX	229159	0	0.5	25
	chrIX	229175	1	0.5	25
	chrIX	229194	1	0.5	25
	chrIX	229221	0	0.5	25
	chrIX	229238	1	1.0	25
	chrIX	229278	0	0.5	25
	chrIX	229292	1	0.5	25
	chrIX	229310	0	0.5	25
	chrIX	229325	0	0.5	25
	chrIX	229333	0	0.5	25
	chrIX	229348	0	0.5	25
	chrIX	229350	0	0.5	25
	chrIX	229356	1	0.5	25
	chrIX	229371	1	0.5	25
	chrIX	229402	1	0.5	25
	chrIX	229403	1	0.5	25
	chrIX	229425	0	0.5	25
	chrIX	229438	0	0.5	25
	chrIX	229443	0	0.5	25
	chrIX	229472	1	0.5	25
	chrIX	229485	1	0.5	25
	chrIX	229494	1	0.5	25
	chrIX	229499	1	0.5	25
	chrIX	229512	0	0.5	25
	chrIX	229513	0	0.5	25
	chrIX	229530	0	0.5	25
	chrIX	229543	1	0.5	25
	chrIX	229547	1	0.5	25
	chrIX	229592	1	0.5	25
	chrIX	229600	0	0.5	25
	chrIX	229626	0	0.5	25
	chrIX	229641	0	0.5	25
	chrIX	229652	1	0.5	25
	chrIX	229667	1	0.5	25
	chrIX	229693	1	0.5	25
	chrIX	229701	0	0.5	25
	chrIX	229703	0	1.0	25
	chrIX	229719	0	0.5	25
	chrIX	229730	0	0.5	25
	chrIX	229731	0	0.5	25
	chrIX	229736	0	0.5	25
	chrIX	229741	1	0.5	25
	chrIX	229745	0	0.5	25
	chrIX	229753	0	0.5	25
	chrIX	229772	0	0.5	25
	chrIX	229777	1	0.5	25
	chrIX	229804	0	1.5	25
	chrIX	229821	0	0.5	25
	chrIX	229821	1	0.5	25
	chrIX	229828	1	1.0	25
	chrIX	229830	1	1.0	25
	chrIX	229831	1	0.5	25
	chrIX	229863	0	0.5	25
	chrIX	229876	1	1.0	25
	chrIX	229887	0	0.5	25
	chrIX	229896	1	0.5	25
	chrIX	229898	0	0.5	25
	chrIX	229907	0	0.5	25
	chrIX	229908	0	0.5	25
	chrIX	229930	1	0.5	25
	chrIX	229931	1	0.5	24
	chrIX	229944	1	0.5	25
	chrIX	229949	1	0.5	25
	chrIX	229964	1	0.5	25
	chrIX	229978	1	0.5	25
	chrIX	229990	1	0.5	25
	chrIX	230005	0	0.5	25
	chrIX	230024	0	0.5	25
	chrIX	230037	0	0.5	25
	chrIX	230039	0	0.5	25
	chrIX	230047	0	0.5	25
	chrIX	230050	0	0.5	25
	chrIX	230053	1	0.5	25
	chrIX	230071	1	0.5	25
	chrIX	230072	1	0.5	25
	chrIX	230092	1	0.5	25
	chrIX	230093	1	1.0	25
	chrIX	230094	0	0.5	25
	chrIX	230094	1	0.5	25
	chrIX	230098	0	0.5	25
	chrIX	230103	0	0.5	25
	chrIX	230114	1	0.5	25
	chrIX	230121	0	0.5	25
	chrIX	230129	0	1.0	25
	chrIX	230144	1	0.5	25
	chrIX	230145	0	0.5	25
	chrIX	230158	0	0.5	25
	chrIX	230178	1	0.5	25
	chrIX	230188	1	1.5	25
	chrIX	230195	0	0.5	25
	chrIX	230218	1	0.5	25
	chrIX	230234	0	0.5	25
	chrIX	230250	1	0.5	25
	chrIX	230262	0	0.5	25
	chrIX	230264	1	0.5	25
	chrIX	230272	1	0.5	25
	chrIX	230273	1	0.5	25
	chrIX	230309	0	0.5	25
	chrIX	230323	0	0.5	25
	chrIX	230324	0	0.5	25
	chrIX	230327	0	0.5	25
	chrIX	230344	0	0.5	25
	chrIX	230347	1	0.5	25
	chrIX	230360	1	0.5	25
	chrIX	230396	0	1.0	25
	chrIX	230400	1	0.5	25
	chrIX	230403	1	0.5	25
	chrIX	230408	1	0.5	25
	chrIX	230409	0	0.5	25
	chrIX	230418	1	0.5	25
	chrIX	230449	1	1.0	25
	chrIX	230471	1	0.5	25
	chrIX	230513	0	0.5	25
	chrIX	230534	0	0.5	25
	chrIX	230572	0	1.0	25
	chrIX	230573	0	0.5	25
	chrIX	230574	1	0.5	25
	chrIX	230595	1	0.5	25
	chrIX	230615	0	0.5	25
	chrIX	230632	1	0.5	25
	chrIX	230655	0	0.5	25
	chrIX	230657	1	1.0	25
	chrIX	230693	1	0.5	25
	chrIX	230712	0	0.5	25
	chrIX	230720	0	0.5	25
	chrIX	230725	0	0.5	25
	chrIX	230759	1	0.5	25
	chrIX	230761	1	0.5	25
	chrIX	230767	0	0.5	25
	chrIX	230775	0	0.5	25
	chrIX	230793	1	0.5	25
	chrIX	230810	0	0.5	25
	chrIX	230820	1	0.5	25
	chrIX	230822	1	0.5	25
	chrIX	230868	1	0.5	25
	chrIX	230870	0	1.0	25
	chrIX	230880	0	0.5	25
	chrIX	230889	0	0.5	25
	chrIX	230911	1	0.5	25
	chrIX	230965	1	0.5	25
	chrIX	230974	0	0.5	25
	chrIX	230976	0	1.0	25
	chrIX	230982	1	0.5	25
	chrIX	230983	0	0.5	25
	chrIX	231008	0	0.5	25
	chrIX	231042	1	0.5	25
	chrIX	231073	1	0.5	25
	chrIX	231089	0	0.5	25
	chrIX	231093	0	1.0	25
	chrIX	231114	0	0.5	25
	chrIX	231137	1	1.0	25
	chrIX	231142	1	1.0	25
	chrIX	231150	0	0.5	25
	chrIX	231151	0	0.5	25
	chrIX	231154	0	0.5	25
	chrIX	231156	0	0.5	25
	chrIX	231157	0	0.5	25
	chrIX	231162	0	1.0	25
	chrIX	231166	1	1.0	25
	chrIX	231167	0	3.0	25
	chrIX	231168	0	0.5	25
	chrIX	231187	0	0.5	25
	chrIX	231188	0	0.5	25
	chrIX	231191	0	1.5	25
	chrIX	231196	1	0.5	25
	chrIX	231197	0	2.5	25
	chrIX	231198	0	0.5	25
	chrIX	231200	0	0.5	25
	chrIX	231201	0	2.0	25
	chrIX	231206	0	0.5	25
	chrIX	231207	0	1.0	25
	chrIX	231213	1	1.0	25
	chrIX	231214	0	0.5	25
	chrIX	231218	0	0.5	25
	chrIX	231219	1	0.5	25
	chrIX	231220	0	1.0	25
	chrIX	231220	1	0.5	25
	chrIX	231221	0	0.5	25
	chrIX	231223	1	0.5	25
	chrIX	231225	1	0.5	25
	chrIX	231226	0	0.5	25
	chrIX	231228	0	0.5	25
	chrIX	231228	1	0.5	25
	chrIX	231236	1	0.5	25
	chrIX	231248	1	0.5	25
	chrIX	231252	1	0.5	25
	chrIX	231253	1	2.0	25
	chrIX	231263	1	0.5	25
	chrIX	231265	1	0.5	25
	chrIX	231267	1	2.0	25
	chrIX	231268	1	5.0	25
	chrIX	231269	1	0.5	25
	chrIX	231270	0	0.5	25
	chrIX	231270	1	1.0	25
	chrIX	231281	1	0.5	25
	chrIX	231283	1	2.0	25
	chrIX	231284	1	0.5	25
	chrIX	231288	0	0.5	25
	chrIX	231288	1	0.5	25
	chrIX	231292	1	0.5	25
	chrIX	231302	0	0.5	25
	chrIX	231303	0	0.5	25
	chrIX	231306	0	0.5	25
	chrIX	231309	1	0.5	25
	chrIX	231350	1	0.5	25
	chrIX	231363	0	0.5	25
	chrIX	231381	1	0.5	25
	chrIX	231388	0	1.5	25
	chrIX	231393	1	0.5	25
	chrIX	231396	0	0.5	25
	chrIX	231409	1	0.5	25
	chrIX	231412	0	0.5	25
	chrIX	231429	0	0.5	25
	chrIX	231432	1	0.5	25
	chrIX	231433	1	0.5	25
	chrIX	231443	1	0.5	25
	chrIX	231445	1	0.5	25
	chrIX	231451	1	1.0	25
	chrIX	231452	0	0.5	25
	chrIX	231455	0	0.5	25
	chrIX	231464	1	0.5	25
	chrIX	231473	1	0.5	25
	chrIX	231506	1	0.5	25
	chrIX	231516	0	0.5	25
	chrIX	231517	1	0.5	25
	chrIX	231519	0	0.5	25
	chrIX	231595	0	0.5	25
	chrIX	231674	1	0.5	25
	chrIX	231680	1	0.5	25
	chrIX	231730	0	0.5	25
	chrIX	231734	1	0.5	25
	chrIX	231752	0	0.5	25
	chrIX	231754	0	0.5	25
	chrIX	231798	0	0.5	25
	chrIX	231825	1	0.5	25
	chrIX	231843	1	0.5	25
	chrIX	231870	0	0.5	25
	chrIX	231903	1	0.5	25
	chrIX	231915	0	0.5	25
	chrIX	231918	0	0.5	25
	chrIX	231925	0	0.5	25
	chrIX	231936	0	0.5	24
	chrIX	231938	0	0.5	25
	chrIX	231962	1	0.5	25
	chrIX	231970	1	0.5	25
	chrIX	231976	1	0.5	25
	chrIX	231987	1	0.5	25
	chrIX	231995	1	0.5	25
	chrIX	232015	1	0.5	25
	chrIX	232018	1	0.5	25
	chrIX	232019	0	0.5	25
	chrIX	232027	0	0.5	25
	chrIX	232038	0	0.5	25
	chrIX	232064	0	0.5	25
	chrIX	232087	1	0.5	25
	chrIX	232090	0	0.5	25
	chrIX	232098	0	1.0	25
	chrIX	232104	1	0.5	25
	chrIX	232113	0	0.5	25
	chrIX	232131	0	0.5	25
	chrIX	232137	0	0.5	25
	chrIX	232147	1	0.5	25
	chrIX	232161	1	0.5	25
	chrIX	232168	0	0.5	25
	chrIX	232170	0	0.5	25
	chrIX	232175	1	0.5	25
	chrIX	232184	0	1.0	25
	chrIX	232193	0	0.5	25
	chrIX	232193	1	1.5	25
	chrIX	232208	1	1.0	25
	chrIX	232223	1	0.5	25
	chrIX	232229	1	0.5	25
	chrIX	232249	0	0.5	25
	chrIX	232281	0	0.5	25
	chrIX	232321	1	0.5	25
	chrIX	232352	0	0.5	25
	chrIX	232372	1	0.5	25
	chrIX	232410	0	0.5	25
	chrIX	232417	1	0.5	24
	chrIX	232420	0	0.5	25
	chrIX	232429	0	0.5	25
	chrIX	232448	1	0.5	25
	chrIX	232449	0	0.5	25
	chrIX	232458	1	0.5	25
	chrIX	232464	0	0.5	25
	chrIX	232475	1	0.5	25
	chrIX	232482	1	0.5	25
	chrIX	232483	0	1.0	25
	chrIX	232492	1	0.5	25
	chrIX	232499	0	0.5	25
	chrIX	232505	0	0.5	25
	chrIX	232518	0	1.0	25
	chrIX	232532	1	0.5	25
	chrIX	232539	1	0.5	25
	chrIX	232542	0	0.5	25
	chrIX	232551	0	0.5	25
	chrIX	232553	0	0.5	25
	chrIX	232553	1	0.5	25
	chrIX	232562	1	0.5	25
	chrIX	232567	0	0.5	25
	chrIX	232571	1	0.5	25
	chrIX	232573	1	0.5	25
	chrIX	232585	1	1.5	25
	chrIX	232586	0	1.5	25
	chrIX	232598	1	1.0	25
	chrIX	232638	1	0.5	25
	chrIX	232644	1	0.5	25
	chrIX	232646	0	0.5	24
	chrIX	232653	0	0.5	25
	chrIX	232657	0	0.5	25
	chrIX	232661	1	0.5	25
	chrIX	232662	0	0.5	25
	chrIX	232679	0	0.5	25
	chrIX	232682	1	0.5	25
	chrIX	232687	1	0.5	25
	chrIX	232688	0	0.5	25
	chrIX	232688	1	0.5	25
	chrIX	232695	0	0.5	25
	chrIX	232707	1	0.5	25
	chrIX	232720	0	1.0	25
	chrIX	232730	1	0.5	25
	chrIX	232756	1	0.5	25
	chrIX	232766	1	0.5	25
	chrIX	232767	0	0.5	25
	chrIX	232773	0	0.5	25
	chrIX	232786	1	0.5	25
	chrIX	232799	1	1.0	25
	chrIX	232807	0	0.5	25
	chrIX	232808	0	1.0	25
	chrIX	232813	0	1.0	25
	chrIX	232814	0	0.5	25
	chrIX	232843	0	0.5	25
	chrIX	232867	0	0.5	25
	chrIX	232871	1	1.5	25
	chrIX	232872	1	0.5	25
	chrIX	232881	1	1.0	25
	chrIX	232886	1	0.5	25
	chrIX	232887	0	0.5	25
	chrIX	232905	0	0.5	25
	chrIX	232909	0	1.0	25
	chrIX	232912	1	0.5	25
	chrIX	232915	1	0.5	25
	chrIX	232916	0	0.5	25
	chrIX	232927	1	0.5	25
	chrIX	232934	1	0.5	25
	chrIX	232935	0	0.5	25
	chrIX	232968	1	0.5	25
	chrIX	232973	0	0.5	25
	chrIX	232994	1	0.5	25
	chrIX	233007	1	0.5	25
	chrIX	233014	0	0.5	25
	chrIX	233033	1	1.0	25
	chrIX	233051	0	0.5	25
	chrIX	233053	0	1.0	25
	chrIX	233061	0	0.5	25
	chrIX	233075	1	0.5	25
	chrIX	233076	0	0.5	25
	chrIX	233089	1	1.0	25
	chrIX	233099	0	0.5	25
	chrIX	233128	0	0.5	25
	chrIX	233134	1	0.5	25
	chrIX	233174	0	0.5	25
	chrIX	233191	1	0.5	25
	chrIX	233211	1	0.5	25
	chrIX	233214	0	0.5	25
	chrIX	233235	0	1.0	25
	chrIX	233238	1	0.5	25
	chrIX	233241	1	0.5	25
	chrIX	233251	0	1.5	25
	chrIX	233258	1	0.5	25
	chrIX	233259	0	0.5	25
	chrIX	233263	0	1.5	25
	chrIX	233280	0	0.5	25
	chrIX	233290	0	0.5	25
	chrIX	233299	1	0.5	25
	chrIX	233326	1	0.5	25
	chrIX	233345	1	0.5	25
	chrIX	233349	0	0.5	25
	chrIX	233381	1	1.0	25
	chrIX	233386	1	1.0	25
	chrIX	233413	0	0.5	25
	chrIX	233427	1	1.5	25
	chrIX	233429	1	1.5	25
	chrIX	233437	1	0.5	25
	chrIX	233438	0	0.5	25
	chrIX	233449	0	0.5	25
	chrIX	233451	0	0.5	25
	chrIX	233479	1	0.5	25
	chrIX	233484	0	0.5	25
	chrIX	233484	1	0.5	25
	chrIX	233492	0	0.5	25
	chrIX	233512	0	0.5	25
	chrIX	233512	1	0.5	25
	chrIX	233516	1	0.5	25
	chrIX	233517	0	1.0	25
	chrIX	233519	1	0.5	25
	chrIX	233536	1	0.5	25
	chrIX	233558	0	0.5	25
	chrIX	233563	1	0.5	25
	chrIX	233577	0	0.5	25
	chrIX	233589	1	1.0	25
	chrIX	233612	1	0.5	25
	chrIX	233618	1	0.5	25
	chrIX	233626	0	0.5	25
	chrIX	233627	0	0.5	25
	chrIX	233631	0	0.5	25
	chrIX	233673	1	0.5	25
	chrIX	233688	0	1.0	25
	chrIX	233699	1	0.5	25
	chrIX	233703	1	0.5	25
	chrIX	233731	0	0.5	25
	chrIX	233744	0	0.5	25
	chrIX	233755	1	0.5	25
	chrIX	233774	0	0.5	25
	chrIX	233778	1	0.5	25
	chrIX	233779	0	0.5	25
	chrIX	233797	0	0.5	25
	chrIX	233798	1	0.5	25
	chrIX	233801	1	0.5	25
	chrIX	233803	0	0.5	25
	chrIX	233826	1	0.5	25
	chrIX	233879	1	0.5	25
	chrIX	233911	0	0.5	25
	chrIX	233914	0	0.5	25
	chrIX	233945	0	0.5	25
	chrIX	233974	1	0.5	25
	chrIX	233978	1	0.5	25
	chrIX	234002	1	0.5	25
	chrIX	234019	0	0.5	25
	chrIX	234032	0	0.5	25
	chrIX	234045	0	0.5	25
	chrIX	234053	0	0.5	25
	chrIX	234078	1	1.5	25
	chrIX	234088	0	1.0	25
	chrIX	234104	1	0.5	25
	chrIX	234123	0	0.5	25
	chrIX	234126	1	0.5	25
	chrIX	234128	0	0.5	25
	chrIX	234132	1	0.5	25
	chrIX	234144	0	0.5	25
	chrIX	234183	1	0.5	25
	chrIX	234197	1	0.5	25
	chrIX	234218	1	0.5	25
	chrIX	234219	1	1.0	25
	chrIX	234220	0	0.5	25
	chrIX	234222	0	0.5	25
	chrIX	234271	1	0.5	25
	chrIX	234288	1	0.5	24
	chrIX	234290	0	0.5	25
	chrIX	234305	1	0.5	25
	chrIX	234322	0	0.5	25
	chrIX	234338	0	0.5	25
	chrIX	234371	0	0.5	25
	chrIX	234400	0	0.5	25
	chrIX	234412	1	0.5	25
	chrIX	234428	0	0.5	25
	chrIX	234445	0	0.5	25
	chrIX	234445	1	0.5	25
	chrIX	234459	1	0.5	25
	chrIX	234467	0	0.5	25
	chrIX	234502	1	0.5	25
	chrIX	234517	0	0.5	25
	chrIX	234526	1	0.5	25
	chrIX	234552	1	0.5	25
	chrIX	234556	1	0.5	25
	chrIX	234557	1	0.5	25
	chrIX	234589	0	0.5	25
	chrIX	234629	0	0.5	25
	chrIX	234636	1	0.5	25
	chrIX	234645	0	0.5	25
	chrIX	234647	0	0.5	25
	chrIX	234647	1	0.5	25
	chrIX	234649	0	0.5	25
	chrIX	234651	0	0.5	25
	chrIX	234687	0	0.5	25
	chrIX	234692	1	0.5	25
	chrIX	234704	1	0.5	25
	chrIX	234718	1	1.0	25
	chrIX	234722	0	1.0	25
	chrIX	234744	1	0.5	25
	chrIX	234763	0	0.5	25
	chrIX	234783	0	0.5	25
	chrIX	234794	0	0.5	25
	chrIX	234799	0	0.5	25
	chrIX	234809	1	0.5	25
	chrIX	234815	1	0.5	25
	chrIX	234840	0	0.5	25
	chrIX	234845	1	0.5	25
	chrIX	234854	1	0.5	25
	chrIX	234867	0	0.5	25
	chrIX	234868	1	0.5	25
	chrIX	234875	1	1.0	25
	chrIX	234899	0	1.0	25
	chrIX	234905	0	0.5	25
	chrIX	234916	1	0.5	25
	chrIX	234952	1	0.5	25
	chrIX	234957	0	0.5	25
	chrIX	234982	1	0.5	25
	chrIX	235020	1	1.0	25
	chrIX	235031	1	0.5	25
	chrIX	235126	0	1.0	25
	chrIX	235137	0	0.5	25
	chrIX	235139	0	0.5	25
	chrIX	235167	0	0.5	25
	chrIX	235180	0	0.5	25
	chrIX	235196	0	1.0	25
	chrIX	235205	0	0.5	25
	chrIX	235208	0	1.0	25
	chrIX	235210	1	0.5	25
	chrIX	235211	0	0.5	25
	chrIX	235216	0	1.0	25
	chrIX	235230	1	1.0	25
	chrIX	235233	0	0.5	25
	chrIX	235236	1	1.0	25
	chrIX	235237	0	0.5	25
	chrIX	235238	0	0.5	25
	chrIX	235239	1	0.5	25
	chrIX	235259	1	1.0	25
	chrIX	235263	1	0.5	25
	chrIX	235309	1	1.0	25
	chrIX	235328	1	0.5	25
	chrIX	235347	0	1.0	25
	chrIX	235382	1	0.5	25
	chrIX	235386	0	0.5	25
	chrIX	235399	0	0.5	25
	chrIX	235400	1	1.0	25
	chrIX	235411	1	0.5	25
	chrIX	235422	1	1.0	25
	chrIX	235436	0	0.5	25
	chrIX	235456	0	0.5	25
	chrIX	235464	0	1.0	25
	chrIX	235496	0	0.5	25
	chrIX	235521	0	0.5	25
	chrIX	235523	1	0.5	25
	chrIX	235525	1	1.0	25
	chrIX	235542	0	1.0	25
	chrIX	235550	0	0.5	25
	chrIX	235553	0	1.5	25
	chrIX	235553	1	0.5	25
	chrIX	235554	0	4.0	25
	chrIX	235555	0	3.0	25
	chrIX	235562	0	0.5	25
	chrIX	235564	0	0.5	25
	chrIX	235565	1	1.0	25
	chrIX	235568	0	1.0	25
	chrIX	235571	0	5.5	25
	chrIX	235575	1	0.5	25
	chrIX	235577	0	1.0	25
	chrIX	235578	0	1.0	25
	chrIX	235580	0	0.5	25
	chrIX	235582	1	0.5	25
	chrIX	235583	0	1.0	25
	chrIX	235584	0	3.0	25
	chrIX	235585	0	0.5	25
	chrIX	235586	1	0.5	25
	chrIX	235589	0	0.5	25
	chrIX	235592	0	1.0	25
	chrIX	235595	0	0.5	23
	chrIX	235607	1	1.0	25
	chrIX	235608	0	0.5	25
	chrIX	235608	1	0.5	25
	chrIX	235609	0	0.5	25
	chrIX	235617	1	0.5	25
	chrIX	235622	1	1.5	25
	chrIX	235623	1	1.0	25
	chrIX	235633	1	0.5	25
	chrIX	235636	1	4.5	25
	chrIX	235637	0	0.5	25
	chrIX	235637	1	0.5	25
	chrIX	235643	1	0.5	25
	chrIX	235645	1	1.5	25
	chrIX	235646	1	4.5	25
	chrIX	235647	1	3.0	25
	chrIX	235648	1	0.5	25
	chrIX	235649	1	1.0	25
	chrIX	235653	1	0.5	25
	chrIX	235655	0	0.5	25
	chrIX	235655	1	1.0	25
	chrIX	235656	0	1.0	25
	chrIX	235656	1	0.5	25
	chrIX	235663	1	0.5	25
	chrIX	235664	1	0.5	25
	chrIX	235665	1	0.5	25
	chrIX	235666	0	0.5	25
	chrIX	235666	1	1.5	25
	chrIX	235667	1	0.5	25
	chrIX	235702	1	0.5	25
	chrIX	235704	1	0.5	25
	chrIX	235707	0	0.5	25
	chrIX	235712	0	0.5	25
	chrIX	235724	1	1.0	25
	chrIX	235726	0	0.5	25
	chrIX	235730	1	0.5	25
	chrIX	235731	0	0.5	25
	chrIX	235742	1	0.5	25
	chrIX	235750	0	0.5	25
	chrIX	235754	0	0.5	25
	chrIX	235760	1	0.5	25
	chrIX	235773	1	0.5	25
	chrIX	235785	0	0.5	25
	chrIX	235791	1	1.5	25
	chrIX	235801	1	0.5	25
	chrIX	235816	0	0.5	25
	chrIX	235821	0	0.5	25
	chrIX	235871	1	0.5	25
	chrIX	235880	1	0.5	25
	chrIX	235886	1	0.5	25
	chrIX	235889	1	0.5	25
	chrIX	235920	0	0.5	25
	chrIX	235972	1	0.5	25
	chrIX	235978	0	0.5	25
	chrIX	235999	0	1.0	25
	chrIX	236028	0	0.5	25
	chrIX	236031	0	0.5	25
	chrIX	236054	0	0.5	25
	chrIX	236078	0	0.5	25
	chrIX	236091	0	0.5	25
	chrIX	236104	0	0.5	25
	chrIX	236111	1	1.0	25
	chrIX	236112	0	0.5	25
	chrIX	236124	1	0.5	25
	chrIX	236126	1	0.5	25
	chrIX	236135	1	0.5	25
	chrIX	236146	1	0.5	25
	chrIX	236166	1	0.5	25
	chrIX	236170	0	0.5	25
	chrIX	236173	1	0.5	25
	chrIX	236185	1	0.5	25
	chrIX	236201	1	0.5	25
	chrIX	236226	1	0.5	25
	chrIX	236232	0	0.5	25
	chrIX	236271	1	0.5	25
	chrIX	236298	0	0.5	25
	chrIX	236313	0	0.5	25
	chrIX	236332	0	1.0	25
	chrIX	236346	0	0.5	25
	chrIX	236376	1	0.5	25
	chrIX	236378	1	0.5	25
	chrIX	236418	1	1.0	25
	chrIX	236424	0	0.5	25
	chrIX	236436	0	0.5	25
	chrIX	236437	1	0.5	25
	chrIX	236466	0	0.5	25
	chrIX	236472	0	1.0	25
	chrIX	236487	1	0.5	25
	chrIX	236501	0	0.5	25
	chrIX	236502	0	1.0	25
	chrIX	236508	1	0.5	25
	chrIX	236535	0	0.5	25
	chrIX	236546	1	0.5	25
	chrIX	236547	0	1.0	25
	chrIX	236557	1	1.0	25
	chrIX	236562	0	0.5	25
	chrIX	236563	1	0.5	25
	chrIX	236565	1	0.5	25
	chrIX	236568	0	0.5	25
	chrIX	236583	0	0.5	25
	chrIX	236605	1	0.5	25
	chrIX	236612	1	1.0	25
	chrIX	236613	0	1.0	25
	chrIX	236619	0	0.5	25
	chrIX	236636	1	0.5	25
	chrIX	236638	1	0.5	25
	chrIX	236640	1	0.5	25
	chrIX	236649	1	0.5	25
	chrIX	236659	1	0.5	25
	chrIX	236670	1	0.5	25
	chrIX	236675	0	0.5	25
	chrIX	236681	1	0.5	25
	chrIX	236685	0	0.5	25
	chrIX	236705	0	0.5	25
	chrIX	236710	0	0.5	25
	chrIX	236720	0	1.0	25
	chrIX	236750	1	0.5	25
	chrIX	236771	1	1.0	25
	chrIX	236775	1	0.5	25
	chrIX	236781	0	0.5	25
	chrIX	236784	1	1.0	25
	chrIX	236799	0	0.5	25
	chrIX	236849	1	0.5	25
	chrIX	236865	0	1.0	25
	chrIX	236897	0	0.5	25
	chrIX	236957	0	0.5	25
	chrIX	236959	0	0.5	25
	chrIX	236964	0	0.5	25
	chrIX	236988	0	0.5	25
	chrIX	236990	1	0.5	25
	chrIX	236995	0	1.0	25
	chrIX	237037	1	0.5	25
	chrIX	237039	1	1.0	25
	chrIX	237040	0	0.5	25
	chrIX	237040	1	0.5	25
	chrIX	237044	1	0.5	25
	chrIX	237051	1	0.5	25
	chrIX	237062	0	0.5	25
	chrIX	237073	1	0.5	25
	chrIX	237092	1	0.5	25
	chrIX	237107	0	0.5	25
	chrIX	237128	1	0.5	25
	chrIX	237140	0	0.5	25
	chrIX	237149	0	0.5	25
	chrIX	237168	0	0.5	25
	chrIX	237173	1	0.5	25
	chrIX	237174	0	0.5	25
	chrIX	237177	1	0.5	25
	chrIX	237199	0	1.0	25
	chrIX	237208	0	0.5	25
	chrIX	237212	1	0.5	25
	chrIX	237220	1	0.5	25
	chrIX	237255	1	0.5	25
	chrIX	237284	0	0.5	25
	chrIX	237285	1	1.0	25
	chrIX	237288	0	0.5	25
	chrIX	237289	0	0.5	25
	chrIX	237290	0	1.0	25
	chrIX	237336	1	0.5	25
	chrIX	237337	1	0.5	25
	chrIX	237338	1	1.0	25
	chrIX	237342	0	0.5	25
	chrIX	237342	1	0.5	25
	chrIX	237348	1	0.5	25
	chrIX	237364	1	0.5	25
	chrIX	237384	0	0.5	25
	chrIX	237387	1	0.5	25
	chrIX	237390	0	0.5	25
	chrIX	237402	0	0.5	25
	chrIX	237403	0	0.5	25
	chrIX	237414	1	0.5	25
	chrIX	237444	1	0.5	25
	chrIX	237460	1	0.5	25
	chrIX	237465	1	0.5	25
	chrIX	237486	0	0.5	25
	chrIX	237488	0	0.5	25
	chrIX	237490	1	0.5	25
	chrIX	237543	0	0.5	25
	chrIX	237547	0	0.5	25
	chrIX	237554	1	0.5	25
	chrIX	237555	0	0.5	25
	chrIX	237557	0	1.0	25
	chrIX	237559	1	0.5	25
	chrIX	237592	1	0.5	25
	chrIX	237593	0	1.0	25
	chrIX	237606	1	0.5	25
	chrIX	237607	1	0.5	25
	chrIX	237609	0	1.0	25
	chrIX	237636	0	0.5	25
	chrIX	237651	1	0.5	25
	chrIX	237662	0	0.5	25
	chrIX	237668	1	1.0	25
	chrIX	237675	1	1.0	25
	chrIX	237693	0	1.5	25
	chrIX	237709	0	0.5	25
	chrIX	237720	1	0.5	25
	chrIX	237725	1	0.5	25
	chrIX	237740	0	0.5	25
	chrIX	237767	1	0.5	25
	chrIX	237776	0	0.5	25
	chrIX	237819	1	0.5	25
	chrIX	237823	0	0.5	25
	chrIX	237829	0	1.0	25
	chrIX	237831	0	0.5	25
	chrIX	237832	0	1.0	25
	chrIX	237832	1	0.5	25
	chrIX	237833	0	0.5	25
	chrIX	237835	0	0.5	25
	chrIX	237843	0	1.5	25
	chrIX	237855	0	2.0	25
	chrIX	237860	0	0.5	25
	chrIX	237862	0	1.0	25
	chrIX	237863	0	1.0	25
	chrIX	237864	0	4.0	25
	chrIX	237869	0	0.5	25
	chrIX	237871	0	0.5	25
	chrIX	237872	1	1.0	25
	chrIX	237873	0	1.0	25
	chrIX	237880	1	1.5	25
	chrIX	237881	0	0.5	25
	chrIX	237883	1	0.5	25
	chrIX	237886	0	1.0	25
	chrIX	237886	1	0.5	25
	chrIX	237887	0	0.5	25
	chrIX	237894	0	1.0	25
	chrIX	237894	1	0.5	25
	chrIX	237912	1	0.5	25
	chrIX	237915	1	1.5	25
	chrIX	237921	1	0.5	25
	chrIX	237925	1	0.5	25
	chrIX	237926	1	0.5	25
	chrIX	237927	1	0.5	25
	chrIX	237929	1	0.5	25
	chrIX	237933	1	0.5	25
	chrIX	237934	0	0.5	25
	chrIX	237934	1	3.5	25
	chrIX	237935	0	0.5	25
	chrIX	237935	1	1.5	25
	chrIX	237937	1	1.0	25
	chrIX	237938	1	0.5	25
	chrIX	237942	1	1.0	25
	chrIX	237943	1	0.5	25
	chrIX	237945	0	0.5	25
	chrIX	237952	1	0.5	25
	chrIX	237953	1	1.0	25
	chrIX	237954	0	0.5	25
	chrIX	237957	1	0.5	25
	chrIX	237958	1	0.5	25
	chrIX	237963	0	0.5	25
	chrIX	237974	1	0.5	25
	chrIX	237991	1	1.0	25
	chrIX	237999	1	0.5	25
	chrIX	238005	0	0.5	25
	chrIX	238019	1	0.5	25
	chrIX	238029	1	0.5	25
	chrIX	238030	1	0.5	25
	chrIX	238032	0	1.0	25
	chrIX	238070	0	0.5	25
	chrIX	238090	1	0.5	25
	chrIX	238103	0	0.5	25
	chrIX	238108	1	1.0	25
	chrIX	238110	1	0.5	25
	chrIX	238116	0	0.5	25
	chrIX	238118	0	0.5	25
	chrIX	238156	1	0.5	25
	chrIX	238157	0	0.5	25
	chrIX	238183	1	0.5	25
	chrIX	238190	0	0.5	25
	chrIX	238190	1	0.5	25
	chrIX	238196	0	0.5	25
	chrIX	238239	0	0.5	25
	chrIX	238253	1	0.5	25
	chrIX	238264	1	0.5	25
	chrIX	238265	1	0.5	25
	chrIX	238270	1	0.5	25
	chrIX	238285	1	0.5	25
	chrIX	238297	0	0.5	25
	chrIX	238309	0	0.5	25
	chrIX	238325	0	0.5	25
	chrIX	238343	0	1.5	25
	chrIX	238372	1	0.5	25
	chrIX	238374	1	0.5	25
	chrIX	238421	0	0.5	25
	chrIX	238442	0	0.5	25
	chrIX	238443	0	0.5	25
	chrIX	238445	0	0.5	25
	chrIX	238448	1	0.5	25
	chrIX	238452	0	0.5	25
	chrIX	238470	1	1.5	25
	chrIX	238472	1	0.5	25
	chrIX	238482	0	0.5	25
	chrIX	238485	0	0.5	25
	chrIX	238493	1	0.5	25
	chrIX	238503	1	0.5	25
	chrIX	238521	0	1.0	25
	chrIX	238527	0	0.5	25
	chrIX	238531	1	0.5	25
	chrIX	238546	1	0.5	25
	chrIX	238567	1	0.5	25
	chrIX	238598	1	0.5	25
	chrIX	238617	1	0.5	25
	chrIX	238648	0	0.5	25
	chrIX	238651	0	0.5	25
	chrIX	238690	1	1.0	25
	chrIX	238697	0	0.5	25
	chrIX	238700	0	0.5	25
	chrIX	238708	1	0.5	25
	chrIX	238717	1	0.5	25
	chrIX	238734	0	0.5	25
	chrIX	238735	0	0.5	25
	chrIX	238738	0	0.5	25
	chrIX	238741	0	0.5	25
	chrIX	238754	0	0.5	25
	chrIX	238772	1	0.5	25
	chrIX	238780	0	0.5	25
	chrIX	238786	0	0.5	25
	chrIX	238797	0	0.5	25
	chrIX	238834	0	0.5	25
	chrIX	238851	1	0.5	25
	chrIX	238853	1	0.5	25
	chrIX	238855	1	0.5	25
	chrIX	238857	0	0.5	25
	chrIX	238866	1	0.5	25
	chrIX	238875	0	1.0	25
	chrIX	238882	1	0.5	25
	chrIX	238893	1	0.5	25
	chrIX	238899	1	0.5	25
	chrIX	238902	1	0.5	25
	chrIX	238903	0	0.5	25
	chrIX	238914	1	0.5	25
	chrIX	238924	0	0.5	25
	chrIX	238941	1	0.5	25
	chrIX	238947	0	0.5	25
	chrIX	238974	1	1.0	25
	chrIX	238986	1	0.5	25
	chrIX	238989	1	0.5	25
	chrIX	239034	1	0.5	25
	chrIX	239045	0	0.5	25
	chrIX	239071	0	1.0	25
	chrIX	239099	1	0.5	25
	chrIX	239142	0	0.5	25
	chrIX	239145	0	0.5	25
	chrIX	239145	1	0.5	25
	chrIX	239220	0	0.5	25
	chrIX	239227	1	0.5	25
	chrIX	239241	0	0.5	25
	chrIX	239242	1	1.0	25
	chrIX	239248	0	1.0	25
	chrIX	239262	0	0.5	25
	chrIX	239276	0	0.5	25
	chrIX	239283	0	0.5	25
	chrIX	239313	1	1.0	25
	chrIX	239316	1	0.5	25
	chrIX	239320	1	0.5	25
	chrIX	239327	0	1.0	25
	chrIX	239329	1	0.5	23
	chrIX	239341	1	0.5	25
	chrIX	239358	0	0.5	25
	chrIX	239403	1	0.5	25
	chrIX	239410	1	1.0	25
	chrIX	239441	0	0.5	25
	chrIX	239446	0	0.5	25
	chrIX	239449	0	0.5	25
	chrIX	239452	1	0.5	25
	chrIX	239478	0	0.5	25
	chrIX	239478	1	0.5	25
	chrIX	239504	0	0.5	25
	chrIX	239515	1	0.5	25
	chrIX	239538	1	0.5	25
	chrIX	239541	0	0.5	25
	chrIX	239546	1	0.5	25
	chrIX	239560	0	0.5	25
	chrIX	239577	0	0.5	25
	chrIX	239595	1	0.5	25
	chrIX	239603	1	0.5	25
	chrIX	239621	1	0.5	25
	chrIX	239679	1	0.5	25
	chrIX	239712	0	0.5	25
	chrIX	239748	1	0.5	25
	chrIX	239756	0	0.5	25
	chrIX	239771	0	0.5	25
	chrIX	239807	1	0.5	25
	chrIX	239826	0	0.5	25
	chrIX	239829	1	0.5	25
	chrIX	239846	1	0.5	25
	chrIX	239869	0	0.5	25
	chrIX	239906	0	0.5	25
	chrIX	239949	1	0.5	25
	chrIX	239981	0	0.5	25
	chrIX	239987	1	0.5	25
	chrIX	240036	0	0.5	25
	chrIX	240051	0	0.5	25
	chrIX	240053	0	0.5	25
	chrIX	240072	1	0.5	25
	chrIX	240110	1	0.5	25
	chrIX	240120	1	0.5	25
	chrIX	240125	0	0.5	25
	chrIX	240125	1	0.5	25
	chrIX	240137	0	0.5	25
	chrIX	240164	0	0.5	25
	chrIX	240170	1	0.5	25
	chrIX	240190	1	0.5	25
	chrIX	240196	0	0.5	25
	chrIX	240203	0	0.5	25
	chrIX	240234	1	0.5	25
	chrIX	240252	1	0.5	25
	chrIX	240257	1	0.5	25
	chrIX	240279	1	0.5	25
	chrIX	240280	0	0.5	25
	chrIX	240282	0	1.0	25
	chrIX	240284	0	1.0	25
	chrIX	240327	1	0.5	25
	chrIX	240345	0	0.5	25
	chrIX	240360	1	0.5	25
	chrIX	240367	0	1.5	25
	chrIX	240400	0	0.5	25
	chrIX	240415	1	0.5	25
	chrIX	240440	0	0.5	25
	chrIX	240441	1	0.5	25
	chrIX	240446	1	0.5	25
	chrIX	240447	1	1.0	25
	chrIX	240452	1	0.5	25
	chrIX	240467	1	0.5	25
	chrIX	240502	0	1.0	25
	chrIX	240512	1	0.5	25
	chrIX	240547	1	1.0	25
	chrIX	240550	1	0.5	25
	chrIX	240614	0	0.5	25
	chrIX	240630	0	0.5	25
	chrIX	240648	0	0.5	25
	chrIX	240680	0	0.5	25
	chrIX	240688	1	0.5	25
	chrIX	240693	1	0.5	25
	chrIX	240704	1	0.5	25
	chrIX	240758	1	0.5	25
	chrIX	240759	0	0.5	25
	chrIX	240775	0	0.5	25
	chrIX	240776	0	0.5	25
	chrIX	240832	1	0.5	25
	chrIX	240834	0	0.5	25
	chrIX	240836	0	0.5	25
	chrIX	240837	0	0.5	25
	chrIX	240877	0	0.5	25
	chrIX	240877	1	0.5	25
	chrIX	240896	0	0.5	25
	chrIX	240899	0	0.5	25
	chrIX	240908	0	0.5	25
	chrIX	240914	1	0.5	25
	chrIX	240929	0	0.5	25
	chrIX	240929	1	1.0	25
	chrIX	240931	0	0.5	25
	chrIX	240934	0	1.0	25
	chrIX	240936	1	0.5	25
	chrIX	240938	0	0.5	25
	chrIX	240973	1	0.5	25
	chrIX	240975	1	0.5	25
	chrIX	240977	1	0.5	25
	chrIX	240995	1	1.0	25
	chrIX	240998	1	0.5	25
	chrIX	241007	1	1.5	25
	chrIX	241060	0	0.5	25
	chrIX	241076	0	0.5	25
	chrIX	241115	1	0.5	25
	chrIX	241121	0	0.5	25
	chrIX	241163	0	0.5	25
	chrIX	241187	0	0.5	25
	chrIX	241192	0	0.5	25
	chrIX	241210	1	0.5	25
	chrIX	241211	0	0.5	25
	chrIX	241235	0	0.5	25
	chrIX	241235	1	0.5	25
	chrIX	241241	0	0.5	25
	chrIX	241244	0	1.0	25
	chrIX	241249	0	0.5	25
	chrIX	241262	1	0.5	25
	chrIX	241271	0	0.5	25
	chrIX	241272	1	1.5	25
	chrIX	241279	1	0.5	25
	chrIX	241282	0	0.5	25
	chrIX	241288	1	0.5	25
	chrIX	241295	1	0.5	25
	chrIX	241312	1	0.5	25
	chrIX	241326	1	0.5	25
	chrIX	241395	1	0.5	25
	chrIX	241400	1	0.5	25
	chrIX	241468	0	0.5	25
	chrIX	241480	0	0.5	25
	chrIX	241486	0	0.5	25
	chrIX	241513	1	0.5	25
	chrIX	241550	1	0.5	25
	chrIX	241551	0	0.5	25
	chrIX	241566	1	0.5	25
	chrIX	241579	0	0.5	25
	chrIX	241588	0	0.5	25
	chrIX	241617	0	0.5	25
	chrIX	241626	0	0.5	25
	chrIX	241658	0	0.5	25
	chrIX	241665	1	0.5	25
	chrIX	241691	1	0.5	25
	chrIX	241694	1	0.5	25
	chrIX	241719	0	1.0	25
	chrIX	241722	1	0.5	25
	chrIX	241732	0	0.5	25
	chrIX	241742	1	0.5	25
	chrIX	241790	0	0.5	25
	chrIX	241802	1	1.0	25
	chrIX	241804	1	0.5	25
	chrIX	241836	0	0.5	25
	chrIX	241837	0	1.0	25
	chrIX	241842	0	0.5	25
	chrIX	241846	0	0.5	25
	chrIX	241848	0	0.5	25
	chrIX	241858	0	1.0	25
	chrIX	241865	0	1.0	25
	chrIX	241866	0	0.5	25
	chrIX	241880	0	1.0	25
	chrIX	241884	0	1.5	25
	chrIX	241892	0	0.5	25
	chrIX	241896	1	0.5	25
	chrIX	241897	0	1.0	25
	chrIX	241905	1	0.5	25
	chrIX	241920	1	1.0	25
	chrIX	241921	0	1.0	25
	chrIX	241922	0	1.5	25
	chrIX	241924	0	0.5	25
	chrIX	241930	1	0.5	25
	chrIX	241936	1	0.5	25
	chrIX	241937	1	0.5	25
	chrIX	241944	1	1.0	25
	chrIX	241947	0	1.0	25
	chrIX	241948	1	0.5	25
	chrIX	241952	0	0.5	25
	chrIX	241965	1	0.5	25
	chrIX	241966	1	0.5	25
	chrIX	241975	1	0.5	25
	chrIX	241980	1	1.0	25
	chrIX	241981	0	0.5	25
	chrIX	241981	1	2.0	25
	chrIX	241982	1	1.0	25
	chrIX	241983	0	0.5	25
	chrIX	241990	1	0.5	25
	chrIX	241993	1	1.0	25
	chrIX	241994	1	0.5	25
	chrIX	241995	0	1.0	25
	chrIX	242015	0	0.5	25
	chrIX	242020	0	0.5	25
	chrIX	242022	1	0.5	25
	chrIX	242035	1	0.5	25
	chrIX	242070	1	0.5	25
	chrIX	242072	0	1.0	25
	chrIX	242090	1	1.0	25
	chrIX	242129	1	1.0	25
	chrIX	242130	0	1.0	25
	chrIX	242144	0	0.5	25
	chrIX	242148	1	0.5	25
	chrIX	242150	0	0.5	25
	chrIX	242154	1	0.5	25
	chrIX	242155	1	1.5	25
	chrIX	242179	1	0.5	25
	chrIX	242189	1	1.0	25
	chrIX	242190	1	0.5	25
	chrIX	242195	0	1.0	25
	chrIX	242212	1	0.5	25
	chrIX	242223	0	0.5	25
	chrIX	242243	0	1.0	25
	chrIX	242275	0	0.5	25
	chrIX	242298	1	1.5	25
	chrIX	242301	0	0.5	25
	chrIX	242305	0	0.5	25
	chrIX	242379	0	0.5	25
	chrIX	242400	1	0.5	25
	chrIX	242409	0	0.5	25
	chrIX	242440	0	0.5	25
	chrIX	242458	0	1.0	25
	chrIX	242468	0	0.5	25
	chrIX	242469	0	0.5	25
	chrIX	242475	1	0.5	25
	chrIX	242494	1	0.5	25
	chrIX	242496	0	1.5	25
	chrIX	242503	1	0.5	25
	chrIX	242505	1	0.5	25
	chrIX	242514	1	1.5	25
	chrIX	242516	1	1.5	25
	chrIX	242517	0	0.5	25
	chrIX	242538	1	0.5	25
	chrIX	242580	0	0.5	25
	chrIX	242580	1	1.5	25
	chrIX	242597	0	0.5	25
	chrIX	242608	0	0.5	25
	chrIX	242608	1	0.5	25
	chrIX	242620	0	0.5	25
	chrIX	242629	0	0.5	25
	chrIX	242630	1	0.5	25
	chrIX	242634	0	0.5	25
	chrIX	242645	0	0.5	25
	chrIX	242651	1	0.5	25
	chrIX	242653	0	0.5	25
	chrIX	242676	1	0.5	25
	chrIX	242685	1	0.5	25
	chrIX	242690	0	0.5	25
	chrIX	242700	1	0.5	25
	chrIX	242723	1	0.5	25
	chrIX	242730	0	0.5	25
	chrIX	242734	1	0.5	25
	chrIX	242756	1	0.5	25
	chrIX	242758	0	0.5	25
	chrIX	242766	0	0.5	25
	chrIX	242778	1	0.5	25
	chrIX	242791	0	0.5	25
	chrIX	242826	1	0.5	25
	chrIX	242848	1	0.5	25
	chrIX	242852	1	0.5	25
	chrIX	242855	1	0.5	25
	chrIX	242860	0	0.5	25
	chrIX	242897	0	0.5	25
	chrIX	242929	0	0.5	25
	chrIX	242947	0	0.5	25
	chrIX	242948	0	0.5	25
	chrIX	242960	0	0.5	25
	chrIX	242961	0	0.5	25
	chrIX	242997	1	0.5	25
	chrIX	243002	1	0.5	25
	chrIX	243003	0	0.5	25
	chrIX	243008	1	0.5	25
	chrIX	243013	1	0.5	25
	chrIX	243026	1	0.5	25
	chrIX	243031	0	0.5	25
	chrIX	243045	1	0.5	25
	chrIX	243079	1	0.5	25
	chrIX	243099	1	0.5	25
	chrIX	243102	0	0.5	25
	chrIX	243157	1	0.5	25
	chrIX	243162	0	0.5	25
	chrIX	243211	1	0.5	25
	chrIX	243265	0	0.5	25
	chrIX	243301	1	0.5	25
	chrIX	243333	1	0.5	25
	chrIX	243374	0	0.5	25
	chrIX	243415	0	0.5	25
	chrIX	243443	1	0.5	25
	chrIX	243456	1	0.5	25
	chrIX	243463	0	0.5	25
	chrIX	243527	1	0.5	25
	chrIX	243549	0	0.5	25
	chrIX	243590	1	0.5	25
	chrIX	243661	0	0.5	25
	chrIX	243666	0	0.5	25
	chrIX	243673	0	1.0	25
	chrIX	243781	0	0.5	25
	chrIX	243795	0	0.5	25
	chrIX	243804	0	1.0	25
	chrIX	243822	1	0.5	25
	chrIX	243836	0	0.5	25
	chrIX	243837	1	0.5	25
	chrIX	243838	0	0.5	25
	chrIX	243839	0	2.0	25
	chrIX	243841	0	0.5	25
	chrIX	243844	0	0.5	25
	chrIX	243847	0	0.5	25
	chrIX	243860	0	0.5	25
	chrIX	243861	0	0.5	25
	chrIX	243862	0	0.5	24
	chrIX	243886	1	2.0	25
	chrIX	243887	0	0.5	25
	chrIX	243887	1	1.0	25
	chrIX	243892	1	0.5	25
	chrIX	243894	0	0.5	25
	chrIX	243896	0	0.5	25
	chrIX	243906	1	0.5	25
	chrIX	243911	1	0.5	25
	chrIX	243913	1	0.5	25
	chrIX	243917	1	0.5	25
	chrIX	243918	1	0.5	25
	chrIX	243923	1	1.0	25
	chrIX	243925	1	1.5	25
	chrIX	243926	1	0.5	25
	chrIX	243931	0	0.5	25
	chrIX	243943	1	0.5	25
	chrIX	243955	1	0.5	25
	chrIX	243956	1	0.5	25
	chrIX	243960	0	0.5	25
	chrIX	243983	0	0.5	25
	chrIX	244019	1	1.0	25
	chrIX	244034	0	0.5	25
	chrIX	244056	0	0.5	25
	chrIX	244059	0	0.5	25
	chrIX	244060	1	0.5	25
	chrIX	244069	0	0.5	25
	chrIX	244089	0	0.5	25
	chrIX	244108	1	0.5	25
	chrIX	244109	1	0.5	25
	chrIX	244121	1	0.5	25
	chrIX	244151	1	0.5	25
	chrIX	244164	1	0.5	25
	chrIX	244206	0	0.5	25
	chrIX	244212	0	0.5	25
	chrIX	244219	0	0.5	25
	chrIX	244234	0	0.5	25
	chrIX	244249	1	0.5	25
	chrIX	244266	0	0.5	25
	chrIX	244278	0	0.5	25
	chrIX	244299	1	0.5	25
	chrIX	244308	0	0.5	25
	chrIX	244324	1	0.5	25
	chrIX	244333	1	0.5	25
	chrIX	244348	0	0.5	25
	chrIX	244357	1	0.5	25
	chrIX	244358	1	0.5	25
	chrIX	244405	0	0.5	25
	chrIX	244409	0	0.5	25
	chrIX	244428	0	0.5	25
	chrIX	244440	0	0.5	25
	chrIX	244459	0	0.5	25
	chrIX	244470	1	0.5	25
	chrIX	244474	1	0.5	25
	chrIX	244489	0	0.5	25
	chrIX	244492	1	0.5	25
	chrIX	244508	1	0.5	25
	chrIX	244513	1	0.5	25
	chrIX	244514	0	1.5	25
	chrIX	244515	0	1.0	25
	chrIX	244516	0	3.0	25
	chrIX	244517	1	0.5	25
	chrIX	244525	0	1.0	25
	chrIX	244529	0	1.0	25
	chrIX	244532	0	1.0	25
	chrIX	244549	1	0.5	25
	chrIX	244550	0	0.5	25
	chrIX	244553	0	0.5	25
	chrIX	244558	1	1.0	25
	chrIX	244559	0	1.0	25
	chrIX	244559	1	1.0	25
	chrIX	244560	1	1.0	25
	chrIX	244561	0	8.0	25
	chrIX	244569	0	0.5	25
	chrIX	244573	1	0.5	25
	chrIX	244578	0	0.5	25
	chrIX	244578	1	0.5	25
	chrIX	244579	0	2.0	25
	chrIX	244588	0	0.5	25
	chrIX	244590	1	0.5	25
	chrIX	244594	0	0.5	25
	chrIX	244597	0	1.0	25
	chrIX	244598	1	0.5	25
	chrIX	244599	1	1.0	25
	chrIX	244600	0	1.0	25
	chrIX	244603	1	0.5	25
	chrIX	244615	1	0.5	25
	chrIX	244620	1	1.0	25
	chrIX	244627	1	0.5	25
	chrIX	244628	0	0.5	25
	chrIX	244628	1	1.0	25
	chrIX	244631	1	1.5	25
	chrIX	244639	1	0.5	25
	chrIX	244641	1	2.5	25
	chrIX	244642	1	0.5	25
	chrIX	244643	1	1.0	25
	chrIX	244645	1	0.5	25
	chrIX	244646	1	0.5	25
	chrIX	244647	1	0.5	25
	chrIX	244648	1	0.5	25
	chrIX	244651	1	1.0	25
	chrIX	244652	1	2.0	25
	chrIX	244653	1	1.0	25
	chrIX	244654	1	1.0	25
	chrIX	244658	1	0.5	25
	chrIX	244659	1	0.5	25
	chrIX	244667	0	0.5	25
	chrIX	244669	0	1.0	25
	chrIX	244705	1	0.5	25
	chrIX	244713	1	0.5	25
	chrIX	244716	1	0.5	25
	chrIX	244734	1	1.0	25
	chrIX	244763	1	0.5	25
	chrIX	244794	0	1.0	25
	chrIX	244794	1	0.5	25
	chrIX	244864	1	0.5	25
	chrIX	244866	0	0.5	25
	chrIX	244901	1	0.5	25
	chrIX	244950	0	0.5	25
	chrIX	244951	1	0.5	25
	chrIX	244952	0	0.5	25
	chrIX	244986	0	0.5	25
	chrIX	245014	1	0.5	25
	chrIX	245030	1	0.5	25
	chrIX	245033	1	0.5	25
	chrIX	245102	0	0.5	25
	chrIX	245118	0	1.0	25
	chrIX	245142	0	1.0	25
	chrIX	245162	0	0.5	25
	chrIX	245170	1	0.5	25
	chrIX	245175	0	0.5	25
	chrIX	245182	0	1.0	25
	chrIX	245213	1	0.5	25
	chrIX	245219	1	0.5	25
	chrIX	245243	1	0.5	25
	chrIX	245244	1	1.0	25
	chrIX	245250	0	0.5	25
	chrIX	245263	0	0.5	25
	chrIX	245285	0	0.5	25
	chrIX	245293	1	0.5	25
	chrIX	245297	0	0.5	25
	chrIX	245306	1	0.5	25
	chrIX	245307	0	0.5	25
	chrIX	245319	0	0.5	25
	chrIX	245335	1	1.0	25
	chrIX	245341	1	0.5	25
	chrIX	245348	1	0.5	25
	chrIX	245394	1	0.5	25
	chrIX	245400	1	0.5	25
	chrIX	245409	0	0.5	25
	chrIX	245410	0	1.0	25
	chrIX	245449	0	0.5	25
	chrIX	245453	1	0.5	25
	chrIX	245461	0	1.0	25
	chrIX	245477	0	0.5	25
	chrIX	245481	0	0.5	25
	chrIX	245490	1	0.5	25
	chrIX	245507	1	0.5	25
	chrIX	245530	1	1.0	25
	chrIX	245563	0	0.5	25
	chrIX	245566	1	0.5	25
	chrIX	245572	0	0.5	25
	chrIX	245587	0	0.5	25
	chrIX	245597	0	0.5	25
	chrIX	245599	1	0.5	25
	chrIX	245603	0	0.5	25
	chrIX	245611	1	0.5	25
	chrIX	245623	1	0.5	25
	chrIX	245628	0	1.0	25
	chrIX	245629	0	1.0	25
	chrIX	245634	0	0.5	25
	chrIX	245649	1	0.5	25
	chrIX	245651	1	0.5	25
	chrIX	245669	0	0.5	25
	chrIX	245681	1	0.5	25
	chrIX	245685	1	0.5	25
	chrIX	245699	1	0.5	25
	chrIX	245703	0	0.5	25
	chrIX	245705	1	0.5	25
	chrIX	245717	1	0.5	25
	chrIX	245725	1	1.0	25
	chrIX	245746	0	0.5	25
	chrIX	245750	0	0.5	25
	chrIX	245769	0	1.0	25
	chrIX	245773	1	0.5	25
	chrIX	245779	0	0.5	25
	chrIX	245788	1	0.5	25
	chrIX	245810	0	0.5	25
	chrIX	245812	1	0.5	25
	chrIX	245827	0	0.5	25
	chrIX	245834	0	0.5	25
	chrIX	245838	1	0.5	25
	chrIX	245844	1	0.5	25
	chrIX	245845	1	1.0	25
	chrIX	245852	1	0.5	25
	chrIX	245853	0	1.0	25
	chrIX	245862	0	1.5	25
	chrIX	245864	0	2.0	25
	chrIX	245865	0	2.0	25
	chrIX	245877	0	0.5	25
	chrIX	245886	0	0.5	25
	chrIX	245894	0	2.0	25
	chrIX	245901	1	0.5	25
	chrIX	245905	1	0.5	25
	chrIX	245907	1	0.5	25
	chrIX	245908	1	1.0	25
	chrIX	245909	1	0.5	25
	chrIX	245910	1	1.0	25
	chrIX	245911	1	1.5	25
	chrIX	245912	0	1.0	25
	chrIX	245913	0	0.5	25
	chrIX	245914	0	0.5	25
	chrIX	245914	1	0.5	25
	chrIX	245923	0	0.5	25
	chrIX	245924	0	0.5	25
	chrIX	245938	1	1.0	25
	chrIX	245942	0	1.0	25
	chrIX	245943	1	0.5	25
	chrIX	245944	0	0.5	25
	chrIX	245948	1	0.5	25
	chrIX	245950	1	0.5	25
	chrIX	245987	1	0.5	24
	chrIX	245990	1	2.0	25
	chrIX	245993	1	1.0	25
	chrIX	246000	1	0.5	25
	chrIX	246001	1	0.5	24
	chrIX	246001	1	0.5	25
	chrIX	246004	1	0.5	25
	chrIX	246009	0	0.5	25
	chrIX	246014	0	0.5	25
	chrIX	246032	0	0.5	25
	chrIX	246043	0	1.0	25
	chrIX	246051	1	0.5	25
	chrIX	246059	1	1.0	25
	chrIX	246062	0	0.5	25
	chrIX	246073	1	0.5	25
	chrIX	246075	0	0.5	25
	chrIX	246081	1	0.5	25
	chrIX	246088	1	1.0	25
	chrIX	246101	1	0.5	25
	chrIX	246102	0	0.5	25
	chrIX	246106	0	0.5	25
	chrIX	246110	0	0.5	25
	chrIX	246112	0	0.5	25
	chrIX	246122	1	0.5	25
	chrIX	246123	0	0.5	25
	chrIX	246183	1	0.5	25
	chrIX	246197	0	0.5	25
	chrIX	246199	1	0.5	25
	chrIX	246200	0	0.5	25
	chrIX	246206	1	0.5	25
	chrIX	246215	1	0.5	25
	chrIX	246249	1	0.5	25
	chrIX	246271	1	0.5	25
	chrIX	246281	1	0.5	25
	chrIX	246356	1	0.5	25
	chrIX	246473	0	0.5	25
	chrIX	246505	0	1.0	25
	chrIX	246528	0	0.5	25
	chrIX	246629	1	0.5	25
	chrIX	246665	0	0.5	25
	chrIX	246667	1	0.5	25
	chrIX	246768	0	0.5	25
	chrIX	246785	0	0.5	25
	chrIX	246795	0	0.5	25
	chrIX	246797	1	1.0	25
	chrIX	246808	0	0.5	25
	chrIX	246876	1	0.5	25
	chrIX	246886	0	0.5	25
	chrIX	246899	0	0.5	25
	chrIX	246952	0	0.5	25
	chrIX	246954	0	0.5	25
	chrIX	246958	1	0.5	25
	chrIX	246970	0	0.5	25
	chrIX	246973	0	0.5	25
	chrIX	246974	1	0.5	25
	chrIX	246980	1	0.5	25
	chrIX	246988	0	0.5	25
	chrIX	246992	1	0.5	25
	chrIX	246993	0	0.5	25
	chrIX	246995	0	0.5	25
	chrIX	247007	1	0.5	25
	chrIX	247028	1	0.5	25
	chrIX	247030	0	0.5	25
	chrIX	247034	1	0.5	25
	chrIX	247035	1	0.5	25
	chrIX	247051	1	0.5	25
	chrIX	247064	1	0.5	25
	chrIX	247071	0	1.0	25
	chrIX	247071	1	0.5	25
	chrIX	247072	0	0.5	25
	chrIX	247084	0	0.5	25
	chrIX	247096	1	0.5	25
	chrIX	247102	0	2.0	25
	chrIX	247110	0	0.5	25
	chrIX	247110	1	0.5	25
	chrIX	247135	1	0.5	25
	chrIX	247137	1	1.0	25
	chrIX	247152	1	0.5	25
	chrIX	247158	0	0.5	25
	chrIX	247161	1	1.0	25
	chrIX	247169	0	0.5	25
	chrIX	247189	0	0.5	25
	chrIX	247217	0	0.5	25
	chrIX	247242	1	0.5	25
	chrIX	247260	1	0.5	25
	chrIX	247261	1	0.5	25
	chrIX	247270	1	2.0	25
	chrIX	247277	0	0.5	25
	chrIX	247304	0	0.5	25
	chrIX	247329	0	0.5	25
	chrIX	247368	0	0.5	25
	chrIX	247374	0	0.5	25
	chrIX	247377	1	0.5	25
	chrIX	247389	1	0.5	25
	chrIX	247409	1	0.5	25
	chrIX	247417	0	0.5	25
	chrIX	247420	0	0.5	25
	chrIX	247427	0	0.5	25
	chrIX	247429	0	0.5	25
	chrIX	247435	0	0.5	25
	chrIX	247443	0	0.5	25
	chrIX	247467	0	0.5	25
	chrIX	247470	0	0.5	25
	chrIX	247477	1	0.5	25
	chrIX	247478	0	0.5	25
	chrIX	247483	0	1.0	25
	chrIX	247499	1	0.5	25
	chrIX	247503	1	0.5	25
	chrIX	247521	1	0.5	25
	chrIX	247526	1	0.5	25
	chrIX	247537	1	0.5	25
	chrIX	247538	1	1.0	25
	chrIX	247542	1	0.5	25
	chrIX	247546	0	0.5	25
	chrIX	247559	1	0.5	25
	chrIX	247563	0	1.0	25
	chrIX	247563	1	0.5	25
	chrIX	247564	1	1.0	25
	chrIX	247595	0	0.5	25
	chrIX	247599	0	0.5	25
	chrIX	247601	0	0.5	25
	chrIX	247611	0	1.0	25
	chrIX	247633	0	0.5	25
	chrIX	247637	1	0.5	25
	chrIX	247641	1	0.5	25
	chrIX	247672	1	0.5	25
	chrIX	247679	0	0.5	25
	chrIX	247689	0	1.0	25
	chrIX	247692	0	0.5	25
	chrIX	247702	1	1.0	25
	chrIX	247703	0	0.5	25
	chrIX	247718	0	0.5	25
	chrIX	247719	1	0.5	25
	chrIX	247721	0	0.5	25
	chrIX	247722	0	1.0	25
	chrIX	247723	0	0.5	25
	chrIX	247724	0	0.5	25
	chrIX	247734	0	0.5	25
	chrIX	247740	0	0.5	25
	chrIX	247749	0	1.0	25
	chrIX	247749	1	0.5	25
	chrIX	247750	0	1.0	25
	chrIX	247753	0	0.5	25
	chrIX	247761	1	0.5	25
	chrIX	247766	1	0.5	25
	chrIX	247769	1	0.5	25
	chrIX	247779	1	1.0	25
	chrIX	247781	0	0.5	25
	chrIX	247782	1	0.5	25
	chrIX	247783	1	0.5	25
	chrIX	247784	1	0.5	25
	chrIX	247794	1	1.5	25
	chrIX	247796	1	0.5	25
	chrIX	247797	1	0.5	25
	chrIX	247805	1	0.5	25
	chrIX	247809	0	0.5	25
	chrIX	247817	1	0.5	25
	chrIX	247823	1	0.5	25
	chrIX	247825	0	0.5	25
	chrIX	247827	1	0.5	25
	chrIX	247830	1	0.5	25
	chrIX	247834	1	0.5	25
	chrIX	247837	1	1.0	25
	chrIX	247844	1	0.5	25
	chrIX	247848	1	0.5	25
	chrIX	247851	0	0.5	25
	chrIX	247898	1	0.5	25
	chrIX	247900	0	1.0	25
	chrIX	247919	1	0.5	25
	chrIX	247958	1	1.0	25
	chrIX	247968	0	0.5	25
	chrIX	248014	0	0.5	25
	chrIX	248053	1	0.5	25
	chrIX	248057	1	0.5	25
	chrIX	248065	0	0.5	25
	chrIX	248098	0	0.5	25
	chrIX	248112	1	0.5	25
	chrIX	248113	0	0.5	25
	chrIX	248128	0	0.5	25
	chrIX	248171	1	0.5	25
	chrIX	248181	0	0.5	25
	chrIX	248189	1	0.5	25
	chrIX	248248	1	0.5	25
	chrIX	248262	0	0.5	25
	chrIX	248287	0	0.5	25
	chrIX	248292	0	0.5	25
	chrIX	248295	0	1.0	25
	chrIX	248321	0	1.0	25
	chrIX	248331	1	0.5	25
	chrIX	248333	0	1.0	25
	chrIX	248348	0	0.5	25
	chrIX	248365	1	0.5	25
	chrIX	248373	0	0.5	25
	chrIX	248375	0	1.0	25
	chrIX	248380	1	0.5	25
	chrIX	248381	0	0.5	25
	chrIX	248391	1	0.5	25
	chrIX	248400	1	0.5	25
	chrIX	248428	1	0.5	25
	chrIX	248437	1	0.5	25
	chrIX	248442	1	1.0	25
	chrIX	248447	1	1.0	25
	chrIX	248489	0	0.5	25
	chrIX	248501	0	0.5	25
	chrIX	248513	0	0.5	25
	chrIX	248522	0	1.0	25
	chrIX	248524	0	0.5	25
	chrIX	248543	0	0.5	25
	chrIX	248562	1	1.5	25
	chrIX	248564	1	0.5	25
	chrIX	248565	1	0.5	25
	chrIX	248576	1	0.5	25
	chrIX	248579	0	0.5	25
	chrIX	248599	0	0.5	25
	chrIX	248624	1	1.0	25
	chrIX	248639	1	0.5	25
	chrIX	248643	1	0.5	25
	chrIX	248646	0	0.5	25
	chrIX	248650	0	0.5	25
	chrIX	248654	1	0.5	25
	chrIX	248656	1	0.5	25
	chrIX	248673	0	0.5	25
	chrIX	248681	0	0.5	25
	chrIX	248682	0	0.5	25
	chrIX	248695	1	0.5	25
	chrIX	248711	0	0.5	25
	chrIX	248731	0	0.5	25
	chrIX	248748	1	0.5	25
	chrIX	248751	1	1.0	25
	chrIX	248756	0	0.5	25
	chrIX	248758	0	0.5	25
	chrIX	248761	0	0.5	25
	chrIX	248763	0	0.5	25
	chrIX	248772	0	0.5	25
	chrIX	248785	0	1.0	25
	chrIX	248788	1	0.5	25
	chrIX	248792	1	0.5	25
	chrIX	248796	0	0.5	25
	chrIX	248806	1	0.5	25
	chrIX	248813	1	0.5	25
	chrIX	248816	1	0.5	25
	chrIX	248818	1	0.5	25
	chrIX	248824	0	0.5	25
	chrIX	248838	1	0.5	25
	chrIX	248841	1	0.5	25
	chrIX	248843	0	0.5	25
	chrIX	248846	0	0.5	25
	chrIX	248854	1	0.5	25
	chrIX	248857	1	0.5	25
	chrIX	248872	1	1.0	25
	chrIX	248879	1	0.5	25
	chrIX	248934	1	0.5	25
	chrIX	248945	1	0.5	25
	chrIX	248971	0	0.5	25
	chrIX	248981	0	0.5	25
	chrIX	248989	0	0.5	25
	chrIX	248991	0	0.5	25
	chrIX	249008	0	0.5	25
	chrIX	249021	0	0.5	25
	chrIX	249027	0	0.5	25
	chrIX	249031	0	0.5	25
	chrIX	249037	1	0.5	25
	chrIX	249044	1	0.5	25
	chrIX	249066	0	0.5	25
	chrIX	249092	0	0.5	25
	chrIX	249107	1	0.5	25
	chrIX	249108	0	1.0	25
	chrIX	249122	1	0.5	25
	chrIX	249132	1	0.5	25
	chrIX	249133	1	0.5	25
	chrIX	249137	1	0.5	25
	chrIX	249145	1	0.5	25
	chrIX	249162	1	0.5	25
	chrIX	249178	1	0.5	25
	chrIX	249190	0	0.5	25
	chrIX	249191	0	0.5	25
	chrIX	249202	1	1.0	25
	chrIX	249206	0	0.5	25
	chrIX	249236	0	1.0	25
	chrIX	249251	1	0.5	25
	chrIX	249252	0	0.5	25
	chrIX	249284	0	0.5	25
	chrIX	249291	1	0.5	25
	chrIX	249326	1	0.5	25
	chrIX	249327	0	1.0	25
	chrIX	249334	0	0.5	25
	chrIX	249351	1	0.5	25
	chrIX	249353	0	0.5	25
	chrIX	249359	1	0.5	25
	chrIX	249362	1	1.0	25
	chrIX	249372	0	1.0	25
	chrIX	249379	1	1.0	25
	chrIX	249389	0	0.5	25
	chrIX	249392	1	0.5	25
	chrIX	249420	1	0.5	25
	chrIX	249425	0	0.5	25
	chrIX	249430	0	0.5	25
	chrIX	249432	1	0.5	25
	chrIX	249438	1	1.0	25
	chrIX	249440	0	0.5	25
	chrIX	249460	0	0.5	25
	chrIX	249462	0	1.0	25
	chrIX	249466	0	0.5	25
	chrIX	249468	0	0.5	25
	chrIX	249469	0	0.5	25
	chrIX	249473	0	0.5	25
	chrIX	249480	0	1.5	25
	chrIX	249481	0	0.5	25
	chrIX	249491	1	0.5	25
	chrIX	249494	0	1.0	25
	chrIX	249495	0	0.5	25
	chrIX	249508	1	0.5	25
	chrIX	249511	1	0.5	25
	chrIX	249522	0	0.5	25
	chrIX	249534	1	0.5	25
	chrIX	249537	1	0.5	25
	chrIX	249540	1	0.5	25
	chrIX	249541	0	0.5	25
	chrIX	249543	0	0.5	25
	chrIX	249543	1	1.0	25
	chrIX	249544	1	0.5	25
	chrIX	249554	0	0.5	25
	chrIX	249558	1	1.0	25
	chrIX	249565	1	0.5	25
	chrIX	249566	0	0.5	25
	chrIX	249573	1	0.5	25
	chrIX	249578	1	1.5	25
	chrIX	249580	0	0.5	25
	chrIX	249589	1	0.5	25
	chrIX	249601	0	0.5	25
	chrIX	249612	0	0.5	25
	chrIX	249633	1	0.5	25
	chrIX	249642	1	0.5	25
	chrIX	249657	0	0.5	25
	chrIX	249667	0	0.5	25
	chrIX	249668	0	0.5	25
	chrIX	249670	1	0.5	25
	chrIX	249673	1	0.5	25
	chrIX	249679	0	0.5	25
	chrIX	249680	0	0.5	25
	chrIX	249692	0	0.5	25
	chrIX	249694	0	0.5	25
	chrIX	249698	1	0.5	25
	chrIX	249701	0	0.5	25
	chrIX	249707	1	0.5	25
	chrIX	249721	0	0.5	25
	chrIX	249724	0	0.5	25
	chrIX	249726	1	0.5	25
	chrIX	249738	0	0.5	25
	chrIX	249739	1	0.5	25
	chrIX	249747	0	0.5	25
	chrIX	249754	1	0.5	25
	chrIX	249756	1	0.5	25
	chrIX	249760	1	0.5	25
	chrIX	249761	1	0.5	25
	chrIX	249762	0	0.5	25
	chrIX	249766	1	0.5	25
	chrIX	249768	1	0.5	25
	chrIX	249769	1	1.5	25
	chrIX	249770	0	0.5	25
	chrIX	249775	0	1.0	25
	chrIX	249784	0	0.5	25
	chrIX	249804	1	0.5	25
	chrIX	249813	0	0.5	25
	chrIX	249816	1	0.5	25
	chrIX	249825	0	0.5	25
	chrIX	249836	1	0.5	25
	chrIX	249854	1	0.5	25
	chrIX	249855	0	0.5	25
	chrIX	249856	0	0.5	25
	chrIX	249856	1	0.5	25
	chrIX	249857	0	1.5	25
	chrIX	249864	0	0.5	25
	chrIX	249867	0	0.5	25
	chrIX	249871	1	0.5	25
	chrIX	249872	1	1.0	25
	chrIX	249874	0	1.0	25
	chrIX	249901	1	0.5	25
	chrIX	249916	1	1.5	25
	chrIX	249919	1	1.0	25
	chrIX	249920	0	0.5	25
	chrIX	249925	1	1.0	25
	chrIX	249938	1	0.5	25
	chrIX	249939	1	0.5	25
	chrIX	249945	1	0.5	25
	chrIX	249961	0	0.5	25
	chrIX	249965	0	0.5	25
	chrIX	249976	0	1.5	25
	chrIX	250016	1	0.5	25
	chrIX	250021	1	0.5	25
	chrIX	250055	1	1.0	25
	chrIX	250062	1	0.5	25
	chrIX	250072	0	0.5	25
	chrIX	250082	0	0.5	25
	chrIX	250086	0	0.5	25
	chrIX	250088	0	0.5	25
	chrIX	250091	0	0.5	25
	chrIX	250128	1	0.5	25
	chrIX	250130	0	0.5	25
	chrIX	250142	0	1.0	25
	chrIX	250145	1	0.5	25
	chrIX	250156	1	0.5	25
	chrIX	250157	0	0.5	25
	chrIX	250172	1	0.5	25
	chrIX	250174	0	0.5	25
	chrIX	250184	1	0.5	25
	chrIX	250199	1	1.0	25
	chrIX	250226	1	0.5	25
	chrIX	250233	1	0.5	25
	chrIX	250236	1	0.5	25
	chrIX	250241	1	0.5	25
	chrIX	250253	0	0.5	24
	chrIX	250309	1	0.5	25
	chrIX	250333	0	0.5	25
	chrIX	250431	1	0.5	25
	chrIX	250509	0	0.5	25
	chrIX	250572	1	0.5	25
	chrIX	250577	0	1.0	25
	chrIX	250623	0	0.5	25
	chrIX	250655	0	0.5	25
	chrIX	250655	1	1.0	25
	chrIX	250657	0	0.5	25
	chrIX	250694	0	0.5	25
	chrIX	250707	1	0.5	25
	chrIX	250718	1	0.5	25
	chrIX	250731	0	1.0	25
	chrIX	250740	1	0.5	25
	chrIX	250752	0	0.5	25
	chrIX	250773	1	0.5	25
	chrIX	250776	1	0.5	25
	chrIX	250804	0	0.5	25
	chrIX	250805	0	0.5	25
	chrIX	250807	0	0.5	25
	chrIX	250813	0	0.5	25
	chrIX	250830	1	0.5	25
	chrIX	250850	0	0.5	25
	chrIX	250852	1	0.5	25
	chrIX	250878	1	1.0	25
	chrIX	250890	1	0.5	25
	chrIX	250901	0	0.5	25
	chrIX	250901	1	0.5	25
	chrIX	250920	1	0.5	25
	chrIX	250977	1	0.5	25
	chrIX	251023	0	0.5	25
	chrIX	251069	0	0.5	25
	chrIX	251089	1	0.5	25
	chrIX	251115	0	0.5	25
	chrIX	251118	0	0.5	25
	chrIX	251145	0	0.5	25
	chrIX	251161	0	0.5	25
	chrIX	251177	0	0.5	25
	chrIX	251187	1	0.5	25
	chrIX	251197	0	2.5	25
	chrIX	251209	0	0.5	25
	chrIX	251210	0	0.5	25
	chrIX	251243	1	0.5	25
	chrIX	251245	1	0.5	25
	chrIX	251250	1	0.5	25
	chrIX	251251	1	1.0	25
	chrIX	251254	1	0.5	25
	chrIX	251255	1	0.5	25
	chrIX	251264	1	1.0	25
	chrIX	251275	0	0.5	25
	chrIX	251278	0	0.5	25
	chrIX	251279	0	0.5	25
	chrIX	251289	1	0.5	25
	chrIX	251323	1	0.5	25
	chrIX	251327	0	1.0	25
	chrIX	251329	1	0.5	25
	chrIX	251339	0	0.5	25
	chrIX	251347	0	0.5	25
	chrIX	251354	1	0.5	25
	chrIX	251388	1	0.5	25
	chrIX	251414	1	1.0	25
	chrIX	251429	1	0.5	25
	chrIX	251442	1	0.5	25
	chrIX	251445	0	1.0	25
	chrIX	251462	0	0.5	25
	chrIX	251473	0	0.5	25
	chrIX	251487	0	0.5	25
	chrIX	251495	0	0.5	25
	chrIX	251504	1	1.0	25
	chrIX	251540	1	0.5	25
	chrIX	251548	1	0.5	25
	chrIX	251557	1	0.5	25
	chrIX	251561	0	1.0	25
	chrIX	251575	1	0.5	25
	chrIX	251609	1	0.5	25
	chrIX	251649	1	0.5	25
	chrIX	251670	0	0.5	25
	chrIX	251676	0	0.5	25
	chrIX	251729	0	0.5	25
	chrIX	251735	0	0.5	25
	chrIX	251764	0	0.5	25
	chrIX	251765	1	0.5	25
	chrIX	251778	0	1.0	25
	chrIX	251813	0	0.5	25
	chrIX	251813	1	0.5	25
	chrIX	251817	0	0.5	25
	chrIX	251820	0	0.5	25
	chrIX	251824	1	0.5	25
	chrIX	251841	1	0.5	25
	chrIX	251844	1	0.5	25
	chrIX	251849	1	0.5	25
	chrIX	251859	0	0.5	25
	chrIX	251862	1	0.5	25
	chrIX	251873	0	0.5	25
	chrIX	251878	1	0.5	25
	chrIX	251882	1	0.5	25
	chrIX	251886	0	0.5	25
	chrIX	251906	1	0.5	25
	chrIX	251909	1	0.5	25
	chrIX	251939	1	0.5	25
	chrIX	251941	0	0.5	25
	chrIX	251942	0	0.5	25
	chrIX	251956	1	0.5	25
	chrIX	251964	0	0.5	25
	chrIX	251974	1	0.5	25
	chrIX	252004	1	0.5	25
	chrIX	252009	0	0.5	25
	chrIX	252032	0	0.5	25
	chrIX	252040	1	0.5	25
	chrIX	252042	0	0.5	25
	chrIX	252076	0	0.5	25
	chrIX	252077	1	0.5	25
	chrIX	252082	1	0.5	25
	chrIX	252101	0	0.5	25
	chrIX	252108	0	0.5	25
	chrIX	252124	1	0.5	25
	chrIX	252127	0	0.5	25
	chrIX	252136	1	0.5	25
	chrIX	252139	1	0.5	25
	chrIX	252192	1	0.5	25
	chrIX	252193	1	0.5	25
	chrIX	252243	0	0.5	25
	chrIX	252288	0	0.5	25
	chrIX	252308	1	0.5	25
	chrIX	252347	1	0.5	25
	chrIX	252348	1	0.5	25
	chrIX	252368	0	0.5	25
	chrIX	252387	0	0.5	25
	chrIX	252413	0	0.5	25
	chrIX	252422	1	0.5	25
	chrIX	252435	0	0.5	25
	chrIX	252449	0	0.5	25
	chrIX	252455	1	0.5	25
	chrIX	252475	0	0.5	25
	chrIX	252481	1	0.5	25
	chrIX	252493	0	0.5	25
	chrIX	252504	1	0.5	25
	chrIX	252507	0	0.5	25
	chrIX	252530	0	0.5	25
	chrIX	252536	1	0.5	25
	chrIX	252546	1	0.5	25
	chrIX	252548	0	0.5	25
	chrIX	252557	1	0.5	25
	chrIX	252570	0	0.5	25
	chrIX	252593	1	0.5	25
	chrIX	252600	1	0.5	25
	chrIX	252604	0	0.5	25
	chrIX	252625	0	0.5	25
	chrIX	252629	0	0.5	25
	chrIX	252633	1	0.5	25
	chrIX	252635	1	0.5	25
	chrIX	252637	1	0.5	25
	chrIX	252645	0	0.5	25
	chrIX	252649	0	0.5	25
	chrIX	252703	1	0.5	25
	chrIX	252711	0	0.5	25
	chrIX	252711	1	0.5	25
	chrIX	252713	0	1.5	25
	chrIX	252745	0	0.5	25
	chrIX	252746	1	0.5	25
	chrIX	252778	1	0.5	25
	chrIX	252791	1	1.0	25
	chrIX	252810	1	1.0	25
	chrIX	252816	0	1.0	25
	chrIX	252818	1	0.5	25
	chrIX	252834	0	0.5	25
	chrIX	252835	0	0.5	25
	chrIX	252856	0	1.0	25
	chrIX	252857	0	0.5	25
	chrIX	252898	1	0.5	25
	chrIX	252948	1	1.0	25
	chrIX	252970	1	0.5	25
	chrIX	252973	1	0.5	25
	chrIX	252984	0	0.5	25
	chrIX	252985	0	0.5	25
	chrIX	252985	1	1.0	25
	chrIX	252991	0	0.5	25
	chrIX	253015	0	0.5	25
	chrIX	253046	1	0.5	25
	chrIX	253047	1	0.5	25
	chrIX	253060	0	0.5	25
	chrIX	253074	1	0.5	25
	chrIX	253104	1	0.5	25
	chrIX	253193	1	0.5	25
	chrIX	253224	0	0.5	25
	chrIX	253344	0	1.5	25
	chrIX	253345	0	0.5	25
	chrIX	253355	1	0.5	25
	chrIX	253364	0	0.5	25
	chrIX	253394	1	1.5	25
	chrIX	253423	0	0.5	25
	chrIX	253424	0	0.5	25
	chrIX	253444	0	0.5	25
	chrIX	253462	1	0.5	25
	chrIX	253473	1	0.5	25
	chrIX	253474	1	0.5	25
	chrIX	253484	0	1.5	25
	chrIX	253490	1	0.5	25
	chrIX	253496	1	0.5	25
	chrIX	253521	0	0.5	25
	chrIX	253563	1	1.0	25
	chrIX	253607	1	0.5	25
	chrIX	253611	1	0.5	25
	chrIX	253612	0	0.5	25
	chrIX	253653	0	1.0	25
	chrIX	253656	0	0.5	25
	chrIX	253666	0	0.5	25
	chrIX	253688	1	0.5	25
	chrIX	253706	0	0.5	25
	chrIX	253713	1	0.5	25
	chrIX	253730	1	0.5	25
	chrIX	253740	1	0.5	25
	chrIX	253781	1	0.5	25
	chrIX	253783	0	0.5	25
	chrIX	253791	0	0.5	25
	chrIX	253820	0	0.5	25
	chrIX	253820	1	0.5	25
	chrIX	253821	0	0.5	25
	chrIX	253838	1	0.5	25
	chrIX	253848	0	0.5	25
	chrIX	253896	1	0.5	25
	chrIX	253901	0	0.5	25
	chrIX	253907	0	0.5	25
	chrIX	253917	1	0.5	25
	chrIX	253918	0	0.5	25
	chrIX	253924	1	0.5	25
	chrIX	253969	1	0.5	25
	chrIX	253986	1	0.5	25
	chrIX	254000	1	0.5	25
	chrIX	254003	1	0.5	25
	chrIX	254012	0	0.5	25
	chrIX	254013	0	0.5	25
	chrIX	254055	0	0.5	25
	chrIX	254061	0	0.5	25
	chrIX	254062	0	0.5	25
	chrIX	254063	0	1.0	25
	chrIX	254067	0	0.5	25
	chrIX	254068	0	0.5	25
	chrIX	254077	0	0.5	25
	chrIX	254080	1	0.5	25
	chrIX	254083	0	1.5	25
	chrIX	254102	1	1.0	25
	chrIX	254105	1	0.5	25
	chrIX	254118	1	0.5	25
	chrIX	254120	1	0.5	25
	chrIX	254125	1	1.5	25
	chrIX	254130	1	0.5	25
	chrIX	254140	0	0.5	25
	chrIX	254148	0	0.5	25
	chrIX	254155	0	0.5	25
	chrIX	254168	0	0.5	25
	chrIX	254169	0	0.5	25
	chrIX	254176	0	0.5	25
	chrIX	254177	1	0.5	25
	chrIX	254178	0	0.5	25
	chrIX	254190	0	0.5	25
	chrIX	254190	1	0.5	25
	chrIX	254191	1	0.5	25
	chrIX	254196	1	0.5	25
	chrIX	254214	0	0.5	25
	chrIX	254215	0	0.5	25
	chrIX	254228	0	0.5	25
	chrIX	254236	1	0.5	25
	chrIX	254248	0	0.5	25
	chrIX	254248	1	0.5	25
	chrIX	254251	0	0.5	25
	chrIX	254251	1	1.0	25
	chrIX	254252	0	0.5	25
	chrIX	254256	1	0.5	25
	chrIX	254287	1	1.0	25
	chrIX	254296	1	0.5	25
	chrIX	254297	0	0.5	25
	chrIX	254329	0	0.5	25
	chrIX	254355	0	0.5	25
	chrIX	254374	1	0.5	25
	chrIX	254391	0	0.5	25
	chrIX	254394	0	0.5	25
	chrIX	254409	1	0.5	25
	chrIX	254411	0	0.5	25
	chrIX	254415	1	0.5	25
	chrIX	254430	1	0.5	25
	chrIX	254440	0	0.5	25
	chrIX	254445	1	0.5	25
	chrIX	254450	1	0.5	25
	chrIX	254451	1	1.0	25
	chrIX	254452	0	0.5	25
	chrIX	254455	0	0.5	25
	chrIX	254463	1	0.5	25
	chrIX	254493	0	0.5	25
	chrIX	254497	0	0.5	25
	chrIX	254502	0	0.5	25
	chrIX	254505	1	0.5	25
	chrIX	254507	0	0.5	25
	chrIX	254508	1	0.5	25
	chrIX	254516	0	0.5	25
	chrIX	254552	0	0.5	25
	chrIX	254571	1	0.5	25
	chrIX	254576	0	0.5	25
	chrIX	254578	1	0.5	25
	chrIX	254601	1	0.5	25
	chrIX	254602	0	1.0	25
	chrIX	254609	0	0.5	25
	chrIX	254611	0	0.5	25
	chrIX	254624	1	0.5	25
	chrIX	254640	0	1.0	25
	chrIX	254651	1	0.5	25
	chrIX	254664	0	0.5	25
	chrIX	254664	1	0.5	25
	chrIX	254668	1	0.5	25
	chrIX	254679	1	0.5	25
	chrIX	254693	1	1.5	25
	chrIX	254694	1	0.5	25
	chrIX	254695	0	1.0	25
	chrIX	254695	1	0.5	25
	chrIX	254704	1	0.5	25
	chrIX	254719	1	0.5	25
	chrIX	254720	0	0.5	25
	chrIX	254744	1	0.5	25
	chrIX	254755	0	0.5	25
	chrIX	254774	1	0.5	25
	chrIX	254789	1	0.5	25
	chrIX	254801	1	0.5	25
	chrIX	254816	1	0.5	25
	chrIX	254839	1	0.5	25
	chrIX	254841	0	0.5	25
	chrIX	254849	0	1.0	25
	chrIX	254865	0	0.5	25
	chrIX	254885	0	0.5	25
	chrIX	254894	0	0.5	25
	chrIX	254919	1	1.0	25
	chrIX	254921	0	0.5	25
	chrIX	254925	0	0.5	25
	chrIX	254930	0	0.5	25
	chrIX	254944	1	0.5	25
	chrIX	254945	0	0.5	25
	chrIX	254946	1	1.0	25
	chrIX	254957	0	0.5	25
	chrIX	254964	1	0.5	25
	chrIX	254974	0	0.5	25
	chrIX	254989	0	1.5	25
	chrIX	254991	1	0.5	25
	chrIX	254994	1	0.5	25
	chrIX	254996	0	0.5	25
	chrIX	254996	1	0.5	25
	chrIX	255003	0	0.5	25
	chrIX	255004	0	0.5	25
	chrIX	255007	1	0.5	25
	chrIX	255008	0	0.5	25
	chrIX	255011	0	0.5	25
	chrIX	255025	0	0.5	25
	chrIX	255025	1	0.5	25
	chrIX	255028	0	0.5	25
	chrIX	255047	1	0.5	25
	chrIX	255048	0	0.5	25
	chrIX	255049	0	0.5	25
	chrIX	255052	0	0.5	25
	chrIX	255052	1	0.5	25
	chrIX	255058	1	0.5	25
	chrIX	255072	1	0.5	25
	chrIX	255077	1	0.5	25
	chrIX	255078	1	1.0	25
	chrIX	255082	0	0.5	25
	chrIX	255100	0	1.5	25
	chrIX	255100	1	2.0	25
	chrIX	255101	0	1.0	25
	chrIX	255101	1	0.5	25
	chrIX	255114	0	0.5	25
	chrIX	255114	1	0.5	25
	chrIX	255121	1	0.5	25
	chrIX	255122	1	0.5	25
	chrIX	255153	0	0.5	25
	chrIX	255156	1	0.5	25
	chrIX	255161	1	0.5	25
	chrIX	255165	0	0.5	25
	chrIX	255167	1	1.0	25
	chrIX	255194	0	0.5	25
	chrIX	255197	0	0.5	25
	chrIX	255202	1	0.5	25
	chrIX	255211	1	0.5	25
	chrIX	255263	1	0.5	25
	chrIX	255273	0	0.5	25
	chrIX	255284	1	0.5	25
	chrIX	255309	1	0.5	25
	chrIX	255312	0	0.5	25
	chrIX	255321	0	1.0	25
	chrIX	255358	0	1.0	25
	chrIX	255360	1	0.5	25
	chrIX	255371	0	0.5	25
	chrIX	255393	0	0.5	25
	chrIX	255410	0	0.5	25
	chrIX	255416	1	1.0	25
	chrIX	255450	1	0.5	25
	chrIX	255462	1	1.0	25
	chrIX	255482	0	1.0	25
	chrIX	255487	1	0.5	25
	chrIX	255497	1	0.5	25
	chrIX	255532	0	0.5	25
	chrIX	255536	0	0.5	25
	chrIX	255539	0	0.5	25
	chrIX	255544	0	0.5	25
	chrIX	255562	1	1.0	25
	chrIX	255603	1	0.5	25
	chrIX	255631	1	0.5	25
	chrIX	255632	1	0.5	25
	chrIX	255639	0	0.5	25
	chrIX	255645	1	1.0	25
	chrIX	255653	0	1.0	25
	chrIX	255658	1	0.5	25
	chrIX	255676	0	0.5	25
	chrIX	255692	0	0.5	25
	chrIX	255724	1	0.5	25
	chrIX	255727	1	1.0	25
	chrIX	255755	0	0.5	25
	chrIX	255756	0	0.5	25
	chrIX	255765	0	0.5	25
	chrIX	255767	0	0.5	25
	chrIX	255791	0	0.5	25
	chrIX	255799	0	1.0	25
	chrIX	255807	0	1.0	25
	chrIX	255807	1	0.5	25
	chrIX	255808	1	0.5	25
	chrIX	255809	0	0.5	25
	chrIX	255809	1	0.5	25
	chrIX	255816	0	0.5	25
	chrIX	255837	0	0.5	25
	chrIX	255845	0	1.0	25
	chrIX	255847	1	0.5	25
	chrIX	255850	0	0.5	25
	chrIX	255852	0	0.5	25
	chrIX	255852	1	0.5	25
	chrIX	255853	1	0.5	25
	chrIX	255854	1	0.5	25
	chrIX	255874	0	0.5	25
	chrIX	255874	1	0.5	25
	chrIX	255883	1	0.5	25
	chrIX	255887	1	1.0	25
	chrIX	255888	1	0.5	25
	chrIX	255896	1	0.5	25
	chrIX	255903	0	0.5	25
	chrIX	255906	1	0.5	25
	chrIX	255910	1	0.5	25
	chrIX	255911	0	0.5	25
	chrIX	255920	1	0.5	25
	chrIX	255945	1	0.5	25
	chrIX	255946	1	0.5	25
	chrIX	255967	0	0.5	25
	chrIX	255977	0	0.5	25
	chrIX	255977	1	0.5	25
	chrIX	255981	0	0.5	25
	chrIX	255984	1	0.5	25
	chrIX	255991	0	0.5	25
	chrIX	255992	0	0.5	25
	chrIX	255993	0	0.5	25
	chrIX	255994	0	0.5	25
	chrIX	255997	0	0.5	25
	chrIX	256011	0	0.5	25
	chrIX	256017	0	0.5	25
	chrIX	256021	0	0.5	25
	chrIX	256023	1	0.5	25
	chrIX	256024	0	0.5	25
	chrIX	256026	0	0.5	25
	chrIX	256026	1	0.5	25
	chrIX	256041	0	0.5	25
	chrIX	256042	0	0.5	25
	chrIX	256049	1	0.5	25
	chrIX	256050	0	1.0	25
	chrIX	256086	1	0.5	25
	chrIX	256088	1	0.5	25
	chrIX	256094	1	0.5	25
	chrIX	256096	0	0.5	25
	chrIX	256096	1	1.5	25
	chrIX	256097	0	0.5	25
	chrIX	256097	1	1.0	25
	chrIX	256099	0	1.5	25
	chrIX	256101	1	0.5	25
	chrIX	256102	1	0.5	25
	chrIX	256105	1	1.0	25
	chrIX	256111	1	1.0	25
	chrIX	256117	1	0.5	25
	chrIX	256119	0	0.5	25
	chrIX	256132	0	0.5	25
	chrIX	256151	1	1.0	25
	chrIX	256152	0	0.5	25
	chrIX	256156	0	0.5	25
	chrIX	256157	0	0.5	25
	chrIX	256160	0	1.0	25
	chrIX	256191	0	0.5	25
	chrIX	256192	1	0.5	25
	chrIX	256198	1	0.5	25
	chrIX	256203	1	1.0	25
	chrIX	256211	1	0.5	25
	chrIX	256234	0	0.5	25
	chrIX	256234	1	0.5	25
	chrIX	256250	1	0.5	25
	chrIX	256254	0	0.5	25
	chrIX	256255	1	1.0	25
	chrIX	256258	0	0.5	25
	chrIX	256270	0	0.5	25
	chrIX	256288	1	1.0	25
	chrIX	256302	0	0.5	25
	chrIX	256308	0	0.5	25
	chrIX	256334	1	0.5	25
	chrIX	256338	0	0.5	25
	chrIX	256357	0	0.5	25
	chrIX	256367	0	1.0	25
	chrIX	256378	1	0.5	25
	chrIX	256380	1	0.5	25
	chrIX	256399	1	0.5	25
	chrIX	256403	0	0.5	25
	chrIX	256403	1	0.5	25
	chrIX	256414	1	1.0	25
	chrIX	256418	0	0.5	25
	chrIX	256422	1	0.5	25
	chrIX	256433	1	0.5	25
	chrIX	256453	0	0.5	25
	chrIX	256456	1	0.5	25
	chrIX	256464	0	1.0	25
	chrIX	256465	1	0.5	25
	chrIX	256475	0	0.5	25
	chrIX	256486	1	0.5	25
	chrIX	256505	1	0.5	25
	chrIX	256522	1	0.5	25
	chrIX	256532	1	1.0	25
	chrIX	256537	0	0.5	25
	chrIX	256566	0	0.5	25
	chrIX	256586	1	0.5	25
	chrIX	256601	0	0.5	25
	chrIX	256613	1	0.5	25
	chrIX	256659	0	1.0	25
	chrIX	256670	1	0.5	25
	chrIX	256681	0	0.5	25
	chrIX	256687	0	0.5	25
	chrIX	256696	0	0.5	25
	chrIX	256716	1	1.0	25
	chrIX	256721	0	1.0	25
	chrIX	256723	1	0.5	25
	chrIX	256749	1	0.5	25
	chrIX	256756	0	0.5	25
	chrIX	256760	1	0.5	25
	chrIX	256801	1	0.5	25
	chrIX	256807	1	0.5	25
	chrIX	256819	0	0.5	25
	chrIX	256838	0	0.5	25
	chrIX	256954	1	0.5	25
	chrIX	256971	0	1.0	25
	chrIX	256975	0	0.5	25
	chrIX	256982	1	0.5	25
	chrIX	256987	0	0.5	25
	chrIX	256991	0	0.5	25
	chrIX	257001	0	1.0	25
	chrIX	257011	1	0.5	25
	chrIX	257015	0	0.5	25
	chrIX	257027	0	0.5	25
	chrIX	257028	0	0.5	25
	chrIX	257055	0	0.5	25
	chrIX	257061	0	0.5	25
	chrIX	257063	1	0.5	25
	chrIX	257067	0	0.5	25
	chrIX	257069	1	0.5	25
	chrIX	257092	0	0.5	25
	chrIX	257093	0	0.5	25
	chrIX	257095	1	0.5	25
	chrIX	257111	1	0.5	25
	chrIX	257113	1	0.5	25
	chrIX	257114	0	0.5	25
	chrIX	257119	1	0.5	25
	chrIX	257122	1	0.5	25
	chrIX	257126	1	0.5	25
	chrIX	257128	0	0.5	25
	chrIX	257130	0	0.5	25
	chrIX	257134	1	0.5	25
	chrIX	257146	1	1.0	25
	chrIX	257147	0	1.0	25
	chrIX	257167	1	1.0	25
	chrIX	257187	0	0.5	25
	chrIX	257187	1	0.5	25
	chrIX	257197	0	0.5	25
	chrIX	257208	1	2.0	25
	chrIX	257209	0	0.5	25
	chrIX	257210	1	0.5	25
	chrIX	257235	0	0.5	25
	chrIX	257240	1	0.5	25
	chrIX	257256	0	0.5	25
	chrIX	257266	1	0.5	25
	chrIX	257268	1	0.5	25
	chrIX	257271	0	0.5	25
	chrIX	257281	0	0.5	25
	chrIX	257288	1	0.5	25
	chrIX	257299	0	0.5	25
	chrIX	257304	0	0.5	25
	chrIX	257316	1	0.5	25
	chrIX	257318	0	0.5	25
	chrIX	257327	0	0.5	25
	chrIX	257330	0	0.5	25
	chrIX	257330	1	0.5	25
	chrIX	257342	0	0.5	25
	chrIX	257347	1	0.5	25
	chrIX	257349	1	0.5	25
	chrIX	257350	0	0.5	25
	chrIX	257352	0	0.5	25
	chrIX	257359	0	1.0	25
	chrIX	257362	1	0.5	25
	chrIX	257370	0	0.5	25
	chrIX	257386	1	1.0	25
	chrIX	257402	1	1.0	25
	chrIX	257417	0	0.5	25
	chrIX	257417	1	0.5	25
	chrIX	257427	1	1.5	25
	chrIX	257428	1	0.5	25
	chrIX	257433	0	0.5	25
	chrIX	257436	0	0.5	25
	chrIX	257450	1	0.5	25
	chrIX	257451	0	0.5	25
	chrIX	257488	0	0.5	25
	chrIX	257493	0	0.5	25
	chrIX	257500	1	0.5	25
	chrIX	257525	1	0.5	25
	chrIX	257547	1	0.5	25
	chrIX	257550	1	0.5	25
	chrIX	257563	0	0.5	25
	chrIX	257579	1	0.5	25
	chrIX	257593	0	0.5	25
	chrIX	257605	1	0.5	25
	chrIX	257612	0	1.0	25
	chrIX	257619	1	0.5	25
	chrIX	257624	0	0.5	25
	chrIX	257653	1	0.5	25
	chrIX	257654	0	0.5	25
	chrIX	257681	0	0.5	25
	chrIX	257687	0	0.5	25
	chrIX	257708	0	0.5	25
	chrIX	257711	0	0.5	25
	chrIX	257717	0	0.5	25
	chrIX	257722	0	0.5	25
	chrIX	257743	1	0.5	25
	chrIX	257750	1	1.0	25
	chrIX	257753	1	0.5	25
	chrIX	257754	0	0.5	25
	chrIX	257756	0	0.5	25
	chrIX	257777	1	0.5	25
	chrIX	257780	1	0.5	25
	chrIX	257782	1	0.5	25
	chrIX	257783	1	0.5	25
	chrIX	257785	1	0.5	25
	chrIX	257819	1	0.5	25
	chrIX	257826	0	0.5	25
	chrIX	257829	1	0.5	25
	chrIX	257889	1	0.5	25
	chrIX	257892	0	0.5	25
	chrIX	257896	0	0.5	25
	chrIX	257923	1	0.5	25
	chrIX	257924	0	0.5	25
	chrIX	257933	0	0.5	25
	chrIX	257947	0	0.5	25
	chrIX	257954	1	0.5	25
	chrIX	257966	1	0.5	25
	chrIX	257987	0	0.5	25
	chrIX	257996	1	0.5	25
	chrIX	258008	1	0.5	25
	chrIX	258015	0	1.0	25
	chrIX	258016	0	0.5	25
	chrIX	258021	0	0.5	25
	chrIX	258023	0	0.5	25
	chrIX	258034	1	0.5	25
	chrIX	258040	0	0.5	25
	chrIX	258046	1	0.5	25
	chrIX	258073	0	0.5	25
	chrIX	258079	1	0.5	25
	chrIX	258083	0	0.5	25
	chrIX	258089	1	0.5	25
	chrIX	258090	1	0.5	25
	chrIX	258095	1	0.5	25
	chrIX	258119	0	0.5	25
	chrIX	258120	0	0.5	25
	chrIX	258121	0	0.5	25
	chrIX	258159	1	0.5	25
	chrIX	258162	1	0.5	25
	chrIX	258174	1	1.5	25
	chrIX	258185	0	0.5	25
	chrIX	258227	1	0.5	25
	chrIX	258240	0	0.5	25
	chrIX	258261	0	0.5	25
	chrIX	258267	1	0.5	25
	chrIX	258281	0	1.0	25
	chrIX	258282	0	0.5	25
	chrIX	258292	0	0.5	25
	chrIX	258303	1	0.5	25
	chrIX	258318	0	1.0	25
	chrIX	258325	0	0.5	25
	chrIX	258328	0	0.5	25
	chrIX	258343	1	1.5	25
	chrIX	258344	0	0.5	25
	chrIX	258348	0	0.5	25
	chrIX	258353	1	0.5	25
	chrIX	258355	1	0.5	25
	chrIX	258359	1	0.5	25
	chrIX	258360	0	0.5	25
	chrIX	258367	0	0.5	25
	chrIX	258371	0	0.5	25
	chrIX	258386	0	0.5	25
	chrIX	258387	0	0.5	25
	chrIX	258389	0	0.5	25
	chrIX	258390	1	0.5	25
	chrIX	258396	1	1.0	25
	chrIX	258397	0	0.5	25
	chrIX	258397	1	0.5	25
	chrIX	258398	0	0.5	25
	chrIX	258399	0	0.5	25
	chrIX	258400	0	0.5	25
	chrIX	258401	0	1.0	25
	chrIX	258402	0	1.5	25
	chrIX	258403	0	1.0	25
	chrIX	258405	0	0.5	25
	chrIX	258413	1	1.0	25
	chrIX	258414	0	1.0	25
	chrIX	258415	0	0.5	25
	chrIX	258416	0	0.5	25
	chrIX	258442	0	0.5	25
	chrIX	258442	1	0.5	25
	chrIX	258443	0	0.5	25
	chrIX	258454	1	0.5	25
	chrIX	258458	0	0.5	25
	chrIX	258467	1	0.5	25
	chrIX	258468	1	0.5	25
	chrIX	258470	1	0.5	25
	chrIX	258471	1	0.5	25
	chrIX	258476	1	1.0	25
	chrIX	258477	0	0.5	25
	chrIX	258487	1	0.5	25
	chrIX	258490	1	0.5	25
	chrIX	258491	1	0.5	25
	chrIX	258493	1	0.5	25
	chrIX	258495	1	0.5	25
	chrIX	258496	0	0.5	25
	chrIX	258496	1	0.5	25
	chrIX	258498	1	1.0	25
	chrIX	258501	1	0.5	25
	chrIX	258506	1	1.0	25
	chrIX	258511	1	0.5	25
	chrIX	258512	0	1.0	25
	chrIX	258512	1	0.5	25
	chrIX	258519	1	1.0	25
	chrIX	258526	0	0.5	25
	chrIX	258526	1	0.5	25
	chrIX	258527	0	1.0	25
	chrIX	258542	0	0.5	25
	chrIX	258545	0	1.0	25
	chrIX	258551	0	0.5	25
	chrIX	258570	0	0.5	25
	chrIX	258575	0	0.5	25
	chrIX	258579	1	0.5	25
	chrIX	258580	0	0.5	25
	chrIX	258581	1	1.0	25
	chrIX	258582	0	0.5	25
	chrIX	258587	1	1.5	25
	chrIX	258589	0	0.5	25
	chrIX	258591	0	0.5	25
	chrIX	258615	0	0.5	25
	chrIX	258622	1	0.5	25
	chrIX	258623	1	1.0	25
	chrIX	258624	0	1.0	25
	chrIX	258630	0	0.5	25
	chrIX	258633	1	1.0	25
	chrIX	258638	0	1.0	25
	chrIX	258638	1	0.5	25
	chrIX	258639	0	0.5	25
	chrIX	258640	0	0.5	25
	chrIX	258644	1	0.5	25
	chrIX	258648	0	0.5	25
	chrIX	258650	1	1.5	25
	chrIX	258651	0	2.0	25
	chrIX	258656	0	0.5	25
	chrIX	258656	1	0.5	25
	chrIX	258665	0	1.5	25
	chrIX	258669	0	0.5	25
	chrIX	258688	1	0.5	25
	chrIX	258694	0	0.5	25
	chrIX	258697	1	0.5	25
	chrIX	258704	1	0.5	25
	chrIX	258706	1	1.5	25
	chrIX	258707	0	0.5	25
	chrIX	258709	0	0.5	25
	chrIX	258711	1	0.5	25
	chrIX	258717	1	0.5	25
	chrIX	258720	0	0.5	25
	chrIX	258720	1	0.5	25
	chrIX	258728	1	2.5	25
	chrIX	258729	1	1.0	25
	chrIX	258733	1	0.5	25
	chrIX	258744	1	0.5	25
	chrIX	258761	0	0.5	25
	chrIX	258765	1	0.5	25
	chrIX	258773	1	0.5	25
	chrIX	258775	0	0.5	25
	chrIX	258775	1	1.0	25
	chrIX	258780	0	0.5	25
	chrIX	258782	0	0.5	25
	chrIX	258800	0	0.5	25
	chrIX	258803	0	0.5	25
	chrIX	258826	0	0.5	25
	chrIX	258827	1	0.5	25
	chrIX	258855	0	1.0	25
	chrIX	258856	1	0.5	25
	chrIX	258866	1	0.5	25
	chrIX	258874	1	0.5	25
	chrIX	258878	0	0.5	25
	chrIX	258897	1	0.5	25
	chrIX	258902	1	0.5	25
	chrIX	258904	0	0.5	25
	chrIX	258913	1	0.5	25
	chrIX	258921	1	0.5	25
	chrIX	258922	0	1.0	25
	chrIX	258928	1	0.5	25
	chrIX	258933	0	0.5	25
	chrIX	258940	0	1.0	25
	chrIX	258960	1	0.5	25
	chrIX	258975	1	0.5	25
	chrIX	258987	1	0.5	25
	chrIX	258988	0	0.5	25
	chrIX	258995	0	0.5	25
	chrIX	259020	0	0.5	25
	chrIX	259031	1	0.5	25
	chrIX	259034	1	0.5	25
	chrIX	259042	0	0.5	25
	chrIX	259048	1	0.5	25
	chrIX	259056	0	0.5	25
	chrIX	259072	1	0.5	25
	chrIX	259097	0	0.5	25
	chrIX	259103	1	0.5	25
	chrIX	259104	1	1.0	25
	chrIX	259105	1	0.5	25
	chrIX	259107	0	0.5	25
	chrIX	259139	1	0.5	25
	chrIX	259148	0	0.5	25
	chrIX	259161	0	0.5	25
	chrIX	259167	1	0.5	25
	chrIX	259212	1	0.5	25
	chrIX	259215	1	0.5	25
	chrIX	259236	1	0.5	25
	chrIX	259255	0	1.0	25
	chrIX	259259	1	0.5	25
	chrIX	259279	0	0.5	25
	chrIX	259293	0	0.5	25
	chrIX	259324	0	0.5	25
	chrIX	259339	1	0.5	25
	chrIX	259342	1	1.0	25
	chrIX	259345	0	0.5	25
	chrIX	259356	0	0.5	25
	chrIX	259386	0	0.5	25
	chrIX	259400	1	0.5	25
	chrIX	259402	1	0.5	25
	chrIX	259423	0	0.5	25
	chrIX	259449	1	0.5	25
	chrIX	259461	0	0.5	25
	chrIX	259465	0	0.5	25
	chrIX	259475	0	1.0	25
	chrIX	259486	1	0.5	25
	chrIX	259493	1	0.5	25
	chrIX	259507	0	0.5	25
	chrIX	259522	0	0.5	25
	chrIX	259523	1	0.5	25
	chrIX	259535	1	0.5	25
	chrIX	259537	0	0.5	25
	chrIX	259554	0	0.5	25
	chrIX	259554	1	0.5	25
	chrIX	259565	0	0.5	25
	chrIX	259589	1	1.0	25
	chrIX	259601	0	0.5	25
	chrIX	259604	1	0.5	25
	chrIX	259607	1	0.5	25
	chrIX	259609	1	0.5	25
	chrIX	259614	1	0.5	25
	chrIX	259621	0	0.5	25
	chrIX	259624	1	0.5	25
	chrIX	259646	1	0.5	25
	chrIX	259648	0	0.5	25
	chrIX	259666	0	0.5	25
	chrIX	259678	1	0.5	25
	chrIX	259696	0	0.5	25
	chrIX	259701	1	0.5	25
	chrIX	259724	0	0.5	25
	chrIX	259724	1	0.5	25
	chrIX	259777	1	0.5	25
	chrIX	259792	1	0.5	25
	chrIX	259795	0	0.5	25
	chrIX	259816	0	0.5	25
	chrIX	259826	0	0.5	25
	chrIX	259827	0	1.5	25
	chrIX	259856	1	0.5	25
	chrIX	259864	1	0.5	25
	chrIX	259888	1	0.5	25
	chrIX	259906	0	0.5	25
	chrIX	259909	0	0.5	25
	chrIX	259935	0	0.5	25
	chrIX	259943	0	0.5	25
	chrIX	259945	0	1.0	25
	chrIX	259947	0	0.5	25
	chrIX	259954	1	0.5	25
	chrIX	259965	1	0.5	25
	chrIX	259976	0	0.5	25
	chrIX	259980	1	0.5	25
	chrIX	259988	1	0.5	25
	chrIX	259995	1	0.5	25
	chrIX	259997	0	1.0	25
	chrIX	259999	1	0.5	25
	chrIX	260001	0	0.5	25
	chrIX	260004	1	0.5	25
	chrIX	260011	1	0.5	25
	chrIX	260012	0	0.5	25
	chrIX	260014	0	0.5	25
	chrIX	260019	0	0.5	25
	chrIX	260023	1	0.5	25
	chrIX	260025	0	0.5	25
	chrIX	260025	1	1.0	25
	chrIX	260028	0	0.5	25
	chrIX	260029	0	1.0	25
	chrIX	260040	0	0.5	25
	chrIX	260049	1	0.5	25
	chrIX	260052	0	0.5	25
	chrIX	260053	0	0.5	25
	chrIX	260060	1	0.5	25
	chrIX	260061	1	1.0	25
	chrIX	260062	0	0.5	25
	chrIX	260062	1	0.5	25
	chrIX	260073	1	0.5	25
	chrIX	260082	1	0.5	25
	chrIX	260099	1	0.5	25
	chrIX	260101	1	0.5	25
	chrIX	260102	0	0.5	25
	chrIX	260102	1	0.5	25
	chrIX	260103	1	1.0	25
	chrIX	260104	0	0.5	25
	chrIX	260109	0	0.5	25
	chrIX	260112	0	0.5	25
	chrIX	260112	1	0.5	25
	chrIX	260113	1	0.5	25
	chrIX	260117	0	0.5	25
	chrIX	260134	0	0.5	25
	chrIX	260144	1	0.5	25
	chrIX	260153	0	0.5	25
	chrIX	260165	1	0.5	25
	chrIX	260172	0	1.0	25
	chrIX	260175	1	0.5	25
	chrIX	260178	1	0.5	25
	chrIX	260186	1	0.5	25
	chrIX	260189	0	0.5	25
	chrIX	260196	0	0.5	25
	chrIX	260198	0	0.5	25
	chrIX	260200	1	0.5	25
	chrIX	260215	1	0.5	25
	chrIX	260223	0	0.5	25
	chrIX	260228	0	0.5	25
	chrIX	260234	1	0.5	25
	chrIX	260235	1	0.5	25
	chrIX	260243	0	0.5	25
	chrIX	260243	1	0.5	25
	chrIX	260257	0	0.5	25
	chrIX	260258	1	0.5	25
	chrIX	260273	1	0.5	25
	chrIX	260275	1	0.5	25
	chrIX	260276	0	0.5	25
	chrIX	260277	0	0.5	25
	chrIX	260279	0	0.5	25
	chrIX	260296	1	0.5	25
	chrIX	260313	0	0.5	25
	chrIX	260319	1	0.5	25
	chrIX	260321	1	0.5	25
	chrIX	260324	1	0.5	25
	chrIX	260332	0	0.5	25
	chrIX	260335	0	0.5	25
	chrIX	260341	0	0.5	25
	chrIX	260363	1	0.5	25
	chrIX	260365	0	0.5	25
	chrIX	260379	1	0.5	25
	chrIX	260408	1	0.5	25
	chrIX	260417	1	0.5	25
	chrIX	260430	1	0.5	25
	chrIX	260432	0	1.0	25
	chrIX	260433	1	0.5	25
	chrIX	260436	0	0.5	25
	chrIX	260437	1	0.5	25
	chrIX	260459	0	0.5	25
	chrIX	260476	0	0.5	25
	chrIX	260505	1	1.0	25
	chrIX	260513	0	0.5	25
	chrIX	260514	0	0.5	25
	chrIX	260519	1	0.5	25
	chrIX	260525	0	0.5	25
	chrIX	260533	1	0.5	25
	chrIX	260550	0	0.5	25
	chrIX	260574	1	0.5	25
	chrIX	260589	1	0.5	25
	chrIX	260598	0	0.5	25
	chrIX	260611	1	0.5	25
	chrIX	260612	0	0.5	25
	chrIX	260619	0	0.5	25
	chrIX	260624	1	0.5	25
	chrIX	260633	0	0.5	25
	chrIX	260634	1	0.5	25
	chrIX	260639	0	1.5	25
	chrIX	260640	0	0.5	25
	chrIX	260662	1	0.5	25
	chrIX	260669	1	0.5	25
	chrIX	260676	0	0.5	25
	chrIX	260679	1	0.5	25
	chrIX	260695	0	1.0	25
	chrIX	260722	1	0.5	25
	chrIX	260730	1	1.0	25
	chrIX	260744	0	0.5	25
	chrIX	260748	0	0.5	25
	chrIX	260760	1	0.5	25
	chrIX	260779	1	0.5	25
	chrIX	260781	0	0.5	25
	chrIX	260788	0	1.0	25
	chrIX	260788	1	0.5	25
	chrIX	260799	0	0.5	25
	chrIX	260822	1	0.5	25
	chrIX	260825	0	0.5	25
	chrIX	260827	0	0.5	25
	chrIX	260829	1	0.5	25
	chrIX	260830	0	0.5	25
	chrIX	260830	1	0.5	25
	chrIX	260831	0	0.5	25
	chrIX	260832	0	0.5	25
	chrIX	260833	0	0.5	25
	chrIX	260838	1	0.5	25
	chrIX	260839	0	0.5	25
	chrIX	260855	1	0.5	25
	chrIX	260857	0	0.5	25
	chrIX	260857	1	0.5	25
	chrIX	260860	0	0.5	25
	chrIX	260863	0	0.5	25
	chrIX	260869	1	0.5	25
	chrIX	260872	0	0.5	25
	chrIX	260877	0	0.5	25
	chrIX	260892	1	0.5	25
	chrIX	260902	1	0.5	25
	chrIX	260910	0	0.5	25
	chrIX	260917	1	0.5	25
	chrIX	260921	0	0.5	25
	chrIX	260922	0	0.5	25
	chrIX	260923	1	0.5	25
	chrIX	260926	0	0.5	25
	chrIX	260932	1	0.5	25
	chrIX	260943	0	0.5	25
	chrIX	260949	1	0.5	25
	chrIX	260958	0	1.5	25
	chrIX	260980	0	0.5	25
	chrIX	260987	0	0.5	25
	chrIX	260988	1	0.5	25
	chrIX	260991	0	1.0	25
	chrIX	260993	0	0.5	25
	chrIX	260997	1	0.5	25
	chrIX	260999	0	0.5	25
	chrIX	261004	1	0.5	25
	chrIX	261005	1	0.5	25
	chrIX	261009	0	1.0	25
	chrIX	261017	1	0.5	25
	chrIX	261023	0	0.5	25
	chrIX	261023	1	0.5	25
	chrIX	261026	1	1.5	25
	chrIX	261027	0	1.0	25
	chrIX	261027	1	0.5	25
	chrIX	261028	1	1.0	25
	chrIX	261029	0	0.5	25
	chrIX	261031	0	0.5	25
	chrIX	261038	0	0.5	25
	chrIX	261041	1	0.5	25
	chrIX	261042	0	0.5	25
	chrIX	261050	1	1.0	25
	chrIX	261056	1	0.5	25
	chrIX	261058	0	1.0	25
	chrIX	261064	0	0.5	25
	chrIX	261084	1	0.5	25
	chrIX	261085	1	0.5	24
	chrIX	261085	1	1.0	25
	chrIX	261086	1	0.5	25
	chrIX	261087	0	1.0	25
	chrIX	261089	0	0.5	25
	chrIX	261095	1	1.0	25
	chrIX	261101	1	0.5	25
	chrIX	261103	1	2.0	25
	chrIX	261104	0	0.5	25
	chrIX	261104	1	0.5	25
	chrIX	261110	1	1.0	25
	chrIX	261123	1	0.5	25
	chrIX	261126	1	0.5	25
	chrIX	261132	0	0.5	25
	chrIX	261166	0	0.5	25
	chrIX	261166	1	0.5	25
	chrIX	261190	1	0.5	25
	chrIX	261192	0	1.5	25
	chrIX	261196	0	0.5	25
	chrIX	261236	0	0.5	25
	chrIX	261237	0	0.5	25
	chrIX	261243	1	0.5	25
	chrIX	261245	1	0.5	25
	chrIX	261246	1	1.0	25
	chrIX	261258	1	1.5	25
	chrIX	261266	0	0.5	25
	chrIX	261285	1	0.5	25
	chrIX	261291	0	0.5	25
	chrIX	261294	1	0.5	25
	chrIX	261315	0	0.5	25
	chrIX	261322	1	0.5	25
	chrIX	261340	1	0.5	25
	chrIX	261361	1	0.5	25
	chrIX	261429	0	0.5	25
	chrIX	261459	0	1.0	25
	chrIX	261459	1	0.5	25
	chrIX	261468	0	0.5	25
	chrIX	261476	0	0.5	25
	chrIX	261491	1	0.5	25
	chrIX	261507	0	1.0	25
	chrIX	261510	0	1.0	25
	chrIX	261546	0	0.5	25
	chrIX	261547	0	0.5	25
	chrIX	261567	0	0.5	25
	chrIX	261567	1	0.5	25
	chrIX	261569	1	1.0	25
	chrIX	261593	1	1.0	25
	chrIX	261595	1	0.5	25
	chrIX	261603	1	0.5	25
	chrIX	261611	1	0.5	25
	chrIX	261620	0	0.5	25
	chrIX	261631	0	0.5	25
	chrIX	261663	0	1.0	25
	chrIX	261664	1	0.5	25
	chrIX	261667	1	0.5	25
	chrIX	261700	1	1.0	25
	chrIX	261728	1	0.5	25
	chrIX	261743	0	0.5	25
	chrIX	261767	0	0.5	25
	chrIX	261795	1	1.0	25
	chrIX	261838	1	0.5	25
	chrIX	261840	0	0.5	25
	chrIX	261842	1	0.5	25
	chrIX	261868	0	0.5	25
	chrIX	261904	0	0.5	25
	chrIX	261921	0	0.5	25
	chrIX	261925	0	0.5	25
	chrIX	261925	1	0.5	25
	chrIX	261930	0	0.5	25
	chrIX	261941	0	0.5	25
	chrIX	261945	0	1.0	25
	chrIX	261947	0	0.5	25
	chrIX	261950	0	0.5	25
	chrIX	261952	1	0.5	25
	chrIX	261967	1	0.5	25
	chrIX	261992	1	0.5	25
	chrIX	261998	1	0.5	25
	chrIX	262002	1	1.5	25
	chrIX	262007	1	0.5	25
	chrIX	262008	0	0.5	25
	chrIX	262039	1	0.5	25
	chrIX	262051	0	0.5	25
	chrIX	262072	1	0.5	25
	chrIX	262102	1	0.5	25
	chrIX	262104	1	0.5	25
	chrIX	262114	0	0.5	25
	chrIX	262180	1	0.5	25
	chrIX	262218	0	0.5	25
	chrIX	262236	0	0.5	25
	chrIX	262240	0	0.5	25
	chrIX	262261	1	0.5	25
	chrIX	262267	0	0.5	25
	chrIX	262273	0	0.5	25
	chrIX	262274	0	0.5	25
	chrIX	262287	1	0.5	25
	chrIX	262297	1	0.5	25
	chrIX	262309	0	0.5	25
	chrIX	262319	0	0.5	25
	chrIX	262321	0	0.5	25
	chrIX	262326	1	0.5	25
	chrIX	262337	1	1.0	25
	chrIX	262338	0	0.5	25
	chrIX	262343	0	0.5	25
	chrIX	262361	0	0.5	25
	chrIX	262372	1	0.5	25
	chrIX	262382	1	0.5	25
	chrIX	262411	1	1.5	25
	chrIX	262419	1	0.5	25
	chrIX	262470	0	0.5	25
	chrIX	262483	0	0.5	25
	chrIX	262524	1	0.5	25
	chrIX	262552	1	0.5	25
	chrIX	262712	0	0.5	25
	chrIX	262723	0	0.5	25
	chrIX	262751	1	0.5	25
	chrIX	262772	0	0.5	25
	chrIX	262777	0	0.5	25
	chrIX	262803	1	0.5	25
	chrIX	262820	1	0.5	25
	chrIX	262844	1	0.5	25
	chrIX	262850	0	0.5	25
	chrIX	262853	0	0.5	25
	chrIX	262903	0	0.5	25
	chrIX	262912	1	0.5	25
	chrIX	262918	1	0.5	25
	chrIX	262972	1	0.5	25
	chrIX	263062	0	0.5	25
	chrIX	263075	0	0.5	25
	chrIX	263096	0	0.5	25
	chrIX	263101	0	0.5	25
	chrIX	263105	0	0.5	25
	chrIX	263116	0	1.0	25
	chrIX	263135	1	0.5	25
	chrIX	263149	1	0.5	25
	chrIX	263150	0	0.5	25
	chrIX	263153	1	1.0	25
	chrIX	263159	1	0.5	25
	chrIX	263168	1	0.5	25
	chrIX	263206	0	1.0	25
	chrIX	263208	0	0.5	25
	chrIX	263233	1	0.5	25
	chrIX	263268	1	1.5	25
	chrIX	263271	0	0.5	25
	chrIX	263309	0	0.5	25
	chrIX	263319	0	0.5	25
	chrIX	263338	0	0.5	25
	chrIX	263343	1	0.5	25
	chrIX	263349	0	0.5	25
	chrIX	263413	1	0.5	25
	chrIX	263420	1	0.5	25
	chrIX	263438	0	0.5	25
	chrIX	263445	1	0.5	25
	chrIX	263476	1	0.5	25
	chrIX	263502	0	0.5	25
	chrIX	263503	0	0.5	25
	chrIX	263524	0	0.5	25
	chrIX	263525	0	0.5	25
	chrIX	263533	1	0.5	25
	chrIX	263566	1	0.5	25
	chrIX	263579	1	0.5	25
	chrIX	263581	0	0.5	25
	chrIX	263581	1	0.5	25
	chrIX	263598	0	0.5	25
	chrIX	263620	0	0.5	25
	chrIX	263626	1	0.5	25
	chrIX	263636	1	0.5	25
	chrIX	263664	0	0.5	25
	chrIX	263670	1	0.5	25
	chrIX	263682	0	0.5	25
	chrIX	263684	1	0.5	25
	chrIX	263694	1	0.5	25
	chrIX	263715	0	1.0	25
	chrIX	263720	0	0.5	25
	chrIX	263721	0	1.0	25
	chrIX	263730	0	0.5	25
	chrIX	263742	1	0.5	25
	chrIX	263757	1	0.5	25
	chrIX	263770	0	0.5	25
	chrIX	263783	0	0.5	25
	chrIX	263785	1	1.0	25
	chrIX	263793	1	0.5	25
	chrIX	263795	0	0.5	25
	chrIX	263804	1	0.5	25
	chrIX	263823	0	0.5	25
	chrIX	263839	1	0.5	25
	chrIX	263848	0	0.5	25
	chrIX	263848	1	0.5	25
	chrIX	263852	0	0.5	25
	chrIX	263878	1	0.5	25
	chrIX	263879	1	1.0	25
	chrIX	263881	0	0.5	25
	chrIX	263909	0	0.5	25
	chrIX	263910	0	0.5	25
	chrIX	263913	0	0.5	25
	chrIX	263930	0	0.5	25
	chrIX	263937	1	0.5	25
	chrIX	263946	1	0.5	25
	chrIX	263955	0	0.5	25
	chrIX	263957	1	0.5	25
	chrIX	263961	1	0.5	25
	chrIX	263992	1	0.5	25
	chrIX	263994	0	1.0	25
	chrIX	264011	1	0.5	25
	chrIX	264015	1	0.5	25
	chrIX	264034	1	0.5	25
	chrIX	264051	0	0.5	25
	chrIX	264062	0	1.0	25
	chrIX	264072	1	0.5	25
	chrIX	264149	0	0.5	25
	chrIX	264150	0	1.0	25
	chrIX	264152	0	0.5	25
	chrIX	264161	1	1.0	25
	chrIX	264163	0	0.5	25
	chrIX	264182	0	0.5	25
	chrIX	264215	0	0.5	25
	chrIX	264218	1	0.5	25
	chrIX	264225	1	1.0	25
	chrIX	264233	1	1.0	25
	chrIX	264234	0	0.5	25
	chrIX	264234	1	0.5	25
	chrIX	264251	1	0.5	25
	chrIX	264252	0	0.5	25
	chrIX	264260	1	0.5	25
	chrIX	264275	0	0.5	25
	chrIX	264277	0	0.5	25
	chrIX	264278	0	0.5	25
	chrIX	264291	0	0.5	25
	chrIX	264302	1	0.5	25
	chrIX	264303	1	0.5	25
	chrIX	264337	1	0.5	25
	chrIX	264338	1	0.5	25
	chrIX	264340	1	0.5	25
	chrIX	264341	1	1.0	25
	chrIX	264364	0	0.5	25
	chrIX	264375	0	0.5	25
	chrIX	264379	0	0.5	25
	chrIX	264391	0	0.5	25
	chrIX	264424	0	0.5	25
	chrIX	264432	0	0.5	25
	chrIX	264439	0	0.5	25
	chrIX	264452	1	0.5	25
	chrIX	264453	0	0.5	25
	chrIX	264469	0	0.5	25
	chrIX	264476	0	0.5	25
	chrIX	264478	1	0.5	25
	chrIX	264482	1	0.5	25
	chrIX	264502	1	0.5	25
	chrIX	264516	0	1.0	25
	chrIX	264516	1	0.5	25
	chrIX	264517	0	0.5	25
	chrIX	264522	1	0.5	25
	chrIX	264529	1	0.5	25
	chrIX	264534	1	0.5	25
	chrIX	264535	1	1.0	25
	chrIX	264545	1	1.0	25
	chrIX	264563	0	0.5	25
	chrIX	264570	1	0.5	25
	chrIX	264574	0	0.5	25
	chrIX	264590	0	0.5	25
	chrIX	264594	1	0.5	25
	chrIX	264609	0	0.5	25
	chrIX	264617	0	0.5	25
	chrIX	264648	1	0.5	25
	chrIX	264660	1	0.5	25
	chrIX	264666	0	0.5	25
	chrIX	264672	0	0.5	25
	chrIX	264683	1	0.5	25
	chrIX	264698	1	0.5	25
	chrIX	264699	0	0.5	25
	chrIX	264704	0	0.5	25
	chrIX	264715	0	0.5	25
	chrIX	264730	0	0.5	25
	chrIX	264745	1	0.5	25
	chrIX	264747	1	0.5	25
	chrIX	264748	0	0.5	25
	chrIX	264751	0	0.5	25
	chrIX	264752	1	0.5	25
	chrIX	264753	1	0.5	25
	chrIX	264754	0	1.0	25
	chrIX	264754	1	0.5	25
	chrIX	264756	1	0.5	25
	chrIX	264757	0	0.5	25
	chrIX	264766	0	0.5	25
	chrIX	264777	1	0.5	25
	chrIX	264790	1	0.5	25
	chrIX	264795	0	0.5	25
	chrIX	264799	1	0.5	25
	chrIX	264804	0	0.5	25
	chrIX	264812	0	1.0	25
	chrIX	264814	0	0.5	25
	chrIX	264816	0	0.5	25
	chrIX	264836	0	0.5	25
	chrIX	264839	0	0.5	25
	chrIX	264851	0	0.5	25
	chrIX	264857	0	0.5	25
	chrIX	264857	1	0.5	25
	chrIX	264860	0	0.5	25
	chrIX	264861	1	1.0	25
	chrIX	264862	0	0.5	25
	chrIX	264889	1	0.5	25
	chrIX	264890	1	0.5	25
	chrIX	264899	0	0.5	25
	chrIX	264903	0	0.5	25
	chrIX	264908	1	0.5	25
	chrIX	264909	1	1.0	25
	chrIX	264911	1	0.5	25
	chrIX	264914	1	0.5	25
	chrIX	264916	0	0.5	25
	chrIX	264928	1	0.5	25
	chrIX	264935	1	0.5	25
	chrIX	264946	0	0.5	25
	chrIX	264946	1	0.5	25
	chrIX	264947	0	0.5	25
	chrIX	264951	1	1.0	25
	chrIX	264952	0	1.0	25
	chrIX	264962	0	0.5	25
	chrIX	264969	1	0.5	25
	chrIX	264971	1	0.5	25
	chrIX	264977	1	0.5	25
	chrIX	264996	0	0.5	25
	chrIX	265001	1	0.5	25
	chrIX	265011	1	0.5	25
	chrIX	265016	1	1.0	25
	chrIX	265023	0	0.5	25
	chrIX	265025	0	0.5	25
	chrIX	265027	0	0.5	25
	chrIX	265030	1	0.5	25
	chrIX	265031	0	1.5	25
	chrIX	265041	0	0.5	25
	chrIX	265047	0	1.0	25
	chrIX	265048	1	0.5	25
	chrIX	265051	1	0.5	25
	chrIX	265063	1	0.5	25
	chrIX	265070	1	0.5	25
	chrIX	265077	0	0.5	25
	chrIX	265088	1	1.5	25
	chrIX	265090	0	0.5	25
	chrIX	265106	1	0.5	25
	chrIX	265113	1	0.5	25
	chrIX	265127	1	1.0	25
	chrIX	265133	1	0.5	25
	chrIX	265143	1	0.5	25
	chrIX	265309	0	0.5	25
	chrIX	265338	0	0.5	25
	chrIX	265356	1	0.5	25
	chrIX	265389	0	0.5	25
	chrIX	265411	0	0.5	25
	chrIX	265416	0	0.5	25
	chrIX	265420	0	0.5	25
	chrIX	265443	0	0.5	25
	chrIX	265444	0	0.5	25
	chrIX	265454	1	0.5	25
	chrIX	265465	1	0.5	25
	chrIX	265490	0	0.5	25
	chrIX	265492	0	0.5	25
	chrIX	265495	1	0.5	25
	chrIX	265497	1	0.5	25
	chrIX	265502	0	1.0	25
	chrIX	265510	1	0.5	25
	chrIX	265514	0	0.5	25
	chrIX	265514	1	0.5	25
	chrIX	265515	0	0.5	25
	chrIX	265518	0	0.5	25
	chrIX	265553	0	1.0	25
	chrIX	265565	1	0.5	25
	chrIX	265567	1	1.0	25
	chrIX	265568	1	0.5	25
	chrIX	265572	1	0.5	25
	chrIX	265575	1	0.5	25
	chrIX	265587	1	0.5	25
	chrIX	265600	0	0.5	25
	chrIX	265613	0	1.0	25
	chrIX	265628	1	1.0	25
	chrIX	265630	0	0.5	25
	chrIX	265657	0	0.5	25
	chrIX	265671	0	0.5	25
	chrIX	265673	0	1.0	25
	chrIX	265696	1	0.5	25
	chrIX	265697	1	0.5	25
	chrIX	265706	1	1.0	25
	chrIX	265709	1	0.5	25
	chrIX	265710	1	0.5	25
	chrIX	265715	0	0.5	25
	chrIX	265722	1	1.0	25
	chrIX	265763	1	0.5	25
	chrIX	265766	0	1.0	25
	chrIX	265767	0	0.5	25
	chrIX	265780	1	0.5	25
	chrIX	265804	0	0.5	25
	chrIX	265839	0	0.5	25
	chrIX	265856	0	0.5	25
	chrIX	265862	1	1.0	25
	chrIX	265877	1	0.5	25
	chrIX	265893	0	0.5	25
	chrIX	265907	0	1.0	25
	chrIX	265931	0	1.0	25
	chrIX	265951	1	0.5	25
	chrIX	265953	1	0.5	25
	chrIX	265967	1	0.5	25
	chrIX	266020	1	0.5	25
	chrIX	266028	0	1.0	25
	chrIX	266036	1	1.0	25
	chrIX	266082	0	0.5	25
	chrIX	266085	1	1.0	25
	chrIX	266140	1	1.0	25
	chrIX	266144	0	0.5	25
	chrIX	266145	0	0.5	25
	chrIX	266198	0	0.5	25
	chrIX	266218	0	0.5	25
	chrIX	266237	1	0.5	25
	chrIX	266241	0	0.5	25
	chrIX	266248	0	0.5	25
	chrIX	266272	1	0.5	25
	chrIX	266278	1	0.5	25
	chrIX	266287	0	1.0	25
	chrIX	266292	0	1.0	25
	chrIX	266309	1	1.0	25
	chrIX	266311	1	0.5	25
	chrIX	266324	0	0.5	25
	chrIX	266333	0	0.5	25
	chrIX	266335	0	0.5	25
	chrIX	266341	1	0.5	25
	chrIX	266347	1	1.0	25
	chrIX	266376	1	0.5	25
	chrIX	266385	0	0.5	25
	chrIX	266385	1	0.5	25
	chrIX	266405	1	0.5	25
	chrIX	266410	0	0.5	25
	chrIX	266416	1	0.5	25
	chrIX	266417	1	0.5	25
	chrIX	266436	1	0.5	25
	chrIX	266478	0	0.5	24
	chrIX	266492	0	0.5	25
	chrIX	266523	1	0.5	25
	chrIX	266549	0	0.5	25
	chrIX	266553	0	0.5	25
	chrIX	266560	0	0.5	25
	chrIX	266593	1	0.5	25
	chrIX	266595	1	0.5	25
	chrIX	266608	0	1.0	25
	chrIX	266617	1	0.5	25
	chrIX	266667	1	0.5	25
	chrIX	266693	0	0.5	25
	chrIX	266699	1	0.5	25
	chrIX	266766	1	1.0	25
	chrIX	266774	1	0.5	25
	chrIX	266776	0	0.5	25
	chrIX	266792	0	0.5	25
	chrIX	266832	0	0.5	25
	chrIX	266869	0	0.5	25
	chrIX	266910	1	0.5	25
	chrIX	266919	0	0.5	25
	chrIX	266933	1	0.5	25
	chrIX	266951	1	0.5	25
	chrIX	266952	0	0.5	25
	chrIX	267003	1	0.5	25
	chrIX	267064	1	0.5	25
	chrIX	267128	0	0.5	25
	chrIX	267141	1	0.5	25
	chrIX	267171	0	0.5	25
	chrIX	267207	0	0.5	25
	chrIX	267229	0	0.5	25
	chrIX	267250	1	0.5	25
	chrIX	267257	1	0.5	25
	chrIX	267321	0	0.5	25
	chrIX	267334	1	0.5	25
	chrIX	267343	1	0.5	25
	chrIX	267350	0	0.5	25
	chrIX	267363	0	1.0	25
	chrIX	267365	1	0.5	25
	chrIX	267383	0	0.5	25
	chrIX	267394	0	0.5	25
	chrIX	267427	0	0.5	25
	chrIX	267428	0	1.0	25
	chrIX	267431	1	0.5	25
	chrIX	267433	1	0.5	25
	chrIX	267443	1	0.5	25
	chrIX	267446	1	0.5	25
	chrIX	267448	0	0.5	25
	chrIX	267475	1	0.5	25
	chrIX	267500	0	0.5	25
	chrIX	267505	1	0.5	25
	chrIX	267534	1	0.5	25
	chrIX	267559	1	1.0	25
	chrIX	267560	0	0.5	25
	chrIX	267562	0	0.5	25
	chrIX	267603	0	0.5	25
	chrIX	267604	0	0.5	25
	chrIX	267604	1	0.5	25
	chrIX	267639	1	0.5	25
	chrIX	267651	1	0.5	25
	chrIX	267665	0	1.0	25
	chrIX	267702	1	0.5	25
	chrIX	267727	1	1.0	25
	chrIX	267750	1	0.5	25
	chrIX	267771	0	1.0	25
	chrIX	267785	0	0.5	25
	chrIX	267822	1	1.0	25
	chrIX	267841	1	0.5	25
	chrIX	267868	0	0.5	25
	chrIX	267891	0	0.5	25
	chrIX	267895	0	0.5	25
	chrIX	267909	1	0.5	25
	chrIX	267912	0	0.5	25
	chrIX	267922	0	0.5	25
	chrIX	267930	0	0.5	25
	chrIX	267938	0	0.5	24
	chrIX	267946	1	0.5	25
	chrIX	267947	0	0.5	25
	chrIX	267961	0	0.5	25
	chrIX	267970	1	0.5	25
	chrIX	267985	1	0.5	25
	chrIX	268001	1	0.5	25
	chrIX	268003	0	0.5	25
	chrIX	268012	1	0.5	25
	chrIX	268013	0	0.5	25
	chrIX	268015	1	0.5	25
	chrIX	268034	0	0.5	25
	chrIX	268038	1	0.5	25
	chrIX	268060	0	0.5	25
	chrIX	268102	1	0.5	25
	chrIX	268103	0	0.5	25
	chrIX	268107	1	0.5	25
	chrIX	268117	1	0.5	25
	chrIX	268141	1	0.5	25
	chrIX	268158	0	0.5	25
	chrIX	268180	1	0.5	25
	chrIX	268181	0	0.5	25
	chrIX	268189	0	0.5	25
	chrIX	268200	1	0.5	25
	chrIX	268210	0	0.5	25
	chrIX	268217	0	0.5	25
	chrIX	268220	0	0.5	25
	chrIX	268260	0	0.5	25
	chrIX	268279	1	0.5	25
	chrIX	268286	0	2.0	25
	chrIX	268292	1	1.0	25
	chrIX	268309	0	0.5	25
	chrIX	268310	0	0.5	25
	chrIX	268325	0	0.5	25
	chrIX	268326	1	0.5	25
	chrIX	268332	0	0.5	25
	chrIX	268349	0	0.5	25
	chrIX	268355	1	0.5	25
	chrIX	268356	0	0.5	25
	chrIX	268360	1	0.5	25
	chrIX	268362	0	0.5	25
	chrIX	268362	1	0.5	25
	chrIX	268365	0	0.5	25
	chrIX	268371	0	0.5	25
	chrIX	268371	1	0.5	25
	chrIX	268372	1	0.5	25
	chrIX	268376	1	0.5	25
	chrIX	268381	0	0.5	25
	chrIX	268387	1	0.5	25
	chrIX	268388	1	0.5	25
	chrIX	268389	0	0.5	25
	chrIX	268389	1	1.5	25
	chrIX	268431	0	0.5	25
	chrIX	268438	1	0.5	25
	chrIX	268439	1	0.5	25
	chrIX	268449	1	0.5	25
	chrIX	268457	1	0.5	25
	chrIX	268458	0	0.5	25
	chrIX	268460	1	0.5	25
	chrIX	268466	0	0.5	25
	chrIX	268467	0	0.5	25
	chrIX	268497	0	0.5	25
	chrIX	268519	1	0.5	25
	chrIX	268528	1	0.5	25
	chrIX	268530	1	1.0	25
	chrIX	268532	0	0.5	25
	chrIX	268536	0	0.5	25
	chrIX	268556	1	0.5	25
	chrIX	268562	1	0.5	25
	chrIX	268563	0	0.5	25
	chrIX	268565	0	0.5	25
	chrIX	268588	1	1.0	25
	chrIX	268605	0	0.5	25
	chrIX	268627	0	0.5	25
	chrIX	268628	1	0.5	25
	chrIX	268656	0	0.5	25
	chrIX	268669	1	0.5	25
	chrIX	268699	0	0.5	25
	chrIX	268704	1	0.5	25
	chrIX	268723	1	0.5	25
	chrIX	268748	1	0.5	25
	chrIX	268769	1	0.5	25
	chrIX	268775	0	0.5	25
	chrIX	268782	0	0.5	25
	chrIX	268782	1	0.5	25
	chrIX	268785	0	0.5	25
	chrIX	268833	0	0.5	25
	chrIX	268869	1	0.5	25
	chrIX	268878	1	0.5	25
	chrIX	268894	0	1.0	25
	chrIX	268894	1	0.5	25
	chrIX	268911	1	0.5	25
	chrIX	268916	0	0.5	25
	chrIX	268954	1	0.5	25
	chrIX	268972	1	0.5	25
	chrIX	268974	1	0.5	25
	chrIX	268988	0	0.5	25
	chrIX	269009	0	0.5	25
	chrIX	269018	0	0.5	25
	chrIX	269062	1	0.5	25
	chrIX	269110	1	0.5	25
	chrIX	269131	0	0.5	25
	chrIX	269139	0	0.5	25
	chrIX	269158	1	0.5	25
	chrIX	269162	0	0.5	25
	chrIX	269213	1	0.5	25
	chrIX	269224	0	0.5	25
	chrIX	269241	0	0.5	25
	chrIX	269256	0	0.5	25
	chrIX	269263	0	0.5	25
	chrIX	269285	0	0.5	25
	chrIX	269302	1	0.5	25
	chrIX	269305	1	0.5	25
	chrIX	269320	1	0.5	25
	chrIX	269344	1	0.5	25
	chrIX	269345	1	0.5	25
	chrIX	269346	0	0.5	25
	chrIX	269373	1	0.5	25
	chrIX	269386	1	0.5	25
	chrIX	269466	0	0.5	25
	chrIX	269528	1	0.5	25
	chrIX	269534	0	0.5	25
	chrIX	269588	1	0.5	25
	chrIX	269625	1	0.5	25
	chrIX	269675	0	0.5	24
	chrIX	269678	0	0.5	25
	chrIX	269702	0	0.5	25
	chrIX	269741	1	0.5	25
	chrIX	269745	1	0.5	25
	chrIX	269762	0	1.0	25
	chrIX	269809	1	0.5	25
	chrIX	269814	0	0.5	25
	chrIX	269821	0	0.5	25
	chrIX	269863	1	1.0	25
	chrIX	269892	1	0.5	25
	chrIX	269897	1	0.5	25
	chrIX	270297	0	0.5	25
	chrIX	270353	0	1.0	25
	chrIX	270393	0	0.5	25
	chrIX	270420	1	1.0	25
	chrIX	270426	0	0.5	25
	chrIX	270433	1	0.5	25
	chrIX	270447	0	1.0	25
	chrIX	270477	0	0.5	25
	chrIX	270492	1	0.5	25
	chrIX	270505	0	0.5	25
	chrIX	270523	1	1.0	25
	chrIX	270526	1	0.5	25
	chrIX	270602	1	0.5	25
	chrIX	270605	1	0.5	25
	chrIX	270606	0	0.5	25
	chrIX	270616	0	0.5	25
	chrIX	270642	0	0.5	25
	chrIX	270658	0	0.5	25
	chrIX	270659	0	2.0	25
	chrIX	270667	0	0.5	25
	chrIX	270671	0	0.5	25
	chrIX	270679	1	0.5	25
	chrIX	270702	1	1.0	25
	chrIX	270708	0	0.5	25
	chrIX	270718	1	0.5	25
	chrIX	270741	0	0.5	25
	chrIX	270745	1	0.5	25
	chrIX	270747	1	0.5	25
	chrIX	270768	1	0.5	25
	chrIX	270776	0	1.5	25
	chrIX	270777	0	0.5	25
	chrIX	270783	1	0.5	25
	chrIX	270787	0	0.5	25
	chrIX	270813	0	0.5	25
	chrIX	270813	1	1.0	25
	chrIX	270836	0	0.5	25
	chrIX	270850	1	0.5	25
	chrIX	270851	1	0.5	25
	chrIX	270852	1	0.5	25
	chrIX	270854	0	0.5	25
	chrIX	270855	1	0.5	25
	chrIX	270858	1	0.5	25
	chrIX	270888	0	0.5	25
	chrIX	270898	0	1.0	25
	chrIX	270908	1	0.5	25
	chrIX	270909	0	0.5	25
	chrIX	270930	0	0.5	25
	chrIX	270940	0	0.5	25
	chrIX	270949	0	1.0	25
	chrIX	270949	1	0.5	25
	chrIX	270956	1	0.5	25
	chrIX	270965	1	0.5	25
	chrIX	270966	1	0.5	25
	chrIX	270969	1	0.5	25
	chrIX	270970	0	0.5	25
	chrIX	270971	0	0.5	25
	chrIX	270971	1	0.5	25
	chrIX	270972	0	0.5	25
	chrIX	270987	1	1.0	25
	chrIX	270993	0	0.5	25
	chrIX	270993	1	0.5	25
	chrIX	270994	0	3.0	25
	chrIX	270994	1	0.5	25
	chrIX	270996	1	0.5	25
	chrIX	271008	1	0.5	25
	chrIX	271013	0	0.5	25
	chrIX	271016	0	0.5	25
	chrIX	271021	1	0.5	25
	chrIX	271026	1	0.5	25
	chrIX	271038	1	0.5	23
	chrIX	271039	1	0.5	25
	chrIX	271040	1	0.5	25
	chrIX	271045	0	0.5	25
	chrIX	271046	1	2.0	25
	chrIX	271051	0	1.0	25
	chrIX	271053	1	0.5	25
	chrIX	271103	1	0.5	25
	chrIX	271107	1	0.5	25
	chrIX	271111	1	0.5	25
	chrIX	271112	0	0.5	25
	chrIX	271126	1	0.5	25
	chrIX	271130	0	0.5	25
	chrIX	271161	1	0.5	25
	chrIX	271162	0	0.5	25
	chrIX	271181	1	0.5	25
	chrIX	271189	1	0.5	25
	chrIX	271191	1	0.5	25
	chrIX	271253	0	0.5	25
	chrIX	271267	0	0.5	25
	chrIX	271276	0	0.5	25
	chrIX	271305	0	0.5	25
	chrIX	271309	0	0.5	25
	chrIX	271332	1	0.5	25
	chrIX	271334	1	0.5	25
	chrIX	271357	0	1.0	25
	chrIX	271374	1	0.5	25
	chrIX	271379	1	0.5	25
	chrIX	271392	0	0.5	25
	chrIX	271408	0	0.5	25
	chrIX	271413	0	0.5	25
	chrIX	271443	1	0.5	25
	chrIX	271452	1	1.0	25
	chrIX	271453	0	0.5	25
	chrIX	271470	1	0.5	25
	chrIX	271483	1	0.5	25
	chrIX	271514	1	0.5	25
	chrIX	271538	0	0.5	25
	chrIX	271542	1	0.5	25
	chrIX	271581	0	0.5	25
	chrIX	271599	0	0.5	25
	chrIX	271604	0	0.5	25
	chrIX	271628	0	0.5	25
	chrIX	271644	0	0.5	25
	chrIX	271645	1	0.5	25
	chrIX	271648	1	0.5	25
	chrIX	271653	0	0.5	25
	chrIX	271654	1	0.5	25
	chrIX	271680	1	0.5	25
	chrIX	271688	1	0.5	25
	chrIX	271709	0	0.5	25
	chrIX	271732	1	0.5	25
	chrIX	271786	0	0.5	25
	chrIX	271789	0	1.0	25
	chrIX	271800	0	0.5	25
	chrIX	271811	0	0.5	25
	chrIX	271816	1	0.5	25
	chrIX	271842	1	0.5	25
	chrIX	271850	0	0.5	25
	chrIX	271852	1	0.5	25
	chrIX	271868	1	0.5	25
	chrIX	271870	1	0.5	25
	chrIX	271881	1	1.0	25
	chrIX	271905	0	1.0	25
	chrIX	271907	0	1.0	25
	chrIX	271910	0	0.5	25
	chrIX	271920	0	0.5	25
	chrIX	271938	0	0.5	25
	chrIX	271943	1	0.5	25
	chrIX	271975	1	0.5	25
	chrIX	271977	1	0.5	25
	chrIX	271978	0	0.5	25
	chrIX	271981	1	0.5	25
	chrIX	271987	0	0.5	25
	chrIX	272001	1	0.5	25
	chrIX	272017	1	0.5	25
	chrIX	272032	1	0.5	25
	chrIX	272070	0	0.5	25
	chrIX	272084	1	0.5	25
	chrIX	272089	0	0.5	25
	chrIX	272091	0	0.5	25
	chrIX	272095	0	1.0	25
	chrIX	272111	0	0.5	25
	chrIX	272117	0	0.5	25
	chrIX	272127	1	0.5	25
	chrIX	272145	1	0.5	25
	chrIX	272150	1	0.5	25
	chrIX	272152	0	0.5	25
	chrIX	272168	1	0.5	25
	chrIX	272171	1	1.0	25
	chrIX	272185	1	0.5	25
	chrIX	272196	0	0.5	25
	chrIX	272210	1	0.5	25
	chrIX	272217	1	0.5	25
	chrIX	272219	0	0.5	25
	chrIX	272274	0	0.5	25
	chrIX	272285	0	0.5	25
	chrIX	272294	0	1.0	25
	chrIX	272299	1	0.5	25
	chrIX	272336	0	0.5	25
	chrIX	272343	1	0.5	25
	chrIX	272345	0	1.0	25
	chrIX	272359	1	0.5	25
	chrIX	272381	1	1.0	25
	chrIX	272386	0	0.5	25
	chrIX	272393	0	0.5	25
	chrIX	272409	1	0.5	25
	chrIX	272410	1	0.5	25
	chrIX	272411	1	0.5	25
	chrIX	272430	0	0.5	25
	chrIX	272469	1	0.5	25
	chrIX	272481	0	0.5	25
	chrIX	272493	0	0.5	25
	chrIX	272520	1	0.5	25
	chrIX	272523	0	0.5	25
	chrIX	272544	1	1.0	25
	chrIX	272545	1	0.5	25
	chrIX	272549	0	0.5	25
	chrIX	272551	1	0.5	25
	chrIX	272555	0	0.5	25
	chrIX	272563	1	0.5	25
	chrIX	272566	0	0.5	25
	chrIX	272570	0	0.5	25
	chrIX	272571	0	0.5	25
	chrIX	272581	1	0.5	25
	chrIX	272583	1	0.5	25
	chrIX	272593	1	0.5	25
	chrIX	272605	0	0.5	25
	chrIX	272650	0	0.5	25
	chrIX	272660	1	0.5	25
	chrIX	272661	1	0.5	25
	chrIX	272662	0	0.5	25
	chrIX	272663	0	0.5	25
	chrIX	272672	1	0.5	25
	chrIX	272677	1	0.5	25
	chrIX	272687	0	0.5	25
	chrIX	272690	0	0.5	25
	chrIX	272691	0	1.0	25
	chrIX	272700	0	0.5	25
	chrIX	272715	1	0.5	25
	chrIX	272723	1	0.5	25
	chrIX	272724	1	0.5	25
	chrIX	272729	1	0.5	25
	chrIX	272739	1	0.5	25
	chrIX	272744	0	1.0	25
	chrIX	272751	0	0.5	25
	chrIX	272768	1	0.5	25
	chrIX	272769	0	0.5	25
	chrIX	272771	0	1.0	25
	chrIX	272784	0	0.5	25
	chrIX	272785	0	1.0	25
	chrIX	272795	1	0.5	25
	chrIX	272802	0	0.5	25
	chrIX	272814	1	1.0	25
	chrIX	272815	0	0.5	25
	chrIX	272827	0	0.5	25
	chrIX	272844	1	0.5	23
	chrIX	272844	1	0.5	25
	chrIX	272845	0	0.5	25
	chrIX	272851	1	1.5	25
	chrIX	272854	1	0.5	25
	chrIX	272861	0	1.0	25
	chrIX	272879	1	1.0	25
	chrIX	272887	1	0.5	25
	chrIX	272891	1	0.5	25
	chrIX	272892	0	0.5	25
	chrIX	272902	1	0.5	25
	chrIX	272923	0	1.0	25
	chrIX	272923	1	0.5	25
	chrIX	272927	1	0.5	25
	chrIX	272939	0	0.5	25
	chrIX	272939	1	0.5	25
	chrIX	272944	0	1.0	25
	chrIX	272947	0	1.5	25
	chrIX	272954	0	0.5	25
	chrIX	272955	0	0.5	25
	chrIX	272963	1	0.5	25
	chrIX	272968	0	1.0	25
	chrIX	272969	0	0.5	25
	chrIX	272991	1	0.5	25
	chrIX	272998	0	0.5	25
	chrIX	273002	0	0.5	25
	chrIX	273002	1	0.5	25
	chrIX	273005	1	1.0	25
	chrIX	273017	1	0.5	25
	chrIX	273023	1	0.5	25
	chrIX	273024	0	0.5	25
	chrIX	273026	1	0.5	25
	chrIX	273031	1	0.5	25
	chrIX	273062	1	1.0	25
	chrIX	273064	1	0.5	25
	chrIX	273072	0	1.0	25
	chrIX	273076	1	0.5	25
	chrIX	273083	1	0.5	25
	chrIX	273102	0	0.5	25
	chrIX	273108	1	1.0	25
	chrIX	273143	0	0.5	25
	chrIX	273148	1	1.0	25
	chrIX	273151	1	0.5	25
	chrIX	273164	0	0.5	25
	chrIX	273196	0	0.5	25
	chrIX	273214	1	0.5	25
	chrIX	273223	1	1.0	25
	chrIX	273272	0	0.5	25
	chrIX	273294	1	0.5	25
	chrIX	273325	0	0.5	25
	chrIX	273361	0	1.0	25
	chrIX	273364	0	0.5	25
	chrIX	273373	0	0.5	25
	chrIX	273384	1	0.5	25
	chrIX	273392	0	0.5	25
	chrIX	273395	0	0.5	25
	chrIX	273398	0	1.0	25
	chrIX	273411	0	0.5	25
	chrIX	273423	1	0.5	25
	chrIX	273424	0	0.5	25
	chrIX	273441	1	0.5	25
	chrIX	273449	1	0.5	25
	chrIX	273450	1	0.5	25
	chrIX	273451	1	1.0	25
	chrIX	273460	1	1.0	25
	chrIX	273462	0	0.5	25
	chrIX	273465	1	1.0	25
	chrIX	273483	1	0.5	25
	chrIX	273490	0	0.5	25
	chrIX	273500	0	0.5	25
	chrIX	273522	0	0.5	25
	chrIX	273566	1	1.0	25
	chrIX	273571	0	0.5	25
	chrIX	273583	0	1.5	25
	chrIX	273586	0	1.0	25
	chrIX	273604	1	0.5	25
	chrIX	273642	0	1.0	25
	chrIX	273672	1	0.5	25
	chrIX	273682	1	1.0	25
	chrIX	273686	1	1.5	25
	chrIX	273694	0	0.5	25
	chrIX	273695	0	0.5	25
	chrIX	273698	0	0.5	25
	chrIX	273700	0	0.5	25
	chrIX	273713	0	0.5	25
	chrIX	273728	1	1.0	25
	chrIX	273731	0	1.5	25
	chrIX	273738	0	0.5	25
	chrIX	273740	0	0.5	25
	chrIX	273742	0	0.5	25
	chrIX	273758	0	0.5	25
	chrIX	273767	1	1.0	25
	chrIX	273785	0	0.5	25
	chrIX	273789	0	0.5	25
	chrIX	273802	1	1.0	25
	chrIX	273804	1	0.5	25
	chrIX	273806	0	0.5	25
	chrIX	273814	1	0.5	25
	chrIX	273826	1	0.5	25
	chrIX	273841	0	0.5	25
	chrIX	273842	1	0.5	25
	chrIX	273854	1	0.5	25
	chrIX	273870	1	0.5	25
	chrIX	273879	1	0.5	25
	chrIX	273880	1	0.5	25
	chrIX	273897	1	0.5	25
	chrIX	273906	0	1.0	25
	chrIX	273912	0	1.0	25
	chrIX	273916	0	0.5	25
	chrIX	273918	0	0.5	25
	chrIX	273919	0	0.5	25
	chrIX	273920	0	0.5	25
	chrIX	273921	0	0.5	25
	chrIX	273922	0	2.5	25
	chrIX	273925	0	1.5	25
	chrIX	273933	0	3.0	25
	chrIX	273934	0	6.5	25
	chrIX	273934	1	0.5	25
	chrIX	273935	0	3.0	25
	chrIX	273936	0	2.5	25
	chrIX	273940	0	1.0	25
	chrIX	273941	0	2.0	25
	chrIX	273942	0	3.5	25
	chrIX	273943	0	2.5	25
	chrIX	273944	0	1.0	25
	chrIX	273968	1	0.5	25
	chrIX	273972	0	1.5	25
	chrIX	273973	1	0.5	25
	chrIX	273987	1	0.5	25
	chrIX	273988	1	4.0	25
	chrIX	273991	1	1.0	25
	chrIX	273996	1	2.0	25
	chrIX	273997	1	0.5	25
	chrIX	274001	1	1.5	25
	chrIX	274002	1	1.0	25
	chrIX	274003	1	1.0	25
	chrIX	274004	1	1.5	25
	chrIX	274005	1	0.5	25
	chrIX	274010	1	4.5	25
	chrIX	274011	1	1.0	25
	chrIX	274012	1	5.0	25
	chrIX	274013	1	2.0	25
	chrIX	274014	1	0.5	25
	chrIX	274015	1	0.5	25
	chrIX	274017	1	1.0	25
	chrIX	274019	1	0.5	25
	chrIX	274020	1	2.0	25
	chrIX	274021	1	3.0	25
	chrIX	274022	1	0.5	25
	chrIX	274029	1	0.5	25
	chrIX	274035	1	0.5	25
	chrIX	274036	1	0.5	25
	chrIX	274069	0	0.5	25
	chrIX	274112	0	0.5	25
	chrIX	274115	0	0.5	25
	chrIX	274149	1	0.5	25
	chrIX	274170	0	0.5	25
	chrIX	274191	1	0.5	25
	chrIX	274201	1	0.5	25
	chrIX	274202	0	0.5	25
	chrIX	274208	0	0.5	25
	chrIX	274210	0	0.5	25
	chrIX	274235	1	0.5	25
	chrIX	274248	0	0.5	25
	chrIX	274252	1	0.5	25
	chrIX	274285	1	0.5	25
	chrIX	274321	0	0.5	25
	chrIX	274369	0	0.5	25
	chrIX	274384	0	0.5	25
	chrIX	274395	1	0.5	25
	chrIX	274412	0	0.5	25
	chrIX	274415	0	0.5	25
	chrIX	274425	1	0.5	25
	chrIX	274432	1	0.5	25
	chrIX	274434	1	0.5	25
	chrIX	274441	1	0.5	25
	chrIX	274481	0	0.5	25
	chrIX	274490	1	0.5	25
	chrIX	274493	1	0.5	25
	chrIX	274532	1	0.5	25
	chrIX	274542	0	0.5	25
	chrIX	274578	0	1.0	25
	chrIX	274608	0	0.5	25
	chrIX	274640	1	1.0	25
	chrIX	274683	1	0.5	25
	chrIX	274699	0	1.0	25
	chrIX	274703	0	0.5	25
	chrIX	274715	0	0.5	25
	chrIX	274723	0	0.5	25
	chrIX	274758	1	0.5	25
	chrIX	274762	1	0.5	25
	chrIX	274775	0	0.5	25
	chrIX	274776	1	0.5	25
	chrIX	274782	1	0.5	25
	chrIX	274787	0	0.5	25
	chrIX	274812	0	0.5	25
	chrIX	274813	0	0.5	25
	chrIX	274818	1	1.0	25
	chrIX	274820	0	0.5	25
	chrIX	274856	0	0.5	25
	chrIX	274878	1	0.5	25
	chrIX	274882	1	0.5	25
	chrIX	274918	0	1.0	25
	chrIX	274921	0	0.5	25
	chrIX	274939	0	0.5	25
	chrIX	274940	0	0.5	25
	chrIX	274940	1	0.5	25
	chrIX	274946	0	1.5	25
	chrIX	274957	0	0.5	25
	chrIX	274958	0	1.0	25
	chrIX	274961	0	1.0	25
	chrIX	274967	0	0.5	25
	chrIX	274969	0	0.5	25
	chrIX	274970	0	1.0	25
	chrIX	274972	0	0.5	25
	chrIX	274973	0	1.0	25
	chrIX	274974	0	0.5	25
	chrIX	274975	0	1.0	25
	chrIX	274978	1	0.5	25
	chrIX	274979	0	1.5	25
	chrIX	274980	1	0.5	25
	chrIX	275001	1	0.5	25
	chrIX	275016	1	1.0	25
	chrIX	275017	0	0.5	25
	chrIX	275017	1	3.0	25
	chrIX	275018	1	0.5	25
	chrIX	275019	0	0.5	25
	chrIX	275019	1	1.0	25
	chrIX	275020	1	0.5	25
	chrIX	275021	0	0.5	25
	chrIX	275021	1	0.5	25
	chrIX	275023	0	0.5	25
	chrIX	275031	1	1.5	25
	chrIX	275037	1	0.5	25
	chrIX	275039	1	1.0	25
	chrIX	275040	1	1.5	25
	chrIX	275041	0	0.5	25
	chrIX	275044	0	0.5	25
	chrIX	275044	1	0.5	25
	chrIX	275048	1	1.0	25
	chrIX	275052	1	0.5	25
	chrIX	275075	0	0.5	25
	chrIX	275075	1	0.5	25
	chrIX	275100	1	0.5	25
	chrIX	275133	1	0.5	25
	chrIX	275134	1	0.5	25
	chrIX	275153	1	0.5	25
	chrIX	275202	0	0.5	25
	chrIX	275206	0	0.5	25
	chrIX	275207	1	0.5	25
	chrIX	275216	1	0.5	25
	chrIX	275234	0	0.5	25
	chrIX	275253	0	0.5	25
	chrIX	275268	0	0.5	25
	chrIX	275300	0	0.5	25
	chrIX	275306	1	1.0	25
	chrIX	275314	1	1.0	25
	chrIX	275361	1	0.5	25
	chrIX	275368	1	0.5	25
	chrIX	275379	0	1.0	25
	chrIX	275386	0	0.5	25
	chrIX	275394	0	0.5	25
	chrIX	275413	0	0.5	25
	chrIX	275438	1	0.5	25
	chrIX	275444	0	0.5	25
	chrIX	275457	0	0.5	25
	chrIX	275460	0	0.5	25
	chrIX	275483	1	0.5	25
	chrIX	275501	1	0.5	25
	chrIX	275511	1	0.5	25
	chrIX	275514	0	0.5	25
	chrIX	275544	1	0.5	25
	chrIX	275546	1	1.0	25
	chrIX	275560	0	0.5	25
	chrIX	275560	1	0.5	25
	chrIX	275564	0	0.5	25
	chrIX	275586	1	0.5	25
	chrIX	275611	1	0.5	25
	chrIX	275613	1	0.5	25
	chrIX	275719	0	0.5	25
	chrIX	275731	0	0.5	25
	chrIX	275791	1	0.5	25
	chrIX	275792	0	0.5	25
	chrIX	275794	0	0.5	25
	chrIX	275825	1	0.5	25
	chrIX	275848	1	0.5	25
	chrIX	275851	0	0.5	25
	chrIX	275856	1	0.5	25
	chrIX	275874	0	1.0	25
	chrIX	275882	1	0.5	25
	chrIX	275889	0	0.5	25
	chrIX	275899	0	0.5	25
	chrIX	275933	0	0.5	25
	chrIX	275956	1	0.5	25
	chrIX	275960	1	1.0	25
	chrIX	275962	1	0.5	25
	chrIX	275970	0	0.5	25
	chrIX	275995	0	1.0	25
	chrIX	276001	0	0.5	25
	chrIX	276026	0	1.5	25
	chrIX	276037	1	0.5	25
	chrIX	276059	1	0.5	25
	chrIX	276145	1	0.5	25
	chrIX	276149	0	0.5	25
	chrIX	276157	0	1.0	25
	chrIX	276170	1	1.0	25
	chrIX	276182	1	0.5	25
	chrIX	276188	0	0.5	25
	chrIX	276206	1	0.5	25
	chrIX	276216	1	1.0	25
	chrIX	276217	1	1.0	25
	chrIX	276280	1	0.5	25
	chrIX	276286	0	1.0	25
	chrIX	276347	0	0.5	25
	chrIX	276348	0	0.5	25
	chrIX	276362	0	0.5	25
	chrIX	276363	0	0.5	25
	chrIX	276366	0	1.0	25
	chrIX	276370	0	1.0	25
	chrIX	276374	0	0.5	25
	chrIX	276376	0	1.5	25
	chrIX	276377	0	1.0	25
	chrIX	276377	1	0.5	25
	chrIX	276378	0	3.5	25
	chrIX	276384	0	0.5	25
	chrIX	276388	1	0.5	25
	chrIX	276390	0	0.5	25
	chrIX	276392	0	0.5	25
	chrIX	276396	1	0.5	25
	chrIX	276397	0	3.5	25
	chrIX	276398	0	0.5	24
	chrIX	276398	0	2.5	25
	chrIX	276400	0	2.5	25
	chrIX	276407	1	0.5	25
	chrIX	276423	1	0.5	25
	chrIX	276424	0	0.5	25
	chrIX	276424	1	0.5	25
	chrIX	276426	0	0.5	25
	chrIX	276438	0	0.5	25
	chrIX	276440	1	0.5	25
	chrIX	276443	1	0.5	25
	chrIX	276444	0	1.0	25
	chrIX	276454	1	1.5	25
	chrIX	276457	1	0.5	25
	chrIX	276458	1	0.5	25
	chrIX	276461	1	1.0	25
	chrIX	276466	1	1.5	25
	chrIX	276467	1	3.0	25
	chrIX	276468	1	0.5	25
	chrIX	276469	0	0.5	25
	chrIX	276469	1	0.5	25
	chrIX	276474	1	3.5	25
	chrIX	276475	1	2.5	25
	chrIX	276476	1	3.5	25
	chrIX	276477	1	1.5	25
	chrIX	276482	0	0.5	25
	chrIX	276518	1	0.5	25
	chrIX	276534	0	0.5	25
	chrIX	276564	1	0.5	25
	chrIX	276566	0	0.5	25
	chrIX	276606	1	0.5	25
	chrIX	276639	0	0.5	25
	chrIX	276642	1	0.5	25
	chrIX	276652	0	0.5	25
	chrIX	276658	0	0.5	25
	chrIX	276678	0	1.0	25
	chrIX	276694	1	0.5	25
	chrIX	276698	1	0.5	25
	chrIX	276712	1	0.5	25
	chrIX	276721	1	0.5	25
	chrIX	276762	1	1.0	25
	chrIX	276790	0	0.5	25
	chrIX	276793	0	0.5	25
	chrIX	276830	0	0.5	25
	chrIX	276883	1	0.5	25
	chrIX	276886	0	0.5	25
	chrIX	276888	1	0.5	25
	chrIX	276898	0	0.5	25
	chrIX	276898	1	0.5	25
	chrIX	276909	0	0.5	25
	chrIX	276942	1	0.5	25
	chrIX	276960	0	0.5	25
	chrIX	276961	1	0.5	25
	chrIX	276976	0	0.5	25
	chrIX	276994	1	0.5	25
	chrIX	276996	0	1.0	25
	chrIX	277022	0	0.5	25
	chrIX	277043	1	1.0	25
	chrIX	277053	0	0.5	25
	chrIX	277056	1	0.5	25
	chrIX	277086	0	0.5	25
	chrIX	277130	1	0.5	25
	chrIX	277152	1	0.5	25
	chrIX	277163	1	0.5	25
	chrIX	277166	1	0.5	25
	chrIX	277195	0	0.5	25
	chrIX	277205	0	0.5	25
	chrIX	277235	0	0.5	25
	chrIX	277255	0	0.5	25
	chrIX	277257	0	0.5	25
	chrIX	277259	0	0.5	25
	chrIX	277263	1	0.5	25
	chrIX	277283	0	0.5	25
	chrIX	277305	0	0.5	25
	chrIX	277308	1	0.5	25
	chrIX	277323	0	0.5	25
	chrIX	277333	1	0.5	25
	chrIX	277340	1	1.0	25
	chrIX	277343	0	0.5	25
	chrIX	277353	0	0.5	25
	chrIX	277356	1	0.5	25
	chrIX	277363	0	0.5	25
	chrIX	277378	1	0.5	25
	chrIX	277379	1	0.5	25
	chrIX	277391	0	0.5	25
	chrIX	277404	1	0.5	25
	chrIX	277408	1	0.5	25
	chrIX	277410	1	0.5	25
	chrIX	277451	0	0.5	25
	chrIX	277455	0	1.5	25
	chrIX	277476	0	0.5	25
	chrIX	277482	0	0.5	25
	chrIX	277483	0	0.5	25
	chrIX	277488	0	0.5	25
	chrIX	277499	1	0.5	25
	chrIX	277504	1	0.5	25
	chrIX	277512	1	0.5	25
	chrIX	277526	1	0.5	25
	chrIX	277536	1	0.5	25
	chrIX	277555	0	0.5	25
	chrIX	277556	0	0.5	25
	chrIX	277559	0	1.0	25
	chrIX	277562	0	0.5	25
	chrIX	277571	0	0.5	25
	chrIX	277580	0	1.5	25
	chrIX	277587	1	0.5	25
	chrIX	277590	1	0.5	25
	chrIX	277597	0	0.5	25
	chrIX	277598	0	0.5	25
	chrIX	277603	1	1.0	25
	chrIX	277614	1	0.5	25
	chrIX	277615	1	0.5	25
	chrIX	277617	0	0.5	25
	chrIX	277618	1	0.5	25
	chrIX	277619	0	0.5	25
	chrIX	277619	1	0.5	25
	chrIX	277637	1	0.5	25
	chrIX	277638	0	0.5	25
	chrIX	277638	1	1.0	25
	chrIX	277648	0	0.5	25
	chrIX	277648	1	0.5	25
	chrIX	277649	0	0.5	25
	chrIX	277651	1	0.5	25
	chrIX	277652	0	0.5	25
	chrIX	277659	1	0.5	25
	chrIX	277663	0	0.5	25
	chrIX	277670	1	1.0	25
	chrIX	277671	0	0.5	25
	chrIX	277687	1	0.5	25
	chrIX	277689	1	0.5	25
	chrIX	277697	0	0.5	25
	chrIX	277698	1	0.5	25
	chrIX	277699	0	0.5	25
	chrIX	277703	1	0.5	25
	chrIX	277705	1	0.5	25
	chrIX	277710	0	0.5	25
	chrIX	277723	0	0.5	25
	chrIX	277731	1	0.5	25
	chrIX	277743	1	0.5	25
	chrIX	277756	0	1.0	25
	chrIX	277756	1	0.5	25
	chrIX	277796	1	0.5	25
	chrIX	277797	1	1.0	25
	chrIX	277841	1	0.5	25
	chrIX	277851	0	1.0	25
	chrIX	277854	0	1.0	25
	chrIX	277859	0	0.5	25
	chrIX	277884	0	0.5	25
	chrIX	277885	0	0.5	25
	chrIX	277890	0	1.0	25
	chrIX	277914	1	1.0	25
	chrIX	277922	0	0.5	25
	chrIX	277922	1	0.5	25
	chrIX	277930	1	0.5	25
	chrIX	277938	1	0.5	25
	chrIX	277956	1	0.5	25
	chrIX	277960	0	0.5	25
	chrIX	277963	0	0.5	25
	chrIX	277963	1	0.5	23
	chrIX	277963	1	0.5	25
	chrIX	277966	0	0.5	25
	chrIX	277968	1	0.5	25
	chrIX	278019	1	0.5	25
	chrIX	278022	1	0.5	25
	chrIX	278044	0	0.5	25
	chrIX	278061	0	0.5	25
	chrIX	278066	1	0.5	25
	chrIX	278068	0	0.5	25
	chrIX	278072	0	0.5	25
	chrIX	278079	0	0.5	25
	chrIX	278089	1	1.0	25
	chrIX	278092	1	0.5	25
	chrIX	278098	0	0.5	25
	chrIX	278123	1	0.5	25
	chrIX	278127	1	0.5	25
	chrIX	278129	0	0.5	25
	chrIX	278129	1	0.5	25
	chrIX	278134	1	0.5	25
	chrIX	278135	0	0.5	25
	chrIX	278138	0	0.5	25
	chrIX	278156	1	0.5	25
	chrIX	278167	0	0.5	25
	chrIX	278170	1	0.5	25
	chrIX	278184	1	0.5	25
	chrIX	278186	0	1.0	25
	chrIX	278201	1	0.5	25
	chrIX	278222	1	0.5	25
	chrIX	278243	1	0.5	25
	chrIX	278244	1	0.5	25
	chrIX	278245	0	1.0	25
	chrIX	278259	0	0.5	25
	chrIX	278280	0	0.5	25
	chrIX	278300	0	0.5	25
	chrIX	278302	0	0.5	25
	chrIX	278310	0	0.5	25
	chrIX	278329	1	0.5	25
	chrIX	278330	1	0.5	25
	chrIX	278337	1	1.0	25
	chrIX	278344	1	0.5	25
	chrIX	278353	1	0.5	25
	chrIX	278354	1	0.5	25
	chrIX	278356	0	0.5	25
	chrIX	278358	0	1.0	25
	chrIX	278366	0	0.5	25
	chrIX	278401	0	0.5	25
	chrIX	278408	0	0.5	25
	chrIX	278418	0	0.5	25
	chrIX	278424	0	0.5	25
	chrIX	278443	0	0.5	25
	chrIX	278444	0	0.5	25
	chrIX	278444	1	0.5	25
	chrIX	278458	1	0.5	25
	chrIX	278467	1	0.5	25
	chrIX	278489	1	0.5	25
	chrIX	278512	1	0.5	25
	chrIX	278518	1	0.5	25
	chrIX	278534	0	0.5	25
	chrIX	278555	1	0.5	25
	chrIX	278580	0	0.5	25
	chrIX	278596	0	0.5	25
	chrIX	278600	0	1.0	25
	chrIX	278605	1	0.5	25
	chrIX	278631	1	1.0	25
	chrIX	278644	1	0.5	25
	chrIX	278658	1	0.5	25
	chrIX	278693	1	0.5	25
	chrIX	278695	1	0.5	25
	chrIX	278721	1	0.5	25
	chrIX	278731	1	0.5	25
	chrIX	278768	0	0.5	25
	chrIX	278781	0	0.5	25
	chrIX	278839	0	0.5	25
	chrIX	278857	0	0.5	25
	chrIX	278863	1	0.5	25
	chrIX	278865	1	0.5	25
	chrIX	278867	0	1.0	25
	chrIX	278867	1	0.5	25
	chrIX	278885	0	0.5	25
	chrIX	278900	0	0.5	25
	chrIX	278920	0	0.5	25
	chrIX	278923	0	0.5	25
	chrIX	278933	0	0.5	25
	chrIX	278954	1	0.5	25
	chrIX	278958	0	0.5	25
	chrIX	278959	1	0.5	25
	chrIX	278974	1	0.5	25
	chrIX	278992	0	0.5	25
	chrIX	278993	1	0.5	25
	chrIX	279033	1	1.0	25
	chrIX	279049	1	0.5	25
	chrIX	279058	1	0.5	25
	chrIX	279069	0	0.5	25
	chrIX	279073	0	0.5	25
	chrIX	279076	1	0.5	25
	chrIX	279077	0	0.5	25
	chrIX	279080	1	0.5	25
	chrIX	279081	0	0.5	25
	chrIX	279114	0	0.5	25
	chrIX	279130	1	0.5	25
	chrIX	279153	1	0.5	25
	chrIX	279185	0	0.5	25
	chrIX	279200	1	0.5	25
	chrIX	279220	1	0.5	25
	chrIX	279235	1	0.5	25
	chrIX	279247	0	0.5	25
	chrIX	279348	1	0.5	25
	chrIX	279397	0	0.5	25
	chrIX	279414	1	0.5	25
	chrIX	279415	0	0.5	25
	chrIX	279434	0	0.5	25
	chrIX	279482	1	0.5	25
	chrIX	279484	0	0.5	25
	chrIX	279488	0	0.5	25
	chrIX	279526	1	0.5	25
	chrIX	279544	0	0.5	25
	chrIX	279548	0	0.5	25
	chrIX	279552	1	0.5	25
	chrIX	279561	1	0.5	25
	chrIX	279582	0	0.5	25
	chrIX	279585	1	0.5	25
	chrIX	279588	0	0.5	25
	chrIX	279591	0	0.5	24
	chrIX	279591	0	0.5	25
	chrIX	279600	1	0.5	25
	chrIX	279627	1	0.5	25
	chrIX	279651	0	0.5	25
	chrIX	279655	1	0.5	25
	chrIX	279662	1	0.5	25
	chrIX	279664	0	0.5	25
	chrIX	279683	0	0.5	25
	chrIX	279686	1	0.5	25
	chrIX	279689	0	0.5	25
	chrIX	279701	0	0.5	25
	chrIX	279708	1	0.5	25
	chrIX	279709	0	0.5	25
	chrIX	279710	1	0.5	25
	chrIX	279736	1	0.5	25
	chrIX	279739	0	0.5	25
	chrIX	279743	1	0.5	25
	chrIX	279774	0	0.5	25
	chrIX	279777	0	1.0	25
	chrIX	279777	1	0.5	25
	chrIX	279814	1	0.5	25
	chrIX	279838	0	0.5	25
	chrIX	279853	1	0.5	25
	chrIX	279881	1	0.5	25
	chrIX	279883	0	0.5	25
	chrIX	279894	0	1.0	25
	chrIX	279911	0	0.5	25
	chrIX	279914	1	1.0	25
	chrIX	279919	0	0.5	25
	chrIX	279933	0	0.5	25
	chrIX	279938	0	2.0	25
	chrIX	279943	1	0.5	25
	chrIX	279976	0	0.5	25
	chrIX	279984	1	0.5	25
	chrIX	279987	0	0.5	25
	chrIX	279987	1	1.0	25
	chrIX	279996	1	0.5	25
	chrIX	280019	1	0.5	25
	chrIX	280021	1	0.5	25
	chrIX	280022	0	1.0	25
	chrIX	280033	1	0.5	25
	chrIX	280036	1	0.5	25
	chrIX	280044	0	0.5	25
	chrIX	280053	1	0.5	25
	chrIX	280060	0	0.5	25
	chrIX	280066	1	1.0	25
	chrIX	280068	1	0.5	25
	chrIX	280071	0	0.5	25
	chrIX	280083	0	0.5	25
	chrIX	280118	1	0.5	25
	chrIX	280119	1	1.0	25
	chrIX	280127	1	0.5	25
	chrIX	280133	0	0.5	25
	chrIX	280145	1	0.5	25
	chrIX	280150	1	0.5	25
	chrIX	280165	0	0.5	25
	chrIX	280187	1	0.5	25
	chrIX	280217	1	0.5	25
	chrIX	280218	0	0.5	25
	chrIX	280225	1	0.5	25
	chrIX	280293	1	0.5	25
	chrIX	280312	0	1.0	25
	chrIX	280368	0	0.5	25
	chrIX	280372	1	1.0	25
	chrIX	280373	0	0.5	25
	chrIX	280374	0	0.5	25
	chrIX	280432	1	0.5	25
	chrIX	280445	0	0.5	25
	chrIX	280466	0	1.0	25
	chrIX	280493	1	0.5	25
	chrIX	280497	0	0.5	25
	chrIX	280517	1	0.5	25
	chrIX	280523	0	0.5	25
	chrIX	280544	1	0.5	25
	chrIX	280562	1	0.5	25
	chrIX	280563	0	0.5	25
	chrIX	280575	1	0.5	25
	chrIX	280579	0	0.5	25
	chrIX	280595	1	1.0	25
	chrIX	280604	0	0.5	25
	chrIX	280617	0	0.5	25
	chrIX	280620	0	0.5	25
	chrIX	280672	1	0.5	25
	chrIX	280675	1	0.5	25
	chrIX	280680	1	0.5	25
	chrIX	280717	0	0.5	25
	chrIX	280736	0	0.5	25
	chrIX	280759	1	0.5	25
	chrIX	280777	1	0.5	25
	chrIX	280780	1	0.5	25
	chrIX	280783	0	0.5	25
	chrIX	280813	1	0.5	25
	chrIX	280839	0	0.5	25
	chrIX	280846	0	0.5	25
	chrIX	280846	1	0.5	25
	chrIX	280864	0	0.5	25
	chrIX	280868	0	0.5	25
	chrIX	280882	1	0.5	25
	chrIX	280903	0	0.5	25
	chrIX	280904	0	0.5	25
	chrIX	280916	0	0.5	25
	chrIX	280917	0	0.5	25
	chrIX	280934	0	0.5	25
	chrIX	280943	1	0.5	25
	chrIX	280945	1	1.0	25
	chrIX	280977	0	0.5	25
	chrIX	280978	0	0.5	25
	chrIX	280980	1	0.5	25
	chrIX	280985	0	0.5	25
	chrIX	280996	1	0.5	25
	chrIX	280997	1	0.5	25
	chrIX	281053	1	0.5	25
	chrIX	281064	1	0.5	25
	chrIX	281085	0	1.0	25
	chrIX	281086	1	0.5	25
	chrIX	281125	1	0.5	25
	chrIX	281142	1	1.0	25
	chrIX	281151	0	0.5	25
	chrIX	281162	1	0.5	25
	chrIX	281181	0	1.0	25
	chrIX	281194	0	0.5	25
	chrIX	281206	1	0.5	25
	chrIX	281231	0	0.5	25
	chrIX	281246	0	0.5	25
	chrIX	281253	1	1.0	25
	chrIX	281256	1	0.5	25
	chrIX	281262	0	0.5	25
	chrIX	281271	0	1.0	25
	chrIX	281276	1	0.5	24
	chrIX	281293	0	0.5	25
	chrIX	281307	1	0.5	25
	chrIX	281319	1	0.5	25
	chrIX	281331	1	0.5	25
	chrIX	281350	1	1.0	25
	chrIX	281411	0	1.0	25
	chrIX	281450	0	1.0	25
	chrIX	281451	1	0.5	25
	chrIX	281468	0	0.5	25
	chrIX	281479	1	0.5	25
	chrIX	281497	0	0.5	25
	chrIX	281510	0	0.5	25
	chrIX	281547	1	0.5	25
	chrIX	281549	0	0.5	25
	chrIX	281554	0	0.5	25
	chrIX	281562	0	0.5	25
	chrIX	281571	1	0.5	25
	chrIX	281587	0	0.5	25
	chrIX	281597	0	0.5	25
	chrIX	281598	1	0.5	25
	chrIX	281599	1	0.5	25
	chrIX	281600	1	0.5	25
	chrIX	281630	0	0.5	25
	chrIX	281638	1	1.0	25
	chrIX	281648	1	0.5	25
	chrIX	281656	1	0.5	25
	chrIX	281664	1	0.5	25
	chrIX	281672	0	0.5	25
	chrIX	281685	1	0.5	25
	chrIX	281705	0	0.5	25
	chrIX	281745	0	1.5	25
	chrIX	281777	0	0.5	25
	chrIX	281783	0	0.5	25
	chrIX	281791	1	0.5	25
	chrIX	281798	0	1.0	25
	chrIX	281808	0	0.5	25
	chrIX	281808	1	0.5	25
	chrIX	281811	0	0.5	25
	chrIX	281823	1	1.0	25
	chrIX	281838	1	0.5	25
	chrIX	281846	1	0.5	25
	chrIX	281847	1	0.5	25
	chrIX	281856	0	1.0	25
	chrIX	281865	1	0.5	25
	chrIX	281867	0	0.5	25
	chrIX	281892	0	0.5	25
	chrIX	281912	0	0.5	25
	chrIX	281918	0	0.5	25
	chrIX	281942	1	0.5	25
	chrIX	281950	1	0.5	25
	chrIX	281980	1	0.5	25
	chrIX	281991	0	0.5	25
	chrIX	281998	0	0.5	25
	chrIX	282001	1	1.0	25
	chrIX	282004	1	0.5	25
	chrIX	282022	0	0.5	25
	chrIX	282034	0	1.0	25
	chrIX	282067	1	0.5	25
	chrIX	282080	1	0.5	25
	chrIX	282081	0	0.5	25
	chrIX	282112	1	1.0	25
	chrIX	282114	0	1.0	25
	chrIX	282121	1	1.0	25
	chrIX	282123	0	0.5	25
	chrIX	282131	1	0.5	25
	chrIX	282175	0	0.5	25
	chrIX	282180	1	0.5	25
	chrIX	282185	1	1.0	25
	chrIX	282193	1	0.5	25
	chrIX	282222	1	0.5	25
	chrIX	282228	0	0.5	25
	chrIX	282236	0	0.5	25
	chrIX	282239	0	0.5	25
	chrIX	282259	1	0.5	25
	chrIX	282281	0	0.5	25
	chrIX	282286	0	0.5	25
	chrIX	282297	1	0.5	25
	chrIX	282300	1	0.5	25
	chrIX	282340	1	0.5	25
	chrIX	282346	0	0.5	25
	chrIX	282381	0	0.5	25
	chrIX	282383	0	0.5	25
	chrIX	282387	0	0.5	25
	chrIX	282403	1	0.5	25
	chrIX	282405	0	0.5	25
	chrIX	282420	1	0.5	25
	chrIX	282433	0	1.5	25
	chrIX	282433	1	0.5	23
	chrIX	282437	1	0.5	25
	chrIX	282455	1	0.5	25
	chrIX	282460	1	0.5	25
	chrIX	282466	1	0.5	25
	chrIX	282494	0	0.5	25
	chrIX	282509	1	1.0	25
	chrIX	282544	0	0.5	25
	chrIX	282547	0	0.5	25
	chrIX	282553	0	0.5	25
	chrIX	282568	1	0.5	25
	chrIX	282596	1	0.5	25
	chrIX	282599	1	0.5	25
	chrIX	282611	0	0.5	25
	chrIX	282619	1	0.5	25
	chrIX	282641	0	0.5	25
	chrIX	282643	1	0.5	25
	chrIX	282655	0	0.5	25
	chrIX	282672	1	0.5	25
	chrIX	282680	0	0.5	25
	chrIX	282707	0	0.5	25
	chrIX	282707	1	0.5	25
	chrIX	282719	1	0.5	25
	chrIX	282728	0	0.5	25
	chrIX	282729	0	0.5	25
	chrIX	282739	0	0.5	25
	chrIX	282741	1	0.5	25
	chrIX	282760	1	0.5	25
	chrIX	282783	0	0.5	25
	chrIX	282784	0	1.0	25
	chrIX	282785	0	1.0	25
	chrIX	282792	1	0.5	25
	chrIX	282800	0	0.5	25
	chrIX	282803	1	0.5	25
	chrIX	282818	1	1.0	25
	chrIX	282825	1	0.5	25
	chrIX	282848	1	1.0	25
	chrIX	282851	0	0.5	25
	chrIX	282854	1	0.5	25
	chrIX	282874	1	0.5	25
	chrIX	282883	0	0.5	25
	chrIX	282890	0	0.5	25
	chrIX	282891	0	0.5	25
	chrIX	282899	0	1.0	25
	chrIX	282905	1	0.5	25
	chrIX	282906	0	0.5	25
	chrIX	282919	0	0.5	25
	chrIX	282932	0	0.5	25
	chrIX	282939	0	0.5	25
	chrIX	282942	0	2.0	25
	chrIX	282943	0	0.5	25
	chrIX	282944	0	1.5	25
	chrIX	282945	0	2.0	25
	chrIX	282949	0	1.5	25
	chrIX	282953	0	0.5	25
	chrIX	282956	0	3.0	25
	chrIX	282957	1	0.5	25
	chrIX	282959	1	1.0	25
	chrIX	282961	0	0.5	25
	chrIX	282965	0	1.0	25
	chrIX	282966	0	0.5	25
	chrIX	282966	1	0.5	25
	chrIX	282967	0	2.0	25
	chrIX	282970	0	0.5	25
	chrIX	282976	0	1.0	25
	chrIX	282982	0	1.5	25
	chrIX	282995	0	1.0	25
	chrIX	282996	0	0.5	25
	chrIX	283003	1	0.5	25
	chrIX	283019	1	0.5	25
	chrIX	283020	1	0.5	25
	chrIX	283021	1	1.0	25
	chrIX	283025	1	1.5	25
	chrIX	283026	1	2.5	25
	chrIX	283027	0	0.5	25
	chrIX	283028	1	0.5	25
	chrIX	283029	1	1.5	25
	chrIX	283030	1	0.5	25
	chrIX	283033	1	0.5	25
	chrIX	283036	1	2.0	25
	chrIX	283038	1	1.0	25
	chrIX	283039	1	1.0	25
	chrIX	283041	1	1.5	25
	chrIX	283042	1	0.5	25
	chrIX	283043	1	0.5	25
	chrIX	283044	1	0.5	25
	chrIX	283051	1	0.5	25
	chrIX	283059	0	1.0	25
	chrIX	283062	1	0.5	24
	chrIX	283068	1	0.5	25
	chrIX	283073	1	0.5	25
	chrIX	283076	1	1.0	25
	chrIX	283083	1	0.5	25
	chrIX	283092	0	0.5	25
	chrIX	283099	1	0.5	25
	chrIX	283119	0	0.5	25
	chrIX	283120	0	0.5	25
	chrIX	283120	1	0.5	25
	chrIX	283126	0	0.5	25
	chrIX	283129	0	0.5	25
	chrIX	283142	0	0.5	25
	chrIX	283153	0	0.5	25
	chrIX	283164	1	0.5	25
	chrIX	283165	1	1.0	25
	chrIX	283169	1	1.0	25
	chrIX	283188	1	0.5	25
	chrIX	283198	1	1.5	25
	chrIX	283215	1	1.0	25
	chrIX	283251	0	0.5	25
	chrIX	283252	1	0.5	25
	chrIX	283287	0	0.5	25
	chrIX	283295	0	0.5	25
	chrIX	283321	0	0.5	25
	chrIX	283331	1	0.5	25
	chrIX	283336	0	0.5	25
	chrIX	283367	1	0.5	25
	chrIX	283369	1	0.5	25
	chrIX	283370	0	0.5	25
	chrIX	283375	1	0.5	25
	chrIX	283376	0	0.5	25
	chrIX	283378	0	0.5	25
	chrIX	283390	1	0.5	25
	chrIX	283397	0	0.5	25
	chrIX	283417	0	0.5	25
	chrIX	283423	0	0.5	25
	chrIX	283438	0	0.5	25
	chrIX	283442	1	1.0	25
	chrIX	283443	0	0.5	25
	chrIX	283467	1	0.5	25
	chrIX	283482	1	0.5	25
	chrIX	283484	0	0.5	25
	chrIX	283490	0	0.5	25
	chrIX	283510	1	0.5	25
	chrIX	283515	1	0.5	25
	chrIX	283539	1	0.5	25
	chrIX	283564	1	0.5	25
	chrIX	283579	0	0.5	25
	chrIX	283598	0	0.5	25
	chrIX	283633	0	0.5	25
	chrIX	283633	1	0.5	25
	chrIX	283638	1	0.5	25
	chrIX	283647	0	0.5	25
	chrIX	283665	0	0.5	25
	chrIX	283676	1	0.5	25
	chrIX	283679	1	0.5	25
	chrIX	283704	1	0.5	25
	chrIX	283723	1	0.5	25
	chrIX	283734	0	0.5	25
	chrIX	283743	0	0.5	25
	chrIX	283754	1	0.5	25
	chrIX	283779	0	0.5	25
	chrIX	283799	1	0.5	25
	chrIX	283821	0	1.0	25
	chrIX	283875	1	1.0	25
	chrIX	283897	0	0.5	25
	chrIX	283900	0	0.5	25
	chrIX	283900	1	0.5	25
	chrIX	283915	0	0.5	25
	chrIX	283934	1	0.5	25
	chrIX	283956	1	0.5	25
	chrIX	283961	0	1.0	25
	chrIX	283972	0	0.5	25
	chrIX	283973	1	0.5	25
	chrIX	284015	0	0.5	25
	chrIX	284026	1	0.5	25
	chrIX	284028	1	0.5	25
	chrIX	284034	0	0.5	25
	chrIX	284040	1	0.5	25
	chrIX	284061	1	0.5	25
	chrIX	284069	0	0.5	25
	chrIX	284089	0	0.5	25
	chrIX	284092	0	0.5	25
	chrIX	284111	1	0.5	25
	chrIX	284112	1	0.5	25
	chrIX	284129	1	0.5	25
	chrIX	284161	0	0.5	25
	chrIX	284171	0	0.5	25
	chrIX	284180	1	0.5	25
	chrIX	284199	0	0.5	25
	chrIX	284201	0	0.5	25
	chrIX	284213	0	0.5	25
	chrIX	284229	0	0.5	25
	chrIX	284231	1	0.5	25
	chrIX	284232	0	0.5	25
	chrIX	284233	1	0.5	25
	chrIX	284259	0	0.5	25
	chrIX	284260	0	0.5	25
	chrIX	284267	1	0.5	25
	chrIX	284268	1	0.5	25
	chrIX	284284	0	0.5	25
	chrIX	284286	1	0.5	25
	chrIX	284287	1	0.5	25
	chrIX	284300	1	0.5	25
	chrIX	284307	1	0.5	25
	chrIX	284308	0	0.5	25
	chrIX	284311	0	0.5	25
	chrIX	284337	0	0.5	25
	chrIX	284340	1	0.5	25
	chrIX	284346	0	0.5	25
	chrIX	284387	0	0.5	25
	chrIX	284399	1	0.5	25
	chrIX	284414	1	0.5	25
	chrIX	284416	1	0.5	25
	chrIX	284418	0	0.5	25
	chrIX	284426	0	0.5	25
	chrIX	284435	1	0.5	25
	chrIX	284436	1	0.5	25
	chrIX	284454	1	0.5	25
	chrIX	284464	1	0.5	25
	chrIX	284475	0	0.5	25
	chrIX	284491	0	1.0	25
	chrIX	284499	0	0.5	25
	chrIX	284521	1	0.5	25
	chrIX	284539	1	0.5	25
	chrIX	284561	1	1.0	25
	chrIX	284570	1	0.5	25
	chrIX	284584	0	0.5	25
	chrIX	284585	0	0.5	25
	chrIX	284616	1	0.5	25
	chrIX	284629	1	0.5	25
	chrIX	284644	1	0.5	25
	chrIX	284699	0	1.0	25
	chrIX	284723	0	0.5	25
	chrIX	284788	1	1.0	25
	chrIX	284796	0	1.5	25
	chrIX	284834	0	0.5	25
	chrIX	284845	0	0.5	25
	chrIX	284865	0	0.5	25
	chrIX	284891	1	0.5	25
	chrIX	284892	1	0.5	25
	chrIX	284902	0	0.5	25
	chrIX	284913	0	0.5	25
	chrIX	284922	1	0.5	25
	chrIX	284931	1	0.5	25
	chrIX	284971	1	1.5	25
	chrIX	284976	1	0.5	25
	chrIX	284979	1	0.5	25
	chrIX	285019	0	0.5	25
	chrIX	285029	0	0.5	25
	chrIX	285040	0	0.5	25
	chrIX	285054	0	0.5	25
	chrIX	285062	0	0.5	25
	chrIX	285091	1	0.5	25
	chrIX	285102	1	0.5	25
	chrIX	285127	0	1.5	25
	chrIX	285129	1	0.5	25
	chrIX	285142	1	0.5	25
	chrIX	285152	1	0.5	25
	chrIX	285165	0	0.5	25
	chrIX	285193	0	0.5	25
	chrIX	285225	0	0.5	25
	chrIX	285225	1	0.5	25
	chrIX	285235	0	0.5	25
	chrIX	285247	1	1.5	25
	chrIX	285248	1	0.5	25
	chrIX	285288	0	0.5	25
	chrIX	285289	0	0.5	25
	chrIX	285306	0	0.5	25
	chrIX	285307	0	0.5	25
	chrIX	285308	0	1.5	25
	chrIX	285308	1	0.5	25
	chrIX	285311	0	0.5	25
	chrIX	285312	0	0.5	25
	chrIX	285315	0	0.5	25
	chrIX	285316	0	1.0	25
	chrIX	285317	0	1.0	25
	chrIX	285324	0	0.5	25
	chrIX	285334	0	1.0	25
	chrIX	285344	0	0.5	25
	chrIX	285344	1	1.0	25
	chrIX	285370	1	2.5	25
	chrIX	285371	0	2.0	25
	chrIX	285371	1	1.0	25
	chrIX	285373	0	0.5	25
	chrIX	285382	0	1.5	25
	chrIX	285385	0	0.5	25
	chrIX	285399	1	2.0	25
	chrIX	285400	1	0.5	25
	chrIX	285404	1	0.5	25
	chrIX	285405	0	0.5	25
	chrIX	285406	0	0.5	25
	chrIX	285412	1	1.0	25
	chrIX	285421	0	0.5	25
	chrIX	285424	1	0.5	25
	chrIX	285431	0	0.5	25
	chrIX	285433	1	0.5	25
	chrIX	285436	1	0.5	25
	chrIX	285449	1	1.5	25
	chrIX	285450	1	0.5	25
	chrIX	285451	1	0.5	25
	chrIX	285453	0	0.5	25
	chrIX	285460	1	0.5	25
	chrIX	285483	1	0.5	25
	chrIX	285486	1	0.5	25
	chrIX	285489	0	0.5	25
	chrIX	285508	0	0.5	25
	chrIX	285515	1	0.5	25
	chrIX	285518	1	0.5	25
	chrIX	285542	0	1.5	25
	chrIX	285557	0	0.5	25
	chrIX	285569	1	0.5	25
	chrIX	285570	1	0.5	25
	chrIX	285575	0	0.5	25
	chrIX	285588	0	0.5	25
	chrIX	285594	1	0.5	25
	chrIX	285595	1	0.5	25
	chrIX	285601	1	0.5	25
	chrIX	285613	1	0.5	25
	chrIX	285619	1	1.0	25
	chrIX	285627	0	0.5	25
	chrIX	285629	0	0.5	25
	chrIX	285640	1	0.5	25
	chrIX	285641	0	1.0	25
	chrIX	285655	1	0.5	25
	chrIX	285661	1	0.5	25
	chrIX	285667	0	0.5	25
	chrIX	285674	0	1.0	25
	chrIX	285696	0	0.5	25
	chrIX	285696	1	0.5	25
	chrIX	285704	0	0.5	25
	chrIX	285732	1	0.5	25
	chrIX	285739	1	1.0	25
	chrIX	285741	1	1.0	25
	chrIX	285760	0	0.5	25
	chrIX	285764	0	0.5	25
	chrIX	285764	1	0.5	25
	chrIX	285768	0	0.5	25
	chrIX	285771	0	0.5	25
	chrIX	285773	1	0.5	25
	chrIX	285822	0	1.0	25
	chrIX	285845	0	0.5	25
	chrIX	285870	1	0.5	25
	chrIX	285873	0	0.5	25
	chrIX	285891	1	0.5	25
	chrIX	285911	1	0.5	25
	chrIX	285924	1	0.5	25
	chrIX	285935	1	0.5	25
	chrIX	285943	1	0.5	25
	chrIX	285947	1	1.0	25
	chrIX	285978	1	0.5	25
	chrIX	286001	0	0.5	25
	chrIX	286055	1	0.5	25
	chrIX	286078	0	0.5	25
	chrIX	286095	0	0.5	25
	chrIX	286170	1	0.5	25
	chrIX	286182	0	0.5	25
	chrIX	286201	0	0.5	25
	chrIX	286231	0	0.5	25
	chrIX	286232	0	0.5	25
	chrIX	286233	1	0.5	25
	chrIX	286242	1	0.5	25
	chrIX	286254	0	0.5	25
	chrIX	286266	1	0.5	25
	chrIX	286269	1	0.5	25
	chrIX	286306	1	0.5	25
	chrIX	286350	0	0.5	25
	chrIX	286354	0	0.5	25
	chrIX	286360	1	0.5	25
	chrIX	286408	0	0.5	25
	chrIX	286421	1	0.5	25
	chrIX	286423	0	0.5	25
	chrIX	286442	1	0.5	25
	chrIX	286448	0	0.5	25
	chrIX	286461	0	0.5	25
	chrIX	286467	0	1.0	25
	chrIX	286470	0	0.5	25
	chrIX	286495	1	0.5	25
	chrIX	286499	1	0.5	25
	chrIX	286500	0	0.5	25
	chrIX	286518	0	0.5	25
	chrIX	286530	0	0.5	25
	chrIX	286580	1	0.5	25
	chrIX	286594	1	0.5	25
	chrIX	286599	1	0.5	25
	chrIX	286606	1	0.5	25
	chrIX	286612	1	0.5	25
	chrIX	286625	1	0.5	25
	chrIX	286632	0	0.5	25
	chrIX	286636	1	0.5	25
	chrIX	286644	1	0.5	25
	chrIX	286670	0	0.5	25
	chrIX	286699	1	0.5	25
	chrIX	286705	0	1.0	25
	chrIX	286741	1	0.5	25
	chrIX	286761	1	1.0	25
	chrIX	286859	0	0.5	25
	chrIX	286895	0	0.5	25
	chrIX	286912	0	0.5	25
	chrIX	286940	0	0.5	25
	chrIX	286953	1	0.5	25
	chrIX	286954	1	0.5	25
	chrIX	286968	0	0.5	25
	chrIX	287023	1	0.5	25
	chrIX	287027	0	0.5	25
	chrIX	287027	1	0.5	25
	chrIX	287056	0	0.5	25
	chrIX	287057	1	0.5	25
	chrIX	287061	0	0.5	25
	chrIX	287074	0	0.5	25
	chrIX	287087	0	0.5	25
	chrIX	287088	0	0.5	25
	chrIX	287108	0	0.5	25
	chrIX	287115	1	0.5	25
	chrIX	287124	1	0.5	25
	chrIX	287133	0	0.5	25
	chrIX	287133	1	0.5	25
	chrIX	287136	1	0.5	25
	chrIX	287148	1	0.5	25
	chrIX	287176	0	0.5	25
	chrIX	287180	1	0.5	25
	chrIX	287183	1	0.5	25
	chrIX	287190	0	1.0	25
	chrIX	287193	0	0.5	25
	chrIX	287209	1	0.5	25
	chrIX	287224	1	0.5	25
	chrIX	287226	0	0.5	25
	chrIX	287237	0	0.5	25
	chrIX	287238	0	0.5	25
	chrIX	287242	0	0.5	25
	chrIX	287242	1	0.5	25
	chrIX	287252	1	0.5	25
	chrIX	287296	0	0.5	25
	chrIX	287309	1	0.5	25
	chrIX	287316	1	0.5	25
	chrIX	287340	1	0.5	25
	chrIX	287354	0	0.5	25
	chrIX	287355	0	0.5	25
	chrIX	287355	1	0.5	25
	chrIX	287356	1	0.5	25
	chrIX	287357	0	1.0	25
	chrIX	287372	0	0.5	25
	chrIX	287375	1	0.5	25
	chrIX	287382	0	0.5	25
	chrIX	287390	0	0.5	25
	chrIX	287404	1	0.5	25
	chrIX	287417	0	0.5	25
	chrIX	287427	0	0.5	25
	chrIX	287431	1	0.5	25
	chrIX	287437	1	0.5	25
	chrIX	287463	1	0.5	25
	chrIX	287468	1	0.5	25
	chrIX	287481	1	0.5	25
	chrIX	287495	0	0.5	25
	chrIX	287503	0	0.5	25
	chrIX	287507	0	0.5	25
	chrIX	287510	0	0.5	25
	chrIX	287519	1	0.5	25
	chrIX	287527	0	1.0	25
	chrIX	287541	0	0.5	25
	chrIX	287562	1	1.0	25
	chrIX	287567	1	0.5	25
	chrIX	287568	0	0.5	25
	chrIX	287579	1	1.0	25
	chrIX	287590	1	0.5	25
	chrIX	287608	1	0.5	25
	chrIX	287626	0	0.5	25
	chrIX	287627	1	0.5	25
	chrIX	287629	0	1.0	25
	chrIX	287664	1	0.5	25
	chrIX	287665	1	0.5	24
	chrIX	287675	0	0.5	25
	chrIX	287676	0	0.5	25
	chrIX	287677	1	0.5	25
	chrIX	287694	0	0.5	25
	chrIX	287694	1	0.5	25
	chrIX	287723	1	0.5	25
	chrIX	287740	1	0.5	25
	chrIX	287750	0	0.5	25
	chrIX	287768	1	0.5	25
	chrIX	287770	0	0.5	25
	chrIX	287788	0	0.5	25
	chrIX	287791	0	0.5	25
	chrIX	287800	0	0.5	25
	chrIX	287804	1	0.5	25
	chrIX	287837	1	0.5	25
	chrIX	287845	0	0.5	25
	chrIX	287863	1	0.5	25
	chrIX	287864	1	0.5	25
	chrIX	287865	1	0.5	25
	chrIX	287873	0	0.5	25
	chrIX	287892	1	0.5	25
	chrIX	287900	0	0.5	25
	chrIX	287902	1	0.5	25
	chrIX	287908	0	0.5	25
	chrIX	287933	0	0.5	25
	chrIX	287951	0	1.0	25
	chrIX	287978	1	0.5	25
	chrIX	287979	0	1.0	25
	chrIX	287997	1	0.5	25
	chrIX	288010	1	0.5	25
	chrIX	288011	0	0.5	25
	chrIX	288014	1	0.5	25
	chrIX	288048	1	0.5	25
	chrIX	288102	1	0.5	25
	chrIX	288139	0	0.5	25
	chrIX	288144	0	0.5	25
	chrIX	288153	1	1.0	25
	chrIX	288158	0	0.5	25
	chrIX	288165	0	0.5	25
	chrIX	288184	0	1.0	25
	chrIX	288197	1	0.5	25
	chrIX	288208	0	1.0	25
	chrIX	288221	1	0.5	25
	chrIX	288226	1	0.5	25
	chrIX	288236	0	1.0	25
	chrIX	288240	1	0.5	25
	chrIX	288249	1	0.5	25
	chrIX	288259	0	0.5	25
	chrIX	288259	1	0.5	25
	chrIX	288277	0	1.0	25
	chrIX	288290	0	0.5	25
	chrIX	288313	0	0.5	25
	chrIX	288319	0	0.5	25
	chrIX	288331	1	0.5	25
	chrIX	288356	0	0.5	25
	chrIX	288379	1	1.0	25
	chrIX	288382	1	0.5	25
	chrIX	288384	0	0.5	25
	chrIX	288394	1	0.5	25
	chrIX	288408	1	0.5	25
	chrIX	288413	1	1.0	25
	chrIX	288456	1	1.0	25
	chrIX	288461	0	0.5	25
	chrIX	288470	1	0.5	25
	chrIX	288479	0	0.5	25
	chrIX	288488	0	0.5	25
	chrIX	288490	0	0.5	25
	chrIX	288499	1	0.5	25
	chrIX	288526	1	0.5	25
	chrIX	288530	0	1.0	25
	chrIX	288556	1	0.5	25
	chrIX	288558	1	0.5	25
	chrIX	288571	1	0.5	25
	chrIX	288589	1	1.0	25
	chrIX	288590	0	0.5	25
	chrIX	288593	1	0.5	25
	chrIX	288638	0	0.5	25
	chrIX	288639	0	0.5	25
	chrIX	288651	0	0.5	25
	chrIX	288662	1	0.5	25
	chrIX	288670	1	0.5	25
	chrIX	288690	0	0.5	25
	chrIX	288697	1	0.5	25
	chrIX	288731	0	0.5	25
	chrIX	288753	1	0.5	25
	chrIX	288771	1	0.5	25
	chrIX	288814	0	0.5	25
	chrIX	288866	0	0.5	25
	chrIX	288866	1	0.5	25
	chrIX	288901	0	0.5	25
	chrIX	288901	1	0.5	25
	chrIX	288941	1	0.5	25
	chrIX	288954	0	0.5	25
	chrIX	288958	0	0.5	25
	chrIX	288980	0	0.5	25
	chrIX	289037	1	0.5	25
	chrIX	289052	0	0.5	25
	chrIX	289056	1	0.5	25
	chrIX	289062	0	0.5	25
	chrIX	289072	0	0.5	25
	chrIX	289073	0	1.0	25
	chrIX	289073	1	0.5	25
	chrIX	289074	0	0.5	25
	chrIX	289076	0	1.0	25
	chrIX	289080	0	0.5	25
	chrIX	289082	0	0.5	25
	chrIX	289094	0	1.0	25
	chrIX	289104	0	1.0	25
	chrIX	289105	0	1.0	25
	chrIX	289106	0	0.5	25
	chrIX	289128	1	0.5	25
	chrIX	289131	0	1.0	25
	chrIX	289134	0	0.5	25
	chrIX	289139	0	0.5	25
	chrIX	289155	1	0.5	25
	chrIX	289156	1	1.0	25
	chrIX	289157	0	2.0	25
	chrIX	289162	1	1.5	25
	chrIX	289163	1	0.5	25
	chrIX	289173	1	1.0	25
	chrIX	289174	1	2.0	25
	chrIX	289175	0	0.5	25
	chrIX	289176	1	0.5	25
	chrIX	289185	1	1.5	25
	chrIX	289189	1	0.5	25
	chrIX	289193	1	0.5	25
	chrIX	289194	1	0.5	25
	chrIX	289195	1	0.5	25
	chrIX	289197	0	0.5	25
	chrIX	289197	1	0.5	25
	chrIX	289203	0	0.5	25
	chrIX	289211	1	0.5	25
	chrIX	289230	1	1.5	25
	chrIX	289231	0	0.5	25
	chrIX	289297	0	0.5	25
	chrIX	289298	1	0.5	25
	chrIX	289302	0	0.5	25
	chrIX	289336	0	0.5	25
	chrIX	289358	1	0.5	25
	chrIX	289359	0	0.5	25
	chrIX	289378	1	0.5	25
	chrIX	289381	1	0.5	25
	chrIX	289389	1	0.5	25
	chrIX	289401	0	0.5	25
	chrIX	289414	0	0.5	25
	chrIX	289420	1	0.5	25
	chrIX	289468	0	1.0	25
	chrIX	289473	1	0.5	25
	chrIX	289481	1	0.5	25
	chrIX	289513	0	0.5	25
	chrIX	289527	1	0.5	25
	chrIX	289552	1	1.0	25
	chrIX	289564	0	0.5	25
	chrIX	289572	0	0.5	25
	chrIX	289574	0	0.5	25
	chrIX	289596	1	0.5	25
	chrIX	289612	0	1.0	25
	chrIX	289614	1	0.5	25
	chrIX	289617	1	0.5	25
	chrIX	289632	1	0.5	25
	chrIX	289665	1	1.0	25
	chrIX	289673	0	0.5	25
	chrIX	289703	0	0.5	25
	chrIX	289741	1	0.5	25
	chrIX	289750	1	0.5	25
	chrIX	289781	0	0.5	25
	chrIX	289793	0	0.5	25
	chrIX	289796	0	0.5	25
	chrIX	289805	0	0.5	25
	chrIX	289824	0	0.5	25
	chrIX	289850	1	0.5	25
	chrIX	289855	1	0.5	25
	chrIX	289865	0	0.5	25
	chrIX	289869	0	0.5	25
	chrIX	289886	0	0.5	25
	chrIX	289894	1	0.5	25
	chrIX	289923	1	0.5	25
	chrIX	289928	0	0.5	25
	chrIX	289941	1	0.5	25
	chrIX	289949	1	0.5	25
	chrIX	289953	1	0.5	25
	chrIX	289961	1	0.5	25
	chrIX	289971	0	0.5	25
	chrIX	289988	0	0.5	25
	chrIX	290005	1	0.5	25
	chrIX	290034	0	0.5	25
	chrIX	290038	0	0.5	25
	chrIX	290055	0	1.0	25
	chrIX	290060	1	0.5	25
	chrIX	290066	0	0.5	25
	chrIX	290083	1	0.5	25
	chrIX	290089	0	0.5	25
	chrIX	290110	0	0.5	25
	chrIX	290125	1	1.0	25
	chrIX	290133	1	0.5	25
	chrIX	290134	0	1.0	25
	chrIX	290134	1	0.5	25
	chrIX	290138	0	1.5	25
	chrIX	290152	0	1.0	25
	chrIX	290153	0	1.5	25
	chrIX	290154	0	0.5	25
	chrIX	290155	0	0.5	25
	chrIX	290156	0	0.5	25
	chrIX	290157	0	0.5	25
	chrIX	290160	0	0.5	25
	chrIX	290161	0	1.0	25
	chrIX	290163	0	0.5	25
	chrIX	290163	1	0.5	25
	chrIX	290165	0	1.0	25
	chrIX	290165	1	0.5	25
	chrIX	290173	0	0.5	25
	chrIX	290216	1	1.0	23
	chrIX	290217	1	1.0	23
	chrIX	290217	1	1.0	24
	chrIX	290217	1	1.5	25
	chrIX	290218	1	0.5	25
	chrIX	290219	1	1.5	25
	chrIX	290220	0	0.5	25
	chrIX	290220	1	0.5	25
	chrIX	290221	1	1.0	25
	chrIX	290223	0	0.5	25
	chrIX	290224	0	0.5	25
	chrIX	290224	1	0.5	25
	chrIX	290225	0	0.5	25
	chrIX	290227	1	0.5	25
	chrIX	290230	1	0.5	25
	chrIX	290232	0	0.5	25
	chrIX	290238	0	0.5	25
	chrIX	290240	0	0.5	25
	chrIX	290243	0	0.5	25
	chrIX	290256	0	0.5	25
	chrIX	290271	1	0.5	25
	chrIX	290281	1	1.5	25
	chrIX	290282	1	0.5	23
	chrIX	290284	0	1.0	25
	chrIX	290284	1	1.0	25
	chrIX	290302	1	0.5	25
	chrIX	290314	1	0.5	25
	chrIX	290317	0	0.5	25
	chrIX	290319	0	0.5	25
	chrIX	290337	1	0.5	25
	chrIX	290363	0	0.5	25
	chrIX	290363	1	0.5	25
	chrIX	290377	1	1.0	25
	chrIX	290388	1	0.5	25
	chrIX	290395	1	0.5	25
	chrIX	290397	0	1.0	25
	chrIX	290419	1	0.5	25
	chrIX	290444	1	1.0	25
	chrIX	290447	1	0.5	25
	chrIX	290449	0	0.5	25
	chrIX	290450	0	0.5	25
	chrIX	290457	0	0.5	25
	chrIX	290465	0	0.5	25
	chrIX	290508	1	0.5	25
	chrIX	290510	1	0.5	23
	chrIX	290510	1	0.5	25
	chrIX	290511	0	0.5	25
	chrIX	290533	1	0.5	25
	chrIX	290545	0	0.5	25
	chrIX	290592	1	0.5	25
	chrIX	290624	0	0.5	25
	chrIX	290659	0	0.5	25
	chrIX	290667	1	0.5	25
	chrIX	290686	1	0.5	25
	chrIX	290719	0	0.5	25
	chrIX	290757	1	0.5	25
	chrIX	290763	0	1.0	25
	chrIX	290774	0	1.0	25
	chrIX	290792	0	0.5	25
	chrIX	290792	1	0.5	25
	chrIX	290815	1	1.0	25
	chrIX	290837	0	0.5	25
	chrIX	290848	1	1.0	25
	chrIX	290852	0	0.5	25
	chrIX	290863	1	0.5	25
	chrIX	290898	0	0.5	25
	chrIX	290957	1	0.5	25
	chrIX	290958	0	0.5	25
	chrIX	290971	0	0.5	25
	chrIX	291004	0	0.5	25
	chrIX	291005	1	0.5	25
	chrIX	291009	0	1.0	25
	chrIX	291010	0	0.5	25
	chrIX	291025	1	0.5	25
	chrIX	291037	0	0.5	25
	chrIX	291040	1	0.5	25
	chrIX	291049	0	0.5	25
	chrIX	291051	1	0.5	25
	chrIX	291067	0	0.5	25
	chrIX	291075	1	0.5	25
	chrIX	291081	1	0.5	25
	chrIX	291090	1	1.0	25
	chrIX	291103	0	0.5	25
	chrIX	291107	1	0.5	25
	chrIX	291115	1	0.5	25
	chrIX	291124	1	0.5	25
	chrIX	291156	0	0.5	25
	chrIX	291167	0	1.0	25
	chrIX	291179	0	0.5	25
	chrIX	291179	1	0.5	25
	chrIX	291190	0	0.5	25
	chrIX	291233	0	0.5	25
	chrIX	291236	1	0.5	25
	chrIX	291237	1	1.0	25
	chrIX	291249	1	0.5	25
	chrIX	291307	1	0.5	25
	chrIX	291338	0	0.5	25
	chrIX	291344	0	0.5	25
	chrIX	291349	1	0.5	25
	chrIX	291374	0	1.0	25
	chrIX	291385	0	0.5	25
	chrIX	291393	1	0.5	25
	chrIX	291397	0	0.5	25
	chrIX	291400	0	1.0	25
	chrIX	291414	1	0.5	25
	chrIX	291434	1	1.0	25
	chrIX	291456	1	0.5	25
	chrIX	291458	1	0.5	25
	chrIX	291488	0	0.5	25
	chrIX	291508	1	1.0	25
	chrIX	291558	1	0.5	25
	chrIX	291590	0	0.5	25
	chrIX	291629	0	0.5	25
	chrIX	291651	0	0.5	25
	chrIX	291657	1	0.5	25
	chrIX	291658	0	0.5	25
	chrIX	291715	0	0.5	25
	chrIX	291716	0	0.5	25
	chrIX	291729	1	0.5	25
	chrIX	291732	0	0.5	25
	chrIX	291735	0	0.5	25
	chrIX	291739	0	0.5	25
	chrIX	291765	1	0.5	25
	chrIX	291781	1	0.5	25
	chrIX	291791	1	0.5	25
	chrIX	291792	1	0.5	25
	chrIX	291798	0	0.5	25
	chrIX	291798	1	0.5	25
	chrIX	291818	0	0.5	25
	chrIX	291854	0	1.0	25
	chrIX	291862	0	1.5	25
	chrIX	291863	1	0.5	25
	chrIX	291866	0	0.5	25
	chrIX	291877	0	0.5	25
	chrIX	291884	1	0.5	25
	chrIX	291901	0	0.5	25
	chrIX	291930	0	0.5	25
	chrIX	291930	1	0.5	25
	chrIX	291931	0	0.5	25
	chrIX	291931	1	0.5	25
	chrIX	291933	1	0.5	25
	chrIX	291937	0	0.5	25
	chrIX	291938	1	0.5	25
	chrIX	291955	1	0.5	25
	chrIX	291957	0	0.5	25
	chrIX	291966	1	0.5	25
	chrIX	291969	1	1.0	25
	chrIX	291980	0	0.5	25
	chrIX	292009	1	0.5	25
	chrIX	292012	0	0.5	25
	chrIX	292040	1	0.5	25
	chrIX	292056	0	0.5	25
	chrIX	292068	0	1.0	25
	chrIX	292069	0	0.5	25
	chrIX	292070	0	0.5	25
	chrIX	292071	0	0.5	25
	chrIX	292074	1	0.5	25
	chrIX	292079	1	0.5	25
	chrIX	292116	1	0.5	25
	chrIX	292117	1	0.5	25
	chrIX	292120	1	1.0	25
	chrIX	292124	0	0.5	25
	chrIX	292140	0	0.5	25
	chrIX	292158	1	2.0	25
	chrIX	292159	0	0.5	25
	chrIX	292162	1	0.5	25
	chrIX	292166	1	0.5	25
	chrIX	292170	1	0.5	25
	chrIX	292180	0	0.5	25
	chrIX	292193	0	0.5	25
	chrIX	292198	0	0.5	25
	chrIX	292222	1	0.5	25
	chrIX	292225	1	0.5	25
	chrIX	292239	1	0.5	25
	chrIX	292251	0	0.5	25
	chrIX	292268	1	0.5	25
	chrIX	292279	0	0.5	25
	chrIX	292306	0	0.5	25
	chrIX	292316	0	0.5	25
	chrIX	292318	1	0.5	25
	chrIX	292320	0	0.5	25
	chrIX	292323	0	1.0	25
	chrIX	292324	0	2.0	25
	chrIX	292326	0	4.0	25
	chrIX	292331	0	0.5	25
	chrIX	292334	0	1.0	25
	chrIX	292337	0	1.0	25
	chrIX	292366	1	0.5	25
	chrIX	292373	0	0.5	25
	chrIX	292374	0	0.5	25
	chrIX	292380	1	1.0	25
	chrIX	292381	1	0.5	25
	chrIX	292384	1	0.5	25
	chrIX	292387	1	1.5	25
	chrIX	292390	1	0.5	25
	chrIX	292401	1	1.0	25
	chrIX	292404	0	0.5	25
	chrIX	292404	1	1.0	25
	chrIX	292405	0	0.5	25
	chrIX	292406	0	0.5	25
	chrIX	292410	1	1.0	25
	chrIX	292414	1	1.0	25
	chrIX	292415	1	0.5	25
	chrIX	292417	0	1.0	25
	chrIX	292418	0	0.5	25
	chrIX	292418	1	0.5	25
	chrIX	292422	1	1.0	25
	chrIX	292424	0	0.5	25
	chrIX	292424	1	0.5	25
	chrIX	292429	1	1.0	25
	chrIX	292430	0	0.5	25
	chrIX	292433	0	0.5	25
	chrIX	292473	1	0.5	25
	chrIX	292485	1	0.5	25
	chrIX	292502	1	0.5	25
	chrIX	292509	0	0.5	25
	chrIX	292536	1	0.5	25
	chrIX	292565	1	0.5	25
	chrIX	292567	0	0.5	25
	chrIX	292568	1	0.5	25
	chrIX	292596	0	0.5	25
	chrIX	292597	1	0.5	25
	chrIX	292598	1	0.5	25
	chrIX	292599	1	1.5	25
	chrIX	292600	1	0.5	25
	chrIX	292604	0	0.5	25
	chrIX	292611	0	1.0	25
	chrIX	292616	0	0.5	25
	chrIX	292631	1	0.5	25
	chrIX	292645	0	0.5	25
	chrIX	292660	0	0.5	25
	chrIX	292701	1	0.5	25
	chrIX	292716	1	0.5	25
	chrIX	292727	1	0.5	25
	chrIX	292745	0	0.5	25
	chrIX	292761	0	1.0	25
	chrIX	292778	1	1.0	25
	chrIX	292818	1	1.0	25
	chrIX	292819	0	0.5	25
	chrIX	292828	0	0.5	25
	chrIX	292849	0	0.5	25
	chrIX	292856	1	0.5	25
	chrIX	292864	1	0.5	25
	chrIX	292876	1	0.5	25
	chrIX	292877	0	0.5	25
	chrIX	292882	0	0.5	25
	chrIX	292900	1	0.5	25
	chrIX	292904	1	0.5	25
	chrIX	292912	0	0.5	25
	chrIX	292920	1	0.5	25
	chrIX	292928	1	0.5	25
	chrIX	292941	1	0.5	25
	chrIX	292996	1	0.5	25
	chrIX	293078	0	0.5	25
	chrIX	293115	0	0.5	25
	chrIX	293148	1	0.5	25
	chrIX	293160	0	0.5	25
	chrIX	293168	1	0.5	25
	chrIX	293213	0	0.5	25
	chrIX	293217	0	1.0	25
	chrIX	293225	0	0.5	25
	chrIX	293242	0	0.5	25
	chrIX	293257	1	0.5	25
	chrIX	293262	0	0.5	25
	chrIX	293267	0	0.5	25
	chrIX	293279	0	0.5	25
	chrIX	293284	1	1.0	25
	chrIX	293285	1	0.5	25
	chrIX	293286	0	0.5	25
	chrIX	293286	1	0.5	25
	chrIX	293304	0	0.5	25
	chrIX	293315	1	0.5	25
	chrIX	293363	1	0.5	25
	chrIX	293364	1	0.5	25
	chrIX	293392	1	1.0	25
	chrIX	293416	0	0.5	25
	chrIX	293426	0	0.5	25
	chrIX	293434	1	0.5	25
	chrIX	293469	1	0.5	25
	chrIX	293498	0	1.0	25
	chrIX	293545	0	0.5	25
	chrIX	293555	1	0.5	25
	chrIX	293562	0	1.0	25
	chrIX	293571	1	0.5	25
	chrIX	293582	1	0.5	25
	chrIX	293583	0	0.5	25
	chrIX	293617	1	0.5	25
	chrIX	293627	0	0.5	25
	chrIX	293631	1	1.0	25
	chrIX	293642	0	0.5	25
	chrIX	293677	1	0.5	25
	chrIX	293688	0	0.5	25
	chrIX	293706	0	0.5	25
	chrIX	293710	1	0.5	25
	chrIX	293711	1	0.5	24
	chrIX	293721	0	0.5	25
	chrIX	293731	0	0.5	25
	chrIX	293732	0	0.5	25
	chrIX	293742	0	0.5	25
	chrIX	293748	0	0.5	25
	chrIX	293762	1	1.0	25
	chrIX	293800	1	0.5	25
	chrIX	293803	1	0.5	25
	chrIX	293818	1	0.5	25
	chrIX	293838	0	0.5	25
	chrIX	293849	0	0.5	25
	chrIX	293888	0	0.5	25
	chrIX	293894	1	0.5	25
	chrIX	293898	0	0.5	25
	chrIX	293911	1	0.5	25
	chrIX	293922	1	0.5	25
	chrIX	293923	0	0.5	25
	chrIX	293929	1	0.5	25
	chrIX	293943	0	0.5	25
	chrIX	293950	1	0.5	25
	chrIX	293952	1	0.5	25
	chrIX	293961	1	0.5	25
	chrIX	293962	0	0.5	25
	chrIX	293964	0	0.5	25
	chrIX	293984	0	1.0	25
	chrIX	293996	1	0.5	25
	chrIX	293997	0	0.5	25
	chrIX	294015	1	0.5	25
	chrIX	294023	0	1.0	25
	chrIX	294030	0	0.5	25
	chrIX	294033	1	0.5	25
	chrIX	294035	0	0.5	25
	chrIX	294044	0	0.5	25
	chrIX	294055	0	0.5	25
	chrIX	294066	1	0.5	25
	chrIX	294079	1	0.5	25
	chrIX	294092	1	1.0	25
	chrIX	294094	0	0.5	25
	chrIX	294098	1	0.5	25
	chrIX	294114	0	0.5	25
	chrIX	294123	0	0.5	25
	chrIX	294126	1	0.5	25
	chrIX	294133	1	0.5	25
	chrIX	294135	0	0.5	25
	chrIX	294139	1	1.0	25
	chrIX	294142	0	0.5	25
	chrIX	294200	1	0.5	25
	chrIX	294204	0	0.5	25
	chrIX	294207	1	0.5	25
	chrIX	294213	1	0.5	25
	chrIX	294215	1	0.5	25
	chrIX	294263	0	0.5	25
	chrIX	294272	1	0.5	25
	chrIX	294285	1	0.5	25
	chrIX	294286	0	0.5	25
	chrIX	294287	0	0.5	25
	chrIX	294325	0	0.5	25
	chrIX	294336	0	0.5	25
	chrIX	294339	0	0.5	25
	chrIX	294357	1	0.5	25
	chrIX	294366	1	0.5	25
	chrIX	294371	1	0.5	25
	chrIX	294386	1	0.5	25
	chrIX	294392	0	1.0	25
	chrIX	294394	1	0.5	25
	chrIX	294402	0	0.5	25
	chrIX	294412	0	0.5	25
	chrIX	294412	1	0.5	25
	chrIX	294413	0	1.0	25
	chrIX	294437	0	0.5	25
	chrIX	294451	0	1.5	25
	chrIX	294453	1	1.0	25
	chrIX	294464	1	0.5	25
	chrIX	294470	1	0.5	25
	chrIX	294482	1	1.0	25
	chrIX	294489	1	0.5	25
	chrIX	294490	0	0.5	25
	chrIX	294509	1	0.5	25
	chrIX	294530	0	0.5	25
	chrIX	294538	1	0.5	25
	chrIX	294552	0	0.5	25
	chrIX	294568	0	0.5	25
	chrIX	294572	0	0.5	25
	chrIX	294580	0	0.5	25
	chrIX	294583	0	0.5	25
	chrIX	294588	0	1.0	25
	chrIX	294593	0	0.5	25
	chrIX	294615	1	0.5	25
	chrIX	294630	1	0.5	25
	chrIX	294637	1	1.0	25
	chrIX	294638	1	0.5	25
	chrIX	294643	1	0.5	25
	chrIX	294644	0	1.0	25
	chrIX	294655	1	0.5	25
	chrIX	294661	1	0.5	25
	chrIX	294670	1	0.5	25
	chrIX	294682	1	0.5	25
	chrIX	294684	0	0.5	25
	chrIX	294696	0	0.5	25
	chrIX	294712	1	0.5	25
	chrIX	294714	0	0.5	25
	chrIX	294720	1	0.5	25
	chrIX	294725	0	0.5	25
	chrIX	294735	1	0.5	25
	chrIX	294744	0	1.0	25
	chrIX	294760	1	0.5	25
	chrIX	294763	1	1.0	25
	chrIX	294772	0	0.5	25
	chrIX	294774	1	0.5	25
	chrIX	294775	0	0.5	25
	chrIX	294793	0	0.5	25
	chrIX	294796	1	0.5	25
	chrIX	294798	0	0.5	25
	chrIX	294805	0	0.5	25
	chrIX	294807	1	0.5	25
	chrIX	294815	0	0.5	25
	chrIX	294821	0	0.5	25
	chrIX	294830	1	0.5	25
	chrIX	294831	0	1.0	25
	chrIX	294849	1	0.5	25
	chrIX	294858	0	0.5	25
	chrIX	294875	1	0.5	25
	chrIX	294879	1	0.5	25
	chrIX	294882	1	0.5	25
	chrIX	294885	0	0.5	25
	chrIX	294893	1	0.5	25
	chrIX	294899	0	0.5	25
	chrIX	294900	1	1.0	25
	chrIX	294922	0	0.5	25
	chrIX	294938	1	0.5	25
	chrIX	294966	0	0.5	25
	chrIX	294966	1	0.5	25
	chrIX	294977	1	0.5	25
	chrIX	294984	0	0.5	25
	chrIX	294985	0	0.5	25
	chrIX	294991	1	0.5	25
	chrIX	295014	1	0.5	25
	chrIX	295018	0	1.5	25
	chrIX	295025	1	0.5	25
	chrIX	295036	1	0.5	25
	chrIX	295069	0	0.5	25
	chrIX	295097	0	0.5	25
	chrIX	295125	1	1.0	25
	chrIX	295128	1	1.5	25
	chrIX	295133	0	0.5	25
	chrIX	295168	0	0.5	25
	chrIX	295174	0	0.5	25
	chrIX	295186	1	0.5	25
	chrIX	295188	0	1.0	25
	chrIX	295190	0	0.5	25
	chrIX	295196	1	0.5	25
	chrIX	295204	0	1.0	25
	chrIX	295221	1	0.5	25
	chrIX	295228	1	0.5	25
	chrIX	295242	0	0.5	25
	chrIX	295254	1	1.0	25
	chrIX	295258	1	0.5	25
	chrIX	295271	0	1.0	25
	chrIX	295283	1	0.5	25
	chrIX	295295	0	0.5	25
	chrIX	295296	0	0.5	25
	chrIX	295299	1	0.5	25
	chrIX	295304	1	0.5	25
	chrIX	295305	0	0.5	25
	chrIX	295325	1	1.5	25
	chrIX	295359	1	0.5	25
	chrIX	295365	0	0.5	25
	chrIX	295384	1	0.5	25
	chrIX	295391	0	0.5	25
	chrIX	295400	0	0.5	25
	chrIX	295449	1	0.5	25
	chrIX	295488	1	0.5	25
	chrIX	295515	0	0.5	25
	chrIX	295531	0	0.5	25
	chrIX	295549	0	0.5	25
	chrIX	295555	1	0.5	25
	chrIX	295561	0	0.5	25
	chrIX	295564	1	0.5	25
	chrIX	295580	0	0.5	25
	chrIX	295589	0	0.5	25
	chrIX	295591	0	1.0	25
	chrIX	295600	1	0.5	25
	chrIX	295601	0	0.5	25
	chrIX	295603	0	0.5	25
	chrIX	295629	1	0.5	25
	chrIX	295637	1	0.5	25
	chrIX	295648	1	0.5	25
	chrIX	295653	0	0.5	25
	chrIX	295666	0	0.5	25
	chrIX	295666	1	0.5	25
	chrIX	295667	1	0.5	25
	chrIX	295669	1	0.5	25
	chrIX	295677	1	0.5	25
	chrIX	295678	0	0.5	25
	chrIX	295699	0	0.5	25
	chrIX	295701	0	0.5	25
	chrIX	295710	1	0.5	25
	chrIX	295711	0	0.5	25
	chrIX	295712	0	0.5	25
	chrIX	295721	0	0.5	25
	chrIX	295726	0	0.5	25
	chrIX	295738	0	1.0	25
	chrIX	295747	1	0.5	25
	chrIX	295753	1	0.5	25
	chrIX	295770	0	0.5	25
	chrIX	295773	1	0.5	25
	chrIX	295776	1	0.5	25
	chrIX	295778	1	1.0	25
	chrIX	295781	1	0.5	25
	chrIX	295783	1	0.5	25
	chrIX	295785	1	0.5	25
	chrIX	295809	1	0.5	25
	chrIX	295813	0	0.5	25
	chrIX	295827	0	0.5	25
	chrIX	295843	1	0.5	25
	chrIX	295848	1	0.5	25
	chrIX	295858	1	0.5	25
	chrIX	295862	0	1.0	25
	chrIX	295875	0	0.5	25
	chrIX	295890	0	0.5	25
	chrIX	295912	0	1.5	25
	chrIX	295912	1	1.0	25
	chrIX	295913	0	1.0	25
	chrIX	295923	1	0.5	25
	chrIX	295932	0	0.5	24
	chrIX	295938	0	0.5	25
	chrIX	295942	0	1.0	25
	chrIX	295949	1	0.5	25
	chrIX	295956	0	0.5	25
	chrIX	295956	1	0.5	25
	chrIX	295957	0	0.5	25
	chrIX	295957	1	0.5	25
	chrIX	295963	0	0.5	25
	chrIX	295981	0	0.5	25
	chrIX	295988	1	0.5	25
	chrIX	295993	1	0.5	25
	chrIX	295996	1	1.0	25
	chrIX	296004	0	0.5	25
	chrIX	296009	0	0.5	25
	chrIX	296015	1	2.0	25
	chrIX	296021	0	0.5	25
	chrIX	296031	0	1.0	25
	chrIX	296033	0	0.5	25
	chrIX	296049	1	0.5	25
	chrIX	296055	1	0.5	25
	chrIX	296057	0	0.5	25
	chrIX	296067	1	0.5	25
	chrIX	296071	1	0.5	25
	chrIX	296075	0	0.5	25
	chrIX	296082	1	0.5	25
	chrIX	296089	1	0.5	25
	chrIX	296111	0	0.5	25
	chrIX	296119	1	0.5	25
	chrIX	296129	1	0.5	25
	chrIX	296134	1	0.5	25
	chrIX	296140	0	0.5	25
	chrIX	296149	0	0.5	25
	chrIX	296155	1	0.5	25
	chrIX	296161	0	1.0	25
	chrIX	296170	0	0.5	25
	chrIX	296179	1	1.0	25
	chrIX	296185	0	0.5	25
	chrIX	296210	0	0.5	25
	chrIX	296236	1	0.5	25
	chrIX	296249	0	0.5	25
	chrIX	296249	1	1.0	25
	chrIX	296251	0	0.5	25
	chrIX	296272	1	0.5	24
	chrIX	296275	1	0.5	25
	chrIX	296278	1	0.5	25
	chrIX	296284	0	0.5	25
	chrIX	296296	0	0.5	25
	chrIX	296326	1	0.5	25
	chrIX	296329	0	0.5	25
	chrIX	296344	1	0.5	25
	chrIX	296345	1	1.0	25
	chrIX	296354	1	0.5	25
	chrIX	296398	1	0.5	25
	chrIX	296399	0	0.5	25
	chrIX	296413	0	0.5	25
	chrIX	296416	0	0.5	25
	chrIX	296435	1	0.5	25
	chrIX	296451	1	0.5	25
	chrIX	296452	0	1.0	25
	chrIX	296471	0	0.5	25
	chrIX	296483	0	0.5	25
	chrIX	296491	1	0.5	25
	chrIX	296515	1	1.0	25
	chrIX	296546	0	0.5	25
	chrIX	296570	0	0.5	25
	chrIX	296577	1	0.5	25
	chrIX	296582	1	0.5	25
	chrIX	296609	0	0.5	25
	chrIX	296635	1	0.5	25
	chrIX	296644	1	0.5	25
	chrIX	296657	0	0.5	25
	chrIX	296659	0	0.5	25
	chrIX	296676	0	0.5	25
	chrIX	296697	0	0.5	25
	chrIX	296707	0	0.5	25
	chrIX	296717	1	0.5	25
	chrIX	296745	1	0.5	25
	chrIX	296746	1	0.5	25
	chrIX	296784	0	0.5	25
	chrIX	296788	1	0.5	25
	chrIX	296789	0	0.5	25
	chrIX	296829	1	0.5	25
	chrIX	296847	0	0.5	25
	chrIX	296856	1	0.5	25
	chrIX	296870	0	0.5	25
	chrIX	296876	1	1.0	25
	chrIX	296877	0	1.0	25
	chrIX	296878	0	0.5	25
	chrIX	296878	1	0.5	25
	chrIX	296891	0	0.5	25
	chrIX	296927	0	0.5	25
	chrIX	296930	0	0.5	25
	chrIX	296940	1	1.0	25
	chrIX	296946	1	0.5	25
	chrIX	296961	1	0.5	25
	chrIX	296971	0	0.5	25
	chrIX	297021	0	0.5	25
	chrIX	297022	1	0.5	25
	chrIX	297028	1	0.5	25
	chrIX	297031	0	1.0	25
	chrIX	297035	0	0.5	25
	chrIX	297042	1	0.5	25
	chrIX	297043	0	1.0	25
	chrIX	297052	1	0.5	25
	chrIX	297086	1	0.5	25
	chrIX	297108	1	0.5	25
	chrIX	297114	1	0.5	25
	chrIX	297123	1	0.5	25
	chrIX	297145	1	0.5	25
	chrIX	297157	0	1.0	25
	chrIX	297169	1	1.0	25
	chrIX	297216	0	0.5	25
	chrIX	297222	0	1.0	25
	chrIX	297237	0	0.5	25
	chrIX	297242	0	0.5	25
	chrIX	297258	1	1.0	25
	chrIX	297261	0	0.5	25
	chrIX	297262	0	0.5	25
	chrIX	297268	1	0.5	25
	chrIX	297275	0	0.5	25
	chrIX	297289	0	0.5	25
	chrIX	297292	1	1.0	25
	chrIX	297317	1	0.5	25
	chrIX	297324	1	0.5	25
	chrIX	297328	0	0.5	25
	chrIX	297334	1	0.5	25
	chrIX	297338	0	0.5	25
	chrIX	297356	1	0.5	25
	chrIX	297383	0	0.5	25
	chrIX	297403	1	1.0	25
	chrIX	297407	0	0.5	25
	chrIX	297411	1	0.5	25
	chrIX	297457	1	0.5	25
	chrIX	297479	0	1.0	25
	chrIX	297479	1	0.5	25
	chrIX	297506	0	0.5	25
	chrIX	297523	1	0.5	25
	chrIX	297528	0	0.5	25
	chrIX	297530	0	0.5	25
	chrIX	297544	1	0.5	25
	chrIX	297559	1	0.5	25
	chrIX	297566	0	0.5	25
	chrIX	297575	1	0.5	25
	chrIX	297590	1	0.5	25
	chrIX	297591	0	0.5	25
	chrIX	297607	0	0.5	25
	chrIX	297643	0	0.5	25
	chrIX	297646	0	0.5	25
	chrIX	297652	0	0.5	25
	chrIX	297652	1	0.5	25
	chrIX	297656	0	0.5	25
	chrIX	297667	0	0.5	25
	chrIX	297668	1	0.5	25
	chrIX	297670	1	0.5	25
	chrIX	297671	0	0.5	25
	chrIX	297677	1	0.5	25
	chrIX	297683	0	0.5	25
	chrIX	297692	0	1.0	25
	chrIX	297694	0	0.5	25
	chrIX	297708	0	0.5	25
	chrIX	297709	1	0.5	25
	chrIX	297712	1	0.5	25
	chrIX	297738	0	1.0	25
	chrIX	297739	1	0.5	25
	chrIX	297747	1	0.5	25
	chrIX	297749	1	0.5	25
	chrIX	297750	0	0.5	25
	chrIX	297751	0	1.0	25
	chrIX	297751	1	1.0	25
	chrIX	297752	0	0.5	25
	chrIX	297759	0	1.0	25
	chrIX	297760	0	0.5	25
	chrIX	297764	1	0.5	25
	chrIX	297765	1	0.5	25
	chrIX	297775	0	0.5	25
	chrIX	297781	0	0.5	25
	chrIX	297788	0	0.5	25
	chrIX	297789	1	0.5	25
	chrIX	297805	1	1.0	25
	chrIX	297806	0	0.5	25
	chrIX	297810	1	1.0	25
	chrIX	297813	1	0.5	25
	chrIX	297823	0	0.5	25
	chrIX	297827	1	0.5	25
	chrIX	297841	0	1.0	25
	chrIX	297841	1	1.0	25
	chrIX	297849	0	0.5	25
	chrIX	297851	1	0.5	25
	chrIX	297866	0	0.5	25
	chrIX	297880	1	0.5	25
	chrIX	297883	1	0.5	25
	chrIX	297884	1	0.5	25
	chrIX	297885	1	0.5	25
	chrIX	297891	1	0.5	25
	chrIX	297906	1	1.5	25
	chrIX	297907	0	0.5	25
	chrIX	297933	1	0.5	25
	chrIX	297936	0	0.5	25
	chrIX	297944	0	0.5	25
	chrIX	297955	1	0.5	25
	chrIX	297967	1	0.5	25
	chrIX	297983	0	0.5	25
	chrIX	297985	0	0.5	25
	chrIX	297991	0	1.0	25
	chrIX	298006	1	1.0	25
	chrIX	298007	0	0.5	25
	chrIX	298019	0	0.5	25
	chrIX	298038	1	0.5	25
	chrIX	298047	1	0.5	25
	chrIX	298063	1	0.5	25
	chrIX	298068	0	0.5	25
	chrIX	298071	1	0.5	25
	chrIX	298072	0	0.5	25
	chrIX	298080	0	0.5	25
	chrIX	298088	1	0.5	25
	chrIX	298094	0	0.5	25
	chrIX	298095	0	0.5	25
	chrIX	298095	1	0.5	25
	chrIX	298128	1	0.5	25
	chrIX	298155	1	0.5	25
	chrIX	298161	1	0.5	25
	chrIX	298180	1	0.5	25
	chrIX	298199	0	0.5	25
	chrIX	298204	0	0.5	25
	chrIX	298209	0	0.5	24
	chrIX	298223	1	0.5	25
	chrIX	298228	0	0.5	25
	chrIX	298250	1	0.5	25
	chrIX	298252	0	1.0	25
	chrIX	298258	1	0.5	25
	chrIX	298260	1	0.5	25
	chrIX	298286	0	0.5	25
	chrIX	298287	0	0.5	25
	chrIX	298328	0	0.5	25
	chrIX	298338	1	1.0	25
	chrIX	298347	0	0.5	25
	chrIX	298348	0	0.5	25
	chrIX	298359	1	0.5	25
	chrIX	298368	1	0.5	25
	chrIX	298411	0	0.5	25
	chrIX	298419	1	0.5	25
	chrIX	298426	0	0.5	25
	chrIX	298430	0	0.5	25
	chrIX	298432	1	1.0	25
	chrIX	298462	1	0.5	25
	chrIX	298470	1	0.5	25
	chrIX	298475	1	0.5	25
	chrIX	298497	0	0.5	25
	chrIX	298500	1	0.5	25
	chrIX	298537	0	0.5	25
	chrIX	298539	0	0.5	25
	chrIX	298565	1	0.5	25
	chrIX	298586	1	0.5	25
	chrIX	298590	0	0.5	25
	chrIX	298600	0	0.5	25
	chrIX	298607	0	0.5	25
	chrIX	298608	0	0.5	25
	chrIX	298624	1	0.5	25
	chrIX	298628	0	0.5	25
	chrIX	298665	0	0.5	25
	chrIX	298667	0	0.5	25
	chrIX	298669	0	0.5	25
	chrIX	298676	1	0.5	25
	chrIX	298678	1	0.5	25
	chrIX	298682	1	0.5	25
	chrIX	298690	1	0.5	25
	chrIX	298692	1	0.5	25
	chrIX	298734	1	0.5	25
	chrIX	298747	0	0.5	25
	chrIX	298752	1	0.5	25
	chrIX	298753	1	0.5	25
	chrIX	298764	0	0.5	25
	chrIX	298785	1	0.5	25
	chrIX	298795	0	0.5	25
	chrIX	298836	1	0.5	25
	chrIX	298855	1	0.5	25
	chrIX	298966	0	0.5	25
	chrIX	299001	0	0.5	25
	chrIX	299016	1	0.5	25
	chrIX	299019	0	0.5	25
	chrIX	299031	0	0.5	25
	chrIX	299034	0	0.5	25
	chrIX	299052	1	0.5	25
	chrIX	299074	1	0.5	25
	chrIX	299078	1	0.5	25
	chrIX	299080	0	0.5	25
	chrIX	299080	1	0.5	25
	chrIX	299087	0	0.5	25
	chrIX	299098	0	0.5	25
	chrIX	299119	0	1.0	25
	chrIX	299126	0	0.5	25
	chrIX	299130	0	0.5	25
	chrIX	299133	0	0.5	25
	chrIX	299156	0	0.5	25
	chrIX	299160	0	0.5	25
	chrIX	299167	1	0.5	25
	chrIX	299169	1	0.5	25
	chrIX	299197	1	0.5	25
	chrIX	299205	1	0.5	25
	chrIX	299210	0	0.5	25
	chrIX	299218	0	0.5	25
	chrIX	299221	1	0.5	25
	chrIX	299243	0	0.5	25
	chrIX	299253	1	0.5	25
	chrIX	299262	0	1.0	25
	chrIX	299280	1	0.5	25
	chrIX	299287	1	1.0	25
	chrIX	299289	0	0.5	25
	chrIX	299297	1	1.0	25
	chrIX	299311	1	0.5	25
	chrIX	299312	1	0.5	25
	chrIX	299323	0	0.5	25
	chrIX	299351	0	0.5	25
	chrIX	299357	1	0.5	25
	chrIX	299365	1	1.0	25
	chrIX	299372	1	0.5	25
	chrIX	299373	0	0.5	25
	chrIX	299378	0	0.5	25
	chrIX	299399	0	0.5	25
	chrIX	299415	0	0.5	25
	chrIX	299420	1	0.5	25
	chrIX	299436	0	0.5	25
	chrIX	299437	0	0.5	25
	chrIX	299444	1	0.5	25
	chrIX	299447	0	0.5	25
	chrIX	299474	1	0.5	25
	chrIX	299475	1	0.5	25
	chrIX	299491	0	0.5	25
	chrIX	299501	1	0.5	25
	chrIX	299511	1	0.5	25
	chrIX	299513	1	0.5	25
	chrIX	299524	0	0.5	25
	chrIX	299535	1	0.5	25
	chrIX	299589	0	0.5	25
	chrIX	299620	0	0.5	25
	chrIX	299632	1	0.5	25
	chrIX	299637	1	0.5	25
	chrIX	299640	0	1.0	25
	chrIX	299654	1	0.5	25
	chrIX	299697	0	0.5	25
	chrIX	299704	1	0.5	25
	chrIX	299721	0	0.5	25
	chrIX	299745	0	0.5	25
	chrIX	299745	1	1.0	25
	chrIX	299774	0	0.5	25
	chrIX	299775	0	1.0	25
	chrIX	299775	1	0.5	25
	chrIX	299784	0	0.5	25
	chrIX	299795	0	0.5	25
	chrIX	299796	0	1.0	25
	chrIX	299798	0	0.5	25
	chrIX	299816	1	0.5	25
	chrIX	299823	1	0.5	25
	chrIX	299827	1	0.5	25
	chrIX	299850	0	0.5	25
	chrIX	299856	0	0.5	25
	chrIX	299859	0	1.0	25
	chrIX	299859	1	0.5	25
	chrIX	299909	1	0.5	25
	chrIX	299927	0	0.5	25
	chrIX	299935	1	1.5	25
	chrIX	299943	0	1.0	25
	chrIX	299954	1	0.5	25
	chrIX	299957	1	1.5	25
	chrIX	299958	0	1.0	25
	chrIX	299959	1	0.5	25
	chrIX	299960	0	0.5	25
	chrIX	299961	1	0.5	25
	chrIX	300008	1	0.5	25
	chrIX	300024	1	0.5	25
	chrIX	300037	1	0.5	25
	chrIX	300068	0	0.5	25
	chrIX	300072	0	0.5	25
	chrIX	300072	1	1.0	25
	chrIX	300074	0	0.5	25
	chrIX	300089	0	0.5	25
	chrIX	300101	0	0.5	25
	chrIX	300110	0	0.5	25
	chrIX	300111	0	3.0	25
	chrIX	300112	0	1.0	25
	chrIX	300113	0	0.5	25
	chrIX	300115	0	0.5	25
	chrIX	300119	0	0.5	25
	chrIX	300120	0	2.0	25
	chrIX	300121	0	3.0	25
	chrIX	300122	0	0.5	25
	chrIX	300125	0	1.0	25
	chrIX	300131	0	1.0	25
	chrIX	300132	0	1.5	25
	chrIX	300133	0	1.5	25
	chrIX	300134	0	2.0	25
	chrIX	300143	0	1.0	25
	chrIX	300144	0	0.5	25
	chrIX	300145	0	0.5	25
	chrIX	300147	0	0.5	25
	chrIX	300149	0	1.0	25
	chrIX	300153	0	0.5	25
	chrIX	300153	1	0.5	25
	chrIX	300154	0	0.5	25
	chrIX	300156	0	0.5	25
	chrIX	300158	1	0.5	25
	chrIX	300166	0	0.5	25
	chrIX	300166	1	0.5	25
	chrIX	300172	1	0.5	25
	chrIX	300177	1	0.5	25
	chrIX	300185	1	1.0	25
	chrIX	300186	1	1.0	25
	chrIX	300190	0	0.5	25
	chrIX	300194	1	0.5	25
	chrIX	300199	1	0.5	25
	chrIX	300202	1	11.5	25
	chrIX	300203	0	1.0	25
	chrIX	300203	1	1.0	25
	chrIX	300204	1	2.0	25
	chrIX	300205	0	0.5	25
	chrIX	300205	1	1.0	25
	chrIX	300207	1	1.0	25
	chrIX	300208	1	0.5	25
	chrIX	300209	1	1.0	25
	chrIX	300210	0	1.5	25
	chrIX	300210	1	0.5	25
	chrIX	300220	1	0.5	25
	chrIX	300229	1	0.5	25
	chrIX	300231	1	0.5	25
	chrIX	300248	1	0.5	25
	chrIX	300252	1	1.0	25
	chrIX	300258	1	0.5	25
	chrIX	300261	1	0.5	25
	chrIX	300273	0	0.5	25
	chrIX	300273	1	0.5	25
	chrIX	300276	0	0.5	25
	chrIX	300280	0	0.5	25
	chrIX	300281	0	0.5	25
	chrIX	300286	1	1.0	25
	chrIX	300295	0	0.5	25
	chrIX	300296	1	0.5	25
	chrIX	300303	0	0.5	25
	chrIX	300323	0	0.5	25
	chrIX	300334	1	0.5	25
	chrIX	300361	1	0.5	25
	chrIX	300367	1	0.5	25
	chrIX	300369	1	1.0	25
	chrIX	300370	1	0.5	25
	chrIX	300387	1	0.5	25
	chrIX	300404	0	0.5	25
	chrIX	300415	0	0.5	25
	chrIX	300425	1	0.5	25
	chrIX	300454	1	0.5	25
	chrIX	300463	0	0.5	25
	chrIX	300478	0	0.5	25
	chrIX	300479	0	1.0	25
	chrIX	300480	0	0.5	25
	chrIX	300483	1	0.5	25
	chrIX	300488	0	1.0	23
	chrIX	300516	0	0.5	25
	chrIX	300534	1	0.5	25
	chrIX	300536	1	1.0	25
	chrIX	300537	1	0.5	25
	chrIX	300539	1	0.5	25
	chrIX	300542	1	1.0	25
	chrIX	300556	0	0.5	25
	chrIX	300559	0	0.5	25
	chrIX	300579	0	1.5	25
	chrIX	300583	0	1.0	25
	chrIX	300597	1	0.5	25
	chrIX	300607	0	0.5	25
	chrIX	300617	1	0.5	25
	chrIX	300639	0	0.5	25
	chrIX	300654	1	1.0	25
	chrIX	300665	0	1.0	25
	chrIX	300708	1	1.5	25
	chrIX	300718	1	1.0	25
	chrIX	300725	0	0.5	25
	chrIX	300731	1	0.5	25
	chrIX	300752	1	0.5	25
	chrIX	300761	1	0.5	25
	chrIX	300762	0	0.5	25
	chrIX	300782	0	0.5	25
	chrIX	300792	1	0.5	25
	chrIX	300819	0	2.0	25
	chrIX	300819	1	0.5	25
	chrIX	300824	0	0.5	25
	chrIX	300846	0	0.5	25
	chrIX	300870	1	0.5	25
	chrIX	300894	1	0.5	25
	chrIX	300897	1	0.5	25
	chrIX	300902	1	2.0	25
	chrIX	300903	0	1.5	25
	chrIX	300917	0	1.0	25
	chrIX	300973	0	1.0	25
	chrIX	300977	1	0.5	25
	chrIX	300980	0	1.5	25
	chrIX	300981	1	1.0	25
	chrIX	301005	1	1.0	25
	chrIX	301008	0	0.5	25
	chrIX	301015	0	0.5	25
	chrIX	301025	1	1.0	25
	chrIX	301035	1	0.5	25
	chrIX	301041	0	0.5	25
	chrIX	301047	1	0.5	25
	chrIX	301072	1	0.5	25
	chrIX	301081	1	0.5	25
	chrIX	301082	1	0.5	25
	chrIX	301100	0	0.5	25
	chrIX	301107	1	0.5	25
	chrIX	301196	0	0.5	25
	chrIX	301218	0	0.5	25
	chrIX	301231	0	0.5	25
	chrIX	301232	0	0.5	25
	chrIX	301241	0	0.5	25
	chrIX	301242	0	1.0	25
	chrIX	301265	0	0.5	25
	chrIX	301265	1	0.5	25
	chrIX	301267	1	0.5	25
	chrIX	301302	0	0.5	25
	chrIX	301303	0	0.5	25
	chrIX	301312	1	0.5	25
	chrIX	301317	1	0.5	25
	chrIX	301321	0	0.5	25
	chrIX	301323	0	0.5	25
	chrIX	301337	1	0.5	25
	chrIX	301349	1	0.5	25
	chrIX	301350	1	0.5	25
	chrIX	301366	0	0.5	25
	chrIX	301371	0	0.5	25
	chrIX	301380	1	0.5	25
	chrIX	301386	1	0.5	25
	chrIX	301388	1	0.5	25
	chrIX	301389	0	0.5	24
	chrIX	301393	0	1.0	25
	chrIX	301396	0	1.0	25
	chrIX	301401	0	2.0	25
	chrIX	301402	0	1.0	25
	chrIX	301402	1	0.5	25
	chrIX	301403	0	1.5	25
	chrIX	301405	0	1.0	25
	chrIX	301419	0	0.5	25
	chrIX	301422	1	0.5	25
	chrIX	301426	0	0.5	25
	chrIX	301427	0	1.5	25
	chrIX	301428	0	0.5	25
	chrIX	301433	0	1.5	25
	chrIX	301436	0	1.0	25
	chrIX	301457	0	0.5	25
	chrIX	301462	0	0.5	25
	chrIX	301463	1	0.5	25
	chrIX	301467	0	0.5	25
	chrIX	301478	0	0.5	25
	chrIX	301479	0	0.5	25
	chrIX	301479	1	1.0	25
	chrIX	301480	0	0.5	25
	chrIX	301481	0	0.5	25
	chrIX	301505	1	0.5	25
	chrIX	301512	0	0.5	25
	chrIX	301512	1	7.5	25
	chrIX	301513	1	2.0	25
	chrIX	301514	1	1.0	25
	chrIX	301516	0	0.5	25
	chrIX	301518	1	1.0	25
	chrIX	301519	0	1.0	25
	chrIX	301524	0	0.5	25
	chrIX	301538	0	1.0	25
	chrIX	301542	0	0.5	25
	chrIX	301553	1	1.0	25
	chrIX	301554	1	0.5	25
	chrIX	301563	1	0.5	25
	chrIX	301565	1	0.5	25
	chrIX	301570	1	1.5	25
	chrIX	301576	1	0.5	25
	chrIX	301588	1	0.5	25
	chrIX	301595	1	0.5	25
	chrIX	301600	0	0.5	25
	chrIX	301606	1	0.5	25
	chrIX	301610	0	0.5	25
	chrIX	301620	0	0.5	25
	chrIX	301672	0	1.5	25
	chrIX	301673	0	0.5	25
	chrIX	301673	1	0.5	25
	chrIX	301675	0	0.5	25
	chrIX	301684	0	2.0	25
	chrIX	301692	1	0.5	25
	chrIX	301696	1	0.5	25
	chrIX	301703	1	1.0	25
	chrIX	301704	1	0.5	25
	chrIX	301709	1	0.5	25
	chrIX	301739	0	1.0	25
	chrIX	301750	1	0.5	25
	chrIX	301751	0	0.5	25
	chrIX	301758	1	0.5	25
	chrIX	301765	0	0.5	25
	chrIX	301790	0	0.5	25
	chrIX	301812	1	1.0	25
	chrIX	301818	1	0.5	25
	chrIX	301826	1	0.5	25
	chrIX	301830	1	1.0	25
	chrIX	301837	1	0.5	25
	chrIX	301840	1	0.5	25
	chrIX	301849	1	1.5	25
	chrIX	301850	0	0.5	25
	chrIX	301850	1	0.5	25
	chrIX	301851	0	0.5	25
	chrIX	301862	1	0.5	25
	chrIX	301863	0	0.5	25
	chrIX	301865	0	0.5	25
	chrIX	301878	0	0.5	25
	chrIX	301878	1	0.5	25
	chrIX	301906	0	0.5	25
	chrIX	301911	1	0.5	25
	chrIX	301923	0	0.5	25
	chrIX	301930	0	0.5	25
	chrIX	301961	0	0.5	25
	chrIX	301963	1	0.5	25
	chrIX	301968	1	0.5	25
	chrIX	301975	0	0.5	25
	chrIX	301982	1	0.5	25
	chrIX	301983	0	1.0	25
	chrIX	301999	1	0.5	25
	chrIX	302006	0	1.0	25
	chrIX	302011	1	0.5	25
	chrIX	302039	0	0.5	25
	chrIX	302046	1	1.5	25
	chrIX	302047	0	0.5	25
	chrIX	302047	1	0.5	25
	chrIX	302066	0	0.5	25
	chrIX	302067	0	0.5	25
	chrIX	302076	0	0.5	25
	chrIX	302097	0	0.5	25
	chrIX	302106	0	0.5	25
	chrIX	302135	1	0.5	25
	chrIX	302138	1	0.5	25
	chrIX	302148	0	0.5	25
	chrIX	302159	0	0.5	25
	chrIX	302167	1	0.5	25
	chrIX	302170	0	0.5	25
	chrIX	302180	0	0.5	25
	chrIX	302182	1	1.0	25
	chrIX	302213	0	0.5	25
	chrIX	302218	1	0.5	25
	chrIX	302219	1	0.5	25
	chrIX	302221	1	0.5	25
	chrIX	302235	0	0.5	25
	chrIX	302243	0	0.5	25
	chrIX	302246	0	0.5	25
	chrIX	302261	1	0.5	25
	chrIX	302263	1	0.5	25
	chrIX	302268	1	0.5	25
	chrIX	302277	1	0.5	25
	chrIX	302279	1	0.5	25
	chrIX	302296	1	0.5	25
	chrIX	302303	0	1.0	25
	chrIX	302308	1	0.5	25
	chrIX	302358	1	1.0	25
	chrIX	302359	1	0.5	25
	chrIX	302364	1	0.5	25
	chrIX	302365	1	0.5	25
	chrIX	302367	0	0.5	25
	chrIX	302370	0	1.0	25
	chrIX	302377	1	0.5	25
	chrIX	302380	0	0.5	25
	chrIX	302405	0	0.5	25
	chrIX	302412	0	0.5	25
	chrIX	302415	0	0.5	25
	chrIX	302431	1	1.0	25
	chrIX	302444	0	1.0	25
	chrIX	302454	1	0.5	25
	chrIX	302457	1	0.5	25
	chrIX	302459	1	0.5	25
	chrIX	302479	0	0.5	25
	chrIX	302481	1	0.5	25
	chrIX	302502	0	0.5	25
	chrIX	302541	0	1.0	25
	chrIX	302545	1	0.5	25
	chrIX	302552	0	0.5	25
	chrIX	302558	0	0.5	25
	chrIX	302563	0	0.5	25
	chrIX	302575	1	0.5	25
	chrIX	302612	0	0.5	25
	chrIX	302612	1	1.0	25
	chrIX	302618	1	0.5	25
	chrIX	302624	1	0.5	25
	chrIX	302626	1	1.0	25
	chrIX	302633	1	0.5	25
	chrIX	302657	0	0.5	25
	chrIX	302657	1	0.5	25
	chrIX	302667	0	0.5	25
	chrIX	302680	1	0.5	25
	chrIX	302697	0	0.5	25
	chrIX	302698	0	0.5	25
	chrIX	302713	0	0.5	25
	chrIX	302740	1	0.5	25
	chrIX	302743	1	0.5	25
	chrIX	302752	1	0.5	25
	chrIX	302764	1	0.5	25
	chrIX	302768	0	0.5	25
	chrIX	302803	0	0.5	25
	chrIX	302814	0	0.5	25
	chrIX	302821	0	1.0	25
	chrIX	302822	0	0.5	25
	chrIX	302838	0	0.5	25
	chrIX	302862	1	0.5	25
	chrIX	302863	0	0.5	25
	chrIX	302864	1	0.5	25
	chrIX	302867	0	0.5	25
	chrIX	302869	1	0.5	25
	chrIX	302892	0	0.5	25
	chrIX	302892	1	0.5	25
	chrIX	302894	1	0.5	25
	chrIX	302897	0	0.5	25
	chrIX	302899	1	0.5	25
	chrIX	302922	0	1.0	25
	chrIX	302924	0	0.5	25
	chrIX	302930	1	0.5	25
	chrIX	302941	0	0.5	25
	chrIX	302943	1	0.5	25
	chrIX	302951	1	0.5	25
	chrIX	302999	1	1.0	25
	chrIX	303017	0	0.5	25
	chrIX	303019	1	0.5	25
	chrIX	303020	0	0.5	25
	chrIX	303022	0	0.5	25
	chrIX	303027	1	0.5	25
	chrIX	303028	1	0.5	25
	chrIX	303030	0	0.5	25
	chrIX	303031	0	1.0	25
	chrIX	303032	0	0.5	25
	chrIX	303038	1	0.5	25
	chrIX	303039	0	0.5	25
	chrIX	303092	1	0.5	25
	chrIX	303097	1	0.5	25
	chrIX	303106	1	0.5	25
	chrIX	303111	0	0.5	25
	chrIX	303167	1	0.5	25
	chrIX	303186	1	1.0	25
	chrIX	303187	1	0.5	25
	chrIX	303188	0	1.0	25
	chrIX	303197	0	0.5	25
	chrIX	303216	1	0.5	25
	chrIX	303222	0	0.5	25
	chrIX	303236	0	0.5	25
	chrIX	303237	1	0.5	25
	chrIX	303238	0	0.5	25
	chrIX	303244	0	0.5	25
	chrIX	303296	1	0.5	25
	chrIX	303302	1	0.5	25
	chrIX	303313	1	0.5	25
	chrIX	303335	1	0.5	25
	chrIX	303344	1	0.5	25
	chrIX	303348	0	0.5	25
	chrIX	303349	0	1.5	25
	chrIX	303350	0	0.5	25
	chrIX	303356	0	1.0	25
	chrIX	303368	1	0.5	25
	chrIX	303382	0	0.5	25
	chrIX	303396	0	0.5	25
	chrIX	303406	1	1.0	25
	chrIX	303421	1	0.5	25
	chrIX	303427	1	0.5	25
	chrIX	303464	1	0.5	25
	chrIX	303478	0	0.5	25
	chrIX	303480	0	0.5	25
	chrIX	303483	1	0.5	25
	chrIX	303488	0	0.5	25
	chrIX	303491	0	0.5	25
	chrIX	303499	0	0.5	25
	chrIX	303510	1	0.5	25
	chrIX	303514	0	0.5	25
	chrIX	303518	0	0.5	25
	chrIX	303523	1	0.5	25
	chrIX	303529	0	0.5	25
	chrIX	303538	1	0.5	25
	chrIX	303542	1	0.5	25
	chrIX	303544	1	0.5	25
	chrIX	303545	1	0.5	25
	chrIX	303549	1	0.5	25
	chrIX	303555	1	1.0	25
	chrIX	303598	1	0.5	25
	chrIX	303609	0	0.5	25
	chrIX	303613	1	0.5	25
	chrIX	303620	1	0.5	25
	chrIX	303636	0	0.5	25
	chrIX	303639	0	1.0	25
	chrIX	303662	0	0.5	25
	chrIX	303669	1	0.5	25
	chrIX	303680	0	0.5	25
	chrIX	303689	1	0.5	25
	chrIX	303702	1	1.0	25
	chrIX	303703	0	0.5	25
	chrIX	303723	0	0.5	25
	chrIX	303729	1	0.5	25
	chrIX	303731	1	0.5	25
	chrIX	303748	0	0.5	25
	chrIX	303762	0	0.5	25
	chrIX	303763	1	0.5	25
	chrIX	303775	1	0.5	25
	chrIX	303795	1	0.5	25
	chrIX	303809	1	0.5	25
	chrIX	303819	1	0.5	25
	chrIX	303925	0	0.5	25
	chrIX	303991	1	0.5	25
	chrIX	304001	0	0.5	25
	chrIX	304033	0	0.5	25
	chrIX	304055	0	0.5	25
	chrIX	304058	0	0.5	25
	chrIX	304093	0	0.5	25
	chrIX	304125	1	0.5	25
	chrIX	304156	1	0.5	25
	chrIX	304158	0	0.5	25
	chrIX	304166	0	0.5	25
	chrIX	304168	1	0.5	25
	chrIX	304171	0	0.5	25
	chrIX	304172	0	1.0	25
	chrIX	304175	0	0.5	25
	chrIX	304180	0	0.5	25
	chrIX	304181	0	1.5	25
	chrIX	304193	0	0.5	25
	chrIX	304201	0	0.5	25
	chrIX	304205	0	0.5	25
	chrIX	304206	0	0.5	25
	chrIX	304206	1	0.5	25
	chrIX	304207	0	1.0	25
	chrIX	304208	0	1.0	25
	chrIX	304209	1	1.5	25
	chrIX	304213	0	0.5	25
	chrIX	304214	0	0.5	25
	chrIX	304215	0	0.5	25
	chrIX	304216	0	0.5	25
	chrIX	304217	0	0.5	25
	chrIX	304220	0	0.5	25
	chrIX	304236	0	0.5	25
	chrIX	304238	1	0.5	25
	chrIX	304239	0	0.5	25
	chrIX	304239	1	1.0	25
	chrIX	304241	0	0.5	25
	chrIX	304253	0	0.5	25
	chrIX	304257	1	1.0	25
	chrIX	304259	0	0.5	25
	chrIX	304264	0	0.5	25
	chrIX	304264	1	1.5	25
	chrIX	304265	1	1.0	25
	chrIX	304266	0	0.5	25
	chrIX	304271	1	1.0	25
	chrIX	304274	0	0.5	25
	chrIX	304274	1	2.0	25
	chrIX	304275	1	1.0	25
	chrIX	304287	1	0.5	25
	chrIX	304288	0	0.5	25
	chrIX	304289	0	1.0	25
	chrIX	304289	1	0.5	25
	chrIX	304294	1	0.5	25
	chrIX	304302	1	0.5	25
	chrIX	304306	0	0.5	25
	chrIX	304307	0	1.5	25
	chrIX	304312	1	0.5	25
	chrIX	304318	0	1.0	25
	chrIX	304328	1	1.0	25
	chrIX	304330	1	0.5	25
	chrIX	304335	1	0.5	25
	chrIX	304336	1	0.5	25
	chrIX	304343	0	0.5	25
	chrIX	304348	1	0.5	25
	chrIX	304382	1	0.5	25
	chrIX	304410	0	0.5	25
	chrIX	304416	1	0.5	25
	chrIX	304424	1	0.5	25
	chrIX	304467	0	0.5	25
	chrIX	304470	1	0.5	25
	chrIX	304473	0	0.5	25
	chrIX	304477	1	2.5	25
	chrIX	304480	1	0.5	25
	chrIX	304518	1	1.0	25
	chrIX	304529	1	0.5	25
	chrIX	304577	0	0.5	25
	chrIX	304624	0	0.5	25
	chrIX	304626	1	0.5	25
	chrIX	304649	0	0.5	25
	chrIX	304660	1	0.5	25
	chrIX	304662	1	0.5	25
	chrIX	304680	0	0.5	25
	chrIX	304722	0	0.5	25
	chrIX	304737	1	0.5	25
	chrIX	304742	0	0.5	25
	chrIX	304791	1	0.5	25
	chrIX	304793	0	2.0	25
	chrIX	304811	0	0.5	25
	chrIX	304823	1	0.5	25
	chrIX	304827	1	0.5	25
	chrIX	304860	1	0.5	25
	chrIX	304866	0	0.5	25
	chrIX	304867	0	0.5	25
	chrIX	304876	1	0.5	25
	chrIX	304915	1	1.0	25
	chrIX	304919	0	0.5	25
	chrIX	304931	1	0.5	25
	chrIX	304948	1	0.5	25
	chrIX	304959	0	0.5	25
	chrIX	304967	1	0.5	25
	chrIX	304973	1	0.5	25
	chrIX	304974	0	1.0	25
	chrIX	304976	0	0.5	25
	chrIX	305016	0	0.5	25
	chrIX	305032	1	0.5	25
	chrIX	305034	0	0.5	25
	chrIX	305038	0	2.0	25
	chrIX	305057	0	0.5	25
	chrIX	305058	1	0.5	25
	chrIX	305086	0	0.5	25
	chrIX	305088	0	0.5	25
	chrIX	305093	0	0.5	25
	chrIX	305094	1	0.5	25
	chrIX	305096	1	0.5	25
	chrIX	305101	1	1.0	25
	chrIX	305119	0	0.5	25
	chrIX	305121	0	0.5	25
	chrIX	305127	1	1.0	25
	chrIX	305128	1	1.0	25
	chrIX	305129	1	0.5	25
	chrIX	305153	1	0.5	25
	chrIX	305162	0	0.5	25
	chrIX	305170	0	0.5	25
	chrIX	305170	1	0.5	25
	chrIX	305171	1	0.5	25
	chrIX	305177	0	0.5	25
	chrIX	305181	0	0.5	25
	chrIX	305222	1	0.5	25
	chrIX	305230	1	0.5	25
	chrIX	305233	1	0.5	25
	chrIX	305242	1	0.5	25
	chrIX	305258	1	0.5	25
	chrIX	305273	0	0.5	25
	chrIX	305291	0	0.5	25
	chrIX	305297	0	0.5	25
	chrIX	305329	0	0.5	25
	chrIX	305336	0	0.5	25
	chrIX	305342	1	0.5	25
	chrIX	305350	1	0.5	25
	chrIX	305359	0	0.5	25
	chrIX	305370	0	0.5	25
	chrIX	305402	1	0.5	25
	chrIX	305404	1	1.0	25
	chrIX	305409	0	0.5	25
	chrIX	305425	0	0.5	25
	chrIX	305433	1	0.5	25
	chrIX	305470	0	0.5	25
	chrIX	305487	0	1.5	25
	chrIX	305490	1	1.0	25
	chrIX	305493	0	0.5	25
	chrIX	305495	1	0.5	25
	chrIX	305499	0	0.5	25
	chrIX	305504	1	0.5	25
	chrIX	305561	1	0.5	25
	chrIX	305562	1	1.0	25
	chrIX	305570	1	0.5	25
	chrIX	305575	1	0.5	25
	chrIX	305580	0	0.5	25
	chrIX	305596	0	0.5	25
	chrIX	305620	0	0.5	25
	chrIX	305627	0	0.5	25
	chrIX	305640	1	0.5	25
	chrIX	305649	0	0.5	25
	chrIX	305674	0	0.5	25
	chrIX	305677	1	0.5	25
	chrIX	305678	1	1.0	25
	chrIX	305680	0	0.5	25
	chrIX	305690	0	0.5	25
	chrIX	305706	1	0.5	25
	chrIX	305714	1	0.5	25
	chrIX	305741	1	0.5	25
	chrIX	305752	1	0.5	25
	chrIX	305771	1	0.5	25
	chrIX	305780	0	0.5	25
	chrIX	305791	0	0.5	25
	chrIX	305797	0	0.5	25
	chrIX	305812	0	0.5	25
	chrIX	305822	0	0.5	25
	chrIX	305836	1	0.5	25
	chrIX	305840	0	0.5	25
	chrIX	305844	0	0.5	25
	chrIX	305850	0	0.5	25
	chrIX	305854	1	0.5	25
	chrIX	305867	1	0.5	25
	chrIX	305875	0	0.5	25
	chrIX	305884	0	0.5	25
	chrIX	305888	1	0.5	25
	chrIX	305901	0	0.5	25
	chrIX	305909	1	0.5	25
	chrIX	305932	1	0.5	25
	chrIX	305951	1	0.5	25
	chrIX	305957	1	0.5	25
	chrIX	305962	0	0.5	25
	chrIX	305967	1	0.5	25
	chrIX	305973	0	0.5	25
	chrIX	305973	1	0.5	25
	chrIX	305992	0	1.5	25
	chrIX	306049	1	1.5	25
	chrIX	306051	1	1.0	25
	chrIX	306052	0	0.5	25
	chrIX	306103	1	0.5	25
	chrIX	306115	1	0.5	25
	chrIX	306142	0	0.5	25
	chrIX	306145	0	0.5	25
	chrIX	306149	0	0.5	25
	chrIX	306174	1	0.5	25
	chrIX	306187	1	0.5	25
	chrIX	306197	1	0.5	25
	chrIX	306201	0	0.5	25
	chrIX	306243	0	0.5	25
	chrIX	306247	0	0.5	25
	chrIX	306248	0	0.5	25
	chrIX	306268	1	0.5	25
	chrIX	306283	0	0.5	25
	chrIX	306286	0	1.0	25
	chrIX	306319	1	0.5	25
	chrIX	306327	1	0.5	25
	chrIX	306329	1	0.5	25
	chrIX	306339	0	0.5	25
	chrIX	306352	1	1.0	25
	chrIX	306357	1	0.5	25
	chrIX	306410	0	0.5	25
	chrIX	306425	1	0.5	25
	chrIX	306453	0	0.5	25
	chrIX	306473	0	0.5	25
	chrIX	306506	0	0.5	25
	chrIX	306528	1	0.5	25
	chrIX	306532	1	0.5	25
	chrIX	306533	0	0.5	25
	chrIX	306535	0	0.5	25
	chrIX	306575	0	0.5	25
	chrIX	306591	1	0.5	25
	chrIX	306601	1	0.5	25
	chrIX	306609	1	0.5	25
	chrIX	306644	0	0.5	25
	chrIX	306644	1	0.5	25
	chrIX	306647	0	0.5	25
	chrIX	306647	1	0.5	25
	chrIX	306649	0	1.0	25
	chrIX	306656	0	0.5	25
	chrIX	306678	0	0.5	25
	chrIX	306682	1	0.5	25
	chrIX	306686	0	1.0	25
	chrIX	306712	1	0.5	25
	chrIX	306721	1	1.0	25
	chrIX	306730	0	1.0	25
	chrIX	306730	1	0.5	25
	chrIX	306734	1	0.5	25
	chrIX	306746	0	0.5	25
	chrIX	306799	0	0.5	25
	chrIX	306800	1	0.5	25
	chrIX	306805	1	0.5	24
	chrIX	306839	0	0.5	25
	chrIX	306847	0	0.5	25
	chrIX	306856	1	0.5	25
	chrIX	306861	1	1.0	25
	chrIX	306883	1	0.5	25
	chrIX	306915	1	0.5	25
	chrIX	306925	0	0.5	25
	chrIX	306940	1	0.5	25
	chrIX	306959	0	0.5	25
	chrIX	306999	0	0.5	25
	chrIX	307003	0	1.0	25
	chrIX	307008	0	0.5	25
	chrIX	307014	1	0.5	25
	chrIX	307036	1	0.5	25
	chrIX	307080	0	0.5	25
	chrIX	307082	1	1.0	25
	chrIX	307083	1	0.5	25
	chrIX	307097	1	0.5	25
	chrIX	307163	1	0.5	25
	chrIX	307168	0	0.5	25
	chrIX	307183	0	0.5	25
	chrIX	307196	0	0.5	25
	chrIX	307200	0	1.0	25
	chrIX	307221	0	0.5	25
	chrIX	307227	1	0.5	25
	chrIX	307229	0	0.5	25
	chrIX	307230	0	0.5	25
	chrIX	307239	1	0.5	25
	chrIX	307254	1	0.5	25
	chrIX	307256	1	0.5	25
	chrIX	307261	0	0.5	25
	chrIX	307278	0	0.5	25
	chrIX	307291	0	0.5	25
	chrIX	307296	1	0.5	25
	chrIX	307297	1	0.5	25
	chrIX	307312	0	0.5	25
	chrIX	307342	0	0.5	25
	chrIX	307376	1	0.5	25
	chrIX	307385	1	0.5	25
	chrIX	307397	1	0.5	25
	chrIX	307399	0	1.0	25
	chrIX	307401	0	0.5	25
	chrIX	307402	1	0.5	25
	chrIX	307411	0	0.5	25
	chrIX	307418	0	0.5	25
	chrIX	307418	1	0.5	25
	chrIX	307440	0	0.5	25
	chrIX	307442	1	0.5	25
	chrIX	307451	1	0.5	25
	chrIX	307452	0	0.5	25
	chrIX	307469	1	1.0	25
	chrIX	307472	1	0.5	25
	chrIX	307482	0	0.5	25
	chrIX	307489	1	0.5	25
	chrIX	307498	0	1.0	25
	chrIX	307498	1	0.5	25
	chrIX	307503	1	0.5	25
	chrIX	307506	1	0.5	25
	chrIX	307528	0	0.5	25
	chrIX	307545	1	0.5	25
	chrIX	307557	0	0.5	25
	chrIX	307557	1	1.0	25
	chrIX	307575	0	0.5	25
	chrIX	307596	1	0.5	25
	chrIX	307626	1	0.5	25
	chrIX	307652	1	0.5	25
	chrIX	307710	0	0.5	25
	chrIX	307743	0	0.5	25
	chrIX	307752	0	0.5	25
	chrIX	307785	1	0.5	25
	chrIX	307811	1	0.5	25
	chrIX	307824	0	0.5	25
	chrIX	307835	0	0.5	25
	chrIX	307874	0	0.5	25
	chrIX	307882	0	0.5	25
	chrIX	307885	0	0.5	25
	chrIX	307918	1	0.5	25
	chrIX	307920	1	0.5	25
	chrIX	307978	1	0.5	25
	chrIX	307979	0	0.5	25
	chrIX	307988	1	0.5	25
	chrIX	307997	0	0.5	25
	chrIX	308003	0	0.5	25
	chrIX	308010	0	1.0	25
	chrIX	308010	1	0.5	25
	chrIX	308014	0	0.5	25
	chrIX	308016	0	0.5	25
	chrIX	308017	0	3.5	25
	chrIX	308018	0	4.0	25
	chrIX	308019	0	10.5	25
	chrIX	308021	0	0.5	25
	chrIX	308025	0	0.5	25
	chrIX	308026	0	3.0	25
	chrIX	308027	0	0.5	25
	chrIX	308034	1	0.5	25
	chrIX	308036	0	1.5	25
	chrIX	308038	0	0.5	25
	chrIX	308046	0	2.5	25
	chrIX	308050	1	0.5	25
	chrIX	308052	0	1.0	25
	chrIX	308077	0	0.5	25
	chrIX	308080	1	0.5	25
	chrIX	308081	1	0.5	25
	chrIX	308088	1	2.0	25
	chrIX	308089	1	2.5	25
	chrIX	308090	1	1.5	25
	chrIX	308091	1	4.0	25
	chrIX	308092	0	0.5	25
	chrIX	308092	1	2.0	25
	chrIX	308093	1	0.5	25
	chrIX	308094	1	1.0	25
	chrIX	308095	1	0.5	25
	chrIX	308096	1	0.5	25
	chrIX	308097	1	2.0	25
	chrIX	308099	1	0.5	25
	chrIX	308103	1	7.5	25
	chrIX	308104	1	0.5	25
	chrIX	308108	1	0.5	25
	chrIX	308112	1	0.5	25
	chrIX	308113	1	1.0	25
	chrIX	308116	0	1.0	25
	chrIX	308123	1	1.0	25
	chrIX	308147	0	0.5	25
	chrIX	308156	1	1.0	25
	chrIX	308170	1	0.5	25
	chrIX	308202	1	0.5	25
	chrIX	308226	1	1.0	25
	chrIX	308231	0	0.5	25
	chrIX	308231	1	0.5	25
	chrIX	308240	1	0.5	25
	chrIX	308256	1	0.5	25
	chrIX	308287	0	1.0	25
	chrIX	308305	1	0.5	25
	chrIX	308320	0	0.5	25
	chrIX	308379	1	1.0	25
	chrIX	308380	0	1.5	25
	chrIX	308384	1	0.5	25
	chrIX	308385	0	0.5	25
	chrIX	308390	0	0.5	25
	chrIX	308430	1	0.5	25
	chrIX	308441	1	0.5	25
	chrIX	308451	1	0.5	25
	chrIX	308503	0	0.5	25
	chrIX	308505	1	0.5	25
	chrIX	308507	0	0.5	25
	chrIX	308529	1	0.5	25
	chrIX	308532	0	0.5	25
	chrIX	308541	0	0.5	25
	chrIX	308558	1	1.0	25
	chrIX	308571	0	0.5	25
	chrIX	308589	1	0.5	25
	chrIX	308594	0	0.5	25
	chrIX	308606	0	0.5	25
	chrIX	308621	1	0.5	25
	chrIX	308637	0	0.5	25
	chrIX	308644	1	0.5	25
	chrIX	308655	0	0.5	25
	chrIX	308669	0	0.5	25
	chrIX	308671	1	0.5	25
	chrIX	308679	0	1.0	25
	chrIX	308704	1	0.5	25
	chrIX	308727	1	0.5	25
	chrIX	308728	0	0.5	25
	chrIX	308737	1	0.5	25
	chrIX	308740	1	1.0	25
	chrIX	308747	0	0.5	25
	chrIX	308756	0	0.5	25
	chrIX	308792	1	0.5	25
	chrIX	308794	1	0.5	25
	chrIX	308820	1	0.5	25
	chrIX	308827	1	0.5	25
	chrIX	308835	0	0.5	25
	chrIX	308908	0	0.5	25
	chrIX	308935	1	0.5	25
	chrIX	308940	0	0.5	25
	chrIX	308982	1	0.5	25
	chrIX	308983	1	0.5	25
	chrIX	309062	0	0.5	25
	chrIX	309082	0	0.5	25
	chrIX	309154	1	0.5	25
	chrIX	309197	0	0.5	25
	chrIX	309207	0	0.5	25
	chrIX	309215	0	0.5	25
	chrIX	309238	1	0.5	25
	chrIX	309245	0	1.5	25
	chrIX	309251	0	0.5	25
	chrIX	309258	0	1.0	25
	chrIX	309268	0	0.5	25
	chrIX	309272	0	0.5	25
	chrIX	309273	0	1.0	25
	chrIX	309290	0	1.5	25
	chrIX	309291	0	0.5	25
	chrIX	309292	1	0.5	25
	chrIX	309294	0	0.5	25
	chrIX	309307	0	0.5	25
	chrIX	309315	1	0.5	25
	chrIX	309319	1	0.5	25
	chrIX	309320	1	0.5	25
	chrIX	309321	0	0.5	25
	chrIX	309321	1	1.5	25
	chrIX	309322	1	0.5	25
	chrIX	309323	1	0.5	25
	chrIX	309328	1	0.5	25
	chrIX	309343	1	0.5	25
	chrIX	309344	1	0.5	25
	chrIX	309345	1	1.5	25
	chrIX	309346	0	0.5	25
	chrIX	309347	0	0.5	25
	chrIX	309348	0	0.5	25
	chrIX	309354	0	1.0	25
	chrIX	309361	0	0.5	25
	chrIX	309387	0	0.5	25
	chrIX	309402	0	0.5	25
	chrIX	309413	1	0.5	25
	chrIX	309422	1	1.0	25
	chrIX	309440	1	0.5	25
	chrIX	309445	1	0.5	25
	chrIX	309458	0	0.5	25
	chrIX	309465	0	0.5	25
	chrIX	309490	1	1.0	25
	chrIX	309491	1	0.5	25
	chrIX	309492	0	1.0	25
	chrIX	309494	1	1.5	25
	chrIX	309514	1	0.5	25
	chrIX	309517	1	0.5	25
	chrIX	309524	1	0.5	25
	chrIX	309526	1	0.5	25
	chrIX	309551	1	0.5	25
	chrIX	309558	0	0.5	25
	chrIX	309632	1	0.5	25
	chrIX	309635	1	0.5	25
	chrIX	309803	0	0.5	25
	chrIX	309832	0	0.5	25
	chrIX	309851	1	0.5	25
	chrIX	309869	0	0.5	25
	chrIX	309878	1	0.5	25
	chrIX	309890	0	0.5	25
	chrIX	309934	0	0.5	25
	chrIX	309955	0	0.5	25
	chrIX	309969	1	0.5	25
	chrIX	310004	1	1.0	25
	chrIX	310033	1	0.5	25
	chrIX	310049	0	0.5	25
	chrIX	310081	0	0.5	25
	chrIX	310099	0	0.5	25
	chrIX	310123	0	0.5	25
	chrIX	310123	1	0.5	25
	chrIX	310138	0	0.5	25
	chrIX	310152	1	0.5	25
	chrIX	310161	1	0.5	25
	chrIX	310174	0	0.5	25
	chrIX	310180	0	1.0	25
	chrIX	310213	0	0.5	25
	chrIX	310220	0	0.5	25
	chrIX	310228	1	0.5	25
	chrIX	310239	1	1.0	25
	chrIX	310260	1	0.5	25
	chrIX	310261	0	1.0	25
	chrIX	310264	0	0.5	25
	chrIX	310273	0	0.5	25
	chrIX	310283	1	0.5	25
	chrIX	310284	0	0.5	25
	chrIX	310285	0	1.0	25
	chrIX	310314	1	1.0	25
	chrIX	310317	0	0.5	25
	chrIX	310341	1	0.5	25
	chrIX	310344	1	0.5	25
	chrIX	310354	1	0.5	25
	chrIX	310358	0	0.5	25
	chrIX	310363	0	0.5	25
	chrIX	310411	1	1.0	25
	chrIX	310421	0	0.5	25
	chrIX	310425	1	1.0	25
	chrIX	310429	0	0.5	25
	chrIX	310444	1	0.5	25
	chrIX	310452	1	0.5	25
	chrIX	310453	0	0.5	25
	chrIX	310455	0	0.5	25
	chrIX	310456	0	1.0	25
	chrIX	310459	1	0.5	25
	chrIX	310460	0	0.5	25
	chrIX	310463	0	0.5	25
	chrIX	310464	0	2.5	25
	chrIX	310471	0	0.5	25
	chrIX	310494	1	1.5	25
	chrIX	310495	0	5.5	25
	chrIX	310496	0	1.5	25
	chrIX	310509	0	0.5	25
	chrIX	310517	1	0.5	25
	chrIX	310525	0	0.5	25
	chrIX	310525	1	0.5	24
	chrIX	310525	1	4.0	25
	chrIX	310526	0	0.5	25
	chrIX	310526	1	2.5	25
	chrIX	310540	1	0.5	25
	chrIX	310549	0	0.5	25
	chrIX	310551	0	1.0	25
	chrIX	310558	1	2.0	25
	chrIX	310560	1	1.0	25
	chrIX	310561	1	1.5	25
	chrIX	310562	1	0.5	25
	chrIX	310575	1	0.5	25
	chrIX	310580	0	0.5	25
	chrIX	310606	1	0.5	25
	chrIX	310607	0	0.5	25
	chrIX	310611	0	0.5	25
	chrIX	310619	0	1.0	25
	chrIX	310629	0	0.5	25
	chrIX	310630	0	1.0	25
	chrIX	310632	1	0.5	25
	chrIX	310642	0	0.5	25
	chrIX	310653	0	0.5	25
	chrIX	310661	1	1.0	25
	chrIX	310670	0	0.5	25
	chrIX	310671	0	0.5	25
	chrIX	310676	1	0.5	25
	chrIX	310689	1	0.5	25
	chrIX	310690	1	1.0	25
	chrIX	310702	0	0.5	25
	chrIX	310706	1	0.5	25
	chrIX	310709	1	0.5	25
	chrIX	310711	1	0.5	25
	chrIX	310714	0	0.5	25
	chrIX	310722	1	0.5	25
	chrIX	310723	1	0.5	25
	chrIX	310724	0	0.5	25
	chrIX	310726	1	0.5	25
	chrIX	310739	1	0.5	25
	chrIX	310740	0	0.5	25
	chrIX	310744	1	0.5	25
	chrIX	310751	1	0.5	25
	chrIX	310758	1	0.5	25
	chrIX	310780	0	0.5	25
	chrIX	310781	0	0.5	25
	chrIX	310783	1	0.5	25
	chrIX	310793	1	0.5	25
	chrIX	310822	0	0.5	25
	chrIX	310828	0	0.5	25
	chrIX	310848	0	0.5	25
	chrIX	310873	0	0.5	25
	chrIX	310895	0	1.5	25
	chrIX	310904	0	1.0	25
	chrIX	310911	1	1.0	25
	chrIX	310912	0	3.0	25
	chrIX	310913	0	5.5	25
	chrIX	310916	0	0.5	25
	chrIX	310920	0	1.0	25
	chrIX	310942	1	0.5	25
	chrIX	310943	1	0.5	25
	chrIX	310949	1	0.5	25
	chrIX	310956	1	0.5	25
	chrIX	310958	0	0.5	25
	chrIX	310960	1	0.5	25
	chrIX	310961	1	0.5	25
	chrIX	310972	1	1.0	25
	chrIX	310981	1	0.5	25
	chrIX	310983	1	1.0	25
	chrIX	310987	1	1.5	25
	chrIX	310989	0	1.0	25
	chrIX	310989	1	1.0	25
	chrIX	310990	0	0.5	25
	chrIX	310990	1	4.0	25
	chrIX	310991	1	1.0	25
	chrIX	310998	0	0.5	25
	chrIX	311002	1	0.5	25
	chrIX	311013	1	1.0	25
	chrIX	311050	1	0.5	25
	chrIX	311053	1	0.5	25
	chrIX	311054	0	0.5	25
	chrIX	311068	1	0.5	25
	chrIX	311072	1	0.5	25
	chrIX	311084	0	0.5	25
	chrIX	311085	1	0.5	25
	chrIX	311101	0	0.5	25
	chrIX	311122	1	0.5	25
	chrIX	311164	1	0.5	25
	chrIX	311169	0	0.5	25
	chrIX	311179	1	0.5	25
	chrIX	311186	0	0.5	25
	chrIX	311189	0	0.5	25
	chrIX	311214	1	0.5	25
	chrIX	311237	1	0.5	25
	chrIX	311254	0	0.5	25
	chrIX	311266	0	0.5	25
	chrIX	311313	0	0.5	25
	chrIX	311320	1	0.5	25
	chrIX	311323	0	0.5	25
	chrIX	311353	0	0.5	25
	chrIX	311379	1	0.5	25
	chrIX	311381	1	0.5	25
	chrIX	311389	0	0.5	25
	chrIX	311391	1	0.5	25
	chrIX	311400	0	0.5	25
	chrIX	311417	0	0.5	25
	chrIX	311429	1	0.5	25
	chrIX	311430	1	0.5	25
	chrIX	311437	1	0.5	25
	chrIX	311445	1	0.5	25
	chrIX	311446	0	0.5	25
	chrIX	311518	1	0.5	25
	chrIX	311555	0	0.5	25
	chrIX	311559	0	0.5	25
	chrIX	311593	0	0.5	25
	chrIX	311609	0	0.5	25
	chrIX	311621	1	0.5	24
	chrIX	311643	1	0.5	25
	chrIX	311677	1	0.5	25
	chrIX	311680	0	0.5	25
	chrIX	311683	1	0.5	25
	chrIX	311697	0	0.5	25
	chrIX	311726	0	0.5	25
	chrIX	311749	1	0.5	25
	chrIX	311755	1	0.5	25
	chrIX	311794	0	0.5	25
	chrIX	311796	0	1.0	25
	chrIX	311816	1	0.5	25
	chrIX	311829	0	0.5	25
	chrIX	311865	1	1.0	25
	chrIX	311869	0	1.5	25
	chrIX	311895	0	0.5	25
	chrIX	311898	0	0.5	25
	chrIX	311924	1	0.5	25
	chrIX	311933	0	0.5	25
	chrIX	311939	1	1.5	25
	chrIX	311942	0	1.0	25
	chrIX	311950	1	0.5	25
	chrIX	311957	1	0.5	25
	chrIX	311960	0	0.5	25
	chrIX	311992	1	0.5	25
	chrIX	312000	1	0.5	25
	chrIX	312002	0	0.5	25
	chrIX	312003	0	0.5	25
	chrIX	312020	1	0.5	25
	chrIX	312046	1	1.0	25
	chrIX	312061	0	1.0	25
	chrIX	312065	1	0.5	25
	chrIX	312066	1	0.5	25
	chrIX	312070	1	0.5	25
	chrIX	312084	0	0.5	25
	chrIX	312096	0	0.5	25
	chrIX	312099	0	1.0	25
	chrIX	312112	0	0.5	25
	chrIX	312128	1	1.0	25
	chrIX	312139	1	0.5	25
	chrIX	312175	0	0.5	25
	chrIX	312175	1	0.5	25
	chrIX	312196	1	0.5	25
	chrIX	312200	0	0.5	25
	chrIX	312217	0	0.5	25
	chrIX	312220	0	0.5	25
	chrIX	312274	1	1.0	25
	chrIX	312287	1	0.5	25
	chrIX	312293	1	0.5	25
	chrIX	312295	1	0.5	25
	chrIX	312314	1	0.5	25
	chrIX	312325	0	0.5	25
	chrIX	312330	0	0.5	25
	chrIX	312351	0	0.5	25
	chrIX	312371	0	0.5	25
	chrIX	312374	0	0.5	25
	chrIX	312397	1	0.5	25
	chrIX	312417	1	0.5	25
	chrIX	312428	0	0.5	25
	chrIX	312445	1	0.5	25
	chrIX	312446	0	0.5	25
	chrIX	312477	0	0.5	25
	chrIX	312490	0	1.0	25
	chrIX	312495	0	0.5	25
	chrIX	312498	1	0.5	25
	chrIX	312500	1	0.5	25
	chrIX	312501	0	1.0	25
	chrIX	312504	1	0.5	25
	chrIX	312505	0	1.5	25
	chrIX	312519	0	0.5	25
	chrIX	312523	0	0.5	25
	chrIX	312534	1	0.5	25
	chrIX	312542	0	0.5	25
	chrIX	312545	1	0.5	25
	chrIX	312550	1	0.5	25
	chrIX	312574	0	0.5	25
	chrIX	312578	0	0.5	25
	chrIX	312592	1	0.5	25
	chrIX	312593	0	0.5	25
	chrIX	312596	1	0.5	25
	chrIX	312602	1	1.5	25
	chrIX	312614	0	1.0	25
	chrIX	312617	1	0.5	25
	chrIX	312618	0	0.5	25
	chrIX	312627	1	0.5	25
	chrIX	312634	1	0.5	25
	chrIX	312639	0	0.5	25
	chrIX	312639	1	0.5	25
	chrIX	312641	0	0.5	25
	chrIX	312642	0	2.0	25
	chrIX	312644	0	1.5	25
	chrIX	312646	0	0.5	25
	chrIX	312653	1	0.5	25
	chrIX	312661	0	0.5	25
	chrIX	312662	0	1.0	25
	chrIX	312665	0	0.5	25
	chrIX	312667	0	0.5	25
	chrIX	312667	1	1.0	25
	chrIX	312668	0	0.5	25
	chrIX	312669	0	0.5	24
	chrIX	312670	0	1.5	25
	chrIX	312671	0	0.5	25
	chrIX	312675	0	1.0	25
	chrIX	312678	0	1.0	25
	chrIX	312680	0	0.5	25
	chrIX	312683	0	0.5	25
	chrIX	312684	0	0.5	25
	chrIX	312691	1	0.5	25
	chrIX	312692	0	1.5	25
	chrIX	312699	1	1.0	25
	chrIX	312700	1	0.5	25
	chrIX	312709	0	0.5	25
	chrIX	312710	1	0.5	25
	chrIX	312711	1	0.5	25
	chrIX	312713	0	0.5	25
	chrIX	312713	1	0.5	25
	chrIX	312718	1	0.5	25
	chrIX	312722	1	0.5	25
	chrIX	312723	0	0.5	25
	chrIX	312727	1	1.5	25
	chrIX	312728	1	0.5	25
	chrIX	312729	0	0.5	25
	chrIX	312729	1	1.0	25
	chrIX	312733	1	0.5	25
	chrIX	312738	1	0.5	25
	chrIX	312739	0	0.5	25
	chrIX	312740	0	0.5	25
	chrIX	312744	1	0.5	25
	chrIX	312748	1	0.5	25
	chrIX	312749	1	0.5	25
	chrIX	312757	0	0.5	25
	chrIX	312760	1	0.5	25
	chrIX	312764	1	0.5	25
	chrIX	312765	1	0.5	25
	chrIX	312767	0	0.5	25
	chrIX	312773	0	0.5	25
	chrIX	312777	1	0.5	25
	chrIX	312778	1	0.5	25
	chrIX	312780	1	0.5	25
	chrIX	312783	1	3.0	25
	chrIX	312784	1	0.5	25
	chrIX	312798	1	1.5	25
	chrIX	312799	1	1.0	25
	chrIX	312800	1	1.0	25
	chrIX	312801	1	0.5	25
	chrIX	312809	1	0.5	25
	chrIX	312811	0	0.5	25
	chrIX	312826	0	0.5	25
	chrIX	312829	0	0.5	25
	chrIX	312850	0	0.5	25
	chrIX	312858	0	0.5	25
	chrIX	312869	1	0.5	25
	chrIX	312890	0	0.5	25
	chrIX	312894	1	0.5	25
	chrIX	312907	1	0.5	25
	chrIX	312909	1	0.5	25
	chrIX	312913	0	0.5	25
	chrIX	312953	0	0.5	25
	chrIX	312962	1	0.5	25
	chrIX	312964	1	1.0	25
	chrIX	312969	0	0.5	25
	chrIX	312990	0	0.5	25
	chrIX	312993	0	0.5	25
	chrIX	313001	0	0.5	25
	chrIX	313007	1	0.5	25
	chrIX	313022	0	0.5	25
	chrIX	313035	1	0.5	25
	chrIX	313041	1	0.5	25
	chrIX	313046	1	0.5	25
	chrIX	313047	1	0.5	25
	chrIX	313057	0	0.5	25
	chrIX	313068	0	0.5	25
	chrIX	313068	1	0.5	25
	chrIX	313072	1	0.5	25
	chrIX	313144	0	0.5	25
	chrIX	313160	1	0.5	25
	chrIX	313165	0	0.5	25
	chrIX	313173	1	0.5	25
	chrIX	313226	0	0.5	25
	chrIX	313233	0	0.5	25
	chrIX	313235	0	0.5	25
	chrIX	313274	0	0.5	25
	chrIX	313275	0	0.5	25
	chrIX	313279	0	0.5	25
	chrIX	313281	0	0.5	25
	chrIX	313283	1	0.5	25
	chrIX	313291	1	0.5	25
	chrIX	313300	1	0.5	25
	chrIX	313301	0	0.5	25
	chrIX	313302	1	0.5	25
	chrIX	313303	1	0.5	25
	chrIX	313304	0	0.5	25
	chrIX	313305	1	0.5	25
	chrIX	313332	1	0.5	25
	chrIX	313348	1	0.5	25
	chrIX	313349	1	0.5	25
	chrIX	313375	1	0.5	25
	chrIX	313380	1	0.5	25
	chrIX	313390	0	0.5	25
	chrIX	313393	0	0.5	25
	chrIX	313405	1	0.5	25
	chrIX	313433	0	0.5	25
	chrIX	313440	1	0.5	25
	chrIX	313442	1	0.5	25
	chrIX	313451	0	0.5	25
	chrIX	313457	0	0.5	25
	chrIX	313478	0	0.5	25
	chrIX	313487	1	0.5	25
	chrIX	313490	0	1.0	25
	chrIX	313500	0	0.5	25
	chrIX	313503	0	1.0	25
	chrIX	313543	1	0.5	25
	chrIX	313556	1	0.5	25
	chrIX	313560	1	0.5	25
	chrIX	313582	1	1.0	25
	chrIX	313587	0	0.5	25
	chrIX	313603	0	0.5	25
	chrIX	313610	0	0.5	25
	chrIX	313657	0	0.5	25
	chrIX	313664	1	0.5	25
	chrIX	313673	0	0.5	25
	chrIX	313679	1	0.5	25
	chrIX	313692	1	0.5	25
	chrIX	313730	0	1.0	25
	chrIX	313730	1	0.5	25
	chrIX	313747	0	0.5	25
	chrIX	313779	0	0.5	25
	chrIX	313788	0	0.5	25
	chrIX	313794	1	1.0	25
	chrIX	313803	1	0.5	25
	chrIX	313805	1	0.5	25
	chrIX	313815	1	1.0	25
	chrIX	313821	1	0.5	25
	chrIX	313831	1	0.5	25
	chrIX	313835	1	0.5	25
	chrIX	313841	0	0.5	25
	chrIX	313880	0	1.0	25
	chrIX	313913	1	0.5	25
	chrIX	313932	1	1.0	25
	chrIX	313940	0	0.5	25
	chrIX	313974	0	0.5	25
	chrIX	313990	0	0.5	25
	chrIX	313991	0	0.5	25
	chrIX	313998	0	1.0	25
	chrIX	314002	0	0.5	25
	chrIX	314044	0	0.5	25
	chrIX	314049	0	0.5	25
	chrIX	314050	1	0.5	25
	chrIX	314064	0	0.5	25
	chrIX	314066	1	1.0	25
	chrIX	314067	1	0.5	25
	chrIX	314071	1	0.5	25
	chrIX	314073	1	0.5	25
	chrIX	314076	1	0.5	25
	chrIX	314082	0	0.5	25
	chrIX	314103	0	0.5	25
	chrIX	314113	1	0.5	25
	chrIX	314115	1	0.5	25
	chrIX	314141	1	0.5	25
	chrIX	314148	1	0.5	25
	chrIX	314155	1	0.5	25
	chrIX	314157	0	0.5	25
	chrIX	314211	0	0.5	25
	chrIX	314215	0	0.5	25
	chrIX	314216	0	0.5	25
	chrIX	314228	1	0.5	25
	chrIX	314257	0	0.5	25
	chrIX	314272	0	0.5	25
	chrIX	314275	1	1.0	25
	chrIX	314283	1	0.5	25
	chrIX	314287	0	0.5	25
	chrIX	314306	0	0.5	25
	chrIX	314312	0	1.0	25
	chrIX	314318	1	0.5	25
	chrIX	314347	1	0.5	25
	chrIX	314356	1	0.5	25
	chrIX	314386	1	0.5	25
	chrIX	314406	1	0.5	25
	chrIX	314422	1	0.5	25
	chrIX	314447	0	0.5	25
	chrIX	314518	0	0.5	25
	chrIX	314522	0	0.5	25
	chrIX	314525	0	0.5	25
	chrIX	314559	0	0.5	25
	chrIX	314583	1	0.5	25
	chrIX	314585	1	0.5	25
	chrIX	314600	0	0.5	25
	chrIX	314619	1	0.5	25
	chrIX	314636	1	0.5	25
	chrIX	314638	0	0.5	25
	chrIX	314692	0	0.5	25
	chrIX	314695	0	0.5	25
	chrIX	314747	1	0.5	25
	chrIX	314765	0	1.0	25
	chrIX	314771	1	1.0	25
	chrIX	314788	0	0.5	25
	chrIX	314797	1	1.0	25
	chrIX	314836	0	0.5	25
	chrIX	314891	0	0.5	25
	chrIX	314907	1	0.5	25
	chrIX	314912	0	0.5	25
	chrIX	314923	0	3.0	25
	chrIX	314927	0	0.5	25
	chrIX	314927	1	0.5	25
	chrIX	314928	0	2.0	25
	chrIX	314935	0	0.5	25
	chrIX	314939	0	1.0	25
	chrIX	314941	1	0.5	25
	chrIX	314944	0	1.0	25
	chrIX	314965	1	0.5	25
	chrIX	314975	0	0.5	25
	chrIX	314994	1	0.5	25
	chrIX	314996	1	4.0	25
	chrIX	314997	0	0.5	25
	chrIX	314997	1	0.5	25
	chrIX	315012	1	0.5	25
	chrIX	315024	1	0.5	25
	chrIX	315025	1	2.0	25
	chrIX	315026	1	0.5	25
	chrIX	315029	0	0.5	25
	chrIX	315030	1	0.5	25
	chrIX	315034	1	0.5	25
	chrIX	315045	1	0.5	25
	chrIX	315058	0	0.5	25
	chrIX	315060	0	0.5	25
	chrIX	315061	0	0.5	25
	chrIX	315111	0	0.5	25
	chrIX	315114	1	0.5	25
	chrIX	315117	1	0.5	25
	chrIX	315118	1	0.5	25
	chrIX	315121	0	0.5	25
	chrIX	315124	0	0.5	25
	chrIX	315128	0	1.0	25
	chrIX	315141	0	0.5	25
	chrIX	315162	1	0.5	25
	chrIX	315167	0	0.5	25
	chrIX	315170	0	0.5	25
	chrIX	315170	1	1.0	25
	chrIX	315181	0	0.5	25
	chrIX	315191	1	1.0	25
	chrIX	315210	0	0.5	25
	chrIX	315217	0	0.5	25
	chrIX	315224	1	0.5	25
	chrIX	315231	1	0.5	25
	chrIX	315233	0	0.5	25
	chrIX	315236	1	0.5	25
	chrIX	315253	0	0.5	25
	chrIX	315272	1	0.5	25
	chrIX	315275	1	0.5	25
	chrIX	315281	1	0.5	25
	chrIX	315288	1	0.5	25
	chrIX	315307	0	0.5	25
	chrIX	315377	1	0.5	25
	chrIX	315383	1	0.5	25
	chrIX	315440	1	0.5	25
	chrIX	315509	0	0.5	25
	chrIX	315538	0	0.5	25
	chrIX	315549	0	0.5	25
	chrIX	315583	1	0.5	25
	chrIX	315594	1	0.5	25
	chrIX	315629	0	0.5	25
	chrIX	315631	1	0.5	25
	chrIX	315649	0	0.5	25
	chrIX	315711	1	0.5	25
	chrIX	315771	1	0.5	25
	chrIX	315778	0	0.5	25
	chrIX	315829	0	0.5	25
	chrIX	315857	1	0.5	25
	chrIX	315916	0	0.5	25
	chrIX	315919	1	0.5	25
	chrIX	315931	0	0.5	25
	chrIX	315942	0	0.5	25
	chrIX	315978	1	0.5	25
	chrIX	315989	1	0.5	25
	chrIX	316017	1	0.5	25
	chrIX	316052	0	0.5	25
	chrIX	316054	0	0.5	25
	chrIX	316067	0	0.5	25
	chrIX	316070	0	0.5	25
	chrIX	316074	0	0.5	25
	chrIX	316078	0	0.5	25
	chrIX	316096	1	0.5	25
	chrIX	316115	1	0.5	25
	chrIX	316116	0	0.5	25
	chrIX	316117	1	0.5	25
	chrIX	316131	1	1.0	25
	chrIX	316138	0	0.5	25
	chrIX	316139	0	0.5	25
	chrIX	316146	1	0.5	25
	chrIX	316173	0	0.5	25
	chrIX	316199	1	0.5	25
	chrIX	316201	0	0.5	25
	chrIX	316208	0	0.5	25
	chrIX	316223	0	0.5	25
	chrIX	316224	1	0.5	25
	chrIX	316244	1	1.0	25
	chrIX	316258	1	0.5	25
	chrIX	316269	0	0.5	25
	chrIX	316281	0	0.5	25
	chrIX	316290	1	0.5	25
	chrIX	316305	0	0.5	25
	chrIX	316315	0	0.5	25
	chrIX	316319	0	1.0	25
	chrIX	316321	0	1.5	25
	chrIX	316322	0	0.5	25
	chrIX	316323	1	0.5	25
	chrIX	316328	0	0.5	25
	chrIX	316334	0	0.5	25
	chrIX	316335	0	0.5	25
	chrIX	316340	0	0.5	25
	chrIX	316342	1	0.5	25
	chrIX	316369	1	0.5	25
	chrIX	316388	1	0.5	25
	chrIX	316390	1	0.5	25
	chrIX	316396	1	0.5	25
	chrIX	316406	1	1.0	25
	chrIX	316408	1	0.5	25
	chrIX	316422	0	0.5	25
	chrIX	316433	1	0.5	25
	chrIX	316440	0	0.5	25
	chrIX	316458	1	0.5	25
	chrIX	316459	0	2.0	25
	chrIX	316462	0	1.0	25
	chrIX	316479	0	0.5	25
	chrIX	316483	1	0.5	25
	chrIX	316484	0	0.5	25
	chrIX	316486	0	0.5	25
	chrIX	316498	0	0.5	25
	chrIX	316523	1	1.0	25
	chrIX	316524	0	1.0	25
	chrIX	316529	1	0.5	25
	chrIX	316530	1	0.5	25
	chrIX	316531	0	0.5	25
	chrIX	316535	0	1.0	25
	chrIX	316538	1	0.5	25
	chrIX	316540	1	0.5	25
	chrIX	316542	0	0.5	25
	chrIX	316543	0	1.0	25
	chrIX	316543	1	0.5	25
	chrIX	316545	1	1.0	25
	chrIX	316547	1	0.5	25
	chrIX	316548	0	0.5	25
	chrIX	316560	0	0.5	25
	chrIX	316584	1	0.5	25
	chrIX	316587	1	0.5	25
	chrIX	316603	0	0.5	25
	chrIX	316609	1	0.5	25
	chrIX	316614	1	0.5	25
	chrIX	316623	0	1.5	25
	chrIX	316623	1	0.5	25
	chrIX	316630	0	0.5	25
	chrIX	316630	1	0.5	25
	chrIX	316631	0	1.0	25
	chrIX	316631	1	1.0	25
	chrIX	316632	0	0.5	25
	chrIX	316641	0	0.5	25
	chrIX	316644	1	1.0	25
	chrIX	316645	0	0.5	25
	chrIX	316656	1	0.5	25
	chrIX	316670	0	0.5	25
	chrIX	316673	1	0.5	25
	chrIX	316682	1	0.5	25
	chrIX	316683	1	1.0	25
	chrIX	316684	1	0.5	25
	chrIX	316688	1	1.0	25
	chrIX	316689	1	1.0	25
	chrIX	316693	0	1.0	25
	chrIX	316706	1	0.5	25
	chrIX	316707	1	0.5	25
	chrIX	316712	1	1.0	25
	chrIX	316713	0	0.5	25
	chrIX	316717	0	0.5	25
	chrIX	316720	0	0.5	25
	chrIX	316722	1	0.5	25
	chrIX	316725	1	0.5	25
	chrIX	316726	0	0.5	25
	chrIX	316773	1	0.5	25
	chrIX	316781	1	0.5	25
	chrIX	316784	0	0.5	25
	chrIX	316786	0	0.5	25
	chrIX	316800	0	0.5	25
	chrIX	316804	1	0.5	25
	chrIX	316805	1	1.0	25
	chrIX	316820	1	0.5	25
	chrIX	316831	1	0.5	25
	chrIX	316836	0	0.5	25
	chrIX	316848	1	0.5	25
	chrIX	316856	1	0.5	25
	chrIX	316859	0	0.5	25
	chrIX	316879	0	0.5	25
	chrIX	316892	0	1.0	25
	chrIX	316899	0	0.5	25
	chrIX	316904	1	0.5	25
	chrIX	316924	0	0.5	25
	chrIX	316925	1	0.5	25
	chrIX	316937	0	0.5	25
	chrIX	316954	1	0.5	25
	chrIX	316962	0	0.5	25
	chrIX	316978	1	0.5	25
	chrIX	316981	0	0.5	25
	chrIX	316986	1	1.5	25
	chrIX	316988	0	0.5	25
	chrIX	316997	0	1.0	25
	chrIX	317000	0	0.5	25
	chrIX	317007	1	0.5	25
	chrIX	317009	1	0.5	25
	chrIX	317014	0	0.5	25
	chrIX	317057	1	0.5	25
	chrIX	317066	0	0.5	25
	chrIX	317071	1	0.5	25
	chrIX	317073	1	0.5	25
	chrIX	317075	0	0.5	25
	chrIX	317093	0	0.5	25
	chrIX	317105	1	1.0	25
	chrIX	317111	0	0.5	25
	chrIX	317118	1	0.5	25
	chrIX	317129	1	0.5	25
	chrIX	317138	0	0.5	25
	chrIX	317144	1	0.5	25
	chrIX	317177	1	0.5	25
	chrIX	317190	1	0.5	25
	chrIX	317218	1	0.5	25
	chrIX	317219	0	0.5	25
	chrIX	317303	1	0.5	25
	chrIX	317319	0	1.5	25
	chrIX	317393	1	1.5	25
	chrIX	317397	0	0.5	25
	chrIX	317451	1	0.5	25
	chrIX	317476	0	0.5	25
	chrIX	317557	0	1.0	25
	chrIX	317585	1	0.5	25
	chrIX	317608	0	0.5	25
	chrIX	317638	1	1.0	25
	chrIX	317671	1	0.5	25
	chrIX	317725	0	1.0	25
	chrIX	317794	0	1.0	25
	chrIX	317807	0	0.5	25
	chrIX	317819	0	0.5	25
	chrIX	317844	0	0.5	25
	chrIX	317850	0	0.5	25
	chrIX	317858	1	1.0	25
	chrIX	317862	1	0.5	25
	chrIX	317871	0	0.5	25
	chrIX	317875	1	0.5	25
	chrIX	317921	1	0.5	25
	chrIX	317922	1	1.0	25
	chrIX	317925	0	0.5	25
	chrIX	317927	1	0.5	25
	chrIX	317935	1	0.5	25
	chrIX	317963	0	0.5	25
	chrIX	317967	0	1.0	25
	chrIX	317983	1	0.5	25
	chrIX	317994	0	0.5	25
	chrIX	318017	0	0.5	25
	chrIX	318017	1	0.5	25
	chrIX	318018	0	0.5	25
	chrIX	318027	1	0.5	25
	chrIX	318033	1	0.5	25
	chrIX	318034	0	0.5	25
	chrIX	318034	1	0.5	25
	chrIX	318035	0	1.5	25
	chrIX	318036	0	0.5	25
	chrIX	318038	0	0.5	25
	chrIX	318050	0	0.5	25
	chrIX	318070	0	1.0	25
	chrIX	318085	0	0.5	25
	chrIX	318085	1	2.0	25
	chrIX	318086	1	0.5	25
	chrIX	318089	0	0.5	25
	chrIX	318099	1	0.5	25
	chrIX	318109	1	1.0	25
	chrIX	318120	1	0.5	25
	chrIX	318148	1	1.0	25
	chrIX	318156	1	0.5	25
	chrIX	318159	0	1.0	25
	chrIX	318164	0	0.5	25
	chrIX	318172	0	0.5	25
	chrIX	318173	0	0.5	25
	chrIX	318184	0	0.5	25
	chrIX	318196	0	0.5	25
	chrIX	318199	1	0.5	25
	chrIX	318209	1	1.0	25
	chrIX	318231	1	1.0	25
	chrIX	318256	1	0.5	25
	chrIX	318264	0	0.5	25
	chrIX	318280	0	0.5	25
	chrIX	318301	0	0.5	25
	chrIX	318343	1	0.5	25
	chrIX	318350	1	0.5	25
	chrIX	318354	1	0.5	25
	chrIX	318359	0	0.5	25
	chrIX	318374	1	0.5	25
	chrIX	318381	0	0.5	25
	chrIX	318400	0	0.5	25
	chrIX	318431	0	0.5	25
	chrIX	318452	1	0.5	25
	chrIX	318486	1	0.5	25
	chrIX	318528	0	0.5	25
	chrIX	318565	1	0.5	25
	chrIX	318601	1	0.5	25
	chrIX	318606	1	0.5	25
	chrIX	318620	1	0.5	25
	chrIX	318654	0	0.5	25
	chrIX	318695	0	0.5	24
	chrIX	318710	0	1.0	25
	chrIX	318723	1	0.5	25
	chrIX	318738	0	0.5	25
	chrIX	318742	0	0.5	25
	chrIX	318775	1	0.5	25
	chrIX	318797	1	1.0	25
	chrIX	318798	1	0.5	25
	chrIX	318800	0	0.5	25
	chrIX	318807	1	0.5	25
	chrIX	318816	0	0.5	25
	chrIX	318833	0	0.5	25
	chrIX	318861	1	0.5	25
	chrIX	318862	0	0.5	25
	chrIX	318864	0	0.5	25
	chrIX	318867	0	0.5	25
	chrIX	318897	1	0.5	25
	chrIX	318914	1	1.0	25
	chrIX	318934	0	1.0	25
	chrIX	318947	1	0.5	25
	chrIX	318958	1	0.5	25
	chrIX	318979	0	0.5	25
	chrIX	318992	0	0.5	25
	chrIX	319022	0	0.5	25
	chrIX	319029	0	0.5	25
	chrIX	319045	1	0.5	25
	chrIX	319056	1	1.0	25
	chrIX	319060	0	0.5	25
	chrIX	319061	0	1.0	25
	chrIX	319066	0	0.5	25
	chrIX	319069	0	0.5	25
	chrIX	319090	0	0.5	25
	chrIX	319098	1	1.0	25
	chrIX	319103	1	0.5	25
	chrIX	319113	0	1.5	25
	chrIX	319125	0	0.5	25
	chrIX	319132	1	0.5	25
	chrIX	319141	1	1.0	25
	chrIX	319142	1	1.0	25
	chrIX	319146	0	0.5	25
	chrIX	319162	1	0.5	25
	chrIX	319225	0	0.5	25
	chrIX	319232	1	0.5	25
	chrIX	319241	0	0.5	25
	chrIX	319262	0	0.5	25
	chrIX	319265	1	0.5	25
	chrIX	319266	0	0.5	25
	chrIX	319269	0	0.5	25
	chrIX	319294	1	0.5	25
	chrIX	319297	1	1.0	25
	chrIX	319311	1	0.5	25
	chrIX	319331	1	0.5	25
	chrIX	319334	1	0.5	25
	chrIX	319344	0	0.5	25
	chrIX	319347	0	0.5	25
	chrIX	319359	0	0.5	25
	chrIX	319370	0	0.5	25
	chrIX	319380	1	0.5	25
	chrIX	319382	0	0.5	25
	chrIX	319420	1	0.5	25
	chrIX	319421	1	0.5	25
	chrIX	319428	0	0.5	25
	chrIX	319442	1	0.5	25
	chrIX	319443	0	0.5	25
	chrIX	319443	1	0.5	25
	chrIX	319445	0	0.5	25
	chrIX	319458	0	0.5	25
	chrIX	319472	0	0.5	25
	chrIX	319473	1	0.5	25
	chrIX	319478	0	0.5	25
	chrIX	319483	1	0.5	25
	chrIX	319510	1	0.5	25
	chrIX	319515	1	1.0	25
	chrIX	319517	0	0.5	25
	chrIX	319521	0	0.5	25
	chrIX	319550	1	0.5	25
	chrIX	319552	0	0.5	25
	chrIX	319554	0	1.0	25
	chrIX	319556	1	0.5	24
	chrIX	319570	0	1.0	25
	chrIX	319611	1	0.5	25
	chrIX	319617	1	0.5	25
	chrIX	319628	1	1.0	25
	chrIX	319639	0	0.5	25
	chrIX	319642	0	0.5	25
	chrIX	319670	0	0.5	25
	chrIX	319694	1	0.5	25
	chrIX	319712	1	0.5	25
	chrIX	319722	0	0.5	25
	chrIX	319732	0	0.5	25
	chrIX	319735	1	0.5	25
	chrIX	319740	0	0.5	25
	chrIX	319746	1	1.0	25
	chrIX	319762	1	0.5	25
	chrIX	319766	0	0.5	25
	chrIX	319767	0	0.5	25
	chrIX	319787	0	0.5	25
	chrIX	319787	1	1.0	25
	chrIX	319794	0	0.5	24
	chrIX	319805	1	0.5	25
	chrIX	319816	1	1.0	25
	chrIX	319855	1	0.5	25
	chrIX	319869	0	0.5	25
	chrIX	319870	1	0.5	25
	chrIX	319883	0	0.5	25
	chrIX	319920	1	0.5	25
	chrIX	319937	1	0.5	24
	chrIX	319947	1	0.5	25
	chrIX	319967	0	0.5	25
	chrIX	319971	0	0.5	25
	chrIX	320018	0	0.5	25
	chrIX	320040	0	1.0	25
	chrIX	320059	0	0.5	25
	chrIX	320060	0	0.5	25
	chrIX	320067	0	1.0	25
	chrIX	320072	0	0.5	25
	chrIX	320075	0	0.5	25
	chrIX	320116	1	0.5	25
	chrIX	320123	1	0.5	25
	chrIX	320126	1	0.5	25
	chrIX	320128	1	1.0	25
	chrIX	320134	0	0.5	25
	chrIX	320134	1	1.0	25
	chrIX	320141	1	0.5	25
	chrIX	320144	0	0.5	25
	chrIX	320155	0	0.5	25
	chrIX	320163	1	0.5	25
	chrIX	320164	1	0.5	25
	chrIX	320186	1	0.5	25
	chrIX	320213	0	0.5	25
	chrIX	320225	1	0.5	25
	chrIX	320231	1	0.5	25
	chrIX	320239	1	0.5	25
	chrIX	320262	1	0.5	25
	chrIX	320273	0	0.5	25
	chrIX	320342	1	0.5	25
	chrIX	320397	0	0.5	25
	chrIX	320399	0	1.0	25
	chrIX	320401	0	1.0	25
	chrIX	320454	1	0.5	25
	chrIX	320458	1	0.5	25
	chrIX	320467	1	0.5	25
	chrIX	320470	1	0.5	25
	chrIX	320474	0	0.5	25
	chrIX	320475	0	1.0	25
	chrIX	320486	1	0.5	25
	chrIX	320533	1	0.5	25
	chrIX	320556	0	0.5	25
	chrIX	320560	0	0.5	25
	chrIX	320569	0	0.5	25
	chrIX	320592	0	0.5	25
	chrIX	320626	0	0.5	25
	chrIX	320640	1	0.5	25
	chrIX	320643	0	1.0	25
	chrIX	320656	1	0.5	25
	chrIX	320659	1	0.5	25
	chrIX	320662	0	0.5	25
	chrIX	320697	0	0.5	25
	chrIX	320702	1	0.5	25
	chrIX	320711	0	0.5	25
	chrIX	320732	0	0.5	25
	chrIX	320733	0	0.5	25
	chrIX	320740	1	0.5	25
	chrIX	320742	1	1.0	25
	chrIX	320743	0	0.5	25
	chrIX	320745	0	0.5	25
	chrIX	320753	1	0.5	25
	chrIX	320760	0	0.5	25
	chrIX	320764	0	0.5	25
	chrIX	320770	1	0.5	25
	chrIX	320779	0	1.0	25
	chrIX	320783	0	0.5	25
	chrIX	320785	1	0.5	25
	chrIX	320788	1	1.0	25
	chrIX	320789	1	0.5	25
	chrIX	320802	1	0.5	25
	chrIX	320808	0	0.5	25
	chrIX	320820	0	0.5	25
	chrIX	320832	0	0.5	25
	chrIX	320843	1	0.5	25
	chrIX	320858	1	0.5	25
	chrIX	320871	1	0.5	25
	chrIX	320882	1	0.5	25
	chrIX	320892	0	0.5	25
	chrIX	320896	0	0.5	25
	chrIX	320896	1	1.0	25
	chrIX	320897	0	1.5	25
	chrIX	320916	0	0.5	25
	chrIX	320918	1	0.5	25
	chrIX	320922	1	0.5	25
	chrIX	320923	0	0.5	25
	chrIX	320946	0	1.0	25
	chrIX	320951	0	0.5	25
	chrIX	320963	1	1.0	25
	chrIX	320979	1	0.5	25
	chrIX	320992	1	0.5	25
	chrIX	320993	0	0.5	25
	chrIX	321008	0	0.5	25
	chrIX	321010	0	0.5	25
	chrIX	321020	0	0.5	25
	chrIX	321050	1	0.5	25
	chrIX	321051	0	0.5	25
	chrIX	321065	0	1.0	25
	chrIX	321066	1	0.5	25
	chrIX	321076	0	2.5	25
	chrIX	321076	1	1.5	25
	chrIX	321077	0	5.0	25
	chrIX	321077	1	0.5	25
	chrIX	321078	0	1.5	25
	chrIX	321078	1	0.5	25
	chrIX	321079	0	1.0	25
	chrIX	321080	0	1.5	25
	chrIX	321080	1	0.5	25
	chrIX	321081	0	0.5	25
	chrIX	321087	0	0.5	25
	chrIX	321088	0	0.5	25
	chrIX	321089	0	2.5	25
	chrIX	321090	0	0.5	25
	chrIX	321091	0	2.0	25
	chrIX	321092	0	0.5	25
	chrIX	321094	0	0.5	25
	chrIX	321096	0	0.5	25
	chrIX	321099	0	1.0	25
	chrIX	321100	0	1.5	25
	chrIX	321108	0	0.5	25
	chrIX	321117	1	1.0	25
	chrIX	321119	0	0.5	25
	chrIX	321123	0	0.5	25
	chrIX	321124	1	0.5	25
	chrIX	321125	0	1.0	25
	chrIX	321125	1	0.5	25
	chrIX	321131	1	0.5	25
	chrIX	321132	1	1.0	25
	chrIX	321133	1	1.0	25
	chrIX	321134	1	1.0	25
	chrIX	321146	1	0.5	25
	chrIX	321147	1	0.5	25
	chrIX	321148	1	3.5	25
	chrIX	321149	1	1.0	25
	chrIX	321150	1	4.0	25
	chrIX	321151	1	3.5	25
	chrIX	321158	0	0.5	25
	chrIX	321166	1	1.5	25
	chrIX	321167	1	0.5	25
	chrIX	321172	0	0.5	25
	chrIX	321177	1	0.5	25
	chrIX	321179	0	0.5	23
	chrIX	321190	1	0.5	25
	chrIX	321234	1	0.5	25
	chrIX	321242	0	0.5	25
	chrIX	321253	1	1.0	25
	chrIX	321258	0	1.0	25
	chrIX	321263	0	0.5	25
	chrIX	321276	1	0.5	25
	chrIX	321286	0	1.0	25
	chrIX	321289	1	0.5	25
	chrIX	321291	1	0.5	25
	chrIX	321293	1	0.5	25
	chrIX	321294	1	0.5	25
	chrIX	321308	0	0.5	25
	chrIX	321312	0	1.0	25
	chrIX	321313	0	0.5	25
	chrIX	321319	0	0.5	25
	chrIX	321322	0	0.5	25
	chrIX	321323	0	0.5	25
	chrIX	321323	1	0.5	25
	chrIX	321325	1	0.5	25
	chrIX	321326	1	0.5	25
	chrIX	321327	1	1.5	25
	chrIX	321328	0	1.5	25
	chrIX	321352	1	0.5	25
	chrIX	321354	1	1.0	25
	chrIX	321360	1	0.5	25
	chrIX	321370	1	0.5	25
	chrIX	321377	1	1.0	25
	chrIX	321384	1	1.0	25
	chrIX	321385	1	0.5	25
	chrIX	321386	1	2.5	25
	chrIX	321399	1	0.5	25
	chrIX	321443	0	0.5	25
	chrIX	321454	0	0.5	25
	chrIX	321466	1	0.5	25
	chrIX	321487	0	0.5	25
	chrIX	321527	0	0.5	25
	chrIX	321542	1	0.5	25
	chrIX	321548	0	0.5	25
	chrIX	321568	1	0.5	25
	chrIX	321569	1	0.5	25
	chrIX	321573	1	0.5	25
	chrIX	321586	0	0.5	25
	chrIX	321610	0	0.5	25
	chrIX	321615	1	0.5	25
	chrIX	321627	0	0.5	25
	chrIX	321658	1	0.5	25
	chrIX	321665	0	1.0	25
	chrIX	321666	1	0.5	25
	chrIX	321703	0	0.5	25
	chrIX	321728	1	0.5	25
	chrIX	321731	1	0.5	25
	chrIX	321744	0	0.5	25
	chrIX	321760	0	0.5	25
	chrIX	321765	0	0.5	25
	chrIX	321768	0	0.5	25
	chrIX	321774	1	1.0	25
	chrIX	321780	0	0.5	25
	chrIX	321796	1	0.5	25
	chrIX	321814	1	0.5	25
	chrIX	321823	0	0.5	25
	chrIX	321825	0	0.5	25
	chrIX	321827	1	0.5	25
	chrIX	321852	1	0.5	25
	chrIX	321869	1	0.5	25
	chrIX	321870	0	0.5	25
	chrIX	321871	0	0.5	25
	chrIX	321885	0	1.0	25
	chrIX	321888	0	0.5	25
	chrIX	321890	0	0.5	25
	chrIX	321903	1	0.5	25
	chrIX	321905	0	0.5	25
	chrIX	321911	1	0.5	25
	chrIX	321921	1	0.5	25
	chrIX	321933	0	0.5	25
	chrIX	321939	1	1.0	25
	chrIX	321941	0	0.5	25
	chrIX	321964	0	0.5	25
	chrIX	321971	1	0.5	25
	chrIX	321972	1	0.5	25
	chrIX	321978	0	0.5	25
	chrIX	321982	1	0.5	25
	chrIX	322009	0	0.5	25
	chrIX	322024	0	0.5	25
	chrIX	322033	0	0.5	25
	chrIX	322045	1	0.5	25
	chrIX	322055	1	0.5	25
	chrIX	322058	0	0.5	25
	chrIX	322060	1	0.5	25
	chrIX	322075	0	0.5	25
	chrIX	322080	0	0.5	25
	chrIX	322081	0	0.5	25
	chrIX	322093	1	0.5	25
	chrIX	322096	0	0.5	25
	chrIX	322102	1	0.5	25
	chrIX	322108	0	0.5	25
	chrIX	322110	1	0.5	25
	chrIX	322118	1	0.5	25
	chrIX	322119	1	0.5	25
	chrIX	322120	1	0.5	25
	chrIX	322126	0	0.5	25
	chrIX	322130	0	0.5	25
	chrIX	322141	1	0.5	25
	chrIX	322152	1	0.5	25
	chrIX	322153	1	1.0	25
	chrIX	322175	1	0.5	25
	chrIX	322186	0	0.5	25
	chrIX	322187	1	0.5	25
	chrIX	322209	0	0.5	25
	chrIX	322248	0	0.5	25
	chrIX	322254	1	0.5	25
	chrIX	322256	1	0.5	25
	chrIX	322276	1	0.5	25
	chrIX	322289	0	0.5	25
	chrIX	322293	1	0.5	25
	chrIX	322307	0	1.0	25
	chrIX	322316	1	0.5	25
	chrIX	322317	0	0.5	25
	chrIX	322339	0	0.5	25
	chrIX	322346	1	0.5	25
	chrIX	322407	1	0.5	25
	chrIX	322415	1	0.5	25
	chrIX	322416	0	0.5	25
	chrIX	322433	0	0.5	25
	chrIX	322453	0	0.5	25
	chrIX	322454	0	0.5	25
	chrIX	322463	1	1.0	25
	chrIX	322472	0	0.5	25
	chrIX	322479	0	0.5	25
	chrIX	322487	1	0.5	25
	chrIX	322501	0	0.5	25
	chrIX	322506	0	0.5	25
	chrIX	322508	1	0.5	25
	chrIX	322517	1	1.0	25
	chrIX	322546	1	0.5	25
	chrIX	322567	1	0.5	25
	chrIX	322576	1	0.5	25
	chrIX	322577	0	0.5	25
	chrIX	322590	0	0.5	25
	chrIX	322640	1	0.5	25
	chrIX	322644	0	1.0	25
	chrIX	322659	0	0.5	25
	chrIX	322665	1	0.5	25
	chrIX	322680	1	0.5	25
	chrIX	322692	0	0.5	25
	chrIX	322722	1	0.5	25
	chrIX	322797	0	0.5	25
	chrIX	322802	0	0.5	25
	chrIX	322858	0	0.5	25
	chrIX	322859	0	0.5	25
	chrIX	322865	0	0.5	25
	chrIX	322880	1	0.5	25
	chrIX	322884	1	1.0	25
	chrIX	322885	1	0.5	25
	chrIX	322896	0	0.5	25
	chrIX	322906	1	0.5	25
	chrIX	322908	0	0.5	25
	chrIX	322915	0	0.5	25
	chrIX	322915	1	0.5	25
	chrIX	322919	0	1.0	25
	chrIX	322922	0	0.5	25
	chrIX	322940	1	0.5	25
	chrIX	322978	1	0.5	25
	chrIX	322979	1	0.5	25
	chrIX	322984	1	0.5	25
	chrIX	323026	1	0.5	25
	chrIX	323065	0	0.5	25
	chrIX	323103	1	0.5	25
	chrIX	323106	1	0.5	25
	chrIX	323157	0	0.5	25
	chrIX	323164	0	0.5	25
	chrIX	323178	1	1.0	25
	chrIX	323183	0	0.5	25
	chrIX	323218	0	0.5	25
	chrIX	323222	1	0.5	25
	chrIX	323238	1	0.5	25
	chrIX	323256	1	0.5	25
	chrIX	323288	1	0.5	25
	chrIX	323301	0	0.5	25
	chrIX	323304	0	2.0	25
	chrIX	323329	0	0.5	25
	chrIX	323367	1	0.5	25
	chrIX	323370	1	0.5	25
	chrIX	323375	1	0.5	25
	chrIX	323376	1	1.0	25
	chrIX	323387	1	0.5	25
	chrIX	323388	0	0.5	25
	chrIX	323392	0	0.5	25
	chrIX	323433	0	0.5	25
	chrIX	323460	1	0.5	25
	chrIX	323461	0	0.5	25
	chrIX	323486	1	0.5	25
	chrIX	323493	1	0.5	25
	chrIX	323499	1	0.5	25
	chrIX	323503	0	0.5	25
	chrIX	323507	0	0.5	25
	chrIX	323508	0	1.0	25
	chrIX	323555	0	0.5	25
	chrIX	323558	1	1.0	25
	chrIX	323562	0	0.5	25
	chrIX	323567	0	0.5	25
	chrIX	323585	1	1.0	25
	chrIX	323605	0	0.5	25
	chrIX	323619	0	0.5	25
	chrIX	323645	1	0.5	25
	chrIX	323646	1	0.5	25
	chrIX	323667	0	0.5	25
	chrIX	323675	0	0.5	25
	chrIX	323678	1	0.5	25
	chrIX	323679	1	0.5	25
	chrIX	323716	0	0.5	25
	chrIX	323732	1	0.5	25
	chrIX	323735	1	0.5	25
	chrIX	323769	1	0.5	25
	chrIX	323805	0	0.5	25
	chrIX	323848	0	0.5	25
	chrIX	323850	0	1.5	25
	chrIX	323858	0	0.5	25
	chrIX	323862	0	1.0	25
	chrIX	323866	0	1.0	25
	chrIX	323873	1	0.5	25
	chrIX	323879	0	0.5	25
	chrIX	323914	1	0.5	25
	chrIX	323915	1	0.5	25
	chrIX	323919	1	2.0	25
	chrIX	323921	1	0.5	25
	chrIX	323945	1	0.5	25
	chrIX	323977	0	0.5	25
	chrIX	323979	0	0.5	25
	chrIX	324005	1	0.5	25
	chrIX	324016	0	0.5	25
	chrIX	324018	0	1.0	25
	chrIX	324033	1	0.5	25
	chrIX	324034	1	0.5	25
	chrIX	324043	0	0.5	25
	chrIX	324074	1	0.5	25
	chrIX	324077	1	0.5	25
	chrIX	324081	0	0.5	25
	chrIX	324084	0	0.5	25
	chrIX	324090	1	0.5	25
	chrIX	324101	0	0.5	25
	chrIX	324104	1	0.5	25
	chrIX	324108	1	0.5	25
	chrIX	324109	0	0.5	25
	chrIX	324118	1	0.5	25
	chrIX	324131	0	0.5	25
	chrIX	324137	1	1.0	25
	chrIX	324139	1	0.5	25
	chrIX	324174	0	0.5	25
	chrIX	324179	1	0.5	25
	chrIX	324186	0	1.0	25
	chrIX	324221	0	0.5	25
	chrIX	324233	0	0.5	25
	chrIX	324235	0	0.5	25
	chrIX	324238	1	0.5	25
	chrIX	324239	0	0.5	25
	chrIX	324242	0	0.5	25
	chrIX	324274	0	0.5	25
	chrIX	324277	0	0.5	25
	chrIX	324278	0	0.5	25
	chrIX	324278	1	0.5	25
	chrIX	324281	1	0.5	25
	chrIX	324288	1	1.0	25
	chrIX	324290	0	0.5	25
	chrIX	324294	1	0.5	25
	chrIX	324300	1	0.5	25
	chrIX	324319	0	0.5	25
	chrIX	324328	0	0.5	25
	chrIX	324353	1	1.0	25
	chrIX	324364	0	0.5	25
	chrIX	324378	1	0.5	25
	chrIX	324380	0	0.5	25
	chrIX	324383	0	0.5	25
	chrIX	324389	0	1.0	25
	chrIX	324391	0	0.5	25
	chrIX	324392	1	0.5	25
	chrIX	324394	0	0.5	25
	chrIX	324412	1	0.5	25
	chrIX	324437	1	1.0	25
	chrIX	324438	0	0.5	25
	chrIX	324449	0	0.5	25
	chrIX	324455	1	1.0	25
	chrIX	324457	0	0.5	25
	chrIX	324458	1	0.5	25
	chrIX	324459	1	0.5	25
	chrIX	324461	0	0.5	25
	chrIX	324462	0	0.5	25
	chrIX	324464	1	1.0	25
	chrIX	324469	0	0.5	25
	chrIX	324470	0	0.5	25
	chrIX	324486	1	0.5	25
	chrIX	324503	0	0.5	25
	chrIX	324527	0	0.5	25
	chrIX	324530	1	0.5	25
	chrIX	324541	1	0.5	25
	chrIX	324544	1	0.5	25
	chrIX	324545	1	0.5	25
	chrIX	324551	0	0.5	25
	chrIX	324586	1	0.5	25
	chrIX	324606	0	0.5	25
	chrIX	324609	1	0.5	25
	chrIX	324610	1	1.0	25
	chrIX	324615	0	1.0	25
	chrIX	324618	1	0.5	25
	chrIX	324670	1	0.5	25
	chrIX	324671	0	0.5	25
	chrIX	324676	1	0.5	25
	chrIX	324680	1	1.0	25
	chrIX	324688	0	0.5	25
	chrIX	324727	0	0.5	25
	chrIX	324729	0	0.5	25
	chrIX	324748	0	0.5	25
	chrIX	324751	0	0.5	25
	chrIX	324757	1	0.5	25
	chrIX	324784	1	0.5	25
	chrIX	324790	0	1.0	25
	chrIX	324792	0	0.5	25
	chrIX	324795	0	0.5	25
	chrIX	324801	1	0.5	25
	chrIX	324804	1	0.5	25
	chrIX	324814	0	0.5	25
	chrIX	324820	1	0.5	25
	chrIX	324860	0	0.5	25
	chrIX	324864	1	1.5	25
	chrIX	324871	1	0.5	25
	chrIX	324873	1	1.0	25
	chrIX	324876	0	0.5	25
	chrIX	324878	0	0.5	25
	chrIX	324913	0	0.5	25
	chrIX	324921	0	0.5	25
	chrIX	324954	0	0.5	25
	chrIX	324970	1	0.5	25
	chrIX	324974	1	0.5	25
	chrIX	324976	0	0.5	25
	chrIX	324994	0	0.5	25
	chrIX	325017	1	0.5	25
	chrIX	325020	1	0.5	25
	chrIX	325027	1	0.5	25
	chrIX	325028	0	0.5	25
	chrIX	325058	1	0.5	25
	chrIX	325060	1	0.5	25
	chrIX	325061	0	0.5	25
	chrIX	325061	1	0.5	25
	chrIX	325063	0	0.5	25
	chrIX	325084	1	0.5	25
	chrIX	325087	0	0.5	25
	chrIX	325089	0	0.5	25
	chrIX	325100	0	0.5	25
	chrIX	325108	0	0.5	25
	chrIX	325121	0	1.0	25
	chrIX	325122	1	0.5	25
	chrIX	325127	1	0.5	25
	chrIX	325140	1	0.5	25
	chrIX	325146	0	0.5	25
	chrIX	325162	0	0.5	25
	chrIX	325164	1	1.0	25
	chrIX	325166	1	0.5	25
	chrIX	325180	1	1.0	25
	chrIX	325183	1	0.5	25
	chrIX	325192	0	0.5	25
	chrIX	325193	1	0.5	25
	chrIX	325235	1	0.5	25
	chrIX	325263	0	0.5	25
	chrIX	325266	0	0.5	25
	chrIX	325298	1	0.5	25
	chrIX	325299	0	0.5	25
	chrIX	325326	0	0.5	25
	chrIX	325332	1	0.5	25
	chrIX	325333	0	0.5	25
	chrIX	325357	1	0.5	25
	chrIX	325376	0	0.5	25
	chrIX	325390	1	0.5	25
	chrIX	325398	1	0.5	25
	chrIX	325406	0	0.5	25
	chrIX	325434	0	0.5	25
	chrIX	325436	0	1.0	25
	chrIX	325456	0	1.0	25
	chrIX	325467	0	0.5	25
	chrIX	325473	0	0.5	25
	chrIX	325477	0	0.5	25
	chrIX	325484	1	0.5	25
	chrIX	325495	1	0.5	25
	chrIX	325496	1	0.5	25
	chrIX	325513	0	0.5	25
	chrIX	325513	1	0.5	25
	chrIX	325518	1	0.5	25
	chrIX	325520	0	0.5	25
	chrIX	325523	0	0.5	25
	chrIX	325538	0	0.5	25
	chrIX	325538	1	0.5	25
	chrIX	325540	0	0.5	25
	chrIX	325549	1	0.5	25
	chrIX	325564	0	0.5	25
	chrIX	325565	1	1.0	25
	chrIX	325567	1	0.5	25
	chrIX	325577	1	0.5	25
	chrIX	325582	1	0.5	25
	chrIX	325611	1	0.5	25
	chrIX	325619	1	0.5	25
	chrIX	325622	0	1.0	25
	chrIX	325626	0	0.5	25
	chrIX	325631	0	0.5	25
	chrIX	325646	0	0.5	25
	chrIX	325656	1	0.5	25
	chrIX	325657	0	0.5	25
	chrIX	325681	1	0.5	25
	chrIX	325687	0	0.5	25
	chrIX	325687	1	0.5	25
	chrIX	325689	0	0.5	25
	chrIX	325698	1	0.5	25
	chrIX	325703	1	0.5	25
	chrIX	325711	1	0.5	25
	chrIX	325716	1	0.5	25
	chrIX	325760	1	0.5	25
	chrIX	325800	1	0.5	25
	chrIX	325805	0	0.5	25
	chrIX	325812	1	0.5	25
	chrIX	325813	0	1.5	25
	chrIX	325832	0	0.5	25
	chrIX	325833	0	1.0	25
	chrIX	325854	1	0.5	25
	chrIX	325872	1	0.5	25
	chrIX	325873	0	0.5	25
	chrIX	325878	1	0.5	25
	chrIX	325885	1	1.0	25
	chrIX	325893	1	0.5	25
	chrIX	325894	0	0.5	25
	chrIX	325896	0	0.5	25
	chrIX	325904	1	0.5	25
	chrIX	325906	1	0.5	25
	chrIX	325945	1	0.5	25
	chrIX	325954	0	0.5	25
	chrIX	325968	0	0.5	25
	chrIX	325969	1	0.5	25
	chrIX	325993	0	0.5	25
	chrIX	326012	1	0.5	25
	chrIX	326024	0	2.0	25
	chrIX	326063	1	0.5	25
	chrIX	326079	1	0.5	25
	chrIX	326081	1	0.5	25
	chrIX	326085	0	1.5	25
	chrIX	326091	0	0.5	25
	chrIX	326103	0	1.0	25
	chrIX	326110	1	2.0	25
	chrIX	326125	0	0.5	25
	chrIX	326150	0	0.5	25
	chrIX	326154	0	0.5	25
	chrIX	326164	1	0.5	25
	chrIX	326167	1	1.5	25
	chrIX	326196	1	0.5	25
	chrIX	326204	0	0.5	25
	chrIX	326223	0	0.5	25
	chrIX	326226	1	0.5	25
	chrIX	326253	0	0.5	25
	chrIX	326254	1	0.5	25
	chrIX	326264	1	1.0	25
	chrIX	326274	0	0.5	25
	chrIX	326287	1	0.5	25
	chrIX	326330	1	0.5	25
	chrIX	326334	1	0.5	25
	chrIX	326342	1	0.5	25
	chrIX	326421	0	0.5	25
	chrIX	326422	0	0.5	25
	chrIX	326456	0	1.0	25
	chrIX	326480	1	0.5	25
	chrIX	326486	1	0.5	25
	chrIX	326522	0	0.5	25
	chrIX	326534	0	0.5	25
	chrIX	326549	0	0.5	25
	chrIX	326551	0	0.5	25
	chrIX	326554	1	1.0	25
	chrIX	326588	1	0.5	25
	chrIX	326590	1	0.5	25
	chrIX	326624	1	0.5	25
	chrIX	326627	0	0.5	25
	chrIX	326670	0	0.5	25
	chrIX	326697	1	0.5	25
	chrIX	326744	1	0.5	25
	chrIX	326746	1	0.5	25
	chrIX	326773	0	0.5	25
	chrIX	326847	1	0.5	25
	chrIX	326906	0	0.5	25
	chrIX	326911	0	0.5	25
	chrIX	326917	0	0.5	25
	chrIX	326919	0	0.5	25
	chrIX	326950	0	0.5	25
	chrIX	326961	0	0.5	25
	chrIX	326966	1	0.5	25
	chrIX	326974	1	0.5	25
	chrIX	326977	1	0.5	25
	chrIX	326989	1	0.5	25
	chrIX	327028	0	0.5	25
	chrIX	327035	1	0.5	25
	chrIX	327063	1	0.5	25
	chrIX	327083	0	0.5	25
	chrIX	327088	0	0.5	25
	chrIX	327089	0	0.5	25
	chrIX	327099	0	0.5	25
	chrIX	327110	0	0.5	25
	chrIX	327111	0	0.5	25
	chrIX	327142	0	1.0	25
	chrIX	327152	1	0.5	25
	chrIX	327158	0	0.5	25
	chrIX	327167	1	0.5	25
	chrIX	327175	1	0.5	25
	chrIX	327179	1	0.5	25
	chrIX	327186	0	0.5	25
	chrIX	327189	1	1.0	25
	chrIX	327192	1	0.5	25
	chrIX	327195	0	1.0	25
	chrIX	327214	1	0.5	25
	chrIX	327215	0	0.5	25
	chrIX	327216	1	0.5	25
	chrIX	327233	0	0.5	25
	chrIX	327236	0	0.5	25
	chrIX	327271	0	1.0	25
	chrIX	327275	0	0.5	25
	chrIX	327278	1	0.5	25
	chrIX	327316	1	0.5	25
	chrIX	327317	0	1.0	25
	chrIX	327318	0	1.5	25
	chrIX	327332	1	1.0	25
	chrIX	327334	1	0.5	25
	chrIX	327343	1	0.5	25
	chrIX	327348	0	0.5	25
	chrIX	327364	1	0.5	25
	chrIX	327370	1	0.5	25
	chrIX	327381	0	0.5	25
	chrIX	327382	1	0.5	25
	chrIX	327402	1	1.5	25
	chrIX	327418	0	0.5	25
	chrIX	327422	0	0.5	24
	chrIX	327447	1	1.0	25
	chrIX	327463	1	0.5	25
	chrIX	327473	1	0.5	25
	chrIX	327477	1	0.5	25
	chrIX	327506	0	0.5	25
	chrIX	327522	1	0.5	25
	chrIX	327524	1	0.5	25
	chrIX	327531	0	0.5	25
	chrIX	327535	0	0.5	25
	chrIX	327612	1	0.5	25
	chrIX	327661	1	0.5	25
	chrIX	327663	0	0.5	25
	chrIX	327675	0	0.5	25
	chrIX	327678	0	0.5	25
	chrIX	327679	0	0.5	25
	chrIX	327681	0	0.5	25
	chrIX	327686	1	0.5	25
	chrIX	327695	0	0.5	25
	chrIX	327714	0	0.5	25
	chrIX	327735	1	0.5	25
	chrIX	327737	1	0.5	25
	chrIX	327740	1	0.5	25
	chrIX	327753	1	0.5	25
	chrIX	327761	0	0.5	25
	chrIX	327792	0	0.5	25
	chrIX	327798	0	0.5	25
	chrIX	327810	0	0.5	25
	chrIX	327835	1	0.5	25
	chrIX	327836	1	0.5	25
	chrIX	327840	0	0.5	25
	chrIX	327844	1	0.5	25
	chrIX	327860	1	0.5	25
	chrIX	327870	1	1.0	25
	chrIX	327882	1	0.5	25
	chrIX	327898	0	0.5	25
	chrIX	327919	0	0.5	25
	chrIX	327931	0	0.5	25
	chrIX	327944	0	0.5	25
	chrIX	327944	1	0.5	25
	chrIX	327945	0	0.5	25
	chrIX	327968	0	1.0	25
	chrIX	327989	0	0.5	25
	chrIX	327989	1	1.0	25
	chrIX	327990	1	0.5	25
	chrIX	328025	1	0.5	25
	chrIX	328034	0	0.5	25
	chrIX	328049	1	1.0	25
	chrIX	328056	0	0.5	25
	chrIX	328073	0	0.5	25
	chrIX	328086	1	0.5	25
	chrIX	328093	1	0.5	25
	chrIX	328095	0	0.5	25
	chrIX	328100	0	0.5	25
	chrIX	328107	0	0.5	25
	chrIX	328113	0	0.5	25
	chrIX	328118	0	0.5	25
	chrIX	328127	0	0.5	25
	chrIX	328133	1	0.5	25
	chrIX	328155	0	0.5	25
	chrIX	328162	1	1.5	25
	chrIX	328170	1	0.5	25
	chrIX	328195	1	0.5	25
	chrIX	328203	0	0.5	25
	chrIX	328207	1	0.5	25
	chrIX	328210	1	0.5	25
	chrIX	328252	1	0.5	25
	chrIX	328297	1	0.5	25
	chrIX	328325	0	1.0	25
	chrIX	328348	0	0.5	25
	chrIX	328378	1	0.5	25
	chrIX	328392	0	0.5	25
	chrIX	328415	1	0.5	25
	chrIX	328422	0	0.5	23
	chrIX	328452	1	0.5	25
	chrIX	328485	1	1.0	25
	chrIX	328497	1	0.5	25
	chrIX	328504	0	1.5	25
	chrIX	328517	0	0.5	25
	chrIX	328533	0	0.5	25
	chrIX	328541	0	0.5	25
	chrIX	328578	1	0.5	25
	chrIX	328583	1	1.5	25
	chrIX	328597	0	0.5	25
	chrIX	328635	1	0.5	25
	chrIX	328661	0	0.5	25
	chrIX	328665	1	0.5	25
	chrIX	328716	1	0.5	25
	chrIX	328717	0	1.0	25
	chrIX	328718	0	0.5	25
	chrIX	328719	0	0.5	25
	chrIX	328724	1	0.5	25
	chrIX	328759	0	0.5	25
	chrIX	328774	0	0.5	25
	chrIX	328814	1	0.5	25
	chrIX	328815	1	0.5	25
	chrIX	328825	0	0.5	25
	chrIX	328825	1	1.0	25
	chrIX	328860	0	0.5	25
	chrIX	328868	1	1.0	25
	chrIX	328887	0	0.5	25
	chrIX	328910	0	0.5	25
	chrIX	328910	1	0.5	25
	chrIX	328918	0	0.5	25
	chrIX	328935	0	0.5	25
	chrIX	328936	1	0.5	25
	chrIX	328953	1	0.5	25
	chrIX	328957	0	0.5	25
	chrIX	328958	0	0.5	25
	chrIX	328958	1	0.5	25
	chrIX	328986	1	0.5	25
	chrIX	328990	1	0.5	25
	chrIX	328995	0	0.5	25
	chrIX	329007	0	0.5	25
	chrIX	329011	0	0.5	25
	chrIX	329014	0	0.5	25
	chrIX	329027	1	1.0	25
	chrIX	329042	1	0.5	25
	chrIX	329049	0	0.5	25
	chrIX	329050	0	0.5	25
	chrIX	329066	1	0.5	25
	chrIX	329072	0	0.5	25
	chrIX	329074	0	1.0	25
	chrIX	329096	0	0.5	25
	chrIX	329097	1	0.5	25
	chrIX	329107	0	0.5	25
	chrIX	329128	0	1.0	25
	chrIX	329133	1	0.5	25
	chrIX	329143	1	0.5	25
	chrIX	329150	1	0.5	25
	chrIX	329157	0	0.5	25
	chrIX	329176	1	0.5	25
	chrIX	329178	1	0.5	25
	chrIX	329201	0	0.5	25
	chrIX	329215	0	0.5	25
	chrIX	329232	0	1.5	25
	chrIX	329232	1	1.5	25
	chrIX	329233	0	2.0	25
	chrIX	329233	1	0.5	25
	chrIX	329234	0	2.0	25
	chrIX	329234	1	0.5	25
	chrIX	329247	0	0.5	25
	chrIX	329251	1	0.5	25
	chrIX	329252	0	2.0	25
	chrIX	329266	0	0.5	25
	chrIX	329296	1	4.0	25
	chrIX	329297	1	1.5	25
	chrIX	329307	0	0.5	25
	chrIX	329307	1	1.0	25
	chrIX	329309	1	0.5	25
	chrIX	329315	0	0.5	25
	chrIX	329327	1	0.5	25
	chrIX	329341	1	0.5	25
	chrIX	329359	0	0.5	25
	chrIX	329368	0	0.5	25
	chrIX	329379	1	0.5	25
	chrIX	329385	1	0.5	25
	chrIX	329403	0	0.5	25
	chrIX	329416	1	0.5	25
	chrIX	329421	1	0.5	25
	chrIX	329436	0	1.0	25
	chrIX	329451	1	0.5	25
	chrIX	329464	1	1.0	25
	chrIX	329465	0	0.5	25
	chrIX	329495	1	0.5	25
	chrIX	329520	1	0.5	25
	chrIX	329544	0	0.5	25
	chrIX	329568	0	0.5	25
	chrIX	329569	0	0.5	25
	chrIX	329581	1	1.0	25
	chrIX	329592	0	1.0	25
	chrIX	329598	0	0.5	25
	chrIX	329610	1	0.5	25
	chrIX	329613	0	0.5	25
	chrIX	329628	0	0.5	25
	chrIX	329642	1	0.5	25
	chrIX	329650	1	0.5	25
	chrIX	329655	0	1.0	25
	chrIX	329665	1	0.5	25
	chrIX	329677	0	0.5	25
	chrIX	329688	0	0.5	25
	chrIX	329702	0	0.5	25
	chrIX	329703	0	0.5	25
	chrIX	329717	1	0.5	25
	chrIX	329729	0	0.5	25
	chrIX	329733	1	1.0	25
	chrIX	329737	0	1.0	25
	chrIX	329737	1	1.0	25
	chrIX	329750	1	0.5	25
	chrIX	329764	1	0.5	25
	chrIX	329783	0	0.5	25
	chrIX	329784	1	0.5	25
	chrIX	329785	0	1.5	25
	chrIX	329797	0	0.5	25
	chrIX	329802	0	1.0	25
	chrIX	329806	1	1.5	25
	chrIX	329844	1	0.5	25
	chrIX	329848	1	0.5	25
	chrIX	329854	0	0.5	25
	chrIX	329864	1	0.5	25
	chrIX	329881	1	1.0	25
	chrIX	329892	0	0.5	25
	chrIX	329894	0	0.5	25
	chrIX	329906	0	0.5	25
	chrIX	329921	1	0.5	25
	chrIX	329928	1	0.5	25
	chrIX	329929	1	0.5	25
	chrIX	329938	1	0.5	25
	chrIX	329939	1	0.5	25
	chrIX	329940	0	0.5	25
	chrIX	329944	0	0.5	25
	chrIX	329965	1	0.5	25
	chrIX	329969	1	0.5	25
	chrIX	329970	1	1.0	25
	chrIX	329971	0	0.5	25
	chrIX	330000	0	0.5	25
	chrIX	330009	1	0.5	25
	chrIX	330019	0	0.5	25
	chrIX	330023	0	0.5	25
	chrIX	330044	0	0.5	25
	chrIX	330047	0	0.5	25
	chrIX	330058	0	0.5	25
	chrIX	330060	0	0.5	25
	chrIX	330080	1	0.5	25
	chrIX	330082	0	1.0	25
	chrIX	330088	1	0.5	25
	chrIX	330090	0	0.5	25
	chrIX	330100	0	0.5	25
	chrIX	330103	0	0.5	25
	chrIX	330103	1	0.5	25
	chrIX	330106	1	0.5	25
	chrIX	330123	1	0.5	25
	chrIX	330125	1	0.5	25
	chrIX	330127	1	1.0	25
	chrIX	330129	0	0.5	25
	chrIX	330131	1	0.5	25
	chrIX	330154	1	0.5	25
	chrIX	330161	1	0.5	25
	chrIX	330170	0	0.5	25
	chrIX	330172	0	0.5	25
	chrIX	330174	0	1.0	25
	chrIX	330178	1	0.5	25
	chrIX	330190	0	0.5	25
	chrIX	330203	0	0.5	25
	chrIX	330213	1	0.5	25
	chrIX	330221	1	0.5	25
	chrIX	330223	1	0.5	25
	chrIX	330228	1	1.0	25
	chrIX	330264	1	0.5	25
	chrIX	330276	0	0.5	25
	chrIX	330277	0	0.5	25
	chrIX	330284	0	1.0	25
	chrIX	330287	0	0.5	25
	chrIX	330291	0	0.5	25
	chrIX	330301	1	0.5	25
	chrIX	330302	1	0.5	25
	chrIX	330313	0	1.0	25
	chrIX	330352	1	1.0	25
	chrIX	330358	0	0.5	25
	chrIX	330373	0	1.5	25
	chrIX	330380	0	0.5	25
	chrIX	330383	0	0.5	25
	chrIX	330385	1	0.5	25
	chrIX	330386	0	0.5	25
	chrIX	330401	0	1.0	25
	chrIX	330404	0	0.5	25
	chrIX	330406	1	0.5	25
	chrIX	330408	0	1.0	25
	chrIX	330416	1	1.5	25
	chrIX	330429	0	0.5	25
	chrIX	330429	1	0.5	25
	chrIX	330434	1	0.5	25
	chrIX	330446	0	0.5	25
	chrIX	330457	0	0.5	25
	chrIX	330459	1	0.5	25
	chrIX	330460	0	0.5	25
	chrIX	330471	1	0.5	25
	chrIX	330473	1	2.5	25
	chrIX	330476	0	0.5	25
	chrIX	330484	0	0.5	25
	chrIX	330490	1	1.0	25
	chrIX	330491	0	0.5	25
	chrIX	330491	1	1.5	25
	chrIX	330498	1	0.5	25
	chrIX	330499	0	0.5	25
	chrIX	330523	1	0.5	25
	chrIX	330539	1	0.5	25
	chrIX	330550	1	0.5	25
	chrIX	330551	1	0.5	25
	chrIX	330564	0	0.5	25
	chrIX	330570	0	0.5	25
	chrIX	330573	0	0.5	25
	chrIX	330579	0	0.5	25
	chrIX	330581	0	0.5	25
	chrIX	330582	1	0.5	25
	chrIX	330591	0	1.0	25
	chrIX	330603	0	0.5	25
	chrIX	330614	0	0.5	25
	chrIX	330616	0	0.5	25
	chrIX	330627	1	0.5	25
	chrIX	330632	1	0.5	25
	chrIX	330640	1	0.5	25
	chrIX	330643	1	0.5	25
	chrIX	330651	1	0.5	25
	chrIX	330655	1	1.0	25
	chrIX	330657	1	0.5	25
	chrIX	330659	1	0.5	25
	chrIX	330660	0	0.5	25
	chrIX	330670	0	0.5	25
	chrIX	330675	0	0.5	25
	chrIX	330733	0	0.5	25
	chrIX	330741	1	0.5	25
	chrIX	330754	0	0.5	25
	chrIX	330757	0	0.5	25
	chrIX	330766	0	0.5	25
	chrIX	330779	0	0.5	25
	chrIX	330780	0	0.5	25
	chrIX	330800	1	0.5	25
	chrIX	330804	1	0.5	25
	chrIX	330805	1	0.5	25
	chrIX	330811	1	0.5	25
	chrIX	330815	0	0.5	25
	chrIX	330824	1	0.5	25
	chrIX	330829	0	0.5	25
	chrIX	330832	1	0.5	25
	chrIX	330844	1	0.5	25
	chrIX	330871	1	0.5	25
	chrIX	330875	0	0.5	25
	chrIX	330879	1	0.5	25
	chrIX	330890	0	0.5	25
	chrIX	330898	0	0.5	25
	chrIX	330903	1	0.5	24
	chrIX	330919	0	0.5	25
	chrIX	330928	1	0.5	25
	chrIX	330929	0	0.5	25
	chrIX	330929	1	0.5	25
	chrIX	330942	1	0.5	25
	chrIX	330971	1	0.5	25
	chrIX	330981	1	0.5	25
	chrIX	330995	1	0.5	25
	chrIX	331015	0	0.5	25
	chrIX	331019	1	0.5	25
	chrIX	331047	0	1.0	25
	chrIX	331055	0	0.5	25
	chrIX	331087	0	0.5	25
	chrIX	331102	0	0.5	25
	chrIX	331144	1	0.5	25
	chrIX	331154	0	0.5	25
	chrIX	331169	1	0.5	25
	chrIX	331177	1	0.5	25
	chrIX	331179	0	0.5	25
	chrIX	331185	0	0.5	25
	chrIX	331187	1	0.5	25
	chrIX	331212	1	1.0	25
	chrIX	331220	1	0.5	25
	chrIX	331228	0	0.5	25
	chrIX	331249	1	0.5	25
	chrIX	331253	0	0.5	25
	chrIX	331290	0	0.5	25
	chrIX	331291	0	0.5	25
	chrIX	331301	0	0.5	25
	chrIX	331306	1	0.5	25
	chrIX	331315	0	0.5	25
	chrIX	331329	0	0.5	25
	chrIX	331340	1	0.5	25
	chrIX	331354	1	0.5	25
	chrIX	331369	1	0.5	25
	chrIX	331370	0	0.5	25
	chrIX	331376	1	0.5	25
	chrIX	331416	1	0.5	25
	chrIX	331420	0	1.0	25
	chrIX	331434	1	0.5	25
	chrIX	331441	0	0.5	25
	chrIX	331447	1	0.5	25
	chrIX	331469	1	0.5	25
	chrIX	331541	0	1.0	25
	chrIX	331571	1	0.5	25
	chrIX	331591	0	0.5	25
	chrIX	331591	1	1.0	25
	chrIX	331593	0	0.5	25
	chrIX	331597	1	1.0	25
	chrIX	331608	0	1.0	25
	chrIX	331651	1	1.0	25
	chrIX	331668	0	0.5	25
	chrIX	331671	1	0.5	25
	chrIX	331684	1	0.5	25
	chrIX	331750	1	0.5	25
	chrIX	331767	0	0.5	25
	chrIX	331788	0	0.5	25
	chrIX	331797	0	0.5	25
	chrIX	331807	0	0.5	25
	chrIX	331835	1	0.5	25
	chrIX	331876	0	0.5	25
	chrIX	331885	0	0.5	25
	chrIX	331897	0	1.0	25
	chrIX	331898	1	0.5	25
	chrIX	331928	0	1.0	25
	chrIX	331940	1	0.5	25
	chrIX	331948	0	0.5	25
	chrIX	331952	1	0.5	25
	chrIX	331962	1	0.5	25
	chrIX	331971	0	0.5	25
	chrIX	331976	0	0.5	25
	chrIX	331987	0	0.5	25
	chrIX	331992	1	0.5	25
	chrIX	331994	0	0.5	25
	chrIX	332001	0	0.5	25
	chrIX	332006	0	0.5	25
	chrIX	332007	1	0.5	25
	chrIX	332008	0	0.5	25
	chrIX	332020	1	1.0	25
	chrIX	332034	0	0.5	25
	chrIX	332039	1	0.5	25
	chrIX	332048	1	0.5	25
	chrIX	332064	0	0.5	25
	chrIX	332071	1	0.5	25
	chrIX	332072	1	0.5	25
	chrIX	332077	0	0.5	25
	chrIX	332082	1	0.5	25
	chrIX	332105	1	1.0	25
	chrIX	332114	0	0.5	25
	chrIX	332132	1	0.5	25
	chrIX	332140	0	0.5	25
	chrIX	332149	1	0.5	25
	chrIX	332159	1	0.5	25
	chrIX	332169	1	0.5	25
	chrIX	332173	0	0.5	25
	chrIX	332193	0	0.5	25
	chrIX	332198	0	0.5	25
	chrIX	332209	1	0.5	25
	chrIX	332214	0	1.0	25
	chrIX	332239	1	0.5	25
	chrIX	332251	1	0.5	25
	chrIX	332255	0	0.5	25
	chrIX	332257	1	0.5	25
	chrIX	332258	0	0.5	25
	chrIX	332260	1	0.5	25
	chrIX	332267	0	0.5	25
	chrIX	332272	1	0.5	25
	chrIX	332282	1	0.5	25
	chrIX	332291	0	0.5	25
	chrIX	332295	1	0.5	25
	chrIX	332296	0	0.5	25
	chrIX	332307	0	0.5	25
	chrIX	332315	1	0.5	25
	chrIX	332324	1	0.5	25
	chrIX	332352	1	0.5	25
	chrIX	332375	1	0.5	25
	chrIX	332415	0	0.5	25
	chrIX	332460	1	0.5	25
	chrIX	332473	1	1.0	25
	chrIX	332474	0	0.5	25
	chrIX	332482	0	0.5	25
	chrIX	332518	1	0.5	25
	chrIX	332523	0	0.5	25
	chrIX	332573	1	0.5	25
	chrIX	332588	1	0.5	25
	chrIX	332602	0	0.5	25
	chrIX	332624	0	0.5	25
	chrIX	332625	0	1.0	25
	chrIX	332626	0	2.0	25
	chrIX	332629	0	0.5	25
	chrIX	332633	0	0.5	25
	chrIX	332679	0	0.5	25
	chrIX	332679	1	2.5	25
	chrIX	332680	1	0.5	25
	chrIX	332684	0	0.5	25
	chrIX	332689	1	0.5	25
	chrIX	332695	1	0.5	25
	chrIX	332716	0	0.5	25
	chrIX	332720	1	0.5	25
	chrIX	332756	0	0.5	25
	chrIX	332762	1	1.0	25
	chrIX	332773	0	1.0	25
	chrIX	332787	0	0.5	25
	chrIX	332792	0	0.5	25
	chrIX	332806	0	1.0	25
	chrIX	332816	0	0.5	25
	chrIX	332826	1	1.5	25
	chrIX	332828	1	1.0	25
	chrIX	332856	0	0.5	25
	chrIX	332874	0	0.5	25
	chrIX	332906	1	1.0	25
	chrIX	332910	1	0.5	25
	chrIX	332912	0	0.5	25
	chrIX	332914	0	1.0	25
	chrIX	332933	1	1.0	25
	chrIX	332949	1	0.5	25
	chrIX	332950	1	0.5	25
	chrIX	332951	0	1.0	25
	chrIX	332962	1	0.5	25
	chrIX	332968	0	0.5	25
	chrIX	332972	1	0.5	25
	chrIX	332973	0	0.5	25
	chrIX	332985	0	0.5	25
	chrIX	333001	0	0.5	25
	chrIX	333004	1	0.5	25
	chrIX	333018	1	1.0	25
	chrIX	333021	0	0.5	25
	chrIX	333026	0	0.5	25
	chrIX	333043	1	0.5	25
	chrIX	333050	0	0.5	25
	chrIX	333063	1	0.5	25
	chrIX	333072	1	0.5	25
	chrIX	333076	1	0.5	25
	chrIX	333078	0	0.5	25
	chrIX	333085	1	0.5	25
	chrIX	333123	0	0.5	25
	chrIX	333142	0	0.5	25
	chrIX	333144	1	0.5	25
	chrIX	333153	1	0.5	25
	chrIX	333157	1	0.5	25
	chrIX	333161	0	0.5	25
	chrIX	333179	0	0.5	25
	chrIX	333188	1	0.5	25
	chrIX	333190	1	0.5	25
	chrIX	333214	0	0.5	25
	chrIX	333225	0	0.5	25
	chrIX	333236	0	0.5	25
	chrIX	333238	0	0.5	25
	chrIX	333239	0	0.5	25
	chrIX	333245	1	0.5	25
	chrIX	333251	0	1.0	25
	chrIX	333264	0	0.5	25
	chrIX	333266	0	1.0	25
	chrIX	333267	0	0.5	25
	chrIX	333274	0	0.5	25
	chrIX	333279	0	0.5	25
	chrIX	333279	1	0.5	25
	chrIX	333280	0	1.0	25
	chrIX	333283	1	0.5	25
	chrIX	333289	1	0.5	25
	chrIX	333290	0	0.5	25
	chrIX	333291	0	1.0	25
	chrIX	333292	0	0.5	25
	chrIX	333295	0	0.5	25
	chrIX	333298	1	0.5	25
	chrIX	333299	1	1.0	25
	chrIX	333301	0	0.5	25
	chrIX	333307	0	0.5	25
	chrIX	333308	0	0.5	25
	chrIX	333309	0	0.5	25
	chrIX	333314	1	0.5	25
	chrIX	333327	0	0.5	25
	chrIX	333328	1	0.5	25
	chrIX	333333	1	0.5	25
	chrIX	333336	1	0.5	25
	chrIX	333338	1	1.0	25
	chrIX	333343	0	0.5	25
	chrIX	333346	0	0.5	25
	chrIX	333346	1	1.0	25
	chrIX	333347	0	0.5	25
	chrIX	333347	1	0.5	25
	chrIX	333351	0	0.5	25
	chrIX	333356	0	1.0	25
	chrIX	333360	1	0.5	25
	chrIX	333362	1	0.5	25
	chrIX	333365	1	0.5	25
	chrIX	333367	0	0.5	25
	chrIX	333369	1	0.5	25
	chrIX	333373	0	0.5	25
	chrIX	333376	1	0.5	25
	chrIX	333377	0	0.5	25
	chrIX	333386	0	1.0	25
	chrIX	333393	0	0.5	25
	chrIX	333402	1	0.5	25
	chrIX	333403	0	0.5	25
	chrIX	333410	1	0.5	25
	chrIX	333413	0	2.5	25
	chrIX	333421	1	1.0	25
	chrIX	333422	0	0.5	25
	chrIX	333422	1	0.5	25
	chrIX	333426	1	0.5	25
	chrIX	333431	0	0.5	25
	chrIX	333431	1	1.0	25
	chrIX	333453	1	0.5	25
	chrIX	333455	1	0.5	25
	chrIX	333458	1	1.0	25
	chrIX	333461	1	0.5	25
	chrIX	333462	1	0.5	25
	chrIX	333464	0	1.0	25
	chrIX	333473	1	1.5	25
	chrIX	333474	0	0.5	25
	chrIX	333474	1	0.5	25
	chrIX	333475	0	0.5	25
	chrIX	333478	1	0.5	25
	chrIX	333481	0	0.5	25
	chrIX	333483	1	0.5	25
	chrIX	333494	1	0.5	25
	chrIX	333496	1	0.5	25
	chrIX	333501	1	0.5	25
	chrIX	333511	0	1.0	25
	chrIX	333522	0	0.5	25
	chrIX	333522	1	0.5	25
	chrIX	333529	1	0.5	25
	chrIX	333533	0	1.0	25
	chrIX	333541	1	0.5	25
	chrIX	333547	1	0.5	25
	chrIX	333555	1	0.5	25
	chrIX	333556	1	0.5	25
	chrIX	333558	1	0.5	25
	chrIX	333565	1	0.5	25
	chrIX	333570	1	0.5	25
	chrIX	333575	1	0.5	25
	chrIX	333583	1	0.5	25
	chrIX	333598	0	0.5	25
	chrIX	333600	0	0.5	25
	chrIX	333608	0	1.0	25
	chrIX	333616	1	0.5	25
	chrIX	333622	1	0.5	25
	chrIX	333640	1	0.5	25
	chrIX	333643	1	0.5	25
	chrIX	333650	0	0.5	25
	chrIX	333653	0	0.5	25
	chrIX	333701	1	0.5	25
	chrIX	333708	0	0.5	25
	chrIX	333732	1	0.5	25
	chrIX	333735	1	1.0	25
	chrIX	333741	0	0.5	25
	chrIX	333759	1	0.5	25
	chrIX	333785	0	0.5	25
	chrIX	333852	0	1.0	25
	chrIX	333857	1	0.5	25
	chrIX	333865	0	2.0	25
	chrIX	333924	1	1.0	25
	chrIX	333926	0	1.0	25
	chrIX	333936	0	0.5	25
	chrIX	333946	0	0.5	25
	chrIX	333964	1	2.0	25
	chrIX	334012	0	0.5	25
	chrIX	334013	1	1.0	25
	chrIX	334018	1	0.5	25
	chrIX	334033	1	0.5	25
	chrIX	334044	1	0.5	25
	chrIX	334057	0	0.5	25
	chrIX	334066	0	0.5	25
	chrIX	334087	1	0.5	25
	chrIX	334089	0	1.0	25
	chrIX	334127	1	0.5	25
	chrIX	334140	1	0.5	25
	chrIX	334224	0	0.5	25
	chrIX	334237	0	1.0	25
	chrIX	334292	1	0.5	25
	chrIX	334316	0	0.5	25
	chrIX	334351	1	0.5	25
	chrIX	334357	1	1.0	25
	chrIX	334366	0	1.0	25
	chrIX	334367	0	1.5	25
	chrIX	334376	0	0.5	25
	chrIX	334380	1	1.0	25
	chrIX	334407	1	0.5	25
	chrIX	334416	0	0.5	25
	chrIX	334424	1	0.5	25
	chrIX	334427	1	0.5	25
	chrIX	334430	0	0.5	25
	chrIX	334484	0	1.0	25
	chrIX	334520	1	0.5	25
	chrIX	334531	1	1.0	25
	chrIX	334532	0	0.5	25
	chrIX	334532	1	0.5	25
	chrIX	334545	1	0.5	25
	chrIX	334565	1	1.0	25
	chrIX	334571	1	0.5	25
	chrIX	334588	0	1.0	25
	chrIX	334601	0	0.5	25
	chrIX	334606	0	0.5	25
	chrIX	334634	0	0.5	25
	chrIX	334649	1	0.5	25
	chrIX	334653	0	0.5	25
	chrIX	334660	1	0.5	25
	chrIX	334677	0	0.5	25
	chrIX	334678	0	0.5	25
	chrIX	334679	0	0.5	25
	chrIX	334683	1	0.5	25
	chrIX	334696	1	0.5	25
	chrIX	334697	0	1.0	25
	chrIX	334707	0	0.5	25
	chrIX	334707	1	0.5	25
	chrIX	334708	0	0.5	25
	chrIX	334710	0	0.5	25
	chrIX	334719	0	0.5	25
	chrIX	334722	0	0.5	25
	chrIX	334723	0	0.5	25
	chrIX	334730	0	0.5	25
	chrIX	334739	0	0.5	25
	chrIX	334744	1	0.5	25
	chrIX	334746	1	0.5	25
	chrIX	334747	0	0.5	25
	chrIX	334759	1	0.5	25
	chrIX	334763	1	0.5	25
	chrIX	334777	1	0.5	25
	chrIX	334786	1	0.5	25
	chrIX	334787	1	1.0	25
	chrIX	334788	1	1.5	25
	chrIX	334789	0	0.5	25
	chrIX	334808	1	0.5	25
	chrIX	334815	1	0.5	25
	chrIX	334843	0	0.5	25
	chrIX	334882	1	0.5	25
	chrIX	334891	1	0.5	25
	chrIX	334895	1	0.5	25
	chrIX	334905	1	0.5	25
	chrIX	334927	0	0.5	25
	chrIX	334945	0	0.5	25
	chrIX	334961	0	0.5	25
	chrIX	334966	0	1.0	25
	chrIX	334983	1	0.5	25
	chrIX	334994	0	0.5	25
	chrIX	334997	0	0.5	25
	chrIX	334999	0	0.5	25
	chrIX	335009	1	1.0	25
	chrIX	335035	1	0.5	25
	chrIX	335046	0	0.5	25
	chrIX	335047	1	0.5	25
	chrIX	335052	1	0.5	25
	chrIX	335080	0	0.5	25
	chrIX	335098	0	0.5	25
	chrIX	335125	1	0.5	25
	chrIX	335151	1	0.5	25
	chrIX	335152	0	0.5	25
	chrIX	335161	1	0.5	25
	chrIX	335238	0	0.5	25
	chrIX	335250	0	0.5	25
	chrIX	335251	1	0.5	25
	chrIX	335294	1	0.5	25
	chrIX	335306	1	0.5	25
	chrIX	335327	0	1.0	25
	chrIX	335329	1	0.5	25
	chrIX	335337	0	0.5	25
	chrIX	335358	0	0.5	25
	chrIX	335367	0	0.5	25
	chrIX	335380	0	0.5	25
	chrIX	335391	1	1.0	25
	chrIX	335430	0	0.5	25
	chrIX	335443	1	0.5	25
	chrIX	335445	0	0.5	25
	chrIX	335445	1	0.5	25
	chrIX	335446	0	1.0	25
	chrIX	335460	1	0.5	25
	chrIX	335476	0	0.5	25
	chrIX	335493	1	0.5	25
	chrIX	335513	1	0.5	25
	chrIX	335522	1	0.5	25
	chrIX	335523	0	0.5	25
	chrIX	335534	1	0.5	25
	chrIX	335535	1	0.5	25
	chrIX	335537	1	0.5	25
	chrIX	335547	0	0.5	25
	chrIX	335554	0	0.5	25
	chrIX	335579	0	0.5	25
	chrIX	335587	1	0.5	25
	chrIX	335592	0	0.5	25
	chrIX	335600	1	0.5	25
	chrIX	335605	0	0.5	25
	chrIX	335646	1	0.5	25
	chrIX	335650	1	0.5	25
	chrIX	335660	1	0.5	25
	chrIX	335667	0	0.5	25
	chrIX	335669	1	0.5	25
	chrIX	335680	0	0.5	25
	chrIX	335682	0	0.5	25
	chrIX	335699	0	0.5	25
	chrIX	335736	1	0.5	25
	chrIX	335745	1	0.5	25
	chrIX	335763	0	0.5	25
	chrIX	335783	0	0.5	25
	chrIX	335784	1	0.5	25
	chrIX	335799	0	0.5	25
	chrIX	335803	1	0.5	25
	chrIX	335823	0	0.5	25
	chrIX	335826	1	0.5	25
	chrIX	335847	1	0.5	25
	chrIX	335860	0	0.5	25
	chrIX	335880	1	0.5	25
	chrIX	335888	1	0.5	25
	chrIX	335901	0	0.5	25
	chrIX	335904	1	0.5	25
	chrIX	335908	0	1.0	25
	chrIX	335930	0	0.5	25
	chrIX	335938	0	0.5	25
	chrIX	335960	1	0.5	25
	chrIX	335962	0	0.5	25
	chrIX	335971	1	1.0	25
	chrIX	335973	0	0.5	25
	chrIX	335977	1	0.5	25
	chrIX	335981	0	0.5	25
	chrIX	335986	0	0.5	25
	chrIX	335994	1	0.5	25
	chrIX	336045	1	0.5	25
	chrIX	336050	1	0.5	25
	chrIX	336052	0	0.5	25
	chrIX	336090	0	0.5	25
	chrIX	336091	0	1.0	25
	chrIX	336093	1	0.5	25
	chrIX	336112	1	0.5	25
	chrIX	336114	0	0.5	25
	chrIX	336152	1	0.5	25
	chrIX	336156	1	0.5	25
	chrIX	336167	0	0.5	25
	chrIX	336193	0	0.5	25
	chrIX	336225	1	0.5	25
	chrIX	336234	0	1.0	25
	chrIX	336256	0	0.5	25
	chrIX	336256	1	0.5	25
	chrIX	336257	1	0.5	25
	chrIX	336267	0	0.5	25
	chrIX	336269	0	2.0	25
	chrIX	336281	1	1.0	25
	chrIX	336295	1	0.5	25
	chrIX	336296	1	0.5	25
	chrIX	336298	1	0.5	25
	chrIX	336301	0	1.0	25
	chrIX	336306	0	0.5	25
	chrIX	336310	0	0.5	25
	chrIX	336329	1	0.5	25
	chrIX	336334	1	0.5	25
	chrIX	336335	1	0.5	25
	chrIX	336356	0	1.0	25
	chrIX	336393	1	0.5	25
	chrIX	336394	0	0.5	25
	chrIX	336399	0	0.5	25
	chrIX	336408	1	1.0	25
	chrIX	336429	1	0.5	25
	chrIX	336430	1	2.0	25
	chrIX	336431	0	1.0	25
	chrIX	336452	1	0.5	25
	chrIX	336473	1	0.5	25
	chrIX	336476	1	0.5	25
	chrIX	336487	0	0.5	25
	chrIX	336489	0	0.5	25
	chrIX	336501	1	0.5	25
	chrIX	336507	0	0.5	25
	chrIX	336523	0	0.5	25
	chrIX	336531	0	0.5	25
	chrIX	336539	1	0.5	25
	chrIX	336547	0	0.5	25
	chrIX	336566	0	0.5	25
	chrIX	336573	1	0.5	25
	chrIX	336601	0	0.5	25
	chrIX	336606	0	0.5	25
	chrIX	336621	1	0.5	25
	chrIX	336633	1	0.5	25
	chrIX	336638	1	0.5	25
	chrIX	336650	0	0.5	25
	chrIX	336662	1	0.5	25
	chrIX	336668	1	1.0	25
	chrIX	336669	0	0.5	25
	chrIX	336669	1	0.5	25
	chrIX	336678	0	0.5	25
	chrIX	336684	0	1.0	25
	chrIX	336687	0	0.5	25
	chrIX	336695	0	0.5	25
	chrIX	336708	1	0.5	25
	chrIX	336714	1	0.5	25
	chrIX	336719	0	0.5	25
	chrIX	336722	0	0.5	25
	chrIX	336734	0	0.5	25
	chrIX	336746	1	1.0	25
	chrIX	336757	1	0.5	25
	chrIX	336775	0	0.5	25
	chrIX	336779	1	0.5	25
	chrIX	336781	1	0.5	25
	chrIX	336811	1	0.5	25
	chrIX	336826	0	0.5	25
	chrIX	336833	1	0.5	25
	chrIX	336848	1	0.5	25
	chrIX	336858	0	0.5	25
	chrIX	336863	1	0.5	25
	chrIX	336903	1	0.5	25
	chrIX	336926	0	0.5	25
	chrIX	336941	1	0.5	25
	chrIX	336948	0	0.5	25
	chrIX	336973	0	0.5	25
	chrIX	336979	0	0.5	25
	chrIX	336996	0	0.5	25
	chrIX	336996	1	1.0	25
	chrIX	336999	0	0.5	25
	chrIX	337007	0	1.0	25
	chrIX	337023	0	0.5	25
	chrIX	337039	1	0.5	25
	chrIX	337059	1	0.5	25
	chrIX	337063	1	0.5	25
	chrIX	337065	1	0.5	25
	chrIX	337075	0	0.5	25
	chrIX	337077	0	0.5	25
	chrIX	337080	0	0.5	25
	chrIX	337083	0	0.5	25
	chrIX	337084	0	0.5	25
	chrIX	337092	1	0.5	25
	chrIX	337115	1	1.0	25
	chrIX	337128	1	1.0	25
	chrIX	337144	0	0.5	25
	chrIX	337163	1	0.5	25
	chrIX	337166	1	0.5	25
	chrIX	337170	0	0.5	25
	chrIX	337170	1	0.5	25
	chrIX	337174	1	0.5	25
	chrIX	337175	0	0.5	25
	chrIX	337176	0	0.5	25
	chrIX	337188	0	0.5	25
	chrIX	337195	0	0.5	25
	chrIX	337205	0	0.5	25
	chrIX	337212	0	0.5	25
	chrIX	337221	0	1.0	25
	chrIX	337231	1	0.5	25
	chrIX	337234	0	0.5	25
	chrIX	337247	1	0.5	25
	chrIX	337249	1	1.0	25
	chrIX	337258	0	0.5	25
	chrIX	337260	1	0.5	25
	chrIX	337273	1	0.5	25
	chrIX	337276	0	0.5	25
	chrIX	337288	1	0.5	25
	chrIX	337297	1	0.5	25
	chrIX	337316	1	0.5	25
	chrIX	337341	1	0.5	25
	chrIX	337347	1	0.5	25
	chrIX	337348	0	1.0	25
	chrIX	337385	0	0.5	25
	chrIX	337400	0	0.5	25
	chrIX	337407	1	0.5	25
	chrIX	337410	1	0.5	25
	chrIX	337411	1	0.5	25
	chrIX	337413	0	0.5	25
	chrIX	337444	0	0.5	25
	chrIX	337449	0	0.5	25
	chrIX	337475	0	0.5	25
	chrIX	337493	0	0.5	25
	chrIX	337496	1	0.5	25
	chrIX	337503	0	0.5	25
	chrIX	337508	1	1.5	25
	chrIX	337511	0	1.5	25
	chrIX	337512	0	0.5	25
	chrIX	337520	0	0.5	25
	chrIX	337521	1	1.0	25
	chrIX	337539	1	0.5	25
	chrIX	337541	0	0.5	25
	chrIX	337546	1	0.5	25
	chrIX	337550	0	0.5	25
	chrIX	337554	1	1.5	25
	chrIX	337564	0	0.5	25
	chrIX	337578	0	0.5	25
	chrIX	337598	0	0.5	25
	chrIX	337608	1	0.5	25
	chrIX	337609	0	0.5	25
	chrIX	337625	0	0.5	25
	chrIX	337626	0	0.5	25
	chrIX	337638	1	0.5	25
	chrIX	337667	0	1.0	25
	chrIX	337667	1	0.5	25
	chrIX	337668	1	0.5	25
	chrIX	337671	1	0.5	25
	chrIX	337672	1	0.5	25
	chrIX	337675	1	0.5	25
	chrIX	337680	1	0.5	25
	chrIX	337684	0	0.5	25
	chrIX	337690	1	0.5	25
	chrIX	337695	1	0.5	25
	chrIX	337712	1	0.5	25
	chrIX	337750	1	0.5	25
	chrIX	337767	0	0.5	25
	chrIX	337770	0	0.5	25
	chrIX	337770	1	1.0	25
	chrIX	337774	0	0.5	25
	chrIX	337812	1	0.5	25
	chrIX	337819	0	0.5	25
	chrIX	337821	0	0.5	25
	chrIX	337842	1	0.5	25
	chrIX	337873	0	0.5	25
	chrIX	337876	0	1.0	25
	chrIX	337892	1	0.5	25
	chrIX	337902	0	0.5	25
	chrIX	337931	1	1.0	25
	chrIX	337936	0	0.5	25
	chrIX	337936	1	0.5	25
	chrIX	337979	0	1.0	25
	chrIX	337986	1	0.5	25
	chrIX	337992	0	0.5	25
	chrIX	337995	0	0.5	25
	chrIX	338001	1	0.5	25
	chrIX	338004	0	0.5	25
	chrIX	338012	1	0.5	25
	chrIX	338031	0	0.5	25
	chrIX	338031	1	0.5	25
	chrIX	338032	0	0.5	25
	chrIX	338045	1	1.0	25
	chrIX	338046	1	0.5	25
	chrIX	338065	0	0.5	25
	chrIX	338090	1	0.5	25
	chrIX	338092	0	0.5	25
	chrIX	338093	1	0.5	25
	chrIX	338103	0	0.5	25
	chrIX	338109	0	2.0	25
	chrIX	338110	0	0.5	25
	chrIX	338114	0	0.5	25
	chrIX	338132	1	0.5	25
	chrIX	338141	1	0.5	25
	chrIX	338147	0	1.5	25
	chrIX	338149	0	0.5	25
	chrIX	338175	1	1.0	25
	chrIX	338185	1	0.5	25
	chrIX	338187	1	0.5	25
	chrIX	338194	1	0.5	25
	chrIX	338197	0	0.5	25
	chrIX	338200	0	0.5	25
	chrIX	338200	1	1.0	25
	chrIX	338208	0	0.5	25
	chrIX	338211	0	0.5	25
	chrIX	338217	1	0.5	25
	chrIX	338218	0	0.5	25
	chrIX	338221	0	0.5	25
	chrIX	338222	0	1.5	25
	chrIX	338225	1	0.5	25
	chrIX	338229	0	0.5	25
	chrIX	338238	1	0.5	25
	chrIX	338254	1	0.5	25
	chrIX	338262	1	0.5	25
	chrIX	338266	1	0.5	25
	chrIX	338268	1	1.0	25
	chrIX	338269	0	0.5	25
	chrIX	338275	0	1.0	25
	chrIX	338277	0	0.5	25
	chrIX	338280	1	0.5	25
	chrIX	338283	0	0.5	25
	chrIX	338297	1	0.5	25
	chrIX	338298	0	0.5	25
	chrIX	338298	1	1.0	25
	chrIX	338300	1	0.5	25
	chrIX	338309	1	1.0	25
	chrIX	338312	0	1.0	25
	chrIX	338313	1	1.0	25
	chrIX	338335	0	0.5	25
	chrIX	338339	0	0.5	25
	chrIX	338344	0	0.5	25
	chrIX	338349	1	0.5	25
	chrIX	338351	1	0.5	25
	chrIX	338355	0	0.5	25
	chrIX	338364	1	0.5	25
	chrIX	338368	1	1.0	25
	chrIX	338379	0	0.5	25
	chrIX	338400	0	0.5	25
	chrIX	338419	1	0.5	25
	chrIX	338423	1	0.5	25
	chrIX	338424	1	0.5	25
	chrIX	338425	1	0.5	25
	chrIX	338456	1	0.5	25
	chrIX	338459	0	0.5	25
	chrIX	338465	1	0.5	25
	chrIX	338472	0	0.5	25
	chrIX	338485	0	0.5	25
	chrIX	338488	1	0.5	25
	chrIX	338496	0	1.0	25
	chrIX	338500	0	0.5	25
	chrIX	338519	0	0.5	25
	chrIX	338519	1	0.5	25
	chrIX	338523	1	0.5	25
	chrIX	338530	1	0.5	25
	chrIX	338537	1	1.0	25
	chrIX	338547	0	0.5	25
	chrIX	338553	0	0.5	25
	chrIX	338558	0	0.5	25
	chrIX	338559	1	1.0	25
	chrIX	338560	0	0.5	25
	chrIX	338565	1	0.5	25
	chrIX	338583	0	0.5	25
	chrIX	338616	0	1.5	25
	chrIX	338617	0	0.5	25
	chrIX	338624	0	0.5	25
	chrIX	338628	1	0.5	25
	chrIX	338639	1	0.5	25
	chrIX	338644	0	0.5	25
	chrIX	338646	1	0.5	25
	chrIX	338656	0	0.5	25
	chrIX	338661	1	0.5	25
	chrIX	338676	1	0.5	25
	chrIX	338681	0	0.5	25
	chrIX	338695	1	0.5	25
	chrIX	338697	0	0.5	25
	chrIX	338715	0	1.5	25
	chrIX	338726	1	0.5	25
	chrIX	338728	0	0.5	25
	chrIX	338737	0	0.5	25
	chrIX	338747	1	0.5	25
	chrIX	338748	0	0.5	25
	chrIX	338750	1	0.5	25
	chrIX	338756	0	1.0	25
	chrIX	338765	0	0.5	25
	chrIX	338775	0	0.5	25
	chrIX	338775	1	0.5	25
	chrIX	338777	1	0.5	25
	chrIX	338780	1	1.5	25
	chrIX	338784	0	0.5	25
	chrIX	338796	1	0.5	25
	chrIX	338797	0	0.5	25
	chrIX	338800	1	0.5	25
	chrIX	338805	1	0.5	25
	chrIX	338816	0	0.5	25
	chrIX	338817	0	0.5	25
	chrIX	338818	0	1.5	25
	chrIX	338823	0	0.5	25
	chrIX	338831	0	0.5	25
	chrIX	338834	1	0.5	25
	chrIX	338835	1	0.5	25
	chrIX	338836	0	1.5	25
	chrIX	338836	1	0.5	25
	chrIX	338850	1	0.5	25
	chrIX	338866	1	1.0	25
	chrIX	338867	1	0.5	25
	chrIX	338871	0	0.5	25
	chrIX	338873	1	0.5	25
	chrIX	338874	1	0.5	25
	chrIX	338877	1	0.5	25
	chrIX	338880	0	0.5	25
	chrIX	338885	0	0.5	25
	chrIX	338886	0	0.5	25
	chrIX	338888	0	0.5	25
	chrIX	338888	1	0.5	25
	chrIX	338889	0	0.5	25
	chrIX	338891	1	0.5	25
	chrIX	338899	0	0.5	25
	chrIX	338900	0	0.5	25
	chrIX	338901	0	0.5	25
	chrIX	338907	1	1.0	25
	chrIX	338908	1	0.5	25
	chrIX	338911	1	0.5	25
	chrIX	338938	1	1.0	25
	chrIX	338939	1	1.0	25
	chrIX	338940	0	0.5	25
	chrIX	338945	1	0.5	25
	chrIX	338953	1	0.5	25
	chrIX	338962	0	0.5	25
	chrIX	338965	0	0.5	25
	chrIX	338967	1	0.5	25
	chrIX	338975	1	0.5	25
	chrIX	338977	1	0.5	25
	chrIX	338984	1	0.5	25
	chrIX	338987	1	0.5	25
	chrIX	338988	0	0.5	25
	chrIX	339018	1	0.5	25
	chrIX	339019	0	1.0	25
	chrIX	339023	0	0.5	25
	chrIX	339046	1	0.5	25
	chrIX	339052	0	0.5	25
	chrIX	339058	0	0.5	25
	chrIX	339060	1	0.5	25
	chrIX	339082	1	0.5	25
	chrIX	339090	0	0.5	25
	chrIX	339095	1	1.0	25
	chrIX	339103	1	0.5	25
	chrIX	339104	0	0.5	25
	chrIX	339104	1	0.5	25
	chrIX	339122	1	0.5	25
	chrIX	339135	0	0.5	25
	chrIX	339143	1	0.5	25
	chrIX	339147	0	0.5	25
	chrIX	339156	1	0.5	25
	chrIX	339182	1	0.5	25
	chrIX	339196	0	0.5	25
	chrIX	339202	1	0.5	25
	chrIX	339226	1	0.5	25
	chrIX	339246	0	0.5	25
	chrIX	339254	0	0.5	25
	chrIX	339255	1	0.5	25
	chrIX	339289	1	0.5	25
	chrIX	339293	0	0.5	25
	chrIX	339314	1	0.5	25
	chrIX	339332	0	1.0	25
	chrIX	339362	0	0.5	25
	chrIX	339384	0	0.5	25
	chrIX	339404	1	0.5	25
	chrIX	339407	0	0.5	25
	chrIX	339409	1	0.5	25
	chrIX	339435	1	0.5	25
	chrIX	339440	0	0.5	25
	chrIX	339441	0	0.5	24
	chrIX	339445	0	0.5	25
	chrIX	339470	1	0.5	25
	chrIX	339483	1	0.5	25
	chrIX	339491	1	0.5	25
	chrIX	339534	1	0.5	25
	chrIX	339550	1	0.5	25
	chrIX	339571	0	0.5	25
	chrIX	339597	1	0.5	25
	chrIX	339603	0	0.5	25
	chrIX	339618	0	0.5	25
	chrIX	339633	0	0.5	25
	chrIX	339643	0	1.0	25
	chrIX	339668	1	0.5	25
	chrIX	339677	1	0.5	25
	chrIX	339687	0	0.5	25
	chrIX	339695	1	0.5	25
	chrIX	339705	0	0.5	25
	chrIX	339705	1	0.5	25
	chrIX	339708	0	0.5	25
	chrIX	339713	1	0.5	25
	chrIX	339763	0	0.5	25
	chrIX	339763	1	0.5	25
	chrIX	339765	0	0.5	25
	chrIX	339784	0	0.5	25
	chrIX	339787	1	0.5	25
	chrIX	339789	0	0.5	25
	chrIX	339812	1	0.5	25
	chrIX	339816	1	0.5	25
	chrIX	339818	0	0.5	25
	chrIX	339822	0	0.5	25
	chrIX	339837	0	0.5	25
	chrIX	339859	1	0.5	25
	chrIX	339860	0	0.5	25
	chrIX	339880	0	0.5	25
	chrIX	339880	1	0.5	25
	chrIX	339887	1	0.5	25
	chrIX	339891	1	0.5	25
	chrIX	339905	0	0.5	25
	chrIX	339914	1	0.5	25
	chrIX	339926	1	0.5	25
	chrIX	339954	1	0.5	25
	chrIX	339970	1	0.5	25
	chrIX	339982	0	0.5	25
	chrIX	339987	0	0.5	25
	chrIX	339993	1	0.5	25
	chrIX	340023	0	0.5	25
	chrIX	340024	0	0.5	25
	chrIX	340024	1	0.5	25
	chrIX	340028	0	0.5	25
	chrIX	340047	1	0.5	25
	chrIX	340055	1	0.5	25
	chrIX	340078	1	0.5	25
	chrIX	340080	1	0.5	25
	chrIX	340083	1	0.5	25
	chrIX	340149	0	0.5	25
	chrIX	340199	0	0.5	25
	chrIX	340214	0	0.5	25
	chrIX	340227	0	2.0	25
	chrIX	340232	0	0.5	25
	chrIX	340258	0	1.0	25
	chrIX	340264	1	0.5	25
	chrIX	340266	1	0.5	25
	chrIX	340276	1	0.5	25
	chrIX	340303	1	0.5	25
	chrIX	340315	0	1.0	25
	chrIX	340334	1	0.5	25
	chrIX	340357	1	2.0	25
	chrIX	340358	1	0.5	25
	chrIX	340392	0	0.5	25
	chrIX	340439	0	1.0	25
	chrIX	340447	0	0.5	25
	chrIX	340466	0	0.5	25
	chrIX	340485	1	1.0	25
	chrIX	340523	1	0.5	25
	chrIX	340529	1	0.5	25
	chrIX	340552	1	0.5	25
	chrIX	340572	0	1.0	25
	chrIX	340600	0	0.5	25
	chrIX	340615	0	0.5	25
	chrIX	340648	0	0.5	25
	chrIX	340656	0	1.5	25
	chrIX	340669	1	0.5	25
	chrIX	340678	0	0.5	25
	chrIX	340685	0	1.0	25
	chrIX	340685	1	0.5	25
	chrIX	340691	0	0.5	25
	chrIX	340705	1	0.5	25
	chrIX	340714	0	0.5	25
	chrIX	340726	0	0.5	25
	chrIX	340742	0	0.5	25
	chrIX	340752	1	1.0	25
	chrIX	340754	1	0.5	25
	chrIX	340755	1	0.5	25
	chrIX	340757	0	0.5	25
	chrIX	340759	1	0.5	25
	chrIX	340761	1	1.5	25
	chrIX	340770	0	0.5	25
	chrIX	340789	1	0.5	25
	chrIX	340798	0	0.5	25
	chrIX	340807	1	0.5	25
	chrIX	340817	1	1.0	25
	chrIX	340819	1	0.5	25
	chrIX	340820	1	0.5	25
	chrIX	340828	0	1.0	25
	chrIX	340834	1	0.5	25
	chrIX	340843	1	0.5	25
	chrIX	340844	0	0.5	25
	chrIX	340853	0	0.5	25
	chrIX	340858	0	0.5	25
	chrIX	340886	0	0.5	25
	chrIX	340901	0	0.5	25
	chrIX	340902	1	0.5	25
	chrIX	340909	0	0.5	25
	chrIX	340920	0	0.5	25
	chrIX	340922	0	0.5	25
	chrIX	340923	1	0.5	25
	chrIX	340954	0	0.5	25
	chrIX	340965	0	0.5	25
	chrIX	340975	1	0.5	25
	chrIX	340981	0	0.5	25
	chrIX	340987	1	1.5	25
	chrIX	340988	0	1.0	25
	chrIX	340993	0	0.5	25
	chrIX	341002	0	0.5	25
	chrIX	341010	1	0.5	25
	chrIX	341017	1	0.5	25
	chrIX	341025	1	0.5	25
	chrIX	341026	1	0.5	25
	chrIX	341036	1	0.5	25
	chrIX	341038	0	0.5	25
	chrIX	341062	1	0.5	25
	chrIX	341064	1	1.0	25
	chrIX	341067	1	0.5	25
	chrIX	341069	1	0.5	25
	chrIX	341081	0	0.5	25
	chrIX	341083	0	1.0	25
	chrIX	341084	1	0.5	25
	chrIX	341100	0	0.5	25
	chrIX	341104	0	0.5	25
	chrIX	341116	0	0.5	25
	chrIX	341123	1	0.5	25
	chrIX	341148	1	0.5	25
	chrIX	341149	0	0.5	25
	chrIX	341165	1	0.5	25
	chrIX	341166	1	0.5	25
	chrIX	341174	1	1.0	25
	chrIX	341222	1	0.5	25
	chrIX	341225	0	0.5	25
	chrIX	341228	1	0.5	25
	chrIX	341236	0	0.5	25
	chrIX	341248	0	0.5	25
	chrIX	341293	0	0.5	25
	chrIX	341298	0	1.0	25
	chrIX	341299	1	0.5	25
	chrIX	341309	1	0.5	25
	chrIX	341314	1	0.5	25
	chrIX	341348	1	0.5	25
	chrIX	341354	1	0.5	25
	chrIX	341363	0	0.5	25
	chrIX	341372	1	0.5	25
	chrIX	341380	0	0.5	25
	chrIX	341410	0	0.5	25
	chrIX	341410	1	0.5	25
	chrIX	341416	0	0.5	25
	chrIX	341428	0	0.5	25
	chrIX	341430	0	0.5	25
	chrIX	341433	0	0.5	25
	chrIX	341441	0	0.5	25
	chrIX	341453	0	1.0	25
	chrIX	341462	0	0.5	25
	chrIX	341466	0	0.5	25
	chrIX	341467	1	0.5	23
	chrIX	341475	0	0.5	25
	chrIX	341482	0	0.5	25
	chrIX	341482	1	0.5	25
	chrIX	341485	1	0.5	24
	chrIX	341486	1	1.0	25
	chrIX	341500	1	0.5	25
	chrIX	341511	1	0.5	25
	chrIX	341514	1	0.5	25
	chrIX	341518	1	1.0	25
	chrIX	341534	0	0.5	25
	chrIX	341543	1	0.5	25
	chrIX	341562	1	0.5	25
	chrIX	341581	0	0.5	25
	chrIX	341584	0	0.5	25
	chrIX	341588	0	0.5	25
	chrIX	341597	1	0.5	25
	chrIX	341600	0	1.5	25
	chrIX	341603	1	0.5	25
	chrIX	341617	0	0.5	25
	chrIX	341618	0	0.5	25
	chrIX	341630	0	1.0	25
	chrIX	341632	0	0.5	25
	chrIX	341638	0	0.5	25
	chrIX	341661	0	0.5	25
	chrIX	341665	1	2.0	25
	chrIX	341687	0	0.5	25
	chrIX	341687	1	0.5	25
	chrIX	341688	1	1.5	25
	chrIX	341690	1	0.5	25
	chrIX	341692	1	0.5	25
	chrIX	341702	0	0.5	25
	chrIX	341703	1	0.5	25
	chrIX	341715	0	0.5	25
	chrIX	341745	1	0.5	25
	chrIX	341747	0	1.0	25
	chrIX	341757	1	1.0	25
	chrIX	341770	1	0.5	25
	chrIX	341777	0	0.5	25
	chrIX	341792	0	0.5	25
	chrIX	341796	0	0.5	25
	chrIX	341804	0	0.5	25
	chrIX	341820	0	1.0	25
	chrIX	341822	1	1.0	25
	chrIX	341831	1	0.5	25
	chrIX	341836	0	0.5	25
	chrIX	341840	0	1.0	25
	chrIX	341845	1	0.5	25
	chrIX	341848	0	0.5	25
	chrIX	341856	1	0.5	25
	chrIX	341861	1	0.5	25
	chrIX	341865	0	0.5	25
	chrIX	341866	0	0.5	25
	chrIX	341867	1	0.5	25
	chrIX	341879	1	0.5	24
	chrIX	341893	0	0.5	25
	chrIX	341896	0	0.5	25
	chrIX	341907	0	1.0	25
	chrIX	341907	1	0.5	25
	chrIX	341908	0	0.5	25
	chrIX	341909	0	1.0	25
	chrIX	341912	0	0.5	25
	chrIX	341912	1	1.0	25
	chrIX	341919	0	0.5	25
	chrIX	341920	0	0.5	25
	chrIX	341921	0	0.5	25
	chrIX	341926	1	0.5	25
	chrIX	341929	1	0.5	25
	chrIX	341931	0	1.0	25
	chrIX	341936	0	1.0	25
	chrIX	341937	0	0.5	25
	chrIX	341941	0	0.5	25
	chrIX	341947	0	1.5	25
	chrIX	341957	0	0.5	25
	chrIX	341960	1	0.5	25
	chrIX	341965	1	0.5	25
	chrIX	341967	0	0.5	25
	chrIX	341968	0	1.0	25
	chrIX	341973	1	1.0	25
	chrIX	341974	0	1.5	25
	chrIX	341974	1	0.5	25
	chrIX	341976	1	1.0	25
	chrIX	341978	0	0.5	25
	chrIX	341979	0	0.5	25
	chrIX	341983	0	1.0	25
	chrIX	341989	0	0.5	25
	chrIX	341990	1	0.5	25
	chrIX	341991	0	0.5	25
	chrIX	341991	1	0.5	25
	chrIX	341992	0	0.5	25
	chrIX	341992	1	0.5	25
	chrIX	341994	1	0.5	25
	chrIX	342000	1	0.5	25
	chrIX	342003	1	0.5	25
	chrIX	342008	0	0.5	25
	chrIX	342009	1	1.5	25
	chrIX	342010	0	1.0	25
	chrIX	342010	1	0.5	25
	chrIX	342011	1	0.5	25
	chrIX	342016	0	0.5	25
	chrIX	342019	1	0.5	25
	chrIX	342020	0	0.5	25
	chrIX	342020	1	1.0	25
	chrIX	342021	1	1.0	25
	chrIX	342026	1	0.5	25
	chrIX	342030	1	0.5	25
	chrIX	342038	0	0.5	25
	chrIX	342045	1	1.0	25
	chrIX	342046	1	0.5	25
	chrIX	342047	1	1.0	25
	chrIX	342048	1	0.5	25
	chrIX	342055	1	0.5	25
	chrIX	342056	1	0.5	25
	chrIX	342059	1	1.5	25
	chrIX	342064	0	1.0	25
	chrIX	342069	0	0.5	25
	chrIX	342070	1	0.5	25
	chrIX	342072	1	0.5	25
	chrIX	342073	1	0.5	25
	chrIX	342084	0	0.5	25
	chrIX	342089	1	1.0	25
	chrIX	342117	1	1.0	25
	chrIX	342125	1	0.5	25
	chrIX	342139	0	0.5	25
	chrIX	342159	1	0.5	25
	chrIX	342166	0	1.0	25
	chrIX	342171	0	0.5	25
	chrIX	342173	0	0.5	25
	chrIX	342191	1	0.5	25
	chrIX	342216	0	1.0	25
	chrIX	342228	1	0.5	25
	chrIX	342232	1	0.5	25
	chrIX	342236	1	0.5	25
	chrIX	342249	0	0.5	25
	chrIX	342254	1	0.5	25
	chrIX	342296	1	0.5	25
	chrIX	342314	1	1.0	25
	chrIX	342320	1	0.5	25
	chrIX	342342	0	0.5	25
	chrIX	342346	0	0.5	25
	chrIX	342351	0	1.0	25
	chrIX	342363	0	0.5	25
	chrIX	342365	0	2.5	25
	chrIX	342366	0	0.5	25
	chrIX	342368	0	1.0	25
	chrIX	342372	0	0.5	25
	chrIX	342374	0	0.5	25
	chrIX	342383	1	0.5	25
	chrIX	342384	0	0.5	25
	chrIX	342395	1	0.5	25
	chrIX	342396	0	0.5	25
	chrIX	342398	0	1.5	25
	chrIX	342398	1	1.0	25
	chrIX	342400	0	0.5	25
	chrIX	342401	0	0.5	25
	chrIX	342411	0	2.5	25
	chrIX	342414	0	0.5	25
	chrIX	342428	1	0.5	24
	chrIX	342429	1	2.0	25
	chrIX	342430	1	3.0	25
	chrIX	342432	1	0.5	25
	chrIX	342437	1	1.0	25
	chrIX	342440	1	1.0	25
	chrIX	342444	0	0.5	25
	chrIX	342452	1	0.5	25
	chrIX	342454	0	0.5	25
	chrIX	342471	0	0.5	25
	chrIX	342473	1	1.0	25
	chrIX	342474	0	0.5	25
	chrIX	342481	0	0.5	25
	chrIX	342487	1	0.5	25
	chrIX	342490	1	0.5	25
	chrIX	342495	1	1.0	25
	chrIX	342506	0	0.5	25
	chrIX	342511	0	0.5	25
	chrIX	342516	1	0.5	25
	chrIX	342524	0	0.5	25
	chrIX	342526	0	0.5	25
	chrIX	342541	1	0.5	25
	chrIX	342542	1	0.5	25
	chrIX	342548	0	1.0	25
	chrIX	342554	1	0.5	25
	chrIX	342561	1	0.5	25
	chrIX	342563	1	0.5	25
	chrIX	342569	1	0.5	25
	chrIX	342573	0	0.5	25
	chrIX	342574	1	0.5	25
	chrIX	342576	1	1.0	25
	chrIX	342578	1	0.5	25
	chrIX	342582	0	0.5	25
	chrIX	342616	1	1.0	25
	chrIX	342622	0	0.5	25
	chrIX	342645	1	0.5	25
	chrIX	342664	1	0.5	25
	chrIX	342716	0	0.5	25
	chrIX	342717	1	0.5	25
	chrIX	342718	0	0.5	25
	chrIX	342725	0	0.5	25
	chrIX	342728	0	0.5	25
	chrIX	342755	0	1.0	25
	chrIX	342771	1	0.5	25
	chrIX	342778	1	0.5	25
	chrIX	342780	1	0.5	25
	chrIX	342802	1	0.5	25
	chrIX	342830	1	0.5	25
	chrIX	342880	0	0.5	25
	chrIX	342882	0	1.0	25
	chrIX	342884	0	0.5	25
	chrIX	342897	0	0.5	25
	chrIX	342916	1	0.5	25
	chrIX	342930	1	0.5	25
	chrIX	342938	1	1.0	25
	chrIX	342941	1	0.5	25
	chrIX	342947	1	0.5	25
	chrIX	343050	0	0.5	25
	chrIX	343065	0	0.5	25
	chrIX	343066	0	0.5	25
	chrIX	343096	0	0.5	25
	chrIX	343111	1	0.5	25
	chrIX	343135	1	0.5	25
	chrIX	343154	1	0.5	25
	chrIX	343197	0	0.5	25
	chrIX	343204	0	0.5	25
	chrIX	343205	0	1.0	25
	chrIX	343218	0	0.5	25
	chrIX	343220	1	0.5	25
	chrIX	343238	1	0.5	25
	chrIX	343267	1	0.5	25
	chrIX	343285	1	0.5	25
	chrIX	343300	0	0.5	25
	chrIX	343334	0	0.5	25
	chrIX	343345	1	1.0	25
	chrIX	343401	0	0.5	25
	chrIX	343401	1	0.5	25
	chrIX	343403	1	0.5	25
	chrIX	343405	0	0.5	25
	chrIX	343417	0	0.5	25
	chrIX	343437	0	0.5	25
	chrIX	343502	0	0.5	25
	chrIX	343513	1	0.5	25
	chrIX	343523	0	0.5	25
	chrIX	343535	0	1.0	25
	chrIX	343544	1	0.5	25
	chrIX	343554	1	0.5	25
	chrIX	343568	0	0.5	25
	chrIX	343579	1	0.5	25
	chrIX	343600	1	0.5	25
	chrIX	343664	1	0.5	25
	chrIX	343671	0	0.5	25
	chrIX	343672	0	0.5	24
	chrIX	343672	0	0.5	25
	chrIX	343697	0	0.5	25
	chrIX	343712	1	0.5	25
	chrIX	343722	0	0.5	25
	chrIX	343743	0	0.5	25
	chrIX	343744	0	0.5	25
	chrIX	343764	1	0.5	25
	chrIX	343766	0	0.5	25
	chrIX	343766	1	1.0	25
	chrIX	343769	0	1.0	25
	chrIX	343769	1	0.5	25
	chrIX	343771	0	0.5	25
	chrIX	343774	0	0.5	25
	chrIX	343779	1	1.5	25
	chrIX	343780	0	0.5	25
	chrIX	343780	1	0.5	25
	chrIX	343782	0	0.5	25
	chrIX	343791	0	0.5	25
	chrIX	343800	0	0.5	25
	chrIX	343807	0	0.5	25
	chrIX	343829	1	0.5	25
	chrIX	343834	0	1.0	25
	chrIX	343855	1	1.0	25
	chrIX	343871	0	0.5	25
	chrIX	343879	0	0.5	23
	chrIX	343882	1	0.5	25
	chrIX	343885	1	0.5	25
	chrIX	343893	1	0.5	25
	chrIX	343894	0	0.5	25
	chrIX	343895	0	0.5	25
	chrIX	343923	0	0.5	25
	chrIX	343924	1	1.0	25
	chrIX	343927	0	1.0	25
	chrIX	343929	0	0.5	25
	chrIX	343934	0	0.5	25
	chrIX	343935	0	1.5	25
	chrIX	343936	0	1.0	25
	chrIX	343937	0	3.0	25
	chrIX	343939	0	0.5	25
	chrIX	343943	0	0.5	25
	chrIX	343947	0	1.0	25
	chrIX	343949	1	0.5	25
	chrIX	343950	0	2.5	25
	chrIX	343952	0	0.5	25
	chrIX	343968	1	0.5	25
	chrIX	343969	1	1.0	25
	chrIX	343975	0	0.5	25
	chrIX	343975	1	1.0	25
	chrIX	343976	0	0.5	25
	chrIX	343976	1	1.5	25
	chrIX	343983	1	0.5	25
	chrIX	343992	1	0.5	25
	chrIX	343997	1	1.0	25
	chrIX	343999	1	1.0	25
	chrIX	344000	1	1.0	25
	chrIX	344001	1	0.5	25
	chrIX	344002	1	1.0	25
	chrIX	344004	1	0.5	25
	chrIX	344005	1	0.5	25
	chrIX	344006	1	0.5	25
	chrIX	344018	1	2.5	25
	chrIX	344019	1	1.0	25
	chrIX	344020	0	0.5	25
	chrIX	344021	1	1.5	25
	chrIX	344056	0	0.5	25
	chrIX	344079	1	0.5	25
	chrIX	344082	0	1.0	25
	chrIX	344100	0	0.5	25
	chrIX	344119	0	0.5	25
	chrIX	344121	0	0.5	25
	chrIX	344144	1	0.5	25
	chrIX	344166	1	0.5	25
	chrIX	344168	1	1.0	25
	chrIX	344170	1	1.0	25
	chrIX	344176	1	0.5	25
	chrIX	344178	1	0.5	25
	chrIX	344196	0	0.5	25
	chrIX	344217	0	0.5	25
	chrIX	344250	0	0.5	25
	chrIX	344297	1	0.5	25
	chrIX	344299	1	0.5	25
	chrIX	344309	0	0.5	25
	chrIX	344322	1	0.5	25
	chrIX	344328	1	0.5	25
	chrIX	344384	0	0.5	25
	chrIX	344384	1	0.5	25
	chrIX	344388	0	0.5	25
	chrIX	344395	0	0.5	25
	chrIX	344418	0	0.5	25
	chrIX	344441	1	0.5	25
	chrIX	344448	0	0.5	25
	chrIX	344451	1	0.5	25
	chrIX	344452	0	0.5	25
	chrIX	344476	0	1.0	25
	chrIX	344484	1	0.5	25
	chrIX	344486	0	0.5	25
	chrIX	344489	1	0.5	25
	chrIX	344497	0	0.5	25
	chrIX	344500	0	1.0	25
	chrIX	344506	1	0.5	25
	chrIX	344511	1	0.5	25
	chrIX	344520	0	0.5	25
	chrIX	344548	1	0.5	25
	chrIX	344554	1	0.5	25
	chrIX	344555	1	1.0	25
	chrIX	344558	0	0.5	25
	chrIX	344560	0	0.5	25
	chrIX	344571	1	0.5	25
	chrIX	344584	1	0.5	25
	chrIX	344587	0	0.5	25
	chrIX	344598	0	0.5	25
	chrIX	344598	1	1.0	25
	chrIX	344628	1	0.5	25
	chrIX	344653	1	0.5	25
	chrIX	344668	0	1.0	25
	chrIX	344670	0	0.5	25
	chrIX	344681	0	0.5	25
	chrIX	344715	0	0.5	25
	chrIX	344717	0	1.0	25
	chrIX	344760	0	0.5	25
	chrIX	344771	1	0.5	25
	chrIX	344784	1	0.5	25
	chrIX	344786	1	0.5	25
	chrIX	344788	0	0.5	25
	chrIX	344792	1	0.5	25
	chrIX	344796	0	1.0	25
	chrIX	344815	1	0.5	25
	chrIX	344816	0	0.5	25
	chrIX	344826	1	1.0	25
	chrIX	344830	1	0.5	25
	chrIX	344841	0	0.5	25
	chrIX	344844	1	0.5	25
	chrIX	344847	1	0.5	25
	chrIX	344857	1	1.0	25
	chrIX	344872	1	0.5	25
	chrIX	344877	0	0.5	25
	chrIX	344899	1	0.5	25
	chrIX	344900	1	0.5	25
	chrIX	344957	1	0.5	25
	chrIX	344971	0	0.5	25
	chrIX	345020	0	0.5	25
	chrIX	345060	0	0.5	25
	chrIX	345061	0	0.5	25
	chrIX	345061	1	0.5	25
	chrIX	345062	0	0.5	25
	chrIX	345082	0	0.5	25
	chrIX	345092	1	0.5	25
	chrIX	345094	0	0.5	25
	chrIX	345103	0	0.5	25
	chrIX	345105	0	1.0	25
	chrIX	345117	1	0.5	25
	chrIX	345125	1	0.5	25
	chrIX	345135	1	0.5	25
	chrIX	345140	0	0.5	25
	chrIX	345144	1	0.5	25
	chrIX	345160	1	0.5	25
	chrIX	345163	1	0.5	25
	chrIX	345164	1	0.5	25
	chrIX	345165	0	0.5	25
	chrIX	345166	0	0.5	25
	chrIX	345184	0	0.5	25
	chrIX	345187	0	0.5	25
	chrIX	345202	1	0.5	25
	chrIX	345208	0	1.0	25
	chrIX	345221	1	0.5	25
	chrIX	345243	1	0.5	25
	chrIX	345262	0	0.5	25
	chrIX	345263	1	0.5	25
	chrIX	345275	1	1.0	25
	chrIX	345296	1	0.5	25
	chrIX	345303	0	0.5	25
	chrIX	345306	0	1.0	25
	chrIX	345320	0	0.5	25
	chrIX	345326	0	0.5	25
	chrIX	345385	1	1.0	25
	chrIX	345389	1	0.5	25
	chrIX	345407	1	0.5	25
	chrIX	345432	0	0.5	25
	chrIX	345439	0	0.5	25
	chrIX	345442	0	1.0	25
	chrIX	345443	0	0.5	25
	chrIX	345448	0	0.5	25
	chrIX	345449	0	0.5	25
	chrIX	345453	1	0.5	25
	chrIX	345454	0	1.5	25
	chrIX	345455	0	0.5	25
	chrIX	345473	0	0.5	25
	chrIX	345475	0	1.0	25
	chrIX	345478	0	0.5	25
	chrIX	345479	0	0.5	25
	chrIX	345480	0	0.5	25
	chrIX	345481	0	0.5	25
	chrIX	345495	1	0.5	25
	chrIX	345496	1	0.5	25
	chrIX	345510	1	0.5	25
	chrIX	345513	0	0.5	25
	chrIX	345514	1	0.5	25
	chrIX	345520	1	0.5	25
	chrIX	345523	1	0.5	25
	chrIX	345526	0	0.5	25
	chrIX	345526	1	0.5	25
	chrIX	345527	1	0.5	25
	chrIX	345528	0	0.5	25
	chrIX	345528	1	0.5	25
	chrIX	345534	1	0.5	25
	chrIX	345535	0	0.5	25
	chrIX	345537	1	2.0	25
	chrIX	345543	1	0.5	25
	chrIX	345544	1	0.5	25
	chrIX	345550	1	1.5	25
	chrIX	345565	0	0.5	25
	chrIX	345565	1	0.5	25
	chrIX	345566	1	0.5	25
	chrIX	345591	1	0.5	25
	chrIX	345592	0	0.5	25
	chrIX	345602	1	0.5	25
	chrIX	345618	0	0.5	25
	chrIX	345658	1	0.5	25
	chrIX	345680	1	0.5	25
	chrIX	345681	0	0.5	25
	chrIX	345703	1	0.5	25
	chrIX	345760	1	0.5	25
	chrIX	345775	0	1.0	25
	chrIX	345782	0	0.5	25
	chrIX	345785	0	0.5	25
	chrIX	345816	0	0.5	25
	chrIX	345823	0	0.5	25
	chrIX	345833	0	0.5	25
	chrIX	345844	1	0.5	25
	chrIX	345848	0	0.5	25
	chrIX	345853	1	1.0	25
	chrIX	345858	0	0.5	25
	chrIX	345859	0	0.5	25
	chrIX	345869	1	0.5	25
	chrIX	345884	1	0.5	25
	chrIX	345893	1	0.5	25
	chrIX	345912	1	0.5	25
	chrIX	345917	1	0.5	25
	chrIX	345920	1	1.0	25
	chrIX	345944	0	0.5	25
	chrIX	345993	0	0.5	25
	chrIX	346005	0	0.5	25
	chrIX	346020	0	0.5	25
	chrIX	346034	0	1.0	25
	chrIX	346063	0	0.5	25
	chrIX	346080	0	1.0	25
	chrIX	346093	1	0.5	25
	chrIX	346104	1	0.5	25
	chrIX	346116	1	0.5	25
	chrIX	346120	1	0.5	25
	chrIX	346139	1	0.5	25
	chrIX	346145	0	0.5	25
	chrIX	346148	1	0.5	25
	chrIX	346153	1	1.0	25
	chrIX	346161	0	0.5	25
	chrIX	346191	1	0.5	25
	chrIX	346226	1	0.5	25
	chrIX	346246	1	0.5	25
	chrIX	346261	0	0.5	25
	chrIX	346291	0	0.5	25
	chrIX	346331	0	0.5	25
	chrIX	346352	0	0.5	25
	chrIX	346352	1	0.5	25
	chrIX	346367	1	1.0	25
	chrIX	346385	0	0.5	25
	chrIX	346413	1	0.5	25
	chrIX	346414	0	0.5	25
	chrIX	346450	0	1.0	25
	chrIX	346495	1	1.0	25
	chrIX	346498	0	0.5	25
	chrIX	346506	0	0.5	25
	chrIX	346509	0	0.5	25
	chrIX	346515	0	0.5	25
	chrIX	346556	0	0.5	25
	chrIX	346556	1	0.5	25
	chrIX	346562	1	0.5	25
	chrIX	346577	0	1.0	25
	chrIX	346582	1	0.5	25
	chrIX	346586	1	0.5	25
	chrIX	346587	1	0.5	25
	chrIX	346591	0	0.5	25
	chrIX	346592	0	0.5	25
	chrIX	346647	1	0.5	25
	chrIX	346652	1	0.5	25
	chrIX	346654	1	0.5	25
	chrIX	346689	0	0.5	25
	chrIX	346719	0	0.5	24
	chrIX	346733	1	0.5	25
	chrIX	346738	1	0.5	25
	chrIX	346749	0	0.5	25
	chrIX	346767	1	0.5	25
	chrIX	346768	0	0.5	25
	chrIX	346788	0	0.5	25
	chrIX	346791	1	0.5	25
	chrIX	346802	1	0.5	25
	chrIX	346803	0	1.5	25
	chrIX	346814	0	0.5	25
	chrIX	346820	0	0.5	25
	chrIX	346821	0	0.5	25
	chrIX	346830	0	0.5	25
	chrIX	346831	0	0.5	25
	chrIX	346849	0	0.5	25
	chrIX	346863	1	0.5	25
	chrIX	346866	1	0.5	25
	chrIX	346871	1	0.5	25
	chrIX	346872	1	0.5	25
	chrIX	346875	1	0.5	25
	chrIX	346888	0	0.5	25
	chrIX	346891	1	1.0	25
	chrIX	346898	0	0.5	25
	chrIX	346899	1	0.5	25
	chrIX	346912	0	0.5	25
	chrIX	346917	1	0.5	25
	chrIX	346924	1	0.5	25
	chrIX	346929	0	0.5	25
	chrIX	346940	1	0.5	25
	chrIX	346948	0	1.0	25
	chrIX	346960	1	0.5	25
	chrIX	347002	0	0.5	25
	chrIX	347002	1	0.5	25
	chrIX	347018	1	0.5	25
	chrIX	347022	0	0.5	25
	chrIX	347027	1	1.0	25
	chrIX	347028	1	1.0	25
	chrIX	347034	0	0.5	25
	chrIX	347038	0	0.5	25
	chrIX	347057	1	0.5	25
	chrIX	347067	1	1.0	25
	chrIX	347109	0	0.5	25
	chrIX	347126	0	0.5	25
	chrIX	347146	0	1.0	25
	chrIX	347161	1	0.5	25
	chrIX	347175	0	1.0	25
	chrIX	347177	1	0.5	25
	chrIX	347196	1	0.5	25
	chrIX	347199	1	0.5	25
	chrIX	347220	0	0.5	25
	chrIX	347222	0	0.5	25
	chrIX	347233	0	0.5	25
	chrIX	347260	0	0.5	25
	chrIX	347265	0	0.5	25
	chrIX	347272	0	0.5	25
	chrIX	347274	0	0.5	25
	chrIX	347287	0	0.5	25
	chrIX	347300	1	0.5	25
	chrIX	347303	1	0.5	25
	chrIX	347309	0	1.0	25
	chrIX	347324	0	0.5	25
	chrIX	347327	1	1.0	25
	chrIX	347332	1	1.0	25
	chrIX	347340	1	1.0	25
	chrIX	347348	1	0.5	25
	chrIX	347350	1	1.0	25
	chrIX	347356	0	1.5	25
	chrIX	347368	1	0.5	25
	chrIX	347370	1	0.5	25
	chrIX	347376	0	0.5	25
	chrIX	347380	1	0.5	25
	chrIX	347384	0	0.5	25
	chrIX	347390	1	0.5	25
	chrIX	347393	0	0.5	25
	chrIX	347404	1	0.5	25
	chrIX	347417	1	1.0	25
	chrIX	347420	0	0.5	25
	chrIX	347448	0	0.5	25
	chrIX	347465	1	0.5	25
	chrIX	347466	0	0.5	25
	chrIX	347470	1	1.0	25
	chrIX	347471	0	1.5	25
	chrIX	347493	1	0.5	25
	chrIX	347505	0	0.5	25
	chrIX	347513	0	0.5	25
	chrIX	347519	0	0.5	25
	chrIX	347525	0	0.5	25
	chrIX	347532	0	1.0	25
	chrIX	347543	0	0.5	25
	chrIX	347548	0	0.5	25
	chrIX	347559	1	0.5	25
	chrIX	347560	0	0.5	25
	chrIX	347562	0	0.5	25
	chrIX	347569	1	0.5	25
	chrIX	347571	0	0.5	25
	chrIX	347586	0	0.5	25
	chrIX	347596	1	0.5	25
	chrIX	347598	1	0.5	25
	chrIX	347604	1	1.0	25
	chrIX	347605	1	0.5	25
	chrIX	347614	1	0.5	25
	chrIX	347620	1	0.5	25
	chrIX	347631	0	0.5	25
	chrIX	347649	1	0.5	25
	chrIX	347665	1	0.5	25
	chrIX	347666	0	0.5	25
	chrIX	347673	0	0.5	25
	chrIX	347680	0	1.0	25
	chrIX	347694	1	0.5	25
	chrIX	347702	1	0.5	25
	chrIX	347706	0	1.0	25
	chrIX	347714	1	0.5	25
	chrIX	347722	0	0.5	25
	chrIX	347723	0	1.5	25
	chrIX	347725	0	0.5	25
	chrIX	347732	1	2.0	25
	chrIX	347733	0	3.0	25
	chrIX	347734	0	1.5	25
	chrIX	347734	1	0.5	25
	chrIX	347735	0	0.5	23
	chrIX	347735	0	3.0	25
	chrIX	347742	0	0.5	25
	chrIX	347763	0	0.5	25
	chrIX	347763	1	1.0	25
	chrIX	347764	0	0.5	25
	chrIX	347771	0	0.5	25
	chrIX	347790	1	0.5	25
	chrIX	347795	1	1.5	25
	chrIX	347800	0	0.5	25
	chrIX	347802	1	2.0	25
	chrIX	347803	1	4.5	25
	chrIX	347804	1	0.5	25
	chrIX	347810	1	0.5	25
	chrIX	347811	1	0.5	25
	chrIX	347812	1	1.0	25
	chrIX	347813	1	0.5	25
	chrIX	347820	0	1.0	25
	chrIX	347821	1	0.5	25
	chrIX	347826	0	0.5	25
	chrIX	347838	1	0.5	25
	chrIX	347854	0	1.0	25
	chrIX	347855	1	0.5	25
	chrIX	347870	0	0.5	25
	chrIX	347872	0	0.5	25
	chrIX	347883	1	1.5	25
	chrIX	347891	1	1.0	25
	chrIX	347894	1	0.5	25
	chrIX	347897	0	1.0	25
	chrIX	347899	1	0.5	25
	chrIX	347927	1	0.5	25
	chrIX	347930	1	0.5	25
	chrIX	347931	0	1.0	25
	chrIX	347948	0	0.5	25
	chrIX	347953	0	0.5	25
	chrIX	347957	1	0.5	25
	chrIX	347958	0	0.5	25
	chrIX	347963	0	0.5	25
	chrIX	347991	1	1.0	25
	chrIX	347993	0	0.5	25
	chrIX	348003	1	0.5	25
	chrIX	348006	0	0.5	25
	chrIX	348009	1	0.5	25
	chrIX	348016	0	0.5	25
	chrIX	348032	0	0.5	25
	chrIX	348033	1	0.5	25
	chrIX	348061	0	0.5	25
	chrIX	348076	1	1.0	25
	chrIX	348078	1	0.5	25
	chrIX	348081	0	0.5	25
	chrIX	348081	1	1.0	25
	chrIX	348083	1	0.5	25
	chrIX	348096	0	0.5	25
	chrIX	348109	0	0.5	25
	chrIX	348125	1	1.0	25
	chrIX	348137	0	0.5	25
	chrIX	348151	0	0.5	25
	chrIX	348159	1	0.5	25
	chrIX	348161	1	0.5	25
	chrIX	348171	0	1.0	25
	chrIX	348182	0	0.5	25
	chrIX	348197	0	0.5	25
	chrIX	348200	1	0.5	25
	chrIX	348223	1	0.5	25
	chrIX	348229	0	0.5	25
	chrIX	348240	1	0.5	25
	chrIX	348241	1	0.5	24
	chrIX	348251	0	0.5	25
	chrIX	348261	1	0.5	25
	chrIX	348282	0	0.5	25
	chrIX	348294	0	0.5	25
	chrIX	348327	1	0.5	25
	chrIX	348332	1	0.5	25
	chrIX	348337	1	0.5	25
	chrIX	348371	1	0.5	25
	chrIX	348372	0	1.0	25
	chrIX	348378	1	0.5	25
	chrIX	348385	0	0.5	25
	chrIX	348389	0	1.0	25
	chrIX	348402	1	0.5	25
	chrIX	348415	1	1.0	25
	chrIX	348420	0	1.0	25
	chrIX	348430	0	0.5	25
	chrIX	348464	1	0.5	25
	chrIX	348479	1	0.5	25
	chrIX	348510	1	0.5	25
	chrIX	348512	0	0.5	25
	chrIX	348535	1	1.0	25
	chrIX	348547	1	0.5	25
	chrIX	348555	0	0.5	25
	chrIX	348557	0	0.5	25
	chrIX	348574	0	0.5	25
	chrIX	348586	0	0.5	25
	chrIX	348591	0	1.0	25
	chrIX	348593	0	0.5	25
	chrIX	348597	0	1.0	25
	chrIX	348623	1	0.5	25
	chrIX	348632	1	0.5	25
	chrIX	348638	1	0.5	25
	chrIX	348639	0	0.5	25
	chrIX	348641	1	1.0	25
	chrIX	348649	1	0.5	25
	chrIX	348654	1	0.5	25
	chrIX	348658	1	1.0	25
	chrIX	348679	1	0.5	25
	chrIX	348692	1	0.5	25
	chrIX	348703	0	0.5	25
	chrIX	348713	0	0.5	25
	chrIX	348769	0	0.5	25
	chrIX	348771	0	0.5	25
	chrIX	348779	1	0.5	25
	chrIX	348783	0	0.5	25
	chrIX	348784	0	0.5	25
	chrIX	348796	0	1.5	25
	chrIX	348851	0	0.5	25
	chrIX	348856	0	0.5	25
	chrIX	348859	1	0.5	25
	chrIX	348876	1	0.5	25
	chrIX	348885	0	0.5	25
	chrIX	348894	1	0.5	25
	chrIX	348910	0	1.0	25
	chrIX	348913	0	0.5	25
	chrIX	348924	1	0.5	25
	chrIX	348927	0	0.5	25
	chrIX	348927	1	0.5	25
	chrIX	348954	0	1.0	25
	chrIX	348955	0	1.0	25
	chrIX	348959	0	0.5	25
	chrIX	348961	0	0.5	25
	chrIX	348961	1	1.0	25
	chrIX	348965	0	2.5	25
	chrIX	348979	0	1.5	25
	chrIX	348980	0	1.0	25
	chrIX	348988	1	0.5	25
	chrIX	348997	1	1.0	25
	chrIX	348999	1	0.5	25
	chrIX	349000	1	0.5	25
	chrIX	349001	0	1.0	25
	chrIX	349002	1	1.0	25
	chrIX	349003	0	2.0	25
	chrIX	349006	1	0.5	25
	chrIX	349007	0	0.5	25
	chrIX	349011	0	0.5	25
	chrIX	349014	0	0.5	25
	chrIX	349024	1	1.5	25
	chrIX	349033	1	2.5	25
	chrIX	349035	1	0.5	25
	chrIX	349036	1	0.5	25
	chrIX	349049	1	0.5	25
	chrIX	349069	1	1.5	25
	chrIX	349071	1	1.5	25
	chrIX	349075	1	0.5	25
	chrIX	349100	1	0.5	25
	chrIX	349103	0	0.5	25
	chrIX	349111	1	0.5	25
	chrIX	349145	0	0.5	25
	chrIX	349147	1	0.5	25
	chrIX	349169	1	0.5	25
	chrIX	349180	1	1.0	25
	chrIX	349182	0	0.5	25
	chrIX	349189	1	0.5	25
	chrIX	349190	1	0.5	25
	chrIX	349213	1	0.5	25
	chrIX	349215	0	0.5	25
	chrIX	349219	0	0.5	25
	chrIX	349220	0	0.5	25
	chrIX	349232	0	0.5	25
	chrIX	349237	0	0.5	25
	chrIX	349268	1	0.5	25
	chrIX	349276	1	0.5	25
	chrIX	349287	1	0.5	25
	chrIX	349289	1	0.5	25
	chrIX	349298	1	0.5	25
	chrIX	349326	1	0.5	25
	chrIX	349338	0	0.5	25
	chrIX	349362	0	1.0	25
	chrIX	349386	0	1.5	25
	chrIX	349396	1	0.5	25
	chrIX	349398	0	1.0	25
	chrIX	349423	0	0.5	25
	chrIX	349447	1	0.5	25
	chrIX	349448	0	0.5	25
	chrIX	349482	1	0.5	25
	chrIX	349510	1	1.0	25
	chrIX	349512	0	1.0	25
	chrIX	349521	1	0.5	25
	chrIX	349522	1	0.5	25
	chrIX	349527	0	0.5	25
	chrIX	349558	1	1.5	25
	chrIX	349562	0	1.0	25
	chrIX	349611	1	0.5	25
	chrIX	349612	1	1.0	25
	chrIX	349624	0	1.0	25
	chrIX	349631	1	1.0	25
	chrIX	349653	0	0.5	25
	chrIX	349681	0	0.5	25
	chrIX	349695	0	0.5	25
	chrIX	349695	1	0.5	25
	chrIX	349698	0	1.0	25
	chrIX	349709	0	0.5	25
	chrIX	349711	0	0.5	25
	chrIX	349721	0	0.5	25
	chrIX	349731	0	0.5	25
	chrIX	349737	1	0.5	25
	chrIX	349751	0	0.5	25
	chrIX	349769	1	0.5	25
	chrIX	349771	0	0.5	25
	chrIX	349772	1	1.0	25
	chrIX	349775	1	0.5	25
	chrIX	349778	1	0.5	25
	chrIX	349782	1	0.5	25
	chrIX	349793	1	0.5	25
	chrIX	349800	1	0.5	25
	chrIX	349819	1	0.5	25
	chrIX	349846	0	0.5	25
	chrIX	349865	0	1.0	25
	chrIX	349877	0	1.0	25
	chrIX	349881	1	0.5	25
	chrIX	349887	0	0.5	25
	chrIX	349909	1	0.5	25
	chrIX	349922	0	0.5	25
	chrIX	349933	0	0.5	25
	chrIX	349934	1	0.5	25
	chrIX	349935	0	0.5	25
	chrIX	349957	0	0.5	25
	chrIX	349967	1	0.5	25
	chrIX	349970	1	1.0	25
	chrIX	349983	1	1.0	25
	chrIX	349987	0	0.5	25
	chrIX	349988	0	0.5	25
	chrIX	349988	1	0.5	25
	chrIX	350007	0	0.5	25
	chrIX	350030	1	0.5	25
	chrIX	350039	0	0.5	25
	chrIX	350067	0	1.0	25
	chrIX	350082	0	0.5	25
	chrIX	350110	0	0.5	25
	chrIX	350118	0	0.5	25
	chrIX	350118	1	1.5	25
	chrIX	350119	0	2.5	25
	chrIX	350119	1	0.5	25
	chrIX	350120	0	1.0	25
	chrIX	350121	0	2.0	25
	chrIX	350122	0	0.5	25
	chrIX	350123	0	0.5	23
	chrIX	350127	0	0.5	25
	chrIX	350130	0	1.0	25
	chrIX	350135	0	1.0	25
	chrIX	350138	0	0.5	25
	chrIX	350138	1	0.5	25
	chrIX	350143	0	0.5	25
	chrIX	350153	0	0.5	25
	chrIX	350163	1	0.5	25
	chrIX	350164	0	0.5	25
	chrIX	350164	1	0.5	25
	chrIX	350165	0	0.5	25
	chrIX	350168	0	0.5	25
	chrIX	350175	0	0.5	25
	chrIX	350175	1	0.5	25
	chrIX	350177	0	1.0	25
	chrIX	350180	1	0.5	25
	chrIX	350181	0	0.5	25
	chrIX	350183	0	0.5	25
	chrIX	350183	1	0.5	25
	chrIX	350184	1	1.0	25
	chrIX	350186	0	0.5	25
	chrIX	350197	1	0.5	25
	chrIX	350203	1	0.5	25
	chrIX	350207	1	3.0	25
	chrIX	350208	0	0.5	25
	chrIX	350208	1	1.5	25
	chrIX	350209	0	0.5	25
	chrIX	350212	1	0.5	25
	chrIX	350215	1	1.0	25
	chrIX	350217	1	0.5	25
	chrIX	350219	1	0.5	25
	chrIX	350220	0	1.0	25
	chrIX	350222	1	1.0	25
	chrIX	350224	0	0.5	25
	chrIX	350230	1	0.5	25
	chrIX	350233	1	0.5	25
	chrIX	350234	1	0.5	25
	chrIX	350239	1	0.5	25
	chrIX	350248	1	0.5	25
	chrIX	350254	1	0.5	25
	chrIX	350255	1	0.5	25
	chrIX	350262	1	1.0	25
	chrIX	350263	1	2.0	25
	chrIX	350264	1	0.5	25
	chrIX	350265	0	0.5	25
	chrIX	350267	0	0.5	25
	chrIX	350279	1	0.5	25
	chrIX	350294	0	1.5	25
	chrIX	350301	0	0.5	25
	chrIX	350327	0	0.5	25
	chrIX	350330	1	0.5	25
	chrIX	350344	1	0.5	25
	chrIX	350349	0	0.5	25
	chrIX	350350	1	0.5	25
	chrIX	350371	0	0.5	25
	chrIX	350372	0	0.5	25
	chrIX	350395	1	0.5	25
	chrIX	350396	1	1.5	25
	chrIX	350429	1	0.5	25
	chrIX	350434	1	0.5	25
	chrIX	350441	0	0.5	25
	chrIX	350443	0	0.5	25
	chrIX	350456	0	0.5	25
	chrIX	350465	0	0.5	25
	chrIX	350474	0	0.5	25
	chrIX	350484	0	0.5	25
	chrIX	350485	0	0.5	25
	chrIX	350497	0	0.5	25
	chrIX	350529	1	0.5	25
	chrIX	350531	1	1.0	25
	chrIX	350541	1	0.5	25
	chrIX	350549	1	0.5	25
	chrIX	350550	1	0.5	25
	chrIX	350553	1	0.5	25
	chrIX	350562	1	0.5	25
	chrIX	350563	0	1.0	25
	chrIX	350563	1	0.5	25
	chrIX	350565	0	0.5	25
	chrIX	350569	0	1.0	25
	chrIX	350588	0	0.5	25
	chrIX	350603	0	1.0	25
	chrIX	350606	0	0.5	25
	chrIX	350609	0	0.5	25
	chrIX	350615	1	0.5	25
	chrIX	350629	0	0.5	25
	chrIX	350648	0	0.5	25
	chrIX	350648	1	1.0	25
	chrIX	350651	0	0.5	25
	chrIX	350658	1	1.0	25
	chrIX	350661	1	0.5	25
	chrIX	350666	0	0.5	25
	chrIX	350668	1	0.5	25
	chrIX	350678	1	0.5	25
	chrIX	350708	1	0.5	25
	chrIX	350718	1	0.5	25
	chrIX	350726	1	0.5	25
	chrIX	350732	0	0.5	25
	chrIX	350737	1	0.5	25
	chrIX	350740	1	0.5	25
	chrIX	350745	0	0.5	25
	chrIX	350764	1	0.5	25
	chrIX	350765	0	0.5	25
	chrIX	350769	0	0.5	25
	chrIX	350779	1	0.5	25
	chrIX	350798	0	0.5	25
	chrIX	350807	1	0.5	25
	chrIX	350808	1	0.5	25
	chrIX	350815	0	0.5	25
	chrIX	350836	1	0.5	25
	chrIX	350845	0	0.5	25
	chrIX	350858	0	0.5	25
	chrIX	350858	1	0.5	25
	chrIX	350859	0	0.5	25
	chrIX	350868	0	0.5	25
	chrIX	350882	1	0.5	25
	chrIX	350911	1	0.5	25
	chrIX	350923	1	0.5	25
	chrIX	350936	0	0.5	25
	chrIX	350943	1	0.5	25
	chrIX	350954	1	0.5	25
	chrIX	350958	0	0.5	25
	chrIX	351005	1	0.5	25
	chrIX	351010	1	0.5	25
	chrIX	351042	0	0.5	25
	chrIX	351042	1	0.5	24
	chrIX	351060	0	1.0	25
	chrIX	351064	0	0.5	25
	chrIX	351069	0	0.5	25
	chrIX	351074	0	0.5	25
	chrIX	351077	0	0.5	25
	chrIX	351085	0	0.5	25
	chrIX	351086	0	0.5	25
	chrIX	351116	0	1.0	25
	chrIX	351133	1	0.5	25
	chrIX	351134	1	0.5	25
	chrIX	351136	0	0.5	25
	chrIX	351136	1	0.5	25
	chrIX	351137	0	0.5	25
	chrIX	351139	1	1.0	25
	chrIX	351145	1	0.5	25
	chrIX	351158	0	1.0	25
	chrIX	351159	1	0.5	25
	chrIX	351166	0	0.5	25
	chrIX	351190	0	0.5	25
	chrIX	351197	1	1.5	25
	chrIX	351203	0	0.5	25
	chrIX	351203	1	0.5	25
	chrIX	351207	1	0.5	25
	chrIX	351218	1	0.5	25
	chrIX	351224	0	0.5	25
	chrIX	351228	1	1.0	25
	chrIX	351231	1	0.5	25
	chrIX	351242	0	0.5	25
	chrIX	351242	1	0.5	25
	chrIX	351259	1	0.5	25
	chrIX	351282	0	0.5	25
	chrIX	351288	1	0.5	25
	chrIX	351289	0	1.0	25
	chrIX	351290	0	0.5	25
	chrIX	351303	0	0.5	25
	chrIX	351331	1	0.5	25
	chrIX	351343	0	0.5	25
	chrIX	351353	1	0.5	25
	chrIX	351354	0	0.5	25
	chrIX	351374	1	0.5	25
	chrIX	351375	0	0.5	25
	chrIX	351379	1	0.5	25
	chrIX	351383	1	0.5	25
	chrIX	351387	0	0.5	25
	chrIX	351402	0	0.5	25
	chrIX	351405	0	0.5	25
	chrIX	351406	0	1.0	25
	chrIX	351410	0	0.5	25
	chrIX	351418	1	0.5	25
	chrIX	351433	0	1.5	25
	chrIX	351445	1	0.5	25
	chrIX	351455	1	0.5	25
	chrIX	351458	1	0.5	25
	chrIX	351468	1	0.5	25
	chrIX	351480	1	0.5	25
	chrIX	351481	1	0.5	25
	chrIX	351483	1	0.5	25
	chrIX	351485	0	1.0	25
	chrIX	351496	0	0.5	24
	chrIX	351507	0	0.5	25
	chrIX	351526	0	0.5	25
	chrIX	351530	0	0.5	25
	chrIX	351535	0	0.5	25
	chrIX	351535	1	0.5	25
	chrIX	351540	0	0.5	25
	chrIX	351561	1	0.5	25
	chrIX	351566	1	2.0	25
	chrIX	351568	1	0.5	25
	chrIX	351573	0	0.5	25
	chrIX	351579	1	0.5	25
	chrIX	351580	1	1.0	25
	chrIX	351582	1	0.5	25
	chrIX	351603	1	0.5	25
	chrIX	351607	0	0.5	25
	chrIX	351612	1	0.5	25
	chrIX	351613	0	0.5	25
	chrIX	351638	1	0.5	25
	chrIX	351640	0	0.5	25
	chrIX	351642	0	0.5	25
	chrIX	351657	0	0.5	25
	chrIX	351673	0	0.5	25
	chrIX	351678	0	0.5	25
	chrIX	351689	0	0.5	25
	chrIX	351691	0	0.5	25
	chrIX	351701	1	0.5	25
	chrIX	351709	1	0.5	25
	chrIX	351724	1	0.5	25
	chrIX	351741	0	0.5	25
	chrIX	351752	1	0.5	25
	chrIX	351755	1	0.5	25
	chrIX	351763	1	0.5	25
	chrIX	351765	1	0.5	25
	chrIX	351766	1	0.5	25
	chrIX	351782	1	0.5	25
	chrIX	351796	0	1.0	25
	chrIX	351800	1	0.5	25
	chrIX	351827	0	0.5	25
	chrIX	351836	0	0.5	25
	chrIX	351854	0	1.0	25
	chrIX	351859	0	0.5	25
	chrIX	351869	0	0.5	25
	chrIX	351874	0	0.5	25
	chrIX	351880	1	0.5	25
	chrIX	351883	0	0.5	25
	chrIX	351885	0	0.5	25
	chrIX	351888	1	0.5	25
	chrIX	351889	1	0.5	25
	chrIX	351897	0	0.5	25
	chrIX	351902	1	0.5	25
	chrIX	351909	0	1.0	25
	chrIX	351910	1	0.5	25
	chrIX	351911	0	0.5	25
	chrIX	351926	1	0.5	25
	chrIX	351932	1	0.5	25
	chrIX	351945	1	0.5	25
	chrIX	351961	1	0.5	25
	chrIX	351962	0	0.5	25
	chrIX	351963	0	0.5	25
	chrIX	351963	1	1.0	25
	chrIX	351969	0	0.5	25
	chrIX	351969	1	0.5	25
	chrIX	351973	0	1.0	25
	chrIX	351995	0	0.5	25
	chrIX	351995	1	0.5	25
	chrIX	352010	0	0.5	25
	chrIX	352015	0	0.5	25
	chrIX	352018	0	0.5	25
	chrIX	352018	1	1.0	25
	chrIX	352021	0	0.5	25
	chrIX	352025	1	0.5	25
	chrIX	352033	1	0.5	25
	chrIX	352039	1	0.5	25
	chrIX	352043	0	0.5	25
	chrIX	352069	1	0.5	25
	chrIX	352078	1	0.5	25
	chrIX	352079	0	0.5	25
	chrIX	352094	1	0.5	25
	chrIX	352125	0	0.5	25
	chrIX	352126	1	0.5	25
	chrIX	352127	0	1.0	25
	chrIX	352132	0	0.5	25
	chrIX	352135	1	0.5	25
	chrIX	352139	0	1.0	25
	chrIX	352150	1	0.5	25
	chrIX	352157	1	0.5	25
	chrIX	352159	0	0.5	25
	chrIX	352165	1	0.5	25
	chrIX	352167	0	0.5	25
	chrIX	352174	0	1.0	25
	chrIX	352183	1	0.5	25
	chrIX	352194	0	0.5	25
	chrIX	352208	1	0.5	25
	chrIX	352210	1	0.5	25
	chrIX	352213	1	0.5	25
	chrIX	352216	1	1.0	25
	chrIX	352218	1	1.0	25
	chrIX	352225	0	0.5	25
	chrIX	352232	1	1.0	25
	chrIX	352241	0	0.5	25
	chrIX	352243	0	1.0	25
	chrIX	352244	0	0.5	25
	chrIX	352254	1	0.5	25
	chrIX	352260	0	0.5	25
	chrIX	352261	0	1.0	25
	chrIX	352265	1	0.5	25
	chrIX	352270	0	0.5	25
	chrIX	352302	1	1.5	25
	chrIX	352307	1	0.5	25
	chrIX	352309	1	0.5	25
	chrIX	352316	1	1.0	25
	chrIX	352324	1	0.5	25
	chrIX	352330	0	0.5	25
	chrIX	352347	0	0.5	25
	chrIX	352390	1	0.5	25
	chrIX	352400	0	1.0	25
	chrIX	352413	0	0.5	25
	chrIX	352418	1	0.5	25
	chrIX	352422	1	0.5	25
	chrIX	352433	0	0.5	25
	chrIX	352442	0	1.0	25
	chrIX	352446	0	0.5	25
	chrIX	352453	0	0.5	25
	chrIX	352469	1	1.0	25
	chrIX	352472	0	0.5	25
	chrIX	352472	1	0.5	25
	chrIX	352473	1	0.5	25
	chrIX	352475	1	0.5	25
	chrIX	352489	0	0.5	25
	chrIX	352503	1	0.5	25
	chrIX	352506	1	0.5	25
	chrIX	352513	0	1.0	25
	chrIX	352516	1	0.5	25
	chrIX	352556	1	0.5	25
	chrIX	352564	0	1.0	25
	chrIX	352565	0	0.5	25
	chrIX	352579	1	0.5	25
	chrIX	352581	0	0.5	25
	chrIX	352583	1	1.0	25
	chrIX	352595	0	1.0	25
	chrIX	352600	0	0.5	25
	chrIX	352641	0	0.5	25
	chrIX	352647	0	0.5	25
	chrIX	352669	1	1.0	25
	chrIX	352671	1	0.5	25
	chrIX	352685	1	0.5	25
	chrIX	352686	0	1.0	25
	chrIX	352700	1	0.5	25
	chrIX	352708	1	0.5	25
	chrIX	352718	0	0.5	25
	chrIX	352720	1	0.5	25
	chrIX	352721	1	0.5	25
	chrIX	352741	0	1.0	25
	chrIX	352751	1	0.5	25
	chrIX	352756	0	0.5	25
	chrIX	352767	1	1.0	25
	chrIX	352773	1	0.5	25
	chrIX	352798	0	0.5	25
	chrIX	352819	1	0.5	25
	chrIX	352825	0	0.5	25
	chrIX	352848	1	0.5	25
	chrIX	352863	0	1.0	25
	chrIX	352869	0	0.5	25
	chrIX	352874	0	1.0	25
	chrIX	352885	1	0.5	25
	chrIX	352900	0	0.5	25
	chrIX	352927	1	0.5	25
	chrIX	352930	0	0.5	25
	chrIX	352954	1	1.0	25
	chrIX	352959	1	1.0	25
	chrIX	352962	0	0.5	25
	chrIX	352976	1	0.5	25
	chrIX	352985	0	1.0	25
	chrIX	352999	0	0.5	25
	chrIX	353008	1	0.5	25
	chrIX	353017	0	0.5	25
	chrIX	353026	0	0.5	25
	chrIX	353029	1	0.5	25
	chrIX	353037	1	0.5	25
	chrIX	353074	1	1.0	25
	chrIX	353079	0	0.5	25
	chrIX	353081	1	0.5	25
	chrIX	353095	1	1.0	25
	chrIX	353102	0	0.5	25
	chrIX	353123	0	0.5	25
	chrIX	353140	0	0.5	25
	chrIX	353161	1	0.5	25
	chrIX	353171	1	0.5	25
	chrIX	353205	0	0.5	25
	chrIX	353217	1	0.5	25
	chrIX	353244	1	0.5	25
	chrIX	353311	1	0.5	25
	chrIX	353377	0	0.5	25
	chrIX	353392	1	0.5	25
	chrIX	353397	0	0.5	25
	chrIX	353409	0	0.5	25
	chrIX	353447	1	0.5	25
	chrIX	353478	1	0.5	25
	chrIX	353488	0	0.5	25
	chrIX	353490	0	0.5	25
	chrIX	353511	0	0.5	25
	chrIX	353512	0	0.5	25
	chrIX	353526	0	0.5	25
	chrIX	353547	1	0.5	25
	chrIX	353557	1	0.5	25
	chrIX	353583	0	2.0	25
	chrIX	353591	0	2.0	25
	chrIX	353595	1	0.5	25
	chrIX	353596	0	1.0	25
	chrIX	353596	1	0.5	25
	chrIX	353602	1	0.5	25
	chrIX	353605	0	1.0	25
	chrIX	353636	1	0.5	25
	chrIX	353650	1	0.5	25
	chrIX	353660	1	1.5	25
	chrIX	353665	0	0.5	25
	chrIX	353665	1	0.5	25
	chrIX	353679	1	0.5	25
	chrIX	353681	1	2.0	25
	chrIX	353700	0	0.5	25
	chrIX	353706	0	0.5	25
	chrIX	353707	0	1.0	25
	chrIX	353708	0	1.5	25
	chrIX	353708	1	0.5	25
	chrIX	353709	0	0.5	25
	chrIX	353715	0	0.5	25
	chrIX	353718	0	1.0	25
	chrIX	353720	0	0.5	25
	chrIX	353728	0	0.5	25
	chrIX	353729	0	0.5	25
	chrIX	353737	1	0.5	25
	chrIX	353738	0	1.0	25
	chrIX	353750	1	0.5	25
	chrIX	353758	0	0.5	25
	chrIX	353761	1	0.5	25
	chrIX	353776	1	0.5	25
	chrIX	353777	1	1.0	25
	chrIX	353779	1	0.5	25
	chrIX	353780	1	0.5	25
	chrIX	353786	0	0.5	25
	chrIX	353786	1	0.5	25
	chrIX	353787	0	1.0	25
	chrIX	353788	1	0.5	25
	chrIX	353799	1	1.0	25
	chrIX	353803	1	1.5	25
	chrIX	353804	0	0.5	25
	chrIX	353825	1	0.5	25
	chrIX	353836	1	1.5	25
	chrIX	353837	0	0.5	25
	chrIX	353838	0	0.5	25
	chrIX	353839	0	0.5	25
	chrIX	353843	1	1.0	25
	chrIX	353844	1	0.5	25
	chrIX	353872	0	0.5	25
	chrIX	353880	1	0.5	25
	chrIX	353897	1	0.5	25
	chrIX	353899	0	1.0	25
	chrIX	353916	1	0.5	25
	chrIX	353922	0	0.5	25
	chrIX	353934	1	0.5	25
	chrIX	354003	1	1.0	25
	chrIX	354020	0	0.5	25
	chrIX	354037	0	0.5	25
	chrIX	354037	1	0.5	25
	chrIX	354046	0	1.0	25
	chrIX	354048	0	1.0	25
	chrIX	354054	0	0.5	25
	chrIX	354055	0	0.5	25
	chrIX	354066	1	0.5	25
	chrIX	354086	1	0.5	25
	chrIX	354094	1	0.5	25
	chrIX	354105	1	1.0	25
	chrIX	354114	1	0.5	25
	chrIX	354127	1	0.5	25
	chrIX	354137	1	0.5	25
	chrIX	354139	1	0.5	25
	chrIX	354157	0	0.5	25
	chrIX	354159	0	0.5	25
	chrIX	354161	0	0.5	25
	chrIX	354172	0	0.5	25
	chrIX	354213	1	0.5	25
	chrIX	354215	1	0.5	25
	chrIX	354216	0	0.5	25
	chrIX	354224	0	0.5	25
	chrIX	354252	1	0.5	25
	chrIX	354270	0	0.5	25
	chrIX	354302	0	0.5	25
	chrIX	354304	1	0.5	25
	chrIX	354318	1	0.5	25
	chrIX	354328	1	0.5	25
	chrIX	354332	0	0.5	25
	chrIX	354337	0	0.5	25
	chrIX	354351	1	0.5	25
	chrIX	354378	1	0.5	25
	chrIX	354390	0	0.5	25
	chrIX	354391	0	0.5	25
	chrIX	354410	1	0.5	25
	chrIX	354428	0	0.5	25
	chrIX	354445	1	0.5	25
	chrIX	354473	0	0.5	25
	chrIX	354497	1	0.5	25
	chrIX	354525	1	0.5	25
	chrIX	354527	0	0.5	25
	chrIX	354537	0	0.5	25
	chrIX	354538	0	0.5	25
	chrIX	354540	1	0.5	25
	chrIX	354566	1	0.5	25
	chrIX	354569	0	0.5	25
	chrIX	354578	0	0.5	25
	chrIX	354606	1	0.5	25
	chrIX	354631	1	1.0	25
	chrIX	354636	0	0.5	25
	chrIX	354645	1	0.5	25
	chrIX	354646	0	0.5	25
	chrIX	354654	0	0.5	25
	chrIX	354664	1	0.5	25
	chrIX	354700	0	1.0	25
	chrIX	354714	1	0.5	25
	chrIX	354716	0	0.5	25
	chrIX	354717	0	0.5	25
	chrIX	354733	1	0.5	25
	chrIX	354799	0	0.5	25
	chrIX	354803	1	0.5	25
	chrIX	354826	1	0.5	25
	chrIX	354829	0	0.5	25
	chrIX	354849	0	0.5	25
	chrIX	354856	1	0.5	25
	chrIX	354860	0	0.5	25
	chrIX	354888	1	0.5	25
	chrIX	354895	0	0.5	25
	chrIX	354897	0	0.5	25
	chrIX	354927	0	0.5	25
	chrIX	354928	0	0.5	25
	chrIX	354928	1	1.0	25
	chrIX	354938	0	0.5	25
	chrIX	354944	1	0.5	25
	chrIX	354947	1	0.5	25
	chrIX	354951	1	0.5	25
	chrIX	354953	0	0.5	25
	chrIX	354954	0	0.5	25
	chrIX	354960	1	0.5	25
	chrIX	354961	0	0.5	25
	chrIX	354974	1	0.5	25
	chrIX	354980	0	0.5	25
	chrIX	354985	0	0.5	25
	chrIX	354991	1	0.5	25
	chrIX	354996	1	0.5	25
	chrIX	355016	1	0.5	25
	chrIX	355023	1	0.5	25
	chrIX	355025	0	0.5	25
	chrIX	355036	1	0.5	25
	chrIX	355046	1	0.5	25
	chrIX	355051	1	0.5	25
	chrIX	355052	1	0.5	25
	chrIX	355053	0	0.5	25
	chrIX	355096	0	1.0	25
	chrIX	355105	0	0.5	25
	chrIX	355131	0	0.5	25
	chrIX	355148	0	0.5	25
	chrIX	355155	0	0.5	25
	chrIX	355168	1	1.0	25
	chrIX	355169	0	0.5	25
	chrIX	355172	1	0.5	25
	chrIX	355183	1	0.5	25
	chrIX	355203	0	1.0	25
	chrIX	355205	1	0.5	25
	chrIX	355218	0	0.5	25
	chrIX	355227	0	0.5	25
	chrIX	355241	1	1.0	25
	chrIX	355243	1	0.5	25
	chrIX	355244	0	0.5	25
	chrIX	355265	1	0.5	25
	chrIX	355273	1	0.5	25
	chrIX	355295	1	0.5	25
	chrIX	355296	0	0.5	25
	chrIX	355299	0	0.5	25
	chrIX	355299	1	0.5	25
	chrIX	355319	0	0.5	25
	chrIX	355319	1	0.5	25
	chrIX	355341	1	0.5	25
	chrIX	355349	0	0.5	25
	chrIX	355372	0	1.0	25
	chrIX	355373	1	0.5	25
	chrIX	355376	1	0.5	25
	chrIX	355402	0	0.5	25
	chrIX	355409	0	0.5	25
	chrIX	355434	1	0.5	25
	chrIX	355445	0	0.5	25
	chrIX	355448	1	0.5	25
	chrIX	355463	1	1.0	25
	chrIX	355479	1	0.5	25
	chrIX	355481	0	0.5	25
	chrIX	355483	0	0.5	25
	chrIX	355493	0	0.5	25
	chrIX	355495	0	0.5	25
	chrIX	355498	0	0.5	25
	chrIX	355500	0	2.0	25
	chrIX	355500	1	0.5	25
	chrIX	355501	0	1.5	25
	chrIX	355502	0	2.5	25
	chrIX	355529	0	0.5	25
	chrIX	355530	0	1.0	25
	chrIX	355534	1	0.5	25
	chrIX	355535	0	1.5	25
	chrIX	355536	0	0.5	25
	chrIX	355537	0	1.0	25
	chrIX	355541	0	0.5	25
	chrIX	355542	0	0.5	25
	chrIX	355542	1	0.5	25
	chrIX	355545	1	0.5	25
	chrIX	355555	1	0.5	25
	chrIX	355559	0	0.5	25
	chrIX	355559	1	0.5	25
	chrIX	355561	0	1.0	25
	chrIX	355568	0	0.5	25
	chrIX	355570	0	1.0	25
	chrIX	355570	1	0.5	25
	chrIX	355576	1	0.5	25
	chrIX	355577	1	0.5	25
	chrIX	355578	1	1.0	25
	chrIX	355579	1	1.0	25
	chrIX	355581	1	1.5	25
	chrIX	355582	1	0.5	25
	chrIX	355583	1	0.5	25
	chrIX	355585	0	0.5	25
	chrIX	355589	1	0.5	25
	chrIX	355590	0	0.5	25
	chrIX	355591	1	1.0	25
	chrIX	355592	0	0.5	25
	chrIX	355595	1	1.5	25
	chrIX	355613	1	0.5	25
	chrIX	355615	0	0.5	25
	chrIX	355616	1	0.5	25
	chrIX	355617	1	0.5	25
	chrIX	355618	1	0.5	25
	chrIX	355619	0	0.5	25
	chrIX	355619	1	0.5	25
	chrIX	355620	1	1.0	25
	chrIX	355623	1	1.5	25
	chrIX	355624	1	1.0	25
	chrIX	355625	1	0.5	25
	chrIX	355658	1	0.5	25
	chrIX	355659	0	1.0	25
	chrIX	355669	1	0.5	25
	chrIX	355676	0	0.5	25
	chrIX	355687	0	0.5	25
	chrIX	355703	0	0.5	25
	chrIX	355704	0	0.5	25
	chrIX	355713	0	0.5	25
	chrIX	355717	0	0.5	25
	chrIX	355730	0	0.5	25
	chrIX	355731	1	0.5	25
	chrIX	355746	1	0.5	25
	chrIX	355748	1	1.0	25
	chrIX	355752	0	0.5	25
	chrIX	355765	1	0.5	25
	chrIX	355772	0	0.5	25
	chrIX	355774	0	0.5	25
	chrIX	355780	1	1.0	25
	chrIX	355781	0	0.5	25
	chrIX	355782	0	0.5	25
	chrIX	355789	0	1.0	25
	chrIX	355789	1	0.5	25
	chrIX	355790	0	0.5	25
	chrIX	355796	0	0.5	25
	chrIX	355796	1	1.0	25
	chrIX	355806	0	0.5	25
	chrIX	355808	0	0.5	25
	chrIX	355821	1	0.5	25
	chrIX	355834	0	0.5	25
	chrIX	355834	1	0.5	25
	chrIX	355838	0	0.5	25
	chrIX	355841	1	0.5	25
	chrIX	355843	0	0.5	25
	chrIX	355847	1	0.5	25
	chrIX	355850	1	0.5	25
	chrIX	355852	0	1.5	25
	chrIX	355852	1	0.5	25
	chrIX	355854	1	0.5	25
	chrIX	355860	1	0.5	25
	chrIX	355885	0	0.5	25
	chrIX	355894	1	2.5	25
	chrIX	355906	1	0.5	25
	chrIX	355912	0	0.5	25
	chrIX	355915	1	0.5	25
	chrIX	355916	0	0.5	25
	chrIX	355924	1	0.5	25
	chrIX	355927	1	0.5	25
	chrIX	355942	0	1.0	25
	chrIX	355965	1	0.5	25
	chrIX	355969	1	0.5	25
	chrIX	355970	0	0.5	25
	chrIX	355990	1	0.5	25
	chrIX	356003	0	0.5	25
	chrIX	356009	1	1.0	25
	chrIX	356016	0	0.5	25
	chrIX	356033	1	0.5	25
	chrIX	356053	0	0.5	25
	chrIX	356065	0	0.5	25
	chrIX	356089	1	0.5	25
	chrIX	356090	0	0.5	25
	chrIX	356113	1	0.5	25
	chrIX	356122	0	0.5	25
	chrIX	356123	0	1.0	25
	chrIX	356127	0	0.5	25
	chrIX	356135	1	0.5	25
	chrIX	356150	1	0.5	25
	chrIX	356161	1	0.5	25
	chrIX	356186	1	0.5	25
	chrIX	356197	1	0.5	25
	chrIX	356201	1	1.0	25
	chrIX	356217	0	0.5	25
	chrIX	356224	0	0.5	25
	chrIX	356241	0	0.5	25
	chrIX	356283	1	0.5	25
	chrIX	356292	1	0.5	25
	chrIX	356303	1	0.5	25
	chrIX	356318	0	0.5	25
	chrIX	356319	0	1.0	25
	chrIX	356377	0	0.5	25
	chrIX	356378	1	1.0	25
	chrIX	356394	0	0.5	25
	chrIX	356399	0	0.5	25
	chrIX	356400	0	0.5	25
	chrIX	356438	0	0.5	25
	chrIX	356446	1	0.5	25
	chrIX	356455	0	0.5	25
	chrIX	356455	1	1.0	25
	chrIX	356473	1	0.5	25
	chrIX	356478	1	0.5	25
	chrIX	356484	0	0.5	25
	chrIX	356486	1	0.5	25
	chrIX	356487	0	0.5	25
	chrIX	356491	0	0.5	25
	chrIX	356498	0	0.5	25
	chrIX	356513	1	0.5	25
	chrIX	356520	0	0.5	25
	chrIX	356522	0	0.5	25
	chrIX	356525	1	0.5	25
	chrIX	356529	1	0.5	25
	chrIX	356540	0	0.5	25
	chrIX	356546	1	0.5	25
	chrIX	356571	0	0.5	25
	chrIX	356572	1	0.5	25
	chrIX	356586	0	0.5	25
	chrIX	356599	1	0.5	25
	chrIX	356601	1	0.5	25
	chrIX	356629	1	0.5	25
	chrIX	356656	1	0.5	25
	chrIX	356661	0	0.5	25
	chrIX	356665	1	0.5	25
	chrIX	356675	0	0.5	25
	chrIX	356681	0	0.5	25
	chrIX	356701	0	0.5	25
	chrIX	356728	0	0.5	25
	chrIX	356750	0	0.5	25
	chrIX	356752	1	0.5	25
	chrIX	356761	0	0.5	25
	chrIX	356767	0	1.0	25
	chrIX	356824	1	0.5	25
	chrIX	356828	1	0.5	25
	chrIX	356831	1	1.0	25
	chrIX	356835	1	0.5	25
	chrIX	356836	0	1.0	25
	chrIX	356838	0	0.5	25
	chrIX	356848	0	0.5	25
	chrIX	356858	0	0.5	25
	chrIX	356879	1	0.5	25
	chrIX	356884	1	0.5	25
	chrIX	356895	1	0.5	25
	chrIX	356903	1	1.0	25
	chrIX	356917	0	0.5	25
	chrIX	356919	1	0.5	25
	chrIX	356920	1	0.5	25
	chrIX	356934	1	0.5	25
	chrIX	356947	0	0.5	25
	chrIX	356951	0	0.5	25
	chrIX	356980	0	0.5	25
	chrIX	356986	1	0.5	25
	chrIX	356987	1	0.5	25
	chrIX	356988	0	0.5	25
	chrIX	356989	0	1.5	25
	chrIX	356993	0	1.0	25
	chrIX	357022	0	1.0	25
	chrIX	357022	1	0.5	25
	chrIX	357023	0	1.0	25
	chrIX	357041	1	0.5	25
	chrIX	357042	0	1.5	25
	chrIX	357050	1	0.5	25
	chrIX	357052	0	0.5	25
	chrIX	357056	0	0.5	25
	chrIX	357063	0	0.5	25
	chrIX	357069	1	1.5	25
	chrIX	357070	1	1.5	25
	chrIX	357071	1	1.0	25
	chrIX	357084	1	0.5	25
	chrIX	357086	0	0.5	25
	chrIX	357092	0	0.5	25
	chrIX	357094	1	0.5	25
	chrIX	357095	1	1.0	25
	chrIX	357118	1	0.5	25
	chrIX	357148	1	0.5	25
	chrIX	357153	0	0.5	25
	chrIX	357161	0	0.5	25
	chrIX	357164	0	0.5	25
	chrIX	357176	1	0.5	25
	chrIX	357178	0	0.5	25
	chrIX	357200	1	0.5	25
	chrIX	357202	1	0.5	25
	chrIX	357210	0	0.5	25
	chrIX	357213	0	0.5	25
	chrIX	357226	1	0.5	25
	chrIX	357230	0	0.5	25
	chrIX	357231	1	0.5	25
	chrIX	357233	1	0.5	25
	chrIX	357237	0	1.0	25
	chrIX	357251	0	0.5	25
	chrIX	357266	0	1.0	25
	chrIX	357267	0	1.5	25
	chrIX	357267	1	1.0	25
	chrIX	357268	0	0.5	25
	chrIX	357269	1	0.5	25
	chrIX	357276	0	0.5	25
	chrIX	357281	0	0.5	25
	chrIX	357283	0	0.5	25
	chrIX	357283	1	0.5	25
	chrIX	357284	0	1.0	25
	chrIX	357284	1	0.5	25
	chrIX	357285	0	0.5	25
	chrIX	357286	0	1.0	25
	chrIX	357293	0	0.5	25
	chrIX	357295	1	0.5	25
	chrIX	357300	0	0.5	25
	chrIX	357309	1	0.5	25
	chrIX	357312	1	1.0	25
	chrIX	357314	0	0.5	25
	chrIX	357321	0	0.5	25
	chrIX	357323	0	0.5	25
	chrIX	357327	0	0.5	25
	chrIX	357338	1	0.5	25
	chrIX	357339	0	1.5	25
	chrIX	357339	1	1.0	25
	chrIX	357340	1	1.0	25
	chrIX	357341	0	1.0	25
	chrIX	357342	0	0.5	25
	chrIX	357343	1	0.5	25
	chrIX	357347	1	0.5	25
	chrIX	357350	1	1.5	25
	chrIX	357352	1	0.5	25
	chrIX	357360	1	0.5	25
	chrIX	357364	1	1.0	25
	chrIX	357366	0	0.5	25
	chrIX	357368	0	0.5	25
	chrIX	357377	1	0.5	25
	chrIX	357379	0	0.5	25
	chrIX	357386	1	0.5	25
	chrIX	357389	0	0.5	25
	chrIX	357389	1	0.5	25
	chrIX	357391	1	0.5	25
	chrIX	357401	0	0.5	25
	chrIX	357401	1	0.5	25
	chrIX	357402	0	1.0	25
	chrIX	357404	1	0.5	25
	chrIX	357413	1	1.5	25
	chrIX	357414	0	0.5	25
	chrIX	357428	0	0.5	25
	chrIX	357440	0	0.5	25
	chrIX	357447	1	0.5	25
	chrIX	357462	1	0.5	25
	chrIX	357464	0	1.0	25
	chrIX	357464	1	1.5	25
	chrIX	357471	1	0.5	25
	chrIX	357476	1	0.5	25
	chrIX	357477	1	0.5	25
	chrIX	357520	0	0.5	25
	chrIX	357527	0	0.5	24
	chrIX	357529	1	0.5	25
	chrIX	357531	0	0.5	25
	chrIX	357531	1	1.0	25
	chrIX	357532	0	0.5	25
	chrIX	357535	1	0.5	25
	chrIX	357536	0	0.5	25
	chrIX	357555	0	0.5	25
	chrIX	357563	0	0.5	25
	chrIX	357575	1	0.5	25
	chrIX	357576	1	0.5	25
	chrIX	357580	1	1.0	25
	chrIX	357584	0	0.5	25
	chrIX	357589	0	0.5	25
	chrIX	357592	1	0.5	25
	chrIX	357614	1	0.5	25
	chrIX	357631	0	1.0	25
	chrIX	357632	1	0.5	25
	chrIX	357637	1	0.5	25
	chrIX	357639	1	0.5	25
	chrIX	357640	0	0.5	25
	chrIX	357642	1	0.5	25
	chrIX	357668	1	0.5	25
	chrIX	357685	0	0.5	25
	chrIX	357689	0	0.5	25
	chrIX	357698	1	1.0	25
	chrIX	357711	1	0.5	25
	chrIX	357727	0	0.5	25
	chrIX	357728	0	0.5	25
	chrIX	357734	1	0.5	25
	chrIX	357735	0	0.5	25
	chrIX	357780	1	0.5	25
	chrIX	357790	1	0.5	25
	chrIX	357792	1	0.5	25
	chrIX	357804	1	0.5	25
	chrIX	357819	0	0.5	25
	chrIX	357842	0	0.5	25
	chrIX	357850	0	0.5	25
	chrIX	357889	1	0.5	25
	chrIX	357897	0	0.5	25
	chrIX	357901	0	0.5	25
	chrIX	357914	1	0.5	25
	chrIX	357915	0	0.5	25
	chrIX	357917	1	0.5	25
	chrIX	357920	0	1.0	25
	chrIX	357944	1	0.5	25
	chrIX	357978	0	1.0	25
	chrIX	357989	1	0.5	25
	chrIX	357997	1	1.0	25
	chrIX	358010	1	0.5	25
	chrIX	358045	1	0.5	25
	chrIX	358049	1	0.5	25
	chrIX	358060	0	0.5	25
	chrIX	358096	0	0.5	25
	chrIX	358112	1	0.5	25
	chrIX	358144	1	0.5	25
	chrIX	358166	0	0.5	25
	chrIX	358186	0	1.5	25
	chrIX	358231	1	0.5	25
	chrIX	358235	0	0.5	25
	chrIX	358244	0	0.5	25
	chrIX	358251	1	1.0	25
	chrIX	358267	1	0.5	25
	chrIX	358279	0	0.5	25
	chrIX	358279	1	0.5	25
	chrIX	358294	0	1.0	25
	chrIX	358312	0	0.5	25
	chrIX	358312	1	0.5	25
	chrIX	358328	0	0.5	25
	chrIX	358331	0	0.5	25
	chrIX	358335	1	1.0	25
	chrIX	358358	1	0.5	25
	chrIX	358359	1	0.5	25
	chrIX	358367	0	0.5	25
	chrIX	358391	0	0.5	25
	chrIX	358407	1	0.5	25
	chrIX	358409	0	1.0	25
	chrIX	358414	1	0.5	25
	chrIX	358452	0	0.5	25
	chrIX	358453	0	0.5	25
	chrIX	358462	1	0.5	25
	chrIX	358466	1	1.0	25
	chrIX	358472	0	1.5	25
	chrIX	358475	1	0.5	25
	chrIX	358481	0	0.5	25
	chrIX	358503	1	0.5	25
	chrIX	358507	0	0.5	25
	chrIX	358509	0	0.5	25
	chrIX	358530	1	0.5	25
	chrIX	358532	1	0.5	25
	chrIX	358551	1	0.5	25
	chrIX	358593	1	1.5	25
	chrIX	358649	0	0.5	25
	chrIX	358657	0	0.5	25
	chrIX	358695	0	0.5	25
	chrIX	358698	1	0.5	25
	chrIX	358713	0	0.5	25
	chrIX	358715	0	0.5	25
	chrIX	358725	0	0.5	25
	chrIX	358730	0	0.5	25
	chrIX	358744	1	0.5	25
	chrIX	358761	0	0.5	25
	chrIX	358767	1	0.5	25
	chrIX	358775	1	0.5	25
	chrIX	358776	0	1.0	25
	chrIX	358780	0	0.5	25
	chrIX	358790	1	0.5	25
	chrIX	358791	1	1.0	25
	chrIX	358817	1	1.0	25
	chrIX	358818	1	0.5	25
	chrIX	358841	1	0.5	25
	chrIX	358855	0	0.5	25
	chrIX	358856	0	0.5	25
	chrIX	358861	1	0.5	25
	chrIX	358862	0	0.5	25
	chrIX	358909	0	0.5	25
	chrIX	358922	0	0.5	25
	chrIX	358922	1	0.5	25
	chrIX	358924	1	0.5	25
	chrIX	358931	0	0.5	25
	chrIX	358957	1	0.5	25
	chrIX	358986	1	0.5	25
	chrIX	358989	1	0.5	25
	chrIX	358992	0	0.5	25
	chrIX	359030	0	0.5	25
	chrIX	359034	0	0.5	25
	chrIX	359035	0	1.0	25
	chrIX	359040	1	0.5	25
	chrIX	359051	0	0.5	25
	chrIX	359081	0	0.5	25
	chrIX	359082	1	0.5	25
	chrIX	359083	1	0.5	25
	chrIX	359099	1	0.5	25
	chrIX	359105	0	0.5	25
	chrIX	359107	0	0.5	25
	chrIX	359129	1	0.5	25
	chrIX	359137	1	1.0	25
	chrIX	359138	0	0.5	25
	chrIX	359142	0	0.5	25
	chrIX	359146	0	0.5	25
	chrIX	359150	1	0.5	25
	chrIX	359159	1	0.5	25
	chrIX	359168	1	0.5	25
	chrIX	359169	0	0.5	25
	chrIX	359185	0	0.5	25
	chrIX	359199	1	0.5	25
	chrIX	359205	0	0.5	25
	chrIX	359208	0	0.5	25
	chrIX	359209	1	0.5	25
	chrIX	359211	0	0.5	25
	chrIX	359212	0	0.5	25
	chrIX	359221	1	0.5	25
	chrIX	359222	0	1.0	25
	chrIX	359226	0	0.5	25
	chrIX	359226	1	0.5	25
	chrIX	359228	0	0.5	25
	chrIX	359230	0	1.0	25
	chrIX	359253	1	0.5	25
	chrIX	359264	0	0.5	25
	chrIX	359268	0	0.5	25
	chrIX	359269	0	0.5	25
	chrIX	359271	0	0.5	25
	chrIX	359275	0	0.5	25
	chrIX	359280	1	0.5	25
	chrIX	359281	1	1.0	25
	chrIX	359282	1	0.5	25
	chrIX	359287	1	0.5	25
	chrIX	359293	1	0.5	25
	chrIX	359305	0	0.5	25
	chrIX	359320	0	0.5	25
	chrIX	359320	1	0.5	25
	chrIX	359321	1	1.0	25
	chrIX	359322	1	0.5	25
	chrIX	359324	1	0.5	25
	chrIX	359343	1	0.5	25
	chrIX	359364	1	0.5	25
	chrIX	359373	1	0.5	25
	chrIX	359382	0	0.5	25
	chrIX	359388	1	0.5	25
	chrIX	359392	0	0.5	25
	chrIX	359402	0	0.5	25
	chrIX	359403	0	0.5	25
	chrIX	359409	0	0.5	25
	chrIX	359414	1	0.5	25
	chrIX	359429	0	0.5	25
	chrIX	359450	0	0.5	25
	chrIX	359457	0	0.5	25
	chrIX	359474	0	0.5	25
	chrIX	359484	1	0.5	25
	chrIX	359486	1	0.5	25
	chrIX	359487	0	0.5	25
	chrIX	359495	1	0.5	25
	chrIX	359497	0	0.5	25
	chrIX	359502	1	0.5	25
	chrIX	359503	1	0.5	25
	chrIX	359515	1	0.5	25
	chrIX	359532	0	1.0	25
	chrIX	359547	1	0.5	25
	chrIX	359549	1	0.5	25
	chrIX	359550	1	0.5	25
	chrIX	359562	1	0.5	25
	chrIX	359576	0	0.5	25
	chrIX	359605	1	1.0	25
	chrIX	359618	1	0.5	25
	chrIX	359626	0	0.5	25
	chrIX	359642	1	0.5	25
	chrIX	359644	0	0.5	25
	chrIX	359661	0	0.5	25
	chrIX	359662	0	0.5	25
	chrIX	359663	0	0.5	25
	chrIX	359689	1	0.5	25
	chrIX	359706	1	0.5	25
	chrIX	359712	0	0.5	25
	chrIX	359713	0	0.5	25
	chrIX	359717	1	0.5	25
	chrIX	359743	1	0.5	25
	chrIX	359827	1	0.5	25
	chrIX	359830	1	0.5	25
	chrIX	359851	0	0.5	25
	chrIX	359857	0	0.5	25
	chrIX	359861	1	0.5	25
	chrIX	359862	0	0.5	25
	chrIX	359884	0	0.5	25
	chrIX	359889	0	1.0	25
	chrIX	359898	0	0.5	25
	chrIX	359911	0	0.5	25
	chrIX	359926	1	0.5	25
	chrIX	359931	1	0.5	25
	chrIX	359935	0	0.5	25
	chrIX	359948	1	0.5	25
	chrIX	359954	1	0.5	25
	chrIX	359957	0	0.5	25
	chrIX	359958	1	1.0	25
	chrIX	359959	0	0.5	25
	chrIX	359965	1	0.5	25
	chrIX	359985	1	0.5	25
	chrIX	360004	1	0.5	25
	chrIX	360013	1	0.5	25
	chrIX	360018	0	0.5	25
	chrIX	360027	1	0.5	25
	chrIX	360035	0	0.5	25
	chrIX	360050	0	0.5	25
	chrIX	360055	0	0.5	25
	chrIX	360058	1	0.5	25
	chrIX	360067	0	1.0	25
	chrIX	360079	0	0.5	25
	chrIX	360086	0	0.5	25
	chrIX	360114	0	0.5	25
	chrIX	360121	1	0.5	25
	chrIX	360126	1	0.5	25
	chrIX	360130	1	0.5	25
	chrIX	360133	1	0.5	25
	chrIX	360135	1	0.5	25
	chrIX	360145	1	0.5	25
	chrIX	360148	1	0.5	25
	chrIX	360150	0	0.5	25
	chrIX	360162	0	0.5	25
	chrIX	360167	0	1.0	25
	chrIX	360192	1	0.5	25
	chrIX	360208	1	0.5	25
	chrIX	360213	1	0.5	25
	chrIX	360217	0	0.5	25
	chrIX	360233	0	0.5	25
	chrIX	360237	1	1.0	25
	chrIX	360244	1	0.5	25
	chrIX	360250	0	0.5	25
	chrIX	360252	0	0.5	25
	chrIX	360269	1	0.5	25
	chrIX	360285	0	0.5	25
	chrIX	360300	0	0.5	25
	chrIX	360307	1	0.5	25
	chrIX	360315	1	0.5	25
	chrIX	360322	0	0.5	25
	chrIX	360323	1	0.5	25
	chrIX	360333	0	0.5	25
	chrIX	360362	0	0.5	25
	chrIX	360373	0	1.0	25
	chrIX	360399	1	0.5	25
	chrIX	360402	1	0.5	25
	chrIX	360415	1	0.5	25
	chrIX	360466	0	1.0	25
	chrIX	360468	0	0.5	25
	chrIX	360485	0	0.5	25
	chrIX	360487	0	0.5	25
	chrIX	360499	0	1.5	25
	chrIX	360505	0	0.5	25
	chrIX	360517	0	1.5	25
	chrIX	360519	0	0.5	25
	chrIX	360522	0	0.5	25
	chrIX	360526	1	0.5	25
	chrIX	360527	0	1.0	25
	chrIX	360528	0	0.5	25
	chrIX	360530	1	0.5	25
	chrIX	360541	1	1.0	25
	chrIX	360542	0	0.5	25
	chrIX	360543	1	1.5	25
	chrIX	360545	0	0.5	25
	chrIX	360546	0	1.0	25
	chrIX	360550	1	0.5	25
	chrIX	360553	1	0.5	25
	chrIX	360554	0	0.5	25
	chrIX	360566	0	0.5	25
	chrIX	360568	1	0.5	25
	chrIX	360584	1	1.0	25
	chrIX	360586	1	0.5	25
	chrIX	360587	1	0.5	25
	chrIX	360588	0	0.5	25
	chrIX	360591	1	1.5	25
	chrIX	360592	1	0.5	25
	chrIX	360596	0	0.5	25
	chrIX	360601	1	1.0	25
	chrIX	360602	1	0.5	25
	chrIX	360606	1	0.5	25
	chrIX	360607	1	0.5	25
	chrIX	360636	0	0.5	25
	chrIX	360636	1	0.5	25
	chrIX	360641	1	0.5	25
	chrIX	360642	0	2.0	25
	chrIX	360642	1	0.5	25
	chrIX	360647	0	0.5	25
	chrIX	360684	1	0.5	25
	chrIX	360694	1	0.5	25
	chrIX	360697	1	0.5	25
	chrIX	360699	1	0.5	25
	chrIX	360712	1	0.5	25
	chrIX	360713	1	0.5	25
	chrIX	360731	0	0.5	25
	chrIX	360732	0	0.5	25
	chrIX	360737	0	0.5	25
	chrIX	360744	0	0.5	25
	chrIX	360745	0	1.5	25
	chrIX	360749	0	0.5	25
	chrIX	360750	0	0.5	25
	chrIX	360752	1	0.5	25
	chrIX	360756	1	0.5	25
	chrIX	360757	0	1.5	25
	chrIX	360760	0	0.5	25
	chrIX	360762	0	0.5	25
	chrIX	360764	0	0.5	25
	chrIX	360777	1	0.5	25
	chrIX	360781	1	0.5	25
	chrIX	360790	1	0.5	25
	chrIX	360795	1	1.0	25
	chrIX	360802	1	0.5	25
	chrIX	360806	1	1.0	25
	chrIX	360808	1	0.5	25
	chrIX	360810	1	0.5	25
	chrIX	360817	1	0.5	25
	chrIX	360822	1	1.0	25
	chrIX	360826	1	0.5	25
	chrIX	360860	1	0.5	25
	chrIX	360864	0	0.5	25
	chrIX	360882	0	0.5	25
	chrIX	360889	1	0.5	25
	chrIX	360909	0	0.5	25
	chrIX	360941	1	0.5	25
	chrIX	360963	0	0.5	25
	chrIX	360987	1	0.5	25
	chrIX	360990	0	0.5	25
	chrIX	361014	0	0.5	25
	chrIX	361043	1	0.5	25
	chrIX	361047	0	0.5	25
	chrIX	361062	1	0.5	25
	chrIX	361097	0	0.5	25
	chrIX	361098	0	0.5	25
	chrIX	361110	1	0.5	25
	chrIX	361111	0	0.5	25
	chrIX	361124	1	0.5	25
	chrIX	361127	1	0.5	25
	chrIX	361138	0	0.5	25
	chrIX	361157	0	0.5	25
	chrIX	361161	1	0.5	25
	chrIX	361179	0	0.5	25
	chrIX	361180	1	0.5	25
	chrIX	361193	1	0.5	25
	chrIX	361208	0	1.0	25
	chrIX	361208	1	0.5	25
	chrIX	361218	1	0.5	25
	chrIX	361241	0	0.5	25
	chrIX	361271	0	0.5	25
	chrIX	361285	0	0.5	25
	chrIX	361286	1	1.0	25
	chrIX	361312	1	0.5	25
	chrIX	361321	1	0.5	25
	chrIX	361328	0	0.5	25
	chrIX	361333	1	0.5	25
	chrIX	361344	0	0.5	25
	chrIX	361379	1	0.5	25
	chrIX	361405	0	0.5	25
	chrIX	361424	0	0.5	25
	chrIX	361428	1	0.5	25
	chrIX	361447	1	0.5	25
	chrIX	361504	1	0.5	25
	chrIX	361554	0	0.5	25
	chrIX	361565	0	0.5	25
	chrIX	361621	1	0.5	25
	chrIX	361630	0	0.5	25
	chrIX	361630	1	0.5	25
	chrIX	361663	0	0.5	25
	chrIX	361673	0	0.5	25
	chrIX	361689	1	0.5	25
	chrIX	361698	1	0.5	25
	chrIX	361719	0	1.0	25
	chrIX	361724	1	0.5	25
	chrIX	361725	0	0.5	25
	chrIX	361748	0	0.5	25
	chrIX	361749	0	0.5	25
	chrIX	361753	1	0.5	25
	chrIX	361775	1	0.5	25
	chrIX	361796	1	0.5	25
	chrIX	361798	1	0.5	25
	chrIX	361801	1	1.0	25
	chrIX	361823	0	0.5	25
	chrIX	361831	0	0.5	25
	chrIX	361881	0	0.5	25
	chrIX	361887	1	0.5	25
	chrIX	361917	1	0.5	25
	chrIX	361919	0	1.0	25
	chrIX	361935	0	0.5	25
	chrIX	361959	1	1.0	25
	chrIX	361961	1	0.5	25
	chrIX	361973	1	0.5	25
	chrIX	361988	0	0.5	25
	chrIX	361997	0	0.5	25
	chrIX	362026	1	0.5	25
	chrIX	362074	1	0.5	25
	chrIX	362079	0	0.5	25
	chrIX	362090	0	0.5	25
	chrIX	362129	0	0.5	25
	chrIX	362136	0	0.5	25
	chrIX	362141	1	0.5	25
	chrIX	362147	0	0.5	25
	chrIX	362149	1	0.5	25
	chrIX	362151	0	0.5	25
	chrIX	362156	0	1.0	25
	chrIX	362193	1	0.5	25
	chrIX	362201	1	0.5	25
	chrIX	362219	1	1.0	25
	chrIX	362239	1	0.5	25
	chrIX	362269	1	0.5	25
	chrIX	362296	0	0.5	25
	chrIX	362369	0	0.5	25
	chrIX	362374	0	0.5	25
	chrIX	362376	0	0.5	25
	chrIX	362407	0	0.5	25
	chrIX	362425	1	0.5	25
	chrIX	362434	1	0.5	25
	chrIX	362437	1	0.5	25
	chrIX	362457	0	0.5	25
	chrIX	362474	0	0.5	25
	chrIX	362478	1	0.5	25
	chrIX	362480	0	0.5	25
	chrIX	362483	1	0.5	25
	chrIX	362505	0	0.5	25
	chrIX	362514	0	1.0	25
	chrIX	362515	0	1.0	25
	chrIX	362522	1	0.5	25
	chrIX	362526	1	0.5	25
	chrIX	362537	1	0.5	25
	chrIX	362551	0	0.5	25
	chrIX	362576	0	0.5	25
	chrIX	362583	0	0.5	25
	chrIX	362600	1	0.5	25
	chrIX	362616	1	0.5	25
	chrIX	362634	1	0.5	25
	chrIX	362640	1	0.5	25
	chrIX	362670	1	0.5	25
	chrIX	362676	1	1.0	25
	chrIX	362722	0	0.5	25
	chrIX	362741	0	0.5	25
	chrIX	362758	0	2.5	25
	chrIX	362815	1	1.0	25
	chrIX	362825	1	1.5	25
	chrIX	362860	0	0.5	25
	chrIX	362869	0	1.0	25
	chrIX	362873	0	0.5	25
	chrIX	362883	0	0.5	25
	chrIX	362889	1	1.0	25
	chrIX	362910	1	0.5	25
	chrIX	362917	0	0.5	25
	chrIX	362920	0	0.5	25
	chrIX	362924	0	0.5	25
	chrIX	362925	1	1.0	25
	chrIX	362945	0	0.5	25
	chrIX	362945	1	0.5	25
	chrIX	362955	0	0.5	25
	chrIX	362959	0	0.5	25
	chrIX	362962	0	0.5	25
	chrIX	362963	0	0.5	25
	chrIX	362969	0	0.5	25
	chrIX	362973	1	0.5	25
	chrIX	362977	1	0.5	25
	chrIX	362982	0	0.5	25
	chrIX	362983	0	0.5	24
	chrIX	362984	1	0.5	25
	chrIX	362985	1	0.5	25
	chrIX	363007	1	0.5	25
	chrIX	363009	1	0.5	25
	chrIX	363011	0	0.5	25
	chrIX	363013	1	0.5	25
	chrIX	363015	0	0.5	25
	chrIX	363021	1	0.5	25
	chrIX	363033	0	0.5	25
	chrIX	363040	0	1.0	25
	chrIX	363044	1	1.0	25
	chrIX	363046	1	0.5	25
	chrIX	363047	1	0.5	25
	chrIX	363049	1	0.5	25
	chrIX	363052	0	0.5	25
	chrIX	363054	0	2.0	25
	chrIX	363056	0	1.0	25
	chrIX	363057	0	1.0	25
	chrIX	363058	0	1.5	25
	chrIX	363059	0	3.5	25
	chrIX	363060	0	0.5	24
	chrIX	363060	0	1.0	25
	chrIX	363061	0	0.5	25
	chrIX	363063	0	0.5	24
	chrIX	363064	0	0.5	25
	chrIX	363068	0	1.0	25
	chrIX	363080	0	0.5	25
	chrIX	363082	0	0.5	25
	chrIX	363085	0	0.5	25
	chrIX	363097	1	0.5	25
	chrIX	363109	1	2.0	25
	chrIX	363111	0	1.0	25
	chrIX	363114	0	0.5	25
	chrIX	363116	1	0.5	25
	chrIX	363117	0	0.5	25
	chrIX	363129	1	0.5	25
	chrIX	363131	1	0.5	25
	chrIX	363132	0	0.5	25
	chrIX	363134	1	0.5	25
	chrIX	363137	1	0.5	25
	chrIX	363144	1	1.5	25
	chrIX	363147	1	2.5	25
	chrIX	363148	0	0.5	25
	chrIX	363148	1	1.5	25
	chrIX	363149	1	1.0	25
	chrIX	363150	1	1.5	25
	chrIX	363151	0	0.5	25
	chrIX	363156	1	0.5	25
	chrIX	363160	1	0.5	25
	chrIX	363161	1	0.5	25
	chrIX	363167	1	1.5	25
	chrIX	363168	0	0.5	25
	chrIX	363168	1	0.5	25
	chrIX	363172	1	1.5	25
	chrIX	363179	1	0.5	25
	chrIX	363183	1	0.5	25
	chrIX	363199	0	0.5	25
	chrIX	363208	1	0.5	25
	chrIX	363220	1	0.5	25
	chrIX	363239	1	0.5	25
	chrIX	363247	1	0.5	25
	chrIX	363265	1	0.5	25
	chrIX	363297	0	0.5	25
	chrIX	363299	0	1.5	25
	chrIX	363315	0	1.0	25
	chrIX	363317	0	1.0	25
	chrIX	363329	0	0.5	25
	chrIX	363332	1	0.5	25
	chrIX	363335	0	0.5	25
	chrIX	363348	1	0.5	25
	chrIX	363363	1	0.5	25
	chrIX	363366	1	1.0	25
	chrIX	363379	1	0.5	25
	chrIX	363391	0	0.5	25
	chrIX	363392	0	0.5	25
	chrIX	363393	1	0.5	25
	chrIX	363401	0	0.5	25
	chrIX	363429	0	0.5	25
	chrIX	363438	1	0.5	25
	chrIX	363453	0	0.5	25
	chrIX	363461	1	0.5	25
	chrIX	363476	1	0.5	25
	chrIX	363484	1	0.5	25
	chrIX	363487	1	0.5	25
	chrIX	363490	1	0.5	25
	chrIX	363496	0	0.5	25
	chrIX	363502	1	0.5	25
	chrIX	363522	0	0.5	25
	chrIX	363538	0	0.5	25
	chrIX	363541	0	0.5	25
	chrIX	363568	1	0.5	25
	chrIX	363582	1	0.5	25
	chrIX	363590	1	0.5	25
	chrIX	363595	1	0.5	25
	chrIX	363621	0	0.5	25
	chrIX	363639	0	0.5	25
	chrIX	363641	0	0.5	25
	chrIX	363669	0	0.5	25
	chrIX	363674	1	0.5	25
	chrIX	363703	1	0.5	25
	chrIX	363709	0	0.5	25
	chrIX	363712	1	0.5	25
	chrIX	363717	1	0.5	25
	chrIX	363721	1	0.5	25
	chrIX	363739	0	0.5	25
	chrIX	363758	1	0.5	25
	chrIX	363773	0	0.5	25
	chrIX	363782	0	1.0	25
	chrIX	363817	0	0.5	25
	chrIX	363836	1	0.5	25
	chrIX	363855	1	0.5	25
	chrIX	363856	0	0.5	25
	chrIX	363882	1	0.5	25
	chrIX	363895	1	0.5	25
	chrIX	363903	1	0.5	25
	chrIX	363904	0	0.5	25
	chrIX	363917	1	0.5	25
	chrIX	363928	0	0.5	25
	chrIX	363929	0	0.5	25
	chrIX	363932	0	1.0	25
	chrIX	363945	1	0.5	25
	chrIX	363961	0	0.5	25
	chrIX	363968	1	0.5	25
	chrIX	363976	1	0.5	25
	chrIX	363977	1	0.5	25
	chrIX	363990	0	0.5	25
	chrIX	364009	1	0.5	25
	chrIX	364010	1	0.5	25
	chrIX	364016	0	0.5	25
	chrIX	364018	0	0.5	25
	chrIX	364044	0	0.5	25
	chrIX	364073	1	0.5	25
	chrIX	364074	1	0.5	25
	chrIX	364079	0	0.5	25
	chrIX	364081	1	0.5	25
	chrIX	364088	1	0.5	25
	chrIX	364090	0	0.5	25
	chrIX	364109	0	0.5	25
	chrIX	364113	1	0.5	25
	chrIX	364135	0	0.5	25
	chrIX	364168	1	0.5	25
	chrIX	364184	0	0.5	25
	chrIX	364184	1	0.5	25
	chrIX	364192	1	0.5	25
	chrIX	364203	0	0.5	25
	chrIX	364241	1	0.5	25
	chrIX	364266	1	0.5	25
	chrIX	364306	1	0.5	25
	chrIX	364311	0	0.5	25
	chrIX	364348	0	0.5	25
	chrIX	364361	0	0.5	25
	chrIX	364404	0	0.5	25
	chrIX	364412	0	0.5	25
	chrIX	364427	0	0.5	25
	chrIX	364428	0	0.5	25
	chrIX	364429	0	1.0	25
	chrIX	364430	0	0.5	25
	chrIX	364435	1	0.5	25
	chrIX	364442	0	1.0	25
	chrIX	364454	1	0.5	25
	chrIX	364469	1	0.5	25
	chrIX	364470	0	0.5	25
	chrIX	364489	0	1.0	25
	chrIX	364495	1	0.5	25
	chrIX	364499	1	0.5	25
	chrIX	364506	0	0.5	25
	chrIX	364526	0	0.5	25
	chrIX	364542	0	0.5	25
	chrIX	364547	0	0.5	25
	chrIX	364559	0	0.5	25
	chrIX	364562	1	0.5	25
	chrIX	364568	0	0.5	25
	chrIX	364568	1	0.5	25
	chrIX	364570	1	1.0	25
	chrIX	364572	1	0.5	25
	chrIX	364573	1	1.0	25
	chrIX	364586	1	0.5	25
	chrIX	364589	0	1.0	25
	chrIX	364592	0	0.5	25
	chrIX	364595	1	1.0	25
	chrIX	364597	1	0.5	25
	chrIX	364599	1	0.5	25
	chrIX	364600	1	0.5	25
	chrIX	364603	0	1.0	25
	chrIX	364605	0	0.5	25
	chrIX	364628	1	0.5	25
	chrIX	364629	1	0.5	25
	chrIX	364646	0	0.5	25
	chrIX	364652	0	0.5	25
	chrIX	364663	0	0.5	25
	chrIX	364684	1	0.5	25
	chrIX	364695	0	0.5	25
	chrIX	364703	1	0.5	25
	chrIX	364724	1	0.5	25
	chrIX	364732	0	0.5	25
	chrIX	364743	1	0.5	25
	chrIX	364744	1	0.5	25
	chrIX	364760	0	0.5	25
	chrIX	364766	0	1.0	25
	chrIX	364766	1	1.0	25
	chrIX	364767	0	1.5	25
	chrIX	364768	1	0.5	25
	chrIX	364777	1	0.5	25
	chrIX	364784	1	0.5	25
	chrIX	364785	0	0.5	25
	chrIX	364787	0	1.0	25
	chrIX	364789	0	0.5	25
	chrIX	364792	0	0.5	25
	chrIX	364793	0	0.5	25
	chrIX	364794	0	0.5	25
	chrIX	364800	0	0.5	25
	chrIX	364802	1	0.5	25
	chrIX	364803	0	2.5	25
	chrIX	364809	1	0.5	25
	chrIX	364812	1	0.5	25
	chrIX	364814	0	2.5	25
	chrIX	364823	1	0.5	25
	chrIX	364828	0	0.5	25
	chrIX	364830	0	0.5	25
	chrIX	364832	1	0.5	25
	chrIX	364847	1	1.0	25
	chrIX	364853	1	3.0	25
	chrIX	364854	1	0.5	25
	chrIX	364865	1	1.0	25
	chrIX	364867	1	1.0	25
	chrIX	364871	1	0.5	25
	chrIX	364873	0	0.5	25
	chrIX	364874	1	0.5	25
	chrIX	364875	0	1.0	25
	chrIX	364875	1	0.5	25
	chrIX	364880	1	0.5	25
	chrIX	364889	1	0.5	25
	chrIX	364890	1	0.5	25
	chrIX	364918	0	0.5	25
	chrIX	364935	1	0.5	25
	chrIX	364937	1	0.5	25
	chrIX	364945	0	0.5	25
	chrIX	364970	0	0.5	25
	chrIX	364981	1	0.5	25
	chrIX	364982	1	0.5	25
	chrIX	364986	1	0.5	25
	chrIX	364991	0	0.5	25
	chrIX	365013	1	0.5	25
	chrIX	365017	1	1.0	25
	chrIX	365031	0	0.5	25
	chrIX	365047	0	0.5	25
	chrIX	365062	0	0.5	25
	chrIX	365062	1	0.5	25
	chrIX	365067	1	0.5	25
	chrIX	365109	1	0.5	25
	chrIX	365111	1	0.5	25
	chrIX	365118	0	0.5	25
	chrIX	365120	0	1.0	25
	chrIX	365136	1	1.0	25
	chrIX	365167	0	0.5	25
	chrIX	365172	0	0.5	25
	chrIX	365173	0	1.0	25
	chrIX	365177	0	0.5	25
	chrIX	365196	1	0.5	25
	chrIX	365206	0	0.5	25
	chrIX	365207	0	0.5	25
	chrIX	365215	0	0.5	25
	chrIX	365215	1	1.0	25
	chrIX	365227	1	0.5	25
	chrIX	365229	1	0.5	25
	chrIX	365234	1	0.5	25
	chrIX	365244	0	0.5	25
	chrIX	365268	0	0.5	25
	chrIX	365278	1	0.5	25
	chrIX	365282	0	0.5	25
	chrIX	365292	0	0.5	25
	chrIX	365295	1	0.5	25
	chrIX	365296	0	0.5	25
	chrIX	365313	0	0.5	25
	chrIX	365314	0	0.5	25
	chrIX	365318	0	0.5	25
	chrIX	365324	1	0.5	25
	chrIX	365330	1	0.5	25
	chrIX	365349	0	0.5	25
	chrIX	365356	1	1.0	25
	chrIX	365360	1	0.5	25
	chrIX	365364	0	0.5	25
	chrIX	365370	1	0.5	25
	chrIX	365372	0	0.5	25
	chrIX	365373	0	0.5	25
	chrIX	365377	1	0.5	25
	chrIX	365389	0	0.5	25
	chrIX	365394	1	0.5	25
	chrIX	365397	1	0.5	25
	chrIX	365408	0	0.5	25
	chrIX	365413	1	0.5	25
	chrIX	365418	0	0.5	25
	chrIX	365420	0	0.5	25
	chrIX	365431	1	0.5	25
	chrIX	365432	1	0.5	25
	chrIX	365441	1	0.5	25
	chrIX	365462	1	0.5	25
	chrIX	365467	1	0.5	25
	chrIX	365474	0	0.5	25
	chrIX	365497	1	0.5	25
	chrIX	365520	0	0.5	25
	chrIX	365533	1	0.5	25
	chrIX	365536	1	0.5	25
	chrIX	365544	1	0.5	25
	chrIX	365550	0	0.5	25
	chrIX	365573	1	0.5	25
	chrIX	365604	1	0.5	25
	chrIX	365612	0	0.5	25
	chrIX	365645	1	0.5	25
	chrIX	365663	1	0.5	25
	chrIX	365699	0	1.5	25
	chrIX	365714	0	0.5	25
	chrIX	365758	0	1.0	25
	chrIX	365776	0	0.5	25
	chrIX	365794	1	0.5	25
	chrIX	365808	0	0.5	25
	chrIX	365811	0	0.5	25
	chrIX	365813	0	1.0	25
	chrIX	365857	1	1.0	25
	chrIX	365858	1	1.0	25
	chrIX	365882	1	1.0	25
	chrIX	365913	1	0.5	25
	chrIX	365948	0	0.5	25
	chrIX	365980	1	0.5	25
	chrIX	365992	1	0.5	25
	chrIX	366011	0	0.5	25
	chrIX	366012	0	0.5	25
	chrIX	366012	1	0.5	25
	chrIX	366046	0	0.5	25
	chrIX	366060	1	0.5	25
	chrIX	366083	1	0.5	25
	chrIX	366143	1	0.5	25
	chrIX	366203	0	0.5	25
	chrIX	366218	0	0.5	25
	chrIX	366237	0	0.5	25
	chrIX	366258	0	0.5	25
	chrIX	366294	1	0.5	25
	chrIX	366299	0	0.5	25
	chrIX	366301	0	1.0	25
	chrIX	366326	1	1.0	25
	chrIX	366328	0	0.5	25
	chrIX	366339	1	0.5	25
	chrIX	366370	1	0.5	25
	chrIX	366389	1	0.5	25
	chrIX	366392	1	0.5	25
	chrIX	366399	0	0.5	25
	chrIX	366399	1	0.5	25
	chrIX	366400	1	0.5	25
	chrIX	366428	0	0.5	25
	chrIX	366438	0	0.5	25
	chrIX	366445	0	0.5	25
	chrIX	366468	1	0.5	25
	chrIX	366484	0	0.5	25
	chrIX	366493	0	0.5	25
	chrIX	366495	1	0.5	25
	chrIX	366498	0	0.5	25
	chrIX	366516	1	0.5	25
	chrIX	366518	1	0.5	25
	chrIX	366539	1	0.5	25
	chrIX	366542	1	0.5	25
	chrIX	366546	1	0.5	25
	chrIX	366636	0	0.5	25
	chrIX	366682	0	0.5	25
	chrIX	366683	0	0.5	25
	chrIX	366686	0	0.5	25
	chrIX	366702	0	0.5	25
	chrIX	366703	1	0.5	25
	chrIX	366713	0	0.5	25
	chrIX	366716	0	0.5	25
	chrIX	366755	1	0.5	25
	chrIX	366766	1	0.5	25
	chrIX	366797	1	0.5	25
	chrIX	366798	1	0.5	25
	chrIX	366804	1	0.5	25
	chrIX	366839	0	0.5	25
	chrIX	366846	1	0.5	25
	chrIX	366887	1	0.5	25
	chrIX	366891	0	0.5	25
	chrIX	366933	0	0.5	25
	chrIX	366985	1	0.5	25
	chrIX	367027	1	0.5	25
	chrIX	367042	0	0.5	25
	chrIX	367067	0	0.5	25
	chrIX	367083	0	0.5	25
	chrIX	367086	0	0.5	25
	chrIX	367125	1	0.5	25
	chrIX	367134	0	0.5	25
	chrIX	367134	1	0.5	25
	chrIX	367137	0	1.0	25
	chrIX	367151	1	1.0	25
	chrIX	367187	1	0.5	25
	chrIX	367192	1	1.0	25
	chrIX	367205	0	0.5	25
	chrIX	367223	0	0.5	25
	chrIX	367230	0	1.0	25
	chrIX	367243	0	0.5	25
	chrIX	367280	0	0.5	25
	chrIX	367280	1	1.0	25
	chrIX	367297	0	0.5	25
	chrIX	367300	0	0.5	25
	chrIX	367307	0	1.5	25
	chrIX	367343	1	0.5	25
	chrIX	367355	1	1.0	25
	chrIX	367357	1	0.5	25
	chrIX	367362	0	0.5	25
	chrIX	367363	0	0.5	25
	chrIX	367375	1	0.5	25
	chrIX	367397	1	0.5	25
	chrIX	367426	0	0.5	25
	chrIX	367442	1	1.5	25
	chrIX	367443	1	0.5	25
	chrIX	367484	0	0.5	25
	chrIX	367496	0	0.5	25
	chrIX	367498	1	0.5	25
	chrIX	367503	0	0.5	25
	chrIX	367507	0	0.5	25
	chrIX	367513	0	0.5	25
	chrIX	367531	0	0.5	25
	chrIX	367545	1	0.5	25
	chrIX	367546	0	0.5	25
	chrIX	367552	1	0.5	25
	chrIX	367568	1	0.5	25
	chrIX	367573	0	0.5	25
	chrIX	367587	1	0.5	25
	chrIX	367595	1	0.5	25
	chrIX	367601	0	0.5	25
	chrIX	367601	1	1.0	25
	chrIX	367605	1	0.5	25
	chrIX	367647	0	0.5	25
	chrIX	367648	0	0.5	25
	chrIX	367678	1	0.5	25
	chrIX	367700	0	0.5	25
	chrIX	367710	1	0.5	25
	chrIX	367712	1	0.5	25
	chrIX	367722	0	0.5	25
	chrIX	367745	1	0.5	25
	chrIX	367771	1	0.5	25
	chrIX	367778	0	0.5	25
	chrIX	367778	1	0.5	25
	chrIX	367795	0	0.5	25
	chrIX	367827	1	0.5	25
	chrIX	367838	0	1.0	25
	chrIX	367860	1	0.5	25
	chrIX	367894	0	0.5	25
	chrIX	367909	0	1.0	25
	chrIX	367924	0	0.5	25
	chrIX	367953	1	0.5	25
	chrIX	367964	0	0.5	25
	chrIX	367967	1	1.0	25
	chrIX	367992	1	0.5	25
	chrIX	367996	0	0.5	25
	chrIX	368002	1	1.0	25
	chrIX	368013	1	0.5	25
	chrIX	368022	0	0.5	25
	chrIX	368048	1	0.5	25
	chrIX	368063	1	0.5	25
	chrIX	368082	0	0.5	25
	chrIX	368094	0	0.5	25
	chrIX	368103	0	0.5	25
	chrIX	368110	0	0.5	25
	chrIX	368139	1	0.5	25
	chrIX	368142	0	0.5	25
	chrIX	368145	0	0.5	25
	chrIX	368145	1	0.5	25
	chrIX	368167	1	0.5	25
	chrIX	368198	1	0.5	25
	chrIX	368205	0	0.5	25
	chrIX	368213	0	0.5	25
	chrIX	368229	1	0.5	25
	chrIX	368234	1	0.5	25
	chrIX	368238	0	1.0	25
	chrIX	368246	0	0.5	25
	chrIX	368258	1	0.5	25
	chrIX	368278	0	0.5	25
	chrIX	368283	1	0.5	25
	chrIX	368298	0	0.5	25
	chrIX	368299	1	1.0	25
	chrIX	368302	0	0.5	25
	chrIX	368309	0	0.5	25
	chrIX	368318	0	0.5	25
	chrIX	368336	1	0.5	25
	chrIX	368341	0	0.5	25
	chrIX	368348	1	0.5	25
	chrIX	368352	0	0.5	25
	chrIX	368352	1	0.5	25
	chrIX	368368	1	0.5	25
	chrIX	368374	0	0.5	25
	chrIX	368375	0	0.5	25
	chrIX	368378	0	0.5	25
	chrIX	368380	1	0.5	25
	chrIX	368396	1	0.5	25
	chrIX	368436	1	0.5	25
	chrIX	368444	1	1.0	25
	chrIX	368453	1	0.5	25
	chrIX	368476	0	0.5	25
	chrIX	368490	0	0.5	25
	chrIX	368504	0	0.5	25
	chrIX	368560	0	0.5	24
	chrIX	368564	1	0.5	25
	chrIX	368566	1	0.5	25
	chrIX	368572	0	0.5	25
	chrIX	368629	0	0.5	25
	chrIX	368630	1	0.5	25
	chrIX	368640	0	0.5	25
	chrIX	368667	1	0.5	25
	chrIX	368688	0	0.5	25
	chrIX	368690	1	0.5	25
	chrIX	368695	1	0.5	25
	chrIX	368706	0	0.5	25
	chrIX	368708	0	0.5	25
	chrIX	368711	0	0.5	25
	chrIX	368732	1	0.5	25
	chrIX	368736	1	0.5	25
	chrIX	368737	0	0.5	25
	chrIX	368737	1	0.5	25
	chrIX	368785	1	0.5	25
	chrIX	368786	0	0.5	25
	chrIX	368791	0	0.5	25
	chrIX	368823	1	0.5	25
	chrIX	368846	1	0.5	25
	chrIX	368856	1	0.5	25
	chrIX	368858	1	0.5	25
	chrIX	368870	0	0.5	25
	chrIX	368873	0	0.5	25
	chrIX	368895	0	0.5	25
	chrIX	368913	1	0.5	25
	chrIX	368920	0	0.5	25
	chrIX	368921	0	0.5	25
	chrIX	368935	1	0.5	25
	chrIX	368940	0	0.5	25
	chrIX	368943	1	0.5	25
	chrIX	368985	1	0.5	25
	chrIX	368989	0	0.5	25
	chrIX	369013	0	0.5	25
	chrIX	369026	1	0.5	25
	chrIX	369044	1	0.5	25
	chrIX	369049	1	0.5	25
	chrIX	369057	1	0.5	25
	chrIX	369082	1	0.5	25
	chrIX	369128	0	1.0	25
	chrIX	369154	0	0.5	25
	chrIX	369213	0	1.0	25
	chrIX	369217	0	1.0	25
	chrIX	369232	0	0.5	25
	chrIX	369286	1	1.0	25
	chrIX	369315	1	1.0	25
	chrIX	369316	0	0.5	25
	chrIX	369323	0	0.5	25
	chrIX	369326	1	0.5	25
	chrIX	369352	1	0.5	25
	chrIX	369356	1	1.0	25
	chrIX	369396	0	1.5	25
	chrIX	369400	1	0.5	25
	chrIX	369409	1	0.5	25
	chrIX	369413	0	0.5	25
	chrIX	369437	0	0.5	25
	chrIX	369438	0	0.5	25
	chrIX	369450	1	1.5	25
	chrIX	369482	0	0.5	25
	chrIX	369482	1	0.5	25
	chrIX	369509	1	0.5	25
	chrIX	369513	0	1.0	25
	chrIX	369530	0	0.5	25
	chrIX	369531	0	0.5	25
	chrIX	369561	0	0.5	25
	chrIX	369572	0	0.5	25
	chrIX	369576	0	0.5	25
	chrIX	369595	1	0.5	25
	chrIX	369629	1	0.5	25
	chrIX	369630	1	1.0	25
	chrIX	369631	1	1.0	25
	chrIX	369638	0	0.5	25
	chrIX	369645	0	1.0	25
	chrIX	369652	1	0.5	25
	chrIX	369662	1	0.5	25
	chrIX	369687	0	0.5	25
	chrIX	369716	0	0.5	25
	chrIX	369730	1	1.0	25
	chrIX	369775	1	1.0	25
	chrIX	369780	0	0.5	25
	chrIX	369813	1	0.5	25
	chrIX	369830	0	0.5	25
	chrIX	369832	0	0.5	25
	chrIX	369840	0	1.5	25
	chrIX	369889	0	0.5	25
	chrIX	369901	1	0.5	25
	chrIX	369902	1	1.0	25
	chrIX	369909	0	1.0	25
	chrIX	369911	0	0.5	25
	chrIX	369912	0	0.5	25
	chrIX	369920	0	0.5	25
	chrIX	369924	0	1.5	25
	chrIX	369976	0	0.5	25
	chrIX	369980	0	0.5	25
	chrIX	369980	1	0.5	25
	chrIX	369985	1	1.0	25
	chrIX	369986	0	1.0	25
	chrIX	369988	0	1.0	25
	chrIX	369989	1	0.5	25
	chrIX	369993	1	1.5	25
	chrIX	369995	0	1.5	25
	chrIX	369996	0	1.0	25
	chrIX	369997	0	1.0	25
	chrIX	370005	1	1.5	25
	chrIX	370006	0	0.5	25
	chrIX	370007	0	0.5	25
	chrIX	370008	0	0.5	25
	chrIX	370008	1	0.5	25
	chrIX	370014	0	0.5	25
	chrIX	370019	1	0.5	25
	chrIX	370023	0	0.5	25
	chrIX	370023	1	0.5	25
	chrIX	370024	0	0.5	25
	chrIX	370026	0	1.0	25
	chrIX	370032	1	0.5	25
	chrIX	370034	0	0.5	25
	chrIX	370041	0	0.5	25
	chrIX	370041	1	2.0	25
	chrIX	370043	1	0.5	25
	chrIX	370045	1	1.0	25
	chrIX	370053	1	0.5	25
	chrIX	370060	0	0.5	25
	chrIX	370065	1	0.5	25
	chrIX	370070	1	0.5	25
	chrIX	370078	1	1.0	25
	chrIX	370083	1	1.0	25
	chrIX	370086	1	1.0	25
	chrIX	370090	0	0.5	25
	chrIX	370090	1	0.5	25
	chrIX	370112	0	0.5	25
	chrIX	370116	0	0.5	25
	chrIX	370116	1	0.5	25
	chrIX	370120	1	0.5	25
	chrIX	370122	0	0.5	25
	chrIX	370128	1	1.5	25
	chrIX	370129	0	0.5	25
	chrIX	370140	0	0.5	25
	chrIX	370146	1	0.5	25
	chrIX	370179	1	0.5	25
	chrIX	370181	1	0.5	25
	chrIX	370187	1	0.5	25
	chrIX	370212	0	0.5	25
	chrIX	370231	0	0.5	25
	chrIX	370250	0	1.0	25
	chrIX	370254	0	0.5	25
	chrIX	370260	0	0.5	25
	chrIX	370281	1	0.5	25
	chrIX	370290	1	0.5	25
	chrIX	370292	1	0.5	25
	chrIX	370293	0	0.5	25
	chrIX	370312	1	0.5	25
	chrIX	370313	0	0.5	25
	chrIX	370317	1	0.5	25
	chrIX	370318	0	0.5	25
	chrIX	370342	0	1.0	25
	chrIX	370344	1	0.5	25
	chrIX	370352	1	0.5	25
	chrIX	370353	1	0.5	25
	chrIX	370355	1	0.5	25
	chrIX	370356	0	0.5	25
	chrIX	370359	1	1.0	25
	chrIX	370366	1	0.5	25
	chrIX	370384	0	0.5	25
	chrIX	370405	1	1.0	25
	chrIX	370408	0	0.5	25
	chrIX	370437	0	0.5	25
	chrIX	370442	0	0.5	25
	chrIX	370482	0	1.0	25
	chrIX	370491	1	0.5	25
	chrIX	370492	1	0.5	25
	chrIX	370495	1	0.5	25
	chrIX	370499	0	0.5	25
	chrIX	370511	0	0.5	25
	chrIX	370524	1	1.0	25
	chrIX	370542	0	0.5	25
	chrIX	370546	0	0.5	25
	chrIX	370562	1	0.5	25
	chrIX	370568	0	0.5	25
	chrIX	370568	1	0.5	25
	chrIX	370577	0	0.5	25
	chrIX	370577	1	0.5	25
	chrIX	370579	0	1.0	25
	chrIX	370582	0	1.0	25
	chrIX	370591	1	0.5	25
	chrIX	370601	1	0.5	25
	chrIX	370641	1	0.5	25
	chrIX	370659	1	1.0	25
	chrIX	370673	0	0.5	25
	chrIX	370673	1	1.0	25
	chrIX	370674	1	0.5	25
	chrIX	370700	0	0.5	25
	chrIX	370704	1	0.5	25
	chrIX	370718	0	0.5	25
	chrIX	370726	0	0.5	25
	chrIX	370748	1	0.5	25
	chrIX	370750	1	0.5	25
	chrIX	370757	0	1.0	25
	chrIX	370758	0	0.5	25
	chrIX	370762	0	0.5	25
	chrIX	370768	1	0.5	25
	chrIX	370803	0	0.5	25
	chrIX	370810	1	0.5	25
	chrIX	370812	1	1.0	25
	chrIX	370813	0	0.5	25
	chrIX	370827	1	0.5	25
	chrIX	370852	1	0.5	25
	chrIX	370853	1	0.5	25
	chrIX	370878	0	1.0	25
	chrIX	370888	0	1.0	25
	chrIX	370896	0	0.5	25
	chrIX	370896	1	0.5	25
	chrIX	370911	0	0.5	25
	chrIX	370947	1	0.5	25
	chrIX	370952	0	0.5	25
	chrIX	370974	0	0.5	25
	chrIX	370998	1	0.5	25
	chrIX	371004	1	0.5	25
	chrIX	371008	0	0.5	25
	chrIX	371019	1	0.5	25
	chrIX	371042	0	0.5	25
	chrIX	371044	1	1.0	25
	chrIX	371054	1	0.5	25
	chrIX	371098	0	0.5	25
	chrIX	371108	1	0.5	25
	chrIX	371121	0	0.5	25
	chrIX	371134	1	0.5	25
	chrIX	371148	1	0.5	25
	chrIX	371154	0	0.5	25
	chrIX	371159	0	0.5	25
	chrIX	371198	1	0.5	25
	chrIX	371199	0	0.5	25
	chrIX	371207	1	0.5	25
	chrIX	371237	0	0.5	25
	chrIX	371252	0	0.5	25
	chrIX	371252	1	0.5	25
	chrIX	371253	1	0.5	25
	chrIX	371299	0	0.5	25
	chrIX	371316	1	0.5	25
	chrIX	371318	1	0.5	25
	chrIX	371323	1	0.5	25
	chrIX	371330	0	0.5	25
	chrIX	371331	0	1.0	25
	chrIX	371395	1	0.5	25
	chrIX	371418	1	1.0	25
	chrIX	371435	1	0.5	25
	chrIX	371438	0	0.5	25
	chrIX	371441	0	0.5	25
	chrIX	371481	1	0.5	25
	chrIX	371504	1	0.5	25
	chrIX	371531	0	0.5	25
	chrIX	371532	0	0.5	25
	chrIX	371548	0	0.5	25
	chrIX	371563	0	0.5	25
	chrIX	371586	1	0.5	25
	chrIX	371587	1	0.5	25
	chrIX	371615	1	0.5	25
	chrIX	371632	0	0.5	25
	chrIX	371644	0	0.5	25
	chrIX	371646	1	0.5	25
	chrIX	371685	0	0.5	25
	chrIX	371688	0	0.5	25
	chrIX	371698	0	0.5	25
	chrIX	371718	0	0.5	25
	chrIX	371739	1	1.0	25
	chrIX	371743	0	0.5	25
	chrIX	371743	1	0.5	25
	chrIX	371762	0	0.5	25
	chrIX	371778	1	0.5	25
	chrIX	371816	0	0.5	25
	chrIX	371833	1	0.5	25
	chrIX	371846	1	0.5	25
	chrIX	371851	0	0.5	25
	chrIX	371852	0	0.5	25
	chrIX	371876	1	1.0	25
	chrIX	371879	0	1.0	25
	chrIX	371883	1	0.5	25
	chrIX	371894	0	0.5	25
	chrIX	371900	0	0.5	25
	chrIX	371904	0	0.5	25
	chrIX	371915	1	0.5	25
	chrIX	371943	0	0.5	25
	chrIX	371948	1	1.0	25
	chrIX	371951	0	0.5	25
	chrIX	371953	0	0.5	25
	chrIX	371953	1	0.5	25
	chrIX	371954	0	0.5	25
	chrIX	371971	0	0.5	25
	chrIX	371973	0	0.5	25
	chrIX	371992	1	0.5	25
	chrIX	371995	1	0.5	25
	chrIX	372005	0	0.5	25
	chrIX	372013	1	0.5	25
	chrIX	372015	0	0.5	25
	chrIX	372015	1	0.5	25
	chrIX	372020	1	0.5	25
	chrIX	372022	1	0.5	25
	chrIX	372029	1	0.5	25
	chrIX	372037	1	0.5	25
	chrIX	372048	1	0.5	25
	chrIX	372059	0	1.0	25
	chrIX	372064	0	0.5	25
	chrIX	372074	1	0.5	25
	chrIX	372075	0	0.5	25
	chrIX	372094	0	0.5	25
	chrIX	372107	1	1.0	25
	chrIX	372109	0	1.0	25
	chrIX	372155	1	0.5	25
	chrIX	372156	1	0.5	25
	chrIX	372173	0	0.5	25
	chrIX	372174	0	0.5	25
	chrIX	372218	0	0.5	25
	chrIX	372226	0	0.5	25
	chrIX	372230	0	0.5	25
	chrIX	372235	0	1.0	25
	chrIX	372235	1	1.0	25
	chrIX	372254	1	0.5	25
	chrIX	372255	0	0.5	25
	chrIX	372259	0	0.5	25
	chrIX	372263	1	0.5	25
	chrIX	372278	1	0.5	25
	chrIX	372285	1	0.5	25
	chrIX	372297	1	0.5	25
	chrIX	372300	1	0.5	25
	chrIX	372313	0	1.0	25
	chrIX	372334	0	0.5	25
	chrIX	372364	0	0.5	25
	chrIX	372369	1	1.0	25
	chrIX	372380	1	0.5	25
	chrIX	372390	1	0.5	25
	chrIX	372398	1	0.5	25
	chrIX	372415	1	0.5	25
	chrIX	372426	1	0.5	25
	chrIX	372460	0	0.5	25
	chrIX	372463	0	0.5	25
	chrIX	372470	1	1.0	25
	chrIX	372498	0	1.0	25
	chrIX	372521	1	0.5	25
	chrIX	372545	0	0.5	25
	chrIX	372572	1	0.5	25
	chrIX	372575	0	0.5	25
	chrIX	372580	0	0.5	25
	chrIX	372588	1	1.0	25
	chrIX	372647	1	0.5	25
	chrIX	372658	0	0.5	25
	chrIX	372676	0	0.5	25
	chrIX	372743	0	0.5	25
	chrIX	372750	1	0.5	25
	chrIX	372783	1	0.5	25
	chrIX	372784	0	1.0	25
	chrIX	372789	1	0.5	25
	chrIX	372806	0	0.5	25
	chrIX	372814	0	1.0	25
	chrIX	372847	1	1.0	25
	chrIX	372850	0	0.5	25
	chrIX	372852	0	0.5	25
	chrIX	372857	0	0.5	24
	chrIX	372857	0	0.5	25
	chrIX	372867	1	0.5	25
	chrIX	372878	1	0.5	25
	chrIX	372898	1	0.5	25
	chrIX	372902	0	0.5	25
	chrIX	372914	1	0.5	25
	chrIX	372934	1	0.5	25
	chrIX	372983	1	0.5	25
	chrIX	372990	0	0.5	25
	chrIX	373020	1	0.5	25
	chrIX	373033	1	1.0	25
	chrIX	373035	1	0.5	25
	chrIX	373037	0	0.5	25
	chrIX	373039	0	0.5	25
	chrIX	373043	0	0.5	25
	chrIX	373060	1	0.5	25
	chrIX	373087	1	0.5	25
	chrIX	373099	0	0.5	25
	chrIX	373128	0	0.5	25
	chrIX	373138	0	0.5	25
	chrIX	373141	1	0.5	25
	chrIX	373154	0	0.5	25
	chrIX	373177	1	0.5	25
	chrIX	373189	0	0.5	25
	chrIX	373203	0	0.5	25
	chrIX	373207	1	0.5	25
	chrIX	373220	0	0.5	25
	chrIX	373244	1	1.0	25
	chrIX	373245	0	0.5	25
	chrIX	373246	0	0.5	25
	chrIX	373251	0	0.5	25
	chrIX	373265	1	0.5	25
	chrIX	373284	0	0.5	25
	chrIX	373302	1	0.5	25
	chrIX	373306	1	0.5	25
	chrIX	373315	0	0.5	25
	chrIX	373316	1	0.5	25
	chrIX	373322	1	0.5	25
	chrIX	373339	0	0.5	25
	chrIX	373340	0	1.0	25
	chrIX	373341	1	0.5	25
	chrIX	373348	0	0.5	25
	chrIX	373356	0	0.5	25
	chrIX	373380	0	0.5	25
	chrIX	373382	1	0.5	25
	chrIX	373386	1	0.5	25
	chrIX	373391	0	0.5	25
	chrIX	373391	1	0.5	25
	chrIX	373406	1	0.5	25
	chrIX	373407	1	0.5	25
	chrIX	373411	1	0.5	25
	chrIX	373418	1	0.5	25
	chrIX	373446	0	0.5	25
	chrIX	373454	0	0.5	25
	chrIX	373477	0	0.5	25
	chrIX	373494	0	0.5	25
	chrIX	373504	1	0.5	25
	chrIX	373536	0	0.5	25
	chrIX	373537	1	0.5	25
	chrIX	373539	0	0.5	25
	chrIX	373542	1	0.5	25
	chrIX	373554	0	0.5	25
	chrIX	373558	0	1.5	25
	chrIX	373567	0	0.5	25
	chrIX	373569	1	0.5	25
	chrIX	373583	1	0.5	25
	chrIX	373591	1	0.5	25
	chrIX	373604	1	0.5	25
	chrIX	373616	0	0.5	25
	chrIX	373634	1	0.5	25
	chrIX	373635	0	0.5	25
	chrIX	373682	0	0.5	25
	chrIX	373682	1	0.5	25
	chrIX	373699	1	0.5	25
	chrIX	373724	1	0.5	25
	chrIX	373725	0	0.5	25
	chrIX	373766	1	0.5	25
	chrIX	373794	1	0.5	25
	chrIX	373797	0	0.5	25
	chrIX	373812	0	0.5	25
	chrIX	373843	1	0.5	25
	chrIX	373859	0	0.5	25
	chrIX	373862	1	1.5	25
	chrIX	373863	0	0.5	25
	chrIX	373867	1	0.5	25
	chrIX	373873	1	0.5	25
	chrIX	373886	1	0.5	25
	chrIX	373891	1	0.5	25
	chrIX	373951	0	0.5	25
	chrIX	373989	0	0.5	25
	chrIX	373994	0	0.5	25
	chrIX	374008	1	0.5	25
	chrIX	374017	0	0.5	25
	chrIX	374053	0	0.5	25
	chrIX	374055	0	0.5	25
	chrIX	374055	1	0.5	25
	chrIX	374067	0	1.0	25
	chrIX	374084	1	0.5	25
	chrIX	374103	0	0.5	25
	chrIX	374105	1	0.5	25
	chrIX	374110	1	0.5	25
	chrIX	374123	1	0.5	25
	chrIX	374151	0	0.5	25
	chrIX	374160	1	1.0	25
	chrIX	374171	1	0.5	25
	chrIX	374184	0	0.5	25
	chrIX	374216	0	0.5	25
	chrIX	374216	1	0.5	25
	chrIX	374221	1	0.5	25
	chrIX	374240	0	1.5	25
	chrIX	374274	0	0.5	25
	chrIX	374295	0	0.5	25
	chrIX	374310	0	0.5	25
	chrIX	374321	0	0.5	25
	chrIX	374321	1	0.5	25
	chrIX	374343	0	0.5	25
	chrIX	374345	1	0.5	25
	chrIX	374358	0	1.5	25
	chrIX	374359	0	0.5	25
	chrIX	374360	0	0.5	25
	chrIX	374362	1	0.5	25
	chrIX	374372	1	0.5	25
	chrIX	374375	1	0.5	25
	chrIX	374384	0	1.5	25
	chrIX	374386	0	0.5	25
	chrIX	374392	0	0.5	25
	chrIX	374399	1	0.5	25
	chrIX	374411	0	0.5	25
	chrIX	374414	1	0.5	25
	chrIX	374420	1	1.0	25
	chrIX	374422	1	1.0	25
	chrIX	374440	0	0.5	25
	chrIX	374442	1	0.5	25
	chrIX	374447	1	0.5	25
	chrIX	374449	1	3.0	25
	chrIX	374450	0	0.5	25
	chrIX	374454	0	0.5	25
	chrIX	374456	1	0.5	25
	chrIX	374457	0	0.5	25
	chrIX	374502	1	0.5	25
	chrIX	374520	1	0.5	25
	chrIX	374533	0	0.5	25
	chrIX	374543	0	0.5	25
	chrIX	374550	1	0.5	25
	chrIX	374567	0	0.5	25
	chrIX	374630	0	0.5	25
	chrIX	374630	1	0.5	25
	chrIX	374642	1	0.5	25
	chrIX	374644	1	0.5	25
	chrIX	374645	0	0.5	25
	chrIX	374676	1	0.5	25
	chrIX	374680	1	0.5	25
	chrIX	374683	0	0.5	25
	chrIX	374700	1	0.5	25
	chrIX	374738	0	0.5	25
	chrIX	374743	1	0.5	25
	chrIX	374746	0	0.5	25
	chrIX	374748	0	0.5	25
	chrIX	374754	0	0.5	25
	chrIX	374767	0	0.5	25
	chrIX	374787	1	0.5	25
	chrIX	374809	0	0.5	25
	chrIX	374814	1	1.0	25
	chrIX	374818	1	0.5	25
	chrIX	374822	1	0.5	25
	chrIX	374845	1	0.5	25
	chrIX	374858	0	0.5	25
	chrIX	374872	0	0.5	25
	chrIX	374893	1	0.5	25
	chrIX	374914	0	1.0	25
	chrIX	374939	0	0.5	25
	chrIX	374943	0	0.5	25
	chrIX	374953	1	0.5	25
	chrIX	374981	1	1.0	25
	chrIX	374992	1	0.5	25
	chrIX	375002	0	0.5	25
	chrIX	375014	1	0.5	25
	chrIX	375025	0	0.5	25
	chrIX	375030	0	0.5	25
	chrIX	375036	1	0.5	25
	chrIX	375041	0	1.0	25
	chrIX	375044	0	0.5	25
	chrIX	375052	0	0.5	25
	chrIX	375057	0	0.5	25
	chrIX	375060	0	0.5	25
	chrIX	375068	1	0.5	25
	chrIX	375083	0	0.5	25
	chrIX	375083	1	0.5	25
	chrIX	375097	0	0.5	25
	chrIX	375103	0	0.5	25
	chrIX	375109	0	0.5	25
	chrIX	375116	1	1.0	25
	chrIX	375118	1	0.5	25
	chrIX	375128	1	0.5	25
	chrIX	375146	0	1.0	25
	chrIX	375166	1	0.5	25
	chrIX	375170	1	0.5	25
	chrIX	375180	1	0.5	25
	chrIX	375181	0	0.5	25
	chrIX	375188	1	1.0	25
	chrIX	375194	0	0.5	25
	chrIX	375200	0	1.5	25
	chrIX	375203	0	1.5	25
	chrIX	375212	0	0.5	25
	chrIX	375212	1	1.0	25
	chrIX	375216	0	1.5	25
	chrIX	375217	0	3.5	25
	chrIX	375218	0	1.5	25
	chrIX	375219	0	1.0	25
	chrIX	375227	0	1.5	25
	chrIX	375228	0	1.5	25
	chrIX	375228	1	0.5	25
	chrIX	375238	0	0.5	25
	chrIX	375240	0	0.5	25
	chrIX	375246	0	1.0	25
	chrIX	375247	0	0.5	25
	chrIX	375248	0	0.5	25
	chrIX	375248	1	1.0	25
	chrIX	375249	0	1.5	25
	chrIX	375253	0	0.5	25
	chrIX	375274	1	1.0	25
	chrIX	375275	0	0.5	25
	chrIX	375276	1	0.5	25
	chrIX	375280	1	7.0	25
	chrIX	375281	0	1.0	25
	chrIX	375283	1	1.5	25
	chrIX	375284	1	2.0	25
	chrIX	375286	1	0.5	25
	chrIX	375287	0	0.5	25
	chrIX	375291	0	1.0	25
	chrIX	375292	1	0.5	25
	chrIX	375300	1	0.5	25
	chrIX	375305	1	0.5	25
	chrIX	375306	1	1.5	25
	chrIX	375307	1	1.0	25
	chrIX	375312	1	1.0	25
	chrIX	375320	1	0.5	25
	chrIX	375328	1	0.5	25
	chrIX	375329	1	0.5	25
	chrIX	375343	1	1.0	25
	chrIX	375358	1	0.5	25
	chrIX	375359	1	0.5	25
	chrIX	375391	1	0.5	25
	chrIX	375401	0	1.0	25
	chrIX	375442	1	0.5	25
	chrIX	375451	1	0.5	25
	chrIX	375453	0	0.5	25
	chrIX	375456	0	1.0	25
	chrIX	375469	0	1.0	25
	chrIX	375485	0	1.0	25
	chrIX	375495	0	0.5	25
	chrIX	375497	1	0.5	25
	chrIX	375501	1	1.5	25
	chrIX	375502	0	0.5	25
	chrIX	375508	0	0.5	25
	chrIX	375523	1	1.0	25
	chrIX	375587	1	0.5	25
	chrIX	375642	1	0.5	25
	chrIX	375653	0	0.5	25
	chrIX	375662	1	1.0	25
	chrIX	375665	0	0.5	25
	chrIX	375665	1	0.5	25
	chrIX	375668	0	0.5	25
	chrIX	375709	1	0.5	25
	chrIX	375716	0	0.5	25
	chrIX	375723	1	0.5	25
	chrIX	375724	0	0.5	25
	chrIX	375736	1	0.5	25
	chrIX	375753	0	0.5	25
	chrIX	375766	1	0.5	25
	chrIX	375785	0	0.5	25
	chrIX	375785	1	0.5	25
	chrIX	375803	0	0.5	25
	chrIX	375814	1	0.5	25
	chrIX	375851	0	0.5	25
	chrIX	375852	1	0.5	25
	chrIX	375871	0	1.0	25
	chrIX	375882	0	1.0	25
	chrIX	375884	1	0.5	25
	chrIX	375920	1	1.0	25
	chrIX	375924	1	0.5	25
	chrIX	375943	0	0.5	25
	chrIX	375950	0	0.5	25
	chrIX	375960	0	0.5	25
	chrIX	375971	1	0.5	25
	chrIX	376010	1	0.5	25
	chrIX	376024	1	1.5	25
	chrIX	376032	0	1.0	25
	chrIX	376042	1	0.5	25
	chrIX	376084	0	0.5	25
	chrIX	376109	0	0.5	25
	chrIX	376142	1	0.5	25
	chrIX	376176	1	1.0	25
	chrIX	376180	1	0.5	25
	chrIX	376206	0	0.5	25
	chrIX	376221	0	0.5	25
	chrIX	376237	0	0.5	25
	chrIX	376249	1	0.5	25
	chrIX	376262	0	0.5	25
	chrIX	376320	1	0.5	25
	chrIX	376328	1	0.5	25
	chrIX	376332	1	0.5	25
	chrIX	376337	0	0.5	25
	chrIX	376368	0	0.5	25
	chrIX	376399	0	1.5	25
	chrIX	376403	1	0.5	25
	chrIX	376404	0	0.5	25
	chrIX	376407	0	0.5	25
	chrIX	376419	0	0.5	25
	chrIX	376459	1	1.5	25
	chrIX	376473	1	0.5	25
	chrIX	376526	0	0.5	25
	chrIX	376533	1	0.5	25
	chrIX	376554	1	0.5	25
	chrIX	376576	0	0.5	25
	chrIX	376593	0	0.5	25
	chrIX	376624	1	0.5	25
	chrIX	376637	0	0.5	25
	chrIX	376638	1	0.5	25
	chrIX	376651	0	0.5	25
	chrIX	376657	1	0.5	25
	chrIX	376659	0	0.5	25
	chrIX	376665	1	0.5	25
	chrIX	376670	0	0.5	25
	chrIX	376688	0	0.5	25
	chrIX	376691	0	0.5	25
	chrIX	376724	1	0.5	25
	chrIX	376729	1	0.5	25
	chrIX	376756	1	0.5	25
	chrIX	376760	0	0.5	25
	chrIX	376761	1	0.5	25
	chrIX	376765	1	0.5	25
	chrIX	376777	1	0.5	25
	chrIX	376797	0	0.5	25
	chrIX	376810	0	0.5	25
	chrIX	376854	0	0.5	25
	chrIX	376878	1	0.5	25
	chrIX	376917	1	0.5	25
	chrIX	376927	1	0.5	25
	chrIX	376940	0	0.5	25
	chrIX	376950	0	0.5	25
	chrIX	376972	1	0.5	25
	chrIX	376990	0	0.5	25
	chrIX	377016	1	0.5	25
	chrIX	377024	0	0.5	25
	chrIX	377026	1	0.5	25
	chrIX	377029	0	0.5	25
	chrIX	377042	0	0.5	25
	chrIX	377045	0	0.5	25
	chrIX	377048	1	0.5	25
	chrIX	377055	0	0.5	25
	chrIX	377080	0	0.5	25
	chrIX	377091	1	0.5	25
	chrIX	377118	0	0.5	25
	chrIX	377130	1	0.5	25
	chrIX	377133	0	0.5	25
	chrIX	377139	0	0.5	25
	chrIX	377141	1	0.5	25
	chrIX	377148	1	1.0	25
	chrIX	377155	0	0.5	25
	chrIX	377168	0	0.5	25
	chrIX	377174	1	0.5	25
	chrIX	377201	1	0.5	25
	chrIX	377211	1	0.5	25
	chrIX	377225	1	0.5	25
	chrIX	377226	1	0.5	25
	chrIX	377233	0	1.0	25
	chrIX	377241	0	0.5	25
	chrIX	377254	0	0.5	25
	chrIX	377285	0	0.5	25
	chrIX	377291	0	0.5	25
	chrIX	377303	1	0.5	25
	chrIX	377322	1	2.0	25
	chrIX	377337	1	0.5	25
	chrIX	377340	0	0.5	25
	chrIX	377364	1	0.5	25
	chrIX	377426	1	0.5	25
	chrIX	377433	0	0.5	25
	chrIX	377493	1	0.5	23
	chrIX	377500	0	0.5	25
	chrIX	377534	0	0.5	25
	chrIX	377539	0	0.5	25
	chrIX	377589	1	0.5	25
	chrIX	377594	1	0.5	25
	chrIX	377626	0	1.0	25
	chrIX	377638	0	0.5	25
	chrIX	377644	0	0.5	25
	chrIX	377667	0	0.5	25
	chrIX	377674	1	0.5	25
	chrIX	377697	1	0.5	25
	chrIX	377706	1	0.5	25
	chrIX	377729	0	0.5	25
	chrIX	377740	0	0.5	25
	chrIX	377764	0	0.5	25
	chrIX	377765	1	0.5	25
	chrIX	377785	0	0.5	25
	chrIX	377804	1	0.5	25
	chrIX	377810	1	1.0	25
	chrIX	377815	0	1.0	25
	chrIX	377820	1	1.0	25
	chrIX	377828	0	0.5	25
	chrIX	377849	0	0.5	25
	chrIX	377872	0	0.5	25
	chrIX	377884	1	0.5	25
	chrIX	377903	0	0.5	25
	chrIX	377904	1	0.5	25
	chrIX	377914	1	0.5	25
	chrIX	377945	1	0.5	25
	chrIX	377947	1	0.5	25
	chrIX	377964	0	0.5	25
	chrIX	377971	1	1.0	25
	chrIX	377985	0	0.5	25
	chrIX	377989	0	0.5	25
	chrIX	378020	0	0.5	25
	chrIX	378049	0	0.5	25
	chrIX	378073	1	0.5	25
	chrIX	378106	1	0.5	25
	chrIX	378122	1	0.5	25
	chrIX	378132	0	0.5	25
	chrIX	378136	1	0.5	25
	chrIX	378147	0	0.5	25
	chrIX	378150	1	0.5	25
	chrIX	378175	0	0.5	25
	chrIX	378203	1	0.5	25
	chrIX	378258	0	0.5	25
	chrIX	378275	1	0.5	25
	chrIX	378299	0	0.5	25
	chrIX	378300	0	1.0	25
	chrIX	378301	0	2.0	25
	chrIX	378301	1	0.5	25
	chrIX	378310	0	1.0	25
	chrIX	378313	0	0.5	25
	chrIX	378313	1	0.5	25
	chrIX	378317	0	2.0	25
	chrIX	378318	0	1.5	25
	chrIX	378319	0	2.0	25
	chrIX	378321	0	0.5	25
	chrIX	378323	0	1.0	25
	chrIX	378328	0	0.5	25
	chrIX	378329	0	1.0	25
	chrIX	378330	0	0.5	25
	chrIX	378331	0	0.5	25
	chrIX	378333	0	1.0	25
	chrIX	378334	0	0.5	25
	chrIX	378335	0	1.5	25
	chrIX	378338	0	0.5	25
	chrIX	378340	0	0.5	25
	chrIX	378341	0	0.5	25
	chrIX	378354	1	0.5	25
	chrIX	378356	0	2.5	25
	chrIX	378358	0	1.0	25
	chrIX	378365	0	0.5	25
	chrIX	378372	1	0.5	25
	chrIX	378379	1	0.5	25
	chrIX	378387	1	1.0	25
	chrIX	378395	1	0.5	25
	chrIX	378396	1	0.5	25
	chrIX	378397	1	6.0	25
	chrIX	378398	1	0.5	25
	chrIX	378399	1	0.5	25
	chrIX	378402	1	0.5	25
	chrIX	378404	1	0.5	25
	chrIX	378407	1	4.0	25
	chrIX	378408	1	0.5	25
	chrIX	378409	1	0.5	25
	chrIX	378414	1	0.5	25
	chrIX	378415	1	0.5	25
	chrIX	378416	1	0.5	25
	chrIX	378417	1	0.5	25
	chrIX	378430	1	2.0	25
	chrIX	378431	1	1.5	25
	chrIX	378432	0	0.5	25
	chrIX	378445	1	0.5	25
	chrIX	378493	1	0.5	25
	chrIX	378496	0	0.5	25
	chrIX	378509	0	1.0	25
	chrIX	378510	0	1.0	25
	chrIX	378512	0	0.5	25
	chrIX	378519	0	0.5	25
	chrIX	378565	0	1.0	25
	chrIX	378570	1	0.5	25
	chrIX	378571	1	0.5	25
	chrIX	378578	0	0.5	25
	chrIX	378604	1	0.5	25
	chrIX	378624	1	1.0	25
	chrIX	378629	1	1.0	25
	chrIX	378633	1	0.5	25
	chrIX	378657	1	0.5	25
	chrIX	378663	1	1.0	25
	chrIX	378673	0	0.5	25
	chrIX	378732	0	0.5	25
	chrIX	378754	1	0.5	25
	chrIX	378759	0	0.5	25
	chrIX	378805	0	0.5	25
	chrIX	378806	1	0.5	25
	chrIX	378845	1	0.5	25
	chrIX	378857	0	0.5	25
	chrIX	378866	1	0.5	25
	chrIX	378909	1	0.5	25
	chrIX	378948	0	0.5	25
	chrIX	379049	0	0.5	25
	chrIX	379079	0	0.5	25
	chrIX	379089	1	0.5	25
	chrIX	379094	0	0.5	25
	chrIX	379112	0	0.5	25
	chrIX	379117	0	1.0	25
	chrIX	379118	0	0.5	25
	chrIX	379130	0	0.5	25
	chrIX	379157	1	0.5	25
	chrIX	379162	1	1.0	25
	chrIX	379176	1	1.5	25
	chrIX	379180	1	0.5	25
	chrIX	379195	1	0.5	25
	chrIX	379197	0	0.5	25
	chrIX	379267	0	0.5	25
	chrIX	379268	0	0.5	25
	chrIX	379288	0	0.5	25
	chrIX	379290	0	0.5	25
	chrIX	379292	1	0.5	25
	chrIX	379320	1	0.5	25
	chrIX	379336	0	0.5	25
	chrIX	379340	1	0.5	25
	chrIX	379345	0	1.0	25
	chrIX	379345	1	0.5	25
	chrIX	379361	1	0.5	25
	chrIX	379415	0	1.0	25
	chrIX	379425	1	1.0	25
	chrIX	379426	0	0.5	25
	chrIX	379431	1	0.5	25
	chrIX	379460	0	0.5	25
	chrIX	379475	0	0.5	25
	chrIX	379491	1	1.0	25
	chrIX	379502	0	0.5	25
	chrIX	379512	0	0.5	25
	chrIX	379522	1	0.5	25
	chrIX	379549	1	0.5	25
	chrIX	379551	0	0.5	25
	chrIX	379560	1	0.5	25
	chrIX	379595	0	1.0	25
	chrIX	379608	1	0.5	25
	chrIX	379619	0	1.0	25
	chrIX	379676	1	1.0	25
	chrIX	379679	1	1.0	25
	chrIX	379704	0	0.5	25
	chrIX	379716	0	0.5	25
	chrIX	379734	0	0.5	25
	chrIX	379745	0	0.5	25
	chrIX	379782	1	0.5	25
	chrIX	379784	1	1.5	25
	chrIX	379787	0	0.5	25
	chrIX	379794	1	0.5	25
	chrIX	379795	0	0.5	25
	chrIX	379818	1	0.5	25
	chrIX	379831	1	0.5	25
	chrIX	379844	0	0.5	25
	chrIX	379847	1	0.5	25
	chrIX	379849	0	1.0	25
	chrIX	379851	0	0.5	25
	chrIX	379859	0	1.0	25
	chrIX	379868	0	0.5	25
	chrIX	379869	0	1.0	25
	chrIX	379870	0	2.0	25
	chrIX	379875	0	0.5	25
	chrIX	379880	0	0.5	25
	chrIX	379881	0	0.5	25
	chrIX	379893	0	0.5	25
	chrIX	379895	0	0.5	25
	chrIX	379896	1	0.5	25
	chrIX	379902	0	0.5	25
	chrIX	379913	0	1.0	25
	chrIX	379914	1	0.5	24
	chrIX	379914	1	0.5	25
	chrIX	379919	1	1.0	25
	chrIX	379922	0	0.5	25
	chrIX	379929	1	0.5	25
	chrIX	379930	1	2.0	25
	chrIX	379931	1	0.5	25
	chrIX	379932	0	0.5	25
	chrIX	379941	0	1.0	25
	chrIX	379941	1	0.5	25
	chrIX	379943	0	0.5	25
	chrIX	379949	1	0.5	25
	chrIX	379952	1	2.5	25
	chrIX	379954	1	0.5	25
	chrIX	379964	0	0.5	25
	chrIX	379973	1	1.0	25
	chrIX	379997	0	0.5	25
	chrIX	380013	1	1.0	25
	chrIX	380017	0	0.5	25
	chrIX	380061	1	0.5	25
	chrIX	380092	0	0.5	25
	chrIX	380092	1	1.0	25
	chrIX	380100	0	1.0	25
	chrIX	380117	1	0.5	25
	chrIX	380128	1	0.5	25
	chrIX	380131	1	0.5	25
	chrIX	380155	1	0.5	25
	chrIX	380163	0	0.5	25
	chrIX	380193	1	0.5	25
	chrIX	380215	0	0.5	25
	chrIX	380219	0	0.5	25
	chrIX	380229	0	0.5	25
	chrIX	380254	0	0.5	25
	chrIX	380267	0	0.5	25
	chrIX	380309	1	0.5	25
	chrIX	380336	1	0.5	25
	chrIX	380360	1	0.5	25
	chrIX	380366	1	0.5	25
	chrIX	380376	0	0.5	25
	chrIX	380384	1	0.5	25
	chrIX	380386	1	0.5	25
	chrIX	380396	0	1.0	25
	chrIX	380445	1	0.5	25
	chrIX	380449	1	0.5	25
	chrIX	380477	0	0.5	25
	chrIX	380484	1	1.0	25
	chrIX	380537	1	0.5	25
	chrIX	380555	0	0.5	25
	chrIX	380559	0	0.5	25
	chrIX	380562	0	0.5	25
	chrIX	380579	0	1.0	25
	chrIX	380591	1	0.5	25
	chrIX	380592	0	0.5	25
	chrIX	380613	1	0.5	25
	chrIX	380616	1	0.5	25
	chrIX	380624	0	0.5	25
	chrIX	380653	1	0.5	25
	chrIX	380660	0	1.0	25
	chrIX	380667	0	0.5	25
	chrIX	380671	1	1.0	25
	chrIX	380674	0	0.5	25
	chrIX	380696	0	0.5	25
	chrIX	380698	1	0.5	25
	chrIX	380709	1	1.0	25
	chrIX	380715	1	0.5	25
	chrIX	380747	1	0.5	25
	chrIX	380771	1	0.5	25
	chrIX	380850	0	0.5	25
	chrIX	380869	0	1.0	25
	chrIX	380886	0	0.5	25
	chrIX	380897	0	1.0	25
	chrIX	380898	0	0.5	25
	chrIX	380913	1	0.5	25
	chrIX	380914	0	2.0	25
	chrIX	380915	0	2.0	25
	chrIX	380916	0	8.5	25
	chrIX	380928	0	1.0	23
	chrIX	380928	0	1.0	25
	chrIX	380929	0	0.5	25
	chrIX	380930	0	0.5	25
	chrIX	380935	0	0.5	25
	chrIX	380940	0	0.5	25
	chrIX	380947	0	0.5	25
	chrIX	380950	0	0.5	25
	chrIX	380972	1	0.5	25
	chrIX	380973	0	0.5	25
	chrIX	380973	1	1.0	25
	chrIX	380976	1	0.5	25
	chrIX	380982	1	2.0	25
	chrIX	380983	1	5.5	25
	chrIX	380984	0	0.5	25
	chrIX	380984	1	0.5	23
	chrIX	380984	1	2.0	25
	chrIX	380985	0	0.5	24
	chrIX	380989	1	1.0	25
	chrIX	380990	1	0.5	25
	chrIX	380992	0	0.5	25
	chrIX	380993	0	0.5	25
	chrIX	380994	1	0.5	25
	chrIX	381002	1	0.5	25
	chrIX	381005	1	0.5	25
	chrIX	381008	1	0.5	25
	chrIX	381014	1	0.5	25
	chrIX	381016	1	1.0	25
	chrIX	381019	1	0.5	25
	chrIX	381023	1	1.0	25
	chrIX	381024	1	1.0	25
	chrIX	381035	1	0.5	25
	chrIX	381044	1	0.5	25
	chrIX	381045	1	0.5	25
	chrIX	381060	0	0.5	25
	chrIX	381086	0	0.5	25
	chrIX	381108	1	0.5	25
	chrIX	381111	0	0.5	25
	chrIX	381130	0	1.0	25
	chrIX	381131	0	0.5	25
	chrIX	381139	1	0.5	25
	chrIX	381143	0	0.5	25
	chrIX	381162	1	0.5	25
	chrIX	381173	0	0.5	25
	chrIX	381176	0	0.5	25
	chrIX	381185	1	1.0	25
	chrIX	381195	0	0.5	25
	chrIX	381196	0	0.5	25
	chrIX	381198	0	0.5	25
	chrIX	381198	1	0.5	25
	chrIX	381199	1	0.5	25
	chrIX	381202	0	0.5	25
	chrIX	381219	1	0.5	25
	chrIX	381227	0	0.5	25
	chrIX	381240	1	0.5	25
	chrIX	381244	1	0.5	25
	chrIX	381247	1	0.5	25
	chrIX	381248	1	0.5	25
	chrIX	381260	1	0.5	25
	chrIX	381261	1	0.5	25
	chrIX	381280	0	0.5	25
	chrIX	381285	0	0.5	25
	chrIX	381307	1	0.5	25
	chrIX	381309	0	0.5	25
	chrIX	381311	0	0.5	25
	chrIX	381322	0	0.5	25
	chrIX	381326	1	0.5	25
	chrIX	381340	1	0.5	25
	chrIX	381342	0	0.5	25
	chrIX	381346	1	0.5	25
	chrIX	381382	1	0.5	25
	chrIX	381386	1	0.5	25
	chrIX	381413	1	0.5	25
	chrIX	381418	1	0.5	25
	chrIX	381432	1	1.0	25
	chrIX	381438	0	0.5	25
	chrIX	381466	0	0.5	25
	chrIX	381495	0	0.5	25
	chrIX	381508	1	0.5	25
	chrIX	381516	0	1.0	25
	chrIX	381527	1	0.5	25
	chrIX	381533	0	0.5	25
	chrIX	381539	0	0.5	25
	chrIX	381564	1	1.0	25
	chrIX	381576	0	0.5	25
	chrIX	381578	1	0.5	25
	chrIX	381612	0	0.5	25
	chrIX	381620	0	0.5	25
	chrIX	381635	1	0.5	25
	chrIX	381638	1	0.5	25
	chrIX	381666	0	0.5	25
	chrIX	381685	1	0.5	25
	chrIX	381706	1	0.5	25
	chrIX	381713	1	0.5	25
	chrIX	381720	0	0.5	25
	chrIX	381721	0	0.5	25
	chrIX	381729	0	0.5	25
	chrIX	381753	0	0.5	25
	chrIX	381781	0	0.5	25
	chrIX	381782	1	0.5	25
	chrIX	381795	1	0.5	25
	chrIX	381798	1	0.5	25
	chrIX	381803	0	0.5	25
	chrIX	381807	1	0.5	25
	chrIX	381814	0	0.5	25
	chrIX	381821	0	0.5	25
	chrIX	381823	0	0.5	25
	chrIX	381824	0	0.5	25
	chrIX	381830	0	0.5	25
	chrIX	381854	0	0.5	25
	chrIX	381865	1	0.5	25
	chrIX	381870	1	0.5	25
	chrIX	381875	1	0.5	25
	chrIX	381877	1	0.5	25
	chrIX	381882	1	0.5	25
	chrIX	381890	0	0.5	25
	chrIX	381890	1	0.5	25
	chrIX	381891	0	0.5	25
	chrIX	381895	0	0.5	25
	chrIX	381895	1	0.5	25
	chrIX	381904	0	0.5	25
	chrIX	381904	1	0.5	25
	chrIX	381911	1	0.5	25
	chrIX	381929	0	0.5	25
	chrIX	381965	0	0.5	25
	chrIX	381978	1	0.5	25
	chrIX	381990	1	0.5	25
	chrIX	382010	0	1.0	25
	chrIX	382023	0	0.5	25
	chrIX	382024	0	0.5	25
	chrIX	382029	0	0.5	25
	chrIX	382051	0	0.5	25
	chrIX	382051	1	0.5	25
	chrIX	382056	0	0.5	25
	chrIX	382056	1	0.5	25
	chrIX	382059	0	0.5	25
	chrIX	382074	0	0.5	25
	chrIX	382082	1	0.5	25
	chrIX	382083	1	0.5	25
	chrIX	382133	0	0.5	25
	chrIX	382137	0	0.5	25
	chrIX	382140	1	0.5	25
	chrIX	382143	0	0.5	25
	chrIX	382145	1	0.5	25
	chrIX	382151	0	0.5	25
	chrIX	382151	1	0.5	25
	chrIX	382158	1	0.5	25
	chrIX	382167	0	0.5	25
	chrIX	382169	0	0.5	25
	chrIX	382171	0	0.5	25
	chrIX	382179	0	0.5	25
	chrIX	382184	1	0.5	25
	chrIX	382192	1	0.5	25
	chrIX	382194	1	0.5	25
	chrIX	382196	1	2.0	25
	chrIX	382197	0	0.5	25
	chrIX	382200	1	0.5	25
	chrIX	382203	0	0.5	25
	chrIX	382204	0	0.5	25
	chrIX	382217	1	0.5	25
	chrIX	382221	1	0.5	25
	chrIX	382222	0	0.5	25
	chrIX	382258	1	0.5	25
	chrIX	382279	1	0.5	25
	chrIX	382280	1	1.0	25
	chrIX	382281	0	0.5	25
	chrIX	382306	0	1.0	25
	chrIX	382307	1	0.5	25
	chrIX	382308	0	1.0	25
	chrIX	382314	1	0.5	25
	chrIX	382335	0	1.5	25
	chrIX	382339	0	0.5	25
	chrIX	382348	0	0.5	25
	chrIX	382350	0	0.5	25
	chrIX	382362	0	1.0	25
	chrIX	382366	0	0.5	25
	chrIX	382376	1	0.5	25
	chrIX	382384	1	1.0	25
	chrIX	382386	0	0.5	25
	chrIX	382387	1	0.5	25
	chrIX	382393	0	0.5	25
	chrIX	382398	0	0.5	25
	chrIX	382406	1	0.5	25
	chrIX	382407	1	0.5	25
	chrIX	382413	1	0.5	25
	chrIX	382425	1	0.5	25
	chrIX	382429	0	0.5	25
	chrIX	382435	1	0.5	25
	chrIX	382437	1	0.5	25
	chrIX	382445	1	0.5	25
	chrIX	382451	1	0.5	25
	chrIX	382465	1	0.5	25
	chrIX	382479	1	1.0	25
	chrIX	382480	0	0.5	25
	chrIX	382480	1	0.5	25
	chrIX	382484	1	0.5	25
	chrIX	382490	1	0.5	25
	chrIX	382564	1	0.5	25
	chrIX	382569	1	0.5	25
	chrIX	382602	0	0.5	25
	chrIX	382675	0	0.5	25
	chrIX	382714	0	0.5	25
	chrIX	382782	1	0.5	25
	chrIX	382819	1	0.5	25
	chrIX	382824	0	0.5	25
	chrIX	382861	0	0.5	25
	chrIX	382870	0	0.5	25
	chrIX	382883	1	0.5	25
	chrIX	382928	1	0.5	25
	chrIX	382935	0	0.5	25
	chrIX	382950	0	0.5	25
	chrIX	382956	0	0.5	25
	chrIX	383011	1	0.5	25
	chrIX	383014	1	0.5	25
	chrIX	383025	1	0.5	25
	chrIX	383044	0	0.5	25
	chrIX	383070	1	0.5	25
	chrIX	383087	0	0.5	25
	chrIX	383137	1	0.5	25
	chrIX	383150	1	0.5	25
	chrIX	383181	0	0.5	25
	chrIX	383184	1	0.5	25
	chrIX	383188	0	1.0	25
	chrIX	383189	0	0.5	25
	chrIX	383225	1	0.5	25
	chrIX	383283	0	0.5	25
	chrIX	383313	1	0.5	25
	chrIX	383314	0	1.0	25
	chrIX	383318	0	0.5	25
	chrIX	383355	0	1.0	25
	chrIX	383370	0	0.5	25
	chrIX	383371	0	0.5	25
	chrIX	383387	0	0.5	25
	chrIX	383417	1	1.0	25
	chrIX	383431	1	1.0	25
	chrIX	383432	1	1.0	25
	chrIX	383437	1	0.5	25
	chrIX	383447	0	0.5	25
	chrIX	383449	1	0.5	25
	chrIX	383470	1	0.5	25
	chrIX	383486	0	1.0	25
	chrIX	383489	0	0.5	25
	chrIX	383506	0	0.5	25
	chrIX	383527	1	1.0	25
	chrIX	383539	0	1.0	25
	chrIX	383557	1	0.5	25
	chrIX	383562	1	0.5	25
	chrIX	383567	1	1.0	25
	chrIX	383580	0	0.5	25
	chrIX	383585	0	0.5	25
	chrIX	383618	0	0.5	25
	chrIX	383624	0	0.5	25
	chrIX	383649	0	0.5	25
	chrIX	383661	1	0.5	25
	chrIX	383694	1	0.5	25
	chrIX	383697	0	0.5	25
	chrIX	383697	1	1.0	25
	chrIX	383698	1	0.5	25
	chrIX	383709	1	0.5	24
	chrIX	383713	1	0.5	25
	chrIX	383714	0	0.5	25
	chrIX	383732	0	1.0	25
	chrIX	383735	0	0.5	25
	chrIX	383744	0	1.0	25
	chrIX	383749	0	0.5	25
	chrIX	383772	0	0.5	25
	chrIX	383772	1	0.5	25
	chrIX	383781	0	0.5	25
	chrIX	383786	1	0.5	25
	chrIX	383791	0	0.5	25
	chrIX	383792	1	0.5	25
	chrIX	383794	0	0.5	25
	chrIX	383797	1	1.0	25
	chrIX	383798	1	1.0	25
	chrIX	383799	0	0.5	25
	chrIX	383803	1	0.5	25
	chrIX	383806	0	0.5	25
	chrIX	383841	1	0.5	25
	chrIX	383844	1	1.0	25
	chrIX	383845	1	0.5	25
	chrIX	383847	1	0.5	25
	chrIX	383848	0	0.5	25
	chrIX	383863	0	0.5	25
	chrIX	383865	0	0.5	25
	chrIX	383902	1	0.5	25
	chrIX	383913	1	0.5	25
	chrIX	383942	0	0.5	25
	chrIX	383966	1	0.5	25
	chrIX	383967	0	0.5	25
	chrIX	383967	1	0.5	25
	chrIX	384015	1	0.5	25
	chrIX	384073	1	0.5	25
	chrIX	384094	1	0.5	25
	chrIX	384116	0	0.5	25
	chrIX	384120	0	0.5	25
	chrIX	384133	0	1.0	25
	chrIX	384138	0	0.5	25
	chrIX	384148	0	0.5	25
	chrIX	384168	0	0.5	25
	chrIX	384171	1	0.5	25
	chrIX	384172	0	0.5	25
	chrIX	384182	0	0.5	25
	chrIX	384194	1	0.5	25
	chrIX	384201	1	0.5	25
	chrIX	384208	1	0.5	25
	chrIX	384218	1	1.0	25
	chrIX	384235	1	0.5	25
	chrIX	384240	1	0.5	25
	chrIX	384241	0	0.5	25
	chrIX	384276	1	0.5	25
	chrIX	384289	0	0.5	25
	chrIX	384299	0	0.5	25
	chrIX	384300	0	1.0	25
	chrIX	384310	0	0.5	25
	chrIX	384312	0	0.5	25
	chrIX	384314	0	0.5	25
	chrIX	384324	0	0.5	25
	chrIX	384327	0	1.0	25
	chrIX	384352	1	0.5	25
	chrIX	384355	1	0.5	25
	chrIX	384357	0	0.5	25
	chrIX	384357	1	0.5	25
	chrIX	384360	1	0.5	25
	chrIX	384362	1	1.0	25
	chrIX	384369	0	0.5	25
	chrIX	384374	1	0.5	25
	chrIX	384375	0	1.0	25
	chrIX	384376	1	0.5	25
	chrIX	384417	0	0.5	25
	chrIX	384434	1	0.5	25
	chrIX	384436	1	0.5	25
	chrIX	384439	0	0.5	25
	chrIX	384440	0	0.5	25
	chrIX	384441	1	0.5	25
	chrIX	384450	0	0.5	25
	chrIX	384455	1	0.5	25
	chrIX	384478	0	0.5	25
	chrIX	384479	1	0.5	25
	chrIX	384487	1	0.5	25
	chrIX	384492	0	0.5	25
	chrIX	384519	1	0.5	25
	chrIX	384522	1	1.0	25
	chrIX	384523	0	0.5	25
	chrIX	384523	1	0.5	25
	chrIX	384529	0	0.5	25
	chrIX	384537	1	0.5	25
	chrIX	384556	0	1.5	25
	chrIX	384558	0	0.5	25
	chrIX	384561	0	0.5	25
	chrIX	384571	0	0.5	25
	chrIX	384596	1	2.0	25
	chrIX	384598	1	0.5	25
	chrIX	384604	0	0.5	25
	chrIX	384609	1	0.5	25
	chrIX	384630	1	0.5	25
	chrIX	384636	0	0.5	25
	chrIX	384657	1	0.5	25
	chrIX	384673	0	0.5	25
	chrIX	384689	0	1.0	25
	chrIX	384690	0	0.5	25
	chrIX	384706	1	0.5	25
	chrIX	384710	0	1.0	25
	chrIX	384710	1	0.5	25
	chrIX	384715	1	0.5	25
	chrIX	384716	0	0.5	25
	chrIX	384750	0	0.5	25
	chrIX	384761	1	0.5	25
	chrIX	384762	1	0.5	25
	chrIX	384769	1	0.5	25
	chrIX	384790	1	1.0	25
	chrIX	384795	1	0.5	25
	chrIX	384813	0	0.5	25
	chrIX	384848	0	0.5	25
	chrIX	384853	0	0.5	25
	chrIX	384865	0	0.5	25
	chrIX	384869	1	1.0	25
	chrIX	384890	1	0.5	25
	chrIX	384891	1	0.5	25
	chrIX	384920	0	0.5	25
	chrIX	384942	1	0.5	25
	chrIX	384950	0	0.5	25
	chrIX	384972	0	0.5	25
	chrIX	384987	0	0.5	25
	chrIX	384992	0	0.5	25
	chrIX	385000	1	0.5	25
	chrIX	385018	1	0.5	25
	chrIX	385027	0	0.5	25
	chrIX	385033	0	0.5	25
	chrIX	385038	1	0.5	25
	chrIX	385052	1	0.5	25
	chrIX	385057	0	0.5	25
	chrIX	385061	1	0.5	25
	chrIX	385076	1	0.5	25
	chrIX	385079	1	0.5	25
	chrIX	385086	0	0.5	25
	chrIX	385099	1	0.5	25
	chrIX	385109	1	0.5	25
	chrIX	385137	1	0.5	25
	chrIX	385141	0	0.5	25
	chrIX	385151	1	0.5	25
	chrIX	385199	1	0.5	25
	chrIX	385353	0	0.5	25
	chrIX	385372	0	0.5	25
	chrIX	385408	1	0.5	25
	chrIX	385417	0	0.5	25
	chrIX	385438	1	0.5	25
	chrIX	385480	0	0.5	25
	chrIX	385484	1	0.5	25
	chrIX	385495	0	0.5	25
	chrIX	385556	1	0.5	25
	chrIX	385557	0	0.5	25
	chrIX	385621	0	0.5	25
	chrIX	385628	0	1.0	25
	chrIX	385639	1	0.5	25
	chrIX	385688	0	0.5	25
	chrIX	385688	1	0.5	25
	chrIX	385695	0	0.5	25
	chrIX	385695	1	0.5	25
	chrIX	385696	0	1.5	25
	chrIX	385701	1	1.0	25
	chrIX	385761	0	0.5	25
	chrIX	385771	1	0.5	25
	chrIX	385774	0	0.5	25
	chrIX	385779	0	0.5	25
	chrIX	385782	1	0.5	25
	chrIX	385785	1	0.5	25
	chrIX	385797	0	0.5	25
	chrIX	385801	0	0.5	25
	chrIX	385811	0	0.5	25
	chrIX	385817	0	0.5	25
	chrIX	385821	0	0.5	25
	chrIX	385830	1	0.5	25
	chrIX	385835	1	0.5	25
	chrIX	385847	0	0.5	25
	chrIX	385874	1	0.5	25
	chrIX	385881	1	0.5	25
	chrIX	385890	1	0.5	25
	chrIX	385897	1	1.0	25
	chrIX	385899	1	0.5	25
	chrIX	385905	0	0.5	25
	chrIX	385914	1	0.5	25
	chrIX	385932	0	0.5	25
	chrIX	385937	0	1.0	25
	chrIX	385938	0	0.5	25
	chrIX	385940	1	0.5	25
	chrIX	385965	1	0.5	25
	chrIX	385982	1	1.0	25
	chrIX	385986	1	0.5	25
	chrIX	386044	0	0.5	25
	chrIX	386044	1	0.5	25
	chrIX	386055	0	0.5	25
	chrIX	386079	1	0.5	25
	chrIX	386109	0	0.5	25
	chrIX	386114	0	0.5	25
	chrIX	386146	0	0.5	25
	chrIX	386150	1	0.5	25
	chrIX	386158	0	0.5	25
	chrIX	386170	1	0.5	25
	chrIX	386202	1	0.5	25
	chrIX	386207	1	0.5	25
	chrIX	386209	0	0.5	25
	chrIX	386216	1	0.5	25
	chrIX	386254	1	0.5	23
	chrIX	386263	0	0.5	25
	chrIX	386289	1	0.5	25
	chrIX	386302	0	0.5	25
	chrIX	386306	0	0.5	25
	chrIX	386333	1	0.5	25
	chrIX	386339	0	0.5	25
	chrIX	386345	0	0.5	25
	chrIX	386349	0	0.5	25
	chrIX	386363	0	0.5	25
	chrIX	386363	1	0.5	25
	chrIX	386382	1	0.5	25
	chrIX	386418	0	0.5	25
	chrIX	386421	1	0.5	25
	chrIX	386422	0	0.5	25
	chrIX	386423	0	0.5	25
	chrIX	386454	0	0.5	25
	chrIX	386465	1	0.5	25
	chrIX	386466	0	0.5	25
	chrIX	386476	1	0.5	25
	chrIX	386478	0	0.5	25
	chrIX	386484	0	0.5	25
	chrIX	386485	1	0.5	25
	chrIX	386501	1	0.5	25
	chrIX	386507	1	0.5	25
	chrIX	386508	1	0.5	25
	chrIX	386510	0	0.5	25
	chrIX	386527	0	0.5	25
	chrIX	386539	0	1.5	25
	chrIX	386544	0	1.0	25
	chrIX	386549	1	0.5	25
	chrIX	386551	0	0.5	25
	chrIX	386562	0	0.5	25
	chrIX	386562	1	0.5	25
	chrIX	386563	0	0.5	25
	chrIX	386572	1	0.5	25
	chrIX	386591	0	1.0	25
	chrIX	386596	1	0.5	25
	chrIX	386612	0	2.5	25
	chrIX	386613	0	0.5	25
	chrIX	386613	1	1.0	25
	chrIX	386614	0	0.5	25
	chrIX	386625	0	0.5	25
	chrIX	386634	1	0.5	25
	chrIX	386635	0	0.5	25
	chrIX	386642	1	2.0	25
	chrIX	386643	1	1.0	25
	chrIX	386644	0	3.0	25
	chrIX	386644	1	1.5	25
	chrIX	386645	0	0.5	24
	chrIX	386645	0	2.5	25
	chrIX	386664	0	0.5	25
	chrIX	386667	1	0.5	25
	chrIX	386676	0	0.5	25
	chrIX	386683	1	1.0	25
	chrIX	386684	0	1.0	25
	chrIX	386684	1	0.5	25
	chrIX	386685	1	1.0	25
	chrIX	386695	1	0.5	25
	chrIX	386696	1	1.0	25
	chrIX	386697	1	0.5	25
	chrIX	386702	1	0.5	25
	chrIX	386704	1	1.5	25
	chrIX	386708	1	0.5	25
	chrIX	386712	1	1.0	25
	chrIX	386714	1	0.5	25
	chrIX	386715	0	0.5	25
	chrIX	386715	1	0.5	25
	chrIX	386724	0	0.5	25
	chrIX	386735	1	1.0	25
	chrIX	386737	1	0.5	25
	chrIX	386749	0	0.5	25
	chrIX	386750	0	0.5	25
	chrIX	386759	1	0.5	25
	chrIX	386769	0	0.5	25
	chrIX	386782	0	0.5	25
	chrIX	386787	1	0.5	25
	chrIX	386792	1	0.5	25
	chrIX	386810	1	0.5	25
	chrIX	386813	1	0.5	25
	chrIX	386816	1	0.5	25
	chrIX	386819	1	0.5	25
	chrIX	386833	0	1.5	25
	chrIX	386834	0	0.5	25
	chrIX	386834	1	1.0	25
	chrIX	386878	0	0.5	25
	chrIX	386891	1	0.5	25
	chrIX	386894	0	1.5	25
	chrIX	386910	1	1.0	25
	chrIX	386912	0	0.5	25
	chrIX	386914	0	0.5	25
	chrIX	386914	1	0.5	25
	chrIX	386937	0	0.5	25
	chrIX	386948	1	0.5	25
	chrIX	386968	1	0.5	25
	chrIX	386981	1	1.0	25
	chrIX	386989	0	0.5	25
	chrIX	386990	1	0.5	25
	chrIX	387012	0	0.5	25
	chrIX	387028	1	0.5	25
	chrIX	387034	1	0.5	25
	chrIX	387058	1	0.5	25
	chrIX	387070	1	0.5	25
	chrIX	387074	0	0.5	25
	chrIX	387103	1	0.5	25
	chrIX	387115	0	0.5	25
	chrIX	387118	0	0.5	25
	chrIX	387123	0	0.5	25
	chrIX	387125	0	0.5	25
	chrIX	387175	0	0.5	25
	chrIX	387188	0	0.5	25
	chrIX	387199	1	0.5	25
	chrIX	387203	1	0.5	25
	chrIX	387209	0	0.5	25
	chrIX	387212	1	0.5	25
	chrIX	387219	1	0.5	25
	chrIX	387225	0	1.0	25
	chrIX	387242	1	0.5	25
	chrIX	387266	1	0.5	25
	chrIX	387274	0	0.5	25
	chrIX	387284	0	0.5	25
	chrIX	387290	0	0.5	25
	chrIX	387294	0	0.5	25
	chrIX	387300	1	1.0	25
	chrIX	387305	0	1.0	25
	chrIX	387309	0	2.0	25
	chrIX	387311	0	0.5	25
	chrIX	387318	0	0.5	25
	chrIX	387328	0	0.5	25
	chrIX	387331	0	0.5	25
	chrIX	387332	1	0.5	25
	chrIX	387342	1	0.5	25
	chrIX	387348	1	0.5	25
	chrIX	387360	0	0.5	25
	chrIX	387361	1	0.5	25
	chrIX	387371	1	0.5	25
	chrIX	387374	1	0.5	25
	chrIX	387385	1	2.5	25
	chrIX	387392	0	0.5	25
	chrIX	387405	1	0.5	25
	chrIX	387406	1	0.5	25
	chrIX	387413	0	0.5	25
	chrIX	387422	0	0.5	25
	chrIX	387473	1	0.5	25
	chrIX	387486	0	0.5	25
	chrIX	387491	0	1.0	25
	chrIX	387503	1	1.0	25
	chrIX	387523	0	0.5	25
	chrIX	387526	0	0.5	25
	chrIX	387556	1	0.5	25
	chrIX	387576	1	1.0	25
	chrIX	387582	0	0.5	25
	chrIX	387588	0	0.5	25
	chrIX	387589	1	0.5	25
	chrIX	387603	0	0.5	25
	chrIX	387613	1	0.5	25
	chrIX	387616	0	0.5	25
	chrIX	387627	0	0.5	25
	chrIX	387632	0	0.5	25
	chrIX	387636	1	0.5	25
	chrIX	387649	1	0.5	25
	chrIX	387665	0	0.5	25
	chrIX	387668	0	0.5	25
	chrIX	387684	1	1.5	25
	chrIX	387695	1	0.5	25
	chrIX	387698	0	0.5	25
	chrIX	387699	0	0.5	25
	chrIX	387706	1	0.5	25
	chrIX	387719	1	0.5	25
	chrIX	387721	0	1.0	25
	chrIX	387722	1	0.5	25
	chrIX	387727	0	0.5	25
	chrIX	387736	1	0.5	25
	chrIX	387750	0	0.5	25
	chrIX	387763	1	0.5	25
	chrIX	387766	1	0.5	25
	chrIX	387768	0	0.5	25
	chrIX	387778	0	0.5	25
	chrIX	387789	1	0.5	25
	chrIX	387790	0	0.5	25
	chrIX	387796	0	1.0	25
	chrIX	387803	1	1.0	25
	chrIX	387824	1	0.5	25
	chrIX	387837	0	0.5	25
	chrIX	387849	0	0.5	25
	chrIX	387850	0	0.5	25
	chrIX	387852	1	0.5	25
	chrIX	387856	0	0.5	25
	chrIX	387870	1	1.0	25
	chrIX	387888	0	1.0	25
	chrIX	387899	0	0.5	25
	chrIX	387902	0	0.5	25
	chrIX	387918	1	0.5	25
	chrIX	387923	1	0.5	25
	chrIX	387924	1	0.5	25
	chrIX	387932	1	0.5	25
	chrIX	387948	0	1.0	25
	chrIX	387952	1	0.5	25
	chrIX	387959	1	0.5	25
	chrIX	387963	0	0.5	25
	chrIX	387970	1	0.5	25
	chrIX	387973	1	0.5	25
	chrIX	387981	0	0.5	25
	chrIX	387983	0	0.5	25
	chrIX	388012	1	0.5	25
	chrIX	388013	1	0.5	25
	chrIX	388030	1	0.5	25
	chrIX	388033	0	0.5	25
	chrIX	388037	1	0.5	25
	chrIX	388038	1	0.5	25
	chrIX	388039	0	1.0	25
	chrIX	388040	1	0.5	25
	chrIX	388044	0	0.5	25
	chrIX	388044	1	0.5	25
	chrIX	388084	1	0.5	25
	chrIX	388101	0	0.5	25
	chrIX	388101	1	0.5	25
	chrIX	388109	1	0.5	25
	chrIX	388118	0	0.5	25
	chrIX	388138	0	0.5	25
	chrIX	388156	1	1.0	25
	chrIX	388167	1	0.5	25
	chrIX	388197	0	0.5	25
	chrIX	388214	1	0.5	25
	chrIX	388221	1	0.5	25
	chrIX	388238	0	0.5	25
	chrIX	388247	0	0.5	25
	chrIX	388258	1	0.5	25
	chrIX	388261	0	0.5	25
	chrIX	388300	0	0.5	25
	chrIX	388322	0	0.5	25
	chrIX	388324	1	0.5	25
	chrIX	388340	1	1.0	25
	chrIX	388341	0	0.5	25
	chrIX	388361	0	0.5	25
	chrIX	388369	0	0.5	25
	chrIX	388383	0	0.5	25
	chrIX	388386	0	0.5	25
	chrIX	388389	0	0.5	25
	chrIX	388397	0	0.5	25
	chrIX	388404	1	0.5	25
	chrIX	388426	0	0.5	25
	chrIX	388427	1	0.5	25
	chrIX	388442	1	0.5	25
	chrIX	388449	1	0.5	25
	chrIX	388450	1	0.5	25
	chrIX	388452	1	0.5	25
	chrIX	388453	0	1.5	25
	chrIX	388485	1	0.5	25
	chrIX	388488	0	0.5	25
	chrIX	388505	1	0.5	25
	chrIX	388516	1	0.5	25
	chrIX	388520	0	0.5	25
	chrIX	388522	0	0.5	25
	chrIX	388534	1	0.5	25
	chrIX	388535	0	0.5	25
	chrIX	388535	1	0.5	25
	chrIX	388554	0	0.5	25
	chrIX	388557	1	0.5	25
	chrIX	388558	1	0.5	25
	chrIX	388559	0	0.5	25
	chrIX	388566	1	0.5	25
	chrIX	388570	1	0.5	25
	chrIX	388572	0	0.5	25
	chrIX	388582	0	0.5	25
	chrIX	388593	1	0.5	25
	chrIX	388594	0	0.5	25
	chrIX	388604	0	0.5	25
	chrIX	388604	1	0.5	25
	chrIX	388610	0	0.5	25
	chrIX	388613	0	0.5	25
	chrIX	388619	0	0.5	25
	chrIX	388631	1	0.5	25
	chrIX	388640	1	0.5	25
	chrIX	388643	1	0.5	25
	chrIX	388671	1	1.0	25
	chrIX	388684	1	0.5	25
	chrIX	388696	0	1.0	25
	chrIX	388697	1	0.5	25
	chrIX	388706	1	0.5	25
	chrIX	388719	0	0.5	25
	chrIX	388740	0	0.5	25
	chrIX	388762	1	1.0	25
	chrIX	388776	1	0.5	25
	chrIX	388783	1	0.5	25
	chrIX	388798	1	0.5	25
	chrIX	388803	0	0.5	25
	chrIX	388816	0	0.5	25
	chrIX	388871	0	0.5	25
	chrIX	388871	1	0.5	25
	chrIX	388882	1	0.5	25
	chrIX	388924	0	0.5	25
	chrIX	388928	1	0.5	25
	chrIX	388932	0	0.5	25
	chrIX	388950	0	0.5	25
	chrIX	388957	0	0.5	25
	chrIX	388974	0	0.5	25
	chrIX	388981	0	0.5	25
	chrIX	389005	1	0.5	25
	chrIX	389016	1	0.5	25
	chrIX	389022	0	0.5	25
	chrIX	389044	1	0.5	25
	chrIX	389054	1	0.5	25
	chrIX	389087	1	0.5	25
	chrIX	389093	0	0.5	25
	chrIX	389108	1	0.5	25
	chrIX	389118	0	0.5	25
	chrIX	389120	0	2.0	25
	chrIX	389127	0	0.5	25
	chrIX	389129	0	0.5	24
	chrIX	389133	1	0.5	25
	chrIX	389145	0	0.5	25
	chrIX	389163	0	0.5	25
	chrIX	389170	1	0.5	25
	chrIX	389186	1	0.5	25
	chrIX	389193	1	0.5	25
	chrIX	389197	1	0.5	25
	chrIX	389204	1	0.5	25
	chrIX	389205	0	0.5	25
	chrIX	389206	0	0.5	25
	chrIX	389206	1	1.0	25
	chrIX	389210	1	0.5	25
	chrIX	389218	0	0.5	25
	chrIX	389225	1	0.5	25
	chrIX	389229	0	0.5	25
	chrIX	389247	1	0.5	25
	chrIX	389261	0	0.5	25
	chrIX	389264	0	0.5	25
	chrIX	389266	0	0.5	25
	chrIX	389296	1	0.5	25
	chrIX	389298	1	0.5	25
	chrIX	389300	0	0.5	25
	chrIX	389300	1	0.5	25
	chrIX	389323	1	0.5	25
	chrIX	389343	0	0.5	25
	chrIX	389354	1	0.5	25
	chrIX	389357	1	0.5	25
	chrIX	389366	1	0.5	25
	chrIX	389374	1	0.5	25
	chrIX	389377	0	0.5	25
	chrIX	389384	0	1.0	25
	chrIX	389391	0	0.5	25
	chrIX	389399	1	0.5	25
	chrIX	389407	0	0.5	25
	chrIX	389413	0	0.5	25
	chrIX	389425	0	0.5	25
	chrIX	389451	1	1.0	25
	chrIX	389452	1	0.5	25
	chrIX	389456	0	0.5	25
	chrIX	389457	0	0.5	25
	chrIX	389458	0	0.5	25
	chrIX	389472	1	0.5	25
	chrIX	389492	1	0.5	25
	chrIX	389500	0	0.5	25
	chrIX	389501	1	0.5	25
	chrIX	389509	1	0.5	25
	chrIX	389520	1	0.5	25
	chrIX	389530	0	0.5	25
	chrIX	389544	1	0.5	25
	chrIX	389548	0	0.5	25
	chrIX	389560	1	0.5	25
	chrIX	389577	0	0.5	25
	chrIX	389609	0	1.0	25
	chrIX	389617	1	0.5	25
	chrIX	389628	1	1.0	25
	chrIX	389636	0	0.5	25
	chrIX	389641	1	0.5	25
	chrIX	389659	0	0.5	25
	chrIX	389663	0	0.5	25
	chrIX	389712	1	0.5	25
	chrIX	389796	1	1.0	25
	chrIX	389806	1	0.5	25
	chrIX	389851	0	0.5	25
	chrIX	389929	0	1.0	25
	chrIX	389988	1	0.5	25
	chrIX	389991	1	0.5	25
	chrIX	389993	0	0.5	25
	chrIX	389993	1	0.5	25
	chrIX	390038	1	0.5	25
	chrIX	390065	0	0.5	25
	chrIX	390102	1	0.5	25
	chrIX	390123	1	0.5	25
	chrIX	390145	0	0.5	25
	chrIX	390150	0	0.5	25
	chrIX	390169	0	0.5	25
	chrIX	390206	1	0.5	25
	chrIX	390216	0	0.5	25
	chrIX	390280	1	0.5	25
	chrIX	390306	1	0.5	25
	chrIX	390327	1	0.5	25
	chrIX	390403	0	0.5	25
	chrIX	390408	0	0.5	25
	chrIX	390443	0	0.5	25
	chrIX	390460	0	0.5	25
	chrIX	390464	0	0.5	25
	chrIX	390480	1	0.5	25
	chrIX	390496	1	0.5	25
	chrIX	390520	1	0.5	25
	chrIX	390523	1	0.5	25
	chrIX	390534	0	1.0	25
	chrIX	390580	1	0.5	25
	chrIX	390581	0	0.5	25
	chrIX	390584	0	1.0	25
	chrIX	390599	0	0.5	25
	chrIX	390601	1	0.5	25
	chrIX	390619	0	0.5	25
	chrIX	390646	1	0.5	25
	chrIX	390648	1	0.5	25
	chrIX	390655	1	0.5	25
	chrIX	390656	0	0.5	25
	chrIX	390660	1	0.5	25
	chrIX	390677	1	0.5	25
	chrIX	390746	0	0.5	25
	chrIX	390763	0	0.5	25
	chrIX	390778	0	0.5	25
	chrIX	390794	1	0.5	25
	chrIX	390838	1	0.5	25
	chrIX	390842	0	1.0	25
	chrIX	390842	1	0.5	25
	chrIX	390853	1	0.5	25
	chrIX	390861	1	0.5	25
	chrIX	390905	0	0.5	25
	chrIX	390926	0	0.5	25
	chrIX	390938	0	0.5	25
	chrIX	390949	1	1.0	25
	chrIX	390974	1	0.5	25
	chrIX	390980	1	0.5	25
	chrIX	390984	1	0.5	25
	chrIX	391000	0	0.5	25
	chrIX	391046	1	0.5	25
	chrIX	391066	0	0.5	25
	chrIX	391159	0	0.5	25
	chrIX	391180	1	0.5	25
	chrIX	391211	1	0.5	25
	chrIX	391832	0	0.5	25
	chrIX	391915	0	0.5	25
	chrIX	391936	1	0.5	25
	chrIX	391969	1	0.5	25
	chrIX	392597	0	0.5	25
	chrIX	392744	0	0.5	25
	chrIX	392745	0	1.0	25
	chrIX	392756	1	0.5	25
	chrIX	392816	0	0.5	25
	chrIX	392819	0	0.5	25
	chrIX	392833	0	1.0	25
	chrIX	392854	0	0.5	25
	chrIX	392855	0	0.5	25
	chrIX	392859	1	0.5	25
	chrIX	392870	1	0.5	25
	chrIX	392875	1	0.5	25
	chrIX	392920	1	1.0	25
	chrIX	392942	1	0.5	25
	chrIX	393030	0	0.5	25
	chrIX	393110	0	0.5	25
	chrIX	393115	1	0.5	25
	chrIX	393122	1	0.5	25
	chrIX	393139	0	0.5	25
	chrIX	393165	1	1.0	25
	chrIX	393179	0	0.5	25
	chrIX	393193	1	0.5	25
	chrIX	393212	1	0.5	25
	chrIX	393222	0	1.0	25
	chrIX	393238	0	0.5	25
	chrIX	393263	0	0.5	25
	chrIX	393275	0	0.5	25
	chrIX	393279	0	0.5	25
	chrIX	393304	1	0.5	25
	chrIX	393306	1	0.5	25
	chrIX	393315	0	0.5	25
	chrIX	393316	1	0.5	25
	chrIX	393323	0	1.0	25
	chrIX	393324	1	0.5	25
	chrIX	393327	1	0.5	25
	chrIX	393331	0	0.5	25
	chrIX	393381	0	0.5	25
	chrIX	393389	1	0.5	25
	chrIX	393421	1	1.0	25
	chrIX	393423	1	0.5	25
	chrIX	393441	1	0.5	25
	chrIX	393449	1	0.5	25
	chrIX	393453	0	0.5	25
	chrIX	393479	0	0.5	25
	chrIX	393515	1	0.5	25
	chrIX	393518	0	1.0	25
	chrIX	393520	0	0.5	25
	chrIX	393533	1	0.5	25
	chrIX	393534	0	0.5	25
	chrIX	393552	0	0.5	25
	chrIX	393563	0	1.5	25
	chrIX	393573	0	0.5	25
	chrIX	393599	0	0.5	25
	chrIX	393600	1	1.0	25
	chrIX	393603	0	0.5	25
	chrIX	393611	1	0.5	25
	chrIX	393624	0	0.5	25
	chrIX	393629	1	1.0	25
	chrIX	393634	1	0.5	25
	chrIX	393640	0	0.5	25
	chrIX	393641	0	0.5	25
	chrIX	393642	0	0.5	25
	chrIX	393647	1	1.5	25
	chrIX	393651	0	0.5	25
	chrIX	393684	1	1.0	25
	chrIX	393701	1	0.5	25
	chrIX	393703	1	0.5	25
	chrIX	393707	1	0.5	25
	chrIX	393719	1	1.0	25
	chrIX	393721	0	0.5	25
	chrIX	393749	1	0.5	25
	chrIX	393752	0	0.5	25
	chrIX	393760	0	0.5	25
	chrIX	393770	0	0.5	25
	chrIX	393774	0	0.5	25
	chrIX	393781	1	0.5	25
	chrIX	393783	0	0.5	25
	chrIX	393797	0	1.0	25
	chrIX	393826	0	0.5	25
	chrIX	393838	0	0.5	25
	chrIX	393845	1	1.0	25
	chrIX	393853	1	0.5	25
	chrIX	393858	1	0.5	25
	chrIX	393867	1	0.5	25
	chrIX	393881	1	1.0	25
	chrIX	393886	1	0.5	25
	chrIX	393887	1	0.5	25
	chrIX	393910	0	0.5	25
	chrIX	393929	0	0.5	25
	chrIX	393959	0	0.5	25
	chrIX	393973	0	0.5	25
	chrIX	394018	0	0.5	25
	chrIX	394030	1	0.5	25
	chrIX	394031	1	0.5	25
	chrIX	394047	0	0.5	25
	chrIX	394073	1	0.5	25
	chrIX	394081	1	0.5	25
	chrIX	394085	0	0.5	25
	chrIX	394098	0	0.5	25
	chrIX	394151	0	0.5	25
	chrIX	394151	1	0.5	25
	chrIX	394155	1	1.0	25
	chrIX	394173	0	0.5	25
	chrIX	394194	1	0.5	25
	chrIX	394204	1	0.5	25
	chrIX	394205	1	0.5	25
	chrIX	394225	0	0.5	25
	chrIX	394254	0	0.5	25
	chrIX	394257	0	0.5	25
	chrIX	394268	0	0.5	25
	chrIX	394272	0	0.5	25
	chrIX	394275	0	0.5	25
	chrIX	394285	1	0.5	25
	chrIX	394341	0	0.5	25
	chrIX	394345	1	0.5	25
	chrIX	394347	0	0.5	25
	chrIX	394348	0	0.5	25
	chrIX	394348	1	0.5	25
	chrIX	394351	0	0.5	25
	chrIX	394353	1	0.5	25
	chrIX	394355	1	0.5	25
	chrIX	394375	0	1.0	25
	chrIX	394387	1	0.5	25
	chrIX	394395	0	0.5	25
	chrIX	394419	0	0.5	25
	chrIX	394422	1	0.5	25
	chrIX	394431	0	0.5	25
	chrIX	394436	0	0.5	25
	chrIX	394439	0	0.5	25
	chrIX	394439	1	0.5	25
	chrIX	394440	1	0.5	25
	chrIX	394456	1	1.0	25
	chrIX	394475	1	0.5	25
	chrIX	394477	1	0.5	25
	chrIX	394490	1	0.5	25
	chrIX	394491	0	0.5	25
	chrIX	394496	0	1.0	25
	chrIX	394510	1	0.5	25
	chrIX	394533	0	0.5	25
	chrIX	394539	1	0.5	25
	chrIX	394545	1	0.5	25
	chrIX	394548	0	0.5	25
	chrIX	394552	0	0.5	25
	chrIX	394575	0	0.5	25
	chrIX	394598	0	0.5	25
	chrIX	394600	0	0.5	25
	chrIX	394620	0	0.5	25
	chrIX	394625	1	1.0	25
	chrIX	394627	1	0.5	25
	chrIX	394633	0	0.5	25
	chrIX	394634	1	0.5	25
	chrIX	394650	1	0.5	25
	chrIX	394657	1	1.0	25
	chrIX	394664	1	0.5	25
	chrIX	394668	1	0.5	25
	chrIX	394675	0	0.5	25
	chrIX	394680	0	0.5	25
	chrIX	394683	1	0.5	25
	chrIX	394686	0	0.5	25
	chrIX	394693	0	0.5	25
	chrIX	394703	1	0.5	25
	chrIX	394717	0	0.5	25
	chrIX	394724	0	0.5	25
	chrIX	394725	0	0.5	25
	chrIX	394737	0	0.5	25
	chrIX	394741	0	0.5	25
	chrIX	394752	0	0.5	25
	chrIX	394770	1	0.5	25
	chrIX	394771	1	0.5	25
	chrIX	394777	1	0.5	25
	chrIX	394780	0	0.5	25
	chrIX	394780	1	1.0	25
	chrIX	394781	1	0.5	25
	chrIX	394804	1	0.5	25
	chrIX	394829	0	0.5	25
	chrIX	394836	1	0.5	25
	chrIX	394837	0	0.5	25
	chrIX	394844	1	0.5	25
	chrIX	394847	1	0.5	25
	chrIX	394851	0	0.5	25
	chrIX	394861	0	1.0	25
	chrIX	394905	0	0.5	25
	chrIX	394910	0	0.5	25
	chrIX	394911	0	0.5	25
	chrIX	394911	1	1.5	25
	chrIX	394912	1	0.5	25
	chrIX	394926	0	0.5	25
	chrIX	394930	0	0.5	25
	chrIX	394939	1	1.0	25
	chrIX	394946	0	1.5	25
	chrIX	394959	1	0.5	25
	chrIX	394966	0	0.5	25
	chrIX	394973	0	0.5	25
	chrIX	394991	1	1.5	25
	chrIX	395003	1	1.5	25
	chrIX	395006	0	0.5	25
	chrIX	395011	1	0.5	25
	chrIX	395027	0	0.5	25
	chrIX	395032	0	0.5	25
	chrIX	395034	0	1.0	25
	chrIX	395036	0	0.5	25
	chrIX	395044	0	0.5	25
	chrIX	395045	1	0.5	25
	chrIX	395067	0	0.5	25
	chrIX	395088	1	0.5	25
	chrIX	395101	1	0.5	25
	chrIX	395105	0	0.5	25
	chrIX	395111	1	0.5	25
	chrIX	395112	1	1.0	25
	chrIX	395117	1	0.5	25
	chrIX	395118	1	0.5	25
	chrIX	395128	0	0.5	25
	chrIX	395157	1	0.5	25
	chrIX	395159	0	0.5	25
	chrIX	395169	0	0.5	25
	chrIX	395174	1	0.5	25
	chrIX	395182	1	0.5	25
	chrIX	395192	1	0.5	25
	chrIX	395218	0	0.5	25
	chrIX	395219	1	0.5	25
	chrIX	395258	0	0.5	25
	chrIX	395262	0	0.5	25
	chrIX	395303	0	0.5	25
	chrIX	395306	0	0.5	25
	chrIX	395323	1	0.5	25
	chrIX	395331	0	1.0	25
	chrIX	395341	0	0.5	25
	chrIX	395347	1	0.5	25
	chrIX	395356	1	0.5	25
	chrIX	395367	0	0.5	25
	chrIX	395374	0	0.5	25
	chrIX	395383	1	0.5	25
	chrIX	395403	1	0.5	25
	chrIX	395416	1	0.5	25
	chrIX	395418	1	0.5	25
	chrIX	395420	1	0.5	25
	chrIX	395469	1	0.5	25
	chrIX	395470	0	0.5	25
	chrIX	395476	0	0.5	25
	chrIX	395484	1	0.5	25
	chrIX	395488	0	0.5	25
	chrIX	395504	0	0.5	25
	chrIX	395514	0	0.5	25
	chrIX	395523	1	0.5	25
	chrIX	395534	1	0.5	25
	chrIX	395535	1	0.5	25
	chrIX	395543	0	0.5	25
	chrIX	395549	0	0.5	25
	chrIX	395551	1	0.5	25
	chrIX	395575	0	0.5	25
	chrIX	395590	1	0.5	25
	chrIX	395598	1	0.5	25
	chrIX	395602	0	0.5	25
	chrIX	395607	0	0.5	25
	chrIX	395610	0	0.5	25
	chrIX	395620	1	0.5	25
	chrIX	395623	1	0.5	25
	chrIX	395646	1	0.5	25
	chrIX	395647	0	0.5	25
	chrIX	395664	0	0.5	25
	chrIX	395676	0	0.5	25
	chrIX	395691	1	0.5	25
	chrIX	395706	1	0.5	25
	chrIX	395723	1	0.5	25
	chrIX	395733	1	0.5	25
	chrIX	395740	1	0.5	25
	chrIX	395745	0	0.5	25
	chrIX	395790	0	0.5	25
	chrIX	395818	1	0.5	25
	chrIX	395844	0	0.5	25
	chrIX	395847	1	0.5	25
	chrIX	395853	0	0.5	25
	chrIX	395870	0	0.5	25
	chrIX	395887	0	0.5	25
	chrIX	395893	1	0.5	25
	chrIX	395914	0	0.5	25
	chrIX	395922	1	0.5	25
	chrIX	395935	1	0.5	25
	chrIX	395947	1	0.5	25
	chrIX	395954	1	0.5	25
	chrIX	395971	1	0.5	25
	chrIX	395974	0	0.5	25
	chrIX	395982	0	0.5	25
	chrIX	395995	0	0.5	25
	chrIX	396040	0	0.5	25
	chrIX	396044	0	0.5	25
	chrIX	396055	0	0.5	25
	chrIX	396057	1	0.5	25
	chrIX	396058	0	0.5	25
	chrIX	396068	1	0.5	25
	chrIX	396077	0	0.5	25
	chrIX	396099	1	0.5	25
	chrIX	396108	1	1.0	25
	chrIX	396112	0	0.5	25
	chrIX	396116	1	0.5	25
	chrIX	396119	0	0.5	25
	chrIX	396177	1	0.5	25
	chrIX	396181	0	0.5	25
	chrIX	396188	0	0.5	25
	chrIX	396188	1	0.5	25
	chrIX	396190	0	0.5	25
	chrIX	396203	0	0.5	25
	chrIX	396207	1	0.5	25
	chrIX	396209	0	0.5	25
	chrIX	396211	1	0.5	25
	chrIX	396250	1	0.5	25
	chrIX	396252	1	0.5	25
	chrIX	396257	1	0.5	25
	chrIX	396258	0	1.0	25
	chrIX	396268	1	0.5	25
	chrIX	396274	1	0.5	25
	chrIX	396310	0	0.5	25
	chrIX	396334	0	0.5	25
	chrIX	396335	0	1.0	25
	chrIX	396367	1	0.5	25
	chrIX	396411	1	0.5	25
	chrIX	396413	1	0.5	25
	chrIX	396419	1	1.0	25
	chrIX	396527	0	1.0	25
	chrIX	396535	0	0.5	25
	chrIX	396548	0	0.5	25
	chrIX	396552	0	0.5	25
	chrIX	396555	0	0.5	25
	chrIX	396560	0	0.5	25
	chrIX	396563	1	0.5	25
	chrIX	396593	1	0.5	25
	chrIX	396613	1	1.0	25
	chrIX	396617	0	1.0	25
	chrIX	396619	0	0.5	25
	chrIX	396623	0	0.5	25
	chrIX	396628	1	0.5	25
	chrIX	396630	1	0.5	25
	chrIX	396633	1	0.5	25
	chrIX	396634	0	0.5	25
	chrIX	396660	1	0.5	25
	chrIX	396662	0	0.5	25
	chrIX	396666	1	0.5	25
	chrIX	396685	0	0.5	25
	chrIX	396688	1	0.5	25
	chrIX	396694	1	0.5	25
	chrIX	396695	1	0.5	25
	chrIX	396702	1	0.5	25
	chrIX	396746	0	0.5	25
	chrIX	396748	1	0.5	25
	chrIX	396757	0	1.0	25
	chrIX	396796	0	0.5	25
	chrIX	396812	1	0.5	25
	chrIX	396813	1	0.5	25
	chrIX	396815	1	0.5	25
	chrIX	396852	1	0.5	25
	chrIX	396859	0	0.5	25
	chrIX	396916	1	0.5	25
	chrIX	396932	0	0.5	25
	chrIX	396957	0	0.5	25
	chrIX	396960	0	0.5	25
	chrIX	396976	0	2.0	25
	chrIX	397006	0	0.5	25
	chrIX	397014	1	1.0	25
	chrIX	397061	1	0.5	25
	chrIX	397079	1	0.5	25
	chrIX	397089	0	0.5	25
	chrIX	397110	1	0.5	25
	chrIX	397114	1	0.5	25
	chrIX	397115	0	1.0	25
	chrIX	397116	0	1.0	25
	chrIX	397116	1	0.5	25
	chrIX	397119	0	0.5	25
	chrIX	397126	0	1.0	25
	chrIX	397131	0	2.0	25
	chrIX	397132	0	0.5	25
	chrIX	397134	0	0.5	25
	chrIX	397135	0	1.5	25
	chrIX	397136	0	1.0	25
	chrIX	397137	0	1.0	25
	chrIX	397141	0	1.0	25
	chrIX	397146	0	0.5	25
	chrIX	397160	0	0.5	25
	chrIX	397162	0	0.5	25
	chrIX	397166	1	0.5	25
	chrIX	397168	0	0.5	25
	chrIX	397169	0	0.5	25
	chrIX	397173	0	0.5	25
	chrIX	397175	0	1.0	25
	chrIX	397180	1	0.5	25
	chrIX	397181	1	1.0	25
	chrIX	397188	1	1.5	25
	chrIX	397191	1	0.5	25
	chrIX	397192	0	0.5	25
	chrIX	397192	1	0.5	25
	chrIX	397197	1	0.5	25
	chrIX	397201	1	0.5	25
	chrIX	397203	1	1.0	25
	chrIX	397205	0	0.5	25
	chrIX	397207	1	0.5	25
	chrIX	397208	1	0.5	25
	chrIX	397210	0	1.5	25
	chrIX	397211	0	0.5	25
	chrIX	397216	1	3.0	25
	chrIX	397217	1	2.5	25
	chrIX	397218	0	0.5	25
	chrIX	397230	1	0.5	25
	chrIX	397242	1	0.5	25
	chrIX	397257	1	0.5	25
	chrIX	397258	0	0.5	25
	chrIX	397260	0	0.5	25
	chrIX	397260	1	1.0	25
	chrIX	397291	1	0.5	25
	chrIX	397299	1	0.5	25
	chrIX	397326	1	0.5	25
	chrIX	397333	1	0.5	25
	chrIX	397334	0	0.5	25
	chrIX	397338	1	0.5	25
	chrIX	397343	0	0.5	25
	chrIX	397350	0	0.5	25
	chrIX	397352	0	0.5	25
	chrIX	397370	1	0.5	25
	chrIX	397371	1	0.5	25
	chrIX	397391	1	2.0	25
	chrIX	397394	1	0.5	25
	chrIX	397404	0	0.5	25
	chrIX	397406	1	0.5	25
	chrIX	397431	1	0.5	25
	chrIX	397441	1	0.5	25
	chrIX	397462	1	0.5	25
	chrIX	397513	0	0.5	25
	chrIX	397582	0	0.5	25
	chrIX	397588	0	0.5	25
	chrIX	397599	0	0.5	25
	chrIX	397624	1	0.5	25
	chrIX	397633	0	0.5	25
	chrIX	397665	1	0.5	25
	chrIX	397692	0	0.5	25
	chrIX	397714	0	0.5	25
	chrIX	397716	0	0.5	25
	chrIX	397727	1	0.5	25
	chrIX	397737	0	0.5	25
	chrIX	397741	0	1.0	25
	chrIX	397742	0	0.5	25
	chrIX	397758	1	0.5	25
	chrIX	397772	1	0.5	25
	chrIX	397797	1	0.5	25
	chrIX	397802	1	1.0	25
	chrIX	397805	1	0.5	25
	chrIX	397831	0	0.5	25
	chrIX	397837	0	0.5	25
	chrIX	397873	1	0.5	25
	chrIX	397896	0	0.5	25
	chrIX	397928	1	0.5	25
	chrIX	397931	1	0.5	25
	chrIX	397942	0	0.5	25
	chrIX	397948	0	0.5	25
	chrIX	397963	1	0.5	25
	chrIX	397995	0	1.0	25
	chrIX	398019	1	0.5	25
	chrIX	398025	0	0.5	25
	chrIX	398046	0	0.5	25
	chrIX	398061	1	1.0	25
	chrIX	398072	1	1.0	25
	chrIX	398080	0	0.5	25
	chrIX	398105	1	1.5	25
	chrIX	398106	0	0.5	25
	chrIX	398133	0	0.5	25
	chrIX	398183	0	0.5	25
	chrIX	398206	0	0.5	25
	chrIX	398226	1	0.5	25
	chrIX	398233	1	0.5	25
	chrIX	398235	1	0.5	25
	chrIX	398236	0	1.0	25
	chrIX	398251	1	0.5	25
	chrIX	398257	0	0.5	25
	chrIX	398260	0	0.5	25
	chrIX	398292	0	0.5	25
	chrIX	398297	1	0.5	25
	chrIX	398326	0	0.5	25
	chrIX	398357	1	0.5	25
	chrIX	398380	1	0.5	25
	chrIX	398393	0	2.0	25
	chrIX	398394	0	0.5	25
	chrIX	398394	1	0.5	25
	chrIX	398408	0	1.0	25
	chrIX	398415	0	0.5	25
	chrIX	398418	0	0.5	25
	chrIX	398418	1	0.5	25
	chrIX	398431	1	0.5	25
	chrIX	398432	0	0.5	25
	chrIX	398432	1	0.5	25
	chrIX	398433	1	0.5	25
	chrIX	398435	0	1.5	25
	chrIX	398462	1	0.5	25
	chrIX	398481	1	1.5	25
	chrIX	398483	1	0.5	25
	chrIX	398492	1	0.5	25
	chrIX	398569	0	0.5	25
	chrIX	398593	0	1.0	25
	chrIX	398594	1	0.5	25
	chrIX	398595	0	0.5	25
	chrIX	398597	0	0.5	25
	chrIX	398601	1	1.5	25
	chrIX	398607	0	0.5	25
	chrIX	398609	0	1.5	25
	chrIX	398612	0	0.5	25
	chrIX	398612	1	0.5	25
	chrIX	398614	0	1.0	25
	chrIX	398615	0	1.0	25
	chrIX	398619	1	0.5	25
	chrIX	398626	0	0.5	25
	chrIX	398627	0	1.0	25
	chrIX	398631	0	0.5	25
	chrIX	398633	0	0.5	25
	chrIX	398648	0	1.0	25
	chrIX	398651	1	0.5	25
	chrIX	398654	0	0.5	25
	chrIX	398656	0	0.5	25
	chrIX	398658	1	1.5	25
	chrIX	398660	0	0.5	25
	chrIX	398662	1	0.5	25
	chrIX	398664	1	0.5	25
	chrIX	398666	1	0.5	25
	chrIX	398668	1	0.5	25
	chrIX	398669	0	0.5	25
	chrIX	398669	1	0.5	25
	chrIX	398683	1	1.0	25
	chrIX	398686	0	0.5	25
	chrIX	398687	0	0.5	25
	chrIX	398688	1	1.5	25
	chrIX	398689	1	0.5	25
	chrIX	398703	1	0.5	25
	chrIX	398721	1	0.5	25
	chrIX	398723	1	0.5	25
	chrIX	398724	1	0.5	25
	chrIX	398730	0	0.5	25
	chrIX	398751	1	0.5	25
	chrIX	398781	1	1.0	25
	chrIX	398783	1	0.5	25
	chrIX	398785	1	0.5	25
	chrIX	398812	1	0.5	25
	chrIX	398817	0	0.5	25
	chrIX	398825	1	0.5	25
	chrIX	398826	1	0.5	25
	chrIX	398828	0	0.5	25
	chrIX	398829	0	0.5	25
	chrIX	398834	0	0.5	25
	chrIX	398843	0	1.0	25
	chrIX	398853	0	0.5	25
	chrIX	398867	0	0.5	25
	chrIX	398881	1	0.5	25
	chrIX	398885	1	0.5	25
	chrIX	398902	1	0.5	25
	chrIX	398906	1	0.5	25
	chrIX	398907	1	0.5	25
	chrIX	398910	0	0.5	25
	chrIX	398912	1	0.5	25
	chrIX	398916	0	0.5	25
	chrIX	398919	1	0.5	25
	chrIX	398937	0	0.5	25
	chrIX	398947	1	1.0	25
	chrIX	398970	1	0.5	25
	chrIX	398985	1	0.5	25
	chrIX	398986	1	0.5	25
	chrIX	399007	0	0.5	25
	chrIX	399019	0	0.5	25
	chrIX	399029	0	0.5	25
	chrIX	399056	0	0.5	25
	chrIX	399075	0	0.5	25
	chrIX	399076	0	0.5	25
	chrIX	399087	1	0.5	25
	chrIX	399094	1	0.5	25
	chrIX	399107	0	0.5	25
	chrIX	399123	1	0.5	25
	chrIX	399138	1	0.5	25
	chrIX	399139	1	0.5	25
	chrIX	399149	1	0.5	25
	chrIX	399153	0	1.0	25
	chrIX	399165	0	0.5	25
	chrIX	399173	0	0.5	25
	chrIX	399227	1	0.5	25
	chrIX	399245	0	1.0	25
	chrIX	399271	1	0.5	25
	chrIX	399285	1	0.5	25
	chrIX	399286	1	0.5	25
	chrIX	399296	1	0.5	25
	chrIX	399304	1	0.5	25
	chrIX	399331	0	0.5	25
	chrIX	399348	0	0.5	25
	chrIX	399350	0	1.0	25
	chrIX	399354	1	0.5	25
	chrIX	399401	1	0.5	25
	chrIX	399432	0	0.5	25
	chrIX	399437	0	0.5	25
	chrIX	399438	1	1.0	25
	chrIX	399445	0	0.5	25
	chrIX	399454	0	0.5	25
	chrIX	399459	0	0.5	25
	chrIX	399471	0	0.5	25
	chrIX	399484	0	1.0	25
	chrIX	399495	1	0.5	25
	chrIX	399500	0	0.5	25
	chrIX	399508	0	0.5	25
	chrIX	399519	0	0.5	25
	chrIX	399534	0	0.5	25
	chrIX	399535	1	0.5	25
	chrIX	399547	1	0.5	25
	chrIX	399571	1	1.5	25
	chrIX	399574	0	0.5	25
	chrIX	399577	0	0.5	25
	chrIX	399578	0	0.5	25
	chrIX	399579	1	0.5	25
	chrIX	399604	1	0.5	25
	chrIX	399607	0	1.0	25
	chrIX	399612	0	1.0	25
	chrIX	399616	0	0.5	25
	chrIX	399617	0	0.5	25
	chrIX	399618	0	0.5	25
	chrIX	399619	0	0.5	25
	chrIX	399620	0	2.0	25
	chrIX	399622	0	0.5	25
	chrIX	399622	1	0.5	25
	chrIX	399623	0	0.5	25
	chrIX	399628	0	1.0	25
	chrIX	399629	0	0.5	25
	chrIX	399634	0	0.5	25
	chrIX	399639	0	0.5	25
	chrIX	399639	1	0.5	25
	chrIX	399641	0	1.5	25
	chrIX	399642	0	1.5	25
	chrIX	399643	0	0.5	25
	chrIX	399644	0	3.5	25
	chrIX	399648	0	0.5	25
	chrIX	399648	1	0.5	25
	chrIX	399651	0	1.0	25
	chrIX	399651	1	0.5	25
	chrIX	399652	0	0.5	25
	chrIX	399653	0	1.0	25
	chrIX	399654	0	0.5	25
	chrIX	399657	0	0.5	25
	chrIX	399666	0	0.5	25
	chrIX	399674	0	0.5	25
	chrIX	399679	1	0.5	25
	chrIX	399680	1	1.0	25
	chrIX	399681	1	1.0	25
	chrIX	399682	0	0.5	25
	chrIX	399682	1	0.5	25
	chrIX	399688	1	2.0	25
	chrIX	399689	0	1.0	25
	chrIX	399689	1	1.5	25
	chrIX	399690	0	0.5	25
	chrIX	399698	1	0.5	25
	chrIX	399702	1	2.0	25
	chrIX	399703	1	1.5	25
	chrIX	399704	1	1.0	25
	chrIX	399705	1	2.0	25
	chrIX	399708	1	3.0	25
	chrIX	399710	0	0.5	25
	chrIX	399710	1	0.5	25
	chrIX	399712	1	0.5	25
	chrIX	399713	1	1.0	25
	chrIX	399714	0	1.0	25
	chrIX	399719	1	2.0	25
	chrIX	399721	1	0.5	25
	chrIX	399738	1	0.5	25
	chrIX	399739	1	1.5	25
	chrIX	399740	1	0.5	25
	chrIX	399767	0	0.5	25
	chrIX	399767	1	1.0	25
	chrIX	399771	1	0.5	25
	chrIX	399788	0	0.5	25
	chrIX	399812	1	0.5	25
	chrIX	399838	1	0.5	25
	chrIX	399840	1	0.5	25
	chrIX	399864	1	0.5	25
	chrIX	399871	0	0.5	25
	chrIX	399873	0	0.5	25
	chrIX	399885	1	0.5	25
	chrIX	399890	1	0.5	25
	chrIX	399900	0	0.5	25
	chrIX	399908	0	0.5	25
	chrIX	399928	1	0.5	25
	chrIX	399953	1	0.5	25
	chrIX	399959	0	0.5	25
	chrIX	400044	0	0.5	25
	chrIX	400054	1	0.5	25
	chrIX	400073	0	0.5	25
	chrIX	400075	0	0.5	25
	chrIX	400084	0	0.5	25
	chrIX	400096	1	0.5	25
	chrIX	400105	0	0.5	25
	chrIX	400131	1	0.5	25
	chrIX	400132	1	0.5	25
	chrIX	400136	1	0.5	25
	chrIX	400142	1	0.5	25
	chrIX	400170	1	0.5	25
	chrIX	400179	0	1.0	25
	chrIX	400179	1	0.5	25
	chrIX	400203	0	0.5	25
	chrIX	400238	1	1.0	25
	chrIX	400240	1	0.5	25
	chrIX	400252	0	0.5	25
	chrIX	400262	0	0.5	25
	chrIX	400289	0	0.5	25
	chrIX	400312	0	0.5	25
	chrIX	400319	1	0.5	25
	chrIX	400325	0	0.5	25
	chrIX	400333	0	0.5	25
	chrIX	400376	0	0.5	25
	chrIX	400382	0	0.5	25
	chrIX	400382	1	0.5	25
	chrIX	400391	0	0.5	25
	chrIX	400392	1	0.5	25
	chrIX	400402	1	0.5	25
	chrIX	400410	0	0.5	25
	chrIX	400417	0	1.5	25
	chrIX	400428	1	0.5	25
	chrIX	400429	1	0.5	25
	chrIX	400435	0	0.5	25
	chrIX	400446	1	0.5	25
	chrIX	400447	1	0.5	25
	chrIX	400470	0	0.5	25
	chrIX	400474	1	0.5	25
	chrIX	400479	1	0.5	25
	chrIX	400485	0	1.0	25
	chrIX	400498	0	0.5	25
	chrIX	400507	1	0.5	24
	chrIX	400525	1	0.5	25
	chrIX	400532	0	0.5	25
	chrIX	400558	1	0.5	25
	chrIX	400561	1	0.5	25
	chrIX	400585	1	0.5	25
	chrIX	400586	0	0.5	25
	chrIX	400596	1	0.5	25
	chrIX	400614	0	0.5	25
	chrIX	400653	0	1.0	25
	chrIX	400670	1	1.0	25
	chrIX	400695	1	1.0	25
	chrIX	400703	0	1.0	25
	chrIX	400708	1	0.5	25
	chrIX	400723	0	0.5	25
	chrIX	400729	1	1.0	25
	chrIX	400753	0	0.5	25
	chrIX	400760	0	0.5	25
	chrIX	400769	1	0.5	25
	chrIX	400778	0	0.5	25
	chrIX	400816	1	0.5	25
	chrIX	400836	1	0.5	25
	chrIX	400838	0	0.5	25
	chrIX	400848	1	1.0	25
	chrIX	400864	0	1.0	25
	chrIX	400870	0	0.5	25
	chrIX	400904	1	1.0	25
	chrIX	400912	1	0.5	25
	chrIX	400993	1	0.5	25
	chrIX	401000	1	0.5	25
	chrIX	401138	0	0.5	25
	chrIX	401182	0	0.5	25
	chrIX	401216	1	0.5	25
	chrIX	401217	0	1.0	25
	chrIX	401245	1	0.5	25
	chrIX	401246	0	0.5	25
	chrIX	401260	0	1.0	25
	chrIX	401271	1	1.0	25
	chrIX	401274	0	1.0	25
	chrIX	401276	0	0.5	25
	chrIX	401289	0	0.5	25
	chrIX	401315	1	0.5	25
	chrIX	401324	1	1.0	25
	chrIX	401345	1	0.5	25
	chrIX	401350	1	0.5	25
	chrIX	401362	0	0.5	25
	chrIX	401373	1	0.5	25
	chrIX	401378	0	0.5	25
	chrIX	401382	0	0.5	25
	chrIX	401384	1	0.5	25
	chrIX	401400	0	0.5	25
	chrIX	401413	1	1.0	25
	chrIX	401437	1	0.5	25
	chrIX	401448	0	0.5	25
	chrIX	401460	0	0.5	25
	chrIX	401472	0	0.5	25
	chrIX	401506	0	1.0	25
	chrIX	401527	0	0.5	25
	chrIX	401532	1	0.5	25
	chrIX	401549	1	0.5	25
	chrIX	401554	1	0.5	25
	chrIX	401575	0	0.5	25
	chrIX	401580	0	0.5	25
	chrIX	401585	1	0.5	25
	chrIX	401592	1	0.5	25
	chrIX	401593	0	1.0	25
	chrIX	401600	1	1.0	25
	chrIX	401648	0	0.5	25
	chrIX	401654	1	0.5	25
	chrIX	401667	0	1.0	25
	chrIX	401678	1	0.5	25
	chrIX	401689	1	1.0	25
	chrIX	401704	0	1.0	25
	chrIX	401716	1	0.5	25
	chrIX	401719	1	0.5	25
	chrIX	401752	1	0.5	25
	chrIX	401761	1	0.5	25
	chrIX	401789	0	0.5	25
	chrIX	401807	0	0.5	25
	chrIX	401859	1	0.5	25
	chrIX	401881	1	0.5	25
	chrIX	401893	0	0.5	25
	chrIX	401910	0	0.5	25
	chrIX	401915	0	0.5	25
	chrIX	401938	1	0.5	25
	chrIX	401947	0	0.5	25
	chrIX	401958	0	0.5	25
	chrIX	401960	0	0.5	25
	chrIX	401974	0	0.5	25
	chrIX	401979	0	0.5	25
	chrIX	401985	0	0.5	25
	chrIX	401989	1	0.5	25
	chrIX	401990	1	0.5	25
	chrIX	401991	1	0.5	25
	chrIX	402003	0	0.5	25
	chrIX	402009	1	0.5	25
	chrIX	402030	1	0.5	25
	chrIX	402041	1	1.0	25
	chrIX	402043	1	0.5	25
	chrIX	402053	0	0.5	25
	chrIX	402055	1	0.5	25
	chrIX	402092	1	0.5	25
	chrIX	402104	0	0.5	25
	chrIX	402114	0	0.5	25
	chrIX	402205	0	0.5	25
	chrIX	402206	1	0.5	25
	chrIX	402252	0	0.5	25
	chrIX	402260	0	0.5	25
	chrIX	402274	1	0.5	25
	chrIX	402284	0	1.0	25
	chrIX	402317	1	0.5	25
	chrIX	402327	0	0.5	25
	chrIX	402333	1	0.5	25
	chrIX	402342	0	1.0	25
	chrIX	402344	0	0.5	25
	chrIX	402348	1	0.5	25
	chrIX	402372	0	0.5	25
	chrIX	402381	1	0.5	25
	chrIX	402388	0	0.5	25
	chrIX	402403	1	0.5	25
	chrIX	402407	1	2.0	25
	chrIX	402432	1	0.5	25
	chrIX	402447	1	0.5	25
	chrIX	402451	0	0.5	25
	chrIX	402456	1	0.5	25
	chrIX	402459	0	0.5	25
	chrIX	402463	0	0.5	25
	chrIX	402486	0	0.5	25
	chrIX	402522	0	0.5	25
	chrIX	402527	1	0.5	25
	chrIX	402537	1	0.5	25
	chrIX	402544	1	0.5	25
	chrIX	402545	0	0.5	25
	chrIX	402607	1	0.5	25
	chrIX	402681	1	0.5	25
	chrIX	402684	0	0.5	25
	chrIX	402687	1	0.5	25
	chrIX	402691	0	0.5	25
	chrIX	402693	0	0.5	25
	chrIX	402727	1	0.5	25
	chrIX	402757	0	0.5	25
	chrIX	402760	0	0.5	25
	chrIX	402776	0	0.5	25
	chrIX	402791	0	0.5	25
	chrIX	402811	1	0.5	25
	chrIX	402819	0	1.0	25
	chrIX	402832	0	0.5	25
	chrIX	402832	1	0.5	25
	chrIX	402839	1	0.5	25
	chrIX	402850	0	1.0	25
	chrIX	402857	1	0.5	25
	chrIX	402862	1	0.5	25
	chrIX	402870	0	0.5	25
	chrIX	402873	0	0.5	25
	chrIX	402883	1	1.0	25
	chrIX	402889	1	0.5	25
	chrIX	402899	0	0.5	25
	chrIX	402902	1	0.5	25
	chrIX	402908	1	0.5	25
	chrIX	402928	1	0.5	25
	chrIX	402934	0	0.5	25
	chrIX	402941	1	0.5	25
	chrIX	402948	0	0.5	25
	chrIX	402981	0	0.5	25
	chrIX	402990	0	0.5	25
	chrIX	403005	0	0.5	25
	chrIX	403012	1	0.5	25
	chrIX	403017	1	0.5	25
	chrIX	403036	1	0.5	25
	chrIX	403038	1	0.5	25
	chrIX	403057	1	0.5	25
	chrIX	403066	1	0.5	25
	chrIX	403098	0	0.5	25
	chrIX	403111	0	1.0	25
	chrIX	403135	0	0.5	25
	chrIX	403181	1	0.5	25
	chrIX	403186	1	0.5	25
	chrIX	403204	0	0.5	25
	chrIX	403207	1	0.5	25
	chrIX	403216	1	0.5	25
	chrIX	403218	1	0.5	25
	chrIX	403250	0	1.0	25
	chrIX	403251	0	0.5	25
	chrIX	403262	0	0.5	25
	chrIX	403263	0	0.5	25
	chrIX	403268	0	0.5	25
	chrIX	403281	1	0.5	25
	chrIX	403306	1	1.0	25
	chrIX	403331	1	0.5	25
	chrIX	403338	1	0.5	25
	chrIX	403341	1	0.5	25
	chrIX	403351	0	1.0	25
	chrIX	403363	0	0.5	25
	chrIX	403371	0	0.5	25
	chrIX	403372	0	0.5	25
	chrIX	403376	0	0.5	25
	chrIX	403378	0	0.5	25
	chrIX	403389	0	0.5	25
	chrIX	403390	0	0.5	25
	chrIX	403391	0	0.5	25
	chrIX	403402	0	0.5	25
	chrIX	403420	0	0.5	25
	chrIX	403432	1	0.5	25
	chrIX	403436	0	0.5	25
	chrIX	403450	1	0.5	25
	chrIX	403464	1	0.5	25
	chrIX	403471	0	0.5	25
	chrIX	403479	1	0.5	25
	chrIX	403485	1	0.5	25
	chrIX	403486	0	0.5	25
	chrIX	403509	0	0.5	25
	chrIX	403511	0	0.5	25
	chrIX	403513	0	0.5	25
	chrIX	403514	0	1.0	25
	chrIX	403544	1	1.0	25
	chrIX	403552	0	0.5	25
	chrIX	403552	1	1.5	25
	chrIX	403554	0	1.5	25
	chrIX	403554	1	0.5	25
	chrIX	403555	1	0.5	25
	chrIX	403557	0	0.5	25
	chrIX	403557	1	0.5	25
	chrIX	403559	0	0.5	25
	chrIX	403560	0	1.0	25
	chrIX	403561	0	0.5	25
	chrIX	403561	1	0.5	25
	chrIX	403562	1	2.0	25
	chrIX	403563	1	0.5	25
	chrIX	403564	0	0.5	25
	chrIX	403574	0	0.5	25
	chrIX	403580	0	2.0	25
	chrIX	403585	1	0.5	25
	chrIX	403587	0	0.5	25
	chrIX	403600	1	0.5	25
	chrIX	403601	0	0.5	25
	chrIX	403604	1	0.5	25
	chrIX	403614	0	0.5	25
	chrIX	403615	1	0.5	25
	chrIX	403624	0	0.5	25
	chrIX	403631	1	0.5	25
	chrIX	403634	1	1.0	25
	chrIX	403644	0	0.5	25
	chrIX	403649	0	0.5	25
	chrIX	403651	1	0.5	25
	chrIX	403653	0	1.0	25
	chrIX	403654	0	0.5	25
	chrIX	403671	1	0.5	25
	chrIX	403689	0	1.0	25
	chrIX	403698	1	1.0	25
	chrIX	403699	1	2.5	25
	chrIX	403700	0	0.5	25
	chrIX	403704	0	0.5	25
	chrIX	403705	0	1.0	25
	chrIX	403728	1	1.0	25
	chrIX	403730	1	1.0	25
	chrIX	403732	0	0.5	25
	chrIX	403732	1	0.5	25
	chrIX	403735	1	0.5	25
	chrIX	403741	0	1.0	25
	chrIX	403743	0	0.5	25
	chrIX	403743	1	0.5	25
	chrIX	403748	0	1.0	25
	chrIX	403755	0	0.5	25
	chrIX	403761	1	0.5	25
	chrIX	403763	1	1.0	25
	chrIX	403767	1	1.0	25
	chrIX	403774	0	0.5	25
	chrIX	403777	0	0.5	25
	chrIX	403777	1	0.5	25
	chrIX	403781	1	0.5	25
	chrIX	403788	1	0.5	25
	chrIX	403795	1	0.5	25
	chrIX	403796	1	0.5	25
	chrIX	403811	1	0.5	25
	chrIX	403814	1	0.5	25
	chrIX	403820	1	1.0	25
	chrIX	403824	0	0.5	25
	chrIX	403827	0	0.5	25
	chrIX	403828	1	0.5	25
	chrIX	403830	0	0.5	25
	chrIX	403840	0	0.5	25
	chrIX	403853	0	0.5	25
	chrIX	403853	1	0.5	25
	chrIX	403877	0	1.5	25
	chrIX	403888	1	0.5	25
	chrIX	403890	0	0.5	25
	chrIX	403896	0	1.0	25
	chrIX	403898	1	1.0	25
	chrIX	403899	0	0.5	25
	chrIX	403906	1	0.5	25
	chrIX	403924	1	0.5	25
	chrIX	403948	1	0.5	25
	chrIX	403962	1	0.5	25
	chrIX	403963	1	1.5	25
	chrIX	403984	0	0.5	25
	chrIX	404044	1	1.0	25
	chrIX	404064	0	0.5	25
	chrIX	404080	1	0.5	25
	chrIX	404083	0	0.5	25
	chrIX	404101	1	0.5	25
	chrIX	404107	0	0.5	25
	chrIX	404133	1	0.5	25
	chrIX	404157	1	0.5	25
	chrIX	404158	1	0.5	25
	chrIX	404206	0	0.5	25
	chrIX	404244	1	0.5	25
	chrIX	404252	1	0.5	25
	chrIX	404298	0	0.5	25
	chrIX	404312	0	0.5	25
	chrIX	404370	0	0.5	25
	chrIX	404392	1	0.5	25
	chrIX	404400	1	0.5	25
	chrIX	404423	0	1.0	25
	chrIX	404424	0	1.5	25
	chrIX	404436	1	0.5	25
	chrIX	404449	0	0.5	25
	chrIX	404492	0	0.5	25
	chrIX	404492	1	1.5	25
	chrIX	404524	0	0.5	25
	chrIX	404562	1	0.5	25
	chrIX	404611	1	1.0	25
	chrIX	404616	1	0.5	25
	chrIX	404620	0	0.5	25
	chrIX	404622	0	0.5	25
	chrIX	404629	1	0.5	25
	chrIX	404635	0	0.5	25
	chrIX	404671	1	0.5	25
	chrIX	404702	0	0.5	25
	chrIX	404707	0	0.5	25
	chrIX	404744	1	0.5	25
	chrIX	404764	0	1.0	25
	chrIX	404784	1	0.5	25
	chrIX	404791	0	0.5	25
	chrIX	404801	1	0.5	25
	chrIX	404805	0	0.5	25
	chrIX	404816	0	0.5	25
	chrIX	404836	0	0.5	25
	chrIX	404839	1	0.5	25
	chrIX	404852	1	0.5	25
	chrIX	404854	0	1.0	25
	chrIX	404867	1	0.5	25
	chrIX	404869	0	0.5	25
	chrIX	404876	0	0.5	25
	chrIX	404880	0	0.5	25
	chrIX	404897	0	0.5	25
	chrIX	404917	1	1.0	25
	chrIX	404926	0	0.5	25
	chrIX	404928	0	0.5	25
	chrIX	404943	0	1.0	25
	chrIX	404947	1	0.5	25
	chrIX	404953	1	1.0	25
	chrIX	404958	0	0.5	25
	chrIX	404961	0	0.5	25
	chrIX	404983	1	0.5	25
	chrIX	404984	1	0.5	25
	chrIX	404986	0	0.5	25
	chrIX	404992	0	0.5	25
	chrIX	405001	1	0.5	25
	chrIX	405002	1	0.5	25
	chrIX	405004	1	0.5	25
	chrIX	405015	1	0.5	25
	chrIX	405041	1	0.5	25
	chrIX	405042	1	0.5	25
	chrIX	405046	0	0.5	25
	chrIX	405056	1	1.0	25
	chrIX	405062	1	0.5	25
	chrIX	405107	0	1.0	25
	chrIX	405109	0	0.5	25
	chrIX	405134	0	0.5	25
	chrIX	405146	1	0.5	25
	chrIX	405151	1	0.5	25
	chrIX	405153	0	1.5	25
	chrIX	405155	1	0.5	25
	chrIX	405164	0	0.5	25
	chrIX	405170	1	0.5	25
	chrIX	405183	1	1.0	25
	chrIX	405220	0	0.5	25
	chrIX	405221	0	0.5	25
	chrIX	405224	1	1.5	25
	chrIX	405231	1	0.5	25
	chrIX	405246	0	0.5	25
	chrIX	405254	0	0.5	25
	chrIX	405271	1	0.5	25
	chrIX	405275	0	0.5	25
	chrIX	405283	1	0.5	25
	chrIX	405292	1	0.5	25
	chrIX	405311	1	0.5	25
	chrIX	405313	0	0.5	25
	chrIX	405325	0	0.5	25
	chrIX	405375	1	0.5	25
	chrIX	405381	1	0.5	25
	chrIX	405390	1	0.5	25
	chrIX	405394	0	0.5	25
	chrIX	405397	1	0.5	25
	chrIX	405463	1	0.5	25
	chrIX	405481	0	0.5	25
	chrIX	405560	1	0.5	25
	chrIX	405570	0	0.5	25
	chrIX	405585	0	0.5	25
	chrIX	405587	0	0.5	25
	chrIX	405627	1	0.5	25
	chrIX	405631	0	0.5	25
	chrIX	405635	0	0.5	25
	chrIX	405636	1	0.5	25
	chrIX	405643	1	0.5	25
	chrIX	405656	0	0.5	25
	chrIX	405669	0	0.5	25
	chrIX	405675	0	0.5	25
	chrIX	405678	1	0.5	25
	chrIX	405710	1	0.5	25
	chrIX	405715	0	1.0	25
	chrIX	405724	1	0.5	25
	chrIX	405731	0	0.5	25
	chrIX	405772	1	1.0	25
	chrIX	405789	1	0.5	25
	chrIX	405794	1	0.5	25
	chrIX	405802	0	0.5	25
	chrIX	405834	0	0.5	25
	chrIX	405836	1	0.5	25
	chrIX	405839	1	0.5	25
	chrIX	405865	0	0.5	25
	chrIX	405932	0	0.5	25
	chrIX	405943	0	0.5	25
	chrIX	405957	0	0.5	25
	chrIX	405967	1	0.5	25
	chrIX	405997	1	0.5	25
	chrIX	406009	1	0.5	25
	chrIX	406011	0	0.5	25
	chrIX	406013	0	0.5	25
	chrIX	406018	0	0.5	25
	chrIX	406020	1	0.5	25
	chrIX	406022	0	4.5	25
	chrIX	406022	1	0.5	25
	chrIX	406024	0	0.5	25
	chrIX	406041	0	1.0	25
	chrIX	406055	0	0.5	25
	chrIX	406062	1	0.5	25
	chrIX	406063	0	1.0	25
	chrIX	406063	1	0.5	25
	chrIX	406064	0	2.5	25
	chrIX	406067	1	0.5	25
	chrIX	406078	0	0.5	25
	chrIX	406084	1	2.0	25
	chrIX	406085	0	1.0	25
	chrIX	406086	0	1.0	25
	chrIX	406094	1	1.0	25
	chrIX	406095	0	0.5	25
	chrIX	406100	1	1.0	25
	chrIX	406120	1	1.0	25
	chrIX	406125	1	1.5	25
	chrIX	406126	1	1.5	25
	chrIX	406127	1	1.0	25
	chrIX	406128	0	0.5	25
	chrIX	406128	1	0.5	25
	chrIX	406129	1	2.0	25
	chrIX	406133	0	1.0	25
	chrIX	406138	1	0.5	25
	chrIX	406164	0	0.5	25
	chrIX	406171	1	0.5	25
	chrIX	406173	0	0.5	25
	chrIX	406178	0	0.5	25
	chrIX	406188	0	0.5	25
	chrIX	406190	0	0.5	25
	chrIX	406194	0	0.5	25
	chrIX	406201	1	0.5	25
	chrIX	406214	0	0.5	25
	chrIX	406224	1	0.5	25
	chrIX	406225	0	0.5	25
	chrIX	406225	1	0.5	25
	chrIX	406227	0	0.5	25
	chrIX	406240	1	0.5	25
	chrIX	406241	0	0.5	25
	chrIX	406245	0	2.5	25
	chrIX	406255	1	0.5	25
	chrIX	406260	0	0.5	25
	chrIX	406265	1	0.5	25
	chrIX	406268	0	0.5	25
	chrIX	406268	1	0.5	25
	chrIX	406273	1	0.5	25
	chrIX	406280	0	0.5	25
	chrIX	406283	1	0.5	25
	chrIX	406287	1	0.5	25
	chrIX	406291	1	1.0	25
	chrIX	406293	1	0.5	25
	chrIX	406312	1	1.5	25
	chrIX	406318	1	0.5	25
	chrIX	406323	0	0.5	25
	chrIX	406324	1	0.5	25
	chrIX	406326	1	0.5	25
	chrIX	406336	1	1.0	25
	chrIX	406342	1	0.5	25
	chrIX	406351	0	0.5	25
	chrIX	406358	0	0.5	25
	chrIX	406359	0	0.5	25
	chrIX	406409	0	0.5	25
	chrIX	406415	1	1.0	25
	chrIX	406420	1	0.5	25
	chrIX	406424	1	0.5	25
	chrIX	406425	0	0.5	25
	chrIX	406460	0	1.0	25
	chrIX	406464	0	0.5	25
	chrIX	406484	0	0.5	25
	chrIX	406485	0	1.0	25
	chrIX	406496	0	0.5	25
	chrIX	406501	1	0.5	25
	chrIX	406520	0	0.5	25
	chrIX	406537	1	1.0	25
	chrIX	406538	1	0.5	25
	chrIX	406542	1	0.5	25
	chrIX	406566	0	0.5	25
	chrIX	406568	0	0.5	25
	chrIX	406572	1	0.5	25
	chrIX	406573	0	0.5	25
	chrIX	406580	0	0.5	25
	chrIX	406590	1	0.5	25
	chrIX	406599	1	0.5	25
	chrIX	406601	1	0.5	25
	chrIX	406617	0	0.5	25
	chrIX	406629	0	0.5	25
	chrIX	406633	1	0.5	25
	chrIX	406645	1	0.5	25
	chrIX	406648	1	0.5	25
	chrIX	406659	0	0.5	25
	chrIX	406674	1	0.5	25
	chrIX	406687	0	1.0	25
	chrIX	406689	1	0.5	25
	chrIX	406712	1	0.5	25
	chrIX	406760	0	0.5	25
	chrIX	406765	1	1.0	25
	chrIX	406793	0	0.5	25
	chrIX	406807	1	0.5	25
	chrIX	406811	0	1.5	25
	chrIX	406816	0	0.5	25
	chrIX	406820	0	0.5	25
	chrIX	406821	0	0.5	25
	chrIX	406858	1	0.5	25
	chrIX	406865	1	0.5	25
	chrIX	406878	1	0.5	25
	chrIX	406884	1	0.5	25
	chrIX	406891	0	0.5	25
	chrIX	406894	1	0.5	25
	chrIX	406898	0	0.5	25
	chrIX	406899	1	0.5	25
	chrIX	406951	1	0.5	25
	chrIX	406957	1	0.5	25
	chrIX	406966	1	0.5	25
	chrIX	406967	1	0.5	25
	chrIX	406971	1	0.5	25
	chrIX	406973	0	0.5	25
	chrIX	406990	0	0.5	25
	chrIX	406998	0	0.5	25
	chrIX	407014	0	0.5	25
	chrIX	407044	1	0.5	25
	chrIX	407046	0	0.5	25
	chrIX	407056	1	0.5	25
	chrIX	407093	0	0.5	25
	chrIX	407115	1	0.5	25
	chrIX	407118	0	0.5	25
	chrIX	407132	0	1.5	25
	chrIX	407132	1	0.5	25
	chrIX	407141	0	0.5	25
	chrIX	407149	1	0.5	25
	chrIX	407152	1	0.5	25
	chrIX	407173	1	0.5	25
	chrIX	407186	0	0.5	25
	chrIX	407203	0	0.5	25
	chrIX	407218	1	1.5	25
	chrIX	407245	1	1.0	25
	chrIX	407293	0	0.5	25
	chrIX	407315	0	1.0	25
	chrIX	407325	0	0.5	25
	chrIX	407325	1	0.5	25
	chrIX	407362	1	0.5	25
	chrIX	407372	0	0.5	25
	chrIX	407383	0	0.5	25
	chrIX	407392	0	1.0	25
	chrIX	407432	0	0.5	25
	chrIX	407448	1	0.5	25
	chrIX	407486	1	1.0	25
	chrIX	407494	1	1.0	25
	chrIX	407497	1	0.5	25
	chrIX	407509	0	1.0	25
	chrIX	407549	0	1.0	25
	chrIX	407580	0	0.5	25
	chrIX	407594	0	0.5	25
	chrIX	407634	1	0.5	25
	chrIX	407637	0	1.0	25
	chrIX	407639	1	1.0	25
	chrIX	407646	0	0.5	25
	chrIX	407650	1	0.5	25
	chrIX	407679	0	1.0	25
	chrIX	407680	0	0.5	25
	chrIX	407680	1	1.0	25
	chrIX	407681	0	1.5	25
	chrIX	407681	1	0.5	25
	chrIX	407691	1	0.5	25
	chrIX	407697	0	0.5	25
	chrIX	407698	0	0.5	25
	chrIX	407703	1	0.5	25
	chrIX	407707	1	1.0	25
	chrIX	407749	1	0.5	25
	chrIX	407775	0	0.5	25
	chrIX	407777	0	0.5	25
	chrIX	407779	1	0.5	25
	chrIX	407806	1	0.5	25
	chrIX	407825	0	1.0	25
	chrIX	407825	1	1.5	25
	chrIX	407827	1	0.5	25
	chrIX	407829	1	0.5	25
	chrIX	407830	0	0.5	25
	chrIX	407838	0	0.5	25
	chrIX	407839	1	0.5	25
	chrIX	407849	0	0.5	25
	chrIX	407870	0	1.0	25
	chrIX	407889	0	0.5	25
	chrIX	407907	1	0.5	25
	chrIX	407913	0	0.5	25
	chrIX	407919	1	0.5	25
	chrIX	407921	1	0.5	25
	chrIX	407923	1	0.5	25
	chrIX	407932	0	0.5	25
	chrIX	407940	0	0.5	25
	chrIX	407958	0	0.5	25
	chrIX	407997	1	0.5	25
	chrIX	408001	1	0.5	25
	chrIX	408002	0	0.5	25
	chrIX	408003	0	0.5	25
	chrIX	408004	0	0.5	25
	chrIX	408008	1	0.5	25
	chrIX	408010	0	1.0	25
	chrIX	408011	0	1.0	25
	chrIX	408012	0	0.5	25
	chrIX	408019	0	4.5	25
	chrIX	408019	1	1.0	25
	chrIX	408020	0	2.0	25
	chrIX	408023	0	0.5	25
	chrIX	408024	0	1.5	25
	chrIX	408025	0	1.0	25
	chrIX	408030	0	0.5	25
	chrIX	408030	1	0.5	25
	chrIX	408032	0	1.0	25
	chrIX	408034	0	0.5	25
	chrIX	408040	0	0.5	25
	chrIX	408048	0	0.5	25
	chrIX	408057	1	1.0	25
	chrIX	408061	0	1.0	25
	chrIX	408063	0	0.5	25
	chrIX	408070	0	0.5	25
	chrIX	408072	0	0.5	25
	chrIX	408073	0	0.5	25
	chrIX	408073	1	0.5	25
	chrIX	408074	1	2.0	25
	chrIX	408075	0	1.5	25
	chrIX	408075	1	0.5	25
	chrIX	408076	0	0.5	25
	chrIX	408079	0	0.5	25
	chrIX	408083	1	0.5	25
	chrIX	408088	1	0.5	25
	chrIX	408089	1	1.0	25
	chrIX	408096	1	0.5	25
	chrIX	408103	1	1.0	25
	chrIX	408105	1	5.5	25
	chrIX	408106	0	0.5	25
	chrIX	408106	1	0.5	25
	chrIX	408110	1	1.0	25
	chrIX	408113	1	1.0	25
	chrIX	408114	1	0.5	25
	chrIX	408119	0	0.5	25
	chrIX	408119	1	0.5	25
	chrIX	408120	0	0.5	25
	chrIX	408121	0	0.5	25
	chrIX	408123	1	0.5	25
	chrIX	408124	1	0.5	25
	chrIX	408130	1	2.0	25
	chrIX	408131	1	1.0	25
	chrIX	408137	1	0.5	25
	chrIX	408139	1	0.5	25
	chrIX	408147	1	0.5	25
	chrIX	408154	1	0.5	25
	chrIX	408186	0	0.5	25
	chrIX	408236	0	0.5	25
	chrIX	408256	0	0.5	25
	chrIX	408262	0	0.5	25
	chrIX	408264	0	0.5	25
	chrIX	408266	1	0.5	25
	chrIX	408277	0	0.5	25
	chrIX	408281	0	0.5	25
	chrIX	408283	1	0.5	25
	chrIX	408288	1	0.5	25
	chrIX	408295	0	0.5	25
	chrIX	408308	1	2.0	25
	chrIX	408317	1	0.5	25
	chrIX	408319	1	0.5	25
	chrIX	408328	0	0.5	25
	chrIX	408329	0	0.5	25
	chrIX	408342	0	1.5	25
	chrIX	408343	1	0.5	25
	chrIX	408350	1	0.5	25
	chrIX	408358	1	0.5	25
	chrIX	408364	1	0.5	23
	chrIX	408367	0	1.0	25
	chrIX	408389	0	0.5	25
	chrIX	408389	1	1.0	25
	chrIX	408412	1	1.5	25
	chrIX	408419	1	1.0	25
	chrIX	408432	1	0.5	25
	chrIX	408434	0	0.5	25
	chrIX	408439	0	0.5	25
	chrIX	408440	1	0.5	25
	chrIX	408447	0	0.5	25
	chrIX	408460	0	1.0	25
	chrIX	408474	0	0.5	25
	chrIX	408504	1	0.5	25
	chrIX	408526	1	0.5	25
	chrIX	408527	1	0.5	25
	chrIX	408541	1	0.5	25
	chrIX	408546	1	1.0	25
	chrIX	408572	0	0.5	25
	chrIX	408574	0	0.5	25
	chrIX	408576	0	1.5	25
	chrIX	408595	0	0.5	25
	chrIX	408617	1	0.5	25
	chrIX	408633	1	0.5	25
	chrIX	408639	1	0.5	25
	chrIX	408644	0	0.5	25
	chrIX	408669	1	0.5	25
	chrIX	408671	1	0.5	25
	chrIX	408674	1	0.5	25
	chrIX	408699	1	0.5	25
	chrIX	408733	0	0.5	25
	chrIX	408749	0	0.5	25
	chrIX	408774	1	0.5	25
	chrIX	408798	0	0.5	25
	chrIX	408803	0	0.5	25
	chrIX	408811	0	1.0	25
	chrIX	408813	1	0.5	25
	chrIX	408826	0	0.5	25
	chrIX	408853	1	0.5	25
	chrIX	408862	0	0.5	25
	chrIX	408862	1	1.0	25
	chrIX	408876	0	0.5	25
	chrIX	408876	1	0.5	25
	chrIX	408884	0	0.5	25
	chrIX	408898	0	0.5	25
	chrIX	408903	1	0.5	25
	chrIX	408907	0	0.5	25
	chrIX	408908	1	0.5	25
	chrIX	408920	0	0.5	25
	chrIX	408934	0	1.0	25
	chrIX	408938	1	0.5	25
	chrIX	408950	0	0.5	25
	chrIX	408952	0	1.0	25
	chrIX	408956	1	0.5	25
	chrIX	408970	1	0.5	25
	chrIX	408979	1	0.5	25
	chrIX	409002	0	1.0	25
	chrIX	409007	1	0.5	25
	chrIX	409008	1	0.5	25
	chrIX	409010	0	1.0	25
	chrIX	409018	1	1.0	25
	chrIX	409025	1	0.5	25
	chrIX	409028	0	0.5	25
	chrIX	409029	0	0.5	25
	chrIX	409031	0	0.5	25
	chrIX	409048	0	0.5	25
	chrIX	409070	1	0.5	25
	chrIX	409075	1	1.0	25
	chrIX	409081	0	1.0	25
	chrIX	409094	1	0.5	25
	chrIX	409098	1	0.5	25
	chrIX	409099	0	0.5	25
	chrIX	409133	1	0.5	25
	chrIX	409139	0	1.0	25
	chrIX	409154	0	0.5	25
	chrIX	409156	1	0.5	25
	chrIX	409161	0	0.5	25
	chrIX	409162	0	0.5	25
	chrIX	409167	0	0.5	25
	chrIX	409185	1	0.5	25
	chrIX	409186	0	0.5	25
	chrIX	409188	0	0.5	25
	chrIX	409193	1	1.0	25
	chrIX	409201	1	0.5	25
	chrIX	409207	0	0.5	25
	chrIX	409215	1	0.5	25
	chrIX	409219	1	0.5	25
	chrIX	409235	1	1.5	25
	chrIX	409237	1	0.5	25
	chrIX	409248	1	0.5	25
	chrIX	409251	0	0.5	25
	chrIX	409265	1	0.5	25
	chrIX	409266	0	0.5	25
	chrIX	409269	0	0.5	25
	chrIX	409286	1	0.5	25
	chrIX	409294	1	0.5	25
	chrIX	409296	0	1.5	25
	chrIX	409317	1	0.5	25
	chrIX	409320	1	0.5	25
	chrIX	409362	1	1.0	25
	chrIX	409367	0	0.5	25
	chrIX	409382	1	0.5	25
	chrIX	409389	0	0.5	25
	chrIX	409393	1	0.5	25
	chrIX	409433	0	0.5	25
	chrIX	409469	0	0.5	25
	chrIX	409473	0	0.5	25
	chrIX	409482	0	0.5	25
	chrIX	409515	1	0.5	25
	chrIX	409517	0	0.5	25
	chrIX	409522	0	1.0	25
	chrIX	409526	1	0.5	25
	chrIX	409527	1	0.5	25
	chrIX	409530	0	0.5	25
	chrIX	409541	0	0.5	25
	chrIX	409549	1	0.5	25
	chrIX	409559	1	0.5	25
	chrIX	409564	1	0.5	25
	chrIX	409589	1	0.5	23
	chrIX	409618	0	0.5	25
	chrIX	409619	0	0.5	25
	chrIX	409674	0	0.5	25
	chrIX	409679	1	0.5	25
	chrIX	409696	1	0.5	25
	chrIX	409704	1	0.5	25
	chrIX	409705	1	0.5	25
	chrIX	409706	0	0.5	25
	chrIX	409714	1	0.5	25
	chrIX	409727	0	0.5	25
	chrIX	409735	0	0.5	25
	chrIX	409735	1	0.5	25
	chrIX	409736	1	0.5	25
	chrIX	409791	0	0.5	25
	chrIX	409812	1	0.5	25
	chrIX	409822	1	0.5	25
	chrIX	409826	0	0.5	25
	chrIX	409848	0	0.5	25
	chrIX	409858	0	0.5	25
	chrIX	409861	0	0.5	25
	chrIX	409862	1	0.5	25
	chrIX	409863	0	0.5	25
	chrIX	409871	0	0.5	25
	chrIX	409878	1	0.5	25
	chrIX	409916	0	0.5	25
	chrIX	409924	0	0.5	25
	chrIX	409926	1	0.5	25
	chrIX	409930	1	0.5	25
	chrIX	409931	1	0.5	25
	chrIX	409938	1	0.5	25
	chrIX	409945	1	0.5	25
	chrIX	409969	1	0.5	25
	chrIX	410013	1	0.5	25
	chrIX	410031	0	0.5	25
	chrIX	410045	0	0.5	25
	chrIX	410065	1	0.5	25
	chrIX	410084	0	0.5	25
	chrIX	410085	0	0.5	25
	chrIX	410092	1	0.5	25
	chrIX	410110	1	0.5	25
	chrIX	410165	0	0.5	25
	chrIX	410165	1	0.5	25
	chrIX	410167	1	0.5	25
	chrIX	410196	0	0.5	25
	chrIX	410202	0	0.5	25
	chrIX	410223	0	1.0	25
	chrIX	410224	1	0.5	25
	chrIX	410229	0	1.0	25
	chrIX	410249	1	0.5	25
	chrIX	410262	0	0.5	25
	chrIX	410278	0	0.5	25
	chrIX	410280	1	1.0	25
	chrIX	410316	1	0.5	25
	chrIX	410335	1	0.5	25
	chrIX	410348	1	0.5	25
	chrIX	410350	1	1.0	25
	chrIX	410362	0	0.5	25
	chrIX	410381	0	0.5	25
	chrIX	410409	0	0.5	25
	chrIX	410434	1	0.5	25
	chrIX	410470	0	0.5	25
	chrIX	410476	1	0.5	25
	chrIX	410478	1	0.5	25
	chrIX	410482	0	1.0	25
	chrIX	410487	0	0.5	25
	chrIX	410488	0	0.5	25
	chrIX	410495	0	2.0	25
	chrIX	410525	0	1.0	25
	chrIX	410533	0	0.5	25
	chrIX	410538	1	0.5	25
	chrIX	410553	1	0.5	25
	chrIX	410554	1	0.5	25
	chrIX	410555	0	0.5	25
	chrIX	410569	0	0.5	25
	chrIX	410577	1	1.0	25
	chrIX	410578	1	1.0	25
	chrIX	410583	0	1.0	25
	chrIX	410605	0	0.5	25
	chrIX	410608	1	0.5	25
	chrIX	410612	1	1.0	25
	chrIX	410620	1	0.5	25
	chrIX	410625	0	0.5	25
	chrIX	410630	1	1.0	25
	chrIX	410679	1	0.5	25
	chrIX	410694	1	0.5	25
	chrIX	410710	1	0.5	25
	chrIX	410713	0	0.5	25
	chrIX	410716	0	1.0	25
	chrIX	410717	0	0.5	25
	chrIX	410758	0	0.5	25
	chrIX	410759	0	0.5	25
	chrIX	410775	0	1.5	25
	chrIX	410777	0	0.5	25
	chrIX	410778	0	0.5	25
	chrIX	410783	0	1.0	25
	chrIX	410784	1	1.0	25
	chrIX	410785	0	1.5	25
	chrIX	410795	1	1.0	25
	chrIX	410798	1	0.5	25
	chrIX	410799	0	0.5	25
	chrIX	410800	0	0.5	25
	chrIX	410809	0	0.5	24
	chrIX	410823	1	1.0	25
	chrIX	410831	0	1.0	25
	chrIX	410837	0	0.5	25
	chrIX	410838	1	0.5	25
	chrIX	410849	1	0.5	25
	chrIX	410851	1	0.5	25
	chrIX	410864	1	1.5	25
	chrIX	410871	0	0.5	25
	chrIX	410878	1	0.5	25
	chrIX	410879	0	0.5	25
	chrIX	410881	1	1.0	25
	chrIX	410891	1	0.5	25
	chrIX	410916	1	0.5	25
	chrIX	410937	0	0.5	25
	chrIX	410950	1	0.5	25
	chrIX	410961	0	0.5	25
	chrIX	410968	1	0.5	25
	chrIX	410969	0	0.5	25
	chrIX	410969	1	0.5	25
	chrIX	410970	1	0.5	25
	chrIX	410981	0	0.5	25
	chrIX	410993	1	0.5	25
	chrIX	410994	1	1.0	25
	chrIX	411004	0	1.0	25
	chrIX	411011	1	0.5	25
	chrIX	411027	1	0.5	25
	chrIX	411054	0	0.5	25
	chrIX	411058	0	0.5	25
	chrIX	411078	1	1.0	25
	chrIX	411113	0	0.5	25
	chrIX	411119	1	0.5	25
	chrIX	411122	1	0.5	25
	chrIX	411143	0	1.0	25
	chrIX	411161	0	0.5	25
	chrIX	411161	1	0.5	25
	chrIX	411163	0	0.5	25
	chrIX	411172	1	1.0	25
	chrIX	411192	0	0.5	25
	chrIX	411193	0	0.5	25
	chrIX	411209	0	0.5	25
	chrIX	411225	0	0.5	25
	chrIX	411226	0	0.5	25
	chrIX	411242	1	1.0	25
	chrIX	411255	1	0.5	25
	chrIX	411264	0	0.5	25
	chrIX	411265	1	0.5	25
	chrIX	411275	0	0.5	25
	chrIX	411277	1	0.5	25
	chrIX	411311	1	0.5	25
	chrIX	411315	0	0.5	25
	chrIX	411320	1	0.5	25
	chrIX	411333	1	0.5	25
	chrIX	411341	1	0.5	25
	chrIX	411385	1	1.0	25
	chrIX	411391	0	0.5	25
	chrIX	411394	0	0.5	25
	chrIX	411402	0	0.5	25
	chrIX	411419	0	1.0	25
	chrIX	411430	0	0.5	25
	chrIX	411438	1	0.5	25
	chrIX	411440	1	0.5	25
	chrIX	411453	1	0.5	25
	chrIX	411471	1	0.5	25
	chrIX	411498	1	0.5	25
	chrIX	411528	0	0.5	25
	chrIX	411532	0	0.5	25
	chrIX	411560	1	1.0	25
	chrIX	411576	1	0.5	25
	chrIX	411577	1	0.5	25
	chrIX	411601	1	0.5	25
	chrIX	411602	0	0.5	25
	chrIX	411629	0	0.5	25
	chrIX	411638	0	0.5	25
	chrIX	411698	0	0.5	25
	chrIX	411715	0	1.0	25
	chrIX	411752	1	0.5	25
	chrIX	411754	0	0.5	25
	chrIX	411756	0	0.5	25
	chrIX	411756	1	0.5	25
	chrIX	411763	1	0.5	25
	chrIX	411764	1	0.5	25
	chrIX	411766	0	0.5	25
	chrIX	411778	0	0.5	25
	chrIX	411783	1	0.5	25
	chrIX	411797	0	0.5	25
	chrIX	411802	0	0.5	25
	chrIX	411826	0	0.5	25
	chrIX	411828	0	0.5	25
	chrIX	411832	0	0.5	25
	chrIX	411843	0	1.0	25
	chrIX	411844	0	0.5	25
	chrIX	411862	0	0.5	25
	chrIX	411864	1	0.5	25
	chrIX	411869	1	0.5	25
	chrIX	411889	1	1.0	25
	chrIX	411911	1	0.5	25
	chrIX	411915	1	1.0	25
	chrIX	411920	0	0.5	25
	chrIX	411921	1	0.5	25
	chrIX	411927	1	0.5	25
	chrIX	411928	1	0.5	25
	chrIX	411930	0	0.5	25
	chrIX	411930	1	0.5	25
	chrIX	411933	0	1.5	25
	chrIX	411942	0	0.5	25
	chrIX	411943	1	0.5	25
	chrIX	411945	0	1.5	25
	chrIX	411946	0	0.5	25
	chrIX	411948	1	0.5	25
	chrIX	411952	0	2.5	25
	chrIX	411967	0	1.0	25
	chrIX	411967	1	0.5	25
	chrIX	411972	0	0.5	25
	chrIX	411979	1	0.5	25
	chrIX	411981	0	1.0	25
	chrIX	411997	1	0.5	25
	chrIX	411999	1	0.5	25
	chrIX	412002	0	0.5	25
	chrIX	412005	1	0.5	25
	chrIX	412012	1	2.5	25
	chrIX	412013	1	1.0	25
	chrIX	412014	1	1.5	25
	chrIX	412027	1	1.0	25
	chrIX	412035	1	1.0	25
	chrIX	412058	0	0.5	25
	chrIX	412058	1	0.5	25
	chrIX	412059	1	1.0	25
	chrIX	412064	0	0.5	25
	chrIX	412084	0	0.5	25
	chrIX	412093	0	0.5	25
	chrIX	412105	0	0.5	25
	chrIX	412122	1	0.5	25
	chrIX	412129	0	0.5	25
	chrIX	412131	0	1.0	25
	chrIX	412139	1	0.5	25
	chrIX	412145	1	0.5	25
	chrIX	412173	1	0.5	25
	chrIX	412175	0	0.5	25
	chrIX	412176	0	0.5	25
	chrIX	412176	1	0.5	25
	chrIX	412181	0	0.5	25
	chrIX	412185	0	0.5	25
	chrIX	412192	0	0.5	25
	chrIX	412193	1	1.0	25
	chrIX	412197	0	0.5	25
	chrIX	412210	1	0.5	25
	chrIX	412211	0	0.5	25
	chrIX	412217	1	0.5	25
	chrIX	412219	1	1.0	25
	chrIX	412220	0	0.5	25
	chrIX	412225	0	0.5	25
	chrIX	412239	1	0.5	25
	chrIX	412246	0	1.0	25
	chrIX	412254	1	0.5	25
	chrIX	412271	0	0.5	25
	chrIX	412283	1	0.5	25
	chrIX	412284	0	0.5	25
	chrIX	412300	1	0.5	25
	chrIX	412314	1	0.5	25
	chrIX	412318	1	0.5	25
	chrIX	412327	0	1.0	25
	chrIX	412342	0	0.5	25
	chrIX	412357	1	0.5	25
	chrIX	412363	1	0.5	25
	chrIX	412371	1	1.0	25
	chrIX	412372	1	0.5	25
	chrIX	412380	0	0.5	25
	chrIX	412389	1	0.5	25
	chrIX	412395	0	1.0	25
	chrIX	412396	1	0.5	25
	chrIX	412411	0	0.5	25
	chrIX	412426	0	0.5	25
	chrIX	412431	1	0.5	25
	chrIX	412450	0	0.5	25
	chrIX	412453	0	0.5	25
	chrIX	412471	0	0.5	25
	chrIX	412511	0	0.5	25
	chrIX	412513	1	0.5	25
	chrIX	412517	1	0.5	25
	chrIX	412518	1	0.5	25
	chrIX	412526	1	0.5	25
	chrIX	412537	1	0.5	25
	chrIX	412554	1	1.0	25
	chrIX	412561	0	1.0	25
	chrIX	412567	0	0.5	25
	chrIX	412579	1	0.5	25
	chrIX	412594	0	0.5	25
	chrIX	412599	0	0.5	25
	chrIX	412615	0	0.5	25
	chrIX	412619	1	1.0	25
	chrIX	412625	0	0.5	25
	chrIX	412637	1	0.5	25
	chrIX	412656	1	0.5	25
	chrIX	412665	0	0.5	25
	chrIX	412671	1	0.5	25
	chrIX	412678	1	0.5	25
	chrIX	412690	1	0.5	25
	chrIX	412696	0	0.5	25
	chrIX	412711	1	0.5	25
	chrIX	412730	0	0.5	25
	chrIX	412738	0	0.5	25
	chrIX	412765	0	0.5	25
	chrIX	412767	0	1.0	25
	chrIX	412768	1	0.5	25
	chrIX	412788	0	0.5	25
	chrIX	412800	0	0.5	25
	chrIX	412800	1	0.5	25
	chrIX	412823	0	0.5	25
	chrIX	412826	1	0.5	25
	chrIX	412830	1	0.5	25
	chrIX	412838	0	0.5	25
	chrIX	412848	0	1.0	25
	chrIX	412852	1	1.0	25
	chrIX	412853	0	1.0	25
	chrIX	412855	0	0.5	25
	chrIX	412866	0	0.5	25
	chrIX	412876	0	1.0	25
	chrIX	412886	0	0.5	25
	chrIX	412886	1	0.5	25
	chrIX	412887	0	0.5	25
	chrIX	412894	1	0.5	25
	chrIX	412899	0	0.5	25
	chrIX	412901	1	0.5	25
	chrIX	412906	1	0.5	25
	chrIX	412915	1	0.5	25
	chrIX	412920	1	0.5	25
	chrIX	412931	1	0.5	25
	chrIX	412939	0	0.5	25
	chrIX	412940	1	0.5	25
	chrIX	412950	1	0.5	25
	chrIX	412952	1	0.5	25
	chrIX	412956	1	0.5	25
	chrIX	412958	1	0.5	25
	chrIX	412999	1	0.5	25
	chrIX	413017	0	0.5	25
	chrIX	413023	0	1.5	25
	chrIX	413025	1	0.5	25
	chrIX	413033	0	1.0	25
	chrIX	413059	0	0.5	25
	chrIX	413070	0	0.5	25
	chrIX	413070	1	1.0	25
	chrIX	413071	0	0.5	25
	chrIX	413081	1	0.5	25
	chrIX	413095	0	0.5	25
	chrIX	413103	1	1.0	25
	chrIX	413111	1	1.5	25
	chrIX	413115	1	0.5	25
	chrIX	413141	1	0.5	25
	chrIX	413178	1	0.5	25
	chrIX	413182	1	0.5	25
	chrIX	413247	0	0.5	25
	chrIX	413266	0	0.5	25
	chrIX	413268	0	0.5	25
	chrIX	413272	0	0.5	25
	chrIX	413311	1	0.5	25
	chrIX	413323	1	0.5	25
	chrIX	413325	1	0.5	25
	chrIX	413326	1	0.5	25
	chrIX	413366	0	0.5	25
	chrIX	413408	0	1.0	25
	chrIX	413437	1	0.5	25
	chrIX	413438	0	1.0	25
	chrIX	413451	0	1.0	25
	chrIX	413471	1	1.0	25
	chrIX	413498	1	1.0	25
	chrIX	413516	0	0.5	25
	chrIX	413532	1	0.5	25
	chrIX	413551	0	0.5	25
	chrIX	413576	1	0.5	25
	chrIX	413581	1	0.5	25
	chrIX	413603	0	0.5	25
	chrIX	413617	1	0.5	25
	chrIX	413641	0	0.5	25
	chrIX	413698	0	0.5	25
	chrIX	413710	0	0.5	25
	chrIX	413712	1	0.5	25
	chrIX	413724	1	0.5	25
	chrIX	413741	0	0.5	25
	chrIX	413748	0	0.5	25
	chrIX	413750	0	0.5	25
	chrIX	413802	1	0.5	25
	chrIX	413823	1	0.5	25
	chrIX	413837	1	0.5	25
	chrIX	413859	1	0.5	25
	chrIX	413860	0	0.5	25
	chrIX	413887	0	0.5	25
	chrIX	413917	1	0.5	25
	chrIX	413920	0	0.5	25
	chrIX	413923	0	0.5	25
	chrIX	413929	0	0.5	25
	chrIX	413932	1	0.5	25
	chrIX	413956	0	0.5	25
	chrIX	413974	1	0.5	25
	chrIX	413975	1	0.5	25
	chrIX	413987	0	0.5	25
	chrIX	414006	0	0.5	25
	chrIX	414013	1	0.5	25
	chrIX	414026	1	0.5	25
	chrIX	414048	1	0.5	25
	chrIX	414049	1	0.5	25
	chrIX	414050	0	2.0	25
	chrIX	414057	0	0.5	25
	chrIX	414094	1	1.5	25
	chrIX	414096	1	0.5	25
	chrIX	414110	0	0.5	25
	chrIX	414112	0	0.5	25
	chrIX	414151	0	0.5	25
	chrIX	414158	0	0.5	25
	chrIX	414160	0	0.5	25
	chrIX	414176	1	0.5	25
	chrIX	414210	1	0.5	25
	chrIX	414221	1	0.5	25
	chrIX	414224	1	0.5	25
	chrIX	414262	1	0.5	25
	chrIX	414299	1	0.5	25
	chrIX	414344	1	0.5	25
	chrIX	414381	0	0.5	25
	chrIX	414407	0	0.5	25
	chrIX	414489	1	0.5	25
	chrIX	414502	0	0.5	25
	chrIX	414548	1	0.5	25
	chrIX	414562	0	0.5	25
	chrIX	414571	0	0.5	25
	chrIX	414597	0	0.5	25
	chrIX	414600	0	0.5	25
	chrIX	414645	1	1.0	25
	chrIX	414647	0	0.5	25
	chrIX	414648	0	1.0	25
	chrIX	414651	0	0.5	25
	chrIX	414668	1	0.5	25
	chrIX	414675	0	0.5	25
	chrIX	414685	0	0.5	25
	chrIX	414695	0	1.0	25
	chrIX	414698	1	0.5	25
	chrIX	414701	1	0.5	25
	chrIX	414705	0	0.5	25
	chrIX	414712	1	0.5	25
	chrIX	414717	1	0.5	25
	chrIX	414764	1	1.0	25
	chrIX	414798	1	0.5	25
	chrIX	414815	0	1.0	25
	chrIX	414849	0	1.5	25
	chrIX	414865	0	1.5	25
	chrIX	414866	0	0.5	25
	chrIX	414867	0	0.5	25
	chrIX	414872	0	0.5	25
	chrIX	414878	0	0.5	25
	chrIX	414878	1	0.5	25
	chrIX	414879	0	1.0	25
	chrIX	414884	1	1.0	25
	chrIX	414885	1	0.5	25
	chrIX	414886	0	1.5	25
	chrIX	414886	1	0.5	25
	chrIX	414887	0	2.5	25
	chrIX	414889	1	0.5	25
	chrIX	414890	0	1.0	25
	chrIX	414891	0	1.0	25
	chrIX	414892	0	1.5	25
	chrIX	414895	0	1.0	25
	chrIX	414905	0	0.5	25
	chrIX	414917	1	0.5	25
	chrIX	414920	1	0.5	25
	chrIX	414921	1	0.5	25
	chrIX	414925	0	0.5	25
	chrIX	414925	1	2.5	25
	chrIX	414926	0	0.5	25
	chrIX	414927	0	0.5	25
	chrIX	414939	1	0.5	25
	chrIX	414954	1	0.5	25
	chrIX	414961	1	0.5	25
	chrIX	414962	1	0.5	25
	chrIX	414963	1	0.5	24
	chrIX	414963	1	1.0	25
	chrIX	414968	1	1.0	25
	chrIX	414969	1	0.5	25
	chrIX	414970	1	0.5	25
	chrIX	414974	1	2.5	25
	chrIX	414975	0	0.5	25
	chrIX	414975	1	1.0	25
	chrIX	414980	1	0.5	25
	chrIX	414981	1	0.5	25
	chrIX	414985	1	0.5	25
	chrIX	414988	1	1.0	25
	chrIX	415005	0	0.5	25
	chrIX	415021	0	0.5	25
	chrIX	415042	0	0.5	25
	chrIX	415045	0	0.5	25
	chrIX	415052	1	0.5	25
	chrIX	415076	1	0.5	25
	chrIX	415101	1	0.5	25
	chrIX	415104	1	0.5	25
	chrIX	415117	1	0.5	25
	chrIX	415119	0	0.5	25
	chrIX	415145	1	0.5	25
	chrIX	415169	0	0.5	25
	chrIX	415194	1	0.5	25
	chrIX	415204	0	0.5	25
	chrIX	415219	0	0.5	25
	chrIX	415249	0	0.5	25
	chrIX	415260	1	0.5	25
	chrIX	415269	0	1.0	25
	chrIX	415278	1	0.5	25
	chrIX	415283	1	0.5	25
	chrIX	415306	0	0.5	25
	chrIX	415318	1	0.5	25
	chrIX	415323	0	0.5	25
	chrIX	415325	1	0.5	25
	chrIX	415328	0	1.5	25
	chrIX	415337	1	0.5	25
	chrIX	415338	0	0.5	25
	chrIX	415347	1	0.5	25
	chrIX	415358	0	0.5	25
	chrIX	415374	0	0.5	25
	chrIX	415381	1	0.5	25
	chrIX	415390	1	0.5	25
	chrIX	415397	1	1.5	25
	chrIX	415404	1	0.5	25
	chrIX	415432	1	0.5	25
	chrIX	415441	0	0.5	25
	chrIX	415456	1	0.5	25
	chrIX	415526	0	0.5	25
	chrIX	415532	1	0.5	25
	chrIX	415541	0	0.5	25
	chrIX	415543	0	0.5	25
	chrIX	415603	1	0.5	25
	chrIX	415612	1	0.5	25
	chrIX	415617	1	0.5	25
	chrIX	415622	0	0.5	25
	chrIX	415643	0	0.5	25
	chrIX	415667	1	0.5	25
	chrIX	415688	0	0.5	25
	chrIX	415691	0	0.5	25
	chrIX	415692	0	1.0	25
	chrIX	415693	0	0.5	25
	chrIX	415698	0	1.0	25
	chrIX	415698	1	0.5	25
	chrIX	415702	0	0.5	25
	chrIX	415708	0	0.5	25
	chrIX	415710	0	1.0	25
	chrIX	415743	1	0.5	25
	chrIX	415745	1	0.5	25
	chrIX	415747	0	0.5	25
	chrIX	415748	1	0.5	25
	chrIX	415756	1	0.5	25
	chrIX	415766	0	1.0	25
	chrIX	415766	1	1.0	25
	chrIX	415779	0	0.5	25
	chrIX	415781	1	1.0	25
	chrIX	415796	0	0.5	25
	chrIX	415801	1	0.5	25
	chrIX	415806	1	0.5	25
	chrIX	415848	1	0.5	25
	chrIX	415853	1	0.5	25
	chrIX	415862	1	0.5	25
	chrIX	415866	1	0.5	25
	chrIX	415874	0	0.5	25
	chrIX	415885	1	0.5	25
	chrIX	415906	0	1.0	25
	chrIX	415907	1	0.5	25
	chrIX	415909	0	1.0	25
	chrIX	415912	0	0.5	25
	chrIX	415936	0	0.5	25
	chrIX	415942	0	0.5	25
	chrIX	415944	1	0.5	25
	chrIX	415949	0	0.5	25
	chrIX	415952	0	0.5	25
	chrIX	415954	0	1.0	25
	chrIX	415965	1	0.5	25
	chrIX	415966	0	1.5	25
	chrIX	415967	0	1.0	25
	chrIX	415974	1	0.5	25
	chrIX	415978	0	1.0	25
	chrIX	415988	1	0.5	25
	chrIX	415989	1	0.5	25
	chrIX	415994	1	0.5	25
	chrIX	415996	0	0.5	25
	chrIX	415997	1	0.5	25
	chrIX	415998	0	2.0	25
	chrIX	416012	1	0.5	25
	chrIX	416014	1	0.5	25
	chrIX	416020	0	0.5	25
	chrIX	416031	1	2.5	25
	chrIX	416041	1	1.0	25
	chrIX	416042	0	0.5	25
	chrIX	416042	1	0.5	25
	chrIX	416043	0	0.5	25
	chrIX	416048	0	0.5	25
	chrIX	416082	1	0.5	25
	chrIX	416089	0	0.5	25
	chrIX	416103	0	0.5	25
	chrIX	416117	1	0.5	25
	chrIX	416123	1	0.5	25
	chrIX	416145	1	0.5	25
	chrIX	416159	1	0.5	25
	chrIX	416174	1	2.0	25
	chrIX	416176	1	0.5	25
	chrIX	416182	1	0.5	25
	chrIX	416199	0	0.5	25
	chrIX	416209	1	0.5	25
	chrIX	416257	1	0.5	25
	chrIX	416281	1	0.5	25
	chrIX	416295	0	0.5	25
	chrIX	416368	0	0.5	25
	chrIX	416377	0	0.5	24
	chrIX	416415	1	0.5	25
	chrIX	416443	1	0.5	25
	chrIX	416445	1	0.5	25
	chrIX	416474	0	0.5	25
	chrIX	416486	0	1.0	25
	chrIX	416498	0	0.5	25
	chrIX	416522	0	0.5	25
	chrIX	416540	1	0.5	25
	chrIX	416543	0	0.5	25
	chrIX	416545	0	0.5	25
	chrIX	416554	0	0.5	25
	chrIX	416557	1	0.5	25
	chrIX	416587	0	0.5	25
	chrIX	416600	0	0.5	25
	chrIX	416606	0	0.5	25
	chrIX	416609	1	0.5	25
	chrIX	416623	1	0.5	25
	chrIX	416639	0	1.0	25
	chrIX	416654	0	0.5	25
	chrIX	416659	1	0.5	25
	chrIX	416662	0	0.5	25
	chrIX	416666	1	0.5	25
	chrIX	416680	1	0.5	25
	chrIX	416688	1	0.5	25
	chrIX	416701	1	0.5	25
	chrIX	416712	0	0.5	25
	chrIX	416713	0	0.5	24
	chrIX	416715	1	0.5	25
	chrIX	416724	0	0.5	25
	chrIX	416733	1	0.5	25
	chrIX	416735	1	0.5	25
	chrIX	416737	1	1.0	25
	chrIX	416744	0	0.5	25
	chrIX	416758	0	0.5	25
	chrIX	416780	0	0.5	25
	chrIX	416794	1	0.5	25
	chrIX	416800	0	0.5	25
	chrIX	416802	0	1.0	25
	chrIX	416803	1	0.5	25
	chrIX	416807	0	0.5	25
	chrIX	416808	1	0.5	25
	chrIX	416813	0	0.5	25
	chrIX	416824	1	0.5	25
	chrIX	416827	1	0.5	25
	chrIX	416834	1	0.5	25
	chrIX	416840	1	0.5	25
	chrIX	416847	1	0.5	25
	chrIX	416854	0	0.5	25
	chrIX	416869	1	0.5	25
	chrIX	416890	1	1.0	25
	chrIX	416894	0	0.5	25
	chrIX	416919	0	0.5	25
	chrIX	416923	1	0.5	25
	chrIX	416948	1	0.5	25
	chrIX	416949	0	0.5	25
	chrIX	416981	0	0.5	25
	chrIX	416992	0	1.0	25
	chrIX	417014	0	0.5	25
	chrIX	417019	0	0.5	25
	chrIX	417019	1	1.0	25
	chrIX	417030	0	0.5	25
	chrIX	417040	0	0.5	25
	chrIX	417047	1	0.5	25
	chrIX	417049	1	0.5	25
	chrIX	417093	1	0.5	25
	chrIX	417102	1	0.5	25
	chrIX	417104	1	0.5	25
	chrIX	417115	1	0.5	25
	chrIX	417118	1	0.5	25
	chrIX	417123	0	1.0	25
	chrIX	417138	0	0.5	25
	chrIX	417167	1	1.0	25
	chrIX	417173	0	0.5	25
	chrIX	417176	1	0.5	25
	chrIX	417222	1	0.5	25
	chrIX	417227	1	0.5	25
	chrIX	417229	0	0.5	25
	chrIX	417257	0	0.5	25
	chrIX	417300	0	0.5	25
	chrIX	417305	0	0.5	25
	chrIX	417306	0	0.5	25
	chrIX	417317	1	0.5	25
	chrIX	417324	1	0.5	25
	chrIX	417364	0	0.5	25
	chrIX	417371	1	0.5	25
	chrIX	417381	1	0.5	25
	chrIX	417388	1	0.5	25
	chrIX	417420	0	1.0	25
	chrIX	417430	0	0.5	25
	chrIX	417460	1	0.5	25
	chrIX	417470	0	0.5	25
	chrIX	417470	1	0.5	25
	chrIX	417515	0	0.5	25
	chrIX	417524	1	1.0	25
	chrIX	417534	0	1.5	25
	chrIX	417537	0	0.5	25
	chrIX	417597	1	0.5	25
	chrIX	417613	0	0.5	25
	chrIX	417619	1	0.5	25
	chrIX	417655	0	0.5	25
	chrIX	417681	0	0.5	25
	chrIX	417734	1	0.5	25
	chrIX	417740	0	0.5	25
	chrIX	417749	1	0.5	25
	chrIX	417751	1	1.0	25
	chrIX	417765	1	0.5	25
	chrIX	417811	0	0.5	25
	chrIX	417818	0	1.0	25
	chrIX	417830	1	0.5	25
	chrIX	417833	0	0.5	25
	chrIX	417833	1	0.5	25
	chrIX	417838	0	0.5	25
	chrIX	417887	0	0.5	25
	chrIX	417897	1	0.5	24
	chrIX	417897	1	0.5	25
	chrIX	417907	1	1.0	25
	chrIX	417908	1	0.5	25
	chrIX	417911	1	0.5	25
	chrIX	417936	0	0.5	25
	chrIX	417968	0	1.0	25
	chrIX	417977	0	0.5	25
	chrIX	417989	1	0.5	25
	chrIX	417998	0	0.5	25
	chrIX	418011	0	0.5	25
	chrIX	418024	1	0.5	25
	chrIX	418027	0	0.5	25
	chrIX	418033	0	0.5	25
	chrIX	418038	1	0.5	25
	chrIX	418041	1	0.5	25
	chrIX	418054	0	0.5	25
	chrIX	418084	0	0.5	25
	chrIX	418088	1	0.5	25
	chrIX	418089	0	0.5	25
	chrIX	418095	0	0.5	25
	chrIX	418097	1	0.5	25
	chrIX	418115	0	0.5	25
	chrIX	418117	1	0.5	25
	chrIX	418129	1	0.5	25
	chrIX	418150	1	0.5	25
	chrIX	418162	1	0.5	25
	chrIX	418175	1	0.5	25
	chrIX	418178	1	0.5	25
	chrIX	418201	1	1.0	25
	chrIX	418212	0	0.5	25
	chrIX	418236	0	0.5	25
	chrIX	418241	0	0.5	25
	chrIX	418267	0	1.0	25
	chrIX	418278	0	0.5	25
	chrIX	418286	1	0.5	25
	chrIX	418294	0	0.5	25
	chrIX	418301	0	0.5	25
	chrIX	418302	1	0.5	25
	chrIX	418327	1	1.0	25
	chrIX	418334	0	0.5	25
	chrIX	418335	1	0.5	25
	chrIX	418339	0	0.5	25
	chrIX	418353	0	0.5	25
	chrIX	418367	1	0.5	25
	chrIX	418374	0	0.5	25
	chrIX	418384	0	1.0	25
	chrIX	418391	1	0.5	25
	chrIX	418397	1	0.5	25
	chrIX	418405	1	0.5	25
	chrIX	418409	0	0.5	25
	chrIX	418415	0	0.5	25
	chrIX	418421	1	0.5	25
	chrIX	418427	0	0.5	25
	chrIX	418448	1	1.0	25
	chrIX	418450	1	0.5	25
	chrIX	418451	0	0.5	25
	chrIX	418457	1	0.5	25
	chrIX	418458	0	0.5	25
	chrIX	418461	0	0.5	25
	chrIX	418494	0	0.5	25
	chrIX	418508	1	0.5	25
	chrIX	418511	1	0.5	25
	chrIX	418514	1	0.5	25
	chrIX	418540	0	0.5	25
	chrIX	418557	1	0.5	25
	chrIX	418573	1	0.5	25
	chrIX	418599	1	0.5	25
	chrIX	418600	0	0.5	25
	chrIX	418611	1	0.5	25
	chrIX	418614	0	0.5	25
	chrIX	418662	0	0.5	25
	chrIX	418664	1	0.5	25
	chrIX	418673	0	1.0	25
	chrIX	418675	0	0.5	25
	chrIX	418679	0	0.5	25
	chrIX	418683	1	0.5	25
	chrIX	418687	1	0.5	25
	chrIX	418714	1	0.5	25
	chrIX	418724	0	0.5	25
	chrIX	418730	1	0.5	25
	chrIX	418736	1	1.0	25
	chrIX	418775	1	0.5	25
	chrIX	418776	0	0.5	25
	chrIX	418784	0	0.5	25
	chrIX	418788	0	0.5	25
	chrIX	418806	1	0.5	25
	chrIX	418844	1	0.5	25
	chrIX	418847	0	0.5	25
	chrIX	418906	0	0.5	25
	chrIX	418910	0	0.5	25
	chrIX	418934	1	0.5	25
	chrIX	418937	1	0.5	25
	chrIX	418996	1	0.5	25
	chrIX	419013	1	0.5	25
	chrIX	419020	0	0.5	25
	chrIX	419023	0	0.5	25
	chrIX	419024	0	1.0	25
	chrIX	419024	1	0.5	25
	chrIX	419044	0	0.5	25
	chrIX	419097	1	0.5	25
	chrIX	419101	0	0.5	25
	chrIX	419101	1	0.5	25
	chrIX	419117	1	1.5	25
	chrIX	419121	0	0.5	25
	chrIX	419143	0	1.5	25
	chrIX	419155	0	1.0	25
	chrIX	419163	1	0.5	25
	chrIX	419164	0	0.5	25
	chrIX	419189	1	0.5	25
	chrIX	419196	1	1.5	25
	chrIX	419227	1	0.5	25
	chrIX	419296	0	0.5	25
	chrIX	419310	1	0.5	25
	chrIX	419320	0	0.5	25
	chrIX	419323	1	0.5	25
	chrIX	419345	1	0.5	25
	chrIX	419352	0	0.5	25
	chrIX	419377	0	0.5	25
	chrIX	419388	0	0.5	25
	chrIX	419392	0	0.5	25
	chrIX	419414	1	0.5	25
	chrIX	419435	1	0.5	25
	chrIX	419436	0	0.5	25
	chrIX	419446	1	0.5	25
	chrIX	419456	0	0.5	25
	chrIX	419475	1	0.5	25
	chrIX	419477	1	0.5	25
	chrIX	419482	1	0.5	25
	chrIX	419491	0	0.5	25
	chrIX	419502	0	0.5	25
	chrIX	419509	0	0.5	25
	chrIX	419510	0	0.5	25
	chrIX	419511	0	0.5	25
	chrIX	419526	0	0.5	25
	chrIX	419530	0	0.5	25
	chrIX	419535	0	0.5	25
	chrIX	419555	1	0.5	25
	chrIX	419561	1	0.5	25
	chrIX	419562	1	0.5	24
	chrIX	419564	1	1.0	25
	chrIX	419574	1	0.5	25
	chrIX	419581	0	0.5	25
	chrIX	419589	0	0.5	25
	chrIX	419594	1	0.5	25
	chrIX	419598	0	0.5	25
	chrIX	419605	1	0.5	25
	chrIX	419623	0	0.5	25
	chrIX	419641	1	0.5	25
	chrIX	419653	1	1.0	25
	chrIX	419655	1	0.5	25
	chrIX	419656	0	0.5	25
	chrIX	419668	0	0.5	25
	chrIX	419675	1	0.5	25
	chrIX	419721	1	0.5	25
	chrIX	419723	0	0.5	25
	chrIX	419724	0	0.5	25
	chrIX	419746	1	0.5	25
	chrIX	419759	0	0.5	25
	chrIX	419764	1	0.5	25
	chrIX	419773	0	0.5	25
	chrIX	419785	1	0.5	25
	chrIX	419786	0	1.0	25
	chrIX	419840	1	0.5	25
	chrIX	419842	0	0.5	25
	chrIX	419851	0	0.5	25
	chrIX	419854	1	0.5	25
	chrIX	419921	1	0.5	25
	chrIX	419931	0	0.5	25
	chrIX	419933	1	0.5	25
	chrIX	419942	1	0.5	25
	chrIX	419949	1	0.5	25
	chrIX	419957	0	0.5	25
	chrIX	419963	0	0.5	25
	chrIX	419993	0	0.5	25
	chrIX	420006	1	0.5	25
	chrIX	420007	1	0.5	25
	chrIX	420013	1	0.5	25
	chrIX	420020	0	0.5	25
	chrIX	420033	0	0.5	25
	chrIX	420061	1	0.5	25
	chrIX	420073	0	0.5	25
	chrIX	420110	1	0.5	25
	chrIX	420158	1	0.5	25
	chrIX	420159	0	0.5	25
	chrIX	420161	0	0.5	25
	chrIX	420177	0	1.0	25
	chrIX	420177	1	0.5	25
	chrIX	420187	0	1.0	25
	chrIX	420192	0	0.5	25
	chrIX	420209	0	0.5	25
	chrIX	420225	1	1.0	25
	chrIX	420227	1	0.5	25
	chrIX	420244	0	0.5	25
	chrIX	420256	1	0.5	25
	chrIX	420275	0	0.5	24
	chrIX	420285	1	1.0	25
	chrIX	420295	0	0.5	25
	chrIX	420333	0	0.5	25
	chrIX	420334	0	0.5	25
	chrIX	420341	0	0.5	25
	chrIX	420347	0	0.5	25
	chrIX	420349	1	0.5	25
	chrIX	420353	1	0.5	25
	chrIX	420372	1	0.5	25
	chrIX	420376	1	1.0	25
	chrIX	420381	0	0.5	25
	chrIX	420388	0	0.5	25
	chrIX	420394	0	1.0	25
	chrIX	420409	0	0.5	25
	chrIX	420412	1	0.5	25
	chrIX	420428	0	0.5	25
	chrIX	420435	1	0.5	25
	chrIX	420454	1	1.0	25
	chrIX	420477	0	0.5	25
	chrIX	420478	1	0.5	25
	chrIX	420485	1	0.5	25
	chrIX	420516	1	0.5	25
	chrIX	420517	0	1.0	25
	chrIX	420518	1	0.5	25
	chrIX	420521	0	0.5	25
	chrIX	420547	1	0.5	25
	chrIX	420551	0	0.5	25
	chrIX	420563	1	1.0	25
	chrIX	420605	0	0.5	25
	chrIX	420608	1	0.5	25
	chrIX	420619	1	0.5	25
	chrIX	420623	0	0.5	25
	chrIX	420624	0	1.0	25
	chrIX	420668	0	1.0	25
	chrIX	420674	1	0.5	25
	chrIX	420676	0	0.5	25
	chrIX	420684	0	0.5	25
	chrIX	420692	1	0.5	25
	chrIX	420700	0	0.5	25
	chrIX	420712	1	2.5	25
	chrIX	420713	0	0.5	25
	chrIX	420713	1	0.5	25
	chrIX	420747	0	0.5	25
	chrIX	420766	1	0.5	25
	chrIX	420778	1	0.5	25
	chrIX	420784	1	0.5	25
	chrIX	420797	0	0.5	25
	chrIX	420803	1	0.5	25
	chrIX	420827	0	1.0	25
	chrIX	420833	0	0.5	25
	chrIX	420850	0	0.5	25
	chrIX	420861	1	0.5	25
	chrIX	420863	0	0.5	25
	chrIX	420864	0	1.0	25
	chrIX	420869	0	0.5	25
	chrIX	420872	0	0.5	25
	chrIX	420873	0	1.0	25
	chrIX	420908	1	0.5	25
	chrIX	420910	0	0.5	25
	chrIX	420914	1	0.5	25
	chrIX	420917	0	0.5	25
	chrIX	420920	1	0.5	25
	chrIX	420921	0	0.5	25
	chrIX	420923	1	0.5	25
	chrIX	420929	0	0.5	25
	chrIX	420942	1	0.5	25
	chrIX	420943	1	2.0	25
	chrIX	420955	0	0.5	25
	chrIX	420958	1	0.5	25
	chrIX	420962	1	1.0	25
	chrIX	420964	1	0.5	25
	chrIX	420989	1	0.5	25
	chrIX	420992	1	0.5	25
	chrIX	420997	0	0.5	25
	chrIX	420998	1	0.5	25
	chrIX	421036	0	1.5	25
	chrIX	421061	0	0.5	25
	chrIX	421094	1	1.5	25
	chrIX	421101	0	0.5	25
	chrIX	421111	0	0.5	25
	chrIX	421116	1	0.5	25
	chrIX	421119	0	0.5	25
	chrIX	421150	1	0.5	25
	chrIX	421164	1	0.5	25
	chrIX	421169	0	0.5	25
	chrIX	421170	1	0.5	25
	chrIX	421173	0	0.5	25
	chrIX	421176	1	0.5	25
	chrIX	421186	0	0.5	25
	chrIX	421199	0	0.5	25
	chrIX	421249	1	0.5	24
	chrIX	421256	0	1.0	25
	chrIX	421267	0	0.5	25
	chrIX	421287	1	0.5	25
	chrIX	421305	1	0.5	25
	chrIX	421311	1	1.0	25
	chrIX	421314	1	0.5	25
	chrIX	421332	1	0.5	25
	chrIX	421335	0	0.5	25
	chrIX	421336	1	0.5	25
	chrIX	421343	0	1.0	25
	chrIX	421390	1	0.5	25
	chrIX	421471	0	0.5	25
	chrIX	421472	0	0.5	25
	chrIX	421510	1	0.5	25
	chrIX	421537	1	0.5	25
	chrIX	421559	0	0.5	25
	chrIX	421573	0	0.5	25
	chrIX	421575	0	1.0	25
	chrIX	421584	0	0.5	25
	chrIX	421589	1	0.5	25
	chrIX	421595	0	0.5	25
	chrIX	421614	1	0.5	25
	chrIX	421629	1	0.5	25
	chrIX	421646	1	0.5	25
	chrIX	421647	1	0.5	25
	chrIX	421649	0	0.5	25
	chrIX	421660	0	0.5	25
	chrIX	421665	1	0.5	25
	chrIX	421669	0	0.5	25
	chrIX	421711	1	0.5	25
	chrIX	421717	1	0.5	25
	chrIX	421722	0	0.5	25
	chrIX	421723	1	1.0	25
	chrIX	421729	0	0.5	25
	chrIX	421760	0	0.5	25
	chrIX	421767	0	0.5	25
	chrIX	421788	1	0.5	25
	chrIX	421793	1	0.5	25
	chrIX	421797	0	0.5	25
	chrIX	421807	0	0.5	25
	chrIX	421815	0	0.5	25
	chrIX	421819	1	0.5	25
	chrIX	421834	1	0.5	25
	chrIX	421844	0	0.5	25
	chrIX	421850	0	0.5	25
	chrIX	421851	1	0.5	25
	chrIX	421853	0	0.5	25
	chrIX	421865	1	0.5	25
	chrIX	421872	1	0.5	25
	chrIX	421877	1	0.5	25
	chrIX	421882	0	1.0	25
	chrIX	421884	0	0.5	25
	chrIX	421892	1	0.5	25
	chrIX	421895	0	1.5	25
	chrIX	421904	0	1.0	25
	chrIX	421905	1	0.5	25
	chrIX	421906	0	0.5	25
	chrIX	421919	0	0.5	25
	chrIX	421922	1	0.5	25
	chrIX	421954	0	0.5	25
	chrIX	421954	1	1.0	25
	chrIX	421958	0	0.5	25
	chrIX	421960	1	0.5	25
	chrIX	421970	1	1.5	25
	chrIX	421971	1	1.5	25
	chrIX	421980	0	0.5	24
	chrIX	422003	1	0.5	25
	chrIX	422017	0	0.5	25
	chrIX	422021	0	0.5	25
	chrIX	422024	1	0.5	25
	chrIX	422033	0	0.5	25
	chrIX	422039	1	0.5	25
	chrIX	422041	1	0.5	25
	chrIX	422063	1	0.5	25
	chrIX	422073	0	1.0	25
	chrIX	422075	0	0.5	25
	chrIX	422119	1	0.5	25
	chrIX	422126	0	0.5	25
	chrIX	422137	0	0.5	25
	chrIX	422139	0	0.5	25
	chrIX	422146	1	1.0	25
	chrIX	422158	1	0.5	25
	chrIX	422190	1	0.5	25
	chrIX	422209	1	0.5	25
	chrIX	422215	1	0.5	25
	chrIX	422220	1	0.5	25
	chrIX	422270	0	0.5	25
	chrIX	422316	0	0.5	25
	chrIX	422368	1	0.5	25
	chrIX	422398	0	0.5	25
	chrIX	422411	1	0.5	25
	chrIX	422415	0	0.5	25
	chrIX	422416	0	0.5	25
	chrIX	422484	1	0.5	25
	chrIX	422491	1	0.5	25
	chrIX	422526	0	0.5	25
	chrIX	422553	1	0.5	25
	chrIX	422555	0	0.5	25
	chrIX	422586	0	0.5	25
	chrIX	422594	0	0.5	25
	chrIX	422609	1	0.5	25
	chrIX	422611	0	0.5	25
	chrIX	422619	0	1.0	25
	chrIX	422629	1	0.5	25
	chrIX	422669	1	1.5	25
	chrIX	422702	1	0.5	25
	chrIX	422703	0	0.5	25
	chrIX	422732	0	0.5	25
	chrIX	422733	0	0.5	25
	chrIX	422764	1	0.5	25
	chrIX	422765	0	0.5	25
	chrIX	422772	0	1.0	25
	chrIX	422776	0	0.5	25
	chrIX	422777	0	0.5	25
	chrIX	422793	1	0.5	25
	chrIX	422813	1	0.5	25
	chrIX	422814	1	0.5	25
	chrIX	422817	0	0.5	25
	chrIX	422854	0	0.5	25
	chrIX	422858	1	0.5	25
	chrIX	422864	0	0.5	25
	chrIX	422866	0	0.5	25
	chrIX	422894	1	0.5	25
	chrIX	422900	0	1.0	25
	chrIX	422912	1	0.5	25
	chrIX	422921	1	1.5	25
	chrIX	422922	0	0.5	25
	chrIX	422922	1	0.5	25
	chrIX	422929	0	0.5	25
	chrIX	422931	0	0.5	25
	chrIX	422931	1	0.5	25
	chrIX	422932	0	0.5	25
	chrIX	422934	0	0.5	25
	chrIX	422938	0	0.5	25
	chrIX	422940	0	0.5	25
	chrIX	422953	0	0.5	25
	chrIX	422953	1	0.5	25
	chrIX	422954	0	1.0	25
	chrIX	422955	0	2.5	25
	chrIX	422956	0	0.5	25
	chrIX	422962	0	0.5	25
	chrIX	422964	0	1.0	25
	chrIX	422971	1	1.5	25
	chrIX	422972	0	1.0	25
	chrIX	422973	0	1.0	25
	chrIX	422974	0	0.5	25
	chrIX	423014	1	0.5	25
	chrIX	423024	1	4.0	25
	chrIX	423025	0	0.5	25
	chrIX	423033	1	2.0	25
	chrIX	423034	1	1.5	25
	chrIX	423035	1	0.5	25
	chrIX	423037	1	0.5	25
	chrIX	423039	0	0.5	25
	chrIX	423049	1	1.0	25
	chrIX	423051	1	0.5	25
	chrIX	423058	0	0.5	25
	chrIX	423066	1	0.5	25
	chrIX	423068	1	0.5	25
	chrIX	423102	1	0.5	25
	chrIX	423109	0	0.5	25
	chrIX	423110	0	0.5	25
	chrIX	423142	1	0.5	25
	chrIX	423182	1	0.5	25
	chrIX	423183	1	0.5	25
	chrIX	423193	0	0.5	25
	chrIX	423220	0	0.5	25
	chrIX	423225	1	0.5	25
	chrIX	423230	1	0.5	25
	chrIX	423243	0	0.5	25
	chrIX	423261	0	0.5	25
	chrIX	423292	1	0.5	25
	chrIX	423328	0	0.5	25
	chrIX	423332	1	0.5	25
	chrIX	423336	1	0.5	25
	chrIX	423355	0	0.5	25
	chrIX	423361	0	0.5	25
	chrIX	423385	0	0.5	25
	chrIX	423410	1	0.5	25
	chrIX	423418	0	0.5	25
	chrIX	423421	1	0.5	25
	chrIX	423425	0	0.5	25
	chrIX	423447	0	0.5	25
	chrIX	423455	1	0.5	25
	chrIX	423456	0	0.5	25
	chrIX	423465	0	0.5	25
	chrIX	423466	0	0.5	25
	chrIX	423488	0	1.0	25
	chrIX	423491	1	0.5	25
	chrIX	423493	1	0.5	25
	chrIX	423496	1	0.5	25
	chrIX	423507	1	0.5	25
	chrIX	423514	0	1.0	25
	chrIX	423516	0	0.5	25
	chrIX	423519	1	0.5	25
	chrIX	423551	1	1.0	25
	chrIX	423552	0	1.0	25
	chrIX	423554	1	0.5	25
	chrIX	423562	0	0.5	25
	chrIX	423566	0	0.5	25
	chrIX	423572	0	0.5	25
	chrIX	423579	0	0.5	25
	chrIX	423589	1	0.5	25
	chrIX	423591	0	0.5	25
	chrIX	423605	1	0.5	25
	chrIX	423636	1	0.5	25
	chrIX	423646	1	1.0	25
	chrIX	423652	1	0.5	25
	chrIX	423653	1	0.5	25
	chrIX	423667	0	0.5	25
	chrIX	423672	0	0.5	25
	chrIX	423673	1	0.5	25
	chrIX	423684	0	1.0	25
	chrIX	423694	0	1.0	25
	chrIX	423709	1	1.0	25
	chrIX	423720	1	0.5	25
	chrIX	423726	1	0.5	25
	chrIX	423729	0	0.5	25
	chrIX	423737	0	0.5	25
	chrIX	423741	1	1.0	25
	chrIX	423755	0	0.5	25
	chrIX	423764	0	0.5	25
	chrIX	423770	0	0.5	25
	chrIX	423784	1	1.0	25
	chrIX	423791	1	0.5	25
	chrIX	423794	0	0.5	25
	chrIX	423814	0	0.5	25
	chrIX	423820	1	0.5	25
	chrIX	423825	1	0.5	25
	chrIX	423828	0	0.5	25
	chrIX	423838	1	0.5	25
	chrIX	423846	1	0.5	25
	chrIX	423866	1	0.5	25
	chrIX	423881	1	0.5	25
	chrIX	423888	0	1.0	25
	chrIX	423904	1	0.5	25
	chrIX	423913	0	0.5	25
	chrIX	423929	1	0.5	25
	chrIX	423939	1	0.5	25
	chrIX	423996	1	0.5	25
	chrIX	424058	0	0.5	25
	chrIX	424070	0	0.5	25
	chrIX	424078	0	0.5	25
	chrIX	424133	1	0.5	25
	chrIX	424135	0	0.5	25
	chrIX	424137	1	0.5	25
	chrIX	424192	1	0.5	25
	chrIX	424217	1	0.5	25
	chrIX	424220	0	0.5	25
	chrIX	424239	0	1.0	25
	chrIX	424243	0	0.5	24
	chrIX	424248	0	0.5	25
	chrIX	424249	1	0.5	25
	chrIX	424251	0	0.5	25
	chrIX	424255	0	1.0	25
	chrIX	424267	0	0.5	25
	chrIX	424277	0	0.5	25
	chrIX	424285	0	0.5	25
	chrIX	424295	1	0.5	25
	chrIX	424296	1	0.5	24
	chrIX	424304	1	0.5	25
	chrIX	424320	0	0.5	25
	chrIX	424324	1	0.5	25
	chrIX	424338	0	0.5	25
	chrIX	424351	1	0.5	25
	chrIX	424370	1	0.5	25
	chrIX	424401	1	0.5	25
	chrIX	424405	1	1.0	25
	chrIX	424411	0	1.0	25
	chrIX	424412	0	1.5	25
	chrIX	424421	1	0.5	25
	chrIX	424430	1	0.5	25
	chrIX	424449	0	1.0	25
	chrIX	424450	1	0.5	25
	chrIX	424458	0	0.5	25
	chrIX	424471	0	0.5	25
	chrIX	424481	1	0.5	25
	chrIX	424486	0	0.5	25
	chrIX	424514	0	0.5	25
	chrIX	424514	1	1.0	25
	chrIX	424515	0	0.5	25
	chrIX	424528	0	0.5	25
	chrIX	424535	0	0.5	25
	chrIX	424535	1	0.5	25
	chrIX	424543	1	0.5	25
	chrIX	424544	1	0.5	25
	chrIX	424547	0	0.5	25
	chrIX	424548	1	0.5	25
	chrIX	424574	1	0.5	25
	chrIX	424577	1	0.5	25
	chrIX	424578	1	0.5	25
	chrIX	424581	0	1.0	25
	chrIX	424582	1	1.0	25
	chrIX	424583	0	1.0	25
	chrIX	424584	0	1.5	25
	chrIX	424585	0	2.0	25
	chrIX	424585	1	0.5	25
	chrIX	424586	0	1.5	25
	chrIX	424587	0	2.0	25
	chrIX	424588	0	1.0	25
	chrIX	424594	0	0.5	25
	chrIX	424599	0	0.5	25
	chrIX	424600	0	1.0	25
	chrIX	424601	0	3.0	25
	chrIX	424605	0	0.5	25
	chrIX	424605	1	0.5	25
	chrIX	424609	1	0.5	25
	chrIX	424610	0	0.5	25
	chrIX	424614	0	0.5	25
	chrIX	424615	0	1.5	25
	chrIX	424616	0	0.5	25
	chrIX	424625	0	0.5	25
	chrIX	424627	0	0.5	25
	chrIX	424627	1	0.5	25
	chrIX	424628	0	1.0	25
	chrIX	424631	0	0.5	25
	chrIX	424635	1	0.5	25
	chrIX	424640	1	0.5	25
	chrIX	424641	0	0.5	25
	chrIX	424643	0	0.5	25
	chrIX	424647	0	0.5	25
	chrIX	424649	1	1.0	25
	chrIX	424656	1	1.0	25
	chrIX	424665	1	0.5	25
	chrIX	424669	0	0.5	25
	chrIX	424672	1	2.5	25
	chrIX	424673	1	4.5	25
	chrIX	424674	1	0.5	25
	chrIX	424676	1	1.5	25
	chrIX	424677	1	0.5	25
	chrIX	424679	0	0.5	25
	chrIX	424679	1	0.5	25
	chrIX	424686	1	3.0	25
	chrIX	424687	0	0.5	25
	chrIX	424690	1	0.5	25
	chrIX	424691	1	0.5	25
	chrIX	424708	1	1.0	25
	chrIX	424709	1	0.5	25
	chrIX	424710	0	0.5	24
	chrIX	424710	0	0.5	25
	chrIX	424710	1	1.0	25
	chrIX	424716	1	0.5	25
	chrIX	424721	1	0.5	25
	chrIX	424726	1	0.5	25
	chrIX	424727	1	0.5	25
	chrIX	424732	1	0.5	25
	chrIX	424766	0	0.5	25
	chrIX	424794	0	1.0	25
	chrIX	424796	1	0.5	25
	chrIX	424797	1	0.5	25
	chrIX	424801	0	0.5	25
	chrIX	424806	1	0.5	25
	chrIX	424828	1	0.5	25
	chrIX	424840	0	0.5	25
	chrIX	424852	1	0.5	25
	chrIX	424872	1	0.5	25
	chrIX	424891	0	0.5	25
	chrIX	424896	0	1.0	25
	chrIX	424899	0	0.5	25
	chrIX	424904	0	0.5	25
	chrIX	424910	0	0.5	25
	chrIX	424922	0	0.5	25
	chrIX	424928	1	0.5	25
	chrIX	424937	1	0.5	25
	chrIX	424958	1	0.5	25
	chrIX	424959	1	0.5	25
	chrIX	424971	0	0.5	25
	chrIX	424974	1	0.5	23
	chrIX	424974	1	0.5	25
	chrIX	424983	1	1.0	25
	chrIX	424996	0	0.5	25
	chrIX	425001	1	0.5	25
	chrIX	425012	0	0.5	25
	chrIX	425013	1	0.5	25
	chrIX	425015	0	0.5	25
	chrIX	425016	0	0.5	25
	chrIX	425047	1	0.5	25
	chrIX	425065	0	0.5	25
	chrIX	425067	1	0.5	25
	chrIX	425068	1	0.5	25
	chrIX	425072	1	0.5	25
	chrIX	425092	1	0.5	25
	chrIX	425099	0	0.5	25
	chrIX	425114	1	0.5	25
	chrIX	425120	0	0.5	25
	chrIX	425126	1	0.5	25
	chrIX	425127	0	0.5	25
	chrIX	425129	0	0.5	25
	chrIX	425156	1	0.5	25
	chrIX	425159	1	0.5	25
	chrIX	425185	0	0.5	25
	chrIX	425192	1	0.5	25
	chrIX	425209	0	0.5	25
	chrIX	425221	0	0.5	25
	chrIX	425229	1	0.5	25
	chrIX	425246	0	0.5	25
	chrIX	425247	1	0.5	25
	chrIX	425254	0	0.5	25
	chrIX	425262	0	0.5	25
	chrIX	425278	0	0.5	25
	chrIX	425300	0	0.5	25
	chrIX	425308	0	0.5	25
	chrIX	425309	0	0.5	25
	chrIX	425310	0	1.0	25
	chrIX	425312	0	3.5	25
	chrIX	425316	0	0.5	25
	chrIX	425317	1	0.5	25
	chrIX	425320	1	0.5	25
	chrIX	425322	0	1.5	25
	chrIX	425324	1	0.5	25
	chrIX	425334	1	0.5	25
	chrIX	425337	1	0.5	25
	chrIX	425339	0	0.5	25
	chrIX	425356	1	0.5	25
	chrIX	425362	0	1.0	25
	chrIX	425364	1	1.0	25
	chrIX	425375	1	0.5	25
	chrIX	425380	1	0.5	25
	chrIX	425381	0	0.5	25
	chrIX	425381	1	0.5	25
	chrIX	425382	1	0.5	25
	chrIX	425383	1	0.5	25
	chrIX	425385	1	4.0	25
	chrIX	425427	1	0.5	25
	chrIX	425439	1	0.5	25
	chrIX	425444	1	1.0	25
	chrIX	425455	0	0.5	25
	chrIX	425458	0	0.5	25
	chrIX	425486	0	0.5	25
	chrIX	425520	0	0.5	25
	chrIX	425521	1	0.5	25
	chrIX	425534	1	0.5	25
	chrIX	425582	1	0.5	25
	chrIX	425585	1	0.5	25
	chrIX	425593	0	0.5	25
	chrIX	425599	1	0.5	25
	chrIX	425606	0	0.5	25
	chrIX	425612	0	0.5	25
	chrIX	425621	0	0.5	25
	chrIX	425635	0	0.5	25
	chrIX	425675	1	0.5	25
	chrIX	425686	0	0.5	25
	chrIX	425698	1	0.5	25
	chrIX	425699	1	0.5	25
	chrIX	425713	1	0.5	25
	chrIX	425722	1	0.5	25
	chrIX	425737	0	0.5	25
	chrIX	425762	0	1.0	25
	chrIX	425762	1	0.5	25
	chrIX	425791	0	1.0	25
	chrIX	425806	0	0.5	25
	chrIX	425818	0	0.5	25
	chrIX	425848	1	1.0	25
	chrIX	425908	1	0.5	25
	chrIX	425915	1	0.5	25
	chrIX	425948	1	0.5	25
	chrIX	425977	0	0.5	25
	chrIX	425989	0	0.5	25
	chrIX	426043	1	0.5	25
	chrIX	426062	1	0.5	25
	chrIX	426064	1	0.5	25
	chrIX	426086	0	0.5	25
	chrIX	426098	0	0.5	25
	chrIX	426099	0	0.5	25
	chrIX	426105	0	0.5	25
	chrIX	426115	0	0.5	25
	chrIX	426116	0	0.5	25
	chrIX	426137	0	0.5	25
	chrIX	426147	1	0.5	25
	chrIX	426149	1	0.5	25
	chrIX	426151	1	0.5	25
	chrIX	426160	0	0.5	25
	chrIX	426161	0	0.5	25
	chrIX	426174	1	1.0	25
	chrIX	426179	0	0.5	25
	chrIX	426188	0	0.5	25
	chrIX	426194	1	0.5	25
	chrIX	426201	0	1.0	25
	chrIX	426202	1	0.5	25
	chrIX	426224	1	0.5	25
	chrIX	426244	1	0.5	25
	chrIX	426249	1	0.5	25
	chrIX	426254	1	0.5	25
	chrIX	426262	1	0.5	25
	chrIX	426265	1	0.5	25
	chrIX	426280	1	0.5	25
	chrIX	426281	0	0.5	25
	chrIX	426283	0	0.5	25
	chrIX	426295	0	0.5	25
	chrIX	426336	0	0.5	25
	chrIX	426337	1	0.5	25
	chrIX	426339	1	0.5	25
	chrIX	426368	0	0.5	25
	chrIX	426399	0	0.5	25
	chrIX	426420	1	0.5	25
	chrIX	426464	1	0.5	25
	chrIX	426470	1	0.5	25
	chrIX	426472	0	0.5	25
	chrIX	426477	0	0.5	25
	chrIX	426517	0	0.5	25
	chrIX	426524	1	0.5	25
	chrIX	426525	0	0.5	25
	chrIX	426526	0	0.5	25
	chrIX	426534	1	0.5	25
	chrIX	426555	0	0.5	25
	chrIX	426566	1	0.5	25
	chrIX	426582	1	0.5	25
	chrIX	426589	0	0.5	25
	chrIX	426605	1	0.5	25
	chrIX	426612	0	0.5	25
	chrIX	426616	0	0.5	25
	chrIX	426617	0	0.5	25
	chrIX	426631	0	0.5	25
	chrIX	426643	0	0.5	25
	chrIX	426657	1	0.5	25
	chrIX	426659	0	0.5	25
	chrIX	426671	1	0.5	25
	chrIX	426685	1	0.5	25
	chrIX	426686	1	0.5	25
	chrIX	426690	1	0.5	25
	chrIX	426710	0	0.5	25
	chrIX	426712	1	0.5	25
	chrIX	426718	0	1.0	25
	chrIX	426719	0	1.0	25
	chrIX	426727	0	0.5	25
	chrIX	426728	1	0.5	25
	chrIX	426736	0	0.5	25
	chrIX	426743	1	0.5	25
	chrIX	426749	1	0.5	25
	chrIX	426758	0	1.5	25
	chrIX	426759	0	0.5	25
	chrIX	426778	1	0.5	25
	chrIX	426779	0	0.5	25
	chrIX	426780	1	1.0	25
	chrIX	426784	1	0.5	25
	chrIX	426792	1	0.5	25
	chrIX	426793	0	0.5	25
	chrIX	426809	1	0.5	25
	chrIX	426810	1	0.5	25
	chrIX	426811	1	0.5	25
	chrIX	426823	0	0.5	25
	chrIX	426826	0	0.5	25
	chrIX	426839	1	0.5	25
	chrIX	426849	0	0.5	25
	chrIX	426856	1	1.0	25
	chrIX	426870	0	0.5	25
	chrIX	426872	0	0.5	25
	chrIX	426901	1	0.5	25
	chrIX	426917	1	0.5	25
	chrIX	426919	1	1.0	25
	chrIX	426920	0	0.5	25
	chrIX	426929	1	0.5	25
	chrIX	426934	0	0.5	25
	chrIX	426935	0	0.5	25
	chrIX	426938	0	0.5	25
	chrIX	426965	0	0.5	25
	chrIX	426974	1	0.5	25
	chrIX	426990	0	0.5	25
	chrIX	426998	0	0.5	25
	chrIX	426999	1	0.5	25
	chrIX	427004	1	0.5	25
	chrIX	427007	1	0.5	25
	chrIX	427010	0	0.5	25
	chrIX	427016	0	0.5	25
	chrIX	427021	0	0.5	25
	chrIX	427022	0	1.0	25
	chrIX	427035	1	0.5	25
	chrIX	427044	1	0.5	25
	chrIX	427051	0	0.5	25
	chrIX	427054	0	0.5	25
	chrIX	427059	1	0.5	25
	chrIX	427067	0	0.5	25
	chrIX	427091	1	0.5	25
	chrIX	427093	1	0.5	25
	chrIX	427102	1	0.5	25
	chrIX	427111	0	0.5	25
	chrIX	427111	1	0.5	25
	chrIX	427115	0	0.5	25
	chrIX	427127	1	0.5	25
	chrIX	427133	0	0.5	25
	chrIX	427144	0	0.5	25
	chrIX	427172	1	1.0	25
	chrIX	427184	1	1.0	25
	chrIX	427204	1	0.5	25
	chrIX	427218	0	0.5	25
	chrIX	427223	1	0.5	25
	chrIX	427240	1	0.5	25
	chrIX	427255	0	0.5	25
	chrIX	427261	0	0.5	25
	chrIX	427273	0	0.5	25
	chrIX	427274	1	0.5	25
	chrIX	427281	0	0.5	25
	chrIX	427292	0	0.5	25
	chrIX	427312	1	0.5	25
	chrIX	427327	0	0.5	25
	chrIX	427328	0	0.5	25
	chrIX	427358	1	0.5	25
	chrIX	427361	1	1.0	25
	chrIX	427362	0	1.0	25
	chrIX	427372	1	1.0	25
	chrIX	427393	1	0.5	25
	chrIX	427395	1	0.5	25
	chrIX	427408	0	0.5	25
	chrIX	427416	0	0.5	25
	chrIX	427424	1	0.5	25
	chrIX	427436	0	0.5	25
	chrIX	427437	0	1.0	25
	chrIX	427437	1	0.5	25
	chrIX	427440	0	0.5	25
	chrIX	427440	1	0.5	25
	chrIX	427442	0	1.0	25
	chrIX	427454	0	0.5	25
	chrIX	427493	1	1.0	25
	chrIX	427497	1	0.5	25
	chrIX	427524	1	0.5	25
	chrIX	427529	1	0.5	25
	chrIX	427535	0	0.5	25
	chrIX	427542	0	0.5	25
	chrIX	427575	1	0.5	25
	chrIX	427585	1	0.5	25
	chrIX	427595	1	1.0	25
	chrIX	427597	0	0.5	25
	chrIX	427600	1	0.5	25
	chrIX	427601	0	0.5	25
	chrIX	427607	1	0.5	25
	chrIX	427622	0	0.5	25
	chrIX	427624	0	0.5	25
	chrIX	427654	1	0.5	25
	chrIX	427655	0	0.5	25
	chrIX	427656	0	0.5	25
	chrIX	427672	0	0.5	25
	chrIX	427672	1	0.5	25
	chrIX	427695	1	0.5	25
	chrIX	427710	1	0.5	25
	chrIX	427712	0	0.5	25
	chrIX	427720	1	0.5	25
	chrIX	427725	1	0.5	25
	chrIX	427744	0	0.5	25
	chrIX	427761	0	0.5	25
	chrIX	427769	0	0.5	25
	chrIX	427782	0	0.5	25
	chrIX	427801	0	0.5	25
	chrIX	427804	1	0.5	25
	chrIX	427812	0	0.5	25
	chrIX	427819	1	0.5	25
	chrIX	427821	1	0.5	25
	chrIX	427826	1	0.5	25
	chrIX	427827	1	0.5	25
	chrIX	427859	1	0.5	25
	chrIX	427861	1	0.5	25
	chrIX	427882	0	1.0	25
	chrIX	427899	0	0.5	25
	chrIX	427914	0	1.0	25
	chrIX	427927	0	0.5	25
	chrIX	427932	0	0.5	25
	chrIX	427937	0	0.5	25
	chrIX	427949	1	0.5	25
	chrIX	427954	0	1.0	25
	chrIX	427969	1	0.5	25
	chrIX	427972	1	0.5	25
	chrIX	427980	1	0.5	25
	chrIX	427981	1	1.0	25
	chrIX	427985	1	0.5	25
	chrIX	428007	0	0.5	25
	chrIX	428031	1	0.5	25
	chrIX	428036	0	0.5	25
	chrIX	428047	1	0.5	25
	chrIX	428049	1	1.0	25
	chrIX	428104	0	0.5	25
	chrIX	428107	0	0.5	25
	chrIX	428135	0	0.5	25
	chrIX	428151	1	0.5	25
	chrIX	428171	0	0.5	25
	chrIX	428183	0	0.5	25
	chrIX	428183	1	0.5	25
	chrIX	428201	0	0.5	25
	chrIX	428223	1	0.5	25
	chrIX	428250	1	0.5	25
	chrIX	428275	0	1.0	25
	chrIX	428277	0	0.5	25
	chrIX	428279	0	0.5	25
	chrIX	428288	1	0.5	25
	chrIX	428294	1	0.5	25
	chrIX	428324	0	0.5	25
	chrIX	428328	0	0.5	25
	chrIX	428329	0	0.5	25
	chrIX	428331	0	0.5	25
	chrIX	428363	1	0.5	25
	chrIX	428374	1	0.5	25
	chrIX	428382	1	1.0	25
	chrIX	428396	1	0.5	25
	chrIX	428402	1	0.5	25
	chrIX	428403	1	0.5	25
	chrIX	428408	0	0.5	25
	chrIX	428433	1	0.5	25
	chrIX	428468	1	0.5	25
	chrIX	428484	0	0.5	25
	chrIX	428492	0	0.5	25
	chrIX	428494	0	0.5	25
	chrIX	428498	0	0.5	25
	chrIX	428508	1	0.5	25
	chrIX	428516	1	0.5	25
	chrIX	428520	0	1.0	25
	chrIX	428533	0	0.5	25
	chrIX	428541	1	0.5	25
	chrIX	428559	1	0.5	25
	chrIX	428576	1	0.5	25
	chrIX	428599	1	0.5	25
	chrIX	428625	0	0.5	25
	chrIX	428649	0	0.5	25
	chrIX	428693	1	0.5	25
	chrIX	428710	1	1.0	25
	chrIX	428711	0	0.5	25
	chrIX	428722	1	0.5	25
	chrIX	428754	1	0.5	25
	chrIX	428833	0	0.5	25
	chrIX	428876	1	0.5	25
	chrIX	428906	0	0.5	25
	chrIX	428915	1	0.5	25
	chrIX	428940	0	1.0	25
	chrIX	428958	0	0.5	25
	chrIX	428992	0	0.5	25
	chrIX	428996	1	1.0	25
	chrIX	429002	1	0.5	25
	chrIX	429050	1	0.5	25
	chrIX	429053	0	1.0	25
	chrIX	429097	0	0.5	25
	chrIX	429115	0	0.5	25
	chrIX	429132	1	0.5	25
	chrIX	429144	0	0.5	25
	chrIX	429146	0	0.5	25
	chrIX	429147	1	0.5	25
	chrIX	429170	1	1.0	25
	chrIX	429172	0	1.0	25
	chrIX	429217	1	0.5	25
	chrIX	429252	1	0.5	25
	chrIX	429259	0	0.5	25
	chrIX	429295	1	0.5	25
	chrIX	429308	1	0.5	25
	chrIX	429317	0	0.5	25
	chrIX	429318	0	1.0	25
	chrIX	429325	0	0.5	25
	chrIX	429337	1	0.5	25
	chrIX	429349	1	0.5	25
	chrIX	429357	0	0.5	25
	chrIX	429360	0	0.5	25
	chrIX	429393	0	0.5	25
	chrIX	429395	1	0.5	25
	chrIX	429400	1	1.0	25
	chrIX	429401	1	0.5	25
	chrIX	429424	1	0.5	25
	chrIX	429439	1	0.5	25
	chrIX	429445	0	0.5	25
	chrIX	429479	0	0.5	25
	chrIX	429495	0	2.0	25
	chrIX	429501	1	0.5	25
	chrIX	429507	1	0.5	25
	chrIX	429508	0	0.5	25
	chrIX	429513	0	1.5	25
	chrIX	429514	0	0.5	25
	chrIX	429526	0	1.0	25
	chrIX	429536	1	0.5	25
	chrIX	429537	0	0.5	25
	chrIX	429545	1	0.5	25
	chrIX	429555	0	0.5	25
	chrIX	429556	0	1.0	25
	chrIX	429562	0	0.5	25
	chrIX	429569	0	1.0	25
	chrIX	429570	0	0.5	25
	chrIX	429575	1	0.5	25
	chrIX	429585	1	0.5	25
	chrIX	429586	0	0.5	25
	chrIX	429587	1	0.5	25
	chrIX	429588	1	1.5	25
	chrIX	429589	0	1.5	25
	chrIX	429595	0	0.5	25
	chrIX	429597	0	0.5	25
	chrIX	429605	1	0.5	25
	chrIX	429616	1	0.5	25
	chrIX	429620	1	0.5	25
	chrIX	429627	1	0.5	25
	chrIX	429633	1	0.5	25
	chrIX	429634	1	0.5	25
	chrIX	429639	1	0.5	25
	chrIX	429642	1	0.5	25
	chrIX	429643	1	1.0	25
	chrIX	429644	0	0.5	25
	chrIX	429645	1	0.5	25
	chrIX	429646	1	0.5	25
	chrIX	429662	1	0.5	25
	chrIX	429670	1	1.0	25
	chrIX	429673	0	0.5	25
	chrIX	429681	0	0.5	25
	chrIX	429682	0	1.0	25
	chrIX	429705	0	0.5	25
	chrIX	429716	1	0.5	25
	chrIX	429719	1	1.0	25
	chrIX	429737	1	0.5	25
	chrIX	429746	1	1.0	25
	chrIX	429753	0	0.5	25
	chrIX	429756	1	0.5	25
	chrIX	429764	0	0.5	25
	chrIX	429778	0	0.5	25
	chrIX	429784	1	0.5	25
	chrIX	429806	0	0.5	25
	chrIX	429814	1	0.5	25
	chrIX	429823	0	1.0	25
	chrIX	429824	1	0.5	25
	chrIX	429835	1	0.5	25
	chrIX	429841	1	0.5	25
	chrIX	429850	0	0.5	25
	chrIX	429874	1	0.5	25
	chrIX	429876	1	0.5	25
	chrIX	429889	1	0.5	25
	chrIX	429897	0	0.5	25
	chrIX	429902	0	1.0	25
	chrIX	429915	0	0.5	25
	chrIX	429923	1	0.5	25
	chrIX	429969	1	1.0	25
	chrIX	429973	0	0.5	25
	chrIX	429994	0	0.5	25
	chrIX	430003	0	0.5	25
	chrIX	430015	0	0.5	25
	chrIX	430020	0	0.5	25
	chrIX	430044	0	0.5	25
	chrIX	430068	1	0.5	25
	chrIX	430079	1	0.5	25
	chrIX	430082	0	0.5	25
	chrIX	430082	1	0.5	25
	chrIX	430085	0	0.5	25
	chrIX	430086	1	0.5	25
	chrIX	430092	1	0.5	25
	chrIX	430098	1	0.5	25
	chrIX	430112	0	0.5	25
	chrIX	430115	0	0.5	25
	chrIX	430162	0	0.5	25
	chrIX	430163	0	0.5	25
	chrIX	430165	0	0.5	25
	chrIX	430167	1	0.5	25
	chrIX	430171	0	1.0	25
	chrIX	430175	1	0.5	25
	chrIX	430182	0	0.5	25
	chrIX	430211	0	0.5	25
	chrIX	430217	1	0.5	25
	chrIX	430223	1	0.5	25
	chrIX	430229	1	0.5	25
	chrIX	430233	1	0.5	25
	chrIX	430242	0	0.5	25
	chrIX	430250	0	1.0	25
	chrIX	430250	1	0.5	25
	chrIX	430251	0	0.5	25
	chrIX	430253	1	0.5	25
	chrIX	430264	1	0.5	25
	chrIX	430275	0	0.5	25
	chrIX	430282	1	0.5	25
	chrIX	430290	0	0.5	25
	chrIX	430296	1	0.5	25
	chrIX	430304	0	0.5	25
	chrIX	430310	1	0.5	25
	chrIX	430311	1	1.0	25
	chrIX	430312	0	0.5	25
	chrIX	430312	1	0.5	25
	chrIX	430328	1	0.5	25
	chrIX	430346	0	0.5	25
	chrIX	430350	1	0.5	25
	chrIX	430373	1	0.5	25
	chrIX	430375	1	0.5	25
	chrIX	430383	0	0.5	25
	chrIX	430390	1	0.5	25
	chrIX	430395	0	0.5	25
	chrIX	430396	1	0.5	25
	chrIX	430405	0	0.5	25
	chrIX	430422	0	0.5	25
	chrIX	430435	0	0.5	25
	chrIX	430448	1	0.5	25
	chrIX	430450	0	0.5	25
	chrIX	430475	1	0.5	25
	chrIX	430480	1	0.5	25
	chrIX	430489	1	0.5	25
	chrIX	430502	0	0.5	25
	chrIX	430513	0	0.5	25
	chrIX	430515	1	0.5	25
	chrIX	430517	1	0.5	25
	chrIX	430530	0	0.5	25
	chrIX	430543	0	0.5	25
	chrIX	430555	1	0.5	25
	chrIX	430569	0	0.5	25
	chrIX	430576	1	0.5	25
	chrIX	430577	0	1.5	25
	chrIX	430578	1	0.5	25
	chrIX	430590	1	0.5	25
	chrIX	430620	1	0.5	25
	chrIX	430626	1	1.5	25
	chrIX	430680	0	0.5	25
	chrIX	430693	1	0.5	25
	chrIX	430702	0	0.5	25
	chrIX	430705	0	0.5	25
	chrIX	430737	0	0.5	25
	chrIX	430746	1	0.5	25
	chrIX	430774	1	0.5	25
	chrIX	430800	0	0.5	25
	chrIX	430802	0	0.5	25
	chrIX	430808	1	0.5	25
	chrIX	430809	1	0.5	25
	chrIX	430822	0	0.5	25
	chrIX	430846	1	0.5	25
	chrIX	430870	1	0.5	25
	chrIX	430882	0	0.5	25
	chrIX	430932	0	0.5	25
	chrIX	430933	0	0.5	25
	chrIX	430944	0	0.5	25
	chrIX	430949	0	0.5	25
	chrIX	430953	0	0.5	25
	chrIX	430959	1	0.5	25
	chrIX	430967	1	0.5	25
	chrIX	430983	1	0.5	25
	chrIX	430984	1	0.5	25
	chrIX	430985	1	0.5	25
	chrIX	431000	0	1.0	25
	chrIX	431024	1	0.5	25
	chrIX	431033	0	0.5	25
	chrIX	431062	1	1.0	25
	chrIX	431080	0	0.5	25
	chrIX	431117	0	0.5	25
	chrIX	431120	1	0.5	25
	chrIX	431139	1	0.5	25
	chrIX	431158	0	0.5	25
	chrIX	431187	1	0.5	25
	chrIX	431196	1	0.5	25
	chrIX	431243	1	0.5	25
	chrIX	431261	0	0.5	25
	chrIX	431280	0	0.5	25
	chrIX	431313	0	0.5	25
	chrIX	431350	1	0.5	25
	chrIX	431371	0	0.5	25
	chrIX	431382	1	0.5	25
	chrIX	431397	0	0.5	25
	chrIX	431423	0	1.5	25
	chrIX	431431	0	0.5	25
	chrIX	431447	1	0.5	25
	chrIX	431467	1	0.5	25
	chrIX	431485	1	0.5	25
	chrIX	431497	1	1.5	25
	chrIX	431507	1	0.5	25
	chrIX	431534	0	0.5	25
	chrIX	431563	0	0.5	25
	chrIX	431575	1	0.5	25
	chrIX	431579	0	0.5	25
	chrIX	431590	0	0.5	25
	chrIX	431604	0	0.5	25
	chrIX	431626	1	0.5	25
	chrIX	431628	0	0.5	25
	chrIX	431646	1	0.5	25
	chrIX	431662	1	0.5	25
	chrIX	431671	0	0.5	25
	chrIX	431709	0	0.5	25
	chrIX	431728	1	0.5	25
	chrIX	431733	0	0.5	25
	chrIX	431738	0	0.5	25
	chrIX	431741	1	0.5	25
	chrIX	431783	0	0.5	25
	chrIX	431806	1	0.5	25
	chrIX	431808	1	0.5	25
	chrIX	431860	1	0.5	25
	chrIX	431862	0	0.5	25
	chrIX	431923	0	0.5	25
	chrIX	431929	1	0.5	25
	chrIX	431945	0	0.5	25
	chrIX	431989	1	0.5	25
	chrIX	431999	0	0.5	25
	chrIX	432004	1	0.5	25
	chrIX	432018	1	0.5	25
	chrIX	432039	1	0.5	25
	chrIX	432059	0	0.5	25
	chrIX	432075	0	0.5	25
	chrIX	432100	0	0.5	25
	chrIX	432111	1	0.5	25
	chrIX	432121	1	0.5	25
	chrIX	432129	0	0.5	25
	chrIX	432144	1	0.5	25
	chrIX	432178	1	0.5	25
	chrIX	432183	0	0.5	25
	chrIX	432220	1	0.5	25
	chrIX	432224	1	0.5	25
	chrIX	432280	0	0.5	25
	chrIX	432311	0	0.5	25
	chrIX	432332	0	0.5	25
	chrIX	432365	0	1.0	25
	chrIX	432380	1	0.5	25
	chrIX	432388	1	0.5	25
	chrIX	432399	0	0.5	25
	chrIX	432405	1	0.5	25
	chrIX	432406	0	1.0	25
	chrIX	432407	0	4.0	25
	chrIX	432408	0	1.0	25
	chrIX	432409	0	0.5	25
	chrIX	432417	0	0.5	25
	chrIX	432418	0	0.5	25
	chrIX	432422	1	0.5	25
	chrIX	432423	0	1.5	25
	chrIX	432424	0	1.0	25
	chrIX	432425	0	0.5	25
	chrIX	432450	1	0.5	25
	chrIX	432451	1	0.5	25
	chrIX	432462	1	0.5	25
	chrIX	432466	0	0.5	25
	chrIX	432466	1	1.0	25
	chrIX	432470	1	2.0	25
	chrIX	432471	0	0.5	25
	chrIX	432471	1	1.0	25
	chrIX	432475	1	1.0	25
	chrIX	432478	0	0.5	25
	chrIX	432489	1	0.5	25
	chrIX	432491	1	0.5	25
	chrIX	432496	1	1.0	25
	chrIX	432501	1	0.5	25
	chrIX	432530	1	1.0	25
	chrIX	432540	1	0.5	25
	chrIX	432588	1	0.5	25
	chrIX	432593	1	1.5	25
	chrIX	432595	0	0.5	25
	chrIX	432609	1	0.5	25
	chrIX	432635	1	0.5	25
	chrIX	432794	0	0.5	25
	chrIX	432841	0	0.5	25
	chrIX	432927	0	0.5	25
	chrIX	432984	1	0.5	25
	chrIX	432994	1	0.5	25
	chrIX	433007	1	0.5	25
	chrIX	433070	0	0.5	25
	chrIX	433101	0	1.0	25
	chrIX	433183	0	0.5	25
	chrIX	433190	1	0.5	25
	chrIX	433197	1	0.5	25
	chrIX	433211	0	0.5	25
	chrIX	433216	0	0.5	25
	chrIX	433230	0	0.5	25
	chrIX	433233	0	0.5	25
	chrIX	433257	0	0.5	25
	chrIX	433260	1	0.5	25
	chrIX	433265	0	0.5	25
	chrIX	433276	0	0.5	25
	chrIX	433290	1	0.5	25
	chrIX	433292	1	0.5	25
	chrIX	433293	1	0.5	25
	chrIX	433312	0	0.5	25
	chrIX	433314	0	0.5	25
	chrIX	433324	1	0.5	25
	chrIX	433334	1	0.5	25
	chrIX	433345	1	0.5	25
	chrIX	433361	0	0.5	25
	chrIX	433362	1	0.5	25
	chrIX	433370	1	0.5	25
	chrIX	433371	1	0.5	25
	chrIX	433391	1	0.5	25
	chrIX	433520	1	0.5	25
	chrIX	433605	0	0.5	25
	chrIX	433633	0	0.5	25
	chrIX	433686	0	0.5	25
	chrIX	433688	0	1.0	25
	chrIX	433719	1	0.5	25
	chrIX	433749	1	1.0	25
	chrIX	433788	1	0.5	25
	chrIX	433800	1	0.5	25
	chrIX	433867	0	0.5	25
	chrIX	433901	0	0.5	25
	chrIX	433922	1	0.5	25
	chrIX	434042	1	0.5	25
	chrIX	434140	0	0.5	25
	chrIX	434246	0	0.5	25
	chrIX	434297	1	0.5	25
	chrIX	434302	0	0.5	25
	chrIX	434312	0	1.0	25
	chrIX	434316	0	1.0	25
	chrIX	434318	0	0.5	25
	chrIX	434327	1	0.5	25
	chrIX	434332	0	0.5	25
	chrIX	434336	0	0.5	25
	chrIX	434345	0	0.5	25
	chrIX	434346	0	0.5	25
	chrIX	434363	0	0.5	25
	chrIX	434373	1	1.0	25
	chrIX	434384	1	0.5	25
	chrIX	434387	1	0.5	25
	chrIX	434390	0	0.5	25
	chrIX	434395	1	0.5	25
	chrIX	434396	1	1.0	25
	chrIX	434404	1	1.0	25
	chrIX	434418	0	0.5	25
	chrIX	434430	1	0.5	25
	chrIX	434433	0	1.0	25
	chrIX	434462	0	0.5	25
	chrIX	434463	0	1.5	25
	chrIX	434475	1	0.5	25
	chrIX	434477	0	0.5	25
	chrIX	434482	1	0.5	25
	chrIX	434485	0	0.5	25
	chrIX	434498	0	0.5	25
	chrIX	434501	0	0.5	25
	chrIX	434502	1	0.5	25
	chrIX	434528	1	0.5	25
	chrIX	434530	1	0.5	25
	chrIX	434532	1	0.5	25
	chrIX	434553	1	0.5	25
	chrIX	434579	1	0.5	25
	chrIX	434580	0	0.5	25
	chrIX	434589	1	0.5	25
	chrIX	434622	0	0.5	25
	chrIX	434627	1	0.5	25
	chrIX	434660	1	0.5	25
	chrIX	434681	1	0.5	25
	chrIX	434683	1	0.5	25
	chrIX	434689	0	0.5	25
	chrIX	434691	1	0.5	25
	chrIX	434725	0	0.5	25
	chrIX	434744	0	0.5	25
	chrIX	434773	0	0.5	25
	chrIX	434777	0	0.5	25
	chrIX	434808	0	0.5	25
	chrIX	434820	1	0.5	25
	chrIX	434827	0	0.5	25
	chrIX	434839	1	0.5	25
	chrIX	434842	1	1.0	25
	chrIX	434859	1	0.5	25
	chrIX	434870	0	0.5	25
	chrIX	434879	0	1.0	25
	chrIX	434884	1	0.5	25
	chrIX	434890	1	0.5	25
	chrIX	434899	0	0.5	25
	chrIX	434908	1	0.5	25
	chrIX	434915	0	0.5	25
	chrIX	434916	0	0.5	25
	chrIX	434944	1	1.5	25
	chrIX	434963	0	0.5	25
	chrIX	434985	1	0.5	25
	chrIX	434990	0	0.5	25
	chrIX	434991	0	0.5	25
	chrIX	435008	1	0.5	25
	chrIX	435035	1	0.5	25
	chrIX	435041	0	0.5	25
	chrIX	435062	0	0.5	25
	chrIX	435066	1	0.5	25
	chrIX	435069	0	0.5	25
	chrIX	435079	0	0.5	25
	chrIX	435096	0	0.5	25
	chrIX	435102	1	0.5	25
	chrIX	435112	1	0.5	25
	chrIX	435133	1	0.5	25
	chrIX	435134	1	0.5	25
	chrIX	435138	1	0.5	25
	chrIX	435159	0	0.5	25
	chrIX	435165	0	0.5	25
	chrIX	435167	0	0.5	25
	chrIX	435177	1	0.5	25
	chrIX	435186	1	0.5	25
	chrIX	435187	0	1.0	25
	chrIX	435196	0	0.5	25
	chrIX	435205	0	0.5	25
	chrIX	435215	0	1.0	25
	chrIX	435216	0	0.5	25
	chrIX	435233	1	0.5	25
	chrIX	435235	1	0.5	25
	chrIX	435238	0	0.5	25
	chrIX	435241	1	0.5	25
	chrIX	435243	1	1.0	25
	chrIX	435251	0	0.5	25
	chrIX	435267	1	0.5	25
	chrIX	435276	1	0.5	25
	chrIX	435277	0	0.5	25
	chrIX	435279	0	1.0	25
	chrIX	435280	1	0.5	25
	chrIX	435305	1	0.5	25
	chrIX	435319	0	0.5	25
	chrIX	435335	1	0.5	25
	chrIX	435343	0	0.5	25
	chrIX	435345	1	0.5	25
	chrIX	435349	1	0.5	25
	chrIX	435384	1	0.5	25
	chrIX	435390	1	0.5	25
	chrIX	435391	1	0.5	25
	chrIX	435429	0	0.5	25
	chrIX	435430	1	1.0	25
	chrIX	435433	0	0.5	25
	chrIX	435449	0	0.5	25
	chrIX	435464	0	0.5	25
	chrIX	435472	1	0.5	25
	chrIX	435474	0	0.5	25
	chrIX	435492	0	0.5	25
	chrIX	435532	0	0.5	25
	chrIX	435534	1	0.5	25
	chrIX	435535	1	0.5	25
	chrIX	435548	1	0.5	25
	chrIX	435560	0	0.5	25
	chrIX	435562	1	0.5	25
	chrIX	435568	0	0.5	25
	chrIX	435588	1	0.5	25
	chrIX	435663	0	0.5	25
	chrIX	435691	1	0.5	25
	chrIX	435704	1	0.5	25
	chrIX	435731	0	0.5	25
	chrIX	435732	0	0.5	25
	chrIX	435735	0	0.5	25
	chrIX	435739	1	0.5	25
	chrIX	435750	0	0.5	25
	chrIX	435760	0	0.5	25
	chrIX	435761	0	0.5	25
	chrIX	435776	1	0.5	25
	chrIX	435807	1	0.5	25
	chrIX	435829	1	0.5	25
	chrIX	435830	0	1.0	25
	chrIX	435832	0	0.5	25
	chrIX	435834	0	0.5	25
	chrIX	435842	1	0.5	25
	chrIX	435878	1	0.5	25
	chrIX	435894	1	0.5	25
	chrIX	435923	1	1.5	25
	chrIX	435927	0	0.5	25
	chrIX	435951	1	0.5	25
	chrIX	435988	0	0.5	25
	chrIX	435993	1	0.5	25
	chrIX	435998	0	0.5	25
	chrIX	436013	0	1.0	25
	chrIX	436034	0	0.5	25
	chrIX	436047	1	0.5	25
	chrIX	436069	0	0.5	25
	chrIX	436092	1	0.5	25
	chrIX	436093	0	0.5	25
	chrIX	436103	0	0.5	25
	chrIX	436104	0	0.5	25
	chrIX	436107	1	0.5	25
	chrIX	436134	1	0.5	25
	chrIX	436145	1	0.5	25
	chrIX	436147	1	0.5	25
	chrIX	436161	1	0.5	25
	chrIX	436162	1	0.5	25
	chrIX	436184	0	0.5	25
	chrIX	436189	1	0.5	25
	chrIX	436206	0	1.0	25
	chrIX	436217	0	0.5	25
	chrIX	436241	0	1.0	25
	chrIX	436242	1	0.5	25
	chrIX	436268	1	0.5	25
	chrIX	436281	0	1.0	25
	chrIX	436286	0	0.5	25
	chrIX	436300	0	0.5	25
	chrIX	436313	1	0.5	25
	chrIX	436314	0	0.5	25
	chrIX	436326	0	0.5	25
	chrIX	436327	0	0.5	25
	chrIX	436328	0	0.5	25
	chrIX	436330	1	1.0	25
	chrIX	436333	0	0.5	25
	chrIX	436334	0	0.5	25
	chrIX	436346	0	0.5	25
	chrIX	436363	1	0.5	25
	chrIX	436364	1	0.5	25
	chrIX	436373	1	0.5	25
	chrIX	436375	1	0.5	25
	chrIX	436381	1	1.0	25
	chrIX	436387	0	1.0	25
	chrIX	436388	1	0.5	25
	chrIX	436391	1	0.5	25
	chrIX	436401	1	0.5	25
	chrIX	436413	1	0.5	24
	chrIX	436420	1	0.5	25
	chrIX	436448	0	0.5	25
	chrIX	436469	1	1.0	25
	chrIX	436478	1	0.5	25
	chrIX	436490	0	0.5	25
	chrIX	436497	0	0.5	25
	chrIX	436521	0	0.5	24
	chrIX	436523	1	0.5	25
	chrIX	436524	1	0.5	25
	chrIX	436573	1	0.5	25
	chrIX	436576	0	0.5	25
	chrIX	436578	1	0.5	25
	chrIX	436622	0	0.5	25
	chrIX	436635	0	0.5	25
	chrIX	436645	1	0.5	25
	chrIX	436670	1	0.5	25
	chrIX	436676	0	1.0	25
	chrIX	436685	0	0.5	25
	chrIX	436695	0	0.5	25
	chrIX	436697	1	0.5	25
	chrIX	436700	0	0.5	25
	chrIX	436702	1	0.5	25
	chrIX	436739	1	0.5	25
	chrIX	436773	1	0.5	25
	chrIX	436776	1	0.5	25
	chrIX	436781	0	0.5	25
	chrIX	436802	0	0.5	25
	chrIX	436829	1	0.5	25
	chrIX	436846	1	1.0	25
	chrIX	436865	0	0.5	25
	chrIX	436874	0	0.5	25
	chrIX	436887	0	0.5	25
	chrIX	436898	1	0.5	25
	chrIX	436900	0	0.5	25
	chrIX	436904	0	0.5	25
	chrIX	436912	0	1.0	25
	chrIX	436925	1	0.5	25
	chrIX	436945	1	0.5	25
	chrIX	436946	1	0.5	25
	chrIX	436950	0	0.5	25
	chrIX	436963	1	0.5	25
	chrIX	436974	1	0.5	25
	chrIX	436990	1	0.5	25
	chrIX	436996	0	0.5	25
	chrIX	437010	0	0.5	25
	chrIX	437013	0	0.5	25
	chrIX	437015	0	0.5	25
	chrIX	437044	1	0.5	25
	chrIX	437045	0	0.5	25
	chrIX	437046	0	0.5	25
	chrIX	437055	0	0.5	25
	chrIX	437057	1	0.5	25
	chrIX	437089	0	0.5	25
	chrIX	437094	1	0.5	23
	chrIX	437097	0	0.5	25
	chrIX	437118	0	1.0	25
	chrIX	437124	1	0.5	25
	chrIX	437129	1	0.5	25
	chrIX	437133	1	0.5	25
	chrIX	437137	0	1.0	25
	chrIX	437152	0	0.5	25
	chrIX	437175	1	0.5	25
	chrIX	437188	1	1.0	25
	chrIX	437190	0	1.0	25
	chrIX	437196	1	0.5	25
	chrIX	437210	1	0.5	25
	chrIX	437214	1	0.5	25
	chrIX	437227	0	0.5	25
	chrIX	437231	1	0.5	25
	chrIX	437234	0	0.5	25
	chrIX	437243	1	0.5	25
	chrIX	437273	1	1.0	25
	chrIX	437292	0	0.5	25
	chrIX	437292	1	0.5	25
	chrIX	437326	0	1.0	25
	chrIX	437337	1	0.5	25
	chrIX	437342	0	0.5	25
	chrIX	437347	1	1.5	25
	chrIX	437351	0	1.0	25
	chrIX	437400	0	0.5	25
	chrIX	437408	1	0.5	25
	chrIX	437425	1	1.0	25
	chrIX	437439	0	1.0	25
	chrIX	437463	1	0.5	25
	chrIX	437487	0	0.5	25
	chrIX	437490	0	0.5	25
	chrIX	437490	1	0.5	25
	chrIX	437496	1	1.0	25
	chrIX	437511	0	0.5	25
	chrIX	437516	1	0.5	25
	chrIX	437525	0	0.5	25
	chrIX	437571	1	0.5	25
	chrIX	437576	1	0.5	25
	chrIX	437577	0	0.5	25
	chrIX	437606	1	1.0	25
	chrIX	437660	1	0.5	25
	chrIX	437688	0	0.5	25
	chrIX	437735	0	0.5	25
	chrIX	437757	0	0.5	25
	chrIX	437815	0	0.5	25
	chrIX	437849	1	0.5	25
	chrIX	437856	1	0.5	25
	chrIX	437869	1	0.5	25
	chrIX	437883	0	1.0	25
	chrIX	437884	0	0.5	25
	chrIX	437913	0	0.5	25
	chrIX	437915	1	0.5	25
	chrIX	437951	0	1.5	25
	chrIX	437962	0	0.5	25
	chrIX	437962	1	0.5	25
	chrIX	437968	1	0.5	25
	chrIX	437970	0	0.5	25
	chrIX	437975	1	0.5	25
	chrIX	437981	0	0.5	25
	chrIX	438012	1	1.5	25
	chrIX	438039	0	0.5	25
	chrIX	438039	1	0.5	25
	chrIX	438040	0	0.5	25
	chrIX	438040	1	0.5	25
	chrIX	438041	0	0.5	25
	chrIX	438058	0	1.0	25
	chrIX	438080	0	1.0	25
	chrIX	438080	1	0.5	25
	chrIX	438086	0	0.5	25
	chrIX	438094	1	1.0	25
	chrIX	438110	0	0.5	25
	chrIX	438123	0	0.5	25
	chrIX	438138	1	1.5	25
	chrIX	438144	1	0.5	25
	chrIX	438160	0	0.5	25
	chrIX	438179	1	0.5	25
	chrIX	438182	1	0.5	25
	chrIX	438190	0	0.5	25
	chrIX	438200	0	0.5	25
	chrIX	438209	1	0.5	25
	chrIX	438211	0	0.5	25
	chrIX	438217	0	0.5	25
	chrIX	438220	0	0.5	25
	chrIX	438223	0	0.5	25
	chrIX	438225	0	0.5	25
	chrIX	438239	0	0.5	23
	chrIX	438245	0	0.5	25
	chrIX	438249	0	0.5	25
	chrIX	438250	1	0.5	25
	chrIX	438253	0	0.5	25
	chrIX	438256	0	0.5	25
	chrIX	438288	1	0.5	25
	chrIX	438293	1	1.0	25
	chrIX	438294	1	0.5	25
	chrIX	438297	1	1.0	25
	chrIX	438312	1	1.0	25
	chrIX	438314	0	0.5	25
	chrIX	438315	1	0.5	25
	chrIX	438327	1	0.5	25
	chrIX	438333	1	0.5	25
	chrIX	438341	1	0.5	25
	chrIX	438342	1	0.5	25
	chrIX	438358	1	0.5	25
	chrIX	438364	1	0.5	25
	chrIX	438366	0	0.5	25
	chrIX	438462	1	0.5	25
	chrIX	438471	0	0.5	25
	chrIX	438474	0	1.0	25
	chrIX	438485	0	0.5	25
	chrIX	438497	0	0.5	25
	chrIX	438534	0	0.5	25
	chrIX	438540	0	0.5	25
	chrIX	438543	1	0.5	25
	chrIX	438569	1	1.0	25
	chrIX	438571	1	1.0	25
	chrIX	438586	0	0.5	25
	chrIX	438592	1	0.5	25
	chrIX	438599	0	1.0	25
	chrIX	438615	0	1.0	25
	chrIX	438652	1	0.5	25
	chrIX	438653	1	0.5	25
	chrIX	438657	1	1.0	25
	chrIX	438664	0	0.5	25
	chrIX	438669	1	1.0	25
	chrIX	438709	1	0.5	25
	chrIX	438750	0	0.5	25
	chrIX	438758	0	1.0	25
	chrIX	438788	0	0.5	25
	chrIX	438815	0	0.5	25
	chrIX	438815	1	0.5	25
	chrIX	438827	1	1.0	25
	chrIX	438854	0	0.5	25
	chrIX	438878	1	0.5	25
	chrIX	438922	1	0.5	25
	chrIX	438928	0	1.0	25
	chrIX	438937	0	0.5	25
	chrIX	438948	0	0.5	25
	chrIX	438969	0	0.5	25
	chrIX	439013	0	0.5	25
	chrIX	439018	1	0.5	25
	chrIX	439021	1	0.5	25
	chrIX	439023	1	0.5	25
	chrIX	439024	1	0.5	25
	chrIX	439059	0	1.0	25
	chrIX	439060	0	1.0	25
	chrIX	439071	0	0.5	25
	chrIX	439086	1	1.0	25
	chrIX	439087	0	0.5	25
	chrIX	439094	0	0.5	25
	chrIX	439107	0	0.5	25
	chrIX	439115	0	0.5	25
	chrIX	439116	0	0.5	25
	chrIX	439140	1	0.5	25
	chrIX	439141	0	0.5	25
	chrIX	439142	1	1.0	25
	chrIX	439143	1	0.5	25
	chrIX	439153	1	2.5	25
	chrIX	439161	1	0.5	25
	chrIX	439182	0	1.0	25
	chrIX	439182	1	0.5	25
	chrIX	439201	1	0.5	25
	chrIX	439208	0	0.5	25
	chrIX	439256	1	0.5	25
	chrIX	439277	1	0.5	25
	chrIX	439302	1	0.5	25
	chrIX	439306	0	1.0	25
	chrIX	439313	0	0.5	25
	chrIX	439315	0	0.5	25
	chrIX	439347	1	0.5	25
	chrIX	439364	0	0.5	25
	chrIX	439373	0	0.5	25
	chrIX	439376	1	0.5	25
	chrIX	439381	1	0.5	25
	chrIX	439419	1	0.5	23
	chrIX	439421	1	0.5	25
	chrIX	439423	0	0.5	25
	chrIX	439423	1	0.5	25
	chrIX	439440	0	0.5	25
	chrIX	439517	1	0.5	25
	chrIX	439522	1	0.5	25
	chrIX	439528	0	0.5	25
	chrIX	439545	0	0.5	25
	chrIX	439563	0	0.5	25
	chrIX	439572	0	1.0	25
	chrIX	439573	0	0.5	25
	chrIX	439574	0	1.0	25
	chrIX	439577	0	0.5	25
	chrIX	439583	0	0.5	25
	chrIX	439592	0	0.5	25
	chrIX	439612	1	0.5	25
	chrIX	439623	0	0.5	25
	chrIX	439631	0	0.5	25
	chrIX	439633	1	1.0	25
	chrIX	439634	0	1.0	25
	chrIX	439635	0	1.0	25
	chrIX	439635	1	0.5	25
	chrIX	439646	1	0.5	25
	chrIX	439657	1	1.0	25
	chrIX	439680	1	0.5	25
	chrIX	439687	1	0.5	25
	chrIX	439698	1	0.5	25
	chrIX	439715	1	1.0	25
	chrIX	439716	0	0.5	25
	chrIX	439716	1	1.0	25
	chrIX	439719	1	0.5	25
	chrIX	439786	1	0.5	25
	chrIX	439798	0	0.5	25
	chrIX	439802	1	0.5	25
	chrIX	439848	1	0.5	24
	chrIX	439849	1	0.5	25
