	chrIII	1	0	1.0	24
	chrIII	16	0	0.5	23
	chrIII	16	0	1.5	24
	chrIII	16	0	0.5	25
	chrIII	26	0	1.0	25
	chrIII	28	0	0.5	25
	chrIII	30	0	0.5	24
	chrIII	34	0	0.5	23
	chrIII	36	0	0.5	24
	chrIII	42	0	0.5	25
	chrIII	50	1	0.5	25
	chrIII	54	0	0.5	24
	chrIII	74	1	1.0	25
	chrIII	78	1	0.5	25
	chrIII	96	1	1.0	25
	chrIII	97	0	0.5	25
	chrIII	99	0	0.5	25
	chrIII	101	0	0.5	25
	chrIII	103	0	1.0	25
	chrIII	104	0	0.5	23
	chrIII	106	0	0.5	25
	chrIII	108	0	0.5	23
	chrIII	120	0	0.5	25
	chrIII	121	0	0.5	25
	chrIII	142	0	0.5	25
	chrIII	146	0	1.0	25
	chrIII	147	0	0.5	24
	chrIII	147	0	0.5	25
	chrIII	150	0	0.5	25
	chrIII	151	0	0.5	25
	chrIII	152	0	0.5	25
	chrIII	164	1	0.5	25
	chrIII	167	1	0.5	24
	chrIII	168	1	1.0	25
	chrIII	171	1	0.5	24
	chrIII	172	0	0.5	24
	chrIII	172	0	0.5	25
	chrIII	172	1	0.5	25
	chrIII	176	1	0.5	25
	chrIII	178	1	0.5	25
	chrIII	179	1	0.5	25
	chrIII	184	0	1.0	25
	chrIII	186	0	0.5	25
	chrIII	187	0	0.5	23
	chrIII	189	0	0.5	25
	chrIII	191	0	0.5	25
	chrIII	192	1	0.5	25
	chrIII	193	0	1.0	25
	chrIII	195	0	0.5	25
	chrIII	198	1	0.5	25
	chrIII	201	1	0.5	25
	chrIII	204	0	0.5	25
	chrIII	215	0	0.5	24
	chrIII	229	1	0.5	23
	chrIII	232	1	0.5	24
	chrIII	234	1	0.5	25
	chrIII	236	1	0.5	25
	chrIII	256	1	0.5	25
	chrIII	264	1	0.5	25
	chrIII	269	0	0.5	25
	chrIII	270	1	0.5	25
	chrIII	276	1	0.5	25
	chrIII	278	0	0.5	25
	chrIII	282	0	0.5	25
	chrIII	291	1	0.5	23
	chrIII	291	1	0.5	25
	chrIII	305	1	1.0	25
	chrIII	306	1	0.5	25
	chrIII	307	1	0.5	23
	chrIII	308	0	1.5	25
	chrIII	309	0	0.5	25
	chrIII	313	0	0.5	25
	chrIII	314	1	0.5	25
	chrIII	316	1	0.5	25
	chrIII	318	1	1.5	25
	chrIII	320	1	0.5	24
	chrIII	320	1	0.5	25
	chrIII	332	1	0.5	24
	chrIII	338	1	0.5	25
	chrIII	342	1	0.5	25
	chrIII	344	1	0.5	24
	chrIII	344	1	0.5	25
	chrIII	345	1	0.5	25
	chrIII	348	0	0.5	25
	chrIII	361	1	0.5	25
	chrIII	363	1	0.5	24
	chrIII	363	1	0.5	25
	chrIII	375	1	1.5	25
	chrIII	378	1	0.5	23
	chrIII	386	0	0.5	25
	chrIII	391	0	0.5	25
	chrIII	392	0	0.5	25
	chrIII	415	1	0.5	25
	chrIII	418	1	0.5	25
	chrIII	419	1	0.5	25
	chrIII	425	0	0.5	25
	chrIII	437	1	0.5	25
	chrIII	479	1	0.5	25
	chrIII	495	0	0.5	25
	chrIII	498	0	0.5	25
	chrIII	551	1	1.0	25
	chrIII	609	1	0.5	25
	chrIII	620	1	0.5	25
	chrIII	633	0	0.5	25
	chrIII	648	0	0.5	25
	chrIII	666	0	0.5	25
	chrIII	722	1	0.5	25
	chrIII	753	0	0.5	25
	chrIII	759	0	0.5	25
	chrIII	778	1	0.5	25
	chrIII	780	1	0.5	25
	chrIII	808	1	0.5	25
	chrIII	811	0	0.5	25
	chrIII	835	0	0.5	25
	chrIII	849	1	0.5	25
	chrIII	863	0	1.5	25
	chrIII	883	0	0.5	25
	chrIII	909	1	1.0	25
	chrIII	914	0	0.5	25
	chrIII	961	0	0.5	25
	chrIII	971	1	0.5	25
	chrIII	985	0	1.5	25
	chrIII	989	1	0.5	25
	chrIII	998	1	0.5	25
	chrIII	1004	1	1.0	25
	chrIII	1005	0	1.0	25
	chrIII	1012	0	0.5	25
	chrIII	1013	0	3.0	25
	chrIII	1014	0	0.5	25
	chrIII	1019	0	0.5	25
	chrIII	1020	0	0.5	25
	chrIII	1021	0	1.5	25
	chrIII	1023	0	0.5	25
	chrIII	1024	0	0.5	25
	chrIII	1050	1	0.5	25
	chrIII	1067	1	1.0	25
	chrIII	1072	1	0.5	25
	chrIII	1076	1	0.5	25
	chrIII	1078	1	0.5	25
	chrIII	1082	0	0.5	25
	chrIII	1082	1	1.0	25
	chrIII	1086	1	0.5	25
	chrIII	1088	1	0.5	25
	chrIII	1092	0	0.5	25
	chrIII	1096	1	0.5	25
	chrIII	1098	1	0.5	25
	chrIII	1109	1	2.5	25
	chrIII	1110	1	0.5	25
	chrIII	1128	0	0.5	25
	chrIII	1135	1	0.5	25
	chrIII	1143	1	1.0	25
	chrIII	1159	0	0.5	25
	chrIII	1166	0	0.5	25
	chrIII	1194	0	0.5	25
	chrIII	1232	1	0.5	25
	chrIII	1242	1	0.5	25
	chrIII	1247	0	0.5	25
	chrIII	1247	1	0.5	25
	chrIII	1256	1	0.5	25
	chrIII	1269	1	0.5	25
	chrIII	1272	0	0.5	25
	chrIII	1275	1	0.5	25
	chrIII	1285	0	1.0	25
	chrIII	1310	0	0.5	25
	chrIII	1332	0	0.5	25
	chrIII	1336	0	1.0	25
	chrIII	1348	1	0.5	25
	chrIII	1364	1	0.5	25
	chrIII	1365	0	0.5	25
	chrIII	1373	1	0.5	25
	chrIII	1392	0	0.5	25
	chrIII	1401	1	0.5	25
	chrIII	1414	1	0.5	25
	chrIII	1426	1	0.5	25
	chrIII	1442	1	0.5	25
	chrIII	1466	1	0.5	25
	chrIII	1475	0	0.5	25
	chrIII	1494	0	0.5	25
	chrIII	1510	0	0.5	25
	chrIII	1510	1	1.0	25
	chrIII	1531	0	0.5	25
	chrIII	1564	1	0.5	25
	chrIII	1570	1	0.5	25
	chrIII	1602	1	0.5	25
	chrIII	1611	1	0.5	25
	chrIII	1617	0	0.5	25
	chrIII	1642	0	0.5	25
	chrIII	1664	0	0.5	25
	chrIII	1665	0	0.5	25
	chrIII	1696	0	0.5	25
	chrIII	1711	0	0.5	25
	chrIII	1733	1	0.5	25
	chrIII	1738	0	0.5	25
	chrIII	1747	1	0.5	25
	chrIII	1753	1	0.5	25
	chrIII	1766	0	0.5	25
	chrIII	1776	0	0.5	25
	chrIII	1784	1	0.5	25
	chrIII	1786	0	0.5	25
	chrIII	1794	1	0.5	25
	chrIII	1802	1	0.5	25
	chrIII	1824	1	0.5	25
	chrIII	1848	0	1.5	25
	chrIII	1850	1	0.5	25
	chrIII	1862	1	0.5	25
	chrIII	1870	0	1.0	25
	chrIII	1873	0	0.5	25
	chrIII	1879	1	0.5	25
	chrIII	1905	0	0.5	23
	chrIII	1906	1	0.5	25
	chrIII	1911	1	0.5	25
	chrIII	1913	1	0.5	25
	chrIII	1920	1	0.5	25
	chrIII	1936	1	0.5	25
	chrIII	1942	1	0.5	25
	chrIII	1943	0	0.5	25
	chrIII	1946	0	0.5	25
	chrIII	1952	0	0.5	25
	chrIII	1959	0	1.0	25
	chrIII	1964	1	0.5	25
	chrIII	1967	0	0.5	25
	chrIII	1994	1	0.5	25
	chrIII	2002	1	0.5	25
	chrIII	2010	1	0.5	25
	chrIII	2013	1	0.5	25
	chrIII	2025	0	0.5	25
	chrIII	2032	0	0.5	25
	chrIII	2047	0	0.5	25
	chrIII	2101	1	0.5	25
	chrIII	2103	1	0.5	25
	chrIII	2106	0	0.5	25
	chrIII	2107	1	0.5	25
	chrIII	2108	0	0.5	25
	chrIII	2117	0	0.5	25
	chrIII	2132	0	0.5	25
	chrIII	2137	0	1.0	25
	chrIII	2157	0	0.5	25
	chrIII	2191	1	2.0	25
	chrIII	2194	1	1.0	25
	chrIII	2220	0	0.5	25
	chrIII	2239	0	0.5	25
	chrIII	2250	0	0.5	25
	chrIII	2261	1	0.5	25
	chrIII	2306	1	0.5	25
	chrIII	2319	0	0.5	25
	chrIII	2320	1	0.5	25
	chrIII	2325	1	0.5	25
	chrIII	2394	1	0.5	25
	chrIII	2408	0	0.5	25
	chrIII	2417	0	0.5	25
	chrIII	2425	0	0.5	25
	chrIII	2443	0	0.5	25
	chrIII	2477	1	0.5	25
	chrIII	2488	1	0.5	25
	chrIII	2525	1	0.5	25
	chrIII	2545	0	0.5	25
	chrIII	2550	1	0.5	25
	chrIII	2563	0	0.5	25
	chrIII	2579	0	0.5	25
	chrIII	2606	1	0.5	25
	chrIII	2688	0	0.5	25
	chrIII	2689	1	0.5	25
	chrIII	2692	1	0.5	25
	chrIII	2745	0	0.5	25
	chrIII	2753	1	0.5	25
	chrIII	2764	1	0.5	25
	chrIII	2780	0	0.5	25
	chrIII	2796	1	0.5	25
	chrIII	2817	0	1.0	25
	chrIII	2825	1	0.5	25
	chrIII	2830	0	0.5	25
	chrIII	2847	0	0.5	25
	chrIII	2879	1	0.5	25
	chrIII	2882	0	0.5	25
	chrIII	2887	1	0.5	23
	chrIII	2887	1	0.5	25
	chrIII	2915	1	0.5	25
	chrIII	2933	0	0.5	25
	chrIII	2945	0	0.5	25
	chrIII	2963	0	0.5	25
	chrIII	2970	0	0.5	25
	chrIII	2986	1	0.5	25
	chrIII	3001	1	0.5	25
	chrIII	3002	0	0.5	25
	chrIII	3014	0	0.5	25
	chrIII	3030	1	0.5	25
	chrIII	3036	1	0.5	25
	chrIII	3055	1	0.5	25
	chrIII	3062	0	0.5	25
	chrIII	3070	0	0.5	25
	chrIII	3076	1	0.5	25
	chrIII	3081	1	0.5	25
	chrIII	3082	0	1.0	25
	chrIII	3095	1	0.5	25
	chrIII	3124	1	0.5	25
	chrIII	3129	1	0.5	25
	chrIII	3146	0	0.5	25
	chrIII	3157	0	0.5	25
	chrIII	3164	0	0.5	25
	chrIII	3183	0	0.5	25
	chrIII	3212	1	0.5	25
	chrIII	3232	0	1.0	25
	chrIII	3236	1	0.5	25
	chrIII	3250	1	0.5	25
	chrIII	3251	1	0.5	25
	chrIII	3252	1	0.5	25
	chrIII	3260	0	0.5	25
	chrIII	3267	0	0.5	25
	chrIII	3267	1	0.5	25
	chrIII	3316	1	1.0	25
	chrIII	3353	1	0.5	25
	chrIII	3364	0	0.5	25
	chrIII	3366	1	0.5	25
	chrIII	3371	0	0.5	25
	chrIII	3374	0	0.5	25
	chrIII	3398	0	0.5	25
	chrIII	3441	0	0.5	25
	chrIII	3450	1	0.5	25
	chrIII	3458	1	0.5	25
	chrIII	3465	1	0.5	25
	chrIII	3508	1	0.5	25
	chrIII	3514	0	0.5	25
	chrIII	3564	1	0.5	25
	chrIII	3568	0	0.5	25
	chrIII	3587	0	0.5	25
	chrIII	3679	1	0.5	25
	chrIII	3684	1	0.5	25
	chrIII	3744	1	0.5	25
	chrIII	3747	0	0.5	25
	chrIII	3750	0	0.5	25
	chrIII	3756	0	0.5	25
	chrIII	3777	0	1.0	25
	chrIII	3806	0	0.5	25
	chrIII	3825	1	0.5	25
	chrIII	3836	0	0.5	25
	chrIII	3838	0	0.5	25
	chrIII	3839	0	0.5	25
	chrIII	3861	0	0.5	25
	chrIII	3879	1	0.5	25
	chrIII	3897	1	1.0	25
	chrIII	3903	1	0.5	25
	chrIII	3917	1	1.0	25
	chrIII	3961	1	1.0	25
	chrIII	3965	0	1.0	25
	chrIII	3968	0	0.5	25
	chrIII	3979	0	1.0	25
	chrIII	4007	0	0.5	25
	chrIII	4016	1	0.5	25
	chrIII	4030	1	0.5	25
	chrIII	4032	1	1.0	25
	chrIII	4055	1	1.0	25
	chrIII	4061	0	0.5	25
	chrIII	4105	1	0.5	25
	chrIII	4115	1	0.5	25
	chrIII	4153	0	0.5	25
	chrIII	4154	0	0.5	25
	chrIII	4182	0	0.5	25
	chrIII	4202	1	0.5	25
	chrIII	4203	0	0.5	25
	chrIII	4220	0	0.5	25
	chrIII	4237	0	1.0	25
	chrIII	4251	0	0.5	25
	chrIII	4254	0	0.5	25
	chrIII	4272	1	0.5	25
	chrIII	4285	0	0.5	25
	chrIII	4294	1	0.5	25
	chrIII	4297	0	0.5	25
	chrIII	4303	1	0.5	25
	chrIII	4313	1	1.0	25
	chrIII	4319	1	0.5	25
	chrIII	4322	0	0.5	25
	chrIII	4324	0	0.5	25
	chrIII	4328	0	0.5	25
	chrIII	4337	0	0.5	25
	chrIII	4339	0	0.5	25
	chrIII	4348	1	0.5	25
	chrIII	4369	1	0.5	25
	chrIII	4386	1	0.5	25
	chrIII	4399	1	0.5	25
	chrIII	4400	1	0.5	25
	chrIII	4423	1	0.5	25
	chrIII	4428	1	0.5	25
	chrIII	4430	1	0.5	25
	chrIII	4448	1	0.5	25
	chrIII	4458	0	0.5	25
	chrIII	4467	0	1.5	25
	chrIII	4472	0	0.5	25
	chrIII	4501	0	1.0	25
	chrIII	4530	1	0.5	25
	chrIII	4536	1	0.5	25
	chrIII	4553	0	0.5	25
	chrIII	4563	0	0.5	25
	chrIII	4570	1	0.5	25
	chrIII	4575	0	0.5	25
	chrIII	4611	0	0.5	25
	chrIII	4619	1	0.5	25
	chrIII	4622	0	0.5	25
	chrIII	4644	0	0.5	25
	chrIII	4651	0	0.5	25
	chrIII	4654	1	0.5	25
	chrIII	4655	0	0.5	25
	chrIII	4655	1	0.5	25
	chrIII	4656	0	0.5	25
	chrIII	4659	0	0.5	25
	chrIII	4665	1	1.5	25
	chrIII	4681	1	0.5	25
	chrIII	4692	1	0.5	25
	chrIII	4703	1	0.5	25
	chrIII	4704	0	0.5	25
	chrIII	4705	1	0.5	25
	chrIII	4706	1	0.5	25
	chrIII	4708	1	0.5	25
	chrIII	4709	0	0.5	25
	chrIII	4711	1	0.5	25
	chrIII	4754	1	0.5	25
	chrIII	4867	1	0.5	25
	chrIII	4877	0	0.5	25
	chrIII	4884	1	0.5	25
	chrIII	5051	1	0.5	25
	chrIII	5199	0	0.5	25
	chrIII	5250	0	0.5	25
	chrIII	5301	1	0.5	25
	chrIII	5405	0	0.5	25
	chrIII	5444	0	0.5	25
	chrIII	5457	0	0.5	25
	chrIII	5463	0	0.5	25
	chrIII	5469	1	0.5	25
	chrIII	5505	0	0.5	25
	chrIII	5506	0	0.5	25
	chrIII	5507	0	0.5	25
	chrIII	5516	1	0.5	25
	chrIII	5517	0	0.5	25
	chrIII	5519	1	0.5	25
	chrIII	5520	0	0.5	25
	chrIII	5537	1	0.5	25
	chrIII	5550	0	0.5	25
	chrIII	5557	0	0.5	25
	chrIII	5570	0	0.5	25
	chrIII	5580	0	0.5	25
	chrIII	5581	1	0.5	25
	chrIII	5587	0	0.5	25
	chrIII	5587	1	0.5	25
	chrIII	5588	1	0.5	25
	chrIII	5596	0	0.5	25
	chrIII	5602	0	0.5	25
	chrIII	5603	0	0.5	25
	chrIII	5608	1	0.5	25
	chrIII	5615	1	1.0	25
	chrIII	5616	0	0.5	25
	chrIII	5619	1	0.5	25
	chrIII	5648	1	0.5	25
	chrIII	5651	1	1.0	25
	chrIII	5684	1	0.5	25
	chrIII	5712	1	0.5	25
	chrIII	5747	1	0.5	25
	chrIII	5758	1	0.5	25
	chrIII	5760	1	0.5	25
	chrIII	5883	0	0.5	25
	chrIII	5905	0	1.0	25
	chrIII	5994	0	1.5	25
	chrIII	6007	0	0.5	25
	chrIII	6010	1	1.5	25
	chrIII	6023	1	0.5	25
	chrIII	6031	0	0.5	25
	chrIII	6055	1	0.5	25
	chrIII	6066	1	0.5	25
	chrIII	6067	0	0.5	25
	chrIII	6080	0	0.5	25
	chrIII	6103	1	0.5	25
	chrIII	6134	1	0.5	25
	chrIII	6143	1	0.5	25
	chrIII	6148	0	1.5	25
	chrIII	6156	1	0.5	25
	chrIII	6169	0	0.5	25
	chrIII	6181	0	0.5	25
	chrIII	6213	1	1.5	25
	chrIII	6308	0	0.5	25
	chrIII	6313	0	0.5	25
	chrIII	6315	1	0.5	25
	chrIII	6319	0	0.5	25
	chrIII	6356	1	0.5	25
	chrIII	6358	1	0.5	25
	chrIII	6384	1	0.5	25
	chrIII	6472	0	0.5	25
	chrIII	6489	0	0.5	25
	chrIII	6491	1	0.5	25
	chrIII	6530	1	0.5	25
	chrIII	6572	0	0.5	25
	chrIII	6578	0	1.0	25
	chrIII	6601	0	0.5	25
	chrIII	6636	1	0.5	25
	chrIII	6638	1	0.5	25
	chrIII	6693	1	0.5	25
	chrIII	6747	1	1.0	25
	chrIII	6890	0	0.5	25
	chrIII	6982	1	0.5	25
	chrIII	7035	0	0.5	25
	chrIII	7222	0	0.5	25
	chrIII	7230	0	0.5	25
	chrIII	7243	1	0.5	25
	chrIII	7295	1	0.5	25
	chrIII	7296	1	0.5	25
	chrIII	7401	0	0.5	25
	chrIII	7420	0	0.5	25
	chrIII	7430	0	0.5	25
	chrIII	7435	0	0.5	25
	chrIII	7439	0	1.0	25
	chrIII	7447	1	0.5	25
	chrIII	7457	1	1.0	25
	chrIII	7539	0	0.5	25
	chrIII	7571	1	1.0	25
	chrIII	7594	1	0.5	25
	chrIII	7641	0	1.0	25
	chrIII	7656	1	0.5	25
	chrIII	7677	0	0.5	25
	chrIII	7681	0	0.5	25
	chrIII	7737	0	0.5	25
	chrIII	7747	1	1.0	25
	chrIII	7774	0	0.5	25
	chrIII	7788	1	0.5	25
	chrIII	7814	0	0.5	25
	chrIII	7866	0	0.5	25
	chrIII	7880	0	0.5	25
	chrIII	7897	1	1.5	25
	chrIII	7919	1	0.5	25
	chrIII	7923	1	0.5	25
	chrIII	7944	0	0.5	24
	chrIII	7952	1	0.5	25
	chrIII	8002	0	1.0	25
	chrIII	8028	1	0.5	25
	chrIII	8138	1	1.0	25
	chrIII	8297	0	0.5	25
	chrIII	8341	0	1.0	25
	chrIII	8382	1	0.5	25
	chrIII	8383	1	0.5	25
	chrIII	8388	1	0.5	25
	chrIII	8453	0	0.5	25
	chrIII	8485	0	0.5	25
	chrIII	8493	0	0.5	25
	chrIII	8524	1	0.5	25
	chrIII	8535	1	0.5	25
	chrIII	8545	1	0.5	25
	chrIII	8566	0	0.5	25
	chrIII	8622	1	0.5	25
	chrIII	8665	0	0.5	25
	chrIII	8671	0	0.5	25
	chrIII	8735	1	1.0	25
	chrIII	8887	0	0.5	25
	chrIII	8911	0	0.5	25
	chrIII	8918	0	0.5	25
	chrIII	8938	0	0.5	25
	chrIII	8951	0	0.5	25
	chrIII	8997	1	0.5	25
	chrIII	9039	1	0.5	25
	chrIII	9055	0	0.5	25
	chrIII	9062	0	1.0	25
	chrIII	9075	1	0.5	25
	chrIII	9078	1	0.5	25
	chrIII	9084	1	0.5	25
	chrIII	9086	0	0.5	25
	chrIII	9093	1	1.0	25
	chrIII	9105	1	0.5	25
	chrIII	9107	0	0.5	25
	chrIII	9144	1	0.5	25
	chrIII	9160	0	0.5	25
	chrIII	9224	1	0.5	25
	chrIII	9231	0	1.0	25
	chrIII	9232	0	1.0	25
	chrIII	9246	0	0.5	25
	chrIII	9257	0	0.5	25
	chrIII	9304	1	0.5	25
	chrIII	9305	1	1.0	25
	chrIII	9314	1	0.5	25
	chrIII	9318	1	1.0	25
	chrIII	9368	1	0.5	25
	chrIII	9372	0	0.5	25
	chrIII	9397	0	0.5	25
	chrIII	9421	1	0.5	25
	chrIII	9430	0	0.5	25
	chrIII	9474	1	0.5	25
	chrIII	9477	1	0.5	25
	chrIII	9747	0	0.5	25
	chrIII	9815	1	0.5	25
	chrIII	9947	0	0.5	25
	chrIII	10024	1	0.5	25
	chrIII	10146	0	0.5	25
	chrIII	10177	0	0.5	25
	chrIII	10222	1	0.5	25
	chrIII	10249	0	0.5	25
	chrIII	10258	1	0.5	25
	chrIII	10337	0	0.5	25
	chrIII	10397	1	0.5	25
	chrIII	10429	1	0.5	25
	chrIII	10512	0	0.5	25
	chrIII	10671	0	0.5	25
	chrIII	10830	0	0.5	25
	chrIII	10850	1	0.5	25
	chrIII	10851	1	0.5	25
	chrIII	10911	1	0.5	25
	chrIII	10934	0	0.5	25
	chrIII	10971	0	0.5	25
	chrIII	10986	0	0.5	25
	chrIII	10992	0	0.5	25
	chrIII	11014	0	0.5	25
	chrIII	11043	0	0.5	25
	chrIII	11049	0	0.5	25
	chrIII	11058	1	0.5	25
	chrIII	11059	1	0.5	25
	chrIII	11060	1	0.5	25
	chrIII	11061	1	0.5	25
	chrIII	11064	1	0.5	25
	chrIII	11077	0	0.5	25
	chrIII	11090	1	0.5	25
	chrIII	11112	0	0.5	25
	chrIII	11119	1	0.5	25
	chrIII	11136	1	0.5	25
	chrIII	11140	0	0.5	25
	chrIII	11193	0	0.5	25
	chrIII	11195	0	0.5	25
	chrIII	11197	0	0.5	25
	chrIII	11210	0	0.5	25
	chrIII	11216	0	1.0	25
	chrIII	11217	0	0.5	25
	chrIII	11231	0	0.5	25
	chrIII	11233	0	0.5	25
	chrIII	11233	1	0.5	25
	chrIII	11234	0	0.5	25
	chrIII	11239	1	0.5	25
	chrIII	11267	0	0.5	25
	chrIII	11269	1	0.5	25
	chrIII	11278	0	0.5	25
	chrIII	11279	0	0.5	25
	chrIII	11283	0	0.5	25
	chrIII	11286	0	1.0	25
	chrIII	11297	1	0.5	25
	chrIII	11301	1	0.5	25
	chrIII	11302	0	0.5	25
	chrIII	11305	1	0.5	25
	chrIII	11307	0	0.5	25
	chrIII	11314	1	0.5	25
	chrIII	11317	1	0.5	25
	chrIII	11318	0	0.5	25
	chrIII	11319	1	0.5	25
	chrIII	11330	0	1.0	25
	chrIII	11337	1	0.5	25
	chrIII	11345	1	0.5	25
	chrIII	11348	1	0.5	25
	chrIII	11351	1	0.5	25
	chrIII	11361	1	1.0	25
	chrIII	11367	0	0.5	25
	chrIII	11372	1	0.5	25
	chrIII	11383	0	0.5	25
	chrIII	11383	1	0.5	25
	chrIII	11384	1	0.5	25
	chrIII	11388	1	0.5	25
	chrIII	11403	1	0.5	25
	chrIII	11404	1	0.5	25
	chrIII	11437	1	0.5	25
	chrIII	11441	0	0.5	25
	chrIII	11451	1	0.5	25
	chrIII	11453	0	0.5	25
	chrIII	11483	0	0.5	25
	chrIII	11499	1	0.5	25
	chrIII	11501	0	0.5	25
	chrIII	11514	1	0.5	25
	chrIII	11520	1	0.5	25
	chrIII	11557	1	0.5	25
	chrIII	11635	1	0.5	25
	chrIII	11684	1	0.5	25
	chrIII	11735	0	0.5	25
	chrIII	11791	1	0.5	25
	chrIII	12173	0	0.5	25
	chrIII	12180	0	0.5	25
	chrIII	12226	1	0.5	25
	chrIII	12262	1	0.5	25
	chrIII	13941	0	0.5	25
	chrIII	13946	0	0.5	25
	chrIII	13979	0	0.5	25
	chrIII	13985	0	0.5	25
	chrIII	14018	0	1.0	25
	chrIII	14022	0	0.5	25
	chrIII	14040	0	0.5	25
	chrIII	14061	1	0.5	25
	chrIII	14073	0	0.5	25
	chrIII	14079	0	1.0	25
	chrIII	14080	1	0.5	25
	chrIII	14082	1	1.5	25
	chrIII	14094	0	0.5	25
	chrIII	14101	0	0.5	25
	chrIII	14102	1	0.5	25
	chrIII	14106	1	0.5	25
	chrIII	14129	0	0.5	25
	chrIII	14138	0	0.5	25
	chrIII	14143	0	0.5	25
	chrIII	14148	1	1.5	25
	chrIII	14151	1	1.0	25
	chrIII	14152	0	1.0	25
	chrIII	14163	1	0.5	25
	chrIII	14183	1	0.5	25
	chrIII	14201	0	1.0	25
	chrIII	14208	0	0.5	25
	chrIII	14211	0	0.5	25
	chrIII	14211	1	0.5	25
	chrIII	14252	1	1.0	25
	chrIII	14254	1	1.0	25
	chrIII	14279	0	0.5	25
	chrIII	14289	1	1.5	25
	chrIII	14319	0	0.5	25
	chrIII	14353	1	0.5	25
	chrIII	14361	1	0.5	25
	chrIII	14398	0	0.5	25
	chrIII	14442	0	0.5	25
	chrIII	14472	0	0.5	25
	chrIII	14477	0	0.5	25
	chrIII	14507	1	0.5	25
	chrIII	14525	0	0.5	25
	chrIII	14526	0	1.0	25
	chrIII	14550	1	0.5	25
	chrIII	14569	1	1.0	25
	chrIII	14572	0	0.5	25
	chrIII	14572	1	0.5	25
	chrIII	14574	0	0.5	25
	chrIII	14575	0	0.5	25
	chrIII	14580	0	1.5	25
	chrIII	14582	1	0.5	25
	chrIII	14597	0	0.5	25
	chrIII	14604	0	0.5	25
	chrIII	14636	1	0.5	25
	chrIII	14646	0	1.0	25
	chrIII	14646	1	0.5	25
	chrIII	14647	1	0.5	25
	chrIII	14648	1	0.5	25
	chrIII	14650	0	1.5	25
	chrIII	14650	1	0.5	25
	chrIII	14665	1	0.5	25
	chrIII	14675	1	0.5	25
	chrIII	14685	0	1.0	25
	chrIII	14694	1	0.5	25
	chrIII	14695	0	0.5	25
	chrIII	14696	0	1.0	25
	chrIII	14696	1	0.5	25
	chrIII	14701	0	0.5	25
	chrIII	14701	1	0.5	25
	chrIII	14707	1	0.5	25
	chrIII	14738	0	0.5	25
	chrIII	14741	0	0.5	25
	chrIII	14746	1	1.5	25
	chrIII	14749	1	0.5	25
	chrIII	14753	1	0.5	25
	chrIII	14755	0	0.5	25
	chrIII	14757	0	0.5	25
	chrIII	14769	1	0.5	25
	chrIII	14770	1	0.5	25
	chrIII	14771	0	0.5	25
	chrIII	14779	0	0.5	25
	chrIII	14780	1	0.5	25
	chrIII	14783	0	1.0	25
	chrIII	14784	0	0.5	25
	chrIII	14799	1	0.5	25
	chrIII	14806	0	0.5	25
	chrIII	14824	1	0.5	25
	chrIII	14827	1	0.5	25
	chrIII	14840	0	0.5	25
	chrIII	14840	1	1.5	25
	chrIII	14842	0	0.5	25
	chrIII	14849	1	0.5	25
	chrIII	14855	1	0.5	25
	chrIII	14856	1	0.5	25
	chrIII	14878	1	0.5	25
	chrIII	14881	0	0.5	25
	chrIII	14888	0	0.5	25
	chrIII	14890	0	0.5	25
	chrIII	14904	0	0.5	25
	chrIII	14907	1	0.5	25
	chrIII	14922	0	0.5	25
	chrIII	14936	1	0.5	25
	chrIII	14938	1	0.5	25
	chrIII	14943	0	0.5	25
	chrIII	14955	1	0.5	25
	chrIII	14956	0	1.5	25
	chrIII	14976	1	1.0	25
	chrIII	15020	1	0.5	25
	chrIII	15022	1	1.0	25
	chrIII	15023	0	0.5	25
	chrIII	15049	1	0.5	25
	chrIII	15064	0	0.5	25
	chrIII	15092	0	1.0	25
	chrIII	15109	1	0.5	25
	chrIII	15118	0	0.5	25
	chrIII	15123	0	0.5	25
	chrIII	15136	1	0.5	25
	chrIII	15138	0	0.5	25
	chrIII	15142	1	0.5	25
	chrIII	15151	0	0.5	25
	chrIII	15161	0	0.5	25
	chrIII	15171	1	1.0	25
	chrIII	15176	1	0.5	25
	chrIII	15193	1	0.5	25
	chrIII	15197	0	0.5	25
	chrIII	15200	0	0.5	25
	chrIII	15200	1	1.0	25
	chrIII	15208	0	0.5	25
	chrIII	15216	0	0.5	25
	chrIII	15218	0	0.5	25
	chrIII	15224	1	0.5	25
	chrIII	15228	0	0.5	25
	chrIII	15241	1	0.5	25
	chrIII	15253	0	1.0	25
	chrIII	15259	0	0.5	25
	chrIII	15261	0	1.0	25
	chrIII	15263	0	0.5	25
	chrIII	15273	1	0.5	25
	chrIII	15278	0	0.5	25
	chrIII	15279	0	1.5	25
	chrIII	15281	1	0.5	25
	chrIII	15285	0	1.0	25
	chrIII	15289	0	0.5	25
	chrIII	15291	0	0.5	25
	chrIII	15294	1	0.5	25
	chrIII	15296	1	0.5	25
	chrIII	15306	1	1.5	25
	chrIII	15312	1	0.5	25
	chrIII	15316	1	0.5	25
	chrIII	15317	1	0.5	25
	chrIII	15325	1	0.5	25
	chrIII	15331	1	0.5	25
	chrIII	15332	0	1.0	25
	chrIII	15334	0	0.5	25
	chrIII	15338	0	0.5	25
	chrIII	15350	1	1.5	25
	chrIII	15352	0	0.5	25
	chrIII	15354	1	1.0	25
	chrIII	15355	0	0.5	25
	chrIII	15361	1	0.5	25
	chrIII	15365	1	0.5	25
	chrIII	15377	1	0.5	25
	chrIII	15383	1	0.5	25
	chrIII	15385	0	0.5	25
	chrIII	15395	1	0.5	25
	chrIII	15402	0	0.5	25
	chrIII	15408	1	0.5	25
	chrIII	15413	1	0.5	25
	chrIII	15416	0	0.5	25
	chrIII	15424	1	0.5	25
	chrIII	15433	0	0.5	25
	chrIII	15447	1	0.5	25
	chrIII	15452	1	0.5	25
	chrIII	15458	1	0.5	25
	chrIII	15466	0	0.5	25
	chrIII	15472	1	0.5	25
	chrIII	15533	1	0.5	25
	chrIII	15558	0	0.5	25
	chrIII	15588	0	0.5	25
	chrIII	15598	0	0.5	25
	chrIII	15604	1	0.5	25
	chrIII	15607	0	0.5	25
	chrIII	15610	1	0.5	25
	chrIII	15622	0	1.0	25
	chrIII	15643	0	0.5	25
	chrIII	15651	1	0.5	24
	chrIII	15657	1	1.0	25
	chrIII	15677	1	0.5	25
	chrIII	15701	0	0.5	25
	chrIII	15710	0	0.5	25
	chrIII	15713	0	0.5	25
	chrIII	15719	0	0.5	25
	chrIII	15753	1	0.5	25
	chrIII	15755	0	0.5	25
	chrIII	15777	1	0.5	25
	chrIII	15791	1	0.5	25
	chrIII	15810	1	0.5	25
	chrIII	15811	1	0.5	25
	chrIII	15819	1	0.5	25
	chrIII	15820	0	0.5	25
	chrIII	15834	1	0.5	25
	chrIII	15838	0	1.0	25
	chrIII	15843	0	0.5	25
	chrIII	15861	0	0.5	25
	chrIII	15873	0	0.5	25
	chrIII	15900	1	0.5	25
	chrIII	15912	1	0.5	25
	chrIII	15914	1	1.0	25
	chrIII	15976	1	0.5	25
	chrIII	15988	0	0.5	25
	chrIII	16002	0	0.5	25
	chrIII	16050	0	0.5	25
	chrIII	16063	0	0.5	25
	chrIII	16064	1	0.5	25
	chrIII	16072	0	0.5	25
	chrIII	16085	1	0.5	25
	chrIII	16102	0	0.5	25
	chrIII	16137	0	0.5	25
	chrIII	16142	1	0.5	25
	chrIII	16144	0	0.5	25
	chrIII	16146	0	0.5	25
	chrIII	16150	0	0.5	25
	chrIII	16168	0	0.5	25
	chrIII	16170	1	0.5	25
	chrIII	16171	0	1.0	25
	chrIII	16175	1	0.5	25
	chrIII	16198	1	0.5	25
	chrIII	16217	0	0.5	25
	chrIII	16218	1	0.5	25
	chrIII	16219	1	0.5	25
	chrIII	16220	1	0.5	25
	chrIII	16239	1	0.5	25
	chrIII	16249	1	0.5	25
	chrIII	16272	0	1.0	25
	chrIII	16295	0	0.5	25
	chrIII	16311	1	0.5	25
	chrIII	16324	1	1.0	25
	chrIII	16342	0	0.5	25
	chrIII	16349	1	0.5	25
	chrIII	16366	1	0.5	25
	chrIII	16368	1	0.5	25
	chrIII	16380	0	1.0	25
	chrIII	16415	1	0.5	25
	chrIII	16438	0	0.5	25
	chrIII	16473	0	0.5	25
	chrIII	16475	0	0.5	25
	chrIII	16476	1	1.0	25
	chrIII	16538	1	0.5	25
	chrIII	16553	1	0.5	25
	chrIII	16567	1	0.5	25
	chrIII	16575	1	0.5	25
	chrIII	16614	0	1.0	25
	chrIII	16631	0	0.5	25
	chrIII	16691	1	1.0	25
	chrIII	16705	1	0.5	25
	chrIII	16724	0	0.5	25
	chrIII	16733	0	0.5	25
	chrIII	16748	0	0.5	25
	chrIII	16795	1	0.5	25
	chrIII	16802	0	0.5	25
	chrIII	16804	1	0.5	25
	chrIII	16810	0	0.5	25
	chrIII	16824	0	0.5	25
	chrIII	16852	0	0.5	25
	chrIII	16864	1	0.5	25
	chrIII	16868	0	0.5	25
	chrIII	16870	1	0.5	25
	chrIII	16881	0	0.5	25
	chrIII	16905	1	0.5	25
	chrIII	16912	1	0.5	25
	chrIII	16931	0	0.5	25
	chrIII	16940	0	0.5	25
	chrIII	16941	0	0.5	25
	chrIII	16943	0	0.5	25
	chrIII	16945	0	0.5	25
	chrIII	16969	1	0.5	25
	chrIII	16972	0	0.5	25
	chrIII	16973	0	0.5	25
	chrIII	16982	0	0.5	25
	chrIII	16986	0	0.5	25
	chrIII	16990	1	0.5	25
	chrIII	16991	0	0.5	25
	chrIII	16991	1	0.5	25
	chrIII	16992	0	0.5	25
	chrIII	16992	1	0.5	25
	chrIII	16996	0	0.5	25
	chrIII	16999	1	0.5	25
	chrIII	17001	0	0.5	25
	chrIII	17007	0	0.5	25
	chrIII	17007	1	0.5	25
	chrIII	17008	0	1.0	25
	chrIII	17020	0	0.5	25
	chrIII	17030	0	0.5	25
	chrIII	17030	1	0.5	25
	chrIII	17031	0	1.0	25
	chrIII	17031	1	0.5	25
	chrIII	17037	0	0.5	25
	chrIII	17044	1	0.5	25
	chrIII	17045	0	1.5	25
	chrIII	17047	0	0.5	25
	chrIII	17048	1	0.5	25
	chrIII	17050	0	0.5	25
	chrIII	17056	0	0.5	25
	chrIII	17060	0	0.5	25
	chrIII	17065	1	0.5	25
	chrIII	17084	1	1.5	25
	chrIII	17085	1	1.0	25
	chrIII	17089	0	0.5	25
	chrIII	17100	1	0.5	25
	chrIII	17121	1	0.5	25
	chrIII	17126	1	0.5	25
	chrIII	17127	1	0.5	25
	chrIII	17132	1	1.0	25
	chrIII	17134	0	1.5	25
	chrIII	17146	0	0.5	25
	chrIII	17150	1	0.5	25
	chrIII	17152	1	0.5	25
	chrIII	17164	1	1.0	25
	chrIII	17166	0	1.0	25
	chrIII	17178	0	0.5	25
	chrIII	17186	0	0.5	25
	chrIII	17196	1	1.0	25
	chrIII	17199	1	0.5	25
	chrIII	17212	1	0.5	25
	chrIII	17214	0	0.5	25
	chrIII	17217	1	0.5	25
	chrIII	17225	1	2.0	25
	chrIII	17226	1	0.5	25
	chrIII	17227	0	0.5	25
	chrIII	17230	0	1.0	25
	chrIII	17240	1	0.5	25
	chrIII	17245	1	0.5	25
	chrIII	17250	0	0.5	25
	chrIII	17256	0	0.5	25
	chrIII	17273	1	0.5	25
	chrIII	17311	0	0.5	25
	chrIII	17349	1	0.5	25
	chrIII	17350	1	0.5	25
	chrIII	17368	0	0.5	25
	chrIII	17376	1	0.5	25
	chrIII	17394	1	0.5	25
	chrIII	17395	0	0.5	25
	chrIII	17406	1	0.5	25
	chrIII	17415	1	0.5	25
	chrIII	17438	0	0.5	25
	chrIII	17494	1	0.5	25
	chrIII	17503	1	0.5	23
	chrIII	17512	0	0.5	25
	chrIII	17522	1	0.5	25
	chrIII	17527	0	1.0	25
	chrIII	17528	0	0.5	25
	chrIII	17546	0	0.5	25
	chrIII	17560	1	0.5	25
	chrIII	17588	1	0.5	25
	chrIII	17591	1	0.5	25
	chrIII	17613	1	1.0	25
	chrIII	17639	1	0.5	25
	chrIII	17706	0	0.5	25
	chrIII	17711	0	0.5	25
	chrIII	17727	1	0.5	25
	chrIII	17761	0	1.0	25
	chrIII	17794	0	0.5	25
	chrIII	17798	1	0.5	25
	chrIII	17828	1	1.0	25
	chrIII	17839	0	0.5	25
	chrIII	17853	1	0.5	25
	chrIII	17874	0	0.5	25
	chrIII	17892	0	0.5	25
	chrIII	17895	1	0.5	25
	chrIII	17914	1	0.5	25
	chrIII	17921	1	0.5	25
	chrIII	17929	1	0.5	25
	chrIII	17952	0	0.5	25
	chrIII	17981	0	0.5	25
	chrIII	17988	0	0.5	25
	chrIII	18028	0	0.5	25
	chrIII	18053	1	0.5	25
	chrIII	18057	1	0.5	25
	chrIII	18068	1	0.5	25
	chrIII	18079	0	0.5	25
	chrIII	18082	0	0.5	25
	chrIII	18130	1	0.5	25
	chrIII	18142	1	0.5	25
	chrIII	18157	0	0.5	25
	chrIII	18173	0	0.5	25
	chrIII	18200	0	0.5	25
	chrIII	18237	1	0.5	25
	chrIII	18246	1	0.5	25
	chrIII	18256	0	0.5	25
	chrIII	18256	1	0.5	25
	chrIII	18261	1	0.5	25
	chrIII	18263	0	0.5	25
	chrIII	18287	0	1.0	25
	chrIII	18381	0	0.5	25
	chrIII	18381	1	1.0	25
	chrIII	18410	0	0.5	25
	chrIII	18431	0	0.5	25
	chrIII	18436	1	0.5	25
	chrIII	18438	1	0.5	25
	chrIII	18459	1	0.5	25
	chrIII	18489	1	0.5	25
	chrIII	18519	0	0.5	25
	chrIII	18522	0	0.5	25
	chrIII	18546	0	1.0	25
	chrIII	18548	1	0.5	25
	chrIII	18579	1	0.5	25
	chrIII	18590	0	0.5	25
	chrIII	18609	1	0.5	25
	chrIII	18637	0	0.5	25
	chrIII	18650	1	0.5	25
	chrIII	18666	1	0.5	25
	chrIII	18673	0	0.5	25
	chrIII	18681	1	0.5	25
	chrIII	18694	0	0.5	25
	chrIII	18751	1	0.5	25
	chrIII	18768	0	0.5	25
	chrIII	18777	1	0.5	25
	chrIII	18789	0	0.5	25
	chrIII	18795	0	0.5	25
	chrIII	18816	0	0.5	25
	chrIII	18823	1	0.5	25
	chrIII	18827	0	0.5	25
	chrIII	18830	1	0.5	25
	chrIII	18832	0	0.5	25
	chrIII	18835	0	0.5	25
	chrIII	18846	0	0.5	25
	chrIII	18848	0	1.0	25
	chrIII	18853	1	0.5	25
	chrIII	18854	1	0.5	25
	chrIII	18868	1	0.5	25
	chrIII	18890	1	0.5	25
	chrIII	18904	0	1.0	25
	chrIII	18938	1	0.5	25
	chrIII	18942	1	1.0	25
	chrIII	18945	1	0.5	25
	chrIII	18968	1	0.5	25
	chrIII	18970	1	1.0	25
	chrIII	18987	0	0.5	25
	chrIII	18993	0	0.5	25
	chrIII	19002	0	0.5	25
	chrIII	19056	0	0.5	25
	chrIII	19067	1	0.5	25
	chrIII	19075	0	0.5	25
	chrIII	19077	1	0.5	25
	chrIII	19110	1	0.5	25
	chrIII	19115	0	0.5	25
	chrIII	19152	0	0.5	25
	chrIII	19170	1	0.5	25
	chrIII	19181	0	0.5	25
	chrIII	19182	1	0.5	25
	chrIII	19202	0	0.5	25
	chrIII	19216	0	0.5	25
	chrIII	19222	0	0.5	25
	chrIII	19238	0	0.5	25
	chrIII	19238	1	1.0	25
	chrIII	19248	0	0.5	25
	chrIII	19278	1	0.5	25
	chrIII	19280	0	0.5	25
	chrIII	19286	1	0.5	25
	chrIII	19290	0	0.5	25
	chrIII	19317	1	0.5	25
	chrIII	19334	1	0.5	25
	chrIII	19346	1	0.5	25
	chrIII	19351	0	0.5	25
	chrIII	19365	1	0.5	25
	chrIII	19386	0	0.5	25
	chrIII	19430	1	1.0	25
	chrIII	19457	1	0.5	25
	chrIII	19533	0	0.5	25
	chrIII	19549	1	0.5	25
	chrIII	19572	0	0.5	25
	chrIII	19576	0	0.5	25
	chrIII	19598	1	0.5	25
	chrIII	19599	0	0.5	25
	chrIII	19609	1	0.5	25
	chrIII	19637	1	0.5	25
	chrIII	19655	0	0.5	25
	chrIII	19666	0	0.5	25
	chrIII	19701	0	0.5	25
	chrIII	19730	1	0.5	25
	chrIII	19737	0	0.5	25
	chrIII	19738	0	0.5	25
	chrIII	19739	0	0.5	25
	chrIII	19749	1	0.5	25
	chrIII	19750	0	0.5	25
	chrIII	19750	1	0.5	25
	chrIII	19756	0	0.5	25
	chrIII	19764	0	0.5	25
	chrIII	19776	0	0.5	25
	chrIII	19777	0	1.0	25
	chrIII	19800	0	0.5	25
	chrIII	19808	1	1.0	25
	chrIII	19823	1	0.5	25
	chrIII	19825	1	0.5	25
	chrIII	19836	1	0.5	25
	chrIII	19837	1	0.5	25
	chrIII	19854	1	0.5	25
	chrIII	19863	1	0.5	25
	chrIII	19876	1	0.5	25
	chrIII	19890	1	0.5	25
	chrIII	19892	1	0.5	25
	chrIII	19910	0	0.5	25
	chrIII	19935	0	0.5	25
	chrIII	19973	1	0.5	24
	chrIII	20029	1	0.5	25
	chrIII	20057	0	0.5	25
	chrIII	20069	0	0.5	25
	chrIII	20086	0	0.5	25
	chrIII	20154	1	0.5	25
	chrIII	20161	0	0.5	25
	chrIII	20186	0	0.5	25
	chrIII	20189	0	0.5	25
	chrIII	20195	1	0.5	25
	chrIII	20231	1	0.5	25
	chrIII	20239	1	0.5	25
	chrIII	20254	0	0.5	25
	chrIII	20337	0	0.5	25
	chrIII	20337	1	0.5	25
	chrIII	20356	1	0.5	25
	chrIII	20367	0	0.5	25
	chrIII	20381	1	0.5	25
	chrIII	20392	0	0.5	25
	chrIII	20412	0	0.5	25
	chrIII	20413	0	0.5	25
	chrIII	20425	0	0.5	25
	chrIII	20428	1	0.5	25
	chrIII	20432	1	0.5	25
	chrIII	20436	0	1.0	25
	chrIII	20458	0	0.5	25
	chrIII	20467	0	1.0	25
	chrIII	20468	1	0.5	25
	chrIII	20478	0	0.5	25
	chrIII	20489	1	0.5	25
	chrIII	20491	1	0.5	25
	chrIII	20501	1	0.5	25
	chrIII	20502	1	0.5	25
	chrIII	20507	0	0.5	25
	chrIII	20523	1	0.5	25
	chrIII	20536	1	1.0	25
	chrIII	20539	1	0.5	25
	chrIII	20540	1	0.5	25
	chrIII	20569	0	0.5	25
	chrIII	20612	1	0.5	25
	chrIII	20631	1	0.5	25
	chrIII	20700	0	0.5	25
	chrIII	20714	0	0.5	25
	chrIII	20736	0	0.5	25
	chrIII	20753	0	0.5	25
	chrIII	20784	1	1.0	25
	chrIII	20785	0	0.5	25
	chrIII	20787	0	0.5	25
	chrIII	20798	0	1.0	25
	chrIII	20847	0	0.5	25
	chrIII	20851	1	0.5	25
	chrIII	20852	1	0.5	25
	chrIII	20860	0	0.5	25
	chrIII	20866	1	0.5	25
	chrIII	20867	0	0.5	25
	chrIII	20874	1	0.5	25
	chrIII	20891	1	0.5	25
	chrIII	20898	1	0.5	25
	chrIII	20905	1	0.5	25
	chrIII	20924	1	0.5	25
	chrIII	20952	0	0.5	25
	chrIII	20992	0	0.5	25
	chrIII	20996	0	0.5	25
	chrIII	21008	0	0.5	25
	chrIII	21020	0	0.5	25
	chrIII	21026	0	0.5	25
	chrIII	21038	0	0.5	25
	chrIII	21038	1	0.5	25
	chrIII	21039	1	0.5	25
	chrIII	21064	1	0.5	25
	chrIII	21071	1	0.5	25
	chrIII	21072	0	1.5	25
	chrIII	21083	1	0.5	25
	chrIII	21090	1	0.5	25
	chrIII	21103	1	0.5	25
	chrIII	21117	0	0.5	25
	chrIII	21124	1	0.5	25
	chrIII	21125	0	1.0	25
	chrIII	21126	0	1.5	25
	chrIII	21131	0	1.0	25
	chrIII	21132	0	0.5	25
	chrIII	21137	0	0.5	25
	chrIII	21140	0	0.5	25
	chrIII	21144	0	0.5	25
	chrIII	21149	0	0.5	25
	chrIII	21167	1	1.0	25
	chrIII	21169	1	0.5	25
	chrIII	21172	0	1.0	25
	chrIII	21182	1	0.5	25
	chrIII	21183	1	0.5	25
	chrIII	21194	1	0.5	25
	chrIII	21196	1	0.5	25
	chrIII	21199	1	0.5	25
	chrIII	21204	1	0.5	25
	chrIII	21207	0	0.5	25
	chrIII	21209	1	0.5	25
	chrIII	21210	0	1.0	25
	chrIII	21216	1	0.5	25
	chrIII	21225	1	2.0	25
	chrIII	21226	1	0.5	25
	chrIII	21237	0	0.5	25
	chrIII	21244	1	0.5	25
	chrIII	21273	1	0.5	25
	chrIII	21391	1	0.5	25
	chrIII	21421	0	0.5	25
	chrIII	21424	0	0.5	25
	chrIII	21450	0	0.5	25
	chrIII	21463	1	0.5	25
	chrIII	21507	1	0.5	25
	chrIII	21516	1	1.0	25
	chrIII	21517	1	0.5	25
	chrIII	21528	0	0.5	25
	chrIII	21538	0	1.0	25
	chrIII	21561	1	0.5	25
	chrIII	21640	0	0.5	25
	chrIII	21651	0	0.5	25
	chrIII	21655	1	0.5	25
	chrIII	21673	0	0.5	25
	chrIII	21701	1	0.5	25
	chrIII	21707	0	0.5	25
	chrIII	21709	0	1.0	25
	chrIII	21714	1	0.5	25
	chrIII	21723	1	1.0	25
	chrIII	21756	0	0.5	25
	chrIII	21759	0	0.5	25
	chrIII	21769	1	0.5	25
	chrIII	21773	1	0.5	25
	chrIII	21797	1	0.5	25
	chrIII	21860	1	0.5	25
	chrIII	21861	0	0.5	25
	chrIII	21873	0	0.5	25
	chrIII	21875	0	0.5	25
	chrIII	21880	1	0.5	25
	chrIII	21915	1	0.5	25
	chrIII	21918	0	0.5	25
	chrIII	21920	0	0.5	25
	chrIII	21944	1	0.5	25
	chrIII	21989	1	0.5	25
	chrIII	22002	1	0.5	25
	chrIII	22021	0	0.5	25
	chrIII	22023	1	0.5	25
	chrIII	22024	0	1.0	25
	chrIII	22029	0	1.0	25
	chrIII	22041	0	0.5	25
	chrIII	22089	0	0.5	25
	chrIII	22113	1	1.0	25
	chrIII	22125	0	0.5	25
	chrIII	22126	0	0.5	25
	chrIII	22143	0	0.5	25
	chrIII	22168	0	0.5	25
	chrIII	22170	0	0.5	25
	chrIII	22172	0	1.5	25
	chrIII	22176	1	0.5	25
	chrIII	22188	0	0.5	25
	chrIII	22189	0	0.5	25
	chrIII	22189	1	0.5	25
	chrIII	22190	0	0.5	25
	chrIII	22191	0	0.5	25
	chrIII	22193	0	0.5	25
	chrIII	22197	0	0.5	25
	chrIII	22199	0	0.5	25
	chrIII	22201	1	0.5	25
	chrIII	22204	0	0.5	25
	chrIII	22205	1	0.5	25
	chrIII	22206	0	4.5	25
	chrIII	22207	0	1.0	25
	chrIII	22208	0	2.5	25
	chrIII	22211	0	1.5	25
	chrIII	22215	1	0.5	25
	chrIII	22231	0	1.0	25
	chrIII	22233	1	2.5	25
	chrIII	22239	1	1.0	25
	chrIII	22243	0	0.5	25
	chrIII	22244	0	0.5	25
	chrIII	22250	1	0.5	25
	chrIII	22251	1	0.5	25
	chrIII	22258	0	0.5	25
	chrIII	22260	1	0.5	25
	chrIII	22261	0	0.5	25
	chrIII	22261	1	0.5	25
	chrIII	22262	1	1.5	25
	chrIII	22263	1	1.0	25
	chrIII	22277	1	1.5	25
	chrIII	22278	1	0.5	25
	chrIII	22279	1	2.0	25
	chrIII	22280	1	0.5	25
	chrIII	22281	1	0.5	25
	chrIII	22282	1	0.5	25
	chrIII	22285	1	1.5	25
	chrIII	22286	0	0.5	25
	chrIII	22286	1	1.5	25
	chrIII	22287	1	1.5	25
	chrIII	22292	0	0.5	25
	chrIII	22300	1	0.5	25
	chrIII	22317	0	1.0	25
	chrIII	22320	1	0.5	25
	chrIII	22325	1	0.5	25
	chrIII	22328	1	0.5	25
	chrIII	22329	0	1.0	25
	chrIII	22346	1	0.5	25
	chrIII	22362	1	0.5	25
	chrIII	22363	0	0.5	25
	chrIII	22376	0	0.5	25
	chrIII	22382	1	0.5	25
	chrIII	22389	1	0.5	25
	chrIII	22392	1	0.5	25
	chrIII	22394	0	0.5	25
	chrIII	22400	0	0.5	25
	chrIII	22422	0	0.5	25
	chrIII	22426	1	1.0	25
	chrIII	22431	0	0.5	25
	chrIII	22434	1	0.5	25
	chrIII	22445	1	0.5	25
	chrIII	22459	1	0.5	25
	chrIII	22505	1	0.5	25
	chrIII	22526	1	0.5	25
	chrIII	22529	0	0.5	25
	chrIII	22535	0	0.5	25
	chrIII	22538	0	0.5	25
	chrIII	22554	1	0.5	25
	chrIII	22566	1	1.0	25
	chrIII	22574	1	0.5	25
	chrIII	22588	1	0.5	25
	chrIII	22597	0	0.5	25
	chrIII	22608	0	0.5	25
	chrIII	22636	0	1.0	25
	chrIII	22637	1	0.5	25
	chrIII	22642	0	0.5	25
	chrIII	22721	1	0.5	25
	chrIII	22723	0	0.5	25
	chrIII	22739	0	1.0	25
	chrIII	22760	1	0.5	25
	chrIII	22799	0	0.5	25
	chrIII	22810	0	0.5	25
	chrIII	22816	1	0.5	25
	chrIII	22819	1	1.0	25
	chrIII	22882	1	0.5	25
	chrIII	22919	1	1.0	25
	chrIII	22931	0	0.5	25
	chrIII	22935	1	0.5	25
	chrIII	22972	0	0.5	25
	chrIII	22982	0	0.5	25
	chrIII	22985	0	0.5	25
	chrIII	22991	0	0.5	25
	chrIII	23038	0	0.5	25
	chrIII	23046	1	0.5	25
	chrIII	23068	1	0.5	25
	chrIII	23069	1	0.5	25
	chrIII	23085	0	0.5	25
	chrIII	23092	1	0.5	25
	chrIII	23098	0	0.5	25
	chrIII	23103	1	1.0	25
	chrIII	23104	0	0.5	25
	chrIII	23151	1	0.5	25
	chrIII	23154	0	0.5	25
	chrIII	23173	1	0.5	25
	chrIII	23241	0	0.5	25
	chrIII	23249	0	0.5	25
	chrIII	23270	0	0.5	25
	chrIII	23295	1	0.5	25
	chrIII	23315	0	0.5	25
	chrIII	23335	0	0.5	25
	chrIII	23358	0	0.5	25
	chrIII	23362	0	0.5	25
	chrIII	23367	1	0.5	25
	chrIII	23371	0	0.5	25
	chrIII	23388	1	0.5	25
	chrIII	23397	1	0.5	25
	chrIII	23399	1	0.5	25
	chrIII	23405	0	0.5	25
	chrIII	23420	0	0.5	25
	chrIII	23423	1	0.5	25
	chrIII	23425	0	1.0	25
	chrIII	23429	1	0.5	25
	chrIII	23430	0	1.0	25
	chrIII	23430	1	0.5	25
	chrIII	23433	0	2.0	25
	chrIII	23433	1	0.5	25
	chrIII	23435	0	4.5	25
	chrIII	23437	0	0.5	25
	chrIII	23438	0	1.5	25
	chrIII	23465	0	1.0	25
	chrIII	23466	1	0.5	25
	chrIII	23468	0	0.5	25
	chrIII	23472	0	0.5	25
	chrIII	23472	1	1.0	25
	chrIII	23473	0	0.5	25
	chrIII	23483	1	0.5	25
	chrIII	23484	0	1.0	25
	chrIII	23484	1	0.5	25
	chrIII	23485	0	0.5	25
	chrIII	23486	1	0.5	25
	chrIII	23490	1	0.5	25
	chrIII	23491	1	0.5	25
	chrIII	23492	0	0.5	25
	chrIII	23496	1	1.0	25
	chrIII	23498	1	0.5	25
	chrIII	23499	1	1.0	25
	chrIII	23500	1	2.0	25
	chrIII	23501	1	0.5	25
	chrIII	23502	0	0.5	25
	chrIII	23502	1	0.5	25
	chrIII	23510	0	0.5	25
	chrIII	23510	1	0.5	25
	chrIII	23516	0	0.5	25
	chrIII	23527	1	0.5	25
	chrIII	23531	0	0.5	25
	chrIII	23533	1	1.0	25
	chrIII	23541	1	4.0	25
	chrIII	23542	1	0.5	25
	chrIII	23553	0	0.5	25
	chrIII	23553	1	0.5	25
	chrIII	23562	1	0.5	25
	chrIII	23570	0	0.5	25
	chrIII	23577	0	1.0	25
	chrIII	23581	0	0.5	25
	chrIII	23584	1	0.5	25
	chrIII	23611	1	0.5	25
	chrIII	23620	1	1.0	25
	chrIII	23638	1	0.5	25
	chrIII	23641	1	0.5	25
	chrIII	23650	0	0.5	25
	chrIII	23654	1	1.0	25
	chrIII	23674	0	0.5	25
	chrIII	23677	0	1.0	25
	chrIII	23701	0	0.5	25
	chrIII	23708	0	0.5	25
	chrIII	23720	1	0.5	25
	chrIII	23758	0	0.5	25
	chrIII	23773	0	0.5	25
	chrIII	23774	1	0.5	25
	chrIII	23825	1	0.5	25
	chrIII	23836	1	0.5	25
	chrIII	23837	1	1.0	25
	chrIII	23858	0	0.5	25
	chrIII	23885	0	0.5	25
	chrIII	23888	1	0.5	25
	chrIII	23889	0	0.5	25
	chrIII	23907	0	0.5	25
	chrIII	23923	0	1.0	25
	chrIII	23931	0	0.5	25
	chrIII	23937	1	0.5	25
	chrIII	23938	0	1.0	25
	chrIII	23948	1	0.5	25
	chrIII	23954	0	0.5	25
	chrIII	23956	0	0.5	25
	chrIII	23975	0	0.5	25
	chrIII	23981	1	1.0	25
	chrIII	23984	1	0.5	25
	chrIII	23989	1	0.5	25
	chrIII	24003	1	1.0	25
	chrIII	24006	0	0.5	25
	chrIII	24007	0	0.5	25
	chrIII	24009	0	0.5	25
	chrIII	24011	0	0.5	25
	chrIII	24011	1	0.5	25
	chrIII	24014	0	0.5	25
	chrIII	24026	1	0.5	25
	chrIII	24027	0	0.5	25
	chrIII	24027	1	1.0	25
	chrIII	24040	0	0.5	25
	chrIII	24049	0	0.5	25
	chrIII	24067	1	1.5	25
	chrIII	24068	0	0.5	25
	chrIII	24068	1	0.5	25
	chrIII	24069	1	0.5	25
	chrIII	24077	1	0.5	25
	chrIII	24122	1	0.5	24
	chrIII	24125	0	1.0	25
	chrIII	24130	0	0.5	25
	chrIII	24157	0	0.5	25
	chrIII	24220	1	0.5	25
	chrIII	24228	1	0.5	25
	chrIII	24229	0	0.5	25
	chrIII	24268	0	0.5	25
	chrIII	24271	1	1.0	25
	chrIII	24319	1	0.5	25
	chrIII	24344	0	0.5	25
	chrIII	24357	1	0.5	25
	chrIII	24368	1	0.5	25
	chrIII	24377	1	0.5	25
	chrIII	24384	0	0.5	25
	chrIII	24391	0	0.5	25
	chrIII	24399	1	0.5	25
	chrIII	24400	0	1.0	25
	chrIII	24400	1	0.5	25
	chrIII	24401	0	1.0	25
	chrIII	24402	0	1.5	25
	chrIII	24406	0	0.5	25
	chrIII	24409	0	0.5	25
	chrIII	24428	0	0.5	25
	chrIII	24428	1	0.5	25
	chrIII	24436	0	0.5	25
	chrIII	24439	0	0.5	25
	chrIII	24446	1	0.5	25
	chrIII	24461	0	0.5	25
	chrIII	24463	1	0.5	25
	chrIII	24466	1	0.5	25
	chrIII	24468	0	0.5	25
	chrIII	24469	1	1.0	25
	chrIII	24470	0	0.5	25
	chrIII	24479	1	0.5	25
	chrIII	24487	1	0.5	25
	chrIII	24492	0	0.5	25
	chrIII	24492	1	0.5	25
	chrIII	24498	0	0.5	25
	chrIII	24501	1	0.5	25
	chrIII	24503	1	0.5	25
	chrIII	24531	1	0.5	25
	chrIII	24535	0	0.5	25
	chrIII	24564	1	0.5	25
	chrIII	24588	1	0.5	25
	chrIII	24595	0	0.5	25
	chrIII	24603	1	0.5	25
	chrIII	24609	0	1.0	25
	chrIII	24611	0	0.5	25
	chrIII	24612	0	0.5	25
	chrIII	24619	1	0.5	25
	chrIII	24620	0	0.5	25
	chrIII	24622	0	0.5	25
	chrIII	24626	1	0.5	25
	chrIII	24628	0	1.0	25
	chrIII	24629	0	0.5	25
	chrIII	24631	0	1.0	25
	chrIII	24632	0	1.0	25
	chrIII	24639	0	0.5	25
	chrIII	24666	1	1.0	25
	chrIII	24669	1	1.5	25
	chrIII	24670	0	0.5	25
	chrIII	24688	1	0.5	25
	chrIII	24690	1	0.5	25
	chrIII	24694	0	0.5	25
	chrIII	24694	1	0.5	25
	chrIII	24695	1	1.0	25
	chrIII	24697	0	0.5	25
	chrIII	24699	1	0.5	25
	chrIII	24703	1	0.5	25
	chrIII	24704	1	0.5	25
	chrIII	24710	1	1.0	25
	chrIII	24715	1	0.5	25
	chrIII	24718	1	0.5	25
	chrIII	24727	1	0.5	25
	chrIII	24740	0	0.5	25
	chrIII	24744	0	0.5	25
	chrIII	24755	1	0.5	25
	chrIII	24759	1	0.5	25
	chrIII	24775	0	0.5	25
	chrIII	24811	1	0.5	25
	chrIII	24849	1	0.5	25
	chrIII	24870	0	0.5	25
	chrIII	24908	1	0.5	25
	chrIII	24937	0	0.5	25
	chrIII	24948	0	0.5	25
	chrIII	24980	0	0.5	25
	chrIII	24999	1	0.5	25
	chrIII	25013	1	0.5	25
	chrIII	25019	0	0.5	25
	chrIII	25030	0	0.5	25
	chrIII	25037	0	0.5	25
	chrIII	25043	1	0.5	25
	chrIII	25072	1	0.5	25
	chrIII	25083	1	0.5	25
	chrIII	25095	0	0.5	25
	chrIII	25098	1	0.5	25
	chrIII	25122	1	0.5	25
	chrIII	25138	0	0.5	25
	chrIII	25168	1	0.5	25
	chrIII	25204	1	0.5	25
	chrIII	25237	1	0.5	25
	chrIII	25325	0	0.5	25
	chrIII	25337	0	0.5	25
	chrIII	25375	0	1.5	25
	chrIII	25380	1	0.5	25
	chrIII	25403	0	0.5	25
	chrIII	25408	0	0.5	25
	chrIII	25411	0	0.5	25
	chrIII	25413	0	0.5	25
	chrIII	25424	0	0.5	25
	chrIII	25446	1	0.5	25
	chrIII	25450	1	0.5	25
	chrIII	25452	0	0.5	25
	chrIII	25458	1	0.5	25
	chrIII	25471	1	0.5	25
	chrIII	25482	1	0.5	25
	chrIII	25483	0	0.5	25
	chrIII	25485	0	1.0	25
	chrIII	25492	1	0.5	25
	chrIII	25522	1	0.5	25
	chrIII	25529	1	0.5	25
	chrIII	25534	1	0.5	25
	chrIII	25544	1	0.5	25
	chrIII	25581	0	1.0	25
	chrIII	25583	1	0.5	25
	chrIII	25587	0	0.5	25
	chrIII	25591	0	0.5	25
	chrIII	25597	0	0.5	25
	chrIII	25598	0	0.5	25
	chrIII	25617	1	1.0	25
	chrIII	25622	0	0.5	25
	chrIII	25636	1	1.0	25
	chrIII	25665	1	0.5	25
	chrIII	25694	1	0.5	25
	chrIII	25701	0	0.5	25
	chrIII	25705	0	0.5	25
	chrIII	25705	1	0.5	25
	chrIII	25754	0	0.5	25
	chrIII	25773	1	0.5	25
	chrIII	25776	0	1.0	25
	chrIII	25777	0	0.5	25
	chrIII	25796	0	0.5	25
	chrIII	25804	0	1.0	25
	chrIII	25818	1	0.5	25
	chrIII	25820	1	0.5	25
	chrIII	25823	1	0.5	25
	chrIII	25824	0	0.5	25
	chrIII	25849	0	0.5	25
	chrIII	25849	1	1.0	25
	chrIII	25853	0	0.5	25
	chrIII	25871	0	0.5	25
	chrIII	25874	1	0.5	25
	chrIII	25876	1	0.5	25
	chrIII	25882	1	1.0	25
	chrIII	25905	1	0.5	25
	chrIII	25914	1	1.0	25
	chrIII	25919	0	1.0	25
	chrIII	25940	1	0.5	25
	chrIII	25946	1	0.5	25
	chrIII	25957	0	0.5	25
	chrIII	25958	0	1.0	25
	chrIII	25987	0	0.5	25
	chrIII	25996	1	1.0	25
	chrIII	26015	0	1.0	25
	chrIII	26015	1	0.5	25
	chrIII	26016	1	0.5	25
	chrIII	26031	0	0.5	25
	chrIII	26043	1	0.5	25
	chrIII	26052	1	0.5	25
	chrIII	26095	1	1.5	25
	chrIII	26132	0	0.5	25
	chrIII	26168	0	0.5	25
	chrIII	26202	0	0.5	25
	chrIII	26212	1	0.5	25
	chrIII	26221	0	0.5	25
	chrIII	26226	0	1.0	25
	chrIII	26241	1	0.5	25
	chrIII	26271	0	0.5	25
	chrIII	26276	1	0.5	25
	chrIII	26278	1	0.5	25
	chrIII	26307	1	1.0	25
	chrIII	26340	0	0.5	25
	chrIII	26368	1	0.5	25
	chrIII	26378	0	1.0	25
	chrIII	26382	1	0.5	25
	chrIII	26392	0	0.5	25
	chrIII	26403	0	0.5	25
	chrIII	26417	0	0.5	25
	chrIII	26443	0	0.5	25
	chrIII	26471	1	0.5	25
	chrIII	26481	1	0.5	25
	chrIII	26492	0	0.5	25
	chrIII	26495	0	0.5	25
	chrIII	26497	0	0.5	25
	chrIII	26510	0	0.5	25
	chrIII	26510	1	0.5	25
	chrIII	26532	1	0.5	25
	chrIII	26540	0	0.5	25
	chrIII	26542	0	0.5	25
	chrIII	26549	1	1.0	25
	chrIII	26555	1	0.5	25
	chrIII	26561	0	0.5	25
	chrIII	26567	0	0.5	25
	chrIII	26570	0	1.0	25
	chrIII	26585	0	0.5	25
	chrIII	26585	1	0.5	25
	chrIII	26609	0	0.5	25
	chrIII	26610	0	0.5	25
	chrIII	26610	1	0.5	25
	chrIII	26611	1	0.5	25
	chrIII	26626	0	0.5	25
	chrIII	26637	1	1.0	25
	chrIII	26638	1	0.5	25
	chrIII	26653	1	0.5	25
	chrIII	26657	0	0.5	25
	chrIII	26664	1	0.5	25
	chrIII	26665	1	0.5	25
	chrIII	26680	1	0.5	25
	chrIII	26685	0	0.5	25
	chrIII	26694	1	0.5	25
	chrIII	26707	1	0.5	25
	chrIII	26713	0	0.5	25
	chrIII	26728	0	0.5	25
	chrIII	26730	1	0.5	25
	chrIII	26741	0	0.5	25
	chrIII	26744	0	0.5	25
	chrIII	26746	1	0.5	25
	chrIII	26748	0	0.5	25
	chrIII	26754	1	0.5	25
	chrIII	26795	0	0.5	25
	chrIII	26809	1	0.5	25
	chrIII	26818	1	0.5	25
	chrIII	26822	1	0.5	25
	chrIII	26823	0	0.5	25
	chrIII	26827	1	0.5	25
	chrIII	26835	1	0.5	25
	chrIII	26857	0	0.5	25
	chrIII	26859	0	0.5	25
	chrIII	26868	0	1.0	25
	chrIII	26868	1	0.5	25
	chrIII	26897	0	0.5	25
	chrIII	26907	1	0.5	25
	chrIII	26917	0	1.5	25
	chrIII	26923	0	0.5	25
	chrIII	26938	1	0.5	25
	chrIII	26950	1	0.5	25
	chrIII	26953	1	0.5	25
	chrIII	26958	1	0.5	25
	chrIII	26971	1	0.5	25
	chrIII	26973	0	0.5	25
	chrIII	26980	0	0.5	25
	chrIII	26992	0	0.5	25
	chrIII	27024	1	0.5	25
	chrIII	27031	1	0.5	25
	chrIII	27035	1	0.5	25
	chrIII	27037	0	0.5	25
	chrIII	27038	0	0.5	25
	chrIII	27039	1	1.5	25
	chrIII	27042	1	0.5	25
	chrIII	27050	0	0.5	25
	chrIII	27063	0	1.0	25
	chrIII	27075	1	0.5	25
	chrIII	27076	0	0.5	25
	chrIII	27084	0	0.5	25
	chrIII	27093	1	0.5	25
	chrIII	27128	1	1.0	25
	chrIII	27130	0	0.5	25
	chrIII	27137	0	0.5	25
	chrIII	27142	1	0.5	25
	chrIII	27198	1	0.5	25
	chrIII	27226	0	1.0	25
	chrIII	27230	0	1.0	25
	chrIII	27231	0	1.5	25
	chrIII	27235	1	0.5	25
	chrIII	27255	1	0.5	25
	chrIII	27264	0	1.0	25
	chrIII	27269	0	0.5	25
	chrIII	27276	0	0.5	25
	chrIII	27284	0	1.0	25
	chrIII	27290	1	0.5	25
	chrIII	27302	1	0.5	25
	chrIII	27304	0	1.0	25
	chrIII	27310	0	0.5	25
	chrIII	27317	1	0.5	25
	chrIII	27318	0	0.5	25
	chrIII	27332	1	0.5	25
	chrIII	27342	1	1.0	25
	chrIII	27354	1	1.0	25
	chrIII	27363	1	0.5	25
	chrIII	27374	1	0.5	25
	chrIII	27383	0	0.5	25
	chrIII	27389	0	1.0	25
	chrIII	27399	0	0.5	25
	chrIII	27401	0	0.5	25
	chrIII	27403	1	1.5	25
	chrIII	27404	0	0.5	25
	chrIII	27408	0	0.5	25
	chrIII	27408	1	0.5	25
	chrIII	27412	0	1.0	25
	chrIII	27417	0	2.0	25
	chrIII	27429	0	0.5	25
	chrIII	27443	0	1.0	25
	chrIII	27450	1	0.5	25
	chrIII	27456	1	1.5	25
	chrIII	27457	1	2.0	25
	chrIII	27458	1	0.5	25
	chrIII	27459	1	0.5	25
	chrIII	27468	1	0.5	25
	chrIII	27470	1	1.0	25
	chrIII	27471	0	0.5	25
	chrIII	27472	1	0.5	25
	chrIII	27473	0	0.5	25
	chrIII	27475	1	1.0	25
	chrIII	27476	1	0.5	25
	chrIII	27477	0	1.0	25
	chrIII	27488	0	0.5	25
	chrIII	27497	0	1.0	25
	chrIII	27499	0	1.0	25
	chrIII	27524	0	0.5	25
	chrIII	27533	1	1.0	25
	chrIII	27542	1	0.5	25
	chrIII	27543	0	0.5	25
	chrIII	27555	0	0.5	25
	chrIII	27571	0	0.5	25
	chrIII	27571	1	1.0	25
	chrIII	27578	0	0.5	25
	chrIII	27580	1	0.5	25
	chrIII	27581	0	0.5	25
	chrIII	27585	1	1.0	25
	chrIII	27589	1	0.5	25
	chrIII	27591	0	0.5	25
	chrIII	27595	1	0.5	25
	chrIII	27596	0	1.0	25
	chrIII	27600	1	0.5	25
	chrIII	27601	0	0.5	25
	chrIII	27625	1	0.5	25
	chrIII	27627	1	1.0	25
	chrIII	27632	1	0.5	25
	chrIII	27642	0	0.5	25
	chrIII	27643	1	1.0	25
	chrIII	27644	0	0.5	25
	chrIII	27648	1	1.0	25
	chrIII	27649	0	1.5	25
	chrIII	27653	1	0.5	25
	chrIII	27654	1	0.5	25
	chrIII	27655	1	0.5	25
	chrIII	27688	0	1.0	25
	chrIII	27689	0	1.0	25
	chrIII	27694	1	0.5	25
	chrIII	27708	1	0.5	25
	chrIII	27712	1	0.5	25
	chrIII	27727	1	1.0	25
	chrIII	27743	1	0.5	25
	chrIII	27750	1	0.5	25
	chrIII	27752	0	0.5	25
	chrIII	27758	0	0.5	25
	chrIII	27760	0	0.5	25
	chrIII	27779	0	1.5	25
	chrIII	27788	0	0.5	25
	chrIII	27801	0	0.5	25
	chrIII	27815	0	0.5	25
	chrIII	27818	1	0.5	25
	chrIII	27824	0	0.5	25
	chrIII	27842	1	1.0	25
	chrIII	27845	0	1.0	25
	chrIII	27851	1	0.5	25
	chrIII	27852	1	1.0	25
	chrIII	27857	1	0.5	25
	chrIII	27858	1	0.5	25
	chrIII	27860	0	0.5	25
	chrIII	27866	0	0.5	25
	chrIII	27866	1	0.5	25
	chrIII	27872	1	0.5	25
	chrIII	27873	0	0.5	25
	chrIII	27873	1	0.5	25
	chrIII	27897	0	0.5	25
	chrIII	27898	0	0.5	25
	chrIII	27907	1	1.0	25
	chrIII	27917	0	1.0	25
	chrIII	27922	0	0.5	25
	chrIII	27927	0	0.5	25
	chrIII	27950	1	0.5	25
	chrIII	27952	1	0.5	25
	chrIII	27958	0	0.5	25
	chrIII	27958	1	0.5	25
	chrIII	27959	1	0.5	25
	chrIII	27967	1	0.5	25
	chrIII	27976	0	0.5	25
	chrIII	27986	0	0.5	25
	chrIII	28002	1	0.5	25
	chrIII	28009	1	1.0	25
	chrIII	28018	1	0.5	25
	chrIII	28028	0	0.5	25
	chrIII	28051	1	0.5	25
	chrIII	28052	1	0.5	25
	chrIII	28053	1	0.5	25
	chrIII	28064	0	0.5	25
	chrIII	28080	0	0.5	25
	chrIII	28094	0	0.5	25
	chrIII	28098	0	0.5	25
	chrIII	28120	0	0.5	25
	chrIII	28125	0	0.5	25
	chrIII	28139	1	0.5	25
	chrIII	28149	1	1.0	25
	chrIII	28153	1	0.5	25
	chrIII	28163	1	0.5	25
	chrIII	28179	1	0.5	25
	chrIII	28182	1	0.5	25
	chrIII	28183	1	0.5	25
	chrIII	28188	0	0.5	25
	chrIII	28234	0	0.5	25
	chrIII	28274	0	0.5	25
	chrIII	28276	1	0.5	25
	chrIII	28327	1	0.5	25
	chrIII	28331	1	0.5	25
	chrIII	28338	0	0.5	25
	chrIII	28348	0	0.5	25
	chrIII	28387	0	0.5	25
	chrIII	28394	1	0.5	25
	chrIII	28395	1	0.5	25
	chrIII	28417	0	0.5	25
	chrIII	28445	0	0.5	25
	chrIII	28455	0	1.0	25
	chrIII	28470	1	0.5	25
	chrIII	28486	1	0.5	25
	chrIII	28500	0	0.5	25
	chrIII	28548	0	1.0	25
	chrIII	28551	1	0.5	25
	chrIII	28553	1	0.5	25
	chrIII	28620	1	1.0	25
	chrIII	28634	0	0.5	25
	chrIII	28657	0	0.5	25
	chrIII	28696	0	1.0	25
	chrIII	28700	0	0.5	25
	chrIII	28701	1	1.0	25
	chrIII	28705	0	0.5	25
	chrIII	28714	1	0.5	25
	chrIII	28715	1	0.5	25
	chrIII	28743	0	0.5	25
	chrIII	28761	0	0.5	25
	chrIII	28779	1	0.5	25
	chrIII	28780	0	0.5	25
	chrIII	28797	0	1.0	25
	chrIII	28811	0	0.5	25
	chrIII	28822	0	1.0	25
	chrIII	28826	1	0.5	25
	chrIII	28828	0	0.5	25
	chrIII	28842	0	0.5	25
	chrIII	28843	1	0.5	25
	chrIII	28846	0	0.5	25
	chrIII	28853	1	1.0	25
	chrIII	28856	1	0.5	25
	chrIII	28864	0	0.5	25
	chrIII	28870	1	0.5	25
	chrIII	28880	1	0.5	25
	chrIII	28895	1	1.0	25
	chrIII	28898	1	0.5	25
	chrIII	28907	0	0.5	25
	chrIII	28907	1	0.5	25
	chrIII	28914	0	0.5	25
	chrIII	28920	1	0.5	25
	chrIII	28953	0	0.5	25
	chrIII	28973	0	1.0	25
	chrIII	28984	0	0.5	25
	chrIII	28985	0	0.5	25
	chrIII	28989	1	0.5	25
	chrIII	29000	0	0.5	25
	chrIII	29016	0	0.5	25
	chrIII	29016	1	0.5	25
	chrIII	29022	0	0.5	25
	chrIII	29033	0	0.5	25
	chrIII	29036	1	1.0	25
	chrIII	29038	1	1.0	25
	chrIII	29039	0	0.5	25
	chrIII	29056	1	0.5	25
	chrIII	29057	0	0.5	25
	chrIII	29071	1	0.5	25
	chrIII	29074	0	0.5	25
	chrIII	29077	1	1.0	25
	chrIII	29083	1	0.5	25
	chrIII	29106	1	0.5	25
	chrIII	29110	0	0.5	25
	chrIII	29123	1	0.5	25
	chrIII	29186	1	0.5	25
	chrIII	29189	0	0.5	25
	chrIII	29189	1	0.5	25
	chrIII	29190	0	1.5	25
	chrIII	29216	1	0.5	25
	chrIII	29221	1	0.5	25
	chrIII	29226	1	0.5	25
	chrIII	29227	0	0.5	25
	chrIII	29228	0	0.5	25
	chrIII	29253	1	0.5	25
	chrIII	29254	1	0.5	25
	chrIII	29255	1	0.5	25
	chrIII	29263	1	0.5	25
	chrIII	29297	0	0.5	25
	chrIII	29305	1	0.5	25
	chrIII	29307	0	0.5	25
	chrIII	29314	1	0.5	25
	chrIII	29328	1	0.5	25
	chrIII	29352	0	0.5	25
	chrIII	29364	0	0.5	25
	chrIII	29370	0	0.5	25
	chrIII	29377	1	0.5	25
	chrIII	29386	0	0.5	25
	chrIII	29398	0	0.5	25
	chrIII	29402	1	0.5	25
	chrIII	29414	0	0.5	25
	chrIII	29417	0	0.5	25
	chrIII	29424	0	0.5	25
	chrIII	29426	0	0.5	25
	chrIII	29431	1	0.5	25
	chrIII	29434	1	0.5	25
	chrIII	29435	1	0.5	25
	chrIII	29436	0	0.5	25
	chrIII	29440	0	0.5	25
	chrIII	29442	0	0.5	25
	chrIII	29478	1	0.5	25
	chrIII	29485	1	0.5	25
	chrIII	29487	1	0.5	25
	chrIII	29504	0	0.5	25
	chrIII	29519	1	0.5	25
	chrIII	29525	1	0.5	25
	chrIII	29527	1	0.5	25
	chrIII	29540	1	0.5	25
	chrIII	29544	0	0.5	25
	chrIII	29552	1	0.5	25
	chrIII	29566	1	0.5	25
	chrIII	29568	0	0.5	25
	chrIII	29595	1	0.5	25
	chrIII	29608	0	0.5	25
	chrIII	29612	1	0.5	25
	chrIII	29647	1	0.5	25
	chrIII	29648	0	0.5	25
	chrIII	29665	0	1.0	25
	chrIII	29708	1	0.5	25
	chrIII	29715	0	0.5	25
	chrIII	29721	1	1.0	25
	chrIII	29737	0	0.5	25
	chrIII	29775	0	0.5	25
	chrIII	29797	0	0.5	25
	chrIII	29805	0	0.5	25
	chrIII	29819	0	0.5	25
	chrIII	29824	1	0.5	25
	chrIII	29841	1	0.5	25
	chrIII	29867	1	0.5	25
	chrIII	29901	1	0.5	25
	chrIII	29902	0	0.5	25
	chrIII	29908	0	0.5	25
	chrIII	29920	1	0.5	25
	chrIII	29922	0	0.5	25
	chrIII	29933	0	0.5	25
	chrIII	29941	1	0.5	25
	chrIII	29943	1	0.5	25
	chrIII	29944	0	0.5	25
	chrIII	29962	1	0.5	25
	chrIII	29990	1	0.5	25
	chrIII	30038	1	0.5	25
	chrIII	30088	0	0.5	25
	chrIII	30092	0	0.5	25
	chrIII	30105	1	0.5	25
	chrIII	30140	0	2.0	25
	chrIII	30149	1	0.5	25
	chrIII	30155	1	0.5	25
	chrIII	30163	0	0.5	25
	chrIII	30176	0	0.5	25
	chrIII	30180	0	0.5	25
	chrIII	30189	1	1.0	25
	chrIII	30192	0	0.5	25
	chrIII	30201	1	0.5	25
	chrIII	30202	0	0.5	25
	chrIII	30203	0	0.5	25
	chrIII	30206	0	1.0	25
	chrIII	30219	1	1.0	25
	chrIII	30229	0	0.5	25
	chrIII	30234	1	0.5	25
	chrIII	30255	0	0.5	25
	chrIII	30262	0	0.5	25
	chrIII	30266	0	1.0	25
	chrIII	30274	1	1.0	25
	chrIII	30277	0	0.5	25
	chrIII	30280	1	1.0	25
	chrIII	30285	1	0.5	25
	chrIII	30286	1	0.5	25
	chrIII	30315	1	1.0	25
	chrIII	30337	1	0.5	25
	chrIII	30343	1	0.5	25
	chrIII	30345	0	0.5	25
	chrIII	30346	0	0.5	24
	chrIII	30391	0	0.5	25
	chrIII	30413	0	0.5	25
	chrIII	30413	1	0.5	25
	chrIII	30418	0	0.5	25
	chrIII	30423	1	1.0	25
	chrIII	30428	0	0.5	25
	chrIII	30432	1	0.5	25
	chrIII	30435	1	0.5	25
	chrIII	30443	0	1.0	25
	chrIII	30454	0	1.0	25
	chrIII	30458	0	1.0	25
	chrIII	30459	0	0.5	25
	chrIII	30480	1	0.5	25
	chrIII	30505	1	1.0	25
	chrIII	30512	1	1.0	25
	chrIII	30525	1	0.5	25
	chrIII	30527	1	0.5	25
	chrIII	30533	0	0.5	25
	chrIII	30534	1	1.0	25
	chrIII	30542	0	0.5	25
	chrIII	30544	1	0.5	25
	chrIII	30562	0	0.5	25
	chrIII	30570	0	0.5	25
	chrIII	30592	0	1.0	25
	chrIII	30600	1	0.5	25
	chrIII	30602	1	0.5	25
	chrIII	30608	0	0.5	25
	chrIII	30617	0	0.5	25
	chrIII	30617	1	0.5	25
	chrIII	30625	0	0.5	25
	chrIII	30644	1	0.5	25
	chrIII	30645	0	1.0	25
	chrIII	30648	0	0.5	25
	chrIII	30658	1	0.5	25
	chrIII	30665	1	0.5	25
	chrIII	30670	1	0.5	25
	chrIII	30687	0	0.5	25
	chrIII	30688	0	0.5	25
	chrIII	30689	1	0.5	25
	chrIII	30697	1	0.5	25
	chrIII	30708	0	0.5	25
	chrIII	30714	0	0.5	25
	chrIII	30722	0	0.5	25
	chrIII	30730	1	1.0	25
	chrIII	30736	1	0.5	25
	chrIII	30759	1	0.5	25
	chrIII	30763	1	0.5	25
	chrIII	30766	0	0.5	25
	chrIII	30772	1	0.5	25
	chrIII	30795	0	0.5	25
	chrIII	30804	1	0.5	25
	chrIII	30807	1	0.5	25
	chrIII	30827	0	0.5	25
	chrIII	30891	1	0.5	25
	chrIII	30902	1	0.5	25
	chrIII	30915	0	0.5	25
	chrIII	30917	0	0.5	25
	chrIII	30933	1	0.5	25
	chrIII	30943	0	0.5	25
	chrIII	30945	0	0.5	25
	chrIII	30953	0	0.5	25
	chrIII	30980	1	0.5	25
	chrIII	30991	1	0.5	25
	chrIII	30992	0	0.5	25
	chrIII	30996	1	0.5	25
	chrIII	31000	0	0.5	25
	chrIII	31018	1	0.5	25
	chrIII	31033	1	0.5	25
	chrIII	31052	0	0.5	25
	chrIII	31058	0	0.5	25
	chrIII	31070	0	1.0	25
	chrIII	31082	1	0.5	25
	chrIII	31091	1	0.5	25
	chrIII	31120	0	1.0	25
	chrIII	31121	0	0.5	25
	chrIII	31125	0	0.5	25
	chrIII	31127	1	0.5	25
	chrIII	31162	1	1.0	25
	chrIII	31168	0	0.5	25
	chrIII	31195	1	0.5	25
	chrIII	31205	0	0.5	25
	chrIII	31212	0	0.5	25
	chrIII	31236	0	0.5	25
	chrIII	31243	0	0.5	25
	chrIII	31247	0	1.0	25
	chrIII	31249	0	0.5	25
	chrIII	31255	0	0.5	25
	chrIII	31257	0	1.0	25
	chrIII	31259	0	0.5	25
	chrIII	31264	0	0.5	24
	chrIII	31264	0	1.5	25
	chrIII	31266	1	1.0	25
	chrIII	31267	0	1.5	25
	chrIII	31268	0	5.0	25
	chrIII	31269	0	4.0	25
	chrIII	31271	0	0.5	23
	chrIII	31271	0	1.5	25
	chrIII	31271	1	0.5	25
	chrIII	31272	0	6.5	25
	chrIII	31273	0	2.0	25
	chrIII	31274	0	1.5	25
	chrIII	31276	0	0.5	25
	chrIII	31278	0	0.5	25
	chrIII	31280	0	0.5	25
	chrIII	31281	0	1.0	25
	chrIII	31282	0	0.5	25
	chrIII	31283	0	0.5	25
	chrIII	31302	1	0.5	25
	chrIII	31304	0	0.5	25
	chrIII	31305	1	0.5	25
	chrIII	31306	1	0.5	25
	chrIII	31308	0	0.5	25
	chrIII	31313	1	0.5	25
	chrIII	31330	1	0.5	25
	chrIII	31334	1	0.5	25
	chrIII	31335	1	0.5	25
	chrIII	31336	1	4.0	25
	chrIII	31337	1	4.0	25
	chrIII	31338	1	2.0	25
	chrIII	31339	1	0.5	25
	chrIII	31341	1	0.5	25
	chrIII	31342	1	0.5	25
	chrIII	31343	1	0.5	25
	chrIII	31345	0	0.5	25
	chrIII	31345	1	0.5	25
	chrIII	31348	1	0.5	25
	chrIII	31350	1	0.5	25
	chrIII	31351	1	3.5	25
	chrIII	31352	1	0.5	25
	chrIII	31353	1	1.5	25
	chrIII	31354	1	0.5	25
	chrIII	31357	1	0.5	25
	chrIII	31358	1	0.5	25
	chrIII	31359	1	1.5	25
	chrIII	31360	1	2.0	25
	chrIII	31361	1	3.0	25
	chrIII	31364	1	0.5	25
	chrIII	31367	1	1.0	25
	chrIII	31404	0	0.5	25
	chrIII	31409	1	0.5	25
	chrIII	31414	0	1.0	25
	chrIII	31430	0	0.5	25
	chrIII	31431	1	1.5	25
	chrIII	31440	1	0.5	25
	chrIII	31454	1	0.5	25
	chrIII	31463	1	0.5	25
	chrIII	31490	1	0.5	25
	chrIII	31496	0	0.5	25
	chrIII	31504	0	0.5	25
	chrIII	31506	0	0.5	25
	chrIII	31513	0	0.5	25
	chrIII	31515	0	1.0	25
	chrIII	31522	0	0.5	25
	chrIII	31537	0	0.5	25
	chrIII	31541	1	0.5	25
	chrIII	31542	0	0.5	25
	chrIII	31542	1	0.5	25
	chrIII	31556	1	0.5	25
	chrIII	31558	1	0.5	25
	chrIII	31570	1	0.5	25
	chrIII	31574	1	0.5	25
	chrIII	31575	1	1.0	25
	chrIII	31577	1	0.5	25
	chrIII	31594	0	0.5	25
	chrIII	31607	0	0.5	25
	chrIII	31638	1	1.0	25
	chrIII	31649	0	0.5	25
	chrIII	31666	1	0.5	25
	chrIII	31667	1	0.5	25
	chrIII	31692	0	0.5	25
	chrIII	31693	0	0.5	25
	chrIII	31709	1	0.5	25
	chrIII	31712	0	0.5	25
	chrIII	31767	0	0.5	25
	chrIII	31767	1	0.5	25
	chrIII	31769	1	0.5	25
	chrIII	31770	0	0.5	25
	chrIII	31780	0	0.5	25
	chrIII	31784	0	0.5	25
	chrIII	31791	0	0.5	25
	chrIII	31825	1	0.5	25
	chrIII	31833	1	0.5	25
	chrIII	31834	1	1.0	25
	chrIII	31836	1	0.5	25
	chrIII	31852	1	0.5	25
	chrIII	31853	0	0.5	25
	chrIII	31854	0	0.5	25
	chrIII	31861	0	0.5	25
	chrIII	31862	0	0.5	25
	chrIII	31866	1	0.5	25
	chrIII	31867	1	0.5	25
	chrIII	31868	0	1.0	25
	chrIII	31879	0	0.5	25
	chrIII	31895	0	0.5	25
	chrIII	31909	1	0.5	25
	chrIII	31922	1	0.5	25
	chrIII	31932	1	0.5	25
	chrIII	31942	1	1.0	25
	chrIII	31943	1	0.5	25
	chrIII	31945	0	0.5	25
	chrIII	31959	0	1.0	25
	chrIII	31964	0	0.5	25
	chrIII	31970	0	0.5	25
	chrIII	32009	1	1.0	25
	chrIII	32015	1	0.5	25
	chrIII	32020	1	0.5	25
	chrIII	32027	1	0.5	25
	chrIII	32035	0	0.5	25
	chrIII	32044	0	0.5	25
	chrIII	32045	1	0.5	25
	chrIII	32046	0	0.5	25
	chrIII	32057	0	0.5	25
	chrIII	32064	1	0.5	25
	chrIII	32096	0	0.5	25
	chrIII	32112	0	0.5	25
	chrIII	32125	1	0.5	25
	chrIII	32128	1	0.5	25
	chrIII	32151	1	0.5	25
	chrIII	32168	0	1.0	25
	chrIII	32189	0	0.5	25
	chrIII	32211	0	0.5	25
	chrIII	32213	1	0.5	25
	chrIII	32225	0	0.5	25
	chrIII	32225	1	0.5	25
	chrIII	32235	0	0.5	25
	chrIII	32254	1	0.5	25
	chrIII	32264	0	0.5	25
	chrIII	32274	1	0.5	25
	chrIII	32276	1	0.5	25
	chrIII	32285	0	0.5	25
	chrIII	32294	0	0.5	25
	chrIII	32303	1	0.5	25
	chrIII	32318	1	0.5	25
	chrIII	32329	1	0.5	25
	chrIII	32373	0	0.5	25
	chrIII	32381	1	0.5	25
	chrIII	32389	0	0.5	25
	chrIII	32406	0	0.5	25
	chrIII	32424	0	0.5	25
	chrIII	32430	0	0.5	25
	chrIII	32433	1	0.5	25
	chrIII	32455	1	1.0	25
	chrIII	32462	1	0.5	25
	chrIII	32472	0	0.5	25
	chrIII	32473	1	0.5	25
	chrIII	32475	0	0.5	25
	chrIII	32493	0	0.5	25
	chrIII	32497	1	0.5	25
	chrIII	32501	1	0.5	25
	chrIII	32519	1	0.5	25
	chrIII	32540	1	0.5	25
	chrIII	32558	1	0.5	25
	chrIII	32602	0	0.5	25
	chrIII	32607	0	0.5	25
	chrIII	32609	0	0.5	25
	chrIII	32642	0	0.5	25
	chrIII	32648	1	0.5	25
	chrIII	32658	0	0.5	25
	chrIII	32682	0	0.5	25
	chrIII	32690	0	0.5	25
	chrIII	32703	0	0.5	25
	chrIII	32705	1	0.5	25
	chrIII	32710	0	0.5	25
	chrIII	32721	1	0.5	25
	chrIII	32725	0	0.5	25
	chrIII	32732	1	0.5	25
	chrIII	32741	1	0.5	25
	chrIII	32756	0	0.5	25
	chrIII	32778	1	0.5	25
	chrIII	32785	1	0.5	25
	chrIII	32788	0	0.5	25
	chrIII	32793	0	0.5	25
	chrIII	32800	1	0.5	25
	chrIII	32801	0	0.5	25
	chrIII	32805	0	0.5	25
	chrIII	32832	0	0.5	25
	chrIII	32834	0	0.5	25
	chrIII	32838	1	0.5	25
	chrIII	32850	0	0.5	25
	chrIII	32854	1	1.0	25
	chrIII	32858	1	0.5	25
	chrIII	32862	0	0.5	25
	chrIII	32864	1	0.5	25
	chrIII	32868	0	0.5	25
	chrIII	32868	1	0.5	25
	chrIII	32872	0	0.5	25
	chrIII	32906	1	1.0	25
	chrIII	32912	1	0.5	25
	chrIII	32932	0	0.5	25
	chrIII	32935	1	1.0	25
	chrIII	32936	1	0.5	25
	chrIII	32941	0	0.5	25
	chrIII	32952	0	0.5	25
	chrIII	32960	0	0.5	25
	chrIII	32965	1	0.5	25
	chrIII	32987	1	0.5	25
	chrIII	32988	1	0.5	25
	chrIII	32991	0	0.5	25
	chrIII	33006	1	0.5	25
	chrIII	33010	1	0.5	25
	chrIII	33029	0	0.5	25
	chrIII	33045	0	0.5	25
	chrIII	33055	1	0.5	25
	chrIII	33083	0	0.5	25
	chrIII	33088	1	0.5	25
	chrIII	33091	0	1.0	25
	chrIII	33098	0	1.0	25
	chrIII	33138	0	0.5	25
	chrIII	33149	1	0.5	25
	chrIII	33157	1	0.5	25
	chrIII	33168	1	0.5	25
	chrIII	33170	1	0.5	25
	chrIII	33177	1	1.0	25
	chrIII	33181	0	1.0	25
	chrIII	33181	1	0.5	25
	chrIII	33183	0	0.5	25
	chrIII	33258	1	0.5	25
	chrIII	33279	0	0.5	25
	chrIII	33295	0	0.5	25
	chrIII	33298	0	0.5	25
	chrIII	33309	1	1.0	25
	chrIII	33313	0	0.5	25
	chrIII	33316	0	1.0	25
	chrIII	33324	0	0.5	25
	chrIII	33330	1	0.5	25
	chrIII	33357	1	0.5	25
	chrIII	33377	1	0.5	25
	chrIII	33383	1	1.0	25
	chrIII	33385	1	0.5	25
	chrIII	33387	0	0.5	25
	chrIII	33390	1	0.5	25
	chrIII	33396	0	0.5	25
	chrIII	33410	0	0.5	25
	chrIII	33441	0	0.5	25
	chrIII	33455	0	0.5	25
	chrIII	33458	1	0.5	25
	chrIII	33468	1	0.5	25
	chrIII	33471	0	0.5	25
	chrIII	33474	0	0.5	25
	chrIII	33480	0	1.0	25
	chrIII	33487	1	0.5	25
	chrIII	33494	0	0.5	25
	chrIII	33501	1	0.5	25
	chrIII	33502	0	1.0	25
	chrIII	33504	0	0.5	25
	chrIII	33508	0	0.5	25
	chrIII	33509	1	0.5	25
	chrIII	33517	0	0.5	25
	chrIII	33523	1	0.5	25
	chrIII	33537	0	0.5	25
	chrIII	33540	0	0.5	25
	chrIII	33542	1	0.5	25
	chrIII	33543	1	0.5	25
	chrIII	33545	1	0.5	25
	chrIII	33557	1	0.5	25
	chrIII	33562	1	0.5	25
	chrIII	33587	1	0.5	25
	chrIII	33589	1	0.5	25
	chrIII	33590	1	0.5	25
	chrIII	33592	1	0.5	25
	chrIII	33598	0	0.5	25
	chrIII	33624	0	0.5	25
	chrIII	33644	1	0.5	25
	chrIII	33645	0	0.5	25
	chrIII	33649	0	1.5	25
	chrIII	33666	0	0.5	25
	chrIII	33672	0	0.5	25
	chrIII	33701	0	0.5	25
	chrIII	33706	0	0.5	25
	chrIII	33709	1	0.5	25
	chrIII	33714	0	0.5	25
	chrIII	33727	1	0.5	25
	chrIII	33732	1	0.5	25
	chrIII	33740	1	0.5	25
	chrIII	33746	1	0.5	25
	chrIII	33747	1	0.5	25
	chrIII	33770	0	0.5	25
	chrIII	33779	1	0.5	25
	chrIII	33797	0	0.5	25
	chrIII	33802	1	1.0	25
	chrIII	33809	1	0.5	25
	chrIII	33848	1	0.5	25
	chrIII	33849	0	0.5	25
	chrIII	33875	1	1.0	25
	chrIII	33885	0	0.5	25
	chrIII	33895	1	0.5	25
	chrIII	33898	0	0.5	25
	chrIII	33905	0	0.5	25
	chrIII	33917	0	0.5	25
	chrIII	33923	0	0.5	25
	chrIII	33925	1	0.5	25
	chrIII	33928	0	1.0	25
	chrIII	33938	0	0.5	25
	chrIII	33939	0	0.5	25
	chrIII	33946	0	0.5	25
	chrIII	33950	0	0.5	25
	chrIII	33956	1	0.5	25
	chrIII	33963	1	0.5	25
	chrIII	33965	0	0.5	25
	chrIII	33980	0	0.5	25
	chrIII	33987	1	0.5	25
	chrIII	33991	0	0.5	25
	chrIII	34004	0	0.5	25
	chrIII	34004	1	0.5	25
	chrIII	34006	1	1.5	25
	chrIII	34008	1	0.5	25
	chrIII	34010	0	0.5	25
	chrIII	34042	1	0.5	25
	chrIII	34043	1	0.5	25
	chrIII	34044	1	0.5	25
	chrIII	34045	0	0.5	25
	chrIII	34045	1	0.5	25
	chrIII	34051	1	0.5	25
	chrIII	34054	0	0.5	25
	chrIII	34061	0	1.0	25
	chrIII	34088	1	0.5	25
	chrIII	34089	0	0.5	25
	chrIII	34089	1	0.5	25
	chrIII	34109	1	0.5	25
	chrIII	34117	1	0.5	25
	chrIII	34132	1	0.5	25
	chrIII	34133	0	1.0	25
	chrIII	34135	1	1.0	25
	chrIII	34136	0	0.5	25
	chrIII	34138	1	0.5	25
	chrIII	34144	0	0.5	25
	chrIII	34179	0	0.5	25
	chrIII	34184	0	1.0	25
	chrIII	34201	1	0.5	25
	chrIII	34205	0	0.5	25
	chrIII	34205	1	0.5	25
	chrIII	34219	1	0.5	25
	chrIII	34224	1	0.5	25
	chrIII	34225	0	1.0	25
	chrIII	34226	0	0.5	25
	chrIII	34231	0	0.5	25
	chrIII	34250	1	0.5	25
	chrIII	34254	0	0.5	25
	chrIII	34259	1	0.5	25
	chrIII	34261	0	0.5	25
	chrIII	34267	0	0.5	25
	chrIII	34284	1	1.5	25
	chrIII	34285	0	0.5	25
	chrIII	34286	0	0.5	25
	chrIII	34288	0	0.5	25
	chrIII	34292	1	0.5	25
	chrIII	34303	1	0.5	25
	chrIII	34311	1	0.5	25
	chrIII	34316	1	0.5	25
	chrIII	34334	1	0.5	25
	chrIII	34340	1	0.5	25
	chrIII	34342	0	0.5	25
	chrIII	34342	1	0.5	25
	chrIII	34346	0	0.5	25
	chrIII	34361	1	0.5	25
	chrIII	34403	1	0.5	25
	chrIII	34423	1	0.5	25
	chrIII	34435	1	0.5	25
	chrIII	34447	0	0.5	25
	chrIII	34452	1	0.5	25
	chrIII	34471	0	0.5	25
	chrIII	34512	0	0.5	25
	chrIII	34545	0	0.5	25
	chrIII	34549	0	0.5	25
	chrIII	34557	0	0.5	25
	chrIII	34561	0	1.0	25
	chrIII	34567	1	0.5	25
	chrIII	34580	1	0.5	25
	chrIII	34591	1	0.5	25
	chrIII	34593	1	0.5	25
	chrIII	34597	0	0.5	25
	chrIII	34600	0	1.0	25
	chrIII	34605	1	0.5	25
	chrIII	34624	0	0.5	25
	chrIII	34638	1	0.5	25
	chrIII	34640	0	0.5	25
	chrIII	34644	1	0.5	25
	chrIII	34649	1	0.5	25
	chrIII	34653	0	0.5	25
	chrIII	34663	0	0.5	25
	chrIII	34669	0	0.5	25
	chrIII	34670	0	0.5	25
	chrIII	34691	1	0.5	25
	chrIII	34696	1	0.5	25
	chrIII	34709	0	0.5	25
	chrIII	34711	1	0.5	25
	chrIII	34717	0	0.5	25
	chrIII	34718	1	1.0	25
	chrIII	34726	1	0.5	25
	chrIII	34738	1	0.5	25
	chrIII	34743	1	0.5	25
	chrIII	34753	1	1.0	25
	chrIII	34761	0	0.5	25
	chrIII	34779	1	0.5	25
	chrIII	34844	0	0.5	25
	chrIII	34852	0	0.5	25
	chrIII	34856	0	0.5	25
	chrIII	34878	1	0.5	25
	chrIII	34931	1	0.5	25
	chrIII	34936	0	0.5	25
	chrIII	34945	0	0.5	25
	chrIII	34952	1	0.5	25
	chrIII	34963	1	0.5	25
	chrIII	34973	0	0.5	25
	chrIII	34989	0	0.5	25
	chrIII	34993	1	0.5	25
	chrIII	34996	0	0.5	25
	chrIII	34997	0	0.5	25
	chrIII	35007	0	1.0	25
	chrIII	35008	0	0.5	25
	chrIII	35010	0	0.5	25
	chrIII	35019	0	0.5	25
	chrIII	35040	0	1.0	25
	chrIII	35049	1	0.5	25
	chrIII	35053	1	0.5	25
	chrIII	35056	1	0.5	25
	chrIII	35062	1	0.5	25
	chrIII	35066	1	0.5	25
	chrIII	35073	1	0.5	25
	chrIII	35082	1	0.5	25
	chrIII	35090	0	1.0	25
	chrIII	35091	0	0.5	25
	chrIII	35093	0	0.5	25
	chrIII	35095	1	0.5	25
	chrIII	35104	0	0.5	25
	chrIII	35108	1	0.5	25
	chrIII	35118	0	0.5	25
	chrIII	35129	1	0.5	25
	chrIII	35138	1	0.5	25
	chrIII	35154	1	0.5	25
	chrIII	35174	1	0.5	25
	chrIII	35181	0	0.5	25
	chrIII	35200	1	1.0	25
	chrIII	35208	1	0.5	25
	chrIII	35229	0	0.5	25
	chrIII	35234	0	0.5	25
	chrIII	35248	1	0.5	25
	chrIII	35260	1	0.5	25
	chrIII	35261	1	0.5	25
	chrIII	35277	1	0.5	25
	chrIII	35278	0	0.5	25
	chrIII	35286	1	0.5	25
	chrIII	35304	0	1.5	25
	chrIII	35344	1	0.5	25
	chrIII	35375	0	0.5	25
	chrIII	35383	0	0.5	25
	chrIII	35386	1	1.5	25
	chrIII	35406	0	0.5	25
	chrIII	35409	0	0.5	25
	chrIII	35419	0	1.0	25
	chrIII	35427	1	0.5	25
	chrIII	35444	1	0.5	25
	chrIII	35449	1	0.5	25
	chrIII	35451	0	1.0	25
	chrIII	35451	1	0.5	25
	chrIII	35452	0	1.5	25
	chrIII	35463	0	0.5	25
	chrIII	35465	0	0.5	25
	chrIII	35478	0	0.5	25
	chrIII	35481	0	1.0	25
	chrIII	35493	0	0.5	25
	chrIII	35494	0	0.5	25
	chrIII	35498	0	0.5	25
	chrIII	35511	1	1.0	25
	chrIII	35512	0	1.0	25
	chrIII	35520	0	0.5	25
	chrIII	35530	0	0.5	25
	chrIII	35530	1	1.0	25
	chrIII	35533	1	1.0	25
	chrIII	35536	0	0.5	25
	chrIII	35536	1	1.0	25
	chrIII	35538	1	1.0	25
	chrIII	35539	1	0.5	25
	chrIII	35540	0	0.5	25
	chrIII	35542	1	1.0	25
	chrIII	35548	1	1.0	25
	chrIII	35549	0	0.5	25
	chrIII	35553	0	0.5	25
	chrIII	35561	0	1.0	25
	chrIII	35577	1	0.5	25
	chrIII	35585	0	0.5	25
	chrIII	35592	1	0.5	25
	chrIII	35593	0	0.5	25
	chrIII	35604	1	0.5	25
	chrIII	35631	1	1.0	25
	chrIII	35635	1	0.5	25
	chrIII	35661	1	0.5	25
	chrIII	35705	1	0.5	25
	chrIII	35712	0	0.5	25
	chrIII	35713	1	1.5	25
	chrIII	35759	0	0.5	25
	chrIII	35765	1	0.5	25
	chrIII	35771	0	1.0	25
	chrIII	35812	0	0.5	25
	chrIII	35815	1	0.5	25
	chrIII	35817	0	0.5	25
	chrIII	35859	0	1.0	25
	chrIII	35871	1	1.5	25
	chrIII	35872	0	0.5	25
	chrIII	35876	0	0.5	25
	chrIII	35887	0	0.5	25
	chrIII	35887	1	0.5	25
	chrIII	35892	0	0.5	25
	chrIII	35892	1	0.5	25
	chrIII	35916	0	0.5	25
	chrIII	35937	1	0.5	25
	chrIII	35940	1	0.5	25
	chrIII	35945	1	0.5	25
	chrIII	35948	1	0.5	25
	chrIII	35971	0	0.5	25
	chrIII	35988	1	0.5	25
	chrIII	35994	1	0.5	25
	chrIII	36031	0	0.5	25
	chrIII	36033	1	0.5	25
	chrIII	36044	0	1.0	25
	chrIII	36070	1	0.5	25
	chrIII	36089	0	0.5	25
	chrIII	36089	1	0.5	25
	chrIII	36091	0	0.5	25
	chrIII	36115	1	0.5	25
	chrIII	36124	1	0.5	25
	chrIII	36140	0	0.5	25
	chrIII	36169	1	0.5	25
	chrIII	36199	0	0.5	25
	chrIII	36230	0	0.5	25
	chrIII	36262	1	0.5	25
	chrIII	36274	1	0.5	25
	chrIII	36299	1	0.5	25
	chrIII	36304	1	0.5	25
	chrIII	36311	0	0.5	25
	chrIII	36342	0	0.5	25
	chrIII	36362	0	0.5	25
	chrIII	36364	0	0.5	25
	chrIII	36368	0	0.5	25
	chrIII	36372	0	0.5	25
	chrIII	36392	0	1.0	25
	chrIII	36392	1	0.5	25
	chrIII	36401	0	0.5	25
	chrIII	36418	1	0.5	25
	chrIII	36419	1	0.5	25
	chrIII	36427	1	0.5	25
	chrIII	36464	1	0.5	25
	chrIII	36471	1	1.0	25
	chrIII	36516	1	0.5	25
	chrIII	36534	0	0.5	25
	chrIII	36540	1	0.5	25
	chrIII	36547	0	0.5	25
	chrIII	36564	0	0.5	25
	chrIII	36599	1	0.5	25
	chrIII	36603	0	1.0	25
	chrIII	36606	1	0.5	25
	chrIII	36607	0	0.5	25
	chrIII	36618	0	0.5	25
	chrIII	36637	0	0.5	25
	chrIII	36641	1	0.5	25
	chrIII	36651	0	0.5	25
	chrIII	36688	1	1.0	25
	chrIII	36703	1	1.0	25
	chrIII	36708	0	0.5	25
	chrIII	36732	0	0.5	25
	chrIII	36758	1	0.5	25
	chrIII	36778	0	0.5	25
	chrIII	36784	0	0.5	25
	chrIII	36790	1	0.5	25
	chrIII	36805	1	0.5	25
	chrIII	36836	1	0.5	25
	chrIII	36878	1	0.5	25
	chrIII	36906	0	0.5	25
	chrIII	36916	0	0.5	25
	chrIII	36921	0	0.5	25
	chrIII	36959	1	0.5	25
	chrIII	36965	1	0.5	25
	chrIII	36970	0	1.0	25
	chrIII	36986	1	0.5	25
	chrIII	37001	1	0.5	25
	chrIII	37044	1	1.0	25
	chrIII	37048	0	1.0	25
	chrIII	37052	0	0.5	25
	chrIII	37056	0	0.5	25
	chrIII	37082	0	0.5	25
	chrIII	37096	0	0.5	25
	chrIII	37104	0	0.5	25
	chrIII	37128	1	0.5	25
	chrIII	37148	1	1.0	25
	chrIII	37152	1	0.5	25
	chrIII	37160	1	1.0	25
	chrIII	37191	0	0.5	25
	chrIII	37200	0	0.5	25
	chrIII	37203	0	0.5	25
	chrIII	37263	1	0.5	25
	chrIII	37275	1	0.5	25
	chrIII	37286	1	0.5	25
	chrIII	37298	0	0.5	25
	chrIII	37317	0	0.5	25
	chrIII	37362	0	0.5	25
	chrIII	37367	1	0.5	25
	chrIII	37373	0	0.5	25
	chrIII	37380	1	0.5	25
	chrIII	37430	0	0.5	25
	chrIII	37439	1	0.5	25
	chrIII	37444	0	0.5	25
	chrIII	37454	0	0.5	25
	chrIII	37463	0	0.5	25
	chrIII	37505	0	0.5	25
	chrIII	37510	0	0.5	25
	chrIII	37511	1	0.5	25
	chrIII	37514	1	1.0	25
	chrIII	37523	1	0.5	25
	chrIII	37532	0	1.0	25
	chrIII	37562	1	0.5	25
	chrIII	37568	0	1.0	25
	chrIII	37570	0	1.0	25
	chrIII	37572	1	0.5	25
	chrIII	37592	1	0.5	25
	chrIII	37598	0	0.5	25
	chrIII	37599	0	0.5	25
	chrIII	37608	0	0.5	25
	chrIII	37624	0	0.5	25
	chrIII	37635	0	0.5	25
	chrIII	37646	0	0.5	25
	chrIII	37654	1	0.5	25
	chrIII	37656	1	1.0	25
	chrIII	37665	1	1.0	25
	chrIII	37670	1	0.5	25
	chrIII	37683	1	0.5	25
	chrIII	37691	0	0.5	25
	chrIII	37694	0	0.5	25
	chrIII	37697	0	0.5	25
	chrIII	37706	0	0.5	25
	chrIII	37712	1	0.5	25
	chrIII	37714	1	0.5	25
	chrIII	37719	0	0.5	25
	chrIII	37736	0	0.5	25
	chrIII	37739	1	0.5	25
	chrIII	37748	1	0.5	25
	chrIII	37753	1	1.0	25
	chrIII	37754	1	0.5	25
	chrIII	37756	0	0.5	25
	chrIII	37759	0	1.0	25
	chrIII	37762	1	0.5	25
	chrIII	37763	0	0.5	25
	chrIII	37775	1	0.5	25
	chrIII	37779	1	0.5	25
	chrIII	37792	1	0.5	25
	chrIII	37815	0	0.5	25
	chrIII	37819	0	0.5	25
	chrIII	37820	1	1.0	25
	chrIII	37836	1	0.5	25
	chrIII	37851	0	0.5	25
	chrIII	37865	1	0.5	25
	chrIII	37875	1	0.5	25
	chrIII	37889	1	0.5	25
	chrIII	37891	1	0.5	25
	chrIII	37895	0	0.5	25
	chrIII	37964	0	0.5	25
	chrIII	37967	0	0.5	25
	chrIII	37972	0	0.5	25
	chrIII	37976	0	1.0	25
	chrIII	37986	0	0.5	25
	chrIII	37988	0	0.5	25
	chrIII	37991	0	0.5	25
	chrIII	37994	0	0.5	25
	chrIII	38022	0	0.5	25
	chrIII	38032	1	0.5	25
	chrIII	38036	1	0.5	25
	chrIII	38046	1	0.5	25
	chrIII	38052	1	0.5	25
	chrIII	38055	1	0.5	25
	chrIII	38057	0	0.5	25
	chrIII	38057	1	1.5	25
	chrIII	38062	1	0.5	25
	chrIII	38064	0	0.5	25
	chrIII	38080	0	0.5	25
	chrIII	38093	0	0.5	25
	chrIII	38100	0	1.0	25
	chrIII	38106	1	0.5	25
	chrIII	38108	0	0.5	25
	chrIII	38124	0	0.5	25
	chrIII	38128	1	0.5	25
	chrIII	38129	0	0.5	25
	chrIII	38131	0	1.0	25
	chrIII	38140	1	0.5	25
	chrIII	38146	1	0.5	25
	chrIII	38160	0	1.0	25
	chrIII	38169	0	0.5	25
	chrIII	38172	1	0.5	25
	chrIII	38173	1	1.0	25
	chrIII	38190	0	0.5	25
	chrIII	38200	1	0.5	25
	chrIII	38208	0	0.5	25
	chrIII	38217	0	0.5	25
	chrIII	38220	1	1.0	25
	chrIII	38226	1	0.5	25
	chrIII	38231	0	0.5	25
	chrIII	38231	1	0.5	25
	chrIII	38240	1	0.5	25
	chrIII	38242	0	1.0	25
	chrIII	38250	0	0.5	25
	chrIII	38257	1	1.0	25
	chrIII	38262	1	0.5	25
	chrIII	38272	1	0.5	25
	chrIII	38274	0	0.5	25
	chrIII	38278	0	1.0	25
	chrIII	38278	1	0.5	25
	chrIII	38291	1	0.5	25
	chrIII	38306	1	0.5	25
	chrIII	38312	1	0.5	25
	chrIII	38322	0	0.5	25
	chrIII	38324	0	0.5	25
	chrIII	38334	1	1.0	25
	chrIII	38339	1	0.5	25
	chrIII	38368	1	0.5	25
	chrIII	38376	0	0.5	25
	chrIII	38384	0	0.5	25
	chrIII	38395	0	0.5	25
	chrIII	38404	1	0.5	25
	chrIII	38406	1	0.5	25
	chrIII	38417	1	0.5	25
	chrIII	38422	1	0.5	25
	chrIII	38442	0	0.5	25
	chrIII	38451	0	0.5	25
	chrIII	38452	1	0.5	25
	chrIII	38469	1	0.5	25
	chrIII	38477	0	1.5	25
	chrIII	38526	1	1.0	25
	chrIII	38534	1	0.5	25
	chrIII	38541	1	0.5	25
	chrIII	38571	1	0.5	25
	chrIII	38578	0	0.5	25
	chrIII	38647	1	0.5	25
	chrIII	38653	0	0.5	25
	chrIII	38665	1	0.5	25
	chrIII	38721	1	0.5	25
	chrIII	38742	0	0.5	25
	chrIII	38772	0	0.5	25
	chrIII	38774	0	0.5	25
	chrIII	38775	0	0.5	25
	chrIII	38782	0	0.5	25
	chrIII	38800	0	0.5	25
	chrIII	38825	1	0.5	25
	chrIII	38830	0	0.5	25
	chrIII	38835	0	0.5	25
	chrIII	38868	1	0.5	25
	chrIII	38876	1	0.5	25
	chrIII	38878	0	0.5	25
	chrIII	38880	0	1.0	25
	chrIII	38890	1	0.5	25
	chrIII	38898	1	0.5	25
	chrIII	38899	1	0.5	25
	chrIII	38902	0	0.5	25
	chrIII	38903	0	1.5	25
	chrIII	38905	0	0.5	25
	chrIII	38905	1	0.5	25
	chrIII	38909	0	1.0	25
	chrIII	38914	0	1.0	25
	chrIII	38925	0	0.5	25
	chrIII	38932	0	0.5	25
	chrIII	38935	1	0.5	25
	chrIII	38937	0	1.0	25
	chrIII	38942	0	0.5	25
	chrIII	38943	0	0.5	25
	chrIII	38945	0	0.5	25
	chrIII	38947	1	1.0	25
	chrIII	38949	0	1.0	25
	chrIII	38951	0	0.5	25
	chrIII	38956	0	0.5	25
	chrIII	38959	0	0.5	25
	chrIII	38984	1	0.5	25
	chrIII	38987	1	0.5	25
	chrIII	38996	1	3.0	25
	chrIII	38997	1	0.5	25
	chrIII	38999	1	0.5	25
	chrIII	39009	1	0.5	25
	chrIII	39012	1	0.5	25
	chrIII	39017	1	0.5	25
	chrIII	39019	1	2.0	25
	chrIII	39020	1	1.5	25
	chrIII	39021	0	1.0	25
	chrIII	39031	1	0.5	25
	chrIII	39034	0	1.5	25
	chrIII	39039	0	0.5	25
	chrIII	39046	1	0.5	25
	chrIII	39052	0	0.5	25
	chrIII	39097	0	0.5	25
	chrIII	39117	0	0.5	25
	chrIII	39144	0	0.5	25
	chrIII	39155	1	0.5	25
	chrIII	39175	0	0.5	25
	chrIII	39175	1	1.0	25
	chrIII	39178	1	0.5	25
	chrIII	39180	0	0.5	25
	chrIII	39188	0	0.5	25
	chrIII	39198	1	1.5	25
	chrIII	39221	1	0.5	25
	chrIII	39222	1	0.5	25
	chrIII	39247	1	0.5	25
	chrIII	39283	0	0.5	25
	chrIII	39294	1	0.5	25
	chrIII	39310	0	0.5	25
	chrIII	39335	0	0.5	25
	chrIII	39340	1	0.5	25
	chrIII	39344	0	1.0	25
	chrIII	39344	1	0.5	25
	chrIII	39348	0	0.5	25
	chrIII	39361	0	0.5	25
	chrIII	39363	1	1.0	25
	chrIII	39370	0	0.5	25
	chrIII	39386	0	0.5	25
	chrIII	39394	0	0.5	25
	chrIII	39402	1	0.5	25
	chrIII	39406	0	1.0	25
	chrIII	39416	1	0.5	25
	chrIII	39417	1	0.5	25
	chrIII	39418	0	0.5	25
	chrIII	39425	0	0.5	25
	chrIII	39427	0	0.5	25
	chrIII	39439	1	1.5	25
	chrIII	39444	0	0.5	25
	chrIII	39449	1	0.5	25
	chrIII	39458	0	1.0	25
	chrIII	39467	1	1.0	25
	chrIII	39480	1	0.5	25
	chrIII	39493	0	0.5	25
	chrIII	39496	0	0.5	25
	chrIII	39500	1	0.5	25
	chrIII	39501	0	0.5	25
	chrIII	39503	0	1.0	25
	chrIII	39505	0	0.5	25
	chrIII	39508	0	0.5	25
	chrIII	39511	0	0.5	25
	chrIII	39517	1	0.5	25
	chrIII	39528	0	0.5	25
	chrIII	39529	0	0.5	25
	chrIII	39531	0	0.5	25
	chrIII	39533	1	1.0	25
	chrIII	39542	1	0.5	25
	chrIII	39543	0	1.0	25
	chrIII	39543	1	0.5	25
	chrIII	39548	0	1.0	25
	chrIII	39554	0	0.5	25
	chrIII	39561	0	0.5	25
	chrIII	39571	1	0.5	25
	chrIII	39575	1	0.5	25
	chrIII	39576	0	0.5	25
	chrIII	39576	1	0.5	25
	chrIII	39577	1	0.5	25
	chrIII	39585	1	0.5	25
	chrIII	39587	0	0.5	25
	chrIII	39587	1	0.5	25
	chrIII	39589	1	0.5	25
	chrIII	39594	1	0.5	25
	chrIII	39595	1	0.5	25
	chrIII	39600	1	0.5	25
	chrIII	39601	1	1.0	25
	chrIII	39604	0	0.5	25
	chrIII	39610	0	0.5	25
	chrIII	39618	1	0.5	25
	chrIII	39619	0	0.5	25
	chrIII	39620	0	1.0	25
	chrIII	39624	0	0.5	25
	chrIII	39627	0	1.0	25
	chrIII	39631	1	0.5	25
	chrIII	39635	1	1.0	25
	chrIII	39647	1	0.5	25
	chrIII	39662	1	0.5	25
	chrIII	39668	0	1.0	25
	chrIII	39678	1	1.0	25
	chrIII	39682	1	0.5	25
	chrIII	39687	1	1.0	25
	chrIII	39688	0	0.5	25
	chrIII	39689	0	0.5	25
	chrIII	39690	1	0.5	25
	chrIII	39692	0	1.0	25
	chrIII	39704	1	0.5	25
	chrIII	39721	1	0.5	25
	chrIII	39723	0	0.5	25
	chrIII	39749	1	0.5	25
	chrIII	39754	1	1.5	25
	chrIII	39760	0	0.5	25
	chrIII	39764	1	0.5	25
	chrIII	39774	1	0.5	25
	chrIII	39788	1	0.5	25
	chrIII	39822	0	0.5	25
	chrIII	39860	0	0.5	25
	chrIII	39880	0	0.5	25
	chrIII	39909	0	0.5	25
	chrIII	39912	1	0.5	25
	chrIII	39921	1	0.5	25
	chrIII	39930	0	0.5	25
	chrIII	39933	0	0.5	25
	chrIII	39941	1	0.5	25
	chrIII	39982	1	0.5	25
	chrIII	40010	0	0.5	25
	chrIII	40012	1	0.5	25
	chrIII	40025	0	0.5	25
	chrIII	40026	0	0.5	25
	chrIII	40027	1	0.5	25
	chrIII	40059	1	0.5	25
	chrIII	40086	1	0.5	25
	chrIII	40096	0	0.5	24
	chrIII	40104	1	0.5	25
	chrIII	40110	1	0.5	25
	chrIII	40121	1	0.5	25
	chrIII	40123	0	0.5	25
	chrIII	40152	0	0.5	25
	chrIII	40190	0	0.5	25
	chrIII	40205	1	0.5	25
	chrIII	40223	1	0.5	25
	chrIII	40249	1	0.5	25
	chrIII	40278	1	0.5	25
	chrIII	40279	0	0.5	25
	chrIII	40308	0	0.5	25
	chrIII	40354	1	0.5	25
	chrIII	40364	0	0.5	25
	chrIII	40378	1	0.5	25
	chrIII	40424	1	0.5	25
	chrIII	40486	0	0.5	25
	chrIII	40493	0	1.0	25
	chrIII	40528	0	0.5	25
	chrIII	40530	0	0.5	25
	chrIII	40538	1	0.5	25
	chrIII	40542	0	0.5	25
	chrIII	40555	1	0.5	25
	chrIII	40580	0	0.5	25
	chrIII	40584	1	0.5	25
	chrIII	40585	1	0.5	25
	chrIII	40605	0	0.5	25
	chrIII	40620	1	0.5	25
	chrIII	40624	0	0.5	25
	chrIII	40651	0	1.5	25
	chrIII	40663	0	0.5	25
	chrIII	40670	1	0.5	25
	chrIII	40671	1	0.5	25
	chrIII	40704	0	0.5	25
	chrIII	40713	1	0.5	25
	chrIII	40720	1	0.5	25
	chrIII	40724	0	0.5	25
	chrIII	40728	1	0.5	25
	chrIII	40743	0	0.5	25
	chrIII	40743	1	0.5	25
	chrIII	40744	1	0.5	25
	chrIII	40746	0	0.5	25
	chrIII	40756	0	1.0	25
	chrIII	40769	0	1.0	25
	chrIII	40775	0	0.5	25
	chrIII	40787	0	0.5	25
	chrIII	40788	0	0.5	25
	chrIII	40788	1	0.5	25
	chrIII	40789	0	0.5	25
	chrIII	40805	0	0.5	25
	chrIII	40810	0	1.0	25
	chrIII	40811	0	0.5	25
	chrIII	40814	0	0.5	25
	chrIII	40815	0	1.0	25
	chrIII	40816	0	1.0	25
	chrIII	40817	0	0.5	25
	chrIII	40818	0	0.5	25
	chrIII	40818	1	0.5	25
	chrIII	40819	0	1.0	25
	chrIII	40821	0	0.5	25
	chrIII	40822	0	0.5	25
	chrIII	40823	0	1.0	25
	chrIII	40823	1	1.0	25
	chrIII	40826	0	1.0	25
	chrIII	40832	1	0.5	25
	chrIII	40835	0	0.5	25
	chrIII	40837	0	1.0	25
	chrIII	40844	1	0.5	25
	chrIII	40845	0	0.5	25
	chrIII	40849	1	0.5	25
	chrIII	40851	0	0.5	25
	chrIII	40869	0	0.5	25
	chrIII	40869	1	1.5	25
	chrIII	40870	1	0.5	25
	chrIII	40871	0	0.5	25
	chrIII	40871	1	3.5	25
	chrIII	40872	0	2.0	25
	chrIII	40887	1	0.5	25
	chrIII	40901	1	2.5	25
	chrIII	40902	0	1.0	25
	chrIII	40902	1	2.5	25
	chrIII	40907	1	0.5	25
	chrIII	40923	1	1.5	25
	chrIII	40925	0	0.5	25
	chrIII	40928	1	1.0	25
	chrIII	40931	0	0.5	25
	chrIII	40938	1	0.5	25
	chrIII	40948	0	0.5	25
	chrIII	40955	1	0.5	25
	chrIII	40965	1	0.5	25
	chrIII	40974	1	0.5	25
	chrIII	40975	0	0.5	25
	chrIII	40982	0	0.5	25
	chrIII	40985	1	0.5	25
	chrIII	41005	0	0.5	25
	chrIII	41006	0	1.0	25
	chrIII	41009	0	0.5	25
	chrIII	41012	1	0.5	25
	chrIII	41030	1	1.5	25
	chrIII	41031	0	0.5	25
	chrIII	41045	1	0.5	25
	chrIII	41047	1	0.5	25
	chrIII	41048	1	0.5	25
	chrIII	41051	1	0.5	25
	chrIII	41054	0	0.5	25
	chrIII	41087	0	0.5	25
	chrIII	41094	0	0.5	25
	chrIII	41094	1	1.0	25
	chrIII	41095	0	0.5	25
	chrIII	41105	1	0.5	25
	chrIII	41113	1	0.5	25
	chrIII	41121	0	0.5	25
	chrIII	41126	0	0.5	25
	chrIII	41137	1	0.5	25
	chrIII	41168	1	0.5	25
	chrIII	41185	0	0.5	25
	chrIII	41185	1	1.0	25
	chrIII	41187	0	0.5	25
	chrIII	41193	0	0.5	25
	chrIII	41197	0	1.0	25
	chrIII	41203	0	0.5	25
	chrIII	41203	1	0.5	25
	chrIII	41208	0	0.5	25
	chrIII	41208	1	0.5	25
	chrIII	41239	1	1.0	25
	chrIII	41240	1	0.5	25
	chrIII	41241	0	0.5	25
	chrIII	41262	1	0.5	25
	chrIII	41263	1	1.5	25
	chrIII	41277	1	0.5	25
	chrIII	41309	0	0.5	25
	chrIII	41338	0	1.0	25
	chrIII	41380	1	0.5	25
	chrIII	41383	0	0.5	25
	chrIII	41384	1	1.0	25
	chrIII	41386	0	1.0	25
	chrIII	41398	0	0.5	25
	chrIII	41400	1	0.5	25
	chrIII	41407	1	0.5	25
	chrIII	41408	1	0.5	25
	chrIII	41409	0	0.5	25
	chrIII	41412	0	1.0	25
	chrIII	41414	0	0.5	25
	chrIII	41429	0	0.5	25
	chrIII	41434	1	0.5	25
	chrIII	41460	0	0.5	25
	chrIII	41468	1	1.0	25
	chrIII	41469	1	0.5	25
	chrIII	41470	1	1.0	25
	chrIII	41480	0	0.5	25
	chrIII	41482	1	0.5	25
	chrIII	41484	1	0.5	25
	chrIII	41504	1	0.5	25
	chrIII	41515	1	0.5	25
	chrIII	41531	0	0.5	25
	chrIII	41547	0	0.5	25
	chrIII	41558	1	0.5	25
	chrIII	41580	1	0.5	25
	chrIII	41608	0	1.0	25
	chrIII	41610	1	0.5	25
	chrIII	41664	0	0.5	25
	chrIII	41665	1	1.0	25
	chrIII	41690	0	0.5	25
	chrIII	41737	1	0.5	25
	chrIII	41746	0	0.5	25
	chrIII	41747	0	0.5	25
	chrIII	41757	0	0.5	25
	chrIII	41762	0	0.5	25
	chrIII	41765	0	0.5	25
	chrIII	41773	0	0.5	25
	chrIII	41796	0	0.5	25
	chrIII	41802	0	0.5	25
	chrIII	41803	1	0.5	25
	chrIII	41815	1	0.5	25
	chrIII	41816	0	1.0	25
	chrIII	41818	0	0.5	25
	chrIII	41823	1	0.5	25
	chrIII	41827	1	1.0	25
	chrIII	41829	0	0.5	25
	chrIII	41836	1	0.5	25
	chrIII	41867	0	0.5	25
	chrIII	41880	1	0.5	25
	chrIII	41882	0	1.0	25
	chrIII	41882	1	1.0	25
	chrIII	41885	1	0.5	25
	chrIII	41899	0	0.5	25
	chrIII	41913	0	0.5	25
	chrIII	41924	1	0.5	25
	chrIII	41933	1	1.0	25
	chrIII	41936	0	1.5	25
	chrIII	41938	1	0.5	25
	chrIII	41947	0	0.5	25
	chrIII	41954	1	1.0	25
	chrIII	41959	0	0.5	25
	chrIII	41967	0	0.5	25
	chrIII	41977	1	1.0	25
	chrIII	41978	0	0.5	25
	chrIII	41978	1	0.5	25
	chrIII	41979	0	1.0	25
	chrIII	41986	0	0.5	25
	chrIII	41998	0	0.5	25
	chrIII	42001	0	1.0	25
	chrIII	42001	1	1.5	25
	chrIII	42026	0	0.5	25
	chrIII	42030	1	0.5	24
	chrIII	42039	0	0.5	25
	chrIII	42056	0	0.5	25
	chrIII	42056	1	2.5	25
	chrIII	42058	1	0.5	25
	chrIII	42064	1	0.5	25
	chrIII	42065	0	0.5	25
	chrIII	42077	0	1.0	25
	chrIII	42078	1	0.5	25
	chrIII	42079	0	0.5	25
	chrIII	42095	1	0.5	25
	chrIII	42099	0	0.5	25
	chrIII	42100	1	0.5	25
	chrIII	42106	0	0.5	25
	chrIII	42112	0	1.0	25
	chrIII	42119	1	0.5	25
	chrIII	42124	0	0.5	25
	chrIII	42130	0	0.5	25
	chrIII	42142	1	0.5	25
	chrIII	42144	1	0.5	25
	chrIII	42165	0	0.5	25
	chrIII	42168	1	0.5	25
	chrIII	42174	1	0.5	25
	chrIII	42175	1	0.5	25
	chrIII	42179	1	1.0	25
	chrIII	42180	0	0.5	25
	chrIII	42188	1	0.5	25
	chrIII	42193	1	0.5	25
	chrIII	42203	1	0.5	25
	chrIII	42232	0	0.5	25
	chrIII	42248	0	0.5	25
	chrIII	42267	1	0.5	25
	chrIII	42278	1	0.5	25
	chrIII	42322	0	0.5	25
	chrIII	42324	1	0.5	25
	chrIII	42331	1	0.5	25
	chrIII	42352	0	0.5	25
	chrIII	42384	0	0.5	25
	chrIII	42388	1	0.5	25
	chrIII	42393	0	0.5	25
	chrIII	42417	1	0.5	25
	chrIII	42423	1	0.5	25
	chrIII	42465	0	0.5	25
	chrIII	42474	0	0.5	25
	chrIII	42502	1	0.5	25
	chrIII	42531	1	0.5	25
	chrIII	42539	0	0.5	25
	chrIII	42540	0	0.5	25
	chrIII	42561	0	0.5	25
	chrIII	42566	0	0.5	25
	chrIII	42585	0	0.5	25
	chrIII	42586	0	0.5	25
	chrIII	42590	1	0.5	25
	chrIII	42597	1	0.5	25
	chrIII	42615	1	0.5	25
	chrIII	42642	1	0.5	25
	chrIII	42643	0	1.0	25
	chrIII	42704	0	0.5	25
	chrIII	42725	1	0.5	25
	chrIII	42727	1	1.0	25
	chrIII	42738	1	0.5	25
	chrIII	42741	1	1.0	25
	chrIII	42758	0	0.5	25
	chrIII	42767	0	0.5	25
	chrIII	42774	0	0.5	25
	chrIII	42807	0	0.5	25
	chrIII	42813	1	0.5	25
	chrIII	42856	1	0.5	25
	chrIII	42858	0	0.5	25
	chrIII	42873	0	0.5	25
	chrIII	42876	1	0.5	25
	chrIII	42901	0	0.5	25
	chrIII	42916	0	0.5	25
	chrIII	42919	0	0.5	25
	chrIII	42923	0	0.5	25
	chrIII	42930	1	0.5	25
	chrIII	42936	1	0.5	25
	chrIII	42938	1	0.5	25
	chrIII	42941	0	0.5	25
	chrIII	42969	1	0.5	25
	chrIII	42984	1	0.5	25
	chrIII	42985	0	0.5	25
	chrIII	42992	1	0.5	25
	chrIII	43017	0	0.5	25
	chrIII	43022	0	0.5	25
	chrIII	43032	0	0.5	25
	chrIII	43035	1	0.5	25
	chrIII	43049	1	0.5	25
	chrIII	43051	1	0.5	25
	chrIII	43086	1	0.5	25
	chrIII	43092	0	0.5	25
	chrIII	43103	1	0.5	25
	chrIII	43106	0	0.5	25
	chrIII	43152	1	0.5	25
	chrIII	43157	1	0.5	25
	chrIII	43161	0	0.5	25
	chrIII	43182	0	0.5	25
	chrIII	43198	1	0.5	25
	chrIII	43208	0	0.5	25
	chrIII	43226	0	0.5	25
	chrIII	43228	1	0.5	25
	chrIII	43241	0	0.5	25
	chrIII	43255	0	0.5	25
	chrIII	43274	0	0.5	25
	chrIII	43285	0	0.5	25
	chrIII	43299	1	0.5	25
	chrIII	43300	0	0.5	25
	chrIII	43304	1	0.5	25
	chrIII	43321	1	0.5	25
	chrIII	43345	1	0.5	25
	chrIII	43349	0	0.5	25
	chrIII	43355	1	0.5	25
	chrIII	43361	0	0.5	25
	chrIII	43383	1	0.5	25
	chrIII	43406	0	0.5	25
	chrIII	43411	1	0.5	25
	chrIII	43415	1	0.5	25
	chrIII	43427	0	0.5	25
	chrIII	43433	0	1.0	25
	chrIII	43439	0	0.5	25
	chrIII	43447	1	0.5	25
	chrIII	43452	1	0.5	25
	chrIII	43491	0	0.5	25
	chrIII	43500	1	0.5	25
	chrIII	43502	1	0.5	25
	chrIII	43522	0	0.5	25
	chrIII	43523	0	0.5	25
	chrIII	43541	1	0.5	25
	chrIII	43560	0	0.5	25
	chrIII	43560	1	0.5	25
	chrIII	43581	1	0.5	25
	chrIII	43591	1	0.5	25
	chrIII	43597	0	0.5	25
	chrIII	43606	1	0.5	25
	chrIII	43612	1	0.5	25
	chrIII	43615	0	0.5	25
	chrIII	43620	0	0.5	25
	chrIII	43621	0	0.5	25
	chrIII	43641	0	1.0	25
	chrIII	43649	1	0.5	25
	chrIII	43666	0	0.5	25
	chrIII	43671	0	0.5	25
	chrIII	43679	0	1.0	25
	chrIII	43699	1	0.5	25
	chrIII	43702	0	0.5	25
	chrIII	43703	0	0.5	25
	chrIII	43727	0	0.5	25
	chrIII	43729	1	0.5	25
	chrIII	43736	0	0.5	25
	chrIII	43745	1	0.5	25
	chrIII	43754	1	1.0	25
	chrIII	43759	1	0.5	25
	chrIII	43767	1	0.5	25
	chrIII	43770	1	0.5	25
	chrIII	43772	0	0.5	25
	chrIII	43785	1	0.5	25
	chrIII	43795	1	1.0	25
	chrIII	43800	1	0.5	25
	chrIII	43802	0	0.5	25
	chrIII	43833	1	0.5	25
	chrIII	43842	0	1.0	25
	chrIII	43843	0	0.5	25
	chrIII	43844	1	0.5	25
	chrIII	43849	0	0.5	25
	chrIII	43860	1	0.5	25
	chrIII	43883	1	0.5	25
	chrIII	43890	1	0.5	25
	chrIII	43910	0	0.5	25
	chrIII	43926	0	0.5	25
	chrIII	43944	1	0.5	25
	chrIII	43979	0	1.0	25
	chrIII	43986	1	0.5	25
	chrIII	43995	0	0.5	25
	chrIII	44030	1	0.5	25
	chrIII	44031	1	1.0	25
	chrIII	44036	0	0.5	25
	chrIII	44042	0	0.5	25
	chrIII	44049	0	0.5	25
	chrIII	44098	0	0.5	25
	chrIII	44112	0	0.5	25
	chrIII	44121	0	0.5	25
	chrIII	44123	1	0.5	25
	chrIII	44126	1	0.5	25
	chrIII	44141	1	0.5	25
	chrIII	44168	1	0.5	25
	chrIII	44199	0	0.5	25
	chrIII	44209	1	1.0	25
	chrIII	44226	1	0.5	25
	chrIII	44227	1	0.5	25
	chrIII	44245	0	0.5	25
	chrIII	44255	1	0.5	25
	chrIII	44263	1	0.5	25
	chrIII	44295	1	0.5	25
	chrIII	44298	0	0.5	25
	chrIII	44326	0	0.5	25
	chrIII	44329	0	0.5	25
	chrIII	44338	0	0.5	25
	chrIII	44350	0	0.5	25
	chrIII	44369	0	0.5	25
	chrIII	44370	0	0.5	25
	chrIII	44382	1	0.5	25
	chrIII	44393	1	0.5	25
	chrIII	44394	0	0.5	25
	chrIII	44403	1	0.5	25
	chrIII	44404	0	0.5	25
	chrIII	44411	0	1.0	25
	chrIII	44425	0	0.5	25
	chrIII	44432	1	0.5	25
	chrIII	44435	1	0.5	25
	chrIII	44442	1	0.5	25
	chrIII	44447	0	0.5	25
	chrIII	44447	1	0.5	25
	chrIII	44449	0	0.5	25
	chrIII	44463	1	1.0	25
	chrIII	44464	0	0.5	25
	chrIII	44475	0	0.5	25
	chrIII	44488	1	1.0	25
	chrIII	44491	1	0.5	25
	chrIII	44510	1	1.0	25
	chrIII	44511	1	0.5	25
	chrIII	44512	0	0.5	25
	chrIII	44513	0	1.0	25
	chrIII	44514	0	0.5	25
	chrIII	44516	0	0.5	25
	chrIII	44527	1	0.5	25
	chrIII	44535	0	0.5	25
	chrIII	44573	1	0.5	25
	chrIII	44598	1	0.5	25
	chrIII	44601	1	0.5	25
	chrIII	44602	1	0.5	25
	chrIII	44608	0	0.5	25
	chrIII	44613	0	1.0	25
	chrIII	44616	1	0.5	25
	chrIII	44617	0	1.0	25
	chrIII	44628	0	0.5	25
	chrIII	44645	1	0.5	25
	chrIII	44656	1	0.5	25
	chrIII	44657	1	0.5	25
	chrIII	44683	1	0.5	25
	chrIII	44689	1	0.5	25
	chrIII	44709	1	1.0	25
	chrIII	44713	0	0.5	25
	chrIII	44749	0	0.5	25
	chrIII	44773	0	0.5	25
	chrIII	44784	0	1.0	25
	chrIII	44809	1	0.5	25
	chrIII	44824	1	0.5	25
	chrIII	44829	1	0.5	25
	chrIII	44881	0	0.5	25
	chrIII	44890	0	0.5	25
	chrIII	44908	0	0.5	25
	chrIII	44915	0	0.5	25
	chrIII	44936	1	0.5	25
	chrIII	44938	1	0.5	25
	chrIII	44953	0	0.5	25
	chrIII	44962	0	0.5	25
	chrIII	44979	0	0.5	25
	chrIII	44984	1	0.5	25
	chrIII	44985	1	1.0	25
	chrIII	45023	1	0.5	25
	chrIII	45026	1	0.5	25
	chrIII	45028	0	0.5	25
	chrIII	45032	0	2.0	25
	chrIII	45075	0	0.5	25
	chrIII	45086	1	0.5	25
	chrIII	45088	1	0.5	25
	chrIII	45106	0	0.5	25
	chrIII	45112	1	0.5	25
	chrIII	45115	1	1.5	25
	chrIII	45119	0	0.5	25
	chrIII	45134	1	0.5	25
	chrIII	45143	1	0.5	25
	chrIII	45192	1	0.5	25
	chrIII	45216	1	0.5	25
	chrIII	45217	0	0.5	25
	chrIII	45219	0	1.0	25
	chrIII	45223	0	0.5	25
	chrIII	45232	0	0.5	25
	chrIII	45247	0	1.0	25
	chrIII	45269	0	0.5	25
	chrIII	45287	1	0.5	25
	chrIII	45303	1	1.0	25
	chrIII	45304	0	0.5	25
	chrIII	45304	1	0.5	25
	chrIII	45329	1	0.5	25
	chrIII	45342	1	0.5	25
	chrIII	45364	1	0.5	25
	chrIII	45394	0	0.5	25
	chrIII	45397	0	1.5	25
	chrIII	45406	0	0.5	25
	chrIII	45429	0	0.5	25
	chrIII	45435	1	1.0	25
	chrIII	45450	1	0.5	25
	chrIII	45451	0	0.5	25
	chrIII	45452	0	0.5	25
	chrIII	45452	1	1.0	25
	chrIII	45453	0	0.5	25
	chrIII	45480	0	0.5	25
	chrIII	45485	1	0.5	25
	chrIII	45493	1	0.5	25
	chrIII	45516	1	1.0	25
	chrIII	45517	0	0.5	25
	chrIII	45518	1	0.5	25
	chrIII	45520	1	0.5	25
	chrIII	45522	0	0.5	25
	chrIII	45535	0	0.5	25
	chrIII	45547	0	0.5	25
	chrIII	45553	1	0.5	25
	chrIII	45560	1	0.5	25
	chrIII	45582	1	0.5	25
	chrIII	45584	0	0.5	25
	chrIII	45586	0	0.5	25
	chrIII	45591	0	0.5	25
	chrIII	45619	1	0.5	25
	chrIII	45634	0	0.5	25
	chrIII	45636	1	0.5	25
	chrIII	45639	0	0.5	25
	chrIII	45658	1	0.5	25
	chrIII	45659	0	0.5	25
	chrIII	45661	1	0.5	25
	chrIII	45711	1	0.5	25
	chrIII	45714	0	0.5	25
	chrIII	45740	1	0.5	25
	chrIII	45751	1	0.5	25
	chrIII	45754	0	0.5	25
	chrIII	45757	0	0.5	25
	chrIII	45790	1	0.5	25
	chrIII	45804	0	0.5	25
	chrIII	45805	1	0.5	25
	chrIII	45823	0	0.5	25
	chrIII	45825	1	0.5	25
	chrIII	45843	0	0.5	25
	chrIII	45844	1	0.5	25
	chrIII	45873	1	0.5	25
	chrIII	45878	0	0.5	25
	chrIII	45902	1	0.5	25
	chrIII	45924	0	0.5	25
	chrIII	45961	0	1.0	25
	chrIII	45964	1	0.5	25
	chrIII	46030	0	0.5	25
	chrIII	46038	1	1.0	25
	chrIII	46046	1	0.5	25
	chrIII	46048	0	0.5	25
	chrIII	46068	1	0.5	25
	chrIII	46076	0	0.5	25
	chrIII	46085	0	0.5	25
	chrIII	46093	0	0.5	25
	chrIII	46128	1	0.5	25
	chrIII	46142	1	0.5	25
	chrIII	46143	1	0.5	25
	chrIII	46163	0	0.5	25
	chrIII	46168	1	0.5	25
	chrIII	46171	0	0.5	25
	chrIII	46173	0	0.5	25
	chrIII	46187	0	0.5	25
	chrIII	46216	0	0.5	25
	chrIII	46233	1	0.5	25
	chrIII	46240	1	0.5	25
	chrIII	46246	1	0.5	25
	chrIII	46250	0	0.5	25
	chrIII	46255	0	0.5	25
	chrIII	46264	1	0.5	25
	chrIII	46265	0	0.5	25
	chrIII	46275	1	0.5	25
	chrIII	46280	0	0.5	25
	chrIII	46285	1	0.5	25
	chrIII	46315	1	0.5	25
	chrIII	46324	1	0.5	25
	chrIII	46345	1	0.5	25
	chrIII	46350	0	0.5	25
	chrIII	46381	1	0.5	25
	chrIII	46384	0	0.5	25
	chrIII	46401	0	0.5	25
	chrIII	46403	1	0.5	25
	chrIII	46455	0	0.5	25
	chrIII	46465	0	0.5	25
	chrIII	46469	0	0.5	25
	chrIII	46473	1	0.5	25
	chrIII	46484	0	0.5	25
	chrIII	46485	0	0.5	25
	chrIII	46521	1	1.0	25
	chrIII	46531	1	0.5	25
	chrIII	46537	1	0.5	23
	chrIII	46549	0	1.0	25
	chrIII	46555	1	0.5	25
	chrIII	46582	0	0.5	25
	chrIII	46617	1	0.5	25
	chrIII	46620	1	0.5	25
	chrIII	46625	0	0.5	25
	chrIII	46626	1	0.5	25
	chrIII	46640	0	1.0	25
	chrIII	46647	0	0.5	25
	chrIII	46659	1	0.5	25
	chrIII	46666	0	0.5	25
	chrIII	46675	1	0.5	25
	chrIII	46702	1	0.5	25
	chrIII	46704	0	0.5	25
	chrIII	46713	0	1.0	25
	chrIII	46715	0	0.5	25
	chrIII	46735	0	0.5	25
	chrIII	46765	0	0.5	25
	chrIII	46786	1	0.5	25
	chrIII	46792	0	0.5	25
	chrIII	46807	1	1.0	25
	chrIII	46811	0	0.5	25
	chrIII	46814	0	0.5	25
	chrIII	46815	0	0.5	25
	chrIII	46821	1	1.0	25
	chrIII	46828	0	0.5	25
	chrIII	46830	0	0.5	25
	chrIII	46833	0	0.5	25
	chrIII	46847	1	0.5	25
	chrIII	46853	1	0.5	25
	chrIII	46854	0	0.5	25
	chrIII	46855	1	0.5	25
	chrIII	46865	0	1.0	25
	chrIII	46871	0	0.5	25
	chrIII	46886	0	0.5	25
	chrIII	46890	1	0.5	25
	chrIII	46897	1	0.5	25
	chrIII	46899	1	0.5	25
	chrIII	46911	0	0.5	25
	chrIII	46927	1	0.5	25
	chrIII	46929	0	0.5	25
	chrIII	46940	0	0.5	25
	chrIII	46940	1	0.5	25
	chrIII	46950	0	0.5	25
	chrIII	46954	0	0.5	25
	chrIII	46958	1	0.5	25
	chrIII	46972	1	0.5	25
	chrIII	46973	1	1.0	25
	chrIII	46975	0	1.0	25
	chrIII	46978	0	1.0	25
	chrIII	46980	1	1.0	25
	chrIII	46981	0	0.5	25
	chrIII	46982	0	1.0	25
	chrIII	46983	0	0.5	25
	chrIII	46986	0	0.5	25
	chrIII	46987	0	1.0	25
	chrIII	46988	0	0.5	25
	chrIII	46988	1	0.5	25
	chrIII	46989	0	0.5	25
	chrIII	46989	1	0.5	25
	chrIII	46991	0	1.5	25
	chrIII	46992	0	1.0	25
	chrIII	46993	0	2.0	25
	chrIII	46994	0	3.5	25
	chrIII	46995	0	1.0	25
	chrIII	46997	0	1.0	25
	chrIII	47001	0	2.5	25
	chrIII	47001	1	0.5	25
	chrIII	47002	0	4.5	25
	chrIII	47003	0	4.0	25
	chrIII	47004	0	3.0	25
	chrIII	47005	0	1.5	25
	chrIII	47006	0	5.0	25
	chrIII	47008	0	1.5	25
	chrIII	47008	1	0.5	25
	chrIII	47009	0	5.0	25
	chrIII	47009	1	0.5	25
	chrIII	47010	0	2.0	25
	chrIII	47014	0	0.5	25
	chrIII	47019	0	0.5	25
	chrIII	47025	0	0.5	25
	chrIII	47028	0	0.5	25
	chrIII	47028	1	0.5	25
	chrIII	47033	0	2.5	25
	chrIII	47037	0	0.5	25
	chrIII	47038	0	1.0	25
	chrIII	47044	1	1.0	25
	chrIII	47061	0	0.5	25
	chrIII	47066	1	1.5	25
	chrIII	47067	1	0.5	25
	chrIII	47068	1	1.5	25
	chrIII	47069	1	1.0	25
	chrIII	47070	1	0.5	25
	chrIII	47071	1	1.0	25
	chrIII	47072	1	3.0	25
	chrIII	47073	1	2.5	25
	chrIII	47074	0	0.5	25
	chrIII	47074	1	6.5	25
	chrIII	47075	1	1.5	25
	chrIII	47076	1	2.5	25
	chrIII	47077	0	0.5	25
	chrIII	47077	1	7.0	25
	chrIII	47078	1	2.5	25
	chrIII	47082	1	0.5	25
	chrIII	47087	1	1.0	25
	chrIII	47088	1	0.5	25
	chrIII	47093	0	0.5	25
	chrIII	47093	1	7.0	25
	chrIII	47094	1	3.0	25
	chrIII	47095	0	1.0	25
	chrIII	47098	1	1.5	25
	chrIII	47099	0	0.5	25
	chrIII	47101	1	0.5	25
	chrIII	47112	1	0.5	25
	chrIII	47113	0	0.5	25
	chrIII	47113	1	1.0	25
	chrIII	47115	1	0.5	25
	chrIII	47122	1	0.5	25
	chrIII	47130	1	0.5	25
	chrIII	47140	0	0.5	25
	chrIII	47151	1	0.5	25
	chrIII	47152	0	1.0	25
	chrIII	47153	0	0.5	25
	chrIII	47153	1	0.5	25
	chrIII	47174	1	0.5	25
	chrIII	47192	1	0.5	25
	chrIII	47213	0	0.5	25
	chrIII	47224	1	0.5	25
	chrIII	47225	1	0.5	25
	chrIII	47233	1	1.0	25
	chrIII	47239	1	0.5	25
	chrIII	47246	0	0.5	25
	chrIII	47254	1	0.5	25
	chrIII	47261	1	0.5	25
	chrIII	47263	0	0.5	25
	chrIII	47264	1	0.5	25
	chrIII	47268	1	0.5	25
	chrIII	47273	1	0.5	25
	chrIII	47275	0	1.0	25
	chrIII	47283	0	0.5	25
	chrIII	47283	1	0.5	25
	chrIII	47296	0	0.5	25
	chrIII	47298	0	0.5	25
	chrIII	47301	0	0.5	25
	chrIII	47303	1	0.5	25
	chrIII	47304	0	0.5	25
	chrIII	47309	1	0.5	25
	chrIII	47341	1	0.5	25
	chrIII	47355	1	0.5	25
	chrIII	47356	1	0.5	25
	chrIII	47381	0	0.5	25
	chrIII	47392	1	0.5	25
	chrIII	47394	0	0.5	25
	chrIII	47420	0	0.5	25
	chrIII	47423	1	1.5	25
	chrIII	47424	0	0.5	25
	chrIII	47425	1	0.5	25
	chrIII	47428	1	0.5	25
	chrIII	47442	0	0.5	25
	chrIII	47448	0	0.5	25
	chrIII	47464	1	0.5	25
	chrIII	47490	0	0.5	25
	chrIII	47494	0	0.5	25
	chrIII	47496	1	0.5	25
	chrIII	47498	1	0.5	25
	chrIII	47503	0	0.5	25
	chrIII	47506	1	0.5	25
	chrIII	47508	0	0.5	25
	chrIII	47522	1	1.0	25
	chrIII	47534	0	0.5	25
	chrIII	47564	1	0.5	25
	chrIII	47578	1	0.5	25
	chrIII	47583	0	0.5	25
	chrIII	47589	0	0.5	25
	chrIII	47600	1	0.5	25
	chrIII	47605	0	0.5	25
	chrIII	47608	0	0.5	25
	chrIII	47608	1	0.5	25
	chrIII	47619	0	0.5	25
	chrIII	47641	0	0.5	25
	chrIII	47649	0	0.5	25
	chrIII	47652	1	0.5	25
	chrIII	47653	1	0.5	25
	chrIII	47662	1	0.5	25
	chrIII	47673	1	0.5	25
	chrIII	47674	1	0.5	25
	chrIII	47690	1	0.5	25
	chrIII	47698	1	0.5	25
	chrIII	47699	0	0.5	25
	chrIII	47738	1	0.5	25
	chrIII	47740	1	0.5	25
	chrIII	47829	0	0.5	25
	chrIII	47835	1	0.5	25
	chrIII	47841	0	0.5	25
	chrIII	47877	0	0.5	25
	chrIII	47899	1	0.5	25
	chrIII	47904	1	0.5	25
	chrIII	47911	1	0.5	25
	chrIII	47979	0	0.5	25
	chrIII	48023	1	0.5	25
	chrIII	48035	0	0.5	25
	chrIII	48039	0	0.5	25
	chrIII	48051	0	0.5	25
	chrIII	48061	0	0.5	25
	chrIII	48084	0	0.5	25
	chrIII	48097	1	0.5	25
	chrIII	48108	0	0.5	25
	chrIII	48109	0	0.5	25
	chrIII	48119	1	0.5	25
	chrIII	48124	1	0.5	25
	chrIII	48128	0	0.5	25
	chrIII	48129	0	0.5	25
	chrIII	48129	1	1.0	25
	chrIII	48130	0	0.5	25
	chrIII	48144	0	0.5	25
	chrIII	48178	1	0.5	25
	chrIII	48183	0	0.5	25
	chrIII	48185	0	1.0	25
	chrIII	48186	0	0.5	25
	chrIII	48193	0	0.5	25
	chrIII	48197	0	1.0	25
	chrIII	48205	1	0.5	25
	chrIII	48223	1	0.5	25
	chrIII	48236	1	1.0	25
	chrIII	48241	0	0.5	25
	chrIII	48243	1	1.0	25
	chrIII	48254	0	0.5	25
	chrIII	48258	1	0.5	25
	chrIII	48261	1	0.5	25
	chrIII	48272	0	0.5	25
	chrIII	48280	1	1.0	25
	chrIII	48283	0	0.5	25
	chrIII	48305	1	0.5	25
	chrIII	48317	0	0.5	25
	chrIII	48318	1	0.5	25
	chrIII	48325	1	0.5	25
	chrIII	48327	1	0.5	25
	chrIII	48372	0	0.5	25
	chrIII	48425	0	0.5	25
	chrIII	48426	0	1.0	25
	chrIII	48427	0	0.5	25
	chrIII	48434	0	0.5	25
	chrIII	48447	1	0.5	25
	chrIII	48451	0	0.5	25
	chrIII	48453	0	0.5	25
	chrIII	48456	0	0.5	25
	chrIII	48459	0	0.5	25
	chrIII	48470	0	1.0	25
	chrIII	48475	0	0.5	25
	chrIII	48476	0	0.5	25
	chrIII	48476	1	0.5	25
	chrIII	48478	1	0.5	25
	chrIII	48479	0	1.5	25
	chrIII	48480	0	1.0	25
	chrIII	48481	0	1.5	25
	chrIII	48482	0	1.5	25
	chrIII	48483	0	1.5	25
	chrIII	48499	0	0.5	25
	chrIII	48503	1	1.5	25
	chrIII	48509	0	2.0	25
	chrIII	48509	1	3.5	25
	chrIII	48510	0	6.0	25
	chrIII	48511	0	4.5	25
	chrIII	48515	0	0.5	25
	chrIII	48527	0	0.5	25
	chrIII	48535	1	3.0	25
	chrIII	48536	0	1.5	25
	chrIII	48536	1	0.5	25
	chrIII	48537	0	0.5	25
	chrIII	48547	1	1.0	25
	chrIII	48548	1	1.5	25
	chrIII	48549	1	1.0	25
	chrIII	48550	0	0.5	25
	chrIII	48555	1	0.5	25
	chrIII	48556	1	0.5	25
	chrIII	48559	1	0.5	25
	chrIII	48561	0	0.5	25
	chrIII	48569	1	0.5	25
	chrIII	48570	1	2.5	25
	chrIII	48573	1	0.5	25
	chrIII	48574	1	0.5	25
	chrIII	48576	1	0.5	25
	chrIII	48577	0	0.5	25
	chrIII	48578	1	1.0	25
	chrIII	48579	0	0.5	25
	chrIII	48579	1	0.5	25
	chrIII	48580	1	0.5	25
	chrIII	48586	1	0.5	25
	chrIII	48591	1	0.5	25
	chrIII	48592	0	1.0	25
	chrIII	48596	1	0.5	25
	chrIII	48602	1	0.5	23
	chrIII	48602	1	4.0	25
	chrIII	48605	0	0.5	25
	chrIII	48613	1	1.0	25
	chrIII	48614	1	2.5	25
	chrIII	48617	0	0.5	25
	chrIII	48618	1	0.5	25
	chrIII	48630	0	0.5	25
	chrIII	48636	0	0.5	25
	chrIII	48653	0	0.5	25
	chrIII	48653	1	1.0	25
	chrIII	48654	0	0.5	25
	chrIII	48656	1	0.5	25
	chrIII	48667	1	0.5	25
	chrIII	48695	1	0.5	25
	chrIII	48702	1	0.5	25
	chrIII	48709	1	1.0	25
	chrIII	48714	1	0.5	25
	chrIII	48716	0	0.5	25
	chrIII	48740	1	0.5	25
	chrIII	48750	1	0.5	25
	chrIII	48751	0	0.5	25
	chrIII	48774	1	0.5	25
	chrIII	48776	1	0.5	25
	chrIII	48804	0	1.0	25
	chrIII	48816	0	0.5	25
	chrIII	48831	1	0.5	25
	chrIII	48856	0	0.5	25
	chrIII	48858	0	0.5	25
	chrIII	48872	1	0.5	25
	chrIII	48882	0	0.5	25
	chrIII	48884	1	0.5	25
	chrIII	48894	1	0.5	25
	chrIII	48898	0	0.5	25
	chrIII	48911	0	0.5	25
	chrIII	48913	0	0.5	25
	chrIII	48922	1	0.5	25
	chrIII	48930	1	0.5	25
	chrIII	48955	0	0.5	25
	chrIII	48957	0	1.0	25
	chrIII	48963	0	0.5	25
	chrIII	48971	1	0.5	25
	chrIII	48972	1	0.5	25
	chrIII	48976	0	0.5	25
	chrIII	48980	0	0.5	25
	chrIII	48991	0	1.0	25
	chrIII	49017	1	0.5	25
	chrIII	49023	1	0.5	25
	chrIII	49033	1	0.5	25
	chrIII	49066	0	0.5	25
	chrIII	49069	0	0.5	25
	chrIII	49071	0	0.5	25
	chrIII	49073	0	0.5	25
	chrIII	49081	0	1.5	25
	chrIII	49083	1	1.0	25
	chrIII	49104	1	1.0	25
	chrIII	49108	1	0.5	25
	chrIII	49113	1	0.5	25
	chrIII	49118	1	0.5	25
	chrIII	49119	0	0.5	25
	chrIII	49119	1	1.0	25
	chrIII	49137	1	0.5	25
	chrIII	49156	0	0.5	25
	chrIII	49161	1	1.0	25
	chrIII	49178	0	1.0	25
	chrIII	49178	1	0.5	25
	chrIII	49180	0	1.0	25
	chrIII	49183	1	0.5	25
	chrIII	49195	0	0.5	25
	chrIII	49248	1	1.0	25
	chrIII	49250	0	0.5	25
	chrIII	49253	1	0.5	25
	chrIII	49293	1	1.0	25
	chrIII	49306	0	0.5	25
	chrIII	49315	1	0.5	25
	chrIII	49346	1	0.5	25
	chrIII	49412	1	0.5	25
	chrIII	49428	1	0.5	25
	chrIII	49442	0	0.5	25
	chrIII	49470	0	0.5	25
	chrIII	49483	0	0.5	25
	chrIII	49507	0	0.5	25
	chrIII	49535	0	0.5	25
	chrIII	49555	1	1.0	25
	chrIII	49559	1	0.5	25
	chrIII	49561	0	0.5	25
	chrIII	49566	1	0.5	25
	chrIII	49576	0	0.5	24
	chrIII	49576	0	1.0	25
	chrIII	49585	0	0.5	25
	chrIII	49634	1	0.5	25
	chrIII	49637	0	0.5	25
	chrIII	49646	0	1.0	25
	chrIII	49664	1	1.5	25
	chrIII	49697	1	0.5	25
	chrIII	49711	0	0.5	25
	chrIII	49716	1	1.0	25
	chrIII	49734	0	0.5	25
	chrIII	49752	0	0.5	25
	chrIII	49753	1	0.5	25
	chrIII	49754	0	0.5	25
	chrIII	49759	1	0.5	25
	chrIII	49773	1	0.5	25
	chrIII	49787	0	0.5	25
	chrIII	49816	1	0.5	25
	chrIII	49817	1	0.5	25
	chrIII	49853	1	0.5	25
	chrIII	49854	0	0.5	25
	chrIII	49856	0	0.5	25
	chrIII	49866	1	0.5	25
	chrIII	49871	0	0.5	25
	chrIII	49904	0	1.0	25
	chrIII	49907	0	0.5	25
	chrIII	49911	1	0.5	25
	chrIII	49931	0	1.0	25
	chrIII	49934	1	0.5	25
	chrIII	49953	0	0.5	25
	chrIII	49954	0	0.5	25
	chrIII	49958	1	0.5	25
	chrIII	49964	0	0.5	25
	chrIII	49981	1	0.5	25
	chrIII	49988	1	0.5	25
	chrIII	49995	0	0.5	25
	chrIII	50010	1	0.5	25
	chrIII	50019	1	0.5	25
	chrIII	50026	1	0.5	25
	chrIII	50029	1	0.5	25
	chrIII	50046	0	0.5	25
	chrIII	50055	0	0.5	25
	chrIII	50071	0	0.5	25
	chrIII	50078	0	0.5	25
	chrIII	50092	1	0.5	25
	chrIII	50132	1	0.5	25
	chrIII	50150	1	0.5	25
	chrIII	50151	0	0.5	25
	chrIII	50154	0	0.5	25
	chrIII	50176	1	0.5	25
	chrIII	50195	1	0.5	25
	chrIII	50202	0	0.5	25
	chrIII	50233	1	0.5	25
	chrIII	50235	1	0.5	25
	chrIII	50245	1	0.5	25
	chrIII	50248	0	0.5	25
	chrIII	50262	0	0.5	25
	chrIII	50268	0	0.5	25
	chrIII	50275	1	0.5	25
	chrIII	50276	0	0.5	25
	chrIII	50318	1	0.5	25
	chrIII	50324	1	0.5	25
	chrIII	50325	1	0.5	25
	chrIII	50326	1	0.5	25
	chrIII	50342	0	0.5	25
	chrIII	50350	0	0.5	25
	chrIII	50357	0	1.0	25
	chrIII	50358	1	0.5	25
	chrIII	50361	0	0.5	25
	chrIII	50402	1	1.0	25
	chrIII	50403	0	0.5	25
	chrIII	50405	0	0.5	25
	chrIII	50430	1	0.5	25
	chrIII	50431	0	0.5	25
	chrIII	50432	0	0.5	25
	chrIII	50432	1	0.5	25
	chrIII	50434	1	0.5	25
	chrIII	50435	0	0.5	25
	chrIII	50443	0	0.5	25
	chrIII	50445	0	0.5	25
	chrIII	50450	0	1.0	25
	chrIII	50458	0	0.5	25
	chrIII	50478	0	0.5	25
	chrIII	50492	1	0.5	25
	chrIII	50493	1	1.0	25
	chrIII	50495	0	0.5	25
	chrIII	50498	1	0.5	25
	chrIII	50502	1	0.5	25
	chrIII	50504	0	0.5	25
	chrIII	50505	1	0.5	25
	chrIII	50512	0	0.5	25
	chrIII	50514	1	0.5	25
	chrIII	50520	1	0.5	25
	chrIII	50521	1	0.5	25
	chrIII	50537	1	0.5	25
	chrIII	50561	1	0.5	25
	chrIII	50568	0	0.5	25
	chrIII	50569	0	0.5	25
	chrIII	50572	1	0.5	25
	chrIII	50574	0	0.5	25
	chrIII	50582	0	0.5	25
	chrIII	50583	0	0.5	25
	chrIII	50585	0	0.5	25
	chrIII	50589	1	0.5	25
	chrIII	50602	0	0.5	25
	chrIII	50606	0	0.5	25
	chrIII	50628	0	1.0	25
	chrIII	50628	1	0.5	25
	chrIII	50630	1	0.5	25
	chrIII	50639	1	0.5	25
	chrIII	50655	0	0.5	25
	chrIII	50655	1	0.5	25
	chrIII	50659	1	0.5	25
	chrIII	50660	1	0.5	25
	chrIII	50663	0	0.5	25
	chrIII	50664	0	0.5	25
	chrIII	50678	0	0.5	25
	chrIII	50680	0	0.5	25
	chrIII	50717	1	1.5	25
	chrIII	50734	1	1.0	25
	chrIII	50744	1	0.5	25
	chrIII	50759	0	0.5	25
	chrIII	50784	0	0.5	25
	chrIII	50784	1	0.5	25
	chrIII	50808	1	0.5	25
	chrIII	50816	0	0.5	25
	chrIII	50817	0	0.5	25
	chrIII	50819	1	0.5	25
	chrIII	50822	0	0.5	25
	chrIII	50833	0	0.5	25
	chrIII	50837	1	0.5	25
	chrIII	50848	1	0.5	25
	chrIII	50860	0	1.0	25
	chrIII	50869	0	0.5	25
	chrIII	50879	0	0.5	25
	chrIII	50884	1	0.5	25
	chrIII	50912	0	0.5	25
	chrIII	50929	0	1.0	25
	chrIII	50934	1	0.5	25
	chrIII	50949	1	0.5	25
	chrIII	50951	1	0.5	25
	chrIII	50978	0	0.5	25
	chrIII	50987	1	0.5	25
	chrIII	50997	0	0.5	25
	chrIII	51003	0	0.5	25
	chrIII	51015	1	1.0	25
	chrIII	51023	1	0.5	25
	chrIII	51026	0	0.5	25
	chrIII	51026	1	0.5	25
	chrIII	51027	0	0.5	25
	chrIII	51033	0	0.5	25
	chrIII	51051	0	0.5	25
	chrIII	51052	1	0.5	25
	chrIII	51074	1	0.5	25
	chrIII	51079	1	0.5	25
	chrIII	51083	0	0.5	25
	chrIII	51101	1	0.5	25
	chrIII	51118	1	0.5	25
	chrIII	51129	1	0.5	25
	chrIII	51131	0	1.0	25
	chrIII	51142	0	0.5	25
	chrIII	51143	1	0.5	25
	chrIII	51163	0	1.0	25
	chrIII	51166	0	0.5	25
	chrIII	51190	1	1.0	25
	chrIII	51191	0	1.5	25
	chrIII	51197	0	0.5	25
	chrIII	51222	1	0.5	25
	chrIII	51223	1	1.0	25
	chrIII	51229	1	0.5	25
	chrIII	51240	0	0.5	25
	chrIII	51252	1	1.0	25
	chrIII	51253	1	0.5	25
	chrIII	51254	1	0.5	25
	chrIII	51255	0	1.5	25
	chrIII	51256	0	0.5	25
	chrIII	51256	1	0.5	25
	chrIII	51259	0	0.5	25
	chrIII	51280	0	0.5	25
	chrIII	51280	1	1.0	25
	chrIII	51309	1	1.0	25
	chrIII	51322	1	0.5	25
	chrIII	51347	1	0.5	25
	chrIII	51356	1	0.5	25
	chrIII	51383	1	0.5	25
	chrIII	51396	0	0.5	25
	chrIII	51433	0	0.5	25
	chrIII	51442	0	0.5	25
	chrIII	51459	0	0.5	25
	chrIII	51461	1	0.5	25
	chrIII	51473	1	1.0	25
	chrIII	51502	1	0.5	25
	chrIII	51519	0	0.5	25
	chrIII	51523	0	0.5	25
	chrIII	51539	1	0.5	25
	chrIII	51545	0	0.5	25
	chrIII	51553	0	0.5	25
	chrIII	51566	0	0.5	25
	chrIII	51582	0	0.5	25
	chrIII	51601	1	0.5	25
	chrIII	51611	1	1.5	25
	chrIII	51612	0	0.5	25
	chrIII	51616	0	0.5	25
	chrIII	51620	0	0.5	25
	chrIII	51626	1	0.5	25
	chrIII	51634	1	0.5	25
	chrIII	51670	0	0.5	25
	chrIII	51673	1	0.5	25
	chrIII	51695	1	0.5	25
	chrIII	51740	1	0.5	25
	chrIII	51741	0	0.5	25
	chrIII	51743	1	0.5	25
	chrIII	51786	0	0.5	25
	chrIII	51812	1	0.5	25
	chrIII	51832	0	0.5	25
	chrIII	51848	1	0.5	25
	chrIII	51881	1	0.5	25
	chrIII	51932	1	0.5	25
	chrIII	51998	0	0.5	25
	chrIII	52011	0	0.5	25
	chrIII	52012	0	1.0	25
	chrIII	52058	0	0.5	25
	chrIII	52082	1	0.5	25
	chrIII	52083	0	0.5	25
	chrIII	52083	1	0.5	25
	chrIII	52095	1	0.5	25
	chrIII	52096	0	0.5	25
	chrIII	52110	0	0.5	25
	chrIII	52113	0	0.5	25
	chrIII	52113	1	0.5	25
	chrIII	52143	0	1.5	25
	chrIII	52144	1	0.5	25
	chrIII	52146	1	0.5	25
	chrIII	52149	1	0.5	25
	chrIII	52160	0	0.5	25
	chrIII	52169	1	0.5	25
	chrIII	52197	1	0.5	25
	chrIII	52202	0	0.5	25
	chrIII	52236	1	0.5	25
	chrIII	52237	1	0.5	25
	chrIII	52241	1	0.5	25
	chrIII	52246	1	0.5	25
	chrIII	52252	0	0.5	25
	chrIII	52267	0	1.0	25
	chrIII	52270	0	0.5	25
	chrIII	52273	0	0.5	25
	chrIII	52280	1	0.5	25
	chrIII	52285	0	0.5	25
	chrIII	52289	0	1.0	25
	chrIII	52302	0	0.5	25
	chrIII	52323	1	0.5	25
	chrIII	52334	0	0.5	25
	chrIII	52347	1	0.5	25
	chrIII	52363	1	1.0	25
	chrIII	52380	0	0.5	25
	chrIII	52382	1	1.0	25
	chrIII	52411	0	0.5	24
	chrIII	52416	0	0.5	25
	chrIII	52417	0	0.5	25
	chrIII	52422	0	0.5	25
	chrIII	52434	1	0.5	25
	chrIII	52435	0	0.5	25
	chrIII	52436	0	1.0	25
	chrIII	52437	0	0.5	25
	chrIII	52439	0	0.5	25
	chrIII	52441	0	0.5	25
	chrIII	52443	0	1.0	25
	chrIII	52447	0	1.5	25
	chrIII	52450	0	1.0	25
	chrIII	52451	1	0.5	25
	chrIII	52452	0	0.5	25
	chrIII	52456	0	0.5	25
	chrIII	52463	0	1.0	25
	chrIII	52463	1	0.5	25
	chrIII	52464	0	1.5	25
	chrIII	52465	0	1.0	25
	chrIII	52472	1	0.5	25
	chrIII	52476	0	0.5	25
	chrIII	52477	0	0.5	25
	chrIII	52478	0	0.5	24
	chrIII	52478	0	1.5	25
	chrIII	52480	0	0.5	25
	chrIII	52480	1	0.5	25
	chrIII	52481	0	0.5	25
	chrIII	52481	1	0.5	25
	chrIII	52482	0	1.0	25
	chrIII	52485	0	1.0	25
	chrIII	52486	0	2.0	25
	chrIII	52492	0	0.5	25
	chrIII	52496	0	0.5	25
	chrIII	52498	0	0.5	25
	chrIII	52499	1	1.0	25
	chrIII	52500	0	2.5	25
	chrIII	52500	1	1.0	25
	chrIII	52501	0	0.5	25
	chrIII	52501	1	1.5	25
	chrIII	52502	0	0.5	25
	chrIII	52503	0	1.0	25
	chrIII	52503	1	1.0	25
	chrIII	52504	0	0.5	25
	chrIII	52506	0	0.5	25
	chrIII	52511	0	0.5	25
	chrIII	52514	0	0.5	25
	chrIII	52515	0	1.0	25
	chrIII	52520	1	0.5	25
	chrIII	52527	1	0.5	25
	chrIII	52529	1	0.5	25
	chrIII	52530	0	1.5	25
	chrIII	52535	1	0.5	25
	chrIII	52536	1	0.5	25
	chrIII	52537	0	0.5	25
	chrIII	52537	1	0.5	25
	chrIII	52538	0	1.5	25
	chrIII	52538	1	3.0	25
	chrIII	52539	0	0.5	25
	chrIII	52540	0	1.0	25
	chrIII	52548	1	0.5	25
	chrIII	52555	1	1.0	25
	chrIII	52556	1	0.5	25
	chrIII	52557	1	1.0	25
	chrIII	52558	0	0.5	25
	chrIII	52558	1	0.5	25
	chrIII	52565	1	1.5	25
	chrIII	52566	0	0.5	25
	chrIII	52569	1	6.5	25
	chrIII	52570	0	0.5	25
	chrIII	52578	1	0.5	25
	chrIII	52579	1	1.5	25
	chrIII	52580	1	3.0	25
	chrIII	52581	0	0.5	25
	chrIII	52581	1	5.0	25
	chrIII	52582	1	1.0	25
	chrIII	52583	0	0.5	25
	chrIII	52592	0	0.5	25
	chrIII	52607	0	0.5	25
	chrIII	52626	0	0.5	25
	chrIII	52639	1	1.0	25
	chrIII	52696	0	0.5	25
	chrIII	52702	1	0.5	25
	chrIII	52703	1	0.5	25
	chrIII	52729	1	0.5	25
	chrIII	52733	0	0.5	25
	chrIII	52740	1	0.5	25
	chrIII	52743	1	0.5	25
	chrIII	52744	1	0.5	25
	chrIII	52754	1	0.5	25
	chrIII	52763	1	0.5	25
	chrIII	52764	1	0.5	25
	chrIII	52777	1	0.5	25
	chrIII	52799	0	0.5	25
	chrIII	52810	0	0.5	25
	chrIII	52825	0	0.5	25
	chrIII	52855	0	0.5	25
	chrIII	52859	1	0.5	25
	chrIII	52877	1	0.5	25
	chrIII	52879	1	0.5	25
	chrIII	52880	0	0.5	25
	chrIII	52887	0	0.5	25
	chrIII	52895	0	0.5	25
	chrIII	52919	1	0.5	25
	chrIII	52920	1	0.5	25
	chrIII	52936	0	0.5	25
	chrIII	52944	1	0.5	25
	chrIII	52950	0	0.5	25
	chrIII	52952	1	0.5	25
	chrIII	53006	0	0.5	25
	chrIII	53006	1	0.5	25
	chrIII	53021	0	0.5	25
	chrIII	53026	1	0.5	25
	chrIII	53058	1	1.0	25
	chrIII	53099	1	0.5	25
	chrIII	53108	0	1.0	25
	chrIII	53128	0	0.5	25
	chrIII	53141	0	0.5	24
	chrIII	53141	0	0.5	25
	chrIII	53159	0	0.5	25
	chrIII	53180	1	1.0	25
	chrIII	53203	1	1.0	25
	chrIII	53207	0	0.5	25
	chrIII	53229	1	0.5	25
	chrIII	53237	0	1.0	25
	chrIII	53276	0	0.5	25
	chrIII	53346	1	1.0	25
	chrIII	53348	1	0.5	25
	chrIII	53380	0	0.5	25
	chrIII	53389	0	0.5	25
	chrIII	53394	1	0.5	25
	chrIII	53426	0	0.5	25
	chrIII	53436	1	0.5	25
	chrIII	53437	1	0.5	25
	chrIII	53449	0	0.5	25
	chrIII	53477	1	0.5	25
	chrIII	53500	0	0.5	25
	chrIII	53509	0	0.5	25
	chrIII	53520	1	0.5	25
	chrIII	53552	1	0.5	25
	chrIII	53560	1	0.5	25
	chrIII	53584	0	0.5	25
	chrIII	53593	0	0.5	25
	chrIII	53607	0	0.5	25
	chrIII	53630	1	0.5	25
	chrIII	53647	0	0.5	25
	chrIII	53648	0	0.5	25
	chrIII	53653	1	0.5	25
	chrIII	53657	1	0.5	25
	chrIII	53679	0	0.5	25
	chrIII	53706	1	0.5	25
	chrIII	53707	0	0.5	25
	chrIII	53724	1	0.5	25
	chrIII	53730	0	1.5	25
	chrIII	53734	1	0.5	25
	chrIII	53738	0	0.5	25
	chrIII	53750	1	0.5	25
	chrIII	53775	0	0.5	25
	chrIII	53810	0	0.5	25
	chrIII	53831	0	1.0	25
	chrIII	53856	0	0.5	25
	chrIII	53863	0	0.5	25
	chrIII	53869	1	1.5	25
	chrIII	53872	1	0.5	25
	chrIII	53883	1	0.5	25
	chrIII	53892	1	0.5	25
	chrIII	53909	1	0.5	25
	chrIII	53918	1	0.5	25
	chrIII	53934	1	0.5	25
	chrIII	53959	0	0.5	25
	chrIII	53985	1	1.0	25
	chrIII	54027	1	0.5	25
	chrIII	54072	0	0.5	25
	chrIII	54127	1	0.5	25
	chrIII	54129	0	0.5	25
	chrIII	54137	0	0.5	25
	chrIII	54158	0	1.0	25
	chrIII	54179	1	0.5	25
	chrIII	54211	1	0.5	25
	chrIII	54213	0	0.5	25
	chrIII	54240	0	0.5	25
	chrIII	54250	0	0.5	25
	chrIII	54250	1	0.5	25
	chrIII	54270	0	0.5	25
	chrIII	54297	0	0.5	25
	chrIII	54324	1	0.5	25
	chrIII	54342	1	0.5	25
	chrIII	54369	0	0.5	25
	chrIII	54372	1	0.5	25
	chrIII	54376	1	0.5	25
	chrIII	54385	0	1.0	25
	chrIII	54405	0	1.0	25
	chrIII	54428	1	0.5	25
	chrIII	54433	0	0.5	25
	chrIII	54445	0	0.5	25
	chrIII	54458	1	1.0	25
	chrIII	54460	0	0.5	25
	chrIII	54471	1	1.0	25
	chrIII	54479	1	1.0	25
	chrIII	54500	1	0.5	25
	chrIII	54526	0	0.5	25
	chrIII	54541	0	0.5	25
	chrIII	54553	0	1.0	25
	chrIII	54563	1	0.5	25
	chrIII	54630	1	1.0	25
	chrIII	54631	0	0.5	25
	chrIII	54636	0	0.5	25
	chrIII	54654	1	0.5	25
	chrIII	54670	0	1.0	25
	chrIII	54699	1	0.5	25
	chrIII	54706	0	0.5	25
	chrIII	54727	0	0.5	25
	chrIII	54732	1	0.5	25
	chrIII	54733	1	0.5	25
	chrIII	54752	1	1.0	25
	chrIII	54759	1	0.5	25
	chrIII	54766	1	0.5	25
	chrIII	54784	1	0.5	25
	chrIII	54815	0	0.5	25
	chrIII	54817	0	0.5	25
	chrIII	54835	0	0.5	25
	chrIII	54843	0	1.0	25
	chrIII	54851	0	0.5	25
	chrIII	54873	1	0.5	25
	chrIII	54885	0	0.5	25
	chrIII	54892	1	1.0	25
	chrIII	54896	1	0.5	25
	chrIII	54897	1	0.5	25
	chrIII	54907	0	0.5	25
	chrIII	54913	0	0.5	25
	chrIII	54917	1	0.5	25
	chrIII	54940	1	0.5	25
	chrIII	54943	0	0.5	25
	chrIII	54965	0	0.5	25
	chrIII	54979	1	0.5	25
	chrIII	55002	0	0.5	25
	chrIII	55022	1	0.5	25
	chrIII	55053	1	0.5	25
	chrIII	55054	0	0.5	25
	chrIII	55074	0	0.5	25
	chrIII	55075	0	0.5	25
	chrIII	55076	1	0.5	25
	chrIII	55084	0	1.0	25
	chrIII	55099	1	0.5	25
	chrIII	55100	0	0.5	25
	chrIII	55113	0	0.5	25
	chrIII	55140	1	1.5	25
	chrIII	55141	1	0.5	25
	chrIII	55149	1	0.5	25
	chrIII	55156	0	0.5	25
	chrIII	55163	1	0.5	25
	chrIII	55170	0	0.5	25
	chrIII	55180	0	0.5	25
	chrIII	55229	1	0.5	25
	chrIII	55243	0	0.5	25
	chrIII	55247	0	0.5	25
	chrIII	55260	1	0.5	25
	chrIII	55297	1	0.5	25
	chrIII	55299	1	0.5	25
	chrIII	55314	0	0.5	25
	chrIII	55317	1	0.5	25
	chrIII	55319	0	1.5	25
	chrIII	55357	1	0.5	25
	chrIII	55373	1	0.5	25
	chrIII	55393	0	1.0	25
	chrIII	55414	1	1.0	25
	chrIII	55416	1	0.5	25
	chrIII	55464	1	1.0	25
	chrIII	55523	0	0.5	25
	chrIII	55543	0	0.5	25
	chrIII	55559	0	0.5	25
	chrIII	55560	0	1.0	25
	chrIII	55601	1	0.5	25
	chrIII	55621	1	0.5	25
	chrIII	55622	1	0.5	25
	chrIII	55627	0	0.5	25
	chrIII	55641	0	0.5	25
	chrIII	55650	0	0.5	25
	chrIII	55679	1	1.0	25
	chrIII	55685	0	0.5	25
	chrIII	55720	1	1.0	25
	chrIII	55735	0	0.5	25
	chrIII	55743	0	0.5	25
	chrIII	55801	1	0.5	25
	chrIII	55819	1	0.5	25
	chrIII	55854	0	0.5	25
	chrIII	55886	1	0.5	25
	chrIII	55900	0	0.5	25
	chrIII	55924	0	0.5	25
	chrIII	55929	0	0.5	25
	chrIII	55931	1	0.5	25
	chrIII	55941	0	0.5	25
	chrIII	55943	1	0.5	25
	chrIII	55954	0	0.5	25
	chrIII	55978	0	0.5	25
	chrIII	56025	0	0.5	25
	chrIII	56035	1	0.5	25
	chrIII	56036	1	0.5	25
	chrIII	56042	1	0.5	25
	chrIII	56043	0	0.5	25
	chrIII	56046	1	0.5	25
	chrIII	56056	1	0.5	25
	chrIII	56085	0	0.5	25
	chrIII	56091	0	0.5	25
	chrIII	56095	1	0.5	25
	chrIII	56097	0	0.5	25
	chrIII	56124	0	1.0	25
	chrIII	56125	1	0.5	25
	chrIII	56132	1	0.5	25
	chrIII	56147	0	0.5	25
	chrIII	56150	1	0.5	25
	chrIII	56166	0	0.5	25
	chrIII	56174	1	0.5	25
	chrIII	56197	0	0.5	25
	chrIII	56210	1	0.5	25
	chrIII	56221	1	0.5	25
	chrIII	56230	1	0.5	25
	chrIII	56232	1	0.5	25
	chrIII	56234	1	0.5	25
	chrIII	56236	0	0.5	25
	chrIII	56276	1	0.5	25
	chrIII	56289	1	0.5	25
	chrIII	56327	0	0.5	25
	chrIII	56388	1	0.5	25
	chrIII	56390	0	0.5	25
	chrIII	56426	0	0.5	25
	chrIII	56428	0	0.5	25
	chrIII	56451	1	0.5	25
	chrIII	56458	0	0.5	25
	chrIII	56461	0	0.5	25
	chrIII	56478	0	0.5	25
	chrIII	56503	0	1.0	25
	chrIII	56503	1	0.5	25
	chrIII	56514	0	1.0	25
	chrIII	56527	1	0.5	25
	chrIII	56537	0	0.5	25
	chrIII	56538	0	0.5	25
	chrIII	56545	1	0.5	25
	chrIII	56547	1	0.5	25
	chrIII	56559	1	0.5	25
	chrIII	56570	0	1.5	25
	chrIII	56592	0	0.5	25
	chrIII	56599	1	0.5	25
	chrIII	56611	1	0.5	25
	chrIII	56621	0	0.5	25
	chrIII	56623	0	0.5	25
	chrIII	56636	0	1.5	25
	chrIII	56638	0	0.5	25
	chrIII	56638	1	0.5	25
	chrIII	56640	0	1.0	25
	chrIII	56641	0	1.5	25
	chrIII	56652	0	0.5	25
	chrIII	56656	1	0.5	25
	chrIII	56659	0	0.5	25
	chrIII	56660	0	0.5	25
	chrIII	56665	0	0.5	25
	chrIII	56668	1	0.5	25
	chrIII	56675	0	1.5	25
	chrIII	56675	1	0.5	25
	chrIII	56676	0	0.5	25
	chrIII	56685	0	0.5	25
	chrIII	56690	0	0.5	25
	chrIII	56693	1	1.5	25
	chrIII	56700	1	1.0	25
	chrIII	56701	0	0.5	25
	chrIII	56701	1	0.5	25
	chrIII	56709	0	1.0	25
	chrIII	56719	1	0.5	25
	chrIII	56721	1	0.5	25
	chrIII	56724	1	0.5	25
	chrIII	56731	1	1.0	25
	chrIII	56733	1	0.5	25
	chrIII	56734	1	0.5	25
	chrIII	56736	1	0.5	25
	chrIII	56741	1	0.5	25
	chrIII	56744	1	0.5	25
	chrIII	56747	1	0.5	25
	chrIII	56749	0	0.5	25
	chrIII	56754	0	0.5	25
	chrIII	56765	1	0.5	25
	chrIII	56767	1	2.0	25
	chrIII	56768	0	0.5	25
	chrIII	56769	0	0.5	25
	chrIII	56769	1	0.5	25
	chrIII	56772	1	0.5	25
	chrIII	56775	0	0.5	25
	chrIII	56783	1	1.0	25
	chrIII	56785	0	1.0	25
	chrIII	56797	0	0.5	25
	chrIII	56806	1	0.5	25
	chrIII	56811	0	0.5	25
	chrIII	56846	1	1.0	25
	chrIII	56847	1	0.5	25
	chrIII	56848	0	0.5	25
	chrIII	56851	1	1.0	25
	chrIII	56852	0	0.5	25
	chrIII	56857	0	0.5	25
	chrIII	56865	1	0.5	25
	chrIII	56876	1	0.5	25
	chrIII	56887	0	1.0	25
	chrIII	56911	1	0.5	25
	chrIII	56918	1	0.5	25
	chrIII	56938	1	0.5	25
	chrIII	56944	0	0.5	25
	chrIII	56955	1	0.5	25
	chrIII	56968	1	0.5	25
	chrIII	56976	1	0.5	25
	chrIII	56978	1	0.5	25
	chrIII	56987	0	0.5	25
	chrIII	57003	0	0.5	25
	chrIII	57017	0	1.0	25
	chrIII	57040	1	0.5	25
	chrIII	57048	1	0.5	25
	chrIII	57055	1	0.5	25
	chrIII	57066	0	0.5	25
	chrIII	57068	0	0.5	25
	chrIII	57081	0	0.5	25
	chrIII	57087	1	0.5	25
	chrIII	57102	1	1.0	25
	chrIII	57121	1	0.5	25
	chrIII	57129	1	0.5	25
	chrIII	57130	0	0.5	25
	chrIII	57142	1	0.5	25
	chrIII	57148	0	1.0	25
	chrIII	57152	0	0.5	25
	chrIII	57153	0	0.5	25
	chrIII	57184	0	0.5	25
	chrIII	57194	1	0.5	25
	chrIII	57209	1	1.0	25
	chrIII	57214	0	0.5	25
	chrIII	57214	1	0.5	25
	chrIII	57216	0	0.5	23
	chrIII	57220	1	0.5	25
	chrIII	57255	1	0.5	25
	chrIII	57256	1	0.5	25
	chrIII	57287	1	0.5	25
	chrIII	57290	0	1.0	25
	chrIII	57293	0	1.0	25
	chrIII	57294	0	0.5	25
	chrIII	57300	0	0.5	25
	chrIII	57305	0	0.5	25
	chrIII	57333	0	0.5	25
	chrIII	57349	1	0.5	25
	chrIII	57355	1	1.0	25
	chrIII	57375	1	0.5	25
	chrIII	57376	1	0.5	25
	chrIII	57404	1	0.5	25
	chrIII	57412	0	0.5	25
	chrIII	57415	1	0.5	25
	chrIII	57488	1	1.0	25
	chrIII	57521	0	0.5	25
	chrIII	57541	0	0.5	25
	chrIII	57567	0	0.5	25
	chrIII	57585	1	0.5	25
	chrIII	57610	0	0.5	25
	chrIII	57615	0	0.5	25
	chrIII	57623	1	0.5	25
	chrIII	57636	0	0.5	25
	chrIII	57644	0	0.5	25
	chrIII	57688	1	1.0	25
	chrIII	57701	1	0.5	25
	chrIII	57707	1	0.5	25
	chrIII	57773	0	0.5	25
	chrIII	57779	0	1.0	25
	chrIII	57789	1	0.5	25
	chrIII	57807	0	0.5	25
	chrIII	57811	1	0.5	25
	chrIII	57814	0	0.5	25
	chrIII	57828	0	0.5	25
	chrIII	57835	0	0.5	25
	chrIII	57848	1	0.5	25
	chrIII	57863	0	1.0	25
	chrIII	57864	0	0.5	25
	chrIII	57864	1	0.5	25
	chrIII	57867	1	0.5	25
	chrIII	57875	0	0.5	25
	chrIII	57914	1	0.5	25
	chrIII	57933	1	0.5	25
	chrIII	57936	1	0.5	25
	chrIII	57937	1	1.0	25
	chrIII	57991	0	0.5	25
	chrIII	58000	0	0.5	25
	chrIII	58018	0	0.5	25
	chrIII	58031	1	0.5	25
	chrIII	58067	1	0.5	25
	chrIII	58076	0	0.5	25
	chrIII	58079	1	0.5	25
	chrIII	58096	0	0.5	25
	chrIII	58149	1	0.5	25
	chrIII	58179	1	0.5	25
	chrIII	58189	1	0.5	25
	chrIII	58201	0	0.5	25
	chrIII	58205	0	0.5	25
	chrIII	58226	0	0.5	25
	chrIII	58229	1	0.5	25
	chrIII	58273	1	0.5	25
	chrIII	58279	1	0.5	25
	chrIII	58299	1	0.5	25
	chrIII	58362	0	1.0	25
	chrIII	58413	0	0.5	25
	chrIII	58419	0	0.5	25
	chrIII	58424	0	0.5	25
	chrIII	58461	0	0.5	25
	chrIII	58472	1	0.5	25
	chrIII	58475	1	0.5	25
	chrIII	58492	1	0.5	25
	chrIII	58497	1	1.0	25
	chrIII	58538	1	0.5	25
	chrIII	58578	0	0.5	25
	chrIII	58632	0	0.5	25
	chrIII	58645	0	0.5	25
	chrIII	58649	1	0.5	25
	chrIII	58700	0	1.0	25
	chrIII	58705	0	0.5	25
	chrIII	58731	0	0.5	25
	chrIII	58745	1	0.5	25
	chrIII	58750	0	0.5	25
	chrIII	58763	1	1.0	25
	chrIII	58771	0	0.5	25
	chrIII	58775	0	0.5	25
	chrIII	58776	0	0.5	25
	chrIII	58780	1	0.5	25
	chrIII	58792	0	0.5	25
	chrIII	58793	0	0.5	25
	chrIII	58794	0	1.0	25
	chrIII	58804	0	1.0	25
	chrIII	58812	0	1.0	25
	chrIII	58820	1	0.5	25
	chrIII	58823	1	0.5	25
	chrIII	58831	0	0.5	25
	chrIII	58836	1	0.5	25
	chrIII	58837	0	0.5	25
	chrIII	58840	0	0.5	25
	chrIII	58843	0	0.5	25
	chrIII	58852	0	0.5	25
	chrIII	58853	1	0.5	25
	chrIII	58854	0	0.5	25
	chrIII	58860	0	0.5	25
	chrIII	58861	0	1.0	25
	chrIII	58862	0	1.5	25
	chrIII	58863	0	0.5	25
	chrIII	58889	1	0.5	25
	chrIII	58891	1	1.0	25
	chrIII	58893	0	0.5	25
	chrIII	58894	1	0.5	25
	chrIII	58910	1	0.5	25
	chrIII	58917	1	0.5	25
	chrIII	58923	1	3.0	25
	chrIII	58925	1	1.0	25
	chrIII	58927	0	0.5	25
	chrIII	58933	1	2.0	25
	chrIII	58936	1	0.5	25
	chrIII	58956	1	1.0	25
	chrIII	58958	1	0.5	25
	chrIII	58960	1	0.5	25
	chrIII	58961	1	0.5	25
	chrIII	58962	0	0.5	25
	chrIII	58980	0	0.5	25
	chrIII	58991	0	0.5	25
	chrIII	59014	0	0.5	25
	chrIII	59027	0	0.5	25
	chrIII	59048	0	0.5	25
	chrIII	59060	1	0.5	25
	chrIII	59076	0	0.5	25
	chrIII	59098	1	0.5	25
	chrIII	59099	1	0.5	25
	chrIII	59101	1	0.5	25
	chrIII	59104	0	0.5	25
	chrIII	59104	1	0.5	25
	chrIII	59120	1	0.5	25
	chrIII	59165	1	0.5	25
	chrIII	59167	0	0.5	25
	chrIII	59211	1	0.5	25
	chrIII	59238	0	0.5	25
	chrIII	59240	1	0.5	25
	chrIII	59271	0	0.5	25
	chrIII	59290	0	0.5	25
	chrIII	59291	0	0.5	25
	chrIII	59314	1	0.5	25
	chrIII	59346	1	0.5	25
	chrIII	59366	1	0.5	25
	chrIII	59375	0	0.5	25
	chrIII	59378	0	0.5	25
	chrIII	59425	1	0.5	25
	chrIII	59428	0	0.5	25
	chrIII	59444	1	0.5	25
	chrIII	59447	0	0.5	25
	chrIII	59464	0	0.5	25
	chrIII	59484	1	0.5	25
	chrIII	59489	1	0.5	25
	chrIII	59510	1	0.5	25
	chrIII	59526	0	0.5	25
	chrIII	59547	1	0.5	25
	chrIII	59552	0	0.5	25
	chrIII	59586	0	0.5	25
	chrIII	59599	0	0.5	25
	chrIII	59615	0	1.0	25
	chrIII	59617	1	0.5	25
	chrIII	59626	1	0.5	25
	chrIII	59642	0	0.5	25
	chrIII	59653	0	0.5	25
	chrIII	59655	1	0.5	25
	chrIII	59680	1	0.5	25
	chrIII	59701	1	0.5	25
	chrIII	59724	0	0.5	25
	chrIII	59744	0	0.5	25
	chrIII	59780	1	0.5	25
	chrIII	59782	0	0.5	25
	chrIII	59785	1	1.0	25
	chrIII	59786	1	0.5	25
	chrIII	59821	1	0.5	25
	chrIII	59822	0	0.5	25
	chrIII	59825	0	1.0	25
	chrIII	59839	0	0.5	25
	chrIII	59871	1	0.5	25
	chrIII	59874	1	0.5	25
	chrIII	59883	0	0.5	25
	chrIII	59885	1	0.5	25
	chrIII	59902	0	0.5	25
	chrIII	59903	0	0.5	25
	chrIII	59919	1	1.0	25
	chrIII	59964	1	0.5	25
	chrIII	59976	0	0.5	25
	chrIII	59976	1	0.5	25
	chrIII	59992	0	0.5	25
	chrIII	59994	1	0.5	25
	chrIII	60016	1	0.5	25
	chrIII	60030	0	0.5	25
	chrIII	60031	0	0.5	25
	chrIII	60043	1	0.5	25
	chrIII	60059	0	0.5	25
	chrIII	60078	1	0.5	25
	chrIII	60090	0	0.5	25
	chrIII	60090	1	0.5	25
	chrIII	60092	1	0.5	25
	chrIII	60116	0	0.5	25
	chrIII	60127	0	0.5	25
	chrIII	60149	1	0.5	25
	chrIII	60159	0	0.5	25
	chrIII	60172	1	0.5	25
	chrIII	60178	0	0.5	25
	chrIII	60212	0	0.5	25
	chrIII	60216	1	0.5	25
	chrIII	60225	0	0.5	25
	chrIII	60239	1	0.5	25
	chrIII	60240	0	0.5	25
	chrIII	60251	1	0.5	25
	chrIII	60256	1	0.5	25
	chrIII	60264	1	0.5	25
	chrIII	60285	0	0.5	25
	chrIII	60297	0	0.5	25
	chrIII	60316	1	0.5	25
	chrIII	60319	0	0.5	25
	chrIII	60346	0	0.5	25
	chrIII	60350	0	0.5	25
	chrIII	60363	1	0.5	25
	chrIII	60384	0	0.5	25
	chrIII	60385	1	0.5	25
	chrIII	60387	1	0.5	25
	chrIII	60393	0	0.5	25
	chrIII	60393	1	0.5	25
	chrIII	60405	0	0.5	25
	chrIII	60429	0	0.5	25
	chrIII	60439	0	0.5	25
	chrIII	60443	0	1.0	25
	chrIII	60462	1	0.5	25
	chrIII	60466	1	0.5	25
	chrIII	60468	1	0.5	25
	chrIII	60471	0	1.0	25
	chrIII	60486	1	0.5	25
	chrIII	60488	0	0.5	25
	chrIII	60495	1	0.5	25
	chrIII	60500	1	0.5	25
	chrIII	60502	1	0.5	25
	chrIII	60522	1	0.5	25
	chrIII	60526	0	0.5	25
	chrIII	60534	0	0.5	25
	chrIII	60571	1	1.0	25
	chrIII	60576	1	0.5	25
	chrIII	60584	1	0.5	25
	chrIII	60586	0	0.5	25
	chrIII	60588	0	1.0	25
	chrIII	60605	0	1.0	25
	chrIII	60623	1	0.5	25
	chrIII	60629	0	0.5	25
	chrIII	60631	0	0.5	25
	chrIII	60633	1	0.5	25
	chrIII	60634	0	1.0	25
	chrIII	60640	1	0.5	25
	chrIII	60682	0	0.5	25
	chrIII	60684	1	1.0	25
	chrIII	60688	0	0.5	25
	chrIII	60691	1	1.0	25
	chrIII	60692	0	0.5	25
	chrIII	60705	1	0.5	25
	chrIII	60729	0	1.0	25
	chrIII	60731	0	0.5	25
	chrIII	60751	1	0.5	25
	chrIII	60756	1	0.5	25
	chrIII	60769	1	1.0	25
	chrIII	60777	1	0.5	25
	chrIII	60779	1	0.5	25
	chrIII	60780	1	0.5	25
	chrIII	60796	0	0.5	25
	chrIII	60801	0	0.5	25
	chrIII	60808	0	0.5	25
	chrIII	60811	0	0.5	25
	chrIII	60824	0	0.5	25
	chrIII	60843	1	0.5	25
	chrIII	60854	1	0.5	25
	chrIII	60858	1	0.5	25
	chrIII	60896	1	0.5	25
	chrIII	60900	1	0.5	25
	chrIII	60905	1	0.5	25
	chrIII	60933	0	1.0	25
	chrIII	60938	0	0.5	25
	chrIII	60939	0	1.0	25
	chrIII	60943	0	0.5	25
	chrIII	60965	0	0.5	25
	chrIII	60966	0	0.5	25
	chrIII	60973	1	0.5	25
	chrIII	60977	0	0.5	25
	chrIII	60978	0	0.5	25
	chrIII	61016	1	0.5	25
	chrIII	61045	0	0.5	25
	chrIII	61052	1	0.5	25
	chrIII	61071	1	0.5	25
	chrIII	61073	0	0.5	25
	chrIII	61087	1	0.5	25
	chrIII	61090	0	1.0	25
	chrIII	61099	0	0.5	25
	chrIII	61125	1	0.5	25
	chrIII	61127	1	0.5	25
	chrIII	61132	1	1.0	25
	chrIII	61135	0	0.5	25
	chrIII	61143	1	1.0	25
	chrIII	61144	0	0.5	25
	chrIII	61150	1	0.5	25
	chrIII	61163	1	0.5	25
	chrIII	61175	1	1.0	25
	chrIII	61191	0	0.5	25
	chrIII	61198	0	0.5	25
	chrIII	61200	1	0.5	25
	chrIII	61208	0	0.5	25
	chrIII	61224	1	1.0	25
	chrIII	61227	0	0.5	25
	chrIII	61228	0	0.5	25
	chrIII	61231	0	0.5	25
	chrIII	61258	1	0.5	25
	chrIII	61268	1	0.5	25
	chrIII	61270	1	0.5	25
	chrIII	61275	0	0.5	25
	chrIII	61279	1	0.5	25
	chrIII	61280	0	0.5	25
	chrIII	61283	0	0.5	25
	chrIII	61286	1	0.5	25
	chrIII	61291	0	0.5	25
	chrIII	61297	1	0.5	25
	chrIII	61299	0	1.0	25
	chrIII	61301	0	0.5	25
	chrIII	61314	0	0.5	25
	chrIII	61316	0	1.0	25
	chrIII	61333	0	1.0	25
	chrIII	61339	1	0.5	25
	chrIII	61344	1	0.5	25
	chrIII	61362	0	0.5	25
	chrIII	61363	0	0.5	25
	chrIII	61363	1	0.5	25
	chrIII	61364	0	0.5	25
	chrIII	61378	1	0.5	25
	chrIII	61387	0	0.5	25
	chrIII	61388	1	0.5	25
	chrIII	61395	0	0.5	25
	chrIII	61426	1	0.5	25
	chrIII	61432	1	0.5	25
	chrIII	61436	1	0.5	25
	chrIII	61451	0	0.5	25
	chrIII	61453	1	0.5	25
	chrIII	61466	0	0.5	25
	chrIII	61468	0	1.5	25
	chrIII	61473	0	0.5	25
	chrIII	61480	1	0.5	25
	chrIII	61481	0	0.5	25
	chrIII	61482	0	0.5	25
	chrIII	61483	0	0.5	25
	chrIII	61489	0	0.5	24
	chrIII	61489	0	4.5	25
	chrIII	61495	1	0.5	25
	chrIII	61496	0	0.5	25
	chrIII	61496	1	1.0	25
	chrIII	61497	0	0.5	25
	chrIII	61500	0	1.0	25
	chrIII	61501	0	1.5	25
	chrIII	61502	0	0.5	25
	chrIII	61502	1	1.0	25
	chrIII	61511	0	0.5	25
	chrIII	61512	0	1.0	25
	chrIII	61512	1	0.5	25
	chrIII	61524	0	0.5	25
	chrIII	61537	1	0.5	25
	chrIII	61538	1	0.5	25
	chrIII	61539	1	0.5	25
	chrIII	61540	1	1.5	25
	chrIII	61541	0	1.0	25
	chrIII	61542	1	0.5	25
	chrIII	61543	0	0.5	25
	chrIII	61545	1	0.5	25
	chrIII	61546	1	1.0	25
	chrIII	61550	0	0.5	25
	chrIII	61551	1	1.5	25
	chrIII	61552	1	0.5	25
	chrIII	61555	1	1.5	25
	chrIII	61556	1	1.5	25
	chrIII	61557	1	2.5	25
	chrIII	61559	0	0.5	25
	chrIII	61564	1	0.5	25
	chrIII	61566	1	1.0	25
	chrIII	61574	1	0.5	25
	chrIII	61575	1	0.5	25
	chrIII	61576	0	0.5	25
	chrIII	61586	1	1.0	25
	chrIII	61587	1	0.5	25
	chrIII	61600	1	0.5	25
	chrIII	61608	0	0.5	25
	chrIII	61628	1	0.5	25
	chrIII	61631	0	0.5	25
	chrIII	61636	1	0.5	25
	chrIII	61645	1	0.5	25
	chrIII	61660	0	0.5	25
	chrIII	61675	1	0.5	25
	chrIII	61703	0	0.5	25
	chrIII	61706	0	0.5	25
	chrIII	61732	1	0.5	25
	chrIII	61733	0	0.5	25
	chrIII	61739	0	0.5	25
	chrIII	61740	1	0.5	25
	chrIII	61741	0	0.5	25
	chrIII	61772	1	0.5	25
	chrIII	61778	0	0.5	25
	chrIII	61778	1	0.5	25
	chrIII	61784	1	0.5	25
	chrIII	61799	0	0.5	25
	chrIII	61820	1	0.5	25
	chrIII	61836	0	0.5	25
	chrIII	61839	0	0.5	25
	chrIII	61845	1	0.5	25
	chrIII	61864	1	0.5	25
	chrIII	61895	1	0.5	25
	chrIII	61900	1	0.5	25
	chrIII	61929	0	0.5	25
	chrIII	61936	0	0.5	25
	chrIII	61967	0	0.5	25
	chrIII	61999	0	0.5	25
	chrIII	62017	1	0.5	25
	chrIII	62022	0	0.5	25
	chrIII	62041	1	1.0	25
	chrIII	62042	0	0.5	25
	chrIII	62045	1	0.5	25
	chrIII	62059	0	0.5	25
	chrIII	62062	0	0.5	25
	chrIII	62076	0	0.5	25
	chrIII	62076	1	1.0	25
	chrIII	62093	1	0.5	25
	chrIII	62103	1	0.5	25
	chrIII	62118	1	0.5	25
	chrIII	62121	0	0.5	25
	chrIII	62127	0	0.5	25
	chrIII	62130	0	0.5	25
	chrIII	62142	0	0.5	25
	chrIII	62165	1	0.5	25
	chrIII	62176	1	0.5	25
	chrIII	62213	1	0.5	25
	chrIII	62219	1	0.5	25
	chrIII	62253	0	0.5	25
	chrIII	62259	0	0.5	25
	chrIII	62259	1	0.5	25
	chrIII	62268	0	0.5	25
	chrIII	62289	0	0.5	25
	chrIII	62290	0	0.5	25
	chrIII	62332	1	0.5	25
	chrIII	62337	1	0.5	25
	chrIII	62340	1	0.5	25
	chrIII	62342	1	0.5	25
	chrIII	62357	0	0.5	25
	chrIII	62360	0	0.5	25
	chrIII	62386	0	0.5	25
	chrIII	62415	1	0.5	25
	chrIII	62420	1	0.5	25
	chrIII	62437	1	0.5	25
	chrIII	62439	0	0.5	25
	chrIII	62455	0	0.5	25
	chrIII	62466	1	0.5	25
	chrIII	62489	1	0.5	25
	chrIII	62504	1	0.5	25
	chrIII	62547	0	1.0	25
	chrIII	62570	0	0.5	25
	chrIII	62602	0	0.5	25
	chrIII	62609	0	0.5	25
	chrIII	62629	1	1.0	25
	chrIII	62638	0	0.5	25
	chrIII	62650	1	0.5	25
	chrIII	62655	1	0.5	25
	chrIII	62656	0	1.0	25
	chrIII	62675	0	0.5	25
	chrIII	62677	1	0.5	25
	chrIII	62683	1	0.5	25
	chrIII	62697	0	0.5	25
	chrIII	62711	1	0.5	25
	chrIII	62718	1	0.5	25
	chrIII	62742	1	0.5	25
	chrIII	62760	0	0.5	25
	chrIII	62762	0	0.5	25
	chrIII	62767	0	1.0	25
	chrIII	62769	0	0.5	25
	chrIII	62771	1	0.5	25
	chrIII	62777	1	0.5	25
	chrIII	62822	1	0.5	25
	chrIII	62828	0	0.5	25
	chrIII	62832	0	0.5	25
	chrIII	62839	1	0.5	25
	chrIII	62844	0	0.5	25
	chrIII	62854	0	0.5	25
	chrIII	62871	1	0.5	25
	chrIII	62888	1	0.5	25
	chrIII	62898	1	1.0	25
	chrIII	62911	1	0.5	25
	chrIII	62941	0	0.5	25
	chrIII	62943	1	0.5	25
	chrIII	62946	1	0.5	25
	chrIII	62966	0	0.5	25
	chrIII	62976	0	0.5	25
	chrIII	62995	0	0.5	25
	chrIII	62996	1	0.5	25
	chrIII	63024	0	0.5	25
	chrIII	63034	0	0.5	25
	chrIII	63040	0	0.5	25
	chrIII	63056	0	1.0	25
	chrIII	63072	1	0.5	25
	chrIII	63076	1	0.5	25
	chrIII	63102	0	0.5	25
	chrIII	63111	0	0.5	25
	chrIII	63111	1	0.5	25
	chrIII	63136	0	0.5	25
	chrIII	63137	0	0.5	25
	chrIII	63160	0	1.0	25
	chrIII	63162	1	1.0	25
	chrIII	63166	0	0.5	25
	chrIII	63168	0	0.5	25
	chrIII	63169	1	0.5	25
	chrIII	63216	1	1.0	25
	chrIII	63247	1	0.5	25
	chrIII	63248	1	0.5	25
	chrIII	63251	1	0.5	25
	chrIII	63257	0	0.5	25
	chrIII	63268	0	0.5	25
	chrIII	63276	0	0.5	25
	chrIII	63277	0	1.0	25
	chrIII	63279	0	0.5	25
	chrIII	63293	0	1.5	25
	chrIII	63302	0	0.5	25
	chrIII	63303	1	0.5	25
	chrIII	63308	1	0.5	25
	chrIII	63309	0	0.5	25
	chrIII	63310	0	1.0	25
	chrIII	63313	0	0.5	25
	chrIII	63315	0	0.5	25
	chrIII	63320	0	0.5	25
	chrIII	63334	1	0.5	25
	chrIII	63341	1	2.0	25
	chrIII	63343	0	0.5	25
	chrIII	63343	1	1.5	25
	chrIII	63344	0	0.5	25
	chrIII	63360	1	0.5	25
	chrIII	63363	1	1.0	25
	chrIII	63365	1	0.5	25
	chrIII	63369	1	0.5	25
	chrIII	63372	1	0.5	25
	chrIII	63373	0	0.5	25
	chrIII	63373	1	0.5	25
	chrIII	63374	1	0.5	25
	chrIII	63375	1	0.5	25
	chrIII	63379	0	0.5	25
	chrIII	63379	1	0.5	25
	chrIII	63382	0	0.5	25
	chrIII	63387	1	1.0	25
	chrIII	63388	0	0.5	25
	chrIII	63419	0	1.5	25
	chrIII	63429	0	0.5	25
	chrIII	63447	1	0.5	25
	chrIII	63462	1	0.5	25
	chrIII	63471	1	0.5	25
	chrIII	63476	1	0.5	25
	chrIII	63479	0	0.5	25
	chrIII	63489	1	1.5	25
	chrIII	63525	1	0.5	25
	chrIII	63527	0	1.5	25
	chrIII	63541	0	0.5	25
	chrIII	63542	1	0.5	25
	chrIII	63551	0	1.0	25
	chrIII	63613	0	0.5	25
	chrIII	63668	1	0.5	25
	chrIII	63669	0	1.0	25
	chrIII	63682	1	1.0	25
	chrIII	63686	1	0.5	25
	chrIII	63699	1	0.5	25
	chrIII	63702	0	1.0	25
	chrIII	63703	0	0.5	25
	chrIII	63708	1	1.5	25
	chrIII	63759	1	1.0	25
	chrIII	63804	0	0.5	25
	chrIII	63833	0	0.5	25
	chrIII	63854	1	0.5	25
	chrIII	63873	1	0.5	25
	chrIII	63880	1	0.5	25
	chrIII	63881	1	0.5	25
	chrIII	63890	1	0.5	25
	chrIII	63904	0	0.5	25
	chrIII	63920	0	0.5	25
	chrIII	63968	1	0.5	25
	chrIII	63998	1	0.5	25
	chrIII	64015	0	0.5	25
	chrIII	64069	0	0.5	25
	chrIII	64085	1	0.5	25
	chrIII	64127	0	0.5	25
	chrIII	64138	1	0.5	25
	chrIII	64188	1	0.5	25
	chrIII	64218	0	0.5	25
	chrIII	64251	0	1.0	25
	chrIII	64259	0	0.5	25
	chrIII	64312	0	0.5	25
	chrIII	64334	1	1.0	25
	chrIII	64353	0	0.5	25
	chrIII	64371	1	0.5	25
	chrIII	64372	0	1.0	25
	chrIII	64373	0	0.5	25
	chrIII	64379	0	0.5	25
	chrIII	64398	1	0.5	25
	chrIII	64399	1	0.5	25
	chrIII	64407	0	0.5	25
	chrIII	64417	0	1.0	25
	chrIII	64436	1	0.5	25
	chrIII	64481	0	0.5	25
	chrIII	64500	1	1.0	25
	chrIII	64511	0	0.5	25
	chrIII	64533	0	0.5	25
	chrIII	64541	1	1.5	25
	chrIII	64550	1	0.5	25
	chrIII	64553	1	0.5	25
	chrIII	64554	0	2.5	25
	chrIII	64583	1	0.5	25
	chrIII	64586	1	0.5	25
	chrIII	64590	0	0.5	25
	chrIII	64592	0	0.5	25
	chrIII	64596	1	0.5	25
	chrIII	64602	1	0.5	25
	chrIII	64615	0	1.0	25
	chrIII	64619	1	0.5	25
	chrIII	64623	0	1.0	25
	chrIII	64624	0	0.5	25
	chrIII	64626	1	0.5	25
	chrIII	64630	0	1.0	25
	chrIII	64636	0	0.5	25
	chrIII	64637	0	0.5	25
	chrIII	64645	1	0.5	25
	chrIII	64662	0	0.5	25
	chrIII	64675	1	1.0	25
	chrIII	64682	1	1.0	25
	chrIII	64683	0	0.5	25
	chrIII	64685	0	0.5	25
	chrIII	64692	0	0.5	25
	chrIII	64700	1	0.5	25
	chrIII	64701	0	0.5	25
	chrIII	64702	0	1.0	25
	chrIII	64705	1	0.5	25
	chrIII	64709	1	0.5	25
	chrIII	64726	1	1.0	25
	chrIII	64736	1	0.5	25
	chrIII	64740	1	0.5	25
	chrIII	64751	0	0.5	25
	chrIII	64754	1	0.5	25
	chrIII	64769	0	0.5	25
	chrIII	64773	1	0.5	25
	chrIII	64775	1	0.5	25
	chrIII	64777	0	0.5	25
	chrIII	64795	1	0.5	25
	chrIII	64801	0	0.5	25
	chrIII	64808	1	1.0	25
	chrIII	64818	1	0.5	25
	chrIII	64822	1	0.5	25
	chrIII	64823	1	0.5	25
	chrIII	64825	0	0.5	25
	chrIII	64842	1	0.5	25
	chrIII	64845	1	0.5	25
	chrIII	64880	0	0.5	24
	chrIII	64880	0	0.5	25
	chrIII	64886	1	0.5	25
	chrIII	64912	0	0.5	25
	chrIII	64945	1	1.0	25
	chrIII	64957	0	0.5	25
	chrIII	64959	0	1.0	25
	chrIII	64960	0	0.5	25
	chrIII	64978	1	0.5	25
	chrIII	65000	0	1.0	25
	chrIII	65001	0	1.0	25
	chrIII	65008	1	0.5	25
	chrIII	65017	1	0.5	25
	chrIII	65038	1	1.5	25
	chrIII	65041	0	0.5	25
	chrIII	65077	1	1.0	25
	chrIII	65089	1	0.5	25
	chrIII	65091	0	1.0	25
	chrIII	65097	1	1.0	25
	chrIII	65132	0	0.5	25
	chrIII	65147	1	0.5	25
	chrIII	65174	0	0.5	25
	chrIII	65208	1	0.5	25
	chrIII	65259	1	0.5	25
	chrIII	65269	1	0.5	25
	chrIII	65289	0	0.5	25
	chrIII	65305	0	0.5	25
	chrIII	65310	0	0.5	25
	chrIII	65314	0	0.5	25
	chrIII	65327	0	0.5	25
	chrIII	65332	0	0.5	25
	chrIII	65356	0	1.0	25
	chrIII	65359	1	0.5	25
	chrIII	65360	0	0.5	25
	chrIII	65366	0	0.5	25
	chrIII	65372	1	0.5	25
	chrIII	65381	1	0.5	25
	chrIII	65387	1	0.5	25
	chrIII	65393	0	0.5	25
	chrIII	65410	0	0.5	25
	chrIII	65443	0	0.5	25
	chrIII	65447	1	0.5	25
	chrIII	65449	1	0.5	25
	chrIII	65452	1	1.0	25
	chrIII	65455	1	0.5	25
	chrIII	65458	1	0.5	25
	chrIII	65486	0	0.5	25
	chrIII	65503	1	0.5	25
	chrIII	65516	0	0.5	25
	chrIII	65517	1	0.5	25
	chrIII	65528	0	0.5	25
	chrIII	65530	0	0.5	25
	chrIII	65542	0	0.5	25
	chrIII	65553	1	0.5	25
	chrIII	65568	1	0.5	25
	chrIII	65581	0	0.5	25
	chrIII	65586	0	0.5	25
	chrIII	65593	1	0.5	25
	chrIII	65596	1	0.5	25
	chrIII	65602	0	0.5	25
	chrIII	65617	1	0.5	25
	chrIII	65619	1	0.5	25
	chrIII	65630	0	0.5	25
	chrIII	65644	0	0.5	25
	chrIII	65645	0	0.5	25
	chrIII	65646	1	0.5	25
	chrIII	65648	0	1.0	25
	chrIII	65649	0	0.5	25
	chrIII	65657	0	0.5	25
	chrIII	65663	0	0.5	25
	chrIII	65670	0	0.5	25
	chrIII	65673	0	0.5	25
	chrIII	65674	0	0.5	25
	chrIII	65677	0	1.0	25
	chrIII	65677	1	0.5	25
	chrIII	65678	0	8.0	25
	chrIII	65687	0	0.5	25
	chrIII	65688	0	0.5	25
	chrIII	65696	0	0.5	25
	chrIII	65696	1	0.5	25
	chrIII	65697	0	0.5	25
	chrIII	65710	0	0.5	25
	chrIII	65712	0	0.5	25
	chrIII	65727	0	0.5	25
	chrIII	65736	1	0.5	25
	chrIII	65737	1	3.0	25
	chrIII	65738	1	3.5	25
	chrIII	65741	1	0.5	25
	chrIII	65742	1	0.5	25
	chrIII	65743	1	1.5	25
	chrIII	65744	1	0.5	25
	chrIII	65746	1	0.5	25
	chrIII	65750	0	0.5	25
	chrIII	65750	1	1.5	25
	chrIII	65751	0	1.0	25
	chrIII	65751	1	2.0	25
	chrIII	65753	1	0.5	25
	chrIII	65755	0	0.5	25
	chrIII	65757	0	0.5	25
	chrIII	65758	0	1.0	25
	chrIII	65761	1	1.0	25
	chrIII	65771	1	0.5	25
	chrIII	65784	0	0.5	25
	chrIII	65793	1	0.5	25
	chrIII	65802	0	0.5	25
	chrIII	65803	1	0.5	25
	chrIII	65810	0	0.5	25
	chrIII	65821	1	0.5	25
	chrIII	65825	1	1.0	25
	chrIII	65826	0	0.5	25
	chrIII	65836	0	1.0	25
	chrIII	65845	1	2.0	25
	chrIII	65846	1	0.5	25
	chrIII	65864	1	0.5	25
	chrIII	65873	1	0.5	25
	chrIII	65885	1	0.5	25
	chrIII	65892	1	0.5	25
	chrIII	65896	1	0.5	25
	chrIII	65905	1	1.0	25
	chrIII	65910	0	0.5	25
	chrIII	65952	0	1.0	25
	chrIII	65974	0	0.5	25
	chrIII	65986	0	0.5	25
	chrIII	65994	0	0.5	25
	chrIII	66029	1	0.5	25
	chrIII	66045	0	1.0	25
	chrIII	66052	0	0.5	25
	chrIII	66053	1	0.5	25
	chrIII	66059	1	0.5	25
	chrIII	66089	1	1.0	25
	chrIII	66091	0	0.5	25
	chrIII	66095	0	0.5	25
	chrIII	66126	0	1.0	25
	chrIII	66135	0	1.0	25
	chrIII	66136	1	1.0	25
	chrIII	66150	1	0.5	25
	chrIII	66170	0	0.5	25
	chrIII	66179	1	0.5	25
	chrIII	66195	0	1.0	25
	chrIII	66217	1	1.0	25
	chrIII	66230	0	0.5	25
	chrIII	66243	0	0.5	25
	chrIII	66245	1	1.0	25
	chrIII	66250	1	0.5	25
	chrIII	66252	0	0.5	25
	chrIII	66278	0	0.5	25
	chrIII	66282	0	0.5	25
	chrIII	66283	1	1.0	25
	chrIII	66299	1	0.5	25
	chrIII	66302	0	0.5	25
	chrIII	66309	1	0.5	25
	chrIII	66315	0	0.5	25
	chrIII	66339	1	0.5	25
	chrIII	66345	1	0.5	25
	chrIII	66357	0	0.5	25
	chrIII	66358	0	0.5	25
	chrIII	66359	0	0.5	25
	chrIII	66370	1	0.5	25
	chrIII	66378	1	0.5	25
	chrIII	66390	1	0.5	25
	chrIII	66404	1	0.5	25
	chrIII	66416	1	0.5	25
	chrIII	66429	1	0.5	25
	chrIII	66444	1	0.5	25
	chrIII	66456	0	0.5	25
	chrIII	66459	0	0.5	25
	chrIII	66504	0	0.5	25
	chrIII	66512	0	0.5	25
	chrIII	66515	0	0.5	25
	chrIII	66524	1	0.5	25
	chrIII	66528	1	0.5	25
	chrIII	66537	1	0.5	25
	chrIII	66539	0	0.5	25
	chrIII	66563	1	0.5	25
	chrIII	66577	0	0.5	25
	chrIII	66578	0	0.5	25
	chrIII	66591	1	0.5	25
	chrIII	66614	1	0.5	25
	chrIII	66656	1	0.5	25
	chrIII	66657	1	0.5	25
	chrIII	66664	0	0.5	25
	chrIII	66687	1	0.5	25
	chrIII	66693	0	1.0	25
	chrIII	66739	0	1.5	25
	chrIII	66746	1	0.5	25
	chrIII	66796	0	0.5	25
	chrIII	66799	1	1.5	25
	chrIII	66807	1	1.0	25
	chrIII	66876	1	0.5	25
	chrIII	66895	0	0.5	25
	chrIII	66912	0	0.5	25
	chrIII	66917	0	0.5	25
	chrIII	66964	1	0.5	25
	chrIII	66965	0	0.5	25
	chrIII	66970	1	0.5	25
	chrIII	66971	0	0.5	25
	chrIII	66980	1	0.5	25
	chrIII	67008	0	0.5	25
	chrIII	67011	0	0.5	25
	chrIII	67013	0	0.5	25
	chrIII	67037	1	0.5	25
	chrIII	67039	1	0.5	25
	chrIII	67091	1	0.5	25
	chrIII	67096	0	0.5	25
	chrIII	67102	1	0.5	25
	chrIII	67105	0	0.5	25
	chrIII	67117	1	0.5	25
	chrIII	67142	0	0.5	25
	chrIII	67148	1	0.5	25
	chrIII	67160	0	0.5	25
	chrIII	67202	1	0.5	25
	chrIII	67223	0	0.5	25
	chrIII	67229	1	0.5	25
	chrIII	67230	1	0.5	25
	chrIII	67279	0	0.5	25
	chrIII	67287	1	0.5	25
	chrIII	67358	1	0.5	25
	chrIII	67385	0	0.5	25
	chrIII	67430	0	1.0	25
	chrIII	67456	0	0.5	25
	chrIII	67458	0	0.5	25
	chrIII	67462	0	0.5	25
	chrIII	67476	0	0.5	25
	chrIII	67482	0	0.5	25
	chrIII	67491	0	0.5	25
	chrIII	67491	1	1.0	25
	chrIII	67500	1	0.5	25
	chrIII	67531	1	0.5	25
	chrIII	67542	1	0.5	25
	chrIII	67544	1	0.5	25
	chrIII	67546	0	0.5	25
	chrIII	67553	1	0.5	25
	chrIII	67555	0	0.5	25
	chrIII	67570	0	0.5	25
	chrIII	67572	1	0.5	25
	chrIII	67583	1	0.5	25
	chrIII	67584	0	0.5	25
	chrIII	67615	1	0.5	25
	chrIII	67626	0	0.5	25
	chrIII	67630	1	0.5	25
	chrIII	67639	1	0.5	25
	chrIII	67643	0	0.5	25
	chrIII	67646	0	0.5	25
	chrIII	67700	1	0.5	25
	chrIII	67701	0	0.5	25
	chrIII	67704	0	0.5	25
	chrIII	67707	1	0.5	25
	chrIII	67739	1	0.5	25
	chrIII	67766	1	1.0	25
	chrIII	67775	1	0.5	25
	chrIII	67781	0	0.5	25
	chrIII	67789	0	0.5	25
	chrIII	67831	1	0.5	25
	chrIII	67882	0	0.5	25
	chrIII	67951	1	0.5	25
	chrIII	67971	1	0.5	25
	chrIII	67992	0	0.5	25
	chrIII	68005	0	0.5	25
	chrIII	68019	0	1.0	25
	chrIII	68052	1	0.5	25
	chrIII	68059	0	0.5	25
	chrIII	68073	1	0.5	25
	chrIII	68080	0	0.5	25
	chrIII	68085	0	0.5	25
	chrIII	68085	1	1.0	25
	chrIII	68120	1	0.5	25
	chrIII	68144	1	0.5	25
	chrIII	68165	0	0.5	25
	chrIII	68175	0	0.5	25
	chrIII	68182	1	0.5	25
	chrIII	68184	0	0.5	25
	chrIII	68189	0	0.5	25
	chrIII	68246	0	0.5	25
	chrIII	68246	1	0.5	25
	chrIII	68247	0	0.5	25
	chrIII	68259	1	0.5	25
	chrIII	68271	0	0.5	25
	chrIII	68273	0	1.0	25
	chrIII	68280	1	0.5	25
	chrIII	68283	0	0.5	25
	chrIII	68287	1	0.5	25
	chrIII	68292	0	0.5	25
	chrIII	68299	0	0.5	25
	chrIII	68309	1	0.5	25
	chrIII	68310	0	0.5	25
	chrIII	68311	0	0.5	25
	chrIII	68317	0	0.5	25
	chrIII	68331	0	0.5	25
	chrIII	68333	1	0.5	25
	chrIII	68337	0	0.5	25
	chrIII	68354	1	1.0	25
	chrIII	68359	1	0.5	25
	chrIII	68364	1	0.5	25
	chrIII	68366	1	0.5	25
	chrIII	68367	1	0.5	25
	chrIII	68372	1	0.5	25
	chrIII	68373	0	0.5	25
	chrIII	68391	1	0.5	25
	chrIII	68445	0	0.5	25
	chrIII	68452	0	0.5	25
	chrIII	68460	1	0.5	25
	chrIII	68461	0	0.5	25
	chrIII	68464	0	0.5	25
	chrIII	68468	0	1.0	25
	chrIII	68477	0	2.0	25
	chrIII	68482	0	0.5	25
	chrIII	68484	0	0.5	25
	chrIII	68493	0	0.5	25
	chrIII	68494	0	1.5	25
	chrIII	68497	0	0.5	25
	chrIII	68500	0	0.5	25
	chrIII	68500	1	1.0	25
	chrIII	68502	0	1.5	25
	chrIII	68502	1	0.5	25
	chrIII	68503	0	0.5	25
	chrIII	68508	0	0.5	25
	chrIII	68509	0	1.0	25
	chrIII	68513	0	0.5	25
	chrIII	68525	1	0.5	25
	chrIII	68528	0	0.5	25
	chrIII	68546	1	0.5	25
	chrIII	68550	1	1.0	25
	chrIII	68553	1	1.0	25
	chrIII	68554	1	1.0	25
	chrIII	68557	1	2.0	25
	chrIII	68561	1	0.5	25
	chrIII	68564	1	0.5	25
	chrIII	68578	1	4.0	25
	chrIII	68580	0	0.5	25
	chrIII	68580	1	0.5	25
	chrIII	68600	1	1.0	25
	chrIII	68605	0	1.5	25
	chrIII	68606	1	0.5	25
	chrIII	68621	0	0.5	25
	chrIII	68628	0	0.5	25
	chrIII	68629	0	0.5	25
	chrIII	68646	1	1.0	25
	chrIII	68668	0	0.5	25
	chrIII	68680	0	0.5	25
	chrIII	68700	1	1.5	25
	chrIII	68703	0	0.5	25
	chrIII	68725	1	0.5	25
	chrIII	68738	0	0.5	25
	chrIII	68743	0	0.5	25
	chrIII	68754	1	0.5	25
	chrIII	68756	0	0.5	25
	chrIII	68765	0	0.5	25
	chrIII	68810	1	0.5	25
	chrIII	68815	1	0.5	25
	chrIII	68821	0	0.5	25
	chrIII	68821	1	0.5	25
	chrIII	68854	0	0.5	25
	chrIII	68864	1	0.5	25
	chrIII	68870	0	0.5	25
	chrIII	68871	1	0.5	25
	chrIII	68892	1	0.5	25
	chrIII	68899	0	0.5	25
	chrIII	68903	0	1.0	25
	chrIII	68912	1	1.0	25
	chrIII	68927	1	0.5	25
	chrIII	68928	1	0.5	25
	chrIII	68942	1	0.5	25
	chrIII	68947	1	0.5	25
	chrIII	68950	0	0.5	25
	chrIII	68961	1	1.0	25
	chrIII	68968	0	0.5	25
	chrIII	69002	1	0.5	25
	chrIII	69015	0	0.5	25
	chrIII	69061	1	0.5	25
	chrIII	69078	0	0.5	25
	chrIII	69094	0	0.5	25
	chrIII	69102	0	0.5	25
	chrIII	69141	1	0.5	25
	chrIII	69145	1	0.5	25
	chrIII	69151	1	0.5	25
	chrIII	69155	1	0.5	25
	chrIII	69170	0	0.5	25
	chrIII	69207	0	0.5	25
	chrIII	69209	0	0.5	25
	chrIII	69223	1	0.5	25
	chrIII	69269	1	0.5	25
	chrIII	69288	1	0.5	25
	chrIII	69457	0	0.5	25
	chrIII	69489	0	0.5	25
	chrIII	69506	0	0.5	25
	chrIII	69507	0	0.5	25
	chrIII	69538	1	0.5	25
	chrIII	69544	0	0.5	25
	chrIII	69575	0	0.5	25
	chrIII	69582	1	0.5	25
	chrIII	69585	1	0.5	25
	chrIII	69599	1	0.5	25
	chrIII	69641	1	0.5	25
	chrIII	69666	0	0.5	25
	chrIII	69677	0	0.5	25
	chrIII	69685	0	0.5	25
	chrIII	69698	0	0.5	25
	chrIII	69703	1	0.5	25
	chrIII	69732	1	0.5	25
	chrIII	69751	0	0.5	25
	chrIII	69766	1	0.5	25
	chrIII	69778	0	0.5	25
	chrIII	69786	0	0.5	25
	chrIII	69795	0	0.5	25
	chrIII	69799	1	0.5	25
	chrIII	69833	0	1.5	25
	chrIII	69837	1	0.5	25
	chrIII	69874	1	0.5	25
	chrIII	69886	1	0.5	25
	chrIII	69887	1	0.5	25
	chrIII	69888	0	0.5	25
	chrIII	69896	1	0.5	25
	chrIII	69932	0	0.5	25
	chrIII	69951	0	1.0	25
	chrIII	69977	0	0.5	25
	chrIII	69987	0	0.5	25
	chrIII	70009	1	1.0	25
	chrIII	70012	0	1.0	25
	chrIII	70017	0	0.5	25
	chrIII	70019	0	0.5	25
	chrIII	70020	0	0.5	25
	chrIII	70048	1	0.5	25
	chrIII	70049	1	0.5	25
	chrIII	70054	1	1.5	25
	chrIII	70056	1	0.5	25
	chrIII	70057	0	0.5	25
	chrIII	70057	1	0.5	25
	chrIII	70067	0	0.5	25
	chrIII	70071	1	1.0	25
	chrIII	70075	1	0.5	25
	chrIII	70083	1	1.0	25
	chrIII	70119	0	0.5	25
	chrIII	70133	1	0.5	25
	chrIII	70229	0	0.5	25
	chrIII	70258	1	0.5	25
	chrIII	70274	0	0.5	25
	chrIII	70290	0	0.5	25
	chrIII	70296	1	0.5	25
	chrIII	70334	0	0.5	25
	chrIII	70356	1	0.5	25
	chrIII	70385	1	0.5	25
	chrIII	70398	1	1.0	25
	chrIII	70399	0	0.5	25
	chrIII	70400	0	0.5	25
	chrIII	70464	0	0.5	25
	chrIII	70475	0	0.5	25
	chrIII	70538	1	0.5	25
	chrIII	70541	1	0.5	25
	chrIII	70574	0	0.5	25
	chrIII	70582	0	0.5	25
	chrIII	70586	1	0.5	25
	chrIII	70613	0	0.5	25
	chrIII	70660	0	0.5	25
	chrIII	70675	0	0.5	25
	chrIII	70679	1	0.5	25
	chrIII	70694	1	0.5	25
	chrIII	70709	1	0.5	25
	chrIII	70728	0	0.5	25
	chrIII	70739	0	0.5	25
	chrIII	70769	1	0.5	25
	chrIII	70777	1	0.5	25
	chrIII	70790	1	0.5	25
	chrIII	70816	1	0.5	25
	chrIII	70881	1	0.5	25
	chrIII	70889	0	0.5	25
	chrIII	70898	0	0.5	25
	chrIII	70909	0	0.5	25
	chrIII	70919	0	0.5	25
	chrIII	70950	1	0.5	25
	chrIII	70965	1	0.5	25
	chrIII	70966	1	0.5	25
	chrIII	70989	0	0.5	25
	chrIII	71044	1	0.5	25
	chrIII	71061	0	0.5	25
	chrIII	71073	0	0.5	25
	chrIII	71083	0	0.5	25
	chrIII	71087	0	0.5	25
	chrIII	71088	0	1.0	25
	chrIII	71135	1	0.5	25
	chrIII	71141	1	0.5	25
	chrIII	71145	1	0.5	25
	chrIII	71154	1	0.5	25
	chrIII	71156	1	1.0	25
	chrIII	71163	0	0.5	25
	chrIII	71170	1	0.5	25
	chrIII	71173	0	1.0	25
	chrIII	71178	0	0.5	25
	chrIII	71183	0	0.5	25
	chrIII	71188	0	0.5	25
	chrIII	71208	0	0.5	25
	chrIII	71213	1	0.5	25
	chrIII	71218	0	0.5	25
	chrIII	71225	1	0.5	25
	chrIII	71228	1	0.5	25
	chrIII	71237	1	0.5	25
	chrIII	71267	1	0.5	25
	chrIII	71269	1	0.5	25
	chrIII	71275	0	1.5	25
	chrIII	71278	1	0.5	25
	chrIII	71284	1	0.5	25
	chrIII	71335	0	0.5	25
	chrIII	71343	0	0.5	25
	chrIII	71361	0	0.5	25
	chrIII	71363	0	0.5	25
	chrIII	71367	1	0.5	25
	chrIII	71378	0	0.5	25
	chrIII	71389	1	1.5	25
	chrIII	71409	1	0.5	25
	chrIII	71416	1	0.5	25
	chrIII	71426	0	0.5	25
	chrIII	71439	1	0.5	25
	chrIII	71441	0	0.5	25
	chrIII	71442	1	0.5	25
	chrIII	71449	0	0.5	25
	chrIII	71479	0	0.5	25
	chrIII	71493	1	0.5	25
	chrIII	71497	0	0.5	25
	chrIII	71521	1	0.5	25
	chrIII	71525	0	0.5	25
	chrIII	71527	0	0.5	25
	chrIII	71532	1	0.5	25
	chrIII	71538	0	1.0	25
	chrIII	71542	1	0.5	25
	chrIII	71544	0	0.5	25
	chrIII	71554	0	0.5	25
	chrIII	71560	0	1.0	25
	chrIII	71562	0	1.0	25
	chrIII	71565	1	0.5	25
	chrIII	71566	0	1.0	25
	chrIII	71572	0	1.5	25
	chrIII	71574	0	0.5	25
	chrIII	71575	0	1.0	25
	chrIII	71578	0	0.5	25
	chrIII	71582	0	0.5	25
	chrIII	71586	0	0.5	25
	chrIII	71587	0	0.5	25
	chrIII	71589	0	0.5	25
	chrIII	71592	1	0.5	25
	chrIII	71601	1	1.0	25
	chrIII	71605	0	0.5	25
	chrIII	71628	0	0.5	25
	chrIII	71636	1	2.0	25
	chrIII	71638	1	1.0	25
	chrIII	71640	1	0.5	25
	chrIII	71649	1	0.5	25
	chrIII	71650	1	1.0	25
	chrIII	71652	1	0.5	25
	chrIII	71653	1	0.5	25
	chrIII	71656	1	0.5	25
	chrIII	71657	1	1.0	25
	chrIII	71658	1	1.0	25
	chrIII	71676	1	1.0	25
	chrIII	71681	1	1.0	25
	chrIII	71684	0	0.5	25
	chrIII	71692	0	0.5	25
	chrIII	71702	0	0.5	25
	chrIII	71718	0	0.5	25
	chrIII	71735	0	0.5	25
	chrIII	71749	0	0.5	25
	chrIII	71754	1	0.5	25
	chrIII	71758	1	0.5	25
	chrIII	71765	0	0.5	25
	chrIII	71775	1	0.5	25
	chrIII	71780	1	0.5	25
	chrIII	71781	0	0.5	25
	chrIII	71782	0	0.5	25
	chrIII	71802	1	0.5	25
	chrIII	71804	1	0.5	25
	chrIII	71808	0	0.5	25
	chrIII	71813	0	0.5	25
	chrIII	71829	1	0.5	25
	chrIII	71841	0	0.5	25
	chrIII	71856	1	1.0	25
	chrIII	71865	1	0.5	25
	chrIII	71867	1	0.5	25
	chrIII	71886	0	0.5	25
	chrIII	71902	1	0.5	25
	chrIII	71916	0	1.0	25
	chrIII	71931	1	0.5	25
	chrIII	71933	0	0.5	25
	chrIII	71962	0	1.5	25
	chrIII	71976	1	0.5	25
	chrIII	71990	1	0.5	25
	chrIII	71994	1	1.0	25
	chrIII	72025	0	0.5	25
	chrIII	72031	0	0.5	25
	chrIII	72048	1	1.0	25
	chrIII	72061	1	0.5	25
	chrIII	72089	1	0.5	25
	chrIII	72111	0	0.5	25
	chrIII	72130	0	0.5	25
	chrIII	72142	0	1.0	25
	chrIII	72150	0	0.5	25
	chrIII	72167	0	1.0	25
	chrIII	72171	0	1.0	25
	chrIII	72178	1	1.0	25
	chrIII	72195	0	0.5	25
	chrIII	72211	0	1.0	25
	chrIII	72219	0	0.5	25
	chrIII	72221	0	0.5	25
	chrIII	72227	1	1.0	25
	chrIII	72229	0	0.5	25
	chrIII	72245	1	1.0	25
	chrIII	72264	0	0.5	25
	chrIII	72274	1	2.0	25
	chrIII	72278	1	0.5	25
	chrIII	72287	1	0.5	25
	chrIII	72290	1	1.0	25
	chrIII	72307	1	0.5	25
	chrIII	72310	0	0.5	25
	chrIII	72315	1	0.5	25
	chrIII	72329	1	0.5	25
	chrIII	72374	0	1.0	25
	chrIII	72376	1	0.5	25
	chrIII	72408	0	0.5	25
	chrIII	72445	0	0.5	25
	chrIII	72448	0	0.5	25
	chrIII	72471	0	0.5	25
	chrIII	72490	1	0.5	25
	chrIII	72511	1	0.5	25
	chrIII	72515	0	0.5	25
	chrIII	72527	0	0.5	25
	chrIII	72539	0	0.5	25
	chrIII	72540	1	0.5	25
	chrIII	72574	1	1.0	25
	chrIII	72578	1	0.5	25
	chrIII	72608	1	0.5	25
	chrIII	72624	1	0.5	25
	chrIII	72653	0	0.5	25
	chrIII	72672	0	0.5	25
	chrIII	72685	0	0.5	25
	chrIII	72700	1	0.5	25
	chrIII	72714	1	0.5	25
	chrIII	72720	1	0.5	25
	chrIII	72728	0	0.5	25
	chrIII	72749	0	1.0	25
	chrIII	72778	1	0.5	25
	chrIII	72802	1	0.5	25
	chrIII	72816	1	1.0	25
	chrIII	72892	0	0.5	25
	chrIII	72893	0	0.5	25
	chrIII	72907	0	0.5	25
	chrIII	72923	0	0.5	25
	chrIII	72951	1	0.5	25
	chrIII	72957	1	0.5	25
	chrIII	72985	1	0.5	25
	chrIII	72993	0	0.5	25
	chrIII	72993	1	0.5	25
	chrIII	72995	0	0.5	25
	chrIII	73061	0	0.5	25
	chrIII	73077	1	0.5	25
	chrIII	73086	0	0.5	25
	chrIII	73117	1	0.5	25
	chrIII	73142	0	0.5	25
	chrIII	73150	0	0.5	25
	chrIII	73156	1	0.5	25
	chrIII	73177	0	0.5	25
	chrIII	73186	1	0.5	25
	chrIII	73214	1	0.5	25
	chrIII	73230	0	0.5	25
	chrIII	73246	1	0.5	25
	chrIII	73248	0	0.5	25
	chrIII	73251	0	0.5	25
	chrIII	73295	1	0.5	25
	chrIII	73300	0	0.5	25
	chrIII	73351	1	0.5	25
	chrIII	73370	0	0.5	25
	chrIII	73392	1	0.5	25
	chrIII	73405	1	0.5	25
	chrIII	73413	0	0.5	25
	chrIII	73423	0	0.5	25
	chrIII	73446	1	0.5	25
	chrIII	73456	1	0.5	25
	chrIII	73536	0	0.5	25
	chrIII	73551	0	0.5	25
	chrIII	73580	1	0.5	25
	chrIII	73621	0	0.5	25
	chrIII	73632	0	0.5	25
	chrIII	73639	0	0.5	25
	chrIII	73677	1	0.5	25
	chrIII	73686	0	0.5	25
	chrIII	73705	0	0.5	25
	chrIII	73713	0	0.5	25
	chrIII	73728	1	0.5	25
	chrIII	73737	0	0.5	25
	chrIII	73761	1	0.5	25
	chrIII	73765	1	0.5	25
	chrIII	73766	1	0.5	25
	chrIII	73773	1	0.5	25
	chrIII	73776	0	1.0	25
	chrIII	73785	1	0.5	25
	chrIII	73799	1	0.5	25
	chrIII	73819	0	0.5	25
	chrIII	73841	1	0.5	25
	chrIII	73858	1	1.0	25
	chrIII	73860	0	0.5	25
	chrIII	73884	1	0.5	25
	chrIII	73902	1	0.5	25
	chrIII	73904	0	0.5	25
	chrIII	73929	0	0.5	25
	chrIII	73933	0	0.5	25
	chrIII	73938	1	0.5	25
	chrIII	74020	0	0.5	25
	chrIII	74021	0	0.5	25
	chrIII	74027	0	0.5	25
	chrIII	74061	1	0.5	25
	chrIII	74069	1	0.5	25
	chrIII	74084	1	0.5	25
	chrIII	74085	1	0.5	25
	chrIII	74088	1	0.5	25
	chrIII	74122	0	0.5	25
	chrIII	74126	0	1.0	25
	chrIII	74129	0	1.0	25
	chrIII	74133	0	0.5	25
	chrIII	74150	0	0.5	25
	chrIII	74160	1	0.5	25
	chrIII	74162	1	0.5	25
	chrIII	74164	0	1.0	25
	chrIII	74165	0	1.0	25
	chrIII	74180	0	1.0	25
	chrIII	74190	0	0.5	25
	chrIII	74194	0	0.5	25
	chrIII	74208	1	0.5	24
	chrIII	74212	0	0.5	25
	chrIII	74213	1	1.5	25
	chrIII	74214	1	0.5	25
	chrIII	74215	1	1.5	25
	chrIII	74217	0	0.5	25
	chrIII	74219	0	0.5	25
	chrIII	74220	1	0.5	25
	chrIII	74221	1	1.0	25
	chrIII	74222	0	0.5	25
	chrIII	74227	1	0.5	25
	chrIII	74230	0	0.5	25
	chrIII	74243	1	0.5	25
	chrIII	74250	0	0.5	25
	chrIII	74262	0	0.5	25
	chrIII	74270	1	0.5	25
	chrIII	74281	1	0.5	25
	chrIII	74286	1	0.5	25
	chrIII	74288	1	0.5	25
	chrIII	74293	1	0.5	25
	chrIII	74340	0	0.5	25
	chrIII	74340	1	0.5	25
	chrIII	74348	0	0.5	25
	chrIII	74359	0	0.5	25
	chrIII	74375	0	0.5	25
	chrIII	74383	1	0.5	25
	chrIII	74386	0	0.5	25
	chrIII	74387	1	0.5	25
	chrIII	74391	1	0.5	25
	chrIII	74396	0	0.5	25
	chrIII	74426	0	0.5	25
	chrIII	74430	0	0.5	25
	chrIII	74434	0	0.5	25
	chrIII	74439	1	0.5	25
	chrIII	74443	1	0.5	25
	chrIII	74444	1	0.5	25
	chrIII	74451	0	0.5	25
	chrIII	74464	1	0.5	25
	chrIII	74466	0	0.5	25
	chrIII	74488	1	0.5	25
	chrIII	74500	0	0.5	25
	chrIII	74504	0	0.5	25
	chrIII	74510	1	0.5	25
	chrIII	74518	1	0.5	25
	chrIII	74520	1	0.5	25
	chrIII	74523	0	0.5	25
	chrIII	74524	0	0.5	25
	chrIII	74525	1	0.5	25
	chrIII	74533	0	0.5	25
	chrIII	74541	0	0.5	25
	chrIII	74546	0	0.5	25
	chrIII	74550	0	1.0	25
	chrIII	74554	0	0.5	25
	chrIII	74555	0	1.0	25
	chrIII	74560	1	0.5	25
	chrIII	74563	0	1.0	25
	chrIII	74566	0	0.5	25
	chrIII	74569	0	1.0	25
	chrIII	74578	0	0.5	25
	chrIII	74578	1	0.5	25
	chrIII	74585	0	0.5	25
	chrIII	74591	0	1.0	25
	chrIII	74592	0	1.0	25
	chrIII	74595	1	0.5	25
	chrIII	74604	1	0.5	25
	chrIII	74606	1	1.0	25
	chrIII	74608	0	0.5	25
	chrIII	74609	0	0.5	25
	chrIII	74617	1	0.5	25
	chrIII	74623	0	0.5	25
	chrIII	74624	1	2.0	25
	chrIII	74625	1	1.0	25
	chrIII	74628	1	1.0	25
	chrIII	74633	1	0.5	25
	chrIII	74648	1	0.5	25
	chrIII	74652	0	0.5	25
	chrIII	74652	1	1.0	25
	chrIII	74657	1	0.5	25
	chrIII	74658	0	0.5	25
	chrIII	74662	0	0.5	25
	chrIII	74669	1	0.5	25
	chrIII	74671	1	0.5	25
	chrIII	74674	1	0.5	25
	chrIII	74676	1	0.5	25
	chrIII	74689	0	0.5	25
	chrIII	74696	0	0.5	25
	chrIII	74725	1	0.5	25
	chrIII	74727	1	0.5	25
	chrIII	74743	0	1.5	25
	chrIII	74770	1	1.0	25
	chrIII	74772	0	0.5	25
	chrIII	74784	1	0.5	25
	chrIII	74793	1	0.5	25
	chrIII	74799	0	0.5	25
	chrIII	74808	1	0.5	25
	chrIII	74821	1	0.5	25
	chrIII	74873	0	0.5	25
	chrIII	74874	1	0.5	25
	chrIII	74896	0	0.5	25
	chrIII	74917	0	0.5	25
	chrIII	74944	1	0.5	25
	chrIII	74948	1	0.5	25
	chrIII	74966	1	1.0	25
	chrIII	74969	1	0.5	25
	chrIII	74986	1	0.5	25
	chrIII	75047	0	0.5	25
	chrIII	75095	1	0.5	25
	chrIII	75116	0	0.5	25
	chrIII	75181	0	0.5	25
	chrIII	75184	1	0.5	25
	chrIII	75197	0	0.5	25
	chrIII	75208	1	0.5	25
	chrIII	75217	0	0.5	25
	chrIII	75270	0	0.5	25
	chrIII	75292	1	0.5	25
	chrIII	75306	1	0.5	25
	chrIII	75313	0	0.5	25
	chrIII	75332	0	0.5	25
	chrIII	75335	1	0.5	25
	chrIII	75347	1	1.0	25
	chrIII	75366	0	0.5	25
	chrIII	75385	0	0.5	25
	chrIII	75407	0	0.5	25
	chrIII	75422	0	0.5	25
	chrIII	75427	1	0.5	25
	chrIII	75448	0	0.5	25
	chrIII	75457	1	0.5	25
	chrIII	75466	1	0.5	25
	chrIII	75468	0	0.5	25
	chrIII	75471	1	0.5	25
	chrIII	75478	1	0.5	25
	chrIII	75480	0	1.0	25
	chrIII	75481	0	1.0	25
	chrIII	75482	1	0.5	25
	chrIII	75492	0	0.5	25
	chrIII	75493	0	0.5	25
	chrIII	75511	0	0.5	25
	chrIII	75521	1	0.5	25
	chrIII	75543	1	1.0	25
	chrIII	75545	1	1.0	25
	chrIII	75549	1	0.5	25
	chrIII	75564	0	1.0	25
	chrIII	75585	1	0.5	25
	chrIII	75592	0	0.5	25
	chrIII	75623	0	0.5	25
	chrIII	75624	1	0.5	25
	chrIII	75625	0	0.5	25
	chrIII	75648	1	0.5	25
	chrIII	75665	1	0.5	25
	chrIII	75676	1	0.5	25
	chrIII	75678	1	0.5	25
	chrIII	75683	0	0.5	25
	chrIII	75696	1	0.5	25
	chrIII	75708	0	0.5	25
	chrIII	75721	0	0.5	25
	chrIII	75721	1	0.5	25
	chrIII	75752	1	0.5	25
	chrIII	75768	0	0.5	25
	chrIII	75800	0	0.5	25
	chrIII	75807	1	0.5	25
	chrIII	75833	1	0.5	25
	chrIII	75847	0	0.5	25
	chrIII	75848	0	1.0	25
	chrIII	75850	0	0.5	25
	chrIII	75853	0	1.0	25
	chrIII	75854	0	0.5	25
	chrIII	75876	0	0.5	24
	chrIII	75876	0	1.5	25
	chrIII	75881	0	0.5	25
	chrIII	75882	0	4.0	25
	chrIII	75882	1	0.5	25
	chrIII	75895	0	0.5	25
	chrIII	75906	0	0.5	25
	chrIII	75909	0	0.5	25
	chrIII	75911	0	2.0	25
	chrIII	75912	0	2.0	25
	chrIII	75913	0	1.5	25
	chrIII	75924	1	0.5	25
	chrIII	75925	1	0.5	25
	chrIII	75926	1	1.0	25
	chrIII	75932	1	1.0	25
	chrIII	75940	0	0.5	25
	chrIII	75940	1	2.0	25
	chrIII	75942	1	1.0	25
	chrIII	75944	1	1.5	25
	chrIII	75946	0	0.5	25
	chrIII	75947	0	0.5	25
	chrIII	75947	1	0.5	25
	chrIII	75952	1	1.0	25
	chrIII	75953	0	0.5	25
	chrIII	75954	0	0.5	25
	chrIII	75957	1	3.0	25
	chrIII	75958	1	2.5	25
	chrIII	75960	1	0.5	25
	chrIII	75971	1	0.5	25
	chrIII	75990	1	0.5	25
	chrIII	75994	1	0.5	25
	chrIII	75998	0	0.5	25
	chrIII	76057	0	0.5	25
	chrIII	76076	1	0.5	25
	chrIII	76090	0	1.0	25
	chrIII	76104	1	0.5	25
	chrIII	76109	0	0.5	25
	chrIII	76109	1	0.5	25
	chrIII	76122	1	1.5	25
	chrIII	76123	1	1.0	25
	chrIII	76133	0	0.5	25
	chrIII	76178	0	0.5	25
	chrIII	76178	1	1.0	25
	chrIII	76203	0	0.5	25
	chrIII	76226	0	0.5	25
	chrIII	76244	1	0.5	25
	chrIII	76290	1	0.5	25
	chrIII	76300	0	0.5	25
	chrIII	76300	1	1.0	25
	chrIII	76301	0	1.0	25
	chrIII	76317	0	0.5	25
	chrIII	76352	0	0.5	25
	chrIII	76359	0	0.5	25
	chrIII	76362	1	0.5	25
	chrIII	76364	1	0.5	24
	chrIII	76375	1	0.5	25
	chrIII	76385	1	0.5	25
	chrIII	76387	1	0.5	25
	chrIII	76405	1	0.5	25
	chrIII	76416	1	0.5	25
	chrIII	76429	0	1.0	25
	chrIII	76458	0	0.5	25
	chrIII	76478	0	0.5	25
	chrIII	76480	0	0.5	25
	chrIII	76500	1	1.0	25
	chrIII	76508	1	0.5	25
	chrIII	76526	0	0.5	25
	chrIII	76532	1	0.5	25
	chrIII	76558	0	0.5	25
	chrIII	76593	0	0.5	25
	chrIII	76606	1	0.5	25
	chrIII	76622	0	0.5	25
	chrIII	76626	0	0.5	25
	chrIII	76634	1	0.5	25
	chrIII	76665	1	0.5	25
	chrIII	76746	1	0.5	25
	chrIII	76747	0	0.5	25
	chrIII	76783	0	0.5	25
	chrIII	76789	1	0.5	25
	chrIII	76806	0	0.5	25
	chrIII	76811	1	0.5	25
	chrIII	76817	1	0.5	25
	chrIII	76875	0	0.5	25
	chrIII	76880	0	0.5	25
	chrIII	76884	1	0.5	25
	chrIII	76898	1	0.5	25
	chrIII	76955	1	0.5	25
	chrIII	76961	1	0.5	25
	chrIII	77004	0	0.5	25
	chrIII	77015	0	0.5	25
	chrIII	77068	1	0.5	25
	chrIII	77076	0	0.5	25
	chrIII	77095	0	0.5	25
	chrIII	77104	0	0.5	25
	chrIII	77116	1	0.5	25
	chrIII	77125	0	0.5	25
	chrIII	77140	1	0.5	25
	chrIII	77146	1	0.5	25
	chrIII	77174	1	0.5	25
	chrIII	77178	1	0.5	25
	chrIII	77215	0	0.5	25
	chrIII	77276	1	0.5	25
	chrIII	77286	0	0.5	25
	chrIII	77310	0	0.5	25
	chrIII	77342	0	1.0	25
	chrIII	77375	1	0.5	25
	chrIII	77409	1	0.5	25
	chrIII	77438	0	0.5	25
	chrIII	77440	0	1.0	25
	chrIII	77558	0	0.5	25
	chrIII	77581	1	1.0	25
	chrIII	77586	0	0.5	25
	chrIII	77587	0	0.5	25
	chrIII	77594	0	0.5	25
	chrIII	77595	1	0.5	25
	chrIII	77596	0	0.5	25
	chrIII	77598	0	0.5	25
	chrIII	77603	1	0.5	25
	chrIII	77607	0	1.0	25
	chrIII	77633	0	0.5	25
	chrIII	77639	1	0.5	25
	chrIII	77646	1	0.5	25
	chrIII	77649	1	1.5	25
	chrIII	77650	1	0.5	25
	chrIII	77655	0	0.5	25
	chrIII	77664	1	0.5	25
	chrIII	77666	0	0.5	25
	chrIII	77669	1	0.5	25
	chrIII	77674	0	0.5	25
	chrIII	77691	0	0.5	25
	chrIII	77697	1	0.5	25
	chrIII	77698	0	0.5	25
	chrIII	77702	0	0.5	25
	chrIII	77708	0	0.5	25
	chrIII	77720	1	0.5	25
	chrIII	77730	0	0.5	25
	chrIII	77731	0	0.5	25
	chrIII	77748	1	0.5	25
	chrIII	77766	1	0.5	25
	chrIII	77767	1	1.0	25
	chrIII	77768	1	1.0	25
	chrIII	77783	0	0.5	25
	chrIII	77797	0	0.5	25
	chrIII	77809	0	0.5	25
	chrIII	77810	1	0.5	25
	chrIII	77811	0	0.5	25
	chrIII	77829	1	0.5	25
	chrIII	77830	1	0.5	25
	chrIII	77842	0	0.5	25
	chrIII	77843	0	0.5	25
	chrIII	77844	0	0.5	25
	chrIII	77850	1	0.5	25
	chrIII	77856	0	0.5	25
	chrIII	77882	1	0.5	25
	chrIII	77887	1	0.5	25
	chrIII	77890	1	0.5	25
	chrIII	77900	0	0.5	25
	chrIII	77902	0	0.5	25
	chrIII	77917	1	0.5	25
	chrIII	77920	0	0.5	25
	chrIII	77944	1	0.5	25
	chrIII	77946	0	1.0	25
	chrIII	77951	0	0.5	25
	chrIII	77959	0	0.5	25
	chrIII	77960	1	0.5	25
	chrIII	77964	0	0.5	25
	chrIII	77976	0	0.5	25
	chrIII	77983	1	0.5	25
	chrIII	77998	1	0.5	25
	chrIII	78018	0	0.5	25
	chrIII	78019	1	0.5	25
	chrIII	78020	1	0.5	25
	chrIII	78024	1	0.5	25
	chrIII	78025	0	0.5	25
	chrIII	78025	1	0.5	25
	chrIII	78027	1	0.5	25
	chrIII	78028	0	0.5	25
	chrIII	78040	0	0.5	25
	chrIII	78048	1	0.5	25
	chrIII	78051	1	0.5	25
	chrIII	78065	0	0.5	25
	chrIII	78067	0	0.5	25
	chrIII	78075	0	0.5	25
	chrIII	78081	0	0.5	25
	chrIII	78084	1	0.5	25
	chrIII	78086	0	0.5	25
	chrIII	78119	1	0.5	25
	chrIII	78129	1	0.5	25
	chrIII	78134	1	0.5	25
	chrIII	78135	1	0.5	25
	chrIII	78138	0	0.5	25
	chrIII	78146	1	0.5	25
	chrIII	78151	0	0.5	25
	chrIII	78151	1	0.5	25
	chrIII	78152	0	0.5	25
	chrIII	78153	0	0.5	25
	chrIII	78154	0	1.0	25
	chrIII	78158	1	0.5	25
	chrIII	78161	0	0.5	25
	chrIII	78167	0	0.5	25
	chrIII	78169	0	0.5	25
	chrIII	78187	0	0.5	25
	chrIII	78194	0	1.0	25
	chrIII	78203	0	0.5	25
	chrIII	78208	1	0.5	25
	chrIII	78213	1	0.5	25
	chrIII	78217	1	0.5	25
	chrIII	78234	0	0.5	25
	chrIII	78240	1	0.5	25
	chrIII	78246	1	1.0	25
	chrIII	78251	1	0.5	25
	chrIII	78253	0	0.5	25
	chrIII	78262	1	0.5	25
	chrIII	78266	1	0.5	25
	chrIII	78267	0	0.5	25
	chrIII	78267	1	1.0	25
	chrIII	78278	1	0.5	25
	chrIII	78281	0	0.5	25
	chrIII	78283	1	0.5	25
	chrIII	78284	0	0.5	25
	chrIII	78285	0	1.0	25
	chrIII	78303	1	0.5	25
	chrIII	78332	0	0.5	25
	chrIII	78339	0	0.5	25
	chrIII	78340	0	0.5	25
	chrIII	78344	1	1.0	25
	chrIII	78345	1	0.5	25
	chrIII	78349	1	0.5	25
	chrIII	78358	1	0.5	25
	chrIII	78367	1	0.5	25
	chrIII	78368	1	0.5	25
	chrIII	78369	0	1.0	25
	chrIII	78371	1	0.5	25
	chrIII	78398	1	0.5	25
	chrIII	78447	1	0.5	25
	chrIII	78486	0	0.5	25
	chrIII	78487	0	0.5	25
	chrIII	78488	1	1.0	25
	chrIII	78493	0	0.5	25
	chrIII	78496	1	0.5	25
	chrIII	78499	0	0.5	25
	chrIII	78532	0	1.0	25
	chrIII	78535	0	0.5	25
	chrIII	78557	1	0.5	25
	chrIII	78566	0	0.5	25
	chrIII	78566	1	0.5	25
	chrIII	78572	1	0.5	25
	chrIII	78574	1	0.5	25
	chrIII	78576	1	0.5	25
	chrIII	78579	0	0.5	25
	chrIII	78592	0	0.5	25
	chrIII	78593	1	0.5	25
	chrIII	78602	0	0.5	25
	chrIII	78602	1	0.5	25
	chrIII	78623	0	0.5	25
	chrIII	78639	1	0.5	25
	chrIII	78664	1	0.5	25
	chrIII	78672	1	0.5	25
	chrIII	78675	0	0.5	25
	chrIII	78685	0	0.5	25
	chrIII	78694	0	0.5	25
	chrIII	78698	1	0.5	25
	chrIII	78732	1	0.5	25
	chrIII	78752	0	0.5	25
	chrIII	78756	1	0.5	25
	chrIII	78776	1	0.5	25
	chrIII	78778	0	0.5	25
	chrIII	78780	0	0.5	25
	chrIII	78784	1	0.5	25
	chrIII	78791	1	0.5	25
	chrIII	78808	0	0.5	25
	chrIII	78827	0	0.5	25
	chrIII	78846	1	0.5	25
	chrIII	78854	0	0.5	25
	chrIII	78865	1	0.5	25
	chrIII	78881	0	0.5	25
	chrIII	78906	0	0.5	25
	chrIII	78913	1	0.5	25
	chrIII	78915	0	0.5	25
	chrIII	78921	0	0.5	25
	chrIII	78921	1	0.5	25
	chrIII	78922	0	0.5	25
	chrIII	78931	0	1.0	25
	chrIII	78933	0	0.5	25
	chrIII	78934	1	0.5	25
	chrIII	78936	0	1.0	25
	chrIII	78937	0	1.5	25
	chrIII	78938	0	3.0	25
	chrIII	78939	0	1.5	25
	chrIII	78940	0	1.0	25
	chrIII	78941	0	0.5	25
	chrIII	78942	0	0.5	25
	chrIII	78944	1	0.5	25
	chrIII	78951	0	2.0	25
	chrIII	78952	0	0.5	25
	chrIII	78954	0	1.0	25
	chrIII	78983	0	1.0	25
	chrIII	78991	0	0.5	25
	chrIII	79011	1	5.0	25
	chrIII	79012	0	0.5	25
	chrIII	79012	1	4.5	25
	chrIII	79013	0	1.0	25
	chrIII	79015	1	1.0	25
	chrIII	79016	1	0.5	25
	chrIII	79018	0	0.5	25
	chrIII	79018	1	0.5	25
	chrIII	79019	0	0.5	25
	chrIII	79025	1	0.5	25
	chrIII	79026	1	0.5	25
	chrIII	79028	1	1.5	25
	chrIII	79031	0	0.5	25
	chrIII	79034	0	0.5	25
	chrIII	79037	1	0.5	25
	chrIII	79038	1	0.5	25
	chrIII	79039	1	0.5	25
	chrIII	79048	1	0.5	25
	chrIII	79053	0	0.5	25
	chrIII	79058	0	1.0	25
	chrIII	79058	1	0.5	25
	chrIII	79059	0	1.0	25
	chrIII	79078	1	0.5	25
	chrIII	79081	1	0.5	25
	chrIII	79082	0	0.5	25
	chrIII	79086	1	0.5	25
	chrIII	79092	1	0.5	25
	chrIII	79116	1	1.0	25
	chrIII	79129	0	0.5	25
	chrIII	79142	1	0.5	25
	chrIII	79146	1	0.5	25
	chrIII	79174	0	1.0	25
	chrIII	79182	1	1.0	25
	chrIII	79197	1	0.5	25
	chrIII	79207	1	0.5	25
	chrIII	79212	0	0.5	25
	chrIII	79212	1	0.5	25
	chrIII	79213	0	0.5	25
	chrIII	79222	0	0.5	25
	chrIII	79229	1	0.5	25
	chrIII	79230	0	0.5	25
	chrIII	79241	1	1.0	25
	chrIII	79294	1	0.5	25
	chrIII	79306	1	0.5	25
	chrIII	79329	1	1.0	25
	chrIII	79332	0	0.5	25
	chrIII	79398	1	0.5	25
	chrIII	79403	0	0.5	25
	chrIII	79412	0	0.5	25
	chrIII	79434	1	0.5	25
	chrIII	79441	0	0.5	25
	chrIII	79443	1	0.5	25
	chrIII	79492	0	0.5	25
	chrIII	79505	0	0.5	25
	chrIII	79548	0	0.5	25
	chrIII	79552	1	0.5	25
	chrIII	79554	1	0.5	25
	chrIII	79561	0	1.0	25
	chrIII	79566	1	0.5	25
	chrIII	79605	0	0.5	25
	chrIII	79612	1	1.0	25
	chrIII	79626	0	0.5	25
	chrIII	79634	0	1.0	25
	chrIII	79649	0	1.0	25
	chrIII	79651	1	1.0	25
	chrIII	79654	1	0.5	25
	chrIII	79655	1	0.5	25
	chrIII	79657	0	0.5	25
	chrIII	79662	0	0.5	25
	chrIII	79665	0	0.5	25
	chrIII	79672	1	1.0	25
	chrIII	79683	1	0.5	25
	chrIII	79709	1	0.5	25
	chrIII	79733	1	1.0	25
	chrIII	79754	1	0.5	25
	chrIII	79755	1	0.5	25
	chrIII	79768	0	0.5	25
	chrIII	79835	1	0.5	25
	chrIII	79856	0	0.5	25
	chrIII	79881	0	0.5	25
	chrIII	79886	0	0.5	25
	chrIII	79899	0	0.5	25
	chrIII	79911	0	0.5	25
	chrIII	79937	1	0.5	25
	chrIII	79952	0	0.5	25
	chrIII	79955	1	0.5	25
	chrIII	79959	1	0.5	25
	chrIII	79987	0	0.5	25
	chrIII	80001	1	0.5	25
	chrIII	80028	1	0.5	25
	chrIII	80038	0	0.5	25
	chrIII	80044	1	0.5	25
	chrIII	80074	0	0.5	25
	chrIII	80082	0	1.0	25
	chrIII	80089	0	1.0	25
	chrIII	80110	0	0.5	25
	chrIII	80134	0	0.5	25
	chrIII	80138	1	0.5	25
	chrIII	80142	1	0.5	25
	chrIII	80162	1	0.5	25
	chrIII	80178	1	0.5	25
	chrIII	80185	1	0.5	25
	chrIII	80215	1	1.0	25
	chrIII	80242	0	0.5	25
	chrIII	80248	0	0.5	25
	chrIII	80255	1	0.5	25
	chrIII	80270	0	0.5	25
	chrIII	80271	1	0.5	25
	chrIII	80300	0	0.5	25
	chrIII	80334	1	1.0	25
	chrIII	80339	0	0.5	25
	chrIII	80354	1	0.5	25
	chrIII	80372	1	0.5	25
	chrIII	80373	0	0.5	25
	chrIII	80396	0	0.5	25
	chrIII	80407	1	0.5	25
	chrIII	80435	0	1.0	25
	chrIII	80460	1	0.5	25
	chrIII	80477	1	0.5	25
	chrIII	80481	0	0.5	25
	chrIII	80496	1	0.5	25
	chrIII	80565	0	0.5	25
	chrIII	80581	1	0.5	25
	chrIII	80619	1	0.5	25
	chrIII	80621	0	0.5	25
	chrIII	80625	0	0.5	25
	chrIII	80655	0	0.5	25
	chrIII	80658	1	0.5	25
	chrIII	80689	0	0.5	25
	chrIII	80694	1	0.5	25
	chrIII	80700	1	0.5	25
	chrIII	80728	1	0.5	25
	chrIII	80746	1	0.5	25
	chrIII	80754	0	0.5	25
	chrIII	80769	0	0.5	25
	chrIII	80775	0	0.5	25
	chrIII	80813	0	0.5	25
	chrIII	80815	0	0.5	25
	chrIII	80837	1	0.5	25
	chrIII	80853	1	0.5	25
	chrIII	80857	1	0.5	25
	chrIII	80872	1	0.5	25
	chrIII	80875	1	0.5	25
	chrIII	80901	0	0.5	25
	chrIII	80907	0	0.5	25
	chrIII	80958	1	0.5	25
	chrIII	80974	0	1.0	25
	chrIII	80995	0	0.5	25
	chrIII	80997	0	0.5	25
	chrIII	81002	1	0.5	25
	chrIII	81003	0	0.5	25
	chrIII	81057	1	1.0	25
	chrIII	81072	1	0.5	25
	chrIII	81073	1	0.5	25
	chrIII	81074	1	0.5	25
	chrIII	81092	0	1.0	25
	chrIII	81107	0	0.5	25
	chrIII	81147	1	0.5	25
	chrIII	81160	0	0.5	25
	chrIII	81181	1	1.0	25
	chrIII	81197	0	0.5	25
	chrIII	81211	0	0.5	25
	chrIII	81237	1	0.5	25
	chrIII	81252	0	0.5	25
	chrIII	81262	1	0.5	25
	chrIII	81337	0	1.0	25
	chrIII	81391	1	0.5	25
	chrIII	81400	1	0.5	25
	chrIII	81404	0	0.5	25
	chrIII	81417	0	0.5	25
	chrIII	81441	0	0.5	25
	chrIII	81462	0	0.5	25
	chrIII	81495	0	1.0	25
	chrIII	81497	0	0.5	25
	chrIII	81505	1	0.5	25
	chrIII	81509	1	0.5	25
	chrIII	81528	0	0.5	25
	chrIII	81536	1	1.0	25
	chrIII	81537	1	0.5	25
	chrIII	81570	1	0.5	25
	chrIII	81600	0	0.5	25
	chrIII	81601	1	0.5	25
	chrIII	81611	1	0.5	25
	chrIII	81614	0	0.5	25
	chrIII	81619	1	0.5	25
	chrIII	81628	1	0.5	25
	chrIII	81644	0	0.5	25
	chrIII	81653	0	0.5	25
	chrIII	81662	0	0.5	25
	chrIII	81686	1	0.5	25
	chrIII	81687	1	0.5	25
	chrIII	81708	1	0.5	25
	chrIII	81718	1	0.5	25
	chrIII	81725	0	0.5	25
	chrIII	81737	0	0.5	25
	chrIII	81747	0	1.0	25
	chrIII	81756	0	0.5	25
	chrIII	81766	0	1.0	25
	chrIII	81790	0	0.5	25
	chrIII	81791	0	1.0	25
	chrIII	81815	0	0.5	25
	chrIII	81818	1	0.5	25
	chrIII	81838	0	0.5	25
	chrIII	81843	1	0.5	25
	chrIII	81856	1	0.5	25
	chrIII	81860	1	1.0	25
	chrIII	81875	1	0.5	25
	chrIII	81890	0	0.5	25
	chrIII	81892	1	0.5	25
	chrIII	81898	0	0.5	25
	chrIII	81899	1	0.5	25
	chrIII	81900	1	1.0	25
	chrIII	81901	0	0.5	25
	chrIII	81903	1	0.5	25
	chrIII	81914	0	1.0	25
	chrIII	81922	0	0.5	25
	chrIII	81923	0	1.0	25
	chrIII	81928	0	0.5	25
	chrIII	81945	1	0.5	25
	chrIII	81959	1	0.5	25
	chrIII	81962	1	0.5	25
	chrIII	81965	1	1.0	25
	chrIII	81972	1	1.0	25
	chrIII	82001	0	0.5	25
	chrIII	82015	1	0.5	25
	chrIII	82042	0	0.5	25
	chrIII	82043	0	0.5	25
	chrIII	82047	0	0.5	25
	chrIII	82053	0	0.5	25
	chrIII	82063	1	1.0	25
	chrIII	82074	1	0.5	25
	chrIII	82075	1	0.5	25
	chrIII	82086	0	0.5	25
	chrIII	82105	1	0.5	25
	chrIII	82107	1	0.5	25
	chrIII	82109	0	0.5	25
	chrIII	82128	1	0.5	25
	chrIII	82134	0	0.5	25
	chrIII	82144	0	0.5	25
	chrIII	82159	1	0.5	25
	chrIII	82164	1	0.5	25
	chrIII	82170	0	0.5	25
	chrIII	82176	0	0.5	25
	chrIII	82177	1	0.5	25
	chrIII	82187	0	0.5	25
	chrIII	82190	0	0.5	25
	chrIII	82219	1	0.5	25
	chrIII	82237	0	0.5	25
	chrIII	82240	1	0.5	25
	chrIII	82247	0	0.5	25
	chrIII	82250	1	0.5	25
	chrIII	82251	0	0.5	25
	chrIII	82265	1	0.5	25
	chrIII	82269	0	0.5	25
	chrIII	82279	0	1.5	25
	chrIII	82299	1	0.5	25
	chrIII	82305	0	0.5	25
	chrIII	82310	1	0.5	25
	chrIII	82320	0	0.5	25
	chrIII	82328	1	0.5	25
	chrIII	82331	1	0.5	25
	chrIII	82334	0	0.5	25
	chrIII	82345	1	0.5	25
	chrIII	82349	0	0.5	25
	chrIII	82350	0	1.5	25
	chrIII	82364	0	0.5	25
	chrIII	82371	1	1.5	25
	chrIII	82379	0	0.5	25
	chrIII	82381	1	0.5	25
	chrIII	82385	0	0.5	25
	chrIII	82387	1	0.5	25
	chrIII	82389	0	0.5	25
	chrIII	82389	1	0.5	25
	chrIII	82390	0	1.0	25
	chrIII	82391	0	0.5	25
	chrIII	82393	1	0.5	25
	chrIII	82394	0	0.5	25
	chrIII	82411	1	0.5	25
	chrIII	82416	0	0.5	25
	chrIII	82419	1	0.5	25
	chrIII	82421	0	0.5	25
	chrIII	82428	0	0.5	25
	chrIII	82432	0	0.5	25
	chrIII	82434	1	0.5	25
	chrIII	82438	1	0.5	25
	chrIII	82441	1	0.5	25
	chrIII	82443	1	0.5	25
	chrIII	82444	1	0.5	25
	chrIII	82446	0	1.5	25
	chrIII	82446	1	1.5	25
	chrIII	82447	0	1.0	25
	chrIII	82450	0	0.5	25
	chrIII	82450	1	0.5	25
	chrIII	82467	1	0.5	25
	chrIII	82476	0	0.5	25
	chrIII	82500	1	0.5	25
	chrIII	82512	1	0.5	25
	chrIII	82513	1	0.5	25
	chrIII	82525	1	0.5	25
	chrIII	82528	0	0.5	25
	chrIII	82538	1	0.5	25
	chrIII	82544	1	0.5	25
	chrIII	82550	1	1.5	25
	chrIII	82553	0	0.5	25
	chrIII	82569	1	0.5	25
	chrIII	82581	0	0.5	25
	chrIII	82587	0	0.5	25
	chrIII	82591	1	0.5	25
	chrIII	82593	0	0.5	25
	chrIII	82599	0	0.5	25
	chrIII	82604	0	0.5	25
	chrIII	82633	1	0.5	25
	chrIII	82635	1	0.5	25
	chrIII	82657	0	0.5	25
	chrIII	82657	1	0.5	25
	chrIII	82658	0	0.5	25
	chrIII	82658	1	0.5	25
	chrIII	82676	1	0.5	25
	chrIII	82683	0	0.5	25
	chrIII	82687	0	0.5	25
	chrIII	82691	0	0.5	25
	chrIII	82695	0	1.0	25
	chrIII	82698	0	0.5	23
	chrIII	82708	1	0.5	25
	chrIII	82735	1	0.5	25
	chrIII	82736	1	0.5	25
	chrIII	82754	1	1.0	25
	chrIII	82763	1	0.5	25
	chrIII	82785	1	0.5	25
	chrIII	82794	1	0.5	25
	chrIII	82842	1	0.5	25
	chrIII	82871	1	0.5	25
	chrIII	82959	0	0.5	25
	chrIII	82981	0	0.5	23
	chrIII	82981	0	0.5	24
	chrIII	82981	0	0.5	25
	chrIII	82982	0	0.5	25
	chrIII	83038	0	1.0	25
	chrIII	83039	1	0.5	25
	chrIII	83041	0	0.5	25
	chrIII	83042	1	1.0	25
	chrIII	83051	0	2.0	23
	chrIII	83051	1	1.0	25
	chrIII	83052	0	1.5	25
	chrIII	83055	0	0.5	24
	chrIII	83080	1	0.5	25
	chrIII	83109	1	0.5	25
	chrIII	83110	1	1.5	25
	chrIII	83111	0	1.0	25
	chrIII	83111	1	1.0	25
	chrIII	83122	0	0.5	25
	chrIII	83125	1	1.0	25
	chrIII	83135	0	0.5	23
	chrIII	83156	1	1.0	25
	chrIII	83158	0	1.0	25
	chrIII	83163	0	0.5	25
	chrIII	83173	0	0.5	25
	chrIII	83178	1	0.5	25
	chrIII	83191	1	0.5	25
	chrIII	83192	0	0.5	25
	chrIII	83192	1	0.5	25
	chrIII	83195	0	1.5	25
	chrIII	83230	1	0.5	25
	chrIII	83236	1	0.5	25
	chrIII	83237	1	0.5	25
	chrIII	83238	0	0.5	25
	chrIII	83243	0	0.5	25
	chrIII	83246	1	0.5	25
	chrIII	83248	0	0.5	25
	chrIII	83282	0	0.5	25
	chrIII	83316	1	0.5	25
	chrIII	83320	1	0.5	25
	chrIII	83321	1	0.5	25
	chrIII	83323	1	0.5	25
	chrIII	83364	0	0.5	25
	chrIII	83366	1	0.5	25
	chrIII	83379	0	0.5	25
	chrIII	83387	1	1.0	25
	chrIII	83388	1	1.0	25
	chrIII	83403	0	0.5	25
	chrIII	83449	0	0.5	25
	chrIII	83463	1	0.5	25
	chrIII	83497	0	1.0	25
	chrIII	83512	1	0.5	25
	chrIII	83513	1	0.5	25
	chrIII	83514	0	0.5	25
	chrIII	83547	0	0.5	25
	chrIII	83551	1	0.5	25
	chrIII	83580	1	1.0	25
	chrIII	83581	1	0.5	25
	chrIII	83591	1	0.5	25
	chrIII	83596	0	0.5	25
	chrIII	83616	0	0.5	25
	chrIII	83619	0	0.5	25
	chrIII	83628	0	0.5	25
	chrIII	83649	0	0.5	25
	chrIII	83680	1	0.5	25
	chrIII	83685	1	0.5	25
	chrIII	83692	1	0.5	25
	chrIII	83725	1	0.5	25
	chrIII	83727	0	0.5	25
	chrIII	83765	0	0.5	25
	chrIII	83777	0	0.5	25
	chrIII	83804	1	0.5	25
	chrIII	83809	0	0.5	25
	chrIII	83816	0	0.5	25
	chrIII	83829	1	0.5	25
	chrIII	83832	1	0.5	25
	chrIII	83863	0	0.5	25
	chrIII	83869	0	0.5	25
	chrIII	83881	0	0.5	25
	chrIII	83906	1	0.5	25
	chrIII	83918	0	0.5	25
	chrIII	83937	1	0.5	25
	chrIII	83938	1	0.5	25
	chrIII	83939	0	0.5	25
	chrIII	83952	1	0.5	25
	chrIII	83956	1	0.5	25
	chrIII	83967	1	0.5	25
	chrIII	83974	1	0.5	25
	chrIII	83977	0	0.5	25
	chrIII	83979	0	0.5	25
	chrIII	84005	1	0.5	25
	chrIII	84017	0	0.5	24
	chrIII	84044	1	0.5	25
	chrIII	84085	1	0.5	25
	chrIII	84087	1	0.5	25
	chrIII	84096	0	0.5	25
	chrIII	84121	0	0.5	25
	chrIII	84130	0	0.5	25
	chrIII	84132	0	0.5	25
	chrIII	84145	0	0.5	25
	chrIII	84204	1	0.5	25
	chrIII	84210	1	0.5	25
	chrIII	84211	1	1.0	25
	chrIII	84212	1	0.5	25
	chrIII	84270	0	0.5	25
	chrIII	84297	1	0.5	25
	chrIII	84484	0	0.5	25
	chrIII	84487	0	0.5	25
	chrIII	84581	0	1.0	25
	chrIII	84582	0	0.5	25
	chrIII	84586	0	0.5	25
	chrIII	84602	0	0.5	25
	chrIII	84638	0	0.5	25
	chrIII	84646	1	0.5	25
	chrIII	84654	1	0.5	25
	chrIII	84658	0	1.0	25
	chrIII	84659	1	0.5	25
	chrIII	84660	0	0.5	25
	chrIII	84662	1	0.5	25
	chrIII	84670	1	0.5	25
	chrIII	84671	0	0.5	25
	chrIII	84676	0	0.5	25
	chrIII	84677	0	1.0	25
	chrIII	84685	0	0.5	25
	chrIII	84708	1	1.5	25
	chrIII	84714	1	0.5	25
	chrIII	84737	1	0.5	25
	chrIII	84748	1	0.5	25
	chrIII	84752	1	0.5	25
	chrIII	84753	1	1.0	25
	chrIII	84761	1	0.5	25
	chrIII	84779	1	0.5	25
	chrIII	90841	0	0.5	25
	chrIII	90943	1	0.5	25
	chrIII	91069	0	0.5	25
	chrIII	91152	1	0.5	25
	chrIII	91263	0	0.5	25
	chrIII	91375	1	0.5	25
	chrIII	91669	0	0.5	25
	chrIII	91679	0	0.5	25
	chrIII	91732	1	0.5	25
	chrIII	91784	0	0.5	25
	chrIII	91842	1	0.5	25
	chrIII	91853	1	0.5	25
	chrIII	91918	0	0.5	25
	chrIII	91959	1	0.5	25
	chrIII	92072	0	0.5	25
	chrIII	92155	1	0.5	25
	chrIII	92236	0	0.5	25
	chrIII	92240	0	0.5	25
	chrIII	92267	0	1.0	25
	chrIII	92300	1	0.5	25
	chrIII	92315	1	0.5	25
	chrIII	92382	1	1.0	25
	chrIII	92389	0	0.5	25
	chrIII	92476	1	0.5	25
	chrIII	92494	0	0.5	25
	chrIII	92496	0	0.5	25
	chrIII	92513	0	0.5	25
	chrIII	92526	0	0.5	25
	chrIII	92530	0	0.5	25
	chrIII	92531	1	0.5	25
	chrIII	92532	0	0.5	25
	chrIII	92544	0	0.5	25
	chrIII	92545	0	0.5	25
	chrIII	92550	0	0.5	25
	chrIII	92552	0	1.0	25
	chrIII	92566	1	0.5	25
	chrIII	92585	1	0.5	25
	chrIII	92592	0	0.5	25
	chrIII	92592	1	0.5	25
	chrIII	92595	1	0.5	25
	chrIII	92619	0	0.5	25
	chrIII	92623	0	0.5	25
	chrIII	92634	0	1.0	25
	chrIII	92636	1	0.5	25
	chrIII	92654	0	0.5	25
	chrIII	92655	1	0.5	25
	chrIII	92660	0	0.5	25
	chrIII	92660	1	0.5	25
	chrIII	92680	1	1.0	25
	chrIII	92685	0	0.5	25
	chrIII	92697	0	0.5	25
	chrIII	92704	1	0.5	25
	chrIII	92706	1	0.5	25
	chrIII	92717	1	0.5	25
	chrIII	92725	0	0.5	25
	chrIII	92725	1	0.5	25
	chrIII	92726	1	0.5	25
	chrIII	92727	1	0.5	25
	chrIII	92733	0	0.5	23
	chrIII	92744	1	0.5	25
	chrIII	92745	1	0.5	25
	chrIII	92746	1	0.5	25
	chrIII	92756	1	0.5	25
	chrIII	92757	0	0.5	25
	chrIII	92762	0	0.5	25
	chrIII	92771	0	0.5	25
	chrIII	92785	0	0.5	25
	chrIII	92794	0	0.5	25
	chrIII	92803	1	0.5	25
	chrIII	92809	1	0.5	25
	chrIII	92817	1	0.5	25
	chrIII	92820	1	0.5	25
	chrIII	92833	0	0.5	25
	chrIII	92837	1	0.5	25
	chrIII	92838	0	0.5	25
	chrIII	92842	0	0.5	25
	chrIII	92845	0	0.5	25
	chrIII	92851	1	0.5	25
	chrIII	92861	0	0.5	25
	chrIII	92864	1	0.5	25
	chrIII	92865	0	0.5	25
	chrIII	92867	0	0.5	25
	chrIII	92881	0	0.5	25
	chrIII	92889	1	0.5	25
	chrIII	92902	1	0.5	25
	chrIII	92903	1	0.5	25
	chrIII	92907	1	0.5	25
	chrIII	92911	1	0.5	25
	chrIII	92914	1	0.5	25
	chrIII	92948	1	0.5	25
	chrIII	92959	0	0.5	25
	chrIII	93051	1	0.5	25
	chrIII	93052	1	0.5	25
	chrIII	93054	0	0.5	25
	chrIII	93070	0	0.5	25
	chrIII	93088	0	0.5	25
	chrIII	93090	0	0.5	25
	chrIII	93106	0	1.0	25
	chrIII	93126	1	0.5	25
	chrIII	93146	1	0.5	25
	chrIII	93151	1	0.5	25
	chrIII	93155	1	0.5	25
	chrIII	93193	0	1.0	25
	chrIII	93209	1	1.0	25
	chrIII	93238	0	0.5	25
	chrIII	93245	0	0.5	25
	chrIII	93260	1	1.0	25
	chrIII	93288	0	0.5	25
	chrIII	93351	1	0.5	25
	chrIII	93390	0	0.5	25
	chrIII	93431	0	0.5	25
	chrIII	93434	0	0.5	25
	chrIII	93437	1	1.0	25
	chrIII	93457	1	0.5	25
	chrIII	93461	0	1.0	25
	chrIII	93472	0	0.5	25
	chrIII	93477	1	0.5	25
	chrIII	93484	0	0.5	25
	chrIII	93486	1	0.5	25
	chrIII	93501	0	0.5	25
	chrIII	93502	1	1.0	25
	chrIII	93520	0	0.5	25
	chrIII	93525	0	0.5	25
	chrIII	93529	0	0.5	25
	chrIII	93541	1	0.5	25
	chrIII	93549	1	0.5	25
	chrIII	93582	1	0.5	23
	chrIII	93591	1	0.5	25
	chrIII	93602	0	0.5	25
	chrIII	93607	0	0.5	25
	chrIII	93618	1	0.5	25
	chrIII	93631	0	0.5	25
	chrIII	93692	0	0.5	25
	chrIII	93704	1	0.5	25
	chrIII	93712	1	0.5	25
	chrIII	93725	0	0.5	25
	chrIII	93727	0	0.5	25
	chrIII	93738	1	0.5	25
	chrIII	93757	0	0.5	25
	chrIII	93775	1	0.5	25
	chrIII	93802	1	1.0	25
	chrIII	93893	1	0.5	25
	chrIII	93904	1	0.5	25
	chrIII	93923	0	0.5	25
	chrIII	93935	0	1.0	25
	chrIII	93991	0	0.5	25
	chrIII	94081	1	0.5	25
	chrIII	94109	0	0.5	25
	chrIII	94115	0	0.5	25
	chrIII	94164	1	0.5	25
	chrIII	94175	0	0.5	25
	chrIII	94176	0	0.5	25
	chrIII	94198	1	1.5	25
	chrIII	94222	1	0.5	25
	chrIII	94226	1	0.5	25
	chrIII	94241	0	0.5	25
	chrIII	94253	0	0.5	25
	chrIII	94267	0	0.5	25
	chrIII	94269	0	0.5	25
	chrIII	94290	0	0.5	25
	chrIII	94298	0	0.5	25
	chrIII	94305	1	0.5	25
	chrIII	94319	0	2.0	25
	chrIII	94320	0	0.5	25
	chrIII	94327	0	0.5	25
	chrIII	94335	1	0.5	25
	chrIII	94339	0	0.5	25
	chrIII	94340	0	0.5	25
	chrIII	94346	1	0.5	25
	chrIII	94353	0	0.5	25
	chrIII	94362	0	0.5	25
	chrIII	94370	0	0.5	25
	chrIII	94370	1	0.5	25
	chrIII	94376	0	0.5	25
	chrIII	94376	1	0.5	25
	chrIII	94389	1	0.5	25
	chrIII	94390	0	1.0	25
	chrIII	94394	0	0.5	25
	chrIII	94402	0	1.5	25
	chrIII	94403	0	1.0	25
	chrIII	94404	0	1.0	25
	chrIII	94405	0	2.0	25
	chrIII	94408	0	0.5	25
	chrIII	94410	0	1.5	25
	chrIII	94410	1	0.5	25
	chrIII	94422	0	1.0	25
	chrIII	94422	1	0.5	25
	chrIII	94423	0	1.0	25
	chrIII	94423	1	1.5	25
	chrIII	94424	0	5.0	25
	chrIII	94427	0	2.5	25
	chrIII	94428	0	0.5	25
	chrIII	94429	0	1.0	25
	chrIII	94430	0	2.0	25
	chrIII	94431	0	0.5	24
	chrIII	94434	0	0.5	25
	chrIII	94434	1	0.5	25
	chrIII	94435	0	0.5	25
	chrIII	94440	1	0.5	25
	chrIII	94442	1	1.0	25
	chrIII	94443	0	2.5	25
	chrIII	94444	0	0.5	25
	chrIII	94446	0	1.0	25
	chrIII	94447	0	1.0	25
	chrIII	94448	0	0.5	25
	chrIII	94450	0	0.5	25
	chrIII	94452	0	0.5	25
	chrIII	94453	0	0.5	25
	chrIII	94461	0	0.5	25
	chrIII	94463	1	3.5	25
	chrIII	94464	0	3.5	25
	chrIII	94465	0	0.5	25
	chrIII	94467	0	0.5	25
	chrIII	94480	1	0.5	25
	chrIII	94484	0	0.5	25
	chrIII	94489	1	0.5	25
	chrIII	94490	0	0.5	25
	chrIII	94490	1	2.0	25
	chrIII	94491	1	3.0	25
	chrIII	94492	1	2.0	25
	chrIII	94493	1	1.0	25
	chrIII	94494	1	1.0	25
	chrIII	94495	0	0.5	25
	chrIII	94495	1	0.5	25
	chrIII	94497	1	2.0	25
	chrIII	94499	1	1.5	25
	chrIII	94500	1	1.0	25
	chrIII	94502	1	0.5	25
	chrIII	94503	1	2.5	25
	chrIII	94504	1	0.5	25
	chrIII	94505	1	1.0	25
	chrIII	94506	1	3.5	25
	chrIII	94507	0	0.5	25
	chrIII	94507	1	2.5	25
	chrIII	94508	1	2.0	25
	chrIII	94509	1	1.0	25
	chrIII	94513	1	0.5	25
	chrIII	94514	1	0.5	25
	chrIII	94515	0	1.0	25
	chrIII	94515	1	0.5	25
	chrIII	94516	1	1.0	25
	chrIII	94517	1	0.5	25
	chrIII	94520	1	0.5	25
	chrIII	94526	0	0.5	25
	chrIII	94530	1	0.5	25
	chrIII	94543	1	0.5	25
	chrIII	94546	0	2.0	25
	chrIII	94563	1	1.0	25
	chrIII	94564	0	0.5	25
	chrIII	94565	1	0.5	25
	chrIII	94573	1	0.5	25
	chrIII	94575	0	0.5	25
	chrIII	94585	1	0.5	25
	chrIII	94587	0	0.5	25
	chrIII	94601	1	0.5	25
	chrIII	94603	0	0.5	25
	chrIII	94617	1	2.0	25
	chrIII	94624	1	0.5	25
	chrIII	94640	0	0.5	25
	chrIII	94644	1	0.5	25
	chrIII	94668	0	0.5	25
	chrIII	94670	1	0.5	25
	chrIII	94674	1	0.5	25
	chrIII	94686	1	0.5	25
	chrIII	94704	1	0.5	25
	chrIII	94723	0	0.5	25
	chrIII	94750	1	0.5	25
	chrIII	94768	0	0.5	25
	chrIII	94776	1	0.5	25
	chrIII	94808	0	0.5	25
	chrIII	94819	1	0.5	25
	chrIII	94838	1	0.5	25
	chrIII	94843	1	0.5	25
	chrIII	94879	0	0.5	25
	chrIII	94905	0	0.5	25
	chrIII	94912	0	0.5	25
	chrIII	94925	0	1.0	25
	chrIII	94944	1	0.5	25
	chrIII	94953	1	0.5	25
	chrIII	95002	1	0.5	25
	chrIII	95004	1	0.5	25
	chrIII	95082	1	1.0	25
	chrIII	95143	0	0.5	25
	chrIII	95146	0	0.5	25
	chrIII	95205	0	0.5	25
	chrIII	95208	1	0.5	25
	chrIII	95213	1	0.5	25
	chrIII	95265	1	0.5	25
	chrIII	95321	0	0.5	25
	chrIII	95327	0	0.5	25
	chrIII	95400	1	0.5	25
	chrIII	95405	0	1.0	25
	chrIII	95443	0	0.5	25
	chrIII	95471	0	1.0	25
	chrIII	95492	1	1.0	25
	chrIII	95501	1	0.5	25
	chrIII	95559	0	0.5	25
	chrIII	95568	1	0.5	25
	chrIII	95595	0	0.5	25
	chrIII	95602	0	0.5	25
	chrIII	95639	1	1.0	25
	chrIII	95640	0	0.5	25
	chrIII	95644	1	0.5	25
	chrIII	95668	1	0.5	25
	chrIII	95684	0	0.5	25
	chrIII	95716	1	0.5	25
	chrIII	95717	0	0.5	25
	chrIII	95726	0	0.5	25
	chrIII	95776	1	0.5	25
	chrIII	95786	1	0.5	25
	chrIII	95791	0	0.5	25
	chrIII	95808	1	0.5	25
	chrIII	95816	0	0.5	25
	chrIII	95817	0	2.0	25
	chrIII	95818	0	2.0	25
	chrIII	95828	0	0.5	25
	chrIII	95834	0	0.5	25
	chrIII	95839	0	0.5	25
	chrIII	95846	0	0.5	25
	chrIII	95848	1	0.5	25
	chrIII	95855	1	0.5	25
	chrIII	95856	1	0.5	25
	chrIII	95857	1	0.5	25
	chrIII	95859	1	0.5	25
	chrIII	95860	0	0.5	25
	chrIII	95860	1	0.5	25
	chrIII	95861	1	0.5	25
	chrIII	95880	1	0.5	25
	chrIII	95882	0	0.5	25
	chrIII	95882	1	0.5	25
	chrIII	95898	1	0.5	25
	chrIII	95902	0	0.5	25
	chrIII	95912	0	0.5	25
	chrIII	95913	0	0.5	25
	chrIII	95917	1	0.5	25
	chrIII	95930	1	0.5	25
	chrIII	95939	0	1.0	25
	chrIII	95954	0	0.5	25
	chrIII	95955	0	0.5	25
	chrIII	95963	1	0.5	25
	chrIII	95964	0	1.5	25
	chrIII	95968	1	0.5	25
	chrIII	95985	0	0.5	25
	chrIII	95998	1	0.5	25
	chrIII	96000	0	0.5	25
	chrIII	96005	0	0.5	25
	chrIII	96005	1	0.5	25
	chrIII	96007	1	0.5	25
	chrIII	96012	1	0.5	25
	chrIII	96014	1	0.5	25
	chrIII	96015	0	0.5	25
	chrIII	96017	0	0.5	25
	chrIII	96028	0	1.5	25
	chrIII	96035	1	0.5	25
	chrIII	96039	0	0.5	25
	chrIII	96040	0	0.5	25
	chrIII	96053	0	0.5	25
	chrIII	96057	0	0.5	25
	chrIII	96061	1	0.5	25
	chrIII	96075	0	1.0	25
	chrIII	96075	1	0.5	25
	chrIII	96088	1	0.5	25
	chrIII	96091	1	0.5	25
	chrIII	96096	1	2.0	25
	chrIII	96101	0	0.5	25
	chrIII	96104	1	0.5	25
	chrIII	96105	1	1.0	25
	chrIII	96108	1	0.5	25
	chrIII	96116	1	1.0	25
	chrIII	96120	1	1.0	25
	chrIII	96131	1	1.0	25
	chrIII	96133	0	1.0	25
	chrIII	96138	1	0.5	25
	chrIII	96139	0	0.5	25
	chrIII	96139	1	0.5	25
	chrIII	96141	1	0.5	25
	chrIII	96186	1	0.5	25
	chrIII	96269	0	1.0	25
	chrIII	96270	0	0.5	25
	chrIII	96297	0	0.5	25
	chrIII	96303	1	0.5	25
	chrIII	96310	0	0.5	25
	chrIII	96314	1	1.0	25
	chrIII	96318	0	0.5	25
	chrIII	96319	0	0.5	25
	chrIII	96362	1	0.5	25
	chrIII	96402	1	0.5	25
	chrIII	96423	1	0.5	25
	chrIII	96437	1	0.5	25
	chrIII	96438	1	1.0	25
	chrIII	96511	0	0.5	25
	chrIII	96589	1	0.5	25
	chrIII	96606	1	0.5	25
	chrIII	96659	0	0.5	25
	chrIII	96706	0	0.5	25
	chrIII	96725	0	0.5	25
	chrIII	96740	0	0.5	25
	chrIII	96755	1	0.5	25
	chrIII	96780	0	0.5	25
	chrIII	96784	1	0.5	25
	chrIII	96823	0	1.0	25
	chrIII	96828	1	0.5	25
	chrIII	96836	0	0.5	25
	chrIII	96837	1	0.5	25
	chrIII	96846	0	0.5	25
	chrIII	96874	0	0.5	25
	chrIII	96879	0	0.5	25
	chrIII	96882	1	0.5	25
	chrIII	96887	1	0.5	25
	chrIII	96902	1	0.5	25
	chrIII	96916	1	1.0	25
	chrIII	96926	0	0.5	25
	chrIII	96938	0	0.5	25
	chrIII	96945	0	0.5	25
	chrIII	96947	1	0.5	25
	chrIII	96953	1	0.5	25
	chrIII	96960	0	1.0	25
	chrIII	96993	0	0.5	25
	chrIII	97023	1	0.5	25
	chrIII	97033	1	0.5	25
	chrIII	97035	0	0.5	25
	chrIII	97035	1	1.0	25
	chrIII	97038	1	0.5	25
	chrIII	97057	0	0.5	25
	chrIII	97067	1	0.5	25
	chrIII	97081	0	0.5	25
	chrIII	97089	1	0.5	25
	chrIII	97090	0	0.5	25
	chrIII	97106	0	0.5	25
	chrIII	97120	0	0.5	25
	chrIII	97134	1	0.5	25
	chrIII	97144	1	0.5	25
	chrIII	97152	1	0.5	25
	chrIII	97171	1	0.5	25
	chrIII	97181	0	0.5	25
	chrIII	97190	1	0.5	25
	chrIII	97231	0	0.5	25
	chrIII	97286	1	0.5	25
	chrIII	97287	0	1.0	25
	chrIII	97313	1	0.5	25
	chrIII	97382	1	0.5	25
	chrIII	97390	0	0.5	25
	chrIII	97394	1	0.5	25
	chrIII	97416	0	1.0	25
	chrIII	97428	0	1.0	25
	chrIII	97436	1	0.5	25
	chrIII	97468	0	0.5	25
	chrIII	97469	1	1.0	25
	chrIII	97494	0	0.5	25
	chrIII	97495	0	0.5	25
	chrIII	97496	1	1.0	25
	chrIII	97507	1	0.5	25
	chrIII	97512	0	0.5	25
	chrIII	97519	0	0.5	25
	chrIII	97534	0	0.5	25
	chrIII	97562	0	0.5	25
	chrIII	97566	0	1.0	25
	chrIII	97580	1	0.5	25
	chrIII	97583	1	0.5	25
	chrIII	97593	1	0.5	25
	chrIII	97614	1	1.0	25
	chrIII	97620	0	0.5	25
	chrIII	97624	0	0.5	25
	chrIII	97630	1	0.5	25
	chrIII	97657	1	0.5	25
	chrIII	97661	1	0.5	25
	chrIII	97698	1	0.5	25
	chrIII	97720	0	0.5	25
	chrIII	97744	0	0.5	25
	chrIII	97752	0	0.5	25
	chrIII	97778	0	0.5	25
	chrIII	97788	1	0.5	25
	chrIII	97794	0	0.5	25
	chrIII	97809	1	0.5	25
	chrIII	97838	1	0.5	25
	chrIII	97856	0	0.5	25
	chrIII	97863	1	0.5	25
	chrIII	97868	0	0.5	25
	chrIII	97868	1	0.5	25
	chrIII	97873	0	0.5	25
	chrIII	97881	0	0.5	25
	chrIII	97896	1	0.5	25
	chrIII	97926	1	0.5	25
	chrIII	97931	1	0.5	25
	chrIII	97935	0	0.5	25
	chrIII	97960	1	0.5	25
	chrIII	97967	0	0.5	25
	chrIII	97976	0	0.5	25
	chrIII	97978	0	0.5	25
	chrIII	97992	0	0.5	25
	chrIII	98017	1	0.5	25
	chrIII	98032	1	0.5	25
	chrIII	98042	0	0.5	25
	chrIII	98046	1	0.5	25
	chrIII	98054	0	0.5	25
	chrIII	98056	1	0.5	25
	chrIII	98064	0	0.5	25
	chrIII	98069	0	0.5	25
	chrIII	98080	1	0.5	25
	chrIII	98112	0	0.5	25
	chrIII	98121	0	0.5	25
	chrIII	98122	1	0.5	25
	chrIII	98135	1	0.5	25
	chrIII	98140	1	0.5	25
	chrIII	98143	1	0.5	25
	chrIII	98144	0	0.5	25
	chrIII	98196	1	0.5	25
	chrIII	98206	1	0.5	25
	chrIII	98212	1	0.5	25
	chrIII	98229	0	1.0	25
	chrIII	98236	0	0.5	25
	chrIII	98239	0	0.5	25
	chrIII	98256	0	0.5	25
	chrIII	98276	0	0.5	25
	chrIII	98300	1	1.0	25
	chrIII	98303	1	0.5	25
	chrIII	98310	0	0.5	25
	chrIII	98311	1	0.5	25
	chrIII	98318	0	0.5	25
	chrIII	98331	1	0.5	25
	chrIII	98332	0	0.5	25
	chrIII	98342	1	0.5	25
	chrIII	98348	1	0.5	25
	chrIII	98349	0	0.5	25
	chrIII	98363	0	0.5	25
	chrIII	98364	0	0.5	25
	chrIII	98365	0	0.5	25
	chrIII	98367	0	1.0	25
	chrIII	98368	0	0.5	25
	chrIII	98381	1	0.5	25
	chrIII	98408	0	1.0	25
	chrIII	98413	0	0.5	25
	chrIII	98428	1	1.0	25
	chrIII	98434	1	0.5	25
	chrIII	98436	1	1.0	25
	chrIII	98437	1	0.5	25
	chrIII	98453	0	1.0	25
	chrIII	98471	1	1.0	25
	chrIII	98475	1	0.5	25
	chrIII	98476	0	0.5	25
	chrIII	98495	1	0.5	25
	chrIII	98508	1	0.5	23
	chrIII	98521	0	0.5	25
	chrIII	98533	0	0.5	25
	chrIII	98566	1	0.5	25
	chrIII	98581	1	1.0	25
	chrIII	98597	1	0.5	25
	chrIII	98612	0	0.5	25
	chrIII	98614	1	0.5	25
	chrIII	98633	0	0.5	25
	chrIII	98641	0	0.5	25
	chrIII	98647	1	0.5	25
	chrIII	98667	1	0.5	25
	chrIII	98675	1	0.5	25
	chrIII	98699	0	1.0	25
	chrIII	98701	0	0.5	25
	chrIII	98713	1	0.5	25
	chrIII	98725	0	0.5	25
	chrIII	98751	1	0.5	25
	chrIII	98757	1	0.5	25
	chrIII	98758	0	0.5	25
	chrIII	98759	0	0.5	25
	chrIII	98764	0	0.5	25
	chrIII	98773	0	0.5	25
	chrIII	98774	1	0.5	25
	chrIII	98788	0	0.5	25
	chrIII	98803	0	0.5	25
	chrIII	98812	1	1.0	25
	chrIII	98816	1	0.5	25
	chrIII	98846	0	0.5	25
	chrIII	98853	0	0.5	25
	chrIII	98855	0	0.5	23
	chrIII	98860	1	0.5	25
	chrIII	98861	0	1.0	25
	chrIII	98862	0	0.5	25
	chrIII	98863	0	0.5	25
	chrIII	98863	1	1.0	25
	chrIII	98883	1	0.5	25
	chrIII	98891	0	0.5	25
	chrIII	98899	1	0.5	25
	chrIII	98906	0	0.5	25
	chrIII	98907	1	1.0	25
	chrIII	98908	0	0.5	25
	chrIII	98914	0	0.5	25
	chrIII	98932	1	1.0	25
	chrIII	98936	1	1.0	25
	chrIII	98971	1	0.5	25
	chrIII	98973	0	0.5	25
	chrIII	98973	1	0.5	25
	chrIII	98985	1	0.5	25
	chrIII	99009	0	0.5	25
	chrIII	99018	1	0.5	25
	chrIII	99028	1	0.5	25
	chrIII	99054	0	0.5	25
	chrIII	99057	1	0.5	25
	chrIII	99089	0	1.0	25
	chrIII	99107	1	0.5	25
	chrIII	99110	0	1.0	25
	chrIII	99136	1	1.0	25
	chrIII	99140	0	0.5	25
	chrIII	99155	0	0.5	25
	chrIII	99167	0	0.5	25
	chrIII	99177	0	0.5	25
	chrIII	99193	1	0.5	25
	chrIII	99194	1	0.5	25
	chrIII	99196	0	0.5	25
	chrIII	99197	0	0.5	25
	chrIII	99200	1	1.0	25
	chrIII	99203	0	0.5	25
	chrIII	99229	0	0.5	25
	chrIII	99231	1	0.5	25
	chrIII	99235	1	0.5	25
	chrIII	99250	1	0.5	25
	chrIII	99263	1	0.5	25
	chrIII	99306	0	0.5	25
	chrIII	99310	0	0.5	25
	chrIII	99314	1	0.5	25
	chrIII	99328	1	0.5	25
	chrIII	99340	0	0.5	25
	chrIII	99345	0	0.5	25
	chrIII	99355	0	1.0	25
	chrIII	99385	0	0.5	25
	chrIII	99387	1	0.5	25
	chrIII	99397	1	0.5	25
	chrIII	99404	0	0.5	25
	chrIII	99412	1	0.5	25
	chrIII	99418	1	0.5	25
	chrIII	99437	1	0.5	25
	chrIII	99450	1	0.5	25
	chrIII	99455	0	1.0	25
	chrIII	99466	0	0.5	25
	chrIII	99489	0	1.0	25
	chrIII	99495	1	0.5	25
	chrIII	99499	1	0.5	25
	chrIII	99509	0	0.5	25
	chrIII	99526	1	0.5	25
	chrIII	99527	0	0.5	25
	chrIII	99532	0	0.5	25
	chrIII	99553	1	1.0	25
	chrIII	99575	0	0.5	25
	chrIII	99581	0	1.0	25
	chrIII	99587	1	0.5	25
	chrIII	99597	1	0.5	25
	chrIII	99629	1	1.5	25
	chrIII	99642	1	0.5	25
	chrIII	99643	0	0.5	25
	chrIII	99649	1	0.5	25
	chrIII	99658	1	0.5	25
	chrIII	99662	0	0.5	25
	chrIII	99708	1	0.5	25
	chrIII	99748	0	0.5	25
	chrIII	99772	0	0.5	25
	chrIII	99774	1	0.5	25
	chrIII	99784	0	0.5	25
	chrIII	99786	0	0.5	25
	chrIII	99831	0	0.5	25
	chrIII	99834	1	0.5	25
	chrIII	99838	1	0.5	25
	chrIII	99840	0	0.5	25
	chrIII	99846	0	0.5	25
	chrIII	99862	1	0.5	25
	chrIII	99909	1	0.5	24
	chrIII	99909	1	0.5	25
	chrIII	99913	1	0.5	25
	chrIII	99917	0	1.0	25
	chrIII	99963	1	0.5	25
	chrIII	99966	0	0.5	25
	chrIII	99977	1	0.5	25
	chrIII	99981	0	0.5	25
	chrIII	99982	0	0.5	25
	chrIII	100009	0	0.5	25
	chrIII	100015	1	0.5	23
	chrIII	100024	0	1.0	25
	chrIII	100044	1	0.5	25
	chrIII	100052	1	0.5	25
	chrIII	100076	0	0.5	25
	chrIII	100088	0	0.5	25
	chrIII	100093	1	1.0	25
	chrIII	100134	0	0.5	25
	chrIII	100149	0	0.5	25
	chrIII	100156	0	1.0	25
	chrIII	100156	1	0.5	25
	chrIII	100167	1	0.5	25
	chrIII	100206	1	0.5	25
	chrIII	100213	1	0.5	25
	chrIII	100215	0	0.5	25
	chrIII	100227	0	0.5	25
	chrIII	100235	0	0.5	25
	chrIII	100237	0	0.5	25
	chrIII	100244	1	0.5	25
	chrIII	100253	0	0.5	25
	chrIII	100264	1	1.0	25
	chrIII	100265	0	0.5	25
	chrIII	100280	1	1.0	25
	chrIII	100296	1	0.5	25
	chrIII	100298	0	0.5	25
	chrIII	100299	1	0.5	25
	chrIII	100304	0	0.5	25
	chrIII	100307	0	0.5	25
	chrIII	100312	1	0.5	25
	chrIII	100321	1	0.5	25
	chrIII	100325	0	0.5	25
	chrIII	100338	0	1.0	25
	chrIII	100348	1	0.5	25
	chrIII	100360	0	1.0	25
	chrIII	100371	1	0.5	25
	chrIII	100383	1	0.5	25
	chrIII	100387	1	0.5	25
	chrIII	100405	0	0.5	25
	chrIII	100407	1	1.0	25
	chrIII	100414	0	0.5	25
	chrIII	100422	0	0.5	25
	chrIII	100426	1	1.0	25
	chrIII	100494	1	0.5	25
	chrIII	100498	0	0.5	25
	chrIII	100507	0	0.5	25
	chrIII	100515	1	0.5	25
	chrIII	100521	0	0.5	25
	chrIII	100526	0	1.0	25
	chrIII	100526	1	0.5	25
	chrIII	100555	0	0.5	25
	chrIII	100580	1	0.5	25
	chrIII	100585	0	0.5	25
	chrIII	100607	1	0.5	25
	chrIII	100613	0	0.5	25
	chrIII	100618	1	1.0	25
	chrIII	100630	1	0.5	25
	chrIII	100634	0	0.5	25
	chrIII	100647	1	0.5	25
	chrIII	100650	0	0.5	25
	chrIII	100652	0	0.5	25
	chrIII	100665	0	0.5	25
	chrIII	100667	0	0.5	25
	chrIII	100669	1	1.0	25
	chrIII	100697	1	0.5	25
	chrIII	100715	1	0.5	25
	chrIII	100717	0	1.0	25
	chrIII	100719	0	0.5	25
	chrIII	100720	0	0.5	25
	chrIII	100727	0	1.0	25
	chrIII	100729	1	0.5	25
	chrIII	100742	1	0.5	25
	chrIII	100753	0	0.5	25
	chrIII	100753	1	0.5	25
	chrIII	100760	1	0.5	25
	chrIII	100761	0	1.5	25
	chrIII	100763	0	0.5	25
	chrIII	100783	1	0.5	25
	chrIII	100786	1	0.5	25
	chrIII	100787	0	0.5	25
	chrIII	100789	0	0.5	25
	chrIII	100801	1	1.0	25
	chrIII	100802	1	0.5	25
	chrIII	100813	0	0.5	25
	chrIII	100819	0	0.5	25
	chrIII	100820	1	0.5	25
	chrIII	100844	1	0.5	25
	chrIII	100867	0	0.5	25
	chrIII	100867	1	0.5	25
	chrIII	100868	1	1.5	25
	chrIII	100871	0	0.5	25
	chrIII	100898	0	0.5	25
	chrIII	100907	0	0.5	25
	chrIII	100917	0	0.5	25
	chrIII	100930	1	1.5	25
	chrIII	100942	1	0.5	25
	chrIII	100953	1	0.5	25
	chrIII	100980	1	0.5	25
	chrIII	100982	1	0.5	25
	chrIII	101006	0	0.5	25
	chrIII	101011	0	0.5	25
	chrIII	101025	1	0.5	25
	chrIII	101031	1	0.5	25
	chrIII	101033	0	0.5	25
	chrIII	101035	0	0.5	25
	chrIII	101063	0	0.5	25
	chrIII	101066	0	0.5	25
	chrIII	101071	0	0.5	25
	chrIII	101072	1	0.5	25
	chrIII	101075	0	0.5	25
	chrIII	101078	1	1.0	25
	chrIII	101099	0	1.0	25
	chrIII	101101	1	1.0	25
	chrIII	101104	0	0.5	25
	chrIII	101112	1	0.5	25
	chrIII	101141	0	0.5	25
	chrIII	101153	1	0.5	25
	chrIII	101170	0	0.5	25
	chrIII	101187	1	0.5	25
	chrIII	101199	1	0.5	25
	chrIII	101216	1	0.5	25
	chrIII	101231	1	0.5	25
	chrIII	101248	0	0.5	25
	chrIII	101250	0	0.5	25
	chrIII	101284	0	0.5	25
	chrIII	101299	0	0.5	25
	chrIII	101304	0	0.5	25
	chrIII	101305	0	0.5	25
	chrIII	101308	1	0.5	25
	chrIII	101322	1	0.5	23
	chrIII	101326	0	1.0	25
	chrIII	101328	1	0.5	25
	chrIII	101330	0	1.0	25
	chrIII	101339	0	0.5	25
	chrIII	101342	0	0.5	25
	chrIII	101348	1	1.0	25
	chrIII	101352	1	0.5	25
	chrIII	101353	0	0.5	25
	chrIII	101363	1	0.5	25
	chrIII	101365	0	0.5	25
	chrIII	101373	1	0.5	25
	chrIII	101388	1	0.5	25
	chrIII	101389	1	0.5	25
	chrIII	101400	1	1.0	25
	chrIII	101405	1	0.5	25
	chrIII	101406	0	1.0	25
	chrIII	101423	1	0.5	25
	chrIII	101427	0	0.5	25
	chrIII	101445	1	0.5	25
	chrIII	101449	0	0.5	25
	chrIII	101454	1	0.5	25
	chrIII	101455	1	0.5	25
	chrIII	101467	0	0.5	25
	chrIII	101481	1	0.5	25
	chrIII	101503	0	1.0	25
	chrIII	101508	1	0.5	25
	chrIII	101511	0	0.5	25
	chrIII	101514	1	0.5	25
	chrIII	101533	1	0.5	25
	chrIII	101579	1	1.0	25
	chrIII	101587	0	0.5	25
	chrIII	101616	0	0.5	25
	chrIII	101625	0	0.5	25
	chrIII	101636	0	0.5	25
	chrIII	101647	1	0.5	25
	chrIII	101659	0	1.0	25
	chrIII	101674	0	0.5	25
	chrIII	101677	0	0.5	25
	chrIII	101693	0	0.5	25
	chrIII	101695	0	0.5	25
	chrIII	101696	1	0.5	25
	chrIII	101697	1	0.5	25
	chrIII	101702	0	0.5	25
	chrIII	101724	1	0.5	25
	chrIII	101741	1	0.5	25
	chrIII	101743	1	0.5	25
	chrIII	101747	1	0.5	25
	chrIII	101776	0	0.5	25
	chrIII	101777	0	0.5	25
	chrIII	101777	1	0.5	25
	chrIII	101789	0	0.5	25
	chrIII	101791	0	0.5	25
	chrIII	101832	1	0.5	25
	chrIII	101837	1	0.5	25
	chrIII	101838	1	0.5	25
	chrIII	101848	1	0.5	25
	chrIII	101850	1	0.5	25
	chrIII	101854	1	0.5	25
	chrIII	101856	0	0.5	25
	chrIII	101856	1	0.5	25
	chrIII	101857	0	2.5	25
	chrIII	101858	0	0.5	25
	chrIII	101859	0	1.5	25
	chrIII	101861	0	0.5	25
	chrIII	101867	0	1.5	25
	chrIII	101868	0	1.0	25
	chrIII	101871	0	1.5	25
	chrIII	101893	0	0.5	25
	chrIII	101898	0	0.5	25
	chrIII	101899	0	0.5	25
	chrIII	101912	0	0.5	25
	chrIII	101914	0	0.5	25
	chrIII	101933	1	2.5	25
	chrIII	101934	1	1.5	25
	chrIII	101935	1	1.0	25
	chrIII	101936	0	0.5	25
	chrIII	101936	1	1.0	25
	chrIII	101942	1	0.5	25
	chrIII	101945	1	1.0	25
	chrIII	101948	0	0.5	25
	chrIII	101949	1	2.0	25
	chrIII	101950	0	1.0	25
	chrIII	101950	1	0.5	25
	chrIII	101958	0	0.5	25
	chrIII	101963	1	0.5	25
	chrIII	101970	1	0.5	25
	chrIII	101975	1	0.5	25
	chrIII	101976	1	0.5	25
	chrIII	101977	0	0.5	25
	chrIII	101987	1	0.5	25
	chrIII	101995	1	0.5	25
	chrIII	102000	0	0.5	25
	chrIII	102001	1	0.5	25
	chrIII	102018	1	0.5	25
	chrIII	102020	0	0.5	25
	chrIII	102022	1	0.5	25
	chrIII	102032	1	0.5	25
	chrIII	102033	1	0.5	25
	chrIII	102072	0	0.5	25
	chrIII	102075	1	0.5	25
	chrIII	102092	0	0.5	25
	chrIII	102093	0	0.5	25
	chrIII	102117	1	0.5	25
	chrIII	102118	0	0.5	25
	chrIII	102121	1	0.5	25
	chrIII	102135	0	0.5	25
	chrIII	102141	1	0.5	25
	chrIII	102142	1	0.5	25
	chrIII	102160	0	0.5	25
	chrIII	102168	0	0.5	25
	chrIII	102178	0	1.0	25
	chrIII	102196	1	0.5	25
	chrIII	102198	0	0.5	25
	chrIII	102221	1	0.5	25
	chrIII	102224	0	0.5	25
	chrIII	102229	1	0.5	25
	chrIII	102230	1	0.5	25
	chrIII	102231	0	0.5	25
	chrIII	102231	1	0.5	25
	chrIII	102233	0	0.5	25
	chrIII	102239	0	0.5	25
	chrIII	102255	0	0.5	25
	chrIII	102281	1	1.0	25
	chrIII	102285	1	0.5	25
	chrIII	102291	1	0.5	25
	chrIII	102292	0	0.5	25
	chrIII	102296	0	0.5	25
	chrIII	102298	0	0.5	25
	chrIII	102302	1	0.5	25
	chrIII	102306	1	0.5	25
	chrIII	102313	0	0.5	25
	chrIII	102326	0	0.5	25
	chrIII	102333	1	0.5	25
	chrIII	102335	0	1.0	25
	chrIII	102354	0	0.5	25
	chrIII	102357	0	0.5	25
	chrIII	102377	1	0.5	25
	chrIII	102388	1	0.5	25
	chrIII	102407	1	1.0	25
	chrIII	102413	1	0.5	25
	chrIII	102444	1	0.5	25
	chrIII	102485	1	0.5	25
	chrIII	102501	0	0.5	25
	chrIII	102507	0	0.5	25
	chrIII	102523	0	0.5	25
	chrIII	102527	1	0.5	25
	chrIII	102539	1	0.5	25
	chrIII	102577	1	1.0	25
	chrIII	102597	1	0.5	25
	chrIII	102605	0	0.5	25
	chrIII	102614	0	0.5	25
	chrIII	102647	1	0.5	25
	chrIII	102687	0	0.5	25
	chrIII	102703	1	0.5	25
	chrIII	102737	0	0.5	25
	chrIII	102777	1	0.5	25
	chrIII	102795	0	0.5	25
	chrIII	102801	0	0.5	25
	chrIII	102835	1	0.5	25
	chrIII	102843	0	0.5	25
	chrIII	102873	0	0.5	25
	chrIII	102896	1	0.5	25
	chrIII	102926	1	0.5	25
	chrIII	102934	1	0.5	25
	chrIII	102945	0	0.5	25
	chrIII	102967	1	0.5	25
	chrIII	103022	0	0.5	25
	chrIII	103056	0	0.5	25
	chrIII	103090	1	0.5	25
	chrIII	103093	1	0.5	25
	chrIII	103127	0	0.5	25
	chrIII	103221	1	0.5	25
	chrIII	103251	0	0.5	25
	chrIII	103262	0	0.5	25
	chrIII	103292	0	0.5	25
	chrIII	103299	0	0.5	25
	chrIII	103309	0	0.5	25
	chrIII	103337	0	0.5	25
	chrIII	103357	1	0.5	25
	chrIII	103359	0	0.5	25
	chrIII	103366	1	0.5	25
	chrIII	103382	0	0.5	25
	chrIII	103402	1	0.5	25
	chrIII	103403	0	0.5	25
	chrIII	103415	0	0.5	25
	chrIII	103416	0	0.5	25
	chrIII	103422	0	0.5	25
	chrIII	103429	0	1.0	25
	chrIII	103429	1	0.5	25
	chrIII	103431	0	0.5	25
	chrIII	103432	1	0.5	25
	chrIII	103434	0	0.5	25
	chrIII	103436	0	1.5	25
	chrIII	103437	0	1.0	25
	chrIII	103445	0	0.5	25
	chrIII	103448	0	0.5	25
	chrIII	103449	1	0.5	25
	chrIII	103451	1	0.5	25
	chrIII	103452	0	1.5	25
	chrIII	103453	0	0.5	25
	chrIII	103479	0	0.5	25
	chrIII	103481	1	1.0	25
	chrIII	103482	0	1.5	25
	chrIII	103483	0	0.5	25
	chrIII	103485	1	0.5	25
	chrIII	103491	0	0.5	25
	chrIII	103509	1	1.5	25
	chrIII	103511	1	0.5	25
	chrIII	103514	1	1.0	25
	chrIII	103516	1	0.5	25
	chrIII	103521	1	1.0	25
	chrIII	103528	1	2.0	25
	chrIII	103529	1	0.5	25
	chrIII	103539	1	1.5	25
	chrIII	103540	1	1.0	25
	chrIII	103545	1	0.5	25
	chrIII	103550	0	0.5	25
	chrIII	103553	1	0.5	25
	chrIII	103572	1	0.5	25
	chrIII	103575	1	0.5	25
	chrIII	103577	1	0.5	25
	chrIII	103598	0	0.5	25
	chrIII	103682	0	1.0	25
	chrIII	103718	1	0.5	25
	chrIII	103731	1	0.5	25
	chrIII	103790	1	1.0	25
	chrIII	103795	0	0.5	25
	chrIII	103858	0	0.5	25
	chrIII	103870	1	0.5	25
	chrIII	104054	0	1.0	25
	chrIII	104079	0	0.5	25
	chrIII	104099	0	0.5	25
	chrIII	104133	1	1.0	25
	chrIII	104135	0	0.5	25
	chrIII	104158	0	0.5	25
	chrIII	104165	0	0.5	25
	chrIII	104182	0	0.5	25
	chrIII	104189	1	0.5	25
	chrIII	104199	1	0.5	25
	chrIII	104201	1	0.5	25
	chrIII	104218	1	0.5	25
	chrIII	104222	1	0.5	25
	chrIII	104230	0	0.5	25
	chrIII	104230	1	0.5	25
	chrIII	104244	0	1.0	25
	chrIII	104245	0	0.5	25
	chrIII	104249	0	0.5	25
	chrIII	104252	0	0.5	25
	chrIII	104279	0	0.5	25
	chrIII	104301	1	0.5	25
	chrIII	104306	0	0.5	25
	chrIII	104307	0	0.5	25
	chrIII	104308	1	0.5	25
	chrIII	104312	1	0.5	25
	chrIII	104313	0	0.5	25
	chrIII	104319	1	0.5	25
	chrIII	104338	1	0.5	25
	chrIII	104349	1	0.5	25
	chrIII	104350	0	0.5	25
	chrIII	104351	1	0.5	25
	chrIII	104352	1	0.5	25
	chrIII	104353	1	0.5	25
	chrIII	104354	0	0.5	25
	chrIII	104359	0	1.0	25
	chrIII	104375	0	0.5	25
	chrIII	104398	0	0.5	25
	chrIII	104399	0	1.5	25
	chrIII	104404	0	0.5	25
	chrIII	104412	0	1.0	25
	chrIII	104417	0	0.5	25
	chrIII	104422	0	0.5	25
	chrIII	104424	1	0.5	25
	chrIII	104426	0	0.5	25
	chrIII	104427	0	0.5	25
	chrIII	104427	1	0.5	25
	chrIII	104431	1	0.5	25
	chrIII	104437	0	0.5	25
	chrIII	104438	1	0.5	25
	chrIII	104439	0	0.5	25
	chrIII	104442	0	0.5	25
	chrIII	104456	0	0.5	25
	chrIII	104461	0	0.5	25
	chrIII	104467	1	0.5	25
	chrIII	104473	1	1.5	25
	chrIII	104474	0	1.0	25
	chrIII	104475	0	2.0	25
	chrIII	104483	0	0.5	25
	chrIII	104485	0	0.5	25
	chrIII	104485	1	0.5	25
	chrIII	104486	1	0.5	25
	chrIII	104488	1	0.5	25
	chrIII	104489	0	0.5	25
	chrIII	104489	1	1.0	25
	chrIII	104490	0	1.0	25
	chrIII	104492	0	0.5	25
	chrIII	104493	1	0.5	25
	chrIII	104498	0	0.5	25
	chrIII	104499	0	0.5	25
	chrIII	104499	1	0.5	25
	chrIII	104520	1	0.5	25
	chrIII	104527	1	1.0	25
	chrIII	104530	1	0.5	25
	chrIII	104531	1	1.0	25
	chrIII	104532	1	1.0	25
	chrIII	104537	1	1.5	25
	chrIII	104540	1	1.0	25
	chrIII	104541	1	0.5	25
	chrIII	104551	0	0.5	25
	chrIII	104554	1	0.5	25
	chrIII	104555	1	0.5	25
	chrIII	104559	1	1.0	25
	chrIII	104563	1	0.5	25
	chrIII	104565	1	1.0	25
	chrIII	104584	1	0.5	25
	chrIII	104610	1	0.5	25
	chrIII	104664	0	0.5	25
	chrIII	104695	0	0.5	25
	chrIII	104702	0	0.5	25
	chrIII	104735	1	0.5	25
	chrIII	104746	0	1.5	25
	chrIII	104752	1	0.5	25
	chrIII	104757	0	0.5	25
	chrIII	104786	1	0.5	25
	chrIII	104814	1	0.5	25
	chrIII	104834	0	1.5	25
	chrIII	104854	1	1.0	25
	chrIII	104855	0	1.0	25
	chrIII	104884	0	0.5	25
	chrIII	104906	0	0.5	25
	chrIII	104916	0	0.5	25
	chrIII	104916	1	1.5	25
	chrIII	104919	1	1.0	25
	chrIII	104926	1	0.5	25
	chrIII	104966	0	0.5	25
	chrIII	104970	1	0.5	25
	chrIII	104999	1	0.5	25
	chrIII	105013	1	0.5	25
	chrIII	105024	0	0.5	25
	chrIII	105075	1	0.5	25
	chrIII	105092	0	0.5	25
	chrIII	105098	0	1.0	25
	chrIII	105134	0	0.5	25
	chrIII	105136	1	0.5	25
	chrIII	105175	1	0.5	25
	chrIII	105183	1	1.0	25
	chrIII	105221	1	0.5	25
	chrIII	105275	0	0.5	25
	chrIII	105331	1	0.5	25
	chrIII	105393	0	0.5	25
	chrIII	105402	0	0.5	25
	chrIII	105404	0	0.5	25
	chrIII	105406	0	1.0	25
	chrIII	105419	0	0.5	25
	chrIII	105448	1	0.5	25
	chrIII	105460	0	0.5	25
	chrIII	105463	1	0.5	25
	chrIII	105481	1	0.5	25
	chrIII	105492	0	0.5	25
	chrIII	105493	1	1.5	25
	chrIII	105507	0	0.5	25
	chrIII	105512	0	0.5	25
	chrIII	105533	1	0.5	25
	chrIII	105534	1	0.5	25
	chrIII	105539	1	0.5	25
	chrIII	105564	0	0.5	25
	chrIII	105581	0	0.5	25
	chrIII	105584	0	0.5	25
	chrIII	105585	1	0.5	25
	chrIII	105604	0	1.5	25
	chrIII	105606	0	0.5	25
	chrIII	105616	0	1.0	25
	chrIII	105616	1	0.5	25
	chrIII	105617	0	0.5	25
	chrIII	105620	0	0.5	25
	chrIII	105634	1	0.5	25
	chrIII	105638	1	0.5	25
	chrIII	105639	0	0.5	25
	chrIII	105658	1	0.5	25
	chrIII	105663	0	0.5	25
	chrIII	105664	1	0.5	25
	chrIII	105679	1	0.5	25
	chrIII	105684	1	0.5	25
	chrIII	105690	1	0.5	25
	chrIII	105703	1	1.0	25
	chrIII	105708	1	0.5	25
	chrIII	105709	1	0.5	25
	chrIII	105728	0	0.5	25
	chrIII	105738	0	0.5	25
	chrIII	105748	1	0.5	25
	chrIII	105754	0	0.5	25
	chrIII	105769	0	1.0	25
	chrIII	105778	0	0.5	25
	chrIII	105782	0	0.5	25
	chrIII	105801	1	0.5	25
	chrIII	105816	1	0.5	25
	chrIII	105828	1	1.0	25
	chrIII	105834	1	0.5	25
	chrIII	105870	1	0.5	25
	chrIII	105903	1	0.5	25
	chrIII	105920	0	0.5	25
	chrIII	105953	0	1.5	25
	chrIII	105967	1	0.5	25
	chrIII	106016	1	0.5	25
	chrIII	106030	0	0.5	25
	chrIII	106074	0	0.5	25
	chrIII	106082	1	0.5	25
	chrIII	106103	0	0.5	25
	chrIII	106141	1	1.0	25
	chrIII	106149	0	0.5	25
	chrIII	106165	0	0.5	25
	chrIII	106175	1	0.5	25
	chrIII	106222	1	0.5	25
	chrIII	106229	1	0.5	25
	chrIII	106238	1	0.5	25
	chrIII	106292	0	0.5	25
	chrIII	106309	0	0.5	25
	chrIII	106327	0	0.5	25
	chrIII	106341	1	0.5	25
	chrIII	106352	0	0.5	25
	chrIII	106370	0	0.5	25
	chrIII	106396	1	0.5	25
	chrIII	106397	0	0.5	25
	chrIII	106398	1	0.5	25
	chrIII	106400	0	0.5	25
	chrIII	106413	0	0.5	25
	chrIII	106431	0	0.5	25
	chrIII	106432	0	1.0	25
	chrIII	106437	0	1.0	25
	chrIII	106438	0	0.5	25
	chrIII	106459	1	0.5	25
	chrIII	106485	1	0.5	25
	chrIII	106488	0	1.0	25
	chrIII	106502	1	0.5	25
	chrIII	106526	1	0.5	25
	chrIII	106533	0	0.5	25
	chrIII	106533	1	0.5	25
	chrIII	106547	1	1.0	25
	chrIII	106550	0	0.5	25
	chrIII	106554	1	0.5	25
	chrIII	106557	0	0.5	25
	chrIII	106558	0	0.5	25
	chrIII	106559	1	0.5	25
	chrIII	106563	0	0.5	25
	chrIII	106565	0	1.0	25
	chrIII	106594	1	0.5	25
	chrIII	106596	0	0.5	25
	chrIII	106600	1	1.0	25
	chrIII	106639	1	1.0	25
	chrIII	106646	0	0.5	25
	chrIII	106647	1	1.0	25
	chrIII	106652	1	0.5	25
	chrIII	106670	1	0.5	25
	chrIII	106697	1	0.5	25
	chrIII	106701	1	0.5	25
	chrIII	106720	1	0.5	25
	chrIII	106748	0	1.0	25
	chrIII	106813	0	0.5	25
	chrIII	106852	0	0.5	25
	chrIII	106861	1	0.5	25
	chrIII	106864	0	0.5	25
	chrIII	106876	0	0.5	25
	chrIII	106881	0	0.5	25
	chrIII	106888	0	0.5	25
	chrIII	106889	0	2.0	25
	chrIII	106890	0	1.5	25
	chrIII	106892	0	1.0	25
	chrIII	106893	0	1.0	25
	chrIII	106894	0	0.5	25
	chrIII	106898	0	0.5	25
	chrIII	106905	0	0.5	25
	chrIII	106913	1	0.5	25
	chrIII	106919	0	0.5	25
	chrIII	106919	1	1.5	25
	chrIII	106920	0	1.0	25
	chrIII	106931	0	0.5	25
	chrIII	106938	1	0.5	25
	chrIII	106943	0	0.5	25
	chrIII	106946	1	0.5	25
	chrIII	106947	1	0.5	25
	chrIII	106954	1	1.5	25
	chrIII	106968	1	0.5	25
	chrIII	106969	1	0.5	25
	chrIII	106970	1	0.5	25
	chrIII	106971	1	0.5	25
	chrIII	106972	1	0.5	25
	chrIII	106975	1	2.0	25
	chrIII	106976	1	1.0	25
	chrIII	106978	0	0.5	25
	chrIII	106982	1	1.5	25
	chrIII	106984	1	0.5	25
	chrIII	107022	0	0.5	25
	chrIII	107027	1	0.5	25
	chrIII	107033	0	0.5	25
	chrIII	107033	1	0.5	25
	chrIII	107077	1	0.5	25
	chrIII	107112	1	0.5	25
	chrIII	107114	0	0.5	25
	chrIII	107118	0	1.0	25
	chrIII	107128	1	0.5	25
	chrIII	107165	1	0.5	25
	chrIII	107178	1	1.0	25
	chrIII	107180	0	0.5	25
	chrIII	107181	0	0.5	25
	chrIII	107189	0	1.0	25
	chrIII	107195	0	1.0	25
	chrIII	107199	0	1.0	25
	chrIII	107226	0	0.5	25
	chrIII	107227	0	0.5	25
	chrIII	107237	1	0.5	25
	chrIII	107250	0	0.5	25
	chrIII	107264	1	1.0	25
	chrIII	107299	1	0.5	25
	chrIII	107319	0	0.5	25
	chrIII	107324	0	0.5	25
	chrIII	107341	1	0.5	25
	chrIII	107356	0	0.5	25
	chrIII	107371	0	0.5	25
	chrIII	107375	1	1.0	25
	chrIII	107383	0	0.5	25
	chrIII	107405	1	1.0	25
	chrIII	107410	1	0.5	25
	chrIII	107413	1	0.5	25
	chrIII	107415	0	0.5	25
	chrIII	107417	0	1.0	25
	chrIII	107418	0	0.5	25
	chrIII	107426	0	0.5	25
	chrIII	107427	1	0.5	25
	chrIII	107432	1	0.5	25
	chrIII	107457	1	1.0	25
	chrIII	107458	0	0.5	25
	chrIII	107459	0	1.5	25
	chrIII	107460	1	0.5	25
	chrIII	107466	0	0.5	25
	chrIII	107472	1	0.5	25
	chrIII	107474	1	0.5	25
	chrIII	107481	1	0.5	25
	chrIII	107482	0	0.5	25
	chrIII	107489	1	0.5	25
	chrIII	107494	0	0.5	25
	chrIII	107502	0	1.0	25
	chrIII	107509	1	0.5	25
	chrIII	107520	0	1.0	25
	chrIII	107520	1	1.0	25
	chrIII	107538	0	0.5	25
	chrIII	107539	1	0.5	25
	chrIII	107549	0	0.5	25
	chrIII	107550	0	1.0	25
	chrIII	107555	1	1.0	25
	chrIII	107557	1	1.5	25
	chrIII	107559	0	0.5	25
	chrIII	107590	0	0.5	25
	chrIII	107607	1	1.0	25
	chrIII	107610	1	0.5	25
	chrIII	107612	1	0.5	25
	chrIII	107617	1	0.5	25
	chrIII	107623	0	0.5	25
	chrIII	107631	1	0.5	25
	chrIII	107636	1	0.5	25
	chrIII	107642	1	0.5	25
	chrIII	107653	1	0.5	25
	chrIII	107668	0	0.5	25
	chrIII	107670	0	1.0	25
	chrIII	107721	1	1.0	25
	chrIII	107726	0	1.0	25
	chrIII	107731	1	0.5	25
	chrIII	107747	1	0.5	25
	chrIII	107770	0	0.5	25
	chrIII	107775	0	0.5	25
	chrIII	107775	1	0.5	25
	chrIII	107780	0	0.5	25
	chrIII	107794	0	0.5	25
	chrIII	107806	0	0.5	25
	chrIII	107826	1	0.5	25
	chrIII	107828	1	1.0	25
	chrIII	107829	0	1.0	25
	chrIII	107830	0	0.5	25
	chrIII	107837	0	0.5	25
	chrIII	107840	1	0.5	25
	chrIII	107844	0	0.5	25
	chrIII	107846	0	0.5	25
	chrIII	107850	0	1.0	25
	chrIII	107854	1	0.5	25
	chrIII	107855	0	0.5	25
	chrIII	107856	0	0.5	25
	chrIII	107869	0	1.0	25
	chrIII	107879	1	0.5	25
	chrIII	107880	0	1.0	25
	chrIII	107882	0	3.0	25
	chrIII	107891	0	0.5	25
	chrIII	107895	0	0.5	25
	chrIII	107895	1	0.5	25
	chrIII	107896	0	1.0	25
	chrIII	107897	1	0.5	25
	chrIII	107923	1	0.5	25
	chrIII	107924	1	0.5	25
	chrIII	107925	1	1.0	25
	chrIII	107926	0	1.5	25
	chrIII	107944	0	1.0	25
	chrIII	107949	1	2.0	25
	chrIII	107950	0	1.0	25
	chrIII	107950	1	3.0	25
	chrIII	107951	1	0.5	25
	chrIII	107953	0	1.0	25
	chrIII	107963	1	0.5	25
	chrIII	107967	1	0.5	25
	chrIII	107976	1	1.0	25
	chrIII	107978	1	0.5	25
	chrIII	107980	1	0.5	25
	chrIII	107981	0	1.0	25
	chrIII	107981	1	0.5	25
	chrIII	107986	1	0.5	25
	chrIII	107987	1	1.0	25
	chrIII	107999	0	0.5	25
	chrIII	108001	1	0.5	25
	chrIII	108007	1	1.0	25
	chrIII	108030	0	0.5	25
	chrIII	108035	0	0.5	25
	chrIII	108052	1	0.5	25
	chrIII	108054	1	0.5	25
	chrIII	108058	0	1.0	25
	chrIII	108079	1	0.5	25
	chrIII	108086	1	1.0	25
	chrIII	108097	1	0.5	25
	chrIII	108111	0	0.5	25
	chrIII	108113	1	1.0	25
	chrIII	108118	0	1.0	25
	chrIII	108143	1	1.0	25
	chrIII	108147	0	0.5	25
	chrIII	108179	0	0.5	25
	chrIII	108179	1	0.5	25
	chrIII	108208	1	0.5	25
	chrIII	108228	0	0.5	25
	chrIII	108237	1	0.5	25
	chrIII	108274	1	0.5	25
	chrIII	108277	0	0.5	25
	chrIII	108285	1	0.5	25
	chrIII	108298	1	0.5	25
	chrIII	108300	0	0.5	25
	chrIII	108310	0	0.5	25
	chrIII	108339	0	0.5	25
	chrIII	108353	1	0.5	25
	chrIII	108358	0	0.5	25
	chrIII	108367	0	0.5	25
	chrIII	108394	0	0.5	25
	chrIII	108401	1	0.5	25
	chrIII	108414	1	0.5	25
	chrIII	108437	0	0.5	25
	chrIII	108453	0	1.0	25
	chrIII	108469	1	0.5	25
	chrIII	108475	1	0.5	25
	chrIII	108485	1	0.5	25
	chrIII	108541	1	0.5	25
	chrIII	108572	0	0.5	25
	chrIII	108573	0	1.0	25
	chrIII	108574	0	0.5	25
	chrIII	108579	1	0.5	25
	chrIII	108589	0	0.5	25
	chrIII	108599	0	1.0	25
	chrIII	108626	1	1.0	25
	chrIII	108632	1	0.5	25
	chrIII	108660	0	0.5	25
	chrIII	108669	1	0.5	25
	chrIII	108674	1	0.5	25
	chrIII	108689	1	0.5	25
	chrIII	108715	0	0.5	25
	chrIII	108716	0	0.5	25
	chrIII	108722	0	0.5	25
	chrIII	108730	0	0.5	25
	chrIII	108732	0	0.5	25
	chrIII	108753	1	1.0	25
	chrIII	108759	0	0.5	25
	chrIII	108759	1	0.5	25
	chrIII	108766	0	1.0	25
	chrIII	108769	0	0.5	25
	chrIII	108776	1	1.0	25
	chrIII	108793	1	0.5	25
	chrIII	108802	0	0.5	25
	chrIII	108804	0	0.5	25
	chrIII	108814	1	0.5	25
	chrIII	108835	1	0.5	25
	chrIII	108839	0	1.0	25
	chrIII	108851	1	0.5	25
	chrIII	108852	1	0.5	25
	chrIII	108862	0	0.5	25
	chrIII	108862	1	0.5	25
	chrIII	108885	1	0.5	25
	chrIII	108895	1	0.5	25
	chrIII	108900	1	1.0	25
	chrIII	108903	1	0.5	25
	chrIII	108904	0	1.0	25
	chrIII	108905	0	0.5	25
	chrIII	108906	0	2.0	25
	chrIII	108909	0	1.0	25
	chrIII	108919	1	0.5	25
	chrIII	108920	0	1.0	25
	chrIII	108927	0	0.5	25
	chrIII	108947	1	0.5	25
	chrIII	108948	0	1.0	25
	chrIII	108948	1	0.5	25
	chrIII	108955	0	1.0	25
	chrIII	108966	1	1.0	25
	chrIII	108978	0	0.5	25
	chrIII	108981	1	0.5	25
	chrIII	108988	0	0.5	25
	chrIII	108989	0	0.5	25
	chrIII	108993	1	0.5	25
	chrIII	108995	1	1.0	25
	chrIII	108997	1	1.0	25
	chrIII	109016	0	0.5	25
	chrIII	109038	1	0.5	25
	chrIII	109043	1	0.5	25
	chrIII	109044	1	0.5	25
	chrIII	109064	1	0.5	25
	chrIII	109070	1	0.5	25
	chrIII	109093	0	0.5	25
	chrIII	109093	1	1.0	25
	chrIII	109097	0	0.5	25
	chrIII	109103	0	0.5	25
	chrIII	109104	0	0.5	25
	chrIII	109114	0	1.0	25
	chrIII	109141	0	0.5	25
	chrIII	109141	1	0.5	25
	chrIII	109151	1	1.0	25
	chrIII	109152	1	0.5	25
	chrIII	109157	1	0.5	25
	chrIII	109159	0	0.5	25
	chrIII	109161	1	0.5	25
	chrIII	109172	1	1.0	25
	chrIII	109180	1	0.5	25
	chrIII	109188	0	0.5	25
	chrIII	109189	0	1.0	25
	chrIII	109213	0	0.5	25
	chrIII	109215	1	0.5	25
	chrIII	109248	1	0.5	25
	chrIII	109256	0	0.5	25
	chrIII	109265	1	1.0	25
	chrIII	109274	1	0.5	25
	chrIII	109280	0	0.5	25
	chrIII	109299	1	0.5	25
	chrIII	109304	0	0.5	25
	chrIII	109308	1	0.5	25
	chrIII	109314	1	0.5	25
	chrIII	109328	0	0.5	25
	chrIII	109345	1	0.5	25
	chrIII	109351	0	0.5	25
	chrIII	109382	1	0.5	25
	chrIII	109389	0	0.5	25
	chrIII	109395	0	0.5	25
	chrIII	109438	1	0.5	25
	chrIII	109462	1	0.5	25
	chrIII	109483	0	1.0	25
	chrIII	109490	1	0.5	25
	chrIII	109499	0	0.5	25
	chrIII	109507	1	0.5	25
	chrIII	109509	0	0.5	25
	chrIII	109524	0	0.5	25
	chrIII	109536	0	1.0	25
	chrIII	109570	1	0.5	25
	chrIII	109588	1	0.5	25
	chrIII	109594	1	1.0	25
	chrIII	109597	1	0.5	25
	chrIII	109629	0	0.5	25
	chrIII	109640	0	0.5	25
	chrIII	109643	0	0.5	25
	chrIII	109643	1	1.0	25
	chrIII	109644	0	0.5	25
	chrIII	109673	0	0.5	25
	chrIII	109684	1	0.5	25
	chrIII	109686	0	0.5	25
	chrIII	109711	1	0.5	25
	chrIII	109713	1	0.5	25
	chrIII	109721	1	0.5	25
	chrIII	109737	0	0.5	25
	chrIII	109760	0	0.5	25
	chrIII	109771	0	0.5	25
	chrIII	109776	1	0.5	25
	chrIII	109803	1	0.5	25
	chrIII	109818	0	0.5	25
	chrIII	109842	1	0.5	25
	chrIII	109846	1	0.5	25
	chrIII	109867	1	0.5	25
	chrIII	109869	1	0.5	25
	chrIII	109906	0	0.5	25
	chrIII	109909	0	0.5	25
	chrIII	109922	0	0.5	25
	chrIII	109926	0	0.5	25
	chrIII	109936	0	0.5	25
	chrIII	109948	0	0.5	25
	chrIII	109962	1	0.5	25
	chrIII	109964	0	0.5	25
	chrIII	109965	0	0.5	25
	chrIII	109989	1	0.5	25
	chrIII	109997	0	0.5	25
	chrIII	109999	1	0.5	25
	chrIII	110003	1	0.5	25
	chrIII	110005	1	1.0	25
	chrIII	110038	0	0.5	25
	chrIII	110048	0	0.5	25
	chrIII	110055	1	0.5	25
	chrIII	110074	0	0.5	25
	chrIII	110077	1	0.5	25
	chrIII	110082	1	0.5	25
	chrIII	110096	0	0.5	25
	chrIII	110101	0	0.5	25
	chrIII	110130	0	0.5	25
	chrIII	110142	1	0.5	25
	chrIII	110147	0	1.0	25
	chrIII	110147	1	0.5	25
	chrIII	110158	0	0.5	25
	chrIII	110164	0	0.5	25
	chrIII	110174	1	0.5	25
	chrIII	110177	1	0.5	25
	chrIII	110191	0	0.5	25
	chrIII	110219	0	0.5	25
	chrIII	110235	1	0.5	25
	chrIII	110246	1	0.5	25
	chrIII	110248	1	0.5	25
	chrIII	110255	1	0.5	25
	chrIII	110259	1	0.5	25
	chrIII	110262	0	0.5	25
	chrIII	110296	0	0.5	25
	chrIII	110316	1	0.5	25
	chrIII	110319	0	0.5	25
	chrIII	110332	0	0.5	25
	chrIII	110333	1	0.5	25
	chrIII	110346	0	0.5	25
	chrIII	110350	1	0.5	25
	chrIII	110370	0	0.5	25
	chrIII	110371	1	0.5	25
	chrIII	110388	0	0.5	25
	chrIII	110403	0	1.0	25
	chrIII	110418	1	0.5	25
	chrIII	110424	1	0.5	25
	chrIII	110427	0	0.5	25
	chrIII	110430	1	0.5	25
	chrIII	110434	1	0.5	25
	chrIII	110461	1	0.5	25
	chrIII	110510	1	0.5	25
	chrIII	110513	1	1.0	25
	chrIII	110529	0	0.5	25
	chrIII	110569	0	0.5	25
	chrIII	110574	1	0.5	25
	chrIII	110588	1	0.5	25
	chrIII	110589	0	2.0	25
	chrIII	110595	0	1.0	25
	chrIII	110598	0	1.0	25
	chrIII	110601	0	0.5	25
	chrIII	110607	0	1.0	25
	chrIII	110634	1	0.5	25
	chrIII	110651	0	0.5	25
	chrIII	110665	1	1.0	25
	chrIII	110668	1	2.0	25
	chrIII	110671	0	1.5	25
	chrIII	110677	1	1.0	25
	chrIII	110691	0	0.5	25
	chrIII	110695	0	0.5	25
	chrIII	110726	0	0.5	25
	chrIII	110726	1	1.5	25
	chrIII	110740	1	0.5	25
	chrIII	110746	1	0.5	25
	chrIII	110758	0	0.5	25
	chrIII	110776	1	0.5	25
	chrIII	110780	1	0.5	25
	chrIII	110782	1	0.5	25
	chrIII	110791	1	1.0	25
	chrIII	110815	0	0.5	25
	chrIII	110844	1	0.5	25
	chrIII	110880	0	0.5	25
	chrIII	110881	0	0.5	25
	chrIII	110891	1	0.5	25
	chrIII	110894	0	0.5	25
	chrIII	110924	0	0.5	25
	chrIII	110932	0	0.5	25
	chrIII	110989	1	0.5	25
	chrIII	111003	1	0.5	25
	chrIII	111028	1	0.5	25
	chrIII	111055	0	0.5	25
	chrIII	111078	0	0.5	25
	chrIII	111093	1	0.5	25
	chrIII	111103	0	0.5	25
	chrIII	111109	0	0.5	25
	chrIII	111145	1	0.5	25
	chrIII	111146	0	0.5	25
	chrIII	111157	1	0.5	25
	chrIII	111159	1	0.5	25
	chrIII	111180	0	0.5	25
	chrIII	111181	1	0.5	25
	chrIII	111201	1	0.5	25
	chrIII	111210	0	0.5	25
	chrIII	111224	0	0.5	25
	chrIII	111256	1	0.5	25
	chrIII	111264	1	0.5	25
	chrIII	111270	0	0.5	25
	chrIII	111273	0	0.5	25
	chrIII	111281	0	0.5	25
	chrIII	111297	0	0.5	25
	chrIII	111311	0	0.5	25
	chrIII	111312	1	0.5	25
	chrIII	111319	1	0.5	25
	chrIII	111344	1	0.5	25
	chrIII	111346	1	0.5	25
	chrIII	111354	1	0.5	25
	chrIII	111398	0	0.5	25
	chrIII	111419	1	0.5	25
	chrIII	111434	0	0.5	25
	chrIII	111446	1	0.5	25
	chrIII	111471	1	0.5	25
	chrIII	111486	1	0.5	25
	chrIII	111488	0	1.0	25
	chrIII	111494	0	0.5	25
	chrIII	111510	0	1.0	25
	chrIII	111555	0	0.5	25
	chrIII	111555	1	1.0	25
	chrIII	111560	0	0.5	25
	chrIII	111590	1	0.5	25
	chrIII	111609	0	0.5	25
	chrIII	111611	0	0.5	25
	chrIII	111614	0	1.0	25
	chrIII	111631	1	0.5	25
	chrIII	111649	1	0.5	25
	chrIII	111652	1	0.5	25
	chrIII	111676	0	1.0	25
	chrIII	111734	0	0.5	25
	chrIII	111734	1	0.5	25
	chrIII	111735	0	2.0	25
	chrIII	111740	0	0.5	25
	chrIII	111740	1	1.0	25
	chrIII	111741	0	2.5	25
	chrIII	111742	0	0.5	25
	chrIII	111742	1	1.0	25
	chrIII	111749	1	0.5	25
	chrIII	111754	0	0.5	25
	chrIII	111757	0	1.0	25
	chrIII	111763	1	0.5	25
	chrIII	111793	0	0.5	25
	chrIII	111793	1	0.5	25
	chrIII	111794	0	1.0	25
	chrIII	111802	0	0.5	25
	chrIII	111803	1	2.0	25
	chrIII	111823	0	0.5	25
	chrIII	111824	1	1.5	25
	chrIII	111825	1	1.0	25
	chrIII	111827	1	0.5	25
	chrIII	111828	1	1.5	25
	chrIII	111829	1	0.5	25
	chrIII	111830	0	0.5	25
	chrIII	111831	0	0.5	25
	chrIII	111835	1	0.5	25
	chrIII	111836	0	0.5	25
	chrIII	111852	0	0.5	25
	chrIII	111866	1	0.5	25
	chrIII	111869	1	0.5	25
	chrIII	111872	1	0.5	25
	chrIII	111877	0	0.5	25
	chrIII	111892	1	0.5	25
	chrIII	111897	0	0.5	25
	chrIII	111904	0	0.5	25
	chrIII	111906	0	0.5	25
	chrIII	111913	1	0.5	25
	chrIII	111914	1	0.5	25
	chrIII	111931	0	0.5	25
	chrIII	111954	1	0.5	25
	chrIII	111965	0	0.5	25
	chrIII	111965	1	0.5	25
	chrIII	111972	1	0.5	25
	chrIII	111973	1	1.0	25
	chrIII	111978	0	0.5	25
	chrIII	111985	0	0.5	25
	chrIII	111993	0	0.5	25
	chrIII	111996	0	0.5	25
	chrIII	111997	1	0.5	25
	chrIII	111999	0	1.0	25
	chrIII	112009	1	0.5	25
	chrIII	112032	1	1.0	25
	chrIII	112033	0	0.5	25
	chrIII	112049	1	0.5	25
	chrIII	112051	1	0.5	25
	chrIII	112052	0	0.5	25
	chrIII	112074	1	0.5	25
	chrIII	112082	1	0.5	25
	chrIII	112091	0	1.5	25
	chrIII	112097	1	0.5	25
	chrIII	112117	0	0.5	25
	chrIII	112135	1	0.5	25
	chrIII	112146	1	1.5	25
	chrIII	112151	1	0.5	25
	chrIII	112184	1	0.5	25
	chrIII	112185	0	1.0	25
	chrIII	112187	0	0.5	25
	chrIII	112189	0	0.5	25
	chrIII	112194	0	1.0	25
	chrIII	112197	0	0.5	25
	chrIII	112231	0	0.5	25
	chrIII	112235	0	0.5	25
	chrIII	112250	1	0.5	25
	chrIII	112253	0	0.5	25
	chrIII	112253	1	0.5	25
	chrIII	112261	0	0.5	25
	chrIII	112262	0	0.5	25
	chrIII	112263	1	1.0	25
	chrIII	112285	0	0.5	25
	chrIII	112287	0	0.5	25
	chrIII	112288	1	0.5	25
	chrIII	112298	1	0.5	25
	chrIII	112305	0	0.5	25
	chrIII	112312	1	0.5	25
	chrIII	112322	1	1.0	25
	chrIII	112330	0	0.5	25
	chrIII	112332	0	0.5	25
	chrIII	112339	0	0.5	25
	chrIII	112345	1	0.5	25
	chrIII	112348	1	0.5	25
	chrIII	112361	1	0.5	25
	chrIII	112370	0	0.5	25
	chrIII	112375	1	0.5	25
	chrIII	112376	1	0.5	25
	chrIII	112378	1	0.5	25
	chrIII	112381	0	0.5	25
	chrIII	112382	0	2.5	25
	chrIII	112386	0	0.5	25
	chrIII	112395	0	0.5	25
	chrIII	112397	1	0.5	25
	chrIII	112402	0	0.5	25
	chrIII	112423	1	0.5	25
	chrIII	112426	1	0.5	25
	chrIII	112429	0	0.5	25
	chrIII	112433	0	0.5	25
	chrIII	112435	0	0.5	25
	chrIII	112437	0	0.5	25
	chrIII	112441	1	0.5	25
	chrIII	112443	0	0.5	25
	chrIII	112443	1	0.5	25
	chrIII	112446	1	1.0	25
	chrIII	112448	0	0.5	25
	chrIII	112462	1	0.5	25
	chrIII	112474	1	0.5	25
	chrIII	112476	1	0.5	25
	chrIII	112477	0	0.5	25
	chrIII	112482	0	1.5	25
	chrIII	112487	0	0.5	25
	chrIII	112492	0	0.5	25
	chrIII	112499	1	0.5	25
	chrIII	112500	1	0.5	25
	chrIII	112506	0	0.5	25
	chrIII	112512	1	0.5	25
	chrIII	112516	1	1.0	25
	chrIII	112517	1	0.5	25
	chrIII	112528	1	0.5	25
	chrIII	112539	0	0.5	25
	chrIII	112546	1	0.5	25
	chrIII	112551	1	2.0	25
	chrIII	112556	0	0.5	25
	chrIII	112560	1	0.5	25
	chrIII	112563	1	0.5	25
	chrIII	112565	1	0.5	25
	chrIII	112568	0	0.5	25
	chrIII	112590	0	0.5	25
	chrIII	112602	1	0.5	25
	chrIII	112603	1	0.5	25
	chrIII	112629	0	0.5	25
	chrIII	112630	1	0.5	25
	chrIII	112633	1	0.5	25
	chrIII	112644	0	0.5	25
	chrIII	112652	1	0.5	25
	chrIII	112654	0	0.5	25
	chrIII	112664	0	0.5	25
	chrIII	112672	0	0.5	25
	chrIII	112673	0	0.5	25
	chrIII	112686	1	0.5	25
	chrIII	112696	1	0.5	25
	chrIII	112715	0	0.5	25
	chrIII	112725	1	0.5	25
	chrIII	112747	0	0.5	25
	chrIII	112748	0	0.5	25
	chrIII	112751	1	0.5	25
	chrIII	112753	1	0.5	25
	chrIII	112788	0	0.5	25
	chrIII	112799	0	0.5	25
	chrIII	112805	0	0.5	25
	chrIII	112838	1	0.5	25
	chrIII	112839	0	0.5	25
	chrIII	112840	0	0.5	25
	chrIII	112868	0	0.5	25
	chrIII	112877	1	0.5	25
	chrIII	112878	0	1.0	25
	chrIII	112886	0	0.5	25
	chrIII	112904	1	0.5	25
	chrIII	112910	1	0.5	25
	chrIII	112918	1	1.0	25
	chrIII	112935	0	0.5	25
	chrIII	112935	1	0.5	25
	chrIII	112936	1	0.5	25
	chrIII	112938	0	1.0	25
	chrIII	112953	1	1.0	25
	chrIII	112960	1	0.5	25
	chrIII	112969	0	0.5	25
	chrIII	112975	1	0.5	25
	chrIII	112978	0	0.5	25
	chrIII	112986	0	0.5	25
	chrIII	113001	0	0.5	25
	chrIII	113010	1	0.5	25
	chrIII	113013	0	0.5	25
	chrIII	113013	1	0.5	25
	chrIII	113042	1	1.0	25
	chrIII	113045	0	0.5	25
	chrIII	113053	0	0.5	25
	chrIII	113057	1	0.5	25
	chrIII	113068	1	0.5	25
	chrIII	113075	0	0.5	25
	chrIII	113082	1	0.5	25
	chrIII	113110	0	0.5	25
	chrIII	113113	1	0.5	25
	chrIII	113120	1	0.5	25
	chrIII	113135	1	0.5	25
	chrIII	113154	1	0.5	25
	chrIII	113163	0	0.5	25
	chrIII	113171	1	0.5	25
	chrIII	113172	0	0.5	25
	chrIII	113188	0	0.5	25
	chrIII	113191	0	0.5	25
	chrIII	113207	0	0.5	25
	chrIII	113208	0	1.0	25
	chrIII	113217	0	1.5	25
	chrIII	113217	1	0.5	25
	chrIII	113226	0	0.5	25
	chrIII	113237	1	0.5	25
	chrIII	113254	1	1.0	25
	chrIII	113257	1	0.5	25
	chrIII	113261	1	0.5	25
	chrIII	113263	0	0.5	25
	chrIII	113272	1	0.5	25
	chrIII	113280	1	0.5	25
	chrIII	113289	1	1.0	25
	chrIII	113292	1	0.5	25
	chrIII	113293	0	1.0	25
	chrIII	113305	0	0.5	25
	chrIII	113326	1	0.5	25
	chrIII	113331	0	0.5	25
	chrIII	113353	0	0.5	25
	chrIII	113397	0	0.5	25
	chrIII	113398	1	0.5	25
	chrIII	113407	1	0.5	25
	chrIII	113417	1	0.5	25
	chrIII	113427	1	0.5	25
	chrIII	113432	0	1.0	25
	chrIII	113440	0	0.5	25
	chrIII	113445	0	0.5	25
	chrIII	113462	1	0.5	25
	chrIII	113463	1	0.5	25
	chrIII	113472	1	0.5	25
	chrIII	113482	0	0.5	25
	chrIII	113491	1	0.5	25
	chrIII	113492	0	0.5	25
	chrIII	113510	1	1.0	25
	chrIII	113517	1	0.5	25
	chrIII	113528	1	0.5	25
	chrIII	113540	0	0.5	25
	chrIII	113561	0	0.5	25
	chrIII	113562	0	0.5	25
	chrIII	113588	0	1.0	25
	chrIII	113593	1	0.5	25
	chrIII	113611	0	1.0	25
	chrIII	113631	1	0.5	25
	chrIII	113635	0	0.5	25
	chrIII	113636	0	0.5	25
	chrIII	113648	0	1.0	25
	chrIII	113655	1	0.5	25
	chrIII	113666	1	0.5	25
	chrIII	113674	0	0.5	25
	chrIII	113674	1	0.5	25
	chrIII	113683	0	0.5	25
	chrIII	113708	1	1.0	25
	chrIII	113709	1	0.5	25
	chrIII	113710	0	0.5	25
	chrIII	113731	0	0.5	25
	chrIII	113731	1	0.5	25
	chrIII	113732	0	1.0	25
	chrIII	113738	0	0.5	25
	chrIII	113745	1	1.0	25
	chrIII	113766	1	0.5	25
	chrIII	113781	1	0.5	25
	chrIII	113782	1	0.5	25
	chrIII	113784	0	0.5	25
	chrIII	113790	1	0.5	25
	chrIII	113816	0	0.5	25
	chrIII	113847	0	0.5	25
	chrIII	113859	1	1.0	25
	chrIII	113860	0	1.0	25
	chrIII	113860	1	0.5	25
	chrIII	113862	0	0.5	25
	chrIII	113862	1	0.5	25
	chrIII	113874	1	1.0	25
	chrIII	113884	0	0.5	25
	chrIII	113901	1	0.5	25
	chrIII	113928	0	0.5	25
	chrIII	113931	1	0.5	25
	chrIII	113933	1	0.5	25
	chrIII	113936	1	0.5	25
	chrIII	113937	0	0.5	25
	chrIII	113941	1	0.5	25
	chrIII	113980	0	0.5	25
	chrIII	113997	0	0.5	25
	chrIII	113999	0	0.5	25
	chrIII	114015	1	0.5	25
	chrIII	114035	0	1.0	25
	chrIII	114057	0	1.0	25
	chrIII	114060	1	0.5	25
	chrIII	114065	1	0.5	25
	chrIII	114067	0	0.5	25
	chrIII	114079	0	0.5	25
	chrIII	114085	0	0.5	25
	chrIII	114110	1	0.5	25
	chrIII	114111	0	0.5	25
	chrIII	114123	1	1.0	25
	chrIII	114128	0	0.5	25
	chrIII	114133	0	0.5	25
	chrIII	114133	1	0.5	25
	chrIII	114134	0	0.5	25
	chrIII	114139	0	1.0	25
	chrIII	114140	1	0.5	25
	chrIII	114143	1	0.5	25
	chrIII	114147	0	0.5	25
	chrIII	114149	1	0.5	25
	chrIII	114152	0	0.5	25
	chrIII	114168	0	0.5	25
	chrIII	114175	1	0.5	25
	chrIII	114184	1	0.5	25
	chrIII	114190	0	0.5	25
	chrIII	114192	1	0.5	25
	chrIII	114201	0	0.5	25
	chrIII	114202	0	0.5	25
	chrIII	114207	0	0.5	25
	chrIII	114209	1	0.5	25
	chrIII	114232	1	0.5	25
	chrIII	114237	1	0.5	25
	chrIII	114240	1	0.5	25
	chrIII	114249	0	0.5	25
	chrIII	114251	1	0.5	25
	chrIII	114254	0	1.0	25
	chrIII	114255	0	0.5	25
	chrIII	114268	1	0.5	25
	chrIII	114274	0	0.5	25
	chrIII	114280	0	1.0	25
	chrIII	114280	1	0.5	25
	chrIII	114281	0	0.5	23
	chrIII	114281	0	0.5	25
	chrIII	114282	0	2.0	25
	chrIII	114282	1	0.5	25
	chrIII	114283	1	1.0	25
	chrIII	114284	0	0.5	25
	chrIII	114295	1	0.5	25
	chrIII	114296	0	7.5	25
	chrIII	114297	0	0.5	25
	chrIII	114298	0	1.0	25
	chrIII	114299	1	0.5	25
	chrIII	114306	1	0.5	25
	chrIII	114308	0	0.5	25
	chrIII	114309	0	1.0	25
	chrIII	114317	0	1.5	25
	chrIII	114324	0	0.5	25
	chrIII	114327	0	0.5	25
	chrIII	114332	0	0.5	25
	chrIII	114335	1	1.0	25
	chrIII	114337	1	0.5	25
	chrIII	114338	1	0.5	25
	chrIII	114339	1	0.5	25
	chrIII	114348	0	0.5	25
	chrIII	114351	1	1.0	25
	chrIII	114352	1	0.5	25
	chrIII	114353	1	0.5	25
	chrIII	114355	1	1.0	25
	chrIII	114358	1	3.0	25
	chrIII	114360	0	0.5	25
	chrIII	114360	1	1.5	25
	chrIII	114363	1	1.0	25
	chrIII	114364	1	1.5	25
	chrIII	114365	0	0.5	25
	chrIII	114367	1	0.5	25
	chrIII	114368	1	0.5	25
	chrIII	114372	1	0.5	25
	chrIII	114373	1	1.0	25
	chrIII	114374	0	0.5	25
	chrIII	114374	1	0.5	25
	chrIII	114375	1	0.5	25
	chrIII	114380	1	0.5	25
	chrIII	114400	0	0.5	25
	chrIII	114404	1	0.5	25
	chrIII	114408	1	1.0	25
	chrIII	114451	0	0.5	25
	chrIII	114452	0	0.5	25
	chrIII	114458	1	0.5	25
	chrIII	114459	0	0.5	25
	chrIII	114461	1	0.5	25
	chrIII	114462	1	0.5	25
	chrIII	114464	0	0.5	25
	chrIII	114467	1	0.5	25
	chrIII	114505	1	0.5	25
	chrIII	114529	1	0.5	25
	chrIII	114530	0	0.5	25
	chrIII	114531	1	0.5	25
	chrIII	114533	0	0.5	25
	chrIII	114538	1	0.5	23
	chrIII	114539	0	1.0	25
	chrIII	114540	0	4.0	25
	chrIII	114540	1	1.5	25
	chrIII	114541	0	2.0	25
	chrIII	114542	0	1.5	25
	chrIII	114547	0	0.5	25
	chrIII	114552	0	1.0	25
	chrIII	114572	1	0.5	25
	chrIII	114573	0	0.5	25
	chrIII	114576	0	0.5	25
	chrIII	114576	1	1.0	25
	chrIII	114577	0	1.0	25
	chrIII	114580	0	0.5	25
	chrIII	114582	1	0.5	25
	chrIII	114583	0	0.5	25
	chrIII	114585	1	0.5	25
	chrIII	114587	0	0.5	25
	chrIII	114587	1	0.5	25
	chrIII	114588	0	0.5	25
	chrIII	114588	1	0.5	25
	chrIII	114593	1	0.5	25
	chrIII	114594	0	0.5	25
	chrIII	114594	1	1.5	25
	chrIII	114596	1	0.5	24
	chrIII	114597	0	1.0	25
	chrIII	114597	1	0.5	25
	chrIII	114598	0	0.5	25
	chrIII	114598	1	0.5	25
	chrIII	114599	0	1.0	25
	chrIII	114611	1	0.5	25
	chrIII	114623	1	0.5	25
	chrIII	114628	1	0.5	25
	chrIII	114635	1	1.0	25
	chrIII	114636	1	0.5	25
	chrIII	114648	0	0.5	25
	chrIII	114649	1	1.0	25
	chrIII	114652	1	0.5	25
	chrIII	114655	0	0.5	25
	chrIII	114662	1	0.5	25
	chrIII	114667	1	0.5	25
	chrIII	114668	1	0.5	25
	chrIII	114669	1	0.5	25
	chrIII	114677	0	0.5	25
	chrIII	114679	0	0.5	25
	chrIII	114685	1	0.5	25
	chrIII	114697	0	1.0	25
	chrIII	114697	1	1.0	25
	chrIII	114698	0	0.5	25
	chrIII	114700	0	0.5	25
	chrIII	114710	1	1.0	25
	chrIII	114712	1	0.5	25
	chrIII	114713	0	0.5	25
	chrIII	114717	0	0.5	25
	chrIII	114729	0	0.5	25
	chrIII	114731	1	0.5	25
	chrIII	114733	1	0.5	25
	chrIII	114740	1	0.5	25
	chrIII	114741	1	0.5	25
	chrIII	114749	1	0.5	25
	chrIII	114765	1	0.5	25
	chrIII	114766	1	0.5	25
	chrIII	114775	1	0.5	25
	chrIII	114776	0	1.0	25
	chrIII	114779	1	0.5	25
	chrIII	114780	1	0.5	25
	chrIII	114791	1	1.0	25
	chrIII	114797	1	0.5	25
	chrIII	114800	0	0.5	25
	chrIII	114805	1	0.5	25
	chrIII	114809	0	0.5	25
	chrIII	114812	1	0.5	25
	chrIII	114847	0	0.5	25
	chrIII	114850	1	0.5	25
	chrIII	114866	1	0.5	25
	chrIII	114893	1	0.5	25
	chrIII	114894	1	0.5	25
	chrIII	114918	1	0.5	25
	chrIII	114924	1	0.5	25
	chrIII	114970	0	0.5	25
	chrIII	115016	0	0.5	25
	chrIII	115022	0	0.5	25
	chrIII	115045	1	0.5	25
	chrIII	115057	0	0.5	25
	chrIII	115071	0	0.5	25
	chrIII	115072	1	0.5	25
	chrIII	115092	0	0.5	25
	chrIII	115093	0	0.5	25
	chrIII	115102	1	0.5	25
	chrIII	115110	1	0.5	25
	chrIII	115175	0	0.5	25
	chrIII	115186	1	0.5	25
	chrIII	115205	1	0.5	25
	chrIII	115210	0	0.5	25
	chrIII	115216	0	0.5	25
	chrIII	115226	1	0.5	25
	chrIII	115252	1	0.5	25
	chrIII	115265	0	0.5	25
	chrIII	115276	1	0.5	25
	chrIII	115283	1	0.5	25
	chrIII	115291	0	0.5	25
	chrIII	115297	0	1.0	25
	chrIII	115310	0	0.5	25
	chrIII	115333	0	0.5	25
	chrIII	115338	0	1.0	25
	chrIII	115341	1	0.5	25
	chrIII	115345	0	0.5	25
	chrIII	115374	1	0.5	25
	chrIII	115380	1	0.5	25
	chrIII	115383	1	0.5	25
	chrIII	115388	1	0.5	25
	chrIII	115389	0	1.0	25
	chrIII	115393	1	0.5	25
	chrIII	115415	0	0.5	25
	chrIII	115451	1	1.0	25
	chrIII	115468	1	1.0	25
	chrIII	115484	1	0.5	25
	chrIII	115500	0	0.5	25
	chrIII	115522	0	0.5	25
	chrIII	115556	0	0.5	25
	chrIII	115580	0	0.5	25
	chrIII	115581	1	0.5	25
	chrIII	115583	0	0.5	25
	chrIII	115605	1	0.5	25
	chrIII	115624	0	0.5	25
	chrIII	115633	1	0.5	25
	chrIII	115634	0	0.5	25
	chrIII	115637	0	0.5	25
	chrIII	115643	0	0.5	25
	chrIII	115650	1	0.5	25
	chrIII	115656	1	0.5	25
	chrIII	115660	0	1.0	25
	chrIII	115661	0	0.5	25
	chrIII	115674	0	0.5	25
	chrIII	115677	1	0.5	25
	chrIII	115687	0	0.5	25
	chrIII	115689	1	0.5	25
	chrIII	115690	0	0.5	25
	chrIII	115696	0	0.5	25
	chrIII	115705	1	0.5	25
	chrIII	115712	1	1.0	25
	chrIII	115713	1	0.5	25
	chrIII	115716	1	0.5	25
	chrIII	115726	0	0.5	25
	chrIII	115745	0	1.0	25
	chrIII	115752	1	0.5	25
	chrIII	115756	1	0.5	25
	chrIII	115764	1	0.5	25
	chrIII	115766	0	0.5	25
	chrIII	115771	1	0.5	25
	chrIII	115795	1	0.5	25
	chrIII	115802	1	0.5	25
	chrIII	115803	0	1.0	25
	chrIII	115804	0	0.5	25
	chrIII	115804	1	1.0	25
	chrIII	115812	0	0.5	25
	chrIII	115825	0	0.5	25
	chrIII	115827	0	0.5	25
	chrIII	115844	0	0.5	25
	chrIII	115879	0	0.5	25
	chrIII	115882	1	0.5	25
	chrIII	115887	0	1.5	25
	chrIII	115888	0	0.5	25
	chrIII	115892	1	0.5	25
	chrIII	115893	1	0.5	25
	chrIII	115894	1	0.5	25
	chrIII	115900	0	0.5	25
	chrIII	115902	0	1.0	25
	chrIII	115902	1	0.5	25
	chrIII	115905	1	1.0	25
	chrIII	115906	0	0.5	25
	chrIII	115917	0	1.0	25
	chrIII	115918	0	0.5	25
	chrIII	115935	1	0.5	25
	chrIII	115936	1	0.5	25
	chrIII	115938	1	0.5	25
	chrIII	115950	0	0.5	25
	chrIII	115950	1	1.5	25
	chrIII	115953	0	1.5	25
	chrIII	115965	1	1.0	25
	chrIII	115967	1	0.5	25
	chrIII	115968	0	0.5	25
	chrIII	115969	0	0.5	25
	chrIII	115973	0	0.5	25
	chrIII	115975	0	0.5	25
	chrIII	115975	1	0.5	25
	chrIII	115997	0	0.5	25
	chrIII	116014	1	0.5	25
	chrIII	116021	1	0.5	25
	chrIII	116022	0	0.5	25
	chrIII	116025	0	0.5	25
	chrIII	116025	1	1.5	25
	chrIII	116027	0	0.5	25
	chrIII	116034	0	0.5	25
	chrIII	116037	1	0.5	25
	chrIII	116039	1	0.5	25
	chrIII	116040	0	0.5	25
	chrIII	116042	1	0.5	25
	chrIII	116068	1	1.0	25
	chrIII	116069	1	0.5	25
	chrIII	116075	0	0.5	25
	chrIII	116082	0	0.5	25
	chrIII	116084	1	0.5	25
	chrIII	116091	1	0.5	25
	chrIII	116093	1	0.5	25
	chrIII	116102	0	1.0	25
	chrIII	116104	1	0.5	25
	chrIII	116111	0	0.5	25
	chrIII	116114	1	0.5	25
	chrIII	116148	1	0.5	25
	chrIII	116162	1	0.5	25
	chrIII	116176	0	0.5	25
	chrIII	116178	1	1.0	25
	chrIII	116190	1	0.5	25
	chrIII	116203	0	0.5	25
	chrIII	116246	0	0.5	25
	chrIII	116250	1	0.5	25
	chrIII	116256	0	0.5	25
	chrIII	116256	1	0.5	25
	chrIII	116257	0	0.5	25
	chrIII	116258	0	0.5	25
	chrIII	116281	0	0.5	25
	chrIII	116300	0	0.5	25
	chrIII	116315	1	1.0	25
	chrIII	116321	1	0.5	25
	chrIII	116322	0	0.5	25
	chrIII	116328	1	0.5	25
	chrIII	116344	0	0.5	25
	chrIII	116359	1	0.5	25
	chrIII	116368	0	1.0	25
	chrIII	116374	1	0.5	25
	chrIII	116375	0	0.5	25
	chrIII	116395	1	0.5	25
	chrIII	116411	1	1.0	25
	chrIII	116412	0	1.0	25
	chrIII	116427	0	0.5	25
	chrIII	116435	0	0.5	25
	chrIII	116441	0	0.5	25
	chrIII	116445	1	1.0	25
	chrIII	116450	1	0.5	25
	chrIII	116452	0	1.0	25
	chrIII	116457	0	0.5	25
	chrIII	116497	0	0.5	25
	chrIII	116498	0	0.5	25
	chrIII	116501	1	1.0	25
	chrIII	116502	0	0.5	25
	chrIII	116504	0	0.5	25
	chrIII	116505	1	0.5	25
	chrIII	116509	0	0.5	25
	chrIII	116516	0	1.0	25
	chrIII	116520	1	0.5	25
	chrIII	116521	1	0.5	25
	chrIII	116539	0	0.5	25
	chrIII	116547	0	1.0	25
	chrIII	116548	1	0.5	25
	chrIII	116549	1	0.5	25
	chrIII	116550	1	0.5	25
	chrIII	116553	0	1.0	25
	chrIII	116559	1	0.5	25
	chrIII	116566	0	0.5	25
	chrIII	116566	1	0.5	25
	chrIII	116575	0	1.0	25
	chrIII	116578	0	0.5	25
	chrIII	116582	1	1.0	25
	chrIII	116600	1	0.5	25
	chrIII	116605	0	1.5	25
	chrIII	116635	1	0.5	25
	chrIII	116638	1	0.5	25
	chrIII	116640	0	0.5	25
	chrIII	116642	1	0.5	25
	chrIII	116653	1	1.0	25
	chrIII	116666	1	2.0	25
	chrIII	116671	0	0.5	25
	chrIII	116678	0	0.5	25
	chrIII	116694	1	1.0	25
	chrIII	116695	1	1.0	25
	chrIII	116706	0	1.5	25
	chrIII	116710	0	0.5	25
	chrIII	116720	0	0.5	25
	chrIII	116731	0	0.5	25
	chrIII	116739	0	0.5	25
	chrIII	116744	1	0.5	25
	chrIII	116747	0	1.0	25
	chrIII	116756	0	0.5	25
	chrIII	116772	1	0.5	25
	chrIII	116773	1	0.5	25
	chrIII	116793	1	1.0	25
	chrIII	116799	1	1.0	25
	chrIII	116800	1	0.5	25
	chrIII	116802	1	0.5	25
	chrIII	116804	1	0.5	25
	chrIII	116808	1	0.5	25
	chrIII	116809	1	0.5	25
	chrIII	116813	0	0.5	25
	chrIII	116818	0	0.5	25
	chrIII	116820	1	0.5	25
	chrIII	116830	1	0.5	25
	chrIII	116839	0	0.5	25
	chrIII	116840	0	0.5	25
	chrIII	116871	0	0.5	25
	chrIII	116881	0	0.5	25
	chrIII	116883	0	0.5	25
	chrIII	116896	1	0.5	25
	chrIII	116905	1	0.5	25
	chrIII	116917	0	0.5	25
	chrIII	116917	1	0.5	25
	chrIII	116936	0	1.0	25
	chrIII	116937	1	0.5	25
	chrIII	116946	0	0.5	25
	chrIII	116956	0	0.5	25
	chrIII	116971	0	0.5	25
	chrIII	116974	0	0.5	25
	chrIII	116975	0	0.5	25
	chrIII	116976	0	0.5	25
	chrIII	116978	1	0.5	25
	chrIII	116979	0	0.5	25
	chrIII	116980	0	0.5	25
	chrIII	116982	0	1.0	25
	chrIII	116989	0	0.5	25
	chrIII	116999	1	0.5	25
	chrIII	117001	1	1.0	25
	chrIII	117022	1	0.5	25
	chrIII	117025	1	1.0	25
	chrIII	117030	1	0.5	25
	chrIII	117031	1	1.0	25
	chrIII	117032	1	1.0	25
	chrIII	117036	1	0.5	25
	chrIII	117045	1	0.5	25
	chrIII	117053	0	1.0	25
	chrIII	117056	0	0.5	25
	chrIII	117078	0	0.5	25
	chrIII	117087	0	1.0	25
	chrIII	117097	0	0.5	25
	chrIII	117101	1	0.5	25
	chrIII	117106	1	1.0	25
	chrIII	117120	1	0.5	25
	chrIII	117128	1	1.0	25
	chrIII	117133	1	1.0	25
	chrIII	117139	1	0.5	25
	chrIII	117181	1	0.5	25
	chrIII	117195	0	0.5	25
	chrIII	117231	0	1.5	25
	chrIII	117239	0	0.5	25
	chrIII	117242	0	1.0	25
	chrIII	117253	1	0.5	25
	chrIII	117254	0	0.5	25
	chrIII	117257	0	1.0	25
	chrIII	117267	1	1.0	25
	chrIII	117279	0	0.5	25
	chrIII	117285	0	0.5	25
	chrIII	117292	0	0.5	25
	chrIII	117304	0	0.5	25
	chrIII	117307	1	1.0	25
	chrIII	117308	0	0.5	25
	chrIII	117311	0	0.5	25
	chrIII	117317	1	0.5	25
	chrIII	117322	1	1.0	25
	chrIII	117324	1	1.5	25
	chrIII	117329	0	0.5	25
	chrIII	117334	1	0.5	25
	chrIII	117343	0	0.5	25
	chrIII	117355	0	1.0	25
	chrIII	117357	0	0.5	25
	chrIII	117359	0	0.5	25
	chrIII	117369	1	0.5	25
	chrIII	117372	1	0.5	25
	chrIII	117415	1	0.5	25
	chrIII	117418	1	0.5	25
	chrIII	117421	0	0.5	25
	chrIII	117423	0	0.5	25
	chrIII	117425	0	0.5	25
	chrIII	117426	1	0.5	25
	chrIII	117451	0	0.5	25
	chrIII	117456	1	0.5	25
	chrIII	117469	1	1.0	25
	chrIII	117474	0	0.5	25
	chrIII	117484	0	0.5	25
	chrIII	117487	1	0.5	25
	chrIII	117489	0	0.5	25
	chrIII	117495	0	0.5	25
	chrIII	117498	0	0.5	25
	chrIII	117501	1	0.5	25
	chrIII	117509	0	0.5	25
	chrIII	117509	1	0.5	25
	chrIII	117529	0	0.5	25
	chrIII	117535	1	0.5	25
	chrIII	117538	1	0.5	25
	chrIII	117540	1	1.0	25
	chrIII	117542	1	0.5	25
	chrIII	117548	0	0.5	25
	chrIII	117550	1	0.5	25
	chrIII	117552	0	0.5	25
	chrIII	117569	1	0.5	25
	chrIII	117586	1	0.5	25
	chrIII	117601	1	1.0	25
	chrIII	117605	0	0.5	25
	chrIII	117612	0	0.5	25
	chrIII	117619	0	0.5	25
	chrIII	117621	0	0.5	25
	chrIII	117622	1	0.5	25
	chrIII	117624	0	0.5	25
	chrIII	117644	1	0.5	25
	chrIII	117665	0	0.5	25
	chrIII	117668	0	0.5	25
	chrIII	117671	0	1.0	25
	chrIII	117676	1	0.5	25
	chrIII	117678	0	0.5	25
	chrIII	117687	0	0.5	25
	chrIII	117687	1	0.5	25
	chrIII	117690	1	0.5	25
	chrIII	117705	1	0.5	25
	chrIII	117715	1	0.5	25
	chrIII	117720	1	1.0	25
	chrIII	117721	0	0.5	25
	chrIII	117726	0	0.5	25
	chrIII	117730	0	0.5	25
	chrIII	117736	1	0.5	25
	chrIII	117741	1	0.5	25
	chrIII	117755	0	0.5	25
	chrIII	117758	0	0.5	25
	chrIII	117763	1	0.5	25
	chrIII	117767	1	0.5	25
	chrIII	117773	0	1.0	25
	chrIII	117789	1	0.5	25
	chrIII	117799	0	0.5	25
	chrIII	117810	0	0.5	25
	chrIII	117811	1	0.5	25
	chrIII	117816	0	0.5	25
	chrIII	117819	0	0.5	25
	chrIII	117824	0	0.5	25
	chrIII	117826	1	0.5	25
	chrIII	117827	0	0.5	25
	chrIII	117833	0	0.5	25
	chrIII	117833	1	0.5	25
	chrIII	117836	1	0.5	25
	chrIII	117838	0	0.5	25
	chrIII	117854	1	0.5	25
	chrIII	117861	0	0.5	25
	chrIII	117872	0	0.5	25
	chrIII	117884	0	0.5	25
	chrIII	117890	1	0.5	25
	chrIII	117898	1	0.5	25
	chrIII	117903	1	0.5	25
	chrIII	117905	1	0.5	25
	chrIII	117911	1	0.5	25
	chrIII	117913	1	0.5	25
	chrIII	117914	1	0.5	25
	chrIII	117925	1	0.5	25
	chrIII	117926	1	0.5	25
	chrIII	117929	0	0.5	25
	chrIII	117932	0	0.5	25
	chrIII	117942	1	0.5	25
	chrIII	117945	0	0.5	25
	chrIII	117995	1	0.5	25
	chrIII	117999	1	0.5	25
	chrIII	118031	0	0.5	25
	chrIII	118037	0	1.0	25
	chrIII	118056	1	0.5	25
	chrIII	118064	0	0.5	25
	chrIII	118072	0	0.5	25
	chrIII	118077	0	0.5	25
	chrIII	118097	1	0.5	25
	chrIII	118098	0	0.5	25
	chrIII	118102	1	1.0	25
	chrIII	118104	1	0.5	25
	chrIII	118106	0	0.5	25
	chrIII	118107	0	0.5	25
	chrIII	118107	1	0.5	25
	chrIII	118109	0	0.5	25
	chrIII	118129	1	0.5	25
	chrIII	118135	1	0.5	25
	chrIII	118139	0	0.5	25
	chrIII	118151	1	0.5	25
	chrIII	118156	0	1.0	25
	chrIII	118158	1	0.5	25
	chrIII	118159	0	0.5	25
	chrIII	118202	1	0.5	25
	chrIII	118205	1	0.5	25
	chrIII	118211	1	1.0	25
	chrIII	118222	1	0.5	25
	chrIII	118245	0	0.5	25
	chrIII	118264	0	0.5	25
	chrIII	118266	1	0.5	25
	chrIII	118272	0	0.5	25
	chrIII	118281	0	0.5	25
	chrIII	118288	0	0.5	25
	chrIII	118305	0	0.5	25
	chrIII	118314	0	0.5	25
	chrIII	118325	1	0.5	25
	chrIII	118337	0	0.5	25
	chrIII	118346	1	0.5	25
	chrIII	118347	0	0.5	25
	chrIII	118374	1	0.5	25
	chrIII	118376	0	0.5	25
	chrIII	118396	0	0.5	25
	chrIII	118398	1	0.5	25
	chrIII	118404	0	0.5	25
	chrIII	118409	0	0.5	25
	chrIII	118425	0	0.5	25
	chrIII	118426	0	0.5	25
	chrIII	118427	1	1.0	25
	chrIII	118431	0	1.0	25
	chrIII	118435	0	0.5	25
	chrIII	118437	0	0.5	25
	chrIII	118443	1	0.5	25
	chrIII	118444	0	0.5	25
	chrIII	118444	1	0.5	25
	chrIII	118448	0	0.5	25
	chrIII	118449	0	1.5	25
	chrIII	118449	1	0.5	25
	chrIII	118450	0	2.0	25
	chrIII	118450	1	0.5	25
	chrIII	118451	0	1.5	25
	chrIII	118455	0	0.5	25
	chrIII	118455	1	0.5	25
	chrIII	118458	0	2.5	25
	chrIII	118459	1	0.5	25
	chrIII	118460	0	0.5	25
	chrIII	118468	1	0.5	25
	chrIII	118473	0	0.5	25
	chrIII	118474	0	0.5	25
	chrIII	118477	0	2.0	25
	chrIII	118478	0	1.0	25
	chrIII	118486	0	0.5	25
	chrIII	118501	1	0.5	25
	chrIII	118509	0	1.0	25
	chrIII	118517	1	0.5	25
	chrIII	118523	1	0.5	25
	chrIII	118524	0	0.5	25
	chrIII	118529	0	0.5	25
	chrIII	118529	1	0.5	25
	chrIII	118533	1	0.5	25
	chrIII	118535	1	0.5	25
	chrIII	118538	1	0.5	25
	chrIII	118539	1	0.5	25
	chrIII	118543	1	1.5	25
	chrIII	118544	1	2.0	25
	chrIII	118545	0	1.0	25
	chrIII	118545	1	1.0	25
	chrIII	118546	1	0.5	25
	chrIII	118547	1	1.5	25
	chrIII	118548	1	1.0	25
	chrIII	118549	1	2.0	25
	chrIII	118550	1	1.5	25
	chrIII	118551	0	0.5	25
	chrIII	118557	1	1.0	25
	chrIII	118566	0	0.5	25
	chrIII	118566	1	1.5	25
	chrIII	118569	1	0.5	25
	chrIII	118570	0	0.5	25
	chrIII	118578	1	0.5	25
	chrIII	118597	1	0.5	25
	chrIII	118602	1	0.5	25
	chrIII	118608	0	0.5	25
	chrIII	118611	1	0.5	25
	chrIII	118623	1	1.0	25
	chrIII	118630	1	0.5	25
	chrIII	118675	1	0.5	25
	chrIII	118682	0	0.5	25
	chrIII	118690	0	0.5	25
	chrIII	118710	1	0.5	25
	chrIII	118730	1	0.5	25
	chrIII	118760	0	0.5	25
	chrIII	118765	1	0.5	25
	chrIII	118769	0	0.5	25
	chrIII	118773	0	0.5	25
	chrIII	118807	0	0.5	25
	chrIII	118817	1	0.5	25
	chrIII	118830	0	0.5	25
	chrIII	118849	1	0.5	25
	chrIII	118857	1	0.5	25
	chrIII	118873	0	0.5	25
	chrIII	118887	1	0.5	25
	chrIII	118894	0	1.0	25
	chrIII	118913	0	0.5	25
	chrIII	118924	0	0.5	25
	chrIII	118931	1	0.5	25
	chrIII	118933	0	0.5	25
	chrIII	118941	1	0.5	25
	chrIII	118947	0	0.5	25
	chrIII	118990	0	0.5	25
	chrIII	118990	1	1.5	25
	chrIII	118998	0	1.0	25
	chrIII	119000	1	0.5	25
	chrIII	119001	1	0.5	25
	chrIII	119003	1	0.5	25
	chrIII	119005	0	1.5	25
	chrIII	119013	0	0.5	25
	chrIII	119014	0	0.5	25
	chrIII	119017	0	0.5	25
	chrIII	119019	0	0.5	25
	chrIII	119020	0	0.5	25
	chrIII	119029	0	0.5	25
	chrIII	119042	0	0.5	25
	chrIII	119054	0	0.5	25
	chrIII	119055	0	0.5	25
	chrIII	119065	0	1.0	25
	chrIII	119068	1	1.0	25
	chrIII	119069	1	0.5	25
	chrIII	119073	1	0.5	25
	chrIII	119077	1	1.5	25
	chrIII	119078	1	1.0	25
	chrIII	119081	1	0.5	25
	chrIII	119087	1	0.5	25
	chrIII	119103	1	0.5	25
	chrIII	119107	1	0.5	25
	chrIII	119118	1	1.0	25
	chrIII	119132	0	0.5	25
	chrIII	119133	0	0.5	25
	chrIII	119152	1	0.5	25
	chrIII	119158	0	0.5	25
	chrIII	119190	1	0.5	25
	chrIII	119196	1	0.5	25
	chrIII	119222	0	0.5	25
	chrIII	119223	1	0.5	25
	chrIII	119224	0	1.0	25
	chrIII	119228	0	0.5	25
	chrIII	119241	0	1.0	25
	chrIII	119245	0	1.0	25
	chrIII	119245	1	0.5	25
	chrIII	119256	0	1.0	25
	chrIII	119257	1	0.5	25
	chrIII	119268	0	0.5	25
	chrIII	119295	0	0.5	25
	chrIII	119296	0	0.5	25
	chrIII	119300	1	1.0	25
	chrIII	119301	0	0.5	25
	chrIII	119309	0	0.5	25
	chrIII	119309	1	0.5	25
	chrIII	119310	1	0.5	25
	chrIII	119312	0	0.5	25
	chrIII	119314	0	0.5	25
	chrIII	119320	0	0.5	25
	chrIII	119328	1	0.5	25
	chrIII	119338	1	1.0	25
	chrIII	119342	1	0.5	25
	chrIII	119356	1	0.5	25
	chrIII	119365	0	0.5	25
	chrIII	119367	1	0.5	25
	chrIII	119368	1	0.5	25
	chrIII	119373	1	0.5	25
	chrIII	119376	1	0.5	25
	chrIII	119383	1	0.5	25
	chrIII	119388	0	0.5	25
	chrIII	119398	1	0.5	25
	chrIII	119414	0	0.5	25
	chrIII	119436	1	1.0	25
	chrIII	119449	1	0.5	25
	chrIII	119452	0	0.5	25
	chrIII	119454	0	0.5	25
	chrIII	119461	0	1.0	25
	chrIII	119473	1	0.5	25
	chrIII	119485	0	0.5	25
	chrIII	119485	1	0.5	25
	chrIII	119486	0	0.5	25
	chrIII	119494	0	0.5	25
	chrIII	119521	1	1.0	25
	chrIII	119541	1	1.0	25
	chrIII	119549	1	0.5	25
	chrIII	119580	0	0.5	25
	chrIII	119596	1	0.5	25
	chrIII	119598	1	0.5	25
	chrIII	119619	0	0.5	25
	chrIII	119619	1	0.5	25
	chrIII	119624	0	0.5	25
	chrIII	119641	0	0.5	25
	chrIII	119650	0	0.5	25
	chrIII	119658	0	0.5	25
	chrIII	119666	0	1.5	25
	chrIII	119689	1	0.5	25
	chrIII	119700	1	0.5	25
	chrIII	119726	1	0.5	25
	chrIII	119727	1	0.5	25
	chrIII	119752	0	0.5	25
	chrIII	119760	0	0.5	25
	chrIII	119765	0	0.5	25
	chrIII	119772	0	0.5	25
	chrIII	119802	1	0.5	25
	chrIII	119813	1	0.5	25
	chrIII	119824	1	1.5	25
	chrIII	119844	1	0.5	25
	chrIII	119854	1	0.5	25
	chrIII	119894	0	0.5	25
	chrIII	119931	0	0.5	25
	chrIII	119943	0	0.5	25
	chrIII	119950	1	0.5	25
	chrIII	119954	0	0.5	25
	chrIII	119975	1	0.5	25
	chrIII	119980	0	0.5	25
	chrIII	120025	1	1.0	25
	chrIII	120027	0	0.5	25
	chrIII	120039	1	1.0	25
	chrIII	120059	0	0.5	25
	chrIII	120082	0	1.0	25
	chrIII	120085	0	0.5	25
	chrIII	120090	1	0.5	25
	chrIII	120106	0	0.5	25
	chrIII	120138	1	0.5	25
	chrIII	120157	1	1.0	25
	chrIII	120170	1	0.5	25
	chrIII	120186	1	0.5	25
	chrIII	120189	0	0.5	25
	chrIII	120224	0	0.5	25
	chrIII	120253	0	1.0	25
	chrIII	120267	0	0.5	25
	chrIII	120270	1	0.5	25
	chrIII	120283	1	0.5	25
	chrIII	120285	0	0.5	25
	chrIII	120295	0	0.5	25
	chrIII	120298	0	1.0	25
	chrIII	120322	1	0.5	25
	chrIII	120323	0	0.5	25
	chrIII	120344	1	0.5	25
	chrIII	120345	0	0.5	25
	chrIII	120357	1	0.5	25
	chrIII	120359	0	0.5	25
	chrIII	120374	0	0.5	25
	chrIII	120376	0	1.0	25
	chrIII	120378	0	0.5	25
	chrIII	120380	0	1.0	25
	chrIII	120380	1	1.0	25
	chrIII	120382	0	0.5	25
	chrIII	120410	0	0.5	25
	chrIII	120412	1	0.5	25
	chrIII	120416	1	0.5	25
	chrIII	120434	1	0.5	25
	chrIII	120448	1	0.5	25
	chrIII	120463	0	0.5	25
	chrIII	120469	0	1.5	25
	chrIII	120487	0	0.5	25
	chrIII	120501	0	0.5	25
	chrIII	120508	1	0.5	25
	chrIII	120509	0	1.0	25
	chrIII	120521	0	0.5	25
	chrIII	120529	1	1.0	25
	chrIII	120536	1	0.5	25
	chrIII	120553	1	0.5	25
	chrIII	120554	0	0.5	25
	chrIII	120555	0	0.5	25
	chrIII	120568	1	0.5	25
	chrIII	120569	0	1.0	25
	chrIII	120569	1	1.0	25
	chrIII	120570	0	2.5	25
	chrIII	120572	1	0.5	25
	chrIII	120573	0	0.5	25
	chrIII	120574	1	1.0	25
	chrIII	120576	1	0.5	25
	chrIII	120580	1	0.5	25
	chrIII	120582	0	0.5	25
	chrIII	120582	1	0.5	25
	chrIII	120584	1	0.5	25
	chrIII	120588	1	0.5	25
	chrIII	120589	0	0.5	25
	chrIII	120590	0	0.5	25
	chrIII	120591	0	1.0	25
	chrIII	120601	0	0.5	25
	chrIII	120603	0	1.0	25
	chrIII	120606	0	0.5	25
	chrIII	120608	0	0.5	25
	chrIII	120609	0	0.5	25
	chrIII	120609	1	0.5	25
	chrIII	120618	1	0.5	25
	chrIII	120629	1	0.5	25
	chrIII	120632	0	0.5	25
	chrIII	120633	0	0.5	25
	chrIII	120635	0	1.5	25
	chrIII	120639	1	0.5	25
	chrIII	120652	1	2.0	25
	chrIII	120653	0	2.0	25
	chrIII	120653	1	0.5	25
	chrIII	120654	0	1.0	25
	chrIII	120654	1	0.5	25
	chrIII	120656	0	0.5	25
	chrIII	120656	1	2.0	25
	chrIII	120659	1	0.5	25
	chrIII	120662	1	0.5	25
	chrIII	120663	1	0.5	25
	chrIII	120664	1	0.5	25
	chrIII	120667	1	0.5	25
	chrIII	120669	1	0.5	25
	chrIII	120677	0	0.5	25
	chrIII	120677	1	1.0	25
	chrIII	120678	0	0.5	25
	chrIII	120679	0	0.5	25
	chrIII	120690	1	0.5	25
	chrIII	120691	1	1.5	25
	chrIII	120692	0	0.5	25
	chrIII	120692	1	0.5	25
	chrIII	120704	0	0.5	25
	chrIII	120705	0	0.5	25
	chrIII	120707	1	0.5	25
	chrIII	120711	1	0.5	25
	chrIII	120712	0	0.5	25
	chrIII	120717	1	0.5	25
	chrIII	120721	1	0.5	25
	chrIII	120725	1	2.0	25
	chrIII	120726	0	0.5	25
	chrIII	120751	0	0.5	25
	chrIII	120757	1	0.5	25
	chrIII	120764	0	0.5	25
	chrIII	120770	0	0.5	25
	chrIII	120775	0	1.0	25
	chrIII	120775	1	0.5	25
	chrIII	120776	1	0.5	25
	chrIII	120778	1	0.5	25
	chrIII	120782	0	1.0	25
	chrIII	120791	1	0.5	25
	chrIII	120798	0	0.5	25
	chrIII	120799	0	0.5	25
	chrIII	120801	1	0.5	25
	chrIII	120808	0	0.5	25
	chrIII	120815	0	1.0	25
	chrIII	120816	0	0.5	25
	chrIII	120819	1	0.5	25
	chrIII	120820	0	1.0	25
	chrIII	120823	0	0.5	25
	chrIII	120826	1	0.5	25
	chrIII	120836	1	0.5	25
	chrIII	120850	1	0.5	25
	chrIII	120856	1	0.5	25
	chrIII	120857	1	0.5	25
	chrIII	120862	0	0.5	25
	chrIII	120863	1	0.5	25
	chrIII	120866	1	0.5	25
	chrIII	120867	1	0.5	25
	chrIII	120868	1	1.0	25
	chrIII	120870	1	1.0	25
	chrIII	120871	1	0.5	25
	chrIII	120875	0	1.5	25
	chrIII	120881	0	1.0	25
	chrIII	120889	0	0.5	25
	chrIII	120893	1	0.5	25
	chrIII	120897	0	1.0	25
	chrIII	120897	1	0.5	25
	chrIII	120904	0	0.5	25
	chrIII	120909	1	1.0	25
	chrIII	120927	0	0.5	25
	chrIII	120931	1	0.5	25
	chrIII	120939	0	1.0	25
	chrIII	120948	0	0.5	25
	chrIII	120948	1	0.5	25
	chrIII	120949	1	0.5	25
	chrIII	120950	0	1.0	25
	chrIII	120958	1	0.5	25
	chrIII	120959	1	1.0	25
	chrIII	120980	1	1.5	25
	chrIII	120981	1	0.5	25
	chrIII	120982	1	0.5	25
	chrIII	120984	0	0.5	25
	chrIII	120997	0	1.0	25
	chrIII	120999	0	0.5	25
	chrIII	121002	0	0.5	25
	chrIII	121005	1	0.5	25
	chrIII	121010	1	1.0	25
	chrIII	121015	1	0.5	25
	chrIII	121027	1	0.5	25
	chrIII	121037	0	1.0	25
	chrIII	121071	1	0.5	25
	chrIII	121087	1	0.5	25
	chrIII	121094	1	0.5	25
	chrIII	121111	1	0.5	25
	chrIII	121112	1	0.5	25
	chrIII	121130	0	0.5	25
	chrIII	121133	0	1.0	25
	chrIII	121207	0	0.5	25
	chrIII	121212	0	0.5	25
	chrIII	121213	1	1.0	25
	chrIII	121216	0	0.5	25
	chrIII	121219	0	0.5	25
	chrIII	121220	0	0.5	25
	chrIII	121230	0	0.5	25
	chrIII	121235	0	1.0	25
	chrIII	121241	0	0.5	25
	chrIII	121242	1	0.5	25
	chrIII	121246	0	0.5	25
	chrIII	121259	1	0.5	25
	chrIII	121260	0	0.5	25
	chrIII	121268	1	1.0	25
	chrIII	121270	0	0.5	25
	chrIII	121277	1	0.5	25
	chrIII	121283	1	0.5	25
	chrIII	121284	0	0.5	25
	chrIII	121302	1	0.5	25
	chrIII	121303	1	1.5	25
	chrIII	121304	0	0.5	25
	chrIII	121308	1	0.5	25
	chrIII	121318	1	0.5	25
	chrIII	121320	0	0.5	25
	chrIII	121339	1	0.5	25
	chrIII	121369	1	0.5	25
	chrIII	121385	1	0.5	25
	chrIII	121390	1	0.5	25
	chrIII	121396	0	1.0	25
	chrIII	121427	0	1.5	25
	chrIII	121451	1	0.5	25
	chrIII	121472	1	0.5	25
	chrIII	121475	1	1.0	25
	chrIII	121493	1	0.5	25
	chrIII	121515	1	0.5	25
	chrIII	121522	0	1.0	25
	chrIII	121550	0	1.5	25
	chrIII	121554	0	0.5	25
	chrIII	121570	0	0.5	25
	chrIII	121593	1	1.5	25
	chrIII	121600	0	0.5	25
	chrIII	121610	1	0.5	25
	chrIII	121614	1	1.0	25
	chrIII	121615	0	0.5	25
	chrIII	121617	1	0.5	25
	chrIII	121622	0	0.5	25
	chrIII	121629	0	0.5	25
	chrIII	121652	0	1.0	25
	chrIII	121669	1	0.5	25
	chrIII	121690	1	0.5	25
	chrIII	121717	0	0.5	25
	chrIII	121725	0	0.5	25
	chrIII	121742	0	1.0	25
	chrIII	121746	1	0.5	25
	chrIII	121759	0	0.5	25
	chrIII	121766	0	1.5	25
	chrIII	121770	0	0.5	25
	chrIII	121773	0	0.5	25
	chrIII	121777	1	0.5	25
	chrIII	121796	0	0.5	25
	chrIII	121796	1	1.5	25
	chrIII	121797	0	0.5	25
	chrIII	121803	1	0.5	25
	chrIII	121808	0	0.5	25
	chrIII	121818	0	0.5	25
	chrIII	121821	1	0.5	25
	chrIII	121827	1	1.5	25
	chrIII	121835	1	0.5	25
	chrIII	121836	0	0.5	25
	chrIII	121840	1	0.5	25
	chrIII	121841	1	1.0	25
	chrIII	121844	0	0.5	25
	chrIII	121850	0	0.5	25
	chrIII	121857	0	1.0	25
	chrIII	121864	0	0.5	25
	chrIII	121865	1	0.5	25
	chrIII	121869	0	0.5	25
	chrIII	121873	0	0.5	25
	chrIII	121873	1	0.5	25
	chrIII	121876	1	0.5	25
	chrIII	121877	1	0.5	25
	chrIII	121889	0	0.5	25
	chrIII	121897	0	0.5	25
	chrIII	121898	1	0.5	25
	chrIII	121900	0	0.5	25
	chrIII	121918	0	0.5	25
	chrIII	121921	1	1.5	25
	chrIII	121936	1	0.5	25
	chrIII	121952	0	0.5	25
	chrIII	121959	1	0.5	25
	chrIII	121961	1	0.5	25
	chrIII	121971	1	0.5	25
	chrIII	121976	0	0.5	25
	chrIII	121978	0	0.5	25
	chrIII	121978	1	0.5	25
	chrIII	121982	1	0.5	25
	chrIII	121990	0	0.5	25
	chrIII	122000	1	0.5	25
	chrIII	122043	1	0.5	25
	chrIII	122066	1	0.5	25
	chrIII	122072	0	0.5	25
	chrIII	122072	1	0.5	25
	chrIII	122077	1	0.5	25
	chrIII	122101	0	0.5	25
	chrIII	122122	0	0.5	25
	chrIII	122129	0	0.5	25
	chrIII	122135	0	1.0	25
	chrIII	122144	1	0.5	25
	chrIII	122147	0	0.5	25
	chrIII	122152	1	0.5	25
	chrIII	122153	1	0.5	25
	chrIII	122159	0	0.5	25
	chrIII	122173	0	0.5	25
	chrIII	122185	1	0.5	25
	chrIII	122194	0	0.5	25
	chrIII	122204	0	0.5	25
	chrIII	122204	1	0.5	25
	chrIII	122205	1	0.5	25
	chrIII	122207	0	1.0	25
	chrIII	122211	0	0.5	25
	chrIII	122226	0	0.5	25
	chrIII	122238	1	0.5	25
	chrIII	122239	0	0.5	25
	chrIII	122244	1	0.5	25
	chrIII	122245	1	0.5	25
	chrIII	122261	0	0.5	25
	chrIII	122262	1	0.5	25
	chrIII	122263	1	0.5	25
	chrIII	122272	1	0.5	25
	chrIII	122277	1	0.5	25
	chrIII	122291	1	0.5	25
	chrIII	122299	0	0.5	25
	chrIII	122303	1	0.5	25
	chrIII	122311	0	0.5	25
	chrIII	122315	0	0.5	25
	chrIII	122316	1	0.5	25
	chrIII	122317	0	0.5	25
	chrIII	122319	1	0.5	25
	chrIII	122346	0	1.0	25
	chrIII	122350	0	0.5	25
	chrIII	122352	0	1.0	25
	chrIII	122364	0	0.5	25
	chrIII	122364	1	0.5	25
	chrIII	122369	1	0.5	25
	chrIII	122377	0	0.5	25
	chrIII	122378	0	0.5	25
	chrIII	122381	1	0.5	25
	chrIII	122383	0	0.5	25
	chrIII	122384	1	0.5	25
	chrIII	122403	0	0.5	25
	chrIII	122405	0	0.5	25
	chrIII	122409	0	0.5	25
	chrIII	122412	0	0.5	25
	chrIII	122413	0	0.5	25
	chrIII	122417	0	0.5	25
	chrIII	122425	0	1.0	25
	chrIII	122429	0	1.0	25
	chrIII	122429	1	1.0	25
	chrIII	122430	0	7.5	25
	chrIII	122430	1	2.5	25
	chrIII	122431	0	5.0	25
	chrIII	122432	0	1.0	25
	chrIII	122435	0	0.5	25
	chrIII	122436	0	1.0	25
	chrIII	122437	0	1.0	25
	chrIII	122439	1	0.5	25
	chrIII	122450	0	0.5	25
	chrIII	122457	1	0.5	25
	chrIII	122458	1	1.0	25
	chrIII	122462	0	1.0	25
	chrIII	122476	0	0.5	25
	chrIII	122476	1	0.5	25
	chrIII	122478	1	0.5	25
	chrIII	122480	1	1.5	25
	chrIII	122481	0	0.5	25
	chrIII	122481	1	2.0	25
	chrIII	122482	0	1.0	25
	chrIII	122482	1	1.5	25
	chrIII	122491	1	0.5	25
	chrIII	122492	0	0.5	25
	chrIII	122492	1	1.0	25
	chrIII	122493	1	1.5	25
	chrIII	122496	1	0.5	25
	chrIII	122497	1	0.5	25
	chrIII	122500	1	1.5	25
	chrIII	122502	1	0.5	25
	chrIII	122505	1	2.0	25
	chrIII	122507	1	1.5	25
	chrIII	122510	1	0.5	25
	chrIII	122511	1	1.5	25
	chrIII	122516	1	0.5	25
	chrIII	122517	0	0.5	25
	chrIII	122518	0	0.5	25
	chrIII	122526	1	0.5	25
	chrIII	122541	1	0.5	25
	chrIII	122546	0	0.5	25
	chrIII	122549	1	0.5	25
	chrIII	122550	1	0.5	25
	chrIII	122554	0	0.5	25
	chrIII	122558	1	0.5	25
	chrIII	122561	1	0.5	25
	chrIII	122564	1	0.5	25
	chrIII	122565	1	1.0	25
	chrIII	122566	0	1.0	25
	chrIII	122569	1	0.5	25
	chrIII	122570	1	0.5	25
	chrIII	122577	0	0.5	25
	chrIII	122591	0	0.5	25
	chrIII	122609	1	0.5	25
	chrIII	122622	1	0.5	25
	chrIII	122623	0	0.5	25
	chrIII	122625	0	0.5	25
	chrIII	122626	1	1.5	25
	chrIII	122630	1	1.0	25
	chrIII	122636	0	0.5	25
	chrIII	122637	0	0.5	25
	chrIII	122641	0	0.5	25
	chrIII	122654	1	0.5	25
	chrIII	122673	1	0.5	25
	chrIII	122678	0	0.5	25
	chrIII	122682	1	0.5	25
	chrIII	122685	0	0.5	25
	chrIII	122698	1	0.5	25
	chrIII	122704	0	0.5	25
	chrIII	122709	1	0.5	25
	chrIII	122728	0	1.0	25
	chrIII	122733	0	0.5	25
	chrIII	122743	0	0.5	25
	chrIII	122753	1	0.5	25
	chrIII	122761	0	0.5	25
	chrIII	122768	1	0.5	25
	chrIII	122770	0	0.5	25
	chrIII	122777	0	1.0	25
	chrIII	122779	0	0.5	25
	chrIII	122784	1	0.5	25
	chrIII	122800	1	0.5	25
	chrIII	122809	1	0.5	25
	chrIII	122811	1	0.5	25
	chrIII	122828	1	0.5	25
	chrIII	122836	0	0.5	25
	chrIII	122836	1	0.5	25
	chrIII	122856	1	1.5	25
	chrIII	122857	0	1.0	25
	chrIII	122858	0	2.0	25
	chrIII	122863	0	0.5	25
	chrIII	122879	1	0.5	25
	chrIII	122880	1	0.5	25
	chrIII	122882	0	0.5	25
	chrIII	122897	1	1.0	25
	chrIII	122898	1	1.0	25
	chrIII	122899	0	0.5	25
	chrIII	122902	1	1.0	25
	chrIII	122903	0	1.0	25
	chrIII	122903	1	0.5	25
	chrIII	122908	0	1.5	25
	chrIII	122918	0	1.0	25
	chrIII	122921	1	0.5	25
	chrIII	122926	0	0.5	25
	chrIII	122926	1	1.5	25
	chrIII	122927	0	0.5	25
	chrIII	122928	1	0.5	25
	chrIII	122943	0	0.5	25
	chrIII	122947	1	0.5	25
	chrIII	122951	0	0.5	25
	chrIII	122960	1	0.5	25
	chrIII	122961	1	0.5	25
	chrIII	122965	0	0.5	25
	chrIII	122970	0	0.5	25
	chrIII	122976	1	0.5	25
	chrIII	122978	0	0.5	25
	chrIII	122988	1	0.5	25
	chrIII	122990	0	0.5	25
	chrIII	122995	1	1.0	25
	chrIII	122996	0	1.0	25
	chrIII	122997	0	0.5	25
	chrIII	123003	0	0.5	25
	chrIII	123009	1	0.5	25
	chrIII	123011	0	0.5	25
	chrIII	123015	0	0.5	25
	chrIII	123018	0	0.5	25
	chrIII	123034	1	0.5	25
	chrIII	123040	1	0.5	25
	chrIII	123047	1	0.5	25
	chrIII	123049	0	0.5	25
	chrIII	123049	1	0.5	25
	chrIII	123056	1	0.5	25
	chrIII	123057	0	0.5	25
	chrIII	123070	1	0.5	25
	chrIII	123073	1	0.5	25
	chrIII	123084	1	0.5	25
	chrIII	123088	1	0.5	25
	chrIII	123089	0	0.5	25
	chrIII	123107	1	1.0	25
	chrIII	123119	0	0.5	25
	chrIII	123121	1	0.5	25
	chrIII	123147	1	0.5	25
	chrIII	123154	1	0.5	25
	chrIII	123155	1	0.5	25
	chrIII	123162	0	0.5	25
	chrIII	123173	1	1.0	25
	chrIII	123174	0	0.5	25
	chrIII	123174	1	0.5	25
	chrIII	123178	0	1.5	25
	chrIII	123178	1	0.5	25
	chrIII	123181	0	0.5	25
	chrIII	123210	0	0.5	25
	chrIII	123232	0	0.5	25
	chrIII	123234	0	0.5	25
	chrIII	123235	0	0.5	25
	chrIII	123240	1	0.5	25
	chrIII	123241	0	0.5	25
	chrIII	123243	1	0.5	25
	chrIII	123248	1	0.5	25
	chrIII	123251	1	0.5	25
	chrIII	123252	0	0.5	25
	chrIII	123256	1	0.5	25
	chrIII	123262	0	0.5	25
	chrIII	123264	0	0.5	25
	chrIII	123273	1	0.5	25
	chrIII	123281	1	0.5	25
	chrIII	123285	1	0.5	25
	chrIII	123300	0	0.5	25
	chrIII	123305	0	0.5	25
	chrIII	123306	1	0.5	25
	chrIII	123315	1	0.5	25
	chrIII	123323	1	0.5	25
	chrIII	123332	0	0.5	25
	chrIII	123338	1	0.5	25
	chrIII	123343	1	0.5	25
	chrIII	123357	1	0.5	25
	chrIII	123370	1	0.5	25
	chrIII	123378	0	0.5	25
	chrIII	123380	0	0.5	25
	chrIII	123381	0	0.5	25
	chrIII	123387	1	0.5	25
	chrIII	123393	0	0.5	25
	chrIII	123396	0	0.5	25
	chrIII	123411	1	0.5	25
	chrIII	123416	0	0.5	25
	chrIII	123430	0	0.5	25
	chrIII	123455	0	0.5	25
	chrIII	123456	1	0.5	25
	chrIII	123457	1	0.5	25
	chrIII	123468	1	0.5	25
	chrIII	123473	0	0.5	25
	chrIII	123473	1	1.0	25
	chrIII	123476	0	0.5	25
	chrIII	123485	1	0.5	25
	chrIII	123491	0	0.5	25
	chrIII	123494	1	0.5	25
	chrIII	123495	0	0.5	25
	chrIII	123510	0	0.5	25
	chrIII	123539	0	0.5	25
	chrIII	123551	0	0.5	25
	chrIII	123553	0	1.0	25
	chrIII	123554	1	0.5	25
	chrIII	123555	1	0.5	25
	chrIII	123557	0	0.5	25
	chrIII	123561	1	1.0	25
	chrIII	123565	1	0.5	25
	chrIII	123566	0	0.5	25
	chrIII	123589	0	0.5	25
	chrIII	123624	1	0.5	25
	chrIII	123626	1	0.5	25
	chrIII	123627	1	0.5	25
	chrIII	123629	1	0.5	25
	chrIII	123633	0	1.0	25
	chrIII	123681	0	0.5	25
	chrIII	123700	0	0.5	25
	chrIII	123706	0	0.5	25
	chrIII	123718	1	0.5	25
	chrIII	123720	1	0.5	25
	chrIII	123733	0	0.5	25
	chrIII	123744	0	0.5	25
	chrIII	123755	1	0.5	25
	chrIII	123780	0	0.5	25
	chrIII	123799	1	0.5	25
	chrIII	123801	1	1.0	25
	chrIII	123802	1	0.5	25
	chrIII	123809	0	1.0	25
	chrIII	123825	1	0.5	25
	chrIII	123831	0	0.5	25
	chrIII	123838	1	0.5	25
	chrIII	123839	0	0.5	25
	chrIII	123840	0	1.0	25
	chrIII	123855	1	0.5	25
	chrIII	123872	0	1.5	25
	chrIII	123878	0	0.5	25
	chrIII	123889	0	0.5	25
	chrIII	123892	0	0.5	25
	chrIII	123893	0	0.5	25
	chrIII	123897	1	0.5	25
	chrIII	123903	1	0.5	25
	chrIII	123904	0	0.5	25
	chrIII	123920	1	0.5	25
	chrIII	123927	0	0.5	25
	chrIII	123936	0	0.5	25
	chrIII	123936	1	0.5	25
	chrIII	123940	1	0.5	25
	chrIII	123942	1	0.5	25
	chrIII	123944	0	0.5	25
	chrIII	123945	0	0.5	25
	chrIII	123947	0	1.0	25
	chrIII	123951	1	1.0	25
	chrIII	123952	1	0.5	25
	chrIII	123953	0	0.5	25
	chrIII	123953	1	1.5	25
	chrIII	123955	1	0.5	25
	chrIII	123956	0	2.0	25
	chrIII	123958	0	0.5	25
	chrIII	123962	0	0.5	25
	chrIII	123965	0	0.5	25
	chrIII	123987	1	0.5	25
	chrIII	123990	1	0.5	25
	chrIII	123995	1	0.5	25
	chrIII	124002	1	0.5	25
	chrIII	124007	1	1.0	25
	chrIII	124011	1	0.5	25
	chrIII	124020	1	0.5	25
	chrIII	124021	1	0.5	25
	chrIII	124022	1	1.5	25
	chrIII	124023	1	0.5	25
	chrIII	124028	1	0.5	25
	chrIII	124033	1	0.5	25
	chrIII	124034	0	1.0	25
	chrIII	124048	0	0.5	25
	chrIII	124048	1	0.5	25
	chrIII	124051	1	0.5	25
	chrIII	124084	0	0.5	25
	chrIII	124109	0	0.5	25
	chrIII	124157	1	0.5	25
	chrIII	124181	1	0.5	25
	chrIII	124190	1	0.5	25
	chrIII	124210	0	0.5	25
	chrIII	124210	1	0.5	25
	chrIII	124265	1	0.5	25
	chrIII	124333	0	0.5	25
	chrIII	124335	0	0.5	25
	chrIII	124381	0	0.5	25
	chrIII	124392	0	0.5	25
	chrIII	124394	1	0.5	25
	chrIII	124411	1	0.5	25
	chrIII	124449	0	0.5	25
	chrIII	124453	0	0.5	25
	chrIII	124475	1	0.5	25
	chrIII	124483	1	0.5	25
	chrIII	124486	0	0.5	25
	chrIII	124496	1	0.5	25
	chrIII	124500	0	0.5	25
	chrIII	124510	1	0.5	25
	chrIII	124536	0	0.5	25
	chrIII	124541	1	0.5	25
	chrIII	124576	1	0.5	25
	chrIII	124578	1	0.5	25
	chrIII	124596	0	0.5	25
	chrIII	124619	0	0.5	25
	chrIII	124629	0	0.5	25
	chrIII	124632	0	0.5	25
	chrIII	124676	0	1.0	25
	chrIII	124677	1	0.5	25
	chrIII	124679	0	0.5	25
	chrIII	124684	1	0.5	25
	chrIII	124686	0	0.5	25
	chrIII	124690	0	0.5	25
	chrIII	124694	1	0.5	25
	chrIII	124700	0	0.5	25
	chrIII	124703	0	0.5	25
	chrIII	124705	1	0.5	25
	chrIII	124722	1	0.5	25
	chrIII	124731	0	0.5	25
	chrIII	124738	1	0.5	25
	chrIII	124742	0	0.5	25
	chrIII	124743	1	1.0	25
	chrIII	124752	1	0.5	25
	chrIII	124755	0	0.5	25
	chrIII	124772	0	0.5	25
	chrIII	124802	1	0.5	25
	chrIII	124803	0	1.5	25
	chrIII	124818	1	0.5	25
	chrIII	124837	0	0.5	25
	chrIII	124840	0	0.5	25
	chrIII	124856	1	1.5	25
	chrIII	124881	0	0.5	25
	chrIII	124885	0	1.0	25
	chrIII	124887	1	0.5	25
	chrIII	124889	0	0.5	25
	chrIII	124890	0	0.5	25
	chrIII	124900	1	0.5	25
	chrIII	124902	1	0.5	25
	chrIII	124904	1	0.5	25
	chrIII	124910	0	1.0	25
	chrIII	124920	0	0.5	25
	chrIII	124931	0	0.5	25
	chrIII	124936	0	0.5	25
	chrIII	124953	1	1.0	25
	chrIII	124961	0	0.5	25
	chrIII	124967	0	0.5	25
	chrIII	124968	0	0.5	25
	chrIII	124974	1	0.5	25
	chrIII	124985	0	1.0	25
	chrIII	124986	0	0.5	25
	chrIII	124988	1	0.5	25
	chrIII	124994	0	0.5	25
	chrIII	124996	1	0.5	25
	chrIII	125005	1	0.5	25
	chrIII	125018	1	0.5	25
	chrIII	125019	0	0.5	25
	chrIII	125020	1	0.5	25
	chrIII	125027	0	1.5	25
	chrIII	125038	0	0.5	25
	chrIII	125043	1	0.5	25
	chrIII	125045	1	0.5	25
	chrIII	125055	1	1.0	25
	chrIII	125056	0	2.0	25
	chrIII	125056	1	0.5	25
	chrIII	125057	0	0.5	25
	chrIII	125060	0	0.5	25
	chrIII	125062	1	0.5	25
	chrIII	125070	0	0.5	25
	chrIII	125074	0	1.0	25
	chrIII	125076	1	0.5	25
	chrIII	125080	0	0.5	25
	chrIII	125081	0	0.5	25
	chrIII	125081	1	0.5	25
	chrIII	125082	0	2.0	25
	chrIII	125083	0	2.0	25
	chrIII	125088	0	0.5	25
	chrIII	125102	0	1.0	25
	chrIII	125102	1	0.5	25
	chrIII	125106	1	0.5	25
	chrIII	125118	0	0.5	25
	chrIII	125119	1	0.5	25
	chrIII	125127	0	0.5	25
	chrIII	125128	1	0.5	25
	chrIII	125138	0	0.5	25
	chrIII	125138	1	1.0	25
	chrIII	125142	1	2.5	25
	chrIII	125143	1	1.5	25
	chrIII	125144	0	1.5	25
	chrIII	125150	1	0.5	25
	chrIII	125153	1	1.5	25
	chrIII	125155	1	3.0	25
	chrIII	125156	1	0.5	25
	chrIII	125159	1	0.5	25
	chrIII	125172	1	0.5	25
	chrIII	125173	0	0.5	25
	chrIII	125175	1	0.5	25
	chrIII	125179	1	0.5	25
	chrIII	125187	0	0.5	25
	chrIII	125195	0	0.5	25
	chrIII	125197	1	0.5	25
	chrIII	125200	0	0.5	25
	chrIII	125214	1	1.0	25
	chrIII	125215	0	1.5	25
	chrIII	125221	1	0.5	25
	chrIII	125231	1	0.5	25
	chrIII	125232	1	1.5	25
	chrIII	125233	0	0.5	25
	chrIII	125242	1	0.5	25
	chrIII	125249	0	0.5	25
	chrIII	125254	0	0.5	25
	chrIII	125258	1	0.5	25
	chrIII	125271	0	1.0	25
	chrIII	125276	1	0.5	25
	chrIII	125280	1	1.0	25
	chrIII	125304	1	0.5	25
	chrIII	125306	1	0.5	25
	chrIII	125309	0	0.5	25
	chrIII	125312	1	0.5	25
	chrIII	125314	0	0.5	25
	chrIII	125316	1	0.5	25
	chrIII	125321	0	0.5	25
	chrIII	125327	1	0.5	25
	chrIII	125336	1	0.5	25
	chrIII	125347	0	0.5	25
	chrIII	125348	0	1.0	25
	chrIII	125388	0	0.5	25
	chrIII	125404	0	0.5	25
	chrIII	125406	1	0.5	25
	chrIII	125408	0	0.5	25
	chrIII	125412	0	0.5	25
	chrIII	125415	0	1.0	25
	chrIII	125420	0	0.5	25
	chrIII	125420	1	1.0	25
	chrIII	125421	1	0.5	25
	chrIII	125422	0	0.5	25
	chrIII	125422	1	0.5	25
	chrIII	125431	0	0.5	25
	chrIII	125440	0	0.5	25
	chrIII	125457	0	0.5	25
	chrIII	125470	0	1.5	25
	chrIII	125473	1	0.5	25
	chrIII	125474	1	0.5	25
	chrIII	125478	0	1.0	25
	chrIII	125480	0	0.5	25
	chrIII	125480	1	1.0	25
	chrIII	125486	1	0.5	25
	chrIII	125499	1	1.0	25
	chrIII	125500	1	0.5	25
	chrIII	125503	0	1.0	25
	chrIII	125503	1	0.5	25
	chrIII	125504	0	0.5	25
	chrIII	125508	0	0.5	25
	chrIII	125510	1	0.5	25
	chrIII	125515	1	0.5	25
	chrIII	125516	0	0.5	25
	chrIII	125520	0	0.5	25
	chrIII	125527	0	0.5	25
	chrIII	125537	1	1.0	25
	chrIII	125543	0	0.5	25
	chrIII	125554	1	0.5	25
	chrIII	125558	1	1.0	25
	chrIII	125561	1	1.0	25
	chrIII	125563	1	1.0	25
	chrIII	125564	0	1.0	25
	chrIII	125565	1	0.5	25
	chrIII	125573	0	0.5	25
	chrIII	125583	1	0.5	25
	chrIII	125584	1	0.5	25
	chrIII	125587	1	0.5	25
	chrIII	125591	1	0.5	25
	chrIII	125594	0	0.5	25
	chrIII	125602	1	0.5	25
	chrIII	125606	0	0.5	25
	chrIII	125629	0	0.5	25
	chrIII	125636	0	0.5	25
	chrIII	125676	1	0.5	25
	chrIII	125682	1	0.5	25
	chrIII	125693	1	0.5	25
	chrIII	125710	1	0.5	25
	chrIII	125718	0	0.5	25
	chrIII	125722	1	0.5	25
	chrIII	125725	1	0.5	25
	chrIII	125731	1	0.5	25
	chrIII	125752	1	0.5	25
	chrIII	125758	0	0.5	25
	chrIII	125762	0	1.0	25
	chrIII	125795	0	0.5	25
	chrIII	125816	1	1.0	25
	chrIII	125824	0	0.5	25
	chrIII	125826	1	1.0	25
	chrIII	125845	1	0.5	25
	chrIII	125848	0	1.0	25
	chrIII	125886	1	0.5	25
	chrIII	125898	1	0.5	25
	chrIII	125908	1	0.5	25
	chrIII	125909	0	0.5	25
	chrIII	125920	0	0.5	25
	chrIII	125922	0	0.5	25
	chrIII	125946	0	0.5	25
	chrIII	125951	0	0.5	25
	chrIII	125957	0	0.5	25
	chrIII	125985	1	0.5	25
	chrIII	125986	1	0.5	25
	chrIII	125990	1	0.5	25
	chrIII	126003	0	0.5	25
	chrIII	126010	0	0.5	25
	chrIII	126017	1	0.5	25
	chrIII	126018	0	0.5	25
	chrIII	126020	0	0.5	25
	chrIII	126029	1	0.5	25
	chrIII	126072	0	0.5	25
	chrIII	126085	1	0.5	25
	chrIII	126089	1	0.5	25
	chrIII	126094	0	0.5	25
	chrIII	126094	1	0.5	25
	chrIII	126124	1	0.5	25
	chrIII	126138	0	0.5	25
	chrIII	126151	1	0.5	25
	chrIII	126172	1	0.5	25
	chrIII	126173	0	0.5	25
	chrIII	126180	0	0.5	25
	chrIII	126209	1	0.5	25
	chrIII	126210	0	1.0	25
	chrIII	126226	0	0.5	25
	chrIII	126246	1	0.5	25
	chrIII	126254	1	0.5	25
	chrIII	126267	1	0.5	25
	chrIII	126275	0	0.5	25
	chrIII	126280	0	0.5	25
	chrIII	126283	0	0.5	25
	chrIII	126288	1	0.5	25
	chrIII	126298	1	1.0	25
	chrIII	126308	0	0.5	25
	chrIII	126325	1	0.5	25
	chrIII	126329	1	0.5	25
	chrIII	126347	1	0.5	25
	chrIII	126360	0	0.5	25
	chrIII	126391	0	0.5	25
	chrIII	126404	0	0.5	25
	chrIII	126410	0	0.5	25
	chrIII	126413	0	0.5	25
	chrIII	126417	1	0.5	25
	chrIII	126432	0	0.5	25
	chrIII	126433	0	0.5	25
	chrIII	126445	1	0.5	25
	chrIII	126446	0	0.5	25
	chrIII	126451	1	0.5	25
	chrIII	126453	0	0.5	25
	chrIII	126457	1	0.5	25
	chrIII	126478	0	0.5	25
	chrIII	126483	1	0.5	25
	chrIII	126493	1	1.0	25
	chrIII	126504	1	0.5	25
	chrIII	126510	0	0.5	25
	chrIII	126512	1	0.5	25
	chrIII	126527	1	0.5	25
	chrIII	126534	0	0.5	25
	chrIII	126540	0	0.5	25
	chrIII	126569	1	0.5	25
	chrIII	126572	0	0.5	25
	chrIII	126573	1	0.5	25
	chrIII	126607	1	0.5	25
	chrIII	126610	0	0.5	25
	chrIII	126612	1	0.5	25
	chrIII	126614	1	0.5	25
	chrIII	126616	0	0.5	25
	chrIII	126629	0	0.5	25
	chrIII	126658	0	0.5	25
	chrIII	126676	0	0.5	25
	chrIII	126680	0	0.5	25
	chrIII	126700	1	0.5	25
	chrIII	126705	1	0.5	25
	chrIII	126720	0	0.5	25
	chrIII	126721	1	0.5	25
	chrIII	126737	0	0.5	25
	chrIII	126746	0	0.5	25
	chrIII	126766	0	0.5	25
	chrIII	126766	1	0.5	25
	chrIII	126769	0	1.0	25
	chrIII	126778	0	0.5	25
	chrIII	126786	1	0.5	25
	chrIII	126787	0	0.5	25
	chrIII	126788	1	0.5	25
	chrIII	126790	1	0.5	25
	chrIII	126791	0	0.5	25
	chrIII	126794	0	0.5	25
	chrIII	126803	1	0.5	25
	chrIII	126826	0	0.5	25
	chrIII	126827	1	0.5	25
	chrIII	126828	1	0.5	25
	chrIII	126840	0	0.5	25
	chrIII	126841	0	0.5	25
	chrIII	126856	1	0.5	23
	chrIII	126857	1	0.5	25
	chrIII	126864	1	0.5	25
	chrIII	126868	0	1.0	25
	chrIII	126873	1	0.5	25
	chrIII	126879	1	0.5	25
	chrIII	126880	0	0.5	25
	chrIII	126892	0	0.5	25
	chrIII	126893	0	0.5	25
	chrIII	126900	1	0.5	25
	chrIII	126906	0	0.5	25
	chrIII	126906	1	0.5	25
	chrIII	126922	1	1.0	25
	chrIII	126924	0	0.5	25
	chrIII	126939	0	0.5	25
	chrIII	126941	0	0.5	25
	chrIII	126945	0	0.5	25
	chrIII	126946	1	0.5	25
	chrIII	126948	1	0.5	25
	chrIII	126966	0	0.5	25
	chrIII	126970	0	1.0	25
	chrIII	126982	0	0.5	25
	chrIII	126983	1	0.5	25
	chrIII	126994	0	0.5	25
	chrIII	127002	1	1.5	25
	chrIII	127011	0	0.5	25
	chrIII	127021	0	0.5	25
	chrIII	127026	1	0.5	25
	chrIII	127033	1	0.5	25
	chrIII	127034	1	0.5	25
	chrIII	127035	1	1.0	25
	chrIII	127048	0	0.5	25
	chrIII	127079	1	0.5	25
	chrIII	127083	1	0.5	25
	chrIII	127088	1	1.0	25
	chrIII	127106	0	0.5	25
	chrIII	127109	0	0.5	25
	chrIII	127109	1	0.5	25
	chrIII	127112	0	0.5	25
	chrIII	127113	1	0.5	25
	chrIII	127145	0	0.5	25
	chrIII	127172	0	1.0	25
	chrIII	127172	1	0.5	25
	chrIII	127173	1	0.5	25
	chrIII	127176	1	0.5	25
	chrIII	127186	0	0.5	25
	chrIII	127209	0	0.5	25
	chrIII	127219	0	0.5	25
	chrIII	127220	0	1.5	25
	chrIII	127224	0	0.5	25
	chrIII	127228	0	0.5	25
	chrIII	127230	1	1.0	25
	chrIII	127243	1	0.5	25
	chrIII	127263	1	0.5	25
	chrIII	127265	1	0.5	25
	chrIII	127266	1	0.5	25
	chrIII	127271	0	0.5	25
	chrIII	127279	1	0.5	25
	chrIII	127288	1	0.5	25
	chrIII	127305	1	1.5	25
	chrIII	127310	1	0.5	25
	chrIII	127318	0	0.5	25
	chrIII	127324	0	0.5	25
	chrIII	127326	1	0.5	25
	chrIII	127347	0	0.5	25
	chrIII	127368	0	1.0	25
	chrIII	127369	0	0.5	25
	chrIII	127377	1	0.5	25
	chrIII	127386	0	0.5	25
	chrIII	127390	1	0.5	25
	chrIII	127406	0	0.5	25
	chrIII	127413	0	0.5	25
	chrIII	127430	0	0.5	25
	chrIII	127447	1	0.5	25
	chrIII	127478	1	1.0	25
	chrIII	127479	1	0.5	25
	chrIII	127482	0	0.5	25
	chrIII	127483	1	0.5	25
	chrIII	127486	0	0.5	25
	chrIII	127529	0	0.5	25
	chrIII	127534	1	0.5	25
	chrIII	127543	1	0.5	25
	chrIII	127558	0	0.5	25
	chrIII	127558	1	0.5	25
	chrIII	127589	0	0.5	25
	chrIII	127596	1	0.5	25
	chrIII	127605	1	1.0	25
	chrIII	127644	0	0.5	25
	chrIII	127648	0	0.5	25
	chrIII	127651	1	0.5	25
	chrIII	127656	0	0.5	25
	chrIII	127698	0	0.5	25
	chrIII	127700	0	0.5	25
	chrIII	127705	0	0.5	25
	chrIII	127736	1	1.0	25
	chrIII	127743	1	0.5	25
	chrIII	127757	1	0.5	25
	chrIII	127767	1	0.5	25
	chrIII	127787	1	0.5	25
	chrIII	127802	1	0.5	25
	chrIII	127826	0	0.5	25
	chrIII	127847	0	0.5	25
	chrIII	127863	0	1.5	25
	chrIII	127864	0	1.0	25
	chrIII	127871	0	1.0	25
	chrIII	127886	0	0.5	25
	chrIII	127888	0	0.5	25
	chrIII	127894	0	1.0	25
	chrIII	127901	1	0.5	25
	chrIII	127909	1	0.5	25
	chrIII	127920	0	1.0	25
	chrIII	127921	0	1.0	25
	chrIII	127921	1	0.5	25
	chrIII	127922	0	0.5	25
	chrIII	127923	0	2.0	25
	chrIII	127927	0	2.0	25
	chrIII	127928	0	1.0	25
	chrIII	127929	0	0.5	25
	chrIII	127942	0	0.5	25
	chrIII	127947	1	0.5	25
	chrIII	127956	1	0.5	25
	chrIII	127959	1	0.5	25
	chrIII	127964	1	1.5	25
	chrIII	127965	0	0.5	25
	chrIII	127965	1	1.5	25
	chrIII	127966	1	0.5	25
	chrIII	127967	0	0.5	25
	chrIII	127970	1	0.5	25
	chrIII	127971	0	0.5	25
	chrIII	127975	1	1.0	25
	chrIII	127977	1	1.0	25
	chrIII	127978	1	0.5	25
	chrIII	127979	1	1.0	25
	chrIII	127980	1	0.5	25
	chrIII	127982	1	0.5	25
	chrIII	127983	0	0.5	25
	chrIII	127984	1	0.5	25
	chrIII	127985	0	0.5	25
	chrIII	127986	1	0.5	25
	chrIII	127995	1	0.5	25
	chrIII	128011	1	0.5	25
	chrIII	128016	1	0.5	25
	chrIII	128028	1	0.5	25
	chrIII	128029	0	0.5	25
	chrIII	128031	1	0.5	25
	chrIII	128033	1	0.5	25
	chrIII	128038	1	0.5	25
	chrIII	128039	0	0.5	25
	chrIII	128044	1	0.5	25
	chrIII	128045	0	0.5	25
	chrIII	128045	1	0.5	25
	chrIII	128062	0	0.5	25
	chrIII	128094	1	0.5	25
	chrIII	128095	0	0.5	25
	chrIII	128109	1	0.5	25
	chrIII	128115	0	0.5	25
	chrIII	128117	1	0.5	25
	chrIII	128121	0	0.5	25
	chrIII	128145	1	0.5	25
	chrIII	128162	1	0.5	25
	chrIII	128163	1	0.5	25
	chrIII	128166	1	0.5	25
	chrIII	128171	0	0.5	25
	chrIII	128186	0	0.5	25
	chrIII	128190	0	0.5	25
	chrIII	128196	1	0.5	25
	chrIII	128214	0	1.0	25
	chrIII	128215	0	0.5	25
	chrIII	128231	0	0.5	25
	chrIII	128233	0	0.5	25
	chrIII	128234	1	0.5	25
	chrIII	128255	1	0.5	25
	chrIII	128262	0	0.5	25
	chrIII	128262	1	0.5	25
	chrIII	128273	1	1.5	25
	chrIII	128281	1	0.5	25
	chrIII	128285	0	0.5	25
	chrIII	128289	0	0.5	25
	chrIII	128317	0	0.5	25
	chrIII	128321	0	0.5	25
	chrIII	128326	1	0.5	25
	chrIII	128327	1	0.5	25
	chrIII	128345	1	0.5	25
	chrIII	128373	0	0.5	25
	chrIII	128383	1	0.5	25
	chrIII	128384	0	0.5	25
	chrIII	128394	0	0.5	25
	chrIII	128403	0	0.5	25
	chrIII	128420	0	0.5	25
	chrIII	128429	1	0.5	25
	chrIII	128440	1	0.5	25
	chrIII	128449	0	0.5	25
	chrIII	128465	1	0.5	25
	chrIII	128467	1	0.5	25
	chrIII	128471	0	0.5	25
	chrIII	128478	1	0.5	25
	chrIII	128487	1	0.5	25
	chrIII	128488	0	0.5	25
	chrIII	128490	1	0.5	25
	chrIII	128491	1	0.5	25
	chrIII	128501	0	1.0	25
	chrIII	128518	0	0.5	25
	chrIII	128518	1	0.5	25
	chrIII	128520	0	0.5	25
	chrIII	128539	1	0.5	25
	chrIII	128547	0	0.5	24
	chrIII	128571	0	0.5	25
	chrIII	128578	0	0.5	25
	chrIII	128595	0	0.5	25
	chrIII	128600	1	0.5	25
	chrIII	128613	0	0.5	25
	chrIII	128621	0	0.5	25
	chrIII	128628	1	0.5	25
	chrIII	128634	0	0.5	25
	chrIII	128649	0	0.5	25
	chrIII	128655	1	0.5	25
	chrIII	128671	0	1.0	25
	chrIII	128691	1	1.0	25
	chrIII	128701	1	1.0	25
	chrIII	128705	1	0.5	25
	chrIII	128710	1	0.5	25
	chrIII	128728	1	0.5	25
	chrIII	128745	1	0.5	25
	chrIII	128753	1	0.5	25
	chrIII	128759	0	1.0	25
	chrIII	128775	1	0.5	25
	chrIII	128811	0	1.0	25
	chrIII	128811	1	0.5	25
	chrIII	128840	0	0.5	25
	chrIII	128841	0	0.5	25
	chrIII	128859	1	0.5	25
	chrIII	128865	1	0.5	25
	chrIII	128920	1	0.5	25
	chrIII	128931	1	0.5	25
	chrIII	128941	0	0.5	25
	chrIII	128958	1	1.0	25
	chrIII	128961	0	0.5	25
	chrIII	128990	1	0.5	25
	chrIII	129019	0	1.0	25
	chrIII	129062	0	0.5	25
	chrIII	129079	0	0.5	25
	chrIII	129081	0	0.5	25
	chrIII	129090	0	0.5	25
	chrIII	129090	1	1.0	25
	chrIII	129106	1	0.5	25
	chrIII	129108	0	0.5	25
	chrIII	129120	1	0.5	25
	chrIII	129124	0	0.5	25
	chrIII	129127	0	1.0	25
	chrIII	129131	1	0.5	25
	chrIII	129143	0	0.5	25
	chrIII	129143	1	0.5	25
	chrIII	129161	1	0.5	25
	chrIII	129177	1	0.5	25
	chrIII	129179	1	1.0	25
	chrIII	129180	0	0.5	25
	chrIII	129185	0	0.5	25
	chrIII	129201	1	0.5	25
	chrIII	129202	1	0.5	25
	chrIII	129211	0	0.5	25
	chrIII	129246	0	0.5	25
	chrIII	129258	1	0.5	25
	chrIII	129277	0	0.5	25
	chrIII	129279	1	0.5	25
	chrIII	129281	0	0.5	25
	chrIII	129295	1	0.5	25
	chrIII	129297	0	0.5	25
	chrIII	129308	1	0.5	25
	chrIII	129327	0	0.5	25
	chrIII	129329	0	0.5	25
	chrIII	129344	1	1.0	25
	chrIII	129357	0	0.5	25
	chrIII	129366	0	0.5	25
	chrIII	129366	1	0.5	25
	chrIII	129379	0	1.0	25
	chrIII	129390	0	0.5	25
	chrIII	129391	0	1.0	25
	chrIII	129395	0	0.5	25
	chrIII	129399	1	0.5	25
	chrIII	129430	0	0.5	25
	chrIII	129441	0	0.5	25
	chrIII	129448	0	1.0	25
	chrIII	129448	1	0.5	25
	chrIII	129455	1	0.5	25
	chrIII	129458	1	0.5	25
	chrIII	129459	1	0.5	25
	chrIII	129464	1	0.5	25
	chrIII	129476	0	0.5	25
	chrIII	129479	0	0.5	25
	chrIII	129501	1	0.5	25
	chrIII	129505	0	0.5	25
	chrIII	129518	0	0.5	25
	chrIII	129522	1	1.0	25
	chrIII	129523	0	0.5	25
	chrIII	129527	0	0.5	25
	chrIII	129542	0	0.5	25
	chrIII	129543	1	1.0	25
	chrIII	129546	1	0.5	25
	chrIII	129555	1	0.5	25
	chrIII	129565	1	0.5	25
	chrIII	129567	1	0.5	25
	chrIII	129581	1	0.5	25
	chrIII	129594	1	0.5	25
	chrIII	129602	1	0.5	25
	chrIII	129608	1	0.5	25
	chrIII	129618	1	0.5	25
	chrIII	129677	0	0.5	25
	chrIII	129736	0	0.5	25
	chrIII	129736	1	0.5	25
	chrIII	129769	1	0.5	25
	chrIII	129782	0	1.0	25
	chrIII	129783	1	0.5	25
	chrIII	129837	0	0.5	25
	chrIII	129869	0	0.5	25
	chrIII	129884	0	1.0	25
	chrIII	129920	1	0.5	25
	chrIII	129929	1	0.5	25
	chrIII	129958	1	1.0	25
	chrIII	129977	1	1.0	25
	chrIII	129983	0	0.5	25
	chrIII	129999	0	0.5	25
	chrIII	130007	0	0.5	25
	chrIII	130013	0	0.5	25
	chrIII	130046	1	0.5	25
	chrIII	130049	1	0.5	25
	chrIII	130055	0	0.5	25
	chrIII	130059	1	0.5	25
	chrIII	130071	0	0.5	25
	chrIII	130098	0	0.5	25
	chrIII	130115	0	1.0	25
	chrIII	130118	0	0.5	25
	chrIII	130123	1	0.5	25
	chrIII	130127	1	1.0	25
	chrIII	130194	0	0.5	25
	chrIII	130258	1	1.0	25
	chrIII	130272	0	0.5	25
	chrIII	130273	1	0.5	25
	chrIII	130280	0	0.5	25
	chrIII	130280	1	0.5	25
	chrIII	130292	0	0.5	25
	chrIII	130301	0	0.5	25
	chrIII	130303	0	0.5	25
	chrIII	130304	0	0.5	25
	chrIII	130310	0	0.5	25
	chrIII	130312	0	0.5	25
	chrIII	130323	0	0.5	25
	chrIII	130331	0	0.5	25
	chrIII	130338	1	0.5	25
	chrIII	130346	1	0.5	25
	chrIII	130354	0	0.5	25
	chrIII	130360	0	0.5	25
	chrIII	130363	1	0.5	25
	chrIII	130371	1	0.5	25
	chrIII	130376	1	0.5	25
	chrIII	130381	0	0.5	25
	chrIII	130392	1	0.5	25
	chrIII	130397	1	0.5	25
	chrIII	130398	1	0.5	25
	chrIII	130399	1	0.5	25
	chrIII	130401	0	0.5	25
	chrIII	130416	0	0.5	25
	chrIII	130423	1	0.5	25
	chrIII	130428	1	0.5	25
	chrIII	130432	0	1.0	25
	chrIII	130433	1	0.5	25
	chrIII	130436	1	0.5	25
	chrIII	130443	1	0.5	25
	chrIII	130451	0	0.5	25
	chrIII	130454	0	0.5	25
	chrIII	130457	1	0.5	25
	chrIII	130485	1	0.5	25
	chrIII	130490	1	0.5	25
	chrIII	130504	1	0.5	25
	chrIII	130508	0	0.5	25
	chrIII	130531	0	0.5	25
	chrIII	130532	0	1.0	25
	chrIII	130532	1	0.5	25
	chrIII	130533	0	0.5	25
	chrIII	130537	0	0.5	25
	chrIII	130544	0	0.5	25
	chrIII	130550	1	0.5	25
	chrIII	130558	0	0.5	25
	chrIII	130561	0	0.5	25
	chrIII	130574	0	0.5	25
	chrIII	130591	0	1.0	25
	chrIII	130601	1	0.5	25
	chrIII	130606	0	0.5	25
	chrIII	130608	0	0.5	25
	chrIII	130612	1	0.5	25
	chrIII	130616	1	0.5	25
	chrIII	130619	1	0.5	25
	chrIII	130620	0	0.5	25
	chrIII	130620	1	0.5	25
	chrIII	130627	1	0.5	25
	chrIII	130629	0	0.5	25
	chrIII	130629	1	0.5	25
	chrIII	130631	1	0.5	25
	chrIII	130651	0	1.0	25
	chrIII	130660	0	0.5	25
	chrIII	130663	1	1.0	25
	chrIII	130669	0	0.5	25
	chrIII	130670	0	0.5	25
	chrIII	130674	0	1.0	25
	chrIII	130675	1	0.5	25
	chrIII	130679	1	0.5	25
	chrIII	130682	0	0.5	25
	chrIII	130686	1	0.5	25
	chrIII	130689	1	0.5	25
	chrIII	130696	1	0.5	25
	chrIII	130701	0	0.5	25
	chrIII	130708	1	0.5	25
	chrIII	130726	1	0.5	25
	chrIII	130732	1	0.5	25
	chrIII	130734	0	0.5	25
	chrIII	130740	0	0.5	25
	chrIII	130751	1	0.5	25
	chrIII	130759	1	1.0	25
	chrIII	130790	1	0.5	25
	chrIII	130791	1	0.5	25
	chrIII	130798	1	0.5	25
	chrIII	130810	0	0.5	25
	chrIII	130818	0	0.5	25
	chrIII	130822	0	0.5	25
	chrIII	130831	1	0.5	25
	chrIII	130884	1	0.5	25
	chrIII	130894	1	0.5	25
	chrIII	130896	1	0.5	25
	chrIII	130907	1	0.5	25
	chrIII	130919	0	0.5	25
	chrIII	130930	0	0.5	25
	chrIII	130955	0	0.5	25
	chrIII	130961	0	0.5	25
	chrIII	130964	1	0.5	25
	chrIII	130993	0	0.5	25
	chrIII	130994	1	0.5	25
	chrIII	131012	0	0.5	25
	chrIII	131015	1	1.0	25
	chrIII	131021	0	0.5	25
	chrIII	131027	0	0.5	25
	chrIII	131029	0	0.5	25
	chrIII	131044	1	0.5	25
	chrIII	131055	0	0.5	25
	chrIII	131072	1	0.5	25
	chrIII	131076	1	0.5	25
	chrIII	131100	1	0.5	25
	chrIII	131105	1	0.5	25
	chrIII	131132	1	0.5	25
	chrIII	131144	0	1.0	25
	chrIII	131164	1	0.5	25
	chrIII	131196	0	1.0	25
	chrIII	131201	0	0.5	25
	chrIII	131209	0	0.5	25
	chrIII	131218	1	1.0	25
	chrIII	131232	0	0.5	25
	chrIII	131239	1	0.5	25
	chrIII	131244	1	0.5	25
	chrIII	131257	1	1.0	25
	chrIII	131280	0	0.5	25
	chrIII	131306	0	0.5	25
	chrIII	131321	0	1.0	25
	chrIII	131323	0	0.5	25
	chrIII	131339	1	0.5	25
	chrIII	131359	1	0.5	25
	chrIII	131370	1	0.5	25
	chrIII	131419	1	1.0	25
	chrIII	131423	0	0.5	25
	chrIII	131466	0	1.0	25
	chrIII	131471	0	1.5	25
	chrIII	131485	0	0.5	25
	chrIII	131486	0	0.5	25
	chrIII	131490	0	0.5	25
	chrIII	131516	0	0.5	25
	chrIII	131518	1	0.5	25
	chrIII	131527	0	0.5	25
	chrIII	131541	1	0.5	25
	chrIII	131544	0	0.5	25
	chrIII	131558	1	0.5	25
	chrIII	131568	1	0.5	25
	chrIII	131570	1	1.5	25
	chrIII	131574	0	0.5	25
	chrIII	131584	0	2.0	25
	chrIII	131584	1	0.5	25
	chrIII	131586	0	1.0	25
	chrIII	131594	0	0.5	25
	chrIII	131601	0	0.5	25
	chrIII	131604	0	0.5	25
	chrIII	131621	1	0.5	25
	chrIII	131625	0	0.5	25
	chrIII	131633	1	1.0	25
	chrIII	131634	1	1.0	25
	chrIII	131637	1	0.5	25
	chrIII	131640	0	1.5	25
	chrIII	131654	1	0.5	25
	chrIII	131657	0	0.5	25
	chrIII	131659	0	1.0	25
	chrIII	131660	0	1.0	25
	chrIII	131661	0	0.5	25
	chrIII	131663	0	0.5	25
	chrIII	131667	1	0.5	25
	chrIII	131672	0	0.5	24
	chrIII	131673	1	1.5	25
	chrIII	131674	0	0.5	25
	chrIII	131674	1	1.5	25
	chrIII	131675	0	2.0	25
	chrIII	131678	0	1.0	25
	chrIII	131681	0	0.5	25
	chrIII	131705	0	0.5	25
	chrIII	131713	1	0.5	25
	chrIII	131722	1	0.5	25
	chrIII	131723	1	0.5	25
	chrIII	131732	1	1.0	25
	chrIII	131741	0	0.5	25
	chrIII	131742	0	0.5	25
	chrIII	131742	1	0.5	24
	chrIII	131743	1	0.5	25
	chrIII	131744	1	3.0	25
	chrIII	131745	0	1.0	25
	chrIII	131745	1	1.0	25
	chrIII	131752	1	0.5	25
	chrIII	131754	1	0.5	25
	chrIII	131766	1	0.5	25
	chrIII	131767	0	0.5	25
	chrIII	131768	0	0.5	25
	chrIII	131771	1	0.5	25
	chrIII	131778	1	1.0	25
	chrIII	131815	1	1.0	25
	chrIII	131827	1	0.5	25
	chrIII	131837	1	0.5	25
	chrIII	131838	0	0.5	25
	chrIII	131842	1	0.5	25
	chrIII	131857	1	0.5	25
	chrIII	131883	0	0.5	25
	chrIII	131888	1	0.5	25
	chrIII	131898	1	0.5	25
	chrIII	131900	0	0.5	25
	chrIII	131901	0	0.5	25
	chrIII	131904	0	0.5	25
	chrIII	131917	0	0.5	25
	chrIII	131918	0	0.5	25
	chrIII	131931	0	0.5	25
	chrIII	131932	0	1.0	25
	chrIII	131939	0	0.5	25
	chrIII	131947	0	0.5	25
	chrIII	131949	0	0.5	25
	chrIII	131959	0	0.5	25
	chrIII	131969	1	1.0	25
	chrIII	131971	0	0.5	25
	chrIII	131972	1	0.5	25
	chrIII	131977	1	1.5	25
	chrIII	131992	1	0.5	25
	chrIII	131997	0	0.5	25
	chrIII	132000	0	0.5	25
	chrIII	132017	1	0.5	25
	chrIII	132018	1	0.5	25
	chrIII	132020	1	0.5	25
	chrIII	132034	0	0.5	25
	chrIII	132035	1	0.5	25
	chrIII	132038	0	0.5	25
	chrIII	132049	1	0.5	25
	chrIII	132080	1	0.5	25
	chrIII	132086	1	1.0	25
	chrIII	132089	1	0.5	25
	chrIII	132090	0	0.5	25
	chrIII	132103	0	1.0	25
	chrIII	132103	1	0.5	25
	chrIII	132105	0	0.5	25
	chrIII	132113	0	1.0	25
	chrIII	132119	1	0.5	25
	chrIII	132138	1	0.5	25
	chrIII	132141	0	0.5	25
	chrIII	132150	0	0.5	25
	chrIII	132152	0	0.5	25
	chrIII	132154	0	1.0	25
	chrIII	132164	0	0.5	25
	chrIII	132173	0	0.5	25
	chrIII	132179	1	0.5	25
	chrIII	132180	0	0.5	25
	chrIII	132180	1	0.5	25
	chrIII	132182	1	0.5	25
	chrIII	132185	0	0.5	25
	chrIII	132188	0	0.5	25
	chrIII	132191	1	0.5	25
	chrIII	132193	1	0.5	25
	chrIII	132196	1	0.5	25
	chrIII	132208	0	0.5	25
	chrIII	132211	1	0.5	25
	chrIII	132212	0	0.5	25
	chrIII	132221	1	1.0	25
	chrIII	132223	0	0.5	25
	chrIII	132223	1	0.5	25
	chrIII	132227	1	0.5	25
	chrIII	132229	1	0.5	25
	chrIII	132236	0	1.0	25
	chrIII	132238	0	0.5	25
	chrIII	132243	1	0.5	25
	chrIII	132246	0	0.5	25
	chrIII	132247	0	0.5	25
	chrIII	132250	0	0.5	25
	chrIII	132258	0	0.5	25
	chrIII	132259	0	0.5	25
	chrIII	132261	1	0.5	25
	chrIII	132262	0	0.5	25
	chrIII	132274	1	0.5	25
	chrIII	132277	1	0.5	25
	chrIII	132282	0	1.5	25
	chrIII	132284	1	0.5	25
	chrIII	132290	0	0.5	25
	chrIII	132291	0	0.5	25
	chrIII	132296	1	0.5	25
	chrIII	132301	1	0.5	25
	chrIII	132302	1	1.0	25
	chrIII	132303	0	1.0	25
	chrIII	132313	0	0.5	25
	chrIII	132326	1	0.5	25
	chrIII	132328	1	0.5	25
	chrIII	132339	1	0.5	25
	chrIII	132341	1	0.5	25
	chrIII	132347	1	1.0	25
	chrIII	132355	1	0.5	25
	chrIII	132362	1	1.0	25
	chrIII	132372	1	0.5	25
	chrIII	132462	0	0.5	25
	chrIII	132471	1	0.5	25
	chrIII	132472	1	0.5	25
	chrIII	132495	1	0.5	25
	chrIII	132565	0	0.5	25
	chrIII	132566	0	0.5	25
	chrIII	132612	0	0.5	25
	chrIII	132630	1	0.5	25
	chrIII	132650	1	0.5	25
	chrIII	132663	1	0.5	25
	chrIII	132693	1	0.5	25
	chrIII	132701	0	0.5	25
	chrIII	132702	0	0.5	25
	chrIII	132718	0	0.5	25
	chrIII	132722	1	0.5	25
	chrIII	132740	1	0.5	25
	chrIII	132741	0	0.5	25
	chrIII	132752	0	0.5	25
	chrIII	132764	1	0.5	25
	chrIII	132769	1	0.5	25
	chrIII	132800	0	0.5	25
	chrIII	132810	1	0.5	25
	chrIII	132847	0	0.5	25
	chrIII	132860	1	0.5	25
	chrIII	132861	0	0.5	25
	chrIII	132923	1	0.5	25
	chrIII	132945	1	0.5	25
	chrIII	132956	0	0.5	25
	chrIII	132964	1	0.5	25
	chrIII	132974	0	0.5	25
	chrIII	132976	0	0.5	25
	chrIII	132979	0	1.0	25
	chrIII	133009	0	0.5	25
	chrIII	133027	0	0.5	25
	chrIII	133060	1	0.5	25
	chrIII	133061	1	1.0	25
	chrIII	133062	0	0.5	25
	chrIII	133063	1	0.5	25
	chrIII	133070	0	0.5	25
	chrIII	133079	1	0.5	25
	chrIII	133115	0	0.5	25
	chrIII	133128	0	0.5	25
	chrIII	133139	0	0.5	25
	chrIII	133140	0	1.0	25
	chrIII	133144	0	0.5	25
	chrIII	133152	1	0.5	25
	chrIII	133155	1	0.5	25
	chrIII	133160	0	0.5	25
	chrIII	133168	0	0.5	25
	chrIII	133177	0	0.5	25
	chrIII	133187	1	1.0	25
	chrIII	133188	0	0.5	25
	chrIII	133188	1	0.5	25
	chrIII	133197	1	0.5	25
	chrIII	133198	1	0.5	25
	chrIII	133207	0	0.5	25
	chrIII	133210	1	0.5	25
	chrIII	133215	1	0.5	25
	chrIII	133216	1	0.5	25
	chrIII	133254	1	0.5	25
	chrIII	133255	0	0.5	25
	chrIII	133289	1	0.5	25
	chrIII	133301	1	0.5	25
	chrIII	133309	1	0.5	25
	chrIII	133340	0	0.5	25
	chrIII	133344	1	0.5	24
	chrIII	133352	0	0.5	25
	chrIII	133378	0	0.5	25
	chrIII	133379	1	0.5	25
	chrIII	133392	0	0.5	25
	chrIII	133410	1	0.5	25
	chrIII	133419	1	0.5	25
	chrIII	133483	0	0.5	25
	chrIII	133498	1	0.5	25
	chrIII	133512	1	0.5	25
	chrIII	133518	0	0.5	25
	chrIII	133532	0	0.5	25
	chrIII	133533	0	0.5	25
	chrIII	133534	0	0.5	25
	chrIII	133535	0	1.0	25
	chrIII	133544	0	0.5	25
	chrIII	133546	0	0.5	25
	chrIII	133559	0	1.0	25
	chrIII	133560	0	0.5	25
	chrIII	133572	0	0.5	25
	chrIII	133583	1	0.5	25
	chrIII	133586	0	0.5	25
	chrIII	133590	1	0.5	25
	chrIII	133597	0	0.5	25
	chrIII	133602	1	0.5	25
	chrIII	133610	1	2.0	25
	chrIII	133614	0	0.5	25
	chrIII	133628	1	0.5	25
	chrIII	133631	0	0.5	25
	chrIII	133642	1	0.5	25
	chrIII	133643	0	0.5	25
	chrIII	133656	1	0.5	25
	chrIII	133657	0	0.5	25
	chrIII	133665	0	0.5	25
	chrIII	133676	1	0.5	25
	chrIII	133682	1	0.5	25
	chrIII	133690	1	0.5	25
	chrIII	133696	1	0.5	25
	chrIII	133707	1	0.5	25
	chrIII	133708	1	0.5	25
	chrIII	133729	1	0.5	25
	chrIII	133748	1	0.5	25
	chrIII	133800	0	0.5	25
	chrIII	133840	1	0.5	25
	chrIII	133846	1	0.5	25
	chrIII	133853	0	0.5	25
	chrIII	133853	1	0.5	25
	chrIII	133897	0	0.5	25
	chrIII	133919	1	0.5	25
	chrIII	133929	0	0.5	25
	chrIII	133972	0	0.5	25
	chrIII	133980	0	0.5	25
	chrIII	133986	1	0.5	25
	chrIII	134050	1	0.5	25
	chrIII	134056	1	0.5	25
	chrIII	134088	0	0.5	25
	chrIII	134111	1	0.5	25
	chrIII	134122	1	0.5	25
	chrIII	134137	0	0.5	25
	chrIII	134147	0	0.5	25
	chrIII	134148	0	0.5	25
	chrIII	134157	0	0.5	25
	chrIII	134170	0	1.0	25
	chrIII	134194	0	1.0	25
	chrIII	134205	1	0.5	25
	chrIII	134218	1	0.5	25
	chrIII	134245	1	1.0	25
	chrIII	134249	1	0.5	25
	chrIII	134261	1	0.5	25
	chrIII	134299	0	0.5	25
	chrIII	134336	0	1.0	25
	chrIII	134354	0	0.5	25
	chrIII	134394	0	0.5	25
	chrIII	134395	1	0.5	25
	chrIII	134399	1	1.0	25
	chrIII	134400	1	0.5	25
	chrIII	134419	1	0.5	25
	chrIII	134428	0	0.5	25
	chrIII	134431	1	0.5	25
	chrIII	134438	0	0.5	25
	chrIII	134512	1	0.5	25
	chrIII	134536	1	0.5	25
	chrIII	134591	0	0.5	25
	chrIII	134602	0	0.5	25
	chrIII	134614	0	0.5	25
	chrIII	134618	1	0.5	25
	chrIII	134619	0	0.5	25
	chrIII	134623	0	0.5	25
	chrIII	134655	0	0.5	25
	chrIII	134671	1	0.5	25
	chrIII	134674	1	0.5	25
	chrIII	134680	0	0.5	25
	chrIII	134680	1	0.5	25
	chrIII	134684	1	0.5	25
	chrIII	134707	0	0.5	25
	chrIII	134715	0	0.5	25
	chrIII	134737	1	0.5	25
	chrIII	134747	0	0.5	25
	chrIII	134753	0	0.5	25
	chrIII	134760	1	1.0	25
	chrIII	134769	0	0.5	25
	chrIII	134782	1	0.5	25
	chrIII	134787	0	0.5	25
	chrIII	134809	1	0.5	25
	chrIII	134816	1	0.5	25
	chrIII	134824	0	0.5	25
	chrIII	134846	1	0.5	25
	chrIII	134847	0	0.5	25
	chrIII	134853	1	0.5	25
	chrIII	134874	0	0.5	25
	chrIII	134897	0	0.5	25
	chrIII	134912	0	1.0	25
	chrIII	134921	1	0.5	25
	chrIII	134934	1	0.5	25
	chrIII	134955	1	0.5	25
	chrIII	134964	1	0.5	25
	chrIII	134974	0	0.5	25
	chrIII	134980	0	0.5	25
	chrIII	135011	0	0.5	25
	chrIII	135021	0	0.5	25
	chrIII	135031	0	0.5	25
	chrIII	135040	1	0.5	25
	chrIII	135060	1	0.5	25
	chrIII	135075	0	0.5	25
	chrIII	135076	1	0.5	25
	chrIII	135094	1	0.5	25
	chrIII	135119	0	0.5	25
	chrIII	135145	0	0.5	25
	chrIII	135145	1	0.5	25
	chrIII	135150	1	1.0	25
	chrIII	135176	1	1.0	25
	chrIII	135229	0	0.5	25
	chrIII	135239	1	0.5	25
	chrIII	135246	0	0.5	25
	chrIII	135250	0	1.0	25
	chrIII	135256	0	0.5	25
	chrIII	135293	1	0.5	25
	chrIII	135295	1	0.5	25
	chrIII	135303	1	0.5	25
	chrIII	135325	1	0.5	25
	chrIII	135326	0	0.5	25
	chrIII	135326	1	1.0	25
	chrIII	135357	0	0.5	25
	chrIII	135403	1	0.5	25
	chrIII	135415	1	0.5	25
	chrIII	135421	0	0.5	25
	chrIII	135439	0	0.5	25
	chrIII	135472	0	0.5	25
	chrIII	135508	1	0.5	25
	chrIII	135512	1	0.5	25
	chrIII	135513	0	0.5	25
	chrIII	135520	0	0.5	25
	chrIII	135539	0	0.5	25
	chrIII	135555	1	0.5	25
	chrIII	135558	0	0.5	25
	chrIII	135566	1	0.5	25
	chrIII	135576	0	0.5	25
	chrIII	135585	0	0.5	25
	chrIII	135613	1	0.5	25
	chrIII	135614	0	1.0	25
	chrIII	135623	1	1.0	25
	chrIII	135624	0	0.5	25
	chrIII	135631	1	0.5	25
	chrIII	135639	0	0.5	25
	chrIII	135659	1	0.5	25
	chrIII	135666	1	0.5	25
	chrIII	135695	0	0.5	25
	chrIII	135704	1	0.5	25
	chrIII	135722	1	0.5	25
	chrIII	135762	0	0.5	25
	chrIII	135766	1	0.5	25
	chrIII	135767	0	0.5	25
	chrIII	135773	0	0.5	25
	chrIII	135776	0	0.5	25
	chrIII	135780	0	1.0	25
	chrIII	135783	1	0.5	25
	chrIII	135784	0	0.5	25
	chrIII	135790	0	0.5	25
	chrIII	135804	0	0.5	25
	chrIII	135804	1	0.5	25
	chrIII	135807	0	0.5	25
	chrIII	135845	1	0.5	25
	chrIII	135851	1	0.5	25
	chrIII	135855	1	1.0	25
	chrIII	135859	1	0.5	25
	chrIII	135898	1	1.0	25
	chrIII	135920	0	0.5	25
	chrIII	135950	1	0.5	25
	chrIII	136001	0	0.5	25
	chrIII	136003	0	0.5	25
	chrIII	136004	0	0.5	25
	chrIII	136026	0	0.5	25
	chrIII	136032	1	0.5	25
	chrIII	136043	0	0.5	25
	chrIII	136051	0	0.5	25
	chrIII	136052	1	0.5	25
	chrIII	136100	1	1.5	25
	chrIII	136102	1	0.5	25
	chrIII	136103	0	0.5	25
	chrIII	136103	1	0.5	25
	chrIII	136124	1	0.5	25
	chrIII	136133	0	0.5	25
	chrIII	136136	0	0.5	25
	chrIII	136142	0	0.5	25
	chrIII	136145	0	0.5	25
	chrIII	136147	0	0.5	25
	chrIII	136174	0	0.5	25
	chrIII	136175	1	0.5	25
	chrIII	136181	1	0.5	25
	chrIII	136189	1	0.5	25
	chrIII	136191	1	0.5	25
	chrIII	136204	1	0.5	25
	chrIII	136217	0	0.5	25
	chrIII	136219	1	0.5	25
	chrIII	136221	1	0.5	25
	chrIII	136230	0	0.5	25
	chrIII	136257	0	0.5	25
	chrIII	136276	0	1.0	25
	chrIII	136283	0	0.5	25
	chrIII	136296	0	0.5	25
	chrIII	136312	0	0.5	25
	chrIII	136312	1	0.5	25
	chrIII	136323	0	0.5	25
	chrIII	136335	1	0.5	25
	chrIII	136339	1	0.5	25
	chrIII	136354	0	0.5	25
	chrIII	136355	1	0.5	25
	chrIII	136376	1	0.5	25
	chrIII	136377	1	0.5	25
	chrIII	136380	1	0.5	25
	chrIII	136399	0	0.5	25
	chrIII	136413	0	0.5	25
	chrIII	136420	1	0.5	25
	chrIII	136432	1	0.5	25
	chrIII	136433	0	0.5	25
	chrIII	136438	1	0.5	25
	chrIII	136443	0	0.5	25
	chrIII	136449	0	0.5	25
	chrIII	136461	0	0.5	25
	chrIII	136479	0	0.5	25
	chrIII	136498	1	0.5	25
	chrIII	136505	1	0.5	25
	chrIII	136519	1	0.5	25
	chrIII	136524	1	0.5	25
	chrIII	136544	0	0.5	25
	chrIII	136558	1	0.5	25
	chrIII	136561	1	0.5	25
	chrIII	136634	0	0.5	25
	chrIII	136687	1	0.5	25
	chrIII	136696	0	0.5	25
	chrIII	136760	0	0.5	25
	chrIII	136769	0	0.5	25
	chrIII	136772	1	0.5	25
	chrIII	136794	0	0.5	25
	chrIII	136803	0	0.5	25
	chrIII	136807	1	0.5	25
	chrIII	136812	1	0.5	25
	chrIII	136826	1	0.5	25
	chrIII	136830	0	0.5	25
	chrIII	136839	0	1.0	25
	chrIII	136842	0	0.5	25
	chrIII	136843	1	0.5	25
	chrIII	136863	1	0.5	25
	chrIII	136871	1	0.5	25
	chrIII	136882	0	0.5	25
	chrIII	136882	1	0.5	25
	chrIII	136886	1	0.5	25
	chrIII	136887	1	0.5	25
	chrIII	136900	0	0.5	25
	chrIII	136910	1	0.5	25
	chrIII	136963	1	0.5	25
	chrIII	136968	0	0.5	25
	chrIII	136971	1	0.5	25
	chrIII	136978	0	0.5	25
	chrIII	136992	0	0.5	25
	chrIII	136993	0	0.5	25
	chrIII	137006	0	0.5	25
	chrIII	137007	1	0.5	25
	chrIII	137060	0	0.5	25
	chrIII	137063	1	0.5	25
	chrIII	137070	1	1.0	25
	chrIII	137079	1	0.5	25
	chrIII	137132	1	0.5	25
	chrIII	137135	0	0.5	25
	chrIII	137140	0	0.5	25
	chrIII	137141	0	2.0	25
	chrIII	137142	0	0.5	25
	chrIII	137171	0	0.5	25
	chrIII	137177	1	0.5	25
	chrIII	137178	0	0.5	25
	chrIII	137200	0	1.5	25
	chrIII	137213	1	0.5	25
	chrIII	137214	0	0.5	25
	chrIII	137214	1	3.0	25
	chrIII	137216	0	1.0	25
	chrIII	137218	0	0.5	25
	chrIII	137222	0	1.0	25
	chrIII	137223	0	1.0	25
	chrIII	137244	0	0.5	25
	chrIII	137249	1	0.5	25
	chrIII	137253	1	0.5	25
	chrIII	137257	0	0.5	25
	chrIII	137262	1	0.5	25
	chrIII	137290	1	1.5	25
	chrIII	137299	1	1.0	25
	chrIII	137301	1	0.5	23
	chrIII	137303	1	1.0	25
	chrIII	137305	0	1.0	25
	chrIII	137311	1	0.5	25
	chrIII	137320	1	0.5	25
	chrIII	137337	0	0.5	25
	chrIII	137343	0	0.5	25
	chrIII	137344	0	1.5	25
	chrIII	137365	0	0.5	25
	chrIII	137380	1	0.5	25
	chrIII	137388	1	0.5	25
	chrIII	137397	1	0.5	25
	chrIII	137404	1	0.5	25
	chrIII	137408	0	0.5	25
	chrIII	137419	0	1.0	25
	chrIII	137419	1	0.5	25
	chrIII	137440	1	0.5	25
	chrIII	137441	0	0.5	25
	chrIII	137447	0	0.5	25
	chrIII	137450	0	0.5	25
	chrIII	137454	0	0.5	25
	chrIII	137468	0	1.5	25
	chrIII	137472	1	0.5	25
	chrIII	137478	1	0.5	25
	chrIII	137483	0	0.5	25
	chrIII	137486	0	0.5	25
	chrIII	137494	1	0.5	25
	chrIII	137515	0	1.0	25
	chrIII	137518	1	0.5	25
	chrIII	137533	1	0.5	25
	chrIII	137541	0	1.0	25
	chrIII	137541	1	0.5	25
	chrIII	137543	0	0.5	25
	chrIII	137545	0	0.5	25
	chrIII	137549	1	0.5	25
	chrIII	137554	0	0.5	25
	chrIII	137558	1	0.5	25
	chrIII	137563	0	0.5	25
	chrIII	137563	1	0.5	25
	chrIII	137578	0	0.5	25
	chrIII	137583	1	1.0	25
	chrIII	137584	0	1.5	25
	chrIII	137592	1	0.5	25
	chrIII	137593	1	0.5	25
	chrIII	137596	1	0.5	25
	chrIII	137597	0	0.5	25
	chrIII	137600	1	0.5	25
	chrIII	137610	0	1.0	25
	chrIII	137619	1	0.5	25
	chrIII	137625	1	0.5	25
	chrIII	137629	1	0.5	25
	chrIII	137631	0	0.5	25
	chrIII	137633	1	0.5	25
	chrIII	137634	1	1.0	25
	chrIII	137635	0	0.5	25
	chrIII	137637	0	0.5	25
	chrIII	137645	1	1.0	25
	chrIII	137646	0	0.5	25
	chrIII	137649	1	1.0	25
	chrIII	137652	0	0.5	25
	chrIII	137655	1	0.5	25
	chrIII	137660	0	0.5	25
	chrIII	137661	0	0.5	25
	chrIII	137661	1	0.5	25
	chrIII	137668	0	0.5	25
	chrIII	137671	1	0.5	25
	chrIII	137672	0	0.5	25
	chrIII	137678	1	0.5	25
	chrIII	137691	1	0.5	25
	chrIII	137695	1	0.5	25
	chrIII	137701	0	0.5	25
	chrIII	137706	1	0.5	25
	chrIII	137714	1	1.0	25
	chrIII	137725	1	0.5	25
	chrIII	137727	1	0.5	25
	chrIII	137728	1	0.5	25
	chrIII	137738	0	0.5	25
	chrIII	137748	1	0.5	25
	chrIII	137754	1	0.5	25
	chrIII	137762	0	0.5	25
	chrIII	137765	0	0.5	25
	chrIII	137775	1	0.5	24
	chrIII	137788	1	0.5	25
	chrIII	137809	0	0.5	25
	chrIII	137831	0	0.5	25
	chrIII	137833	0	1.0	25
	chrIII	137834	0	0.5	25
	chrIII	137849	1	0.5	25
	chrIII	137853	1	0.5	25
	chrIII	137892	1	0.5	25
	chrIII	137898	0	0.5	25
	chrIII	137915	0	0.5	25
	chrIII	137916	1	1.0	25
	chrIII	137923	0	0.5	25
	chrIII	137923	1	0.5	25
	chrIII	137928	0	0.5	25
	chrIII	137959	0	0.5	25
	chrIII	137962	1	0.5	25
	chrIII	137974	0	0.5	25
	chrIII	137989	1	0.5	25
	chrIII	137994	1	0.5	25
	chrIII	137998	1	0.5	25
	chrIII	137999	1	0.5	25
	chrIII	138000	0	0.5	25
	chrIII	138008	0	0.5	25
	chrIII	138028	1	0.5	25
	chrIII	138052	0	0.5	25
	chrIII	138067	1	0.5	25
	chrIII	138073	0	0.5	25
	chrIII	138075	0	0.5	25
	chrIII	138109	1	0.5	25
	chrIII	138111	1	0.5	25
	chrIII	138113	0	0.5	25
	chrIII	138119	0	0.5	25
	chrIII	138138	1	0.5	25
	chrIII	138147	1	0.5	25
	chrIII	138153	1	0.5	25
	chrIII	138177	1	0.5	25
	chrIII	138197	1	0.5	25
	chrIII	138208	0	0.5	25
	chrIII	138216	0	0.5	25
	chrIII	138225	0	0.5	25
	chrIII	138234	0	0.5	25
	chrIII	138248	0	0.5	25
	chrIII	138266	0	1.0	25
	chrIII	138284	0	0.5	25
	chrIII	138285	1	0.5	25
	chrIII	138300	0	0.5	25
	chrIII	138302	1	0.5	25
	chrIII	138305	1	0.5	25
	chrIII	138306	0	0.5	25
	chrIII	138318	1	0.5	25
	chrIII	138329	1	0.5	25
	chrIII	138334	0	0.5	25
	chrIII	138344	1	0.5	24
	chrIII	138349	0	0.5	25
	chrIII	138358	0	1.0	25
	chrIII	138374	0	0.5	25
	chrIII	138375	0	0.5	25
	chrIII	138387	1	0.5	25
	chrIII	138400	1	0.5	25
	chrIII	138407	1	0.5	25
	chrIII	138410	1	1.0	25
	chrIII	138412	1	0.5	25
	chrIII	138442	1	0.5	25
	chrIII	138457	1	1.0	25
	chrIII	138508	0	0.5	25
	chrIII	138509	0	0.5	25
	chrIII	138537	0	0.5	25
	chrIII	138555	0	0.5	25
	chrIII	138582	1	0.5	25
	chrIII	138583	1	0.5	25
	chrIII	138632	1	0.5	25
	chrIII	138652	1	0.5	25
	chrIII	138700	0	0.5	25
	chrIII	138723	0	0.5	25
	chrIII	138726	1	0.5	25
	chrIII	138727	0	0.5	25
	chrIII	138727	1	0.5	25
	chrIII	138750	0	1.0	25
	chrIII	138820	1	0.5	25
	chrIII	138822	1	1.0	25
	chrIII	138827	1	0.5	25
	chrIII	138880	0	0.5	25
	chrIII	138891	0	0.5	25
	chrIII	138969	1	0.5	25
	chrIII	139013	0	1.0	25
	chrIII	139017	1	0.5	25
	chrIII	139019	0	0.5	25
	chrIII	139043	0	0.5	25
	chrIII	139049	0	0.5	25
	chrIII	139053	0	0.5	25
	chrIII	139054	0	0.5	25
	chrIII	139055	0	1.0	25
	chrIII	139068	0	0.5	25
	chrIII	139069	0	0.5	25
	chrIII	139076	0	0.5	25
	chrIII	139081	1	0.5	25
	chrIII	139083	0	0.5	25
	chrIII	139086	1	1.0	25
	chrIII	139101	0	0.5	25
	chrIII	139101	1	0.5	25
	chrIII	139102	0	1.5	25
	chrIII	139103	0	0.5	25
	chrIII	139104	0	0.5	25
	chrIII	139106	1	0.5	25
	chrIII	139110	0	0.5	25
	chrIII	139111	0	1.0	25
	chrIII	139112	0	0.5	25
	chrIII	139113	0	1.0	25
	chrIII	139113	1	0.5	25
	chrIII	139114	0	2.0	25
	chrIII	139118	0	0.5	25
	chrIII	139118	1	1.0	25
	chrIII	139119	0	0.5	25
	chrIII	139125	0	0.5	25
	chrIII	139131	1	0.5	25
	chrIII	139132	0	0.5	25
	chrIII	139133	0	0.5	25
	chrIII	139135	0	0.5	25
	chrIII	139137	1	0.5	25
	chrIII	139138	0	0.5	25
	chrIII	139139	1	0.5	25
	chrIII	139142	0	1.0	25
	chrIII	139143	0	1.0	25
	chrIII	139143	1	0.5	25
	chrIII	139154	0	1.5	25
	chrIII	139155	1	0.5	25
	chrIII	139159	0	0.5	25
	chrIII	139169	0	0.5	25
	chrIII	139176	1	0.5	25
	chrIII	139177	1	1.0	25
	chrIII	139178	0	1.0	25
	chrIII	139178	1	1.0	25
	chrIII	139179	0	0.5	25
	chrIII	139180	0	0.5	25
	chrIII	139181	1	0.5	25
	chrIII	139184	1	1.0	25
	chrIII	139185	1	1.0	25
	chrIII	139186	0	1.0	25
	chrIII	139186	1	1.5	25
	chrIII	139187	0	1.0	25
	chrIII	139187	1	3.0	25
	chrIII	139188	0	0.5	25
	chrIII	139195	0	0.5	25
	chrIII	139196	1	0.5	25
	chrIII	139199	0	0.5	25
	chrIII	139205	0	0.5	25
	chrIII	139207	0	0.5	25
	chrIII	139212	1	0.5	25
	chrIII	139217	1	3.5	25
	chrIII	139218	1	1.0	25
	chrIII	139219	1	0.5	25
	chrIII	139222	0	0.5	25
	chrIII	139237	1	0.5	25
	chrIII	139238	0	0.5	25
	chrIII	139241	0	0.5	25
	chrIII	139243	1	0.5	25
	chrIII	139247	1	0.5	25
	chrIII	139248	1	0.5	25
	chrIII	139262	1	1.5	25
	chrIII	139264	1	0.5	25
	chrIII	139266	1	0.5	25
	chrIII	139267	1	0.5	25
	chrIII	139271	1	0.5	25
	chrIII	139272	1	1.0	25
	chrIII	139274	0	0.5	25
	chrIII	139277	1	0.5	25
	chrIII	139291	1	0.5	25
	chrIII	139296	1	0.5	25
	chrIII	139301	1	0.5	25
	chrIII	139304	0	1.0	25
	chrIII	139322	0	0.5	25
	chrIII	139359	0	0.5	25
	chrIII	139361	1	0.5	25
	chrIII	139368	1	0.5	25
	chrIII	139372	1	0.5	25
	chrIII	139384	1	0.5	25
	chrIII	139395	0	0.5	25
	chrIII	139429	0	0.5	25
	chrIII	139477	0	0.5	25
	chrIII	139491	1	0.5	25
	chrIII	139528	1	0.5	25
	chrIII	139541	1	0.5	25
	chrIII	139544	1	0.5	25
	chrIII	139598	0	0.5	25
	chrIII	139650	0	0.5	25
	chrIII	139654	0	0.5	25
	chrIII	139677	1	0.5	25
	chrIII	139678	0	0.5	25
	chrIII	139716	1	0.5	25
	chrIII	139729	1	0.5	25
	chrIII	139737	0	0.5	25
	chrIII	139738	0	0.5	25
	chrIII	139755	1	0.5	25
	chrIII	139780	1	0.5	25
	chrIII	139798	1	0.5	25
	chrIII	139803	0	0.5	25
	chrIII	139830	1	0.5	25
	chrIII	139861	0	0.5	25
	chrIII	139891	0	0.5	25
	chrIII	139957	1	0.5	25
	chrIII	139962	0	1.0	25
	chrIII	139980	0	0.5	25
	chrIII	140031	1	0.5	25
	chrIII	140033	1	1.0	25
	chrIII	140051	0	0.5	25
	chrIII	140058	0	0.5	25
	chrIII	140062	0	0.5	25
	chrIII	140069	0	0.5	25
	chrIII	140073	0	1.0	25
	chrIII	140078	1	0.5	25
	chrIII	140096	1	0.5	25
	chrIII	140116	1	0.5	25
	chrIII	140129	1	0.5	25
	chrIII	140130	1	0.5	25
	chrIII	140148	1	1.0	25
	chrIII	140156	0	1.0	25
	chrIII	140176	0	0.5	25
	chrIII	140185	0	0.5	25
	chrIII	140194	0	0.5	25
	chrIII	140213	1	0.5	25
	chrIII	140218	1	1.0	25
	chrIII	140247	0	0.5	25
	chrIII	140252	1	0.5	25
	chrIII	140254	0	0.5	25
	chrIII	140260	0	0.5	25
	chrIII	140264	0	0.5	25
	chrIII	140265	0	0.5	25
	chrIII	140324	1	0.5	25
	chrIII	140328	1	0.5	25
	chrIII	140335	1	0.5	25
	chrIII	140339	1	0.5	25
	chrIII	140364	1	0.5	25
	chrIII	140372	0	0.5	25
	chrIII	140408	1	0.5	25
	chrIII	140412	0	0.5	25
	chrIII	140429	0	0.5	25
	chrIII	140439	0	0.5	25
	chrIII	140459	0	0.5	25
	chrIII	140471	0	0.5	25
	chrIII	140485	1	0.5	25
	chrIII	140505	1	0.5	25
	chrIII	140508	0	0.5	25
	chrIII	140515	1	0.5	25
	chrIII	140529	1	0.5	25
	chrIII	140540	1	0.5	25
	chrIII	140561	1	0.5	25
	chrIII	140567	0	0.5	25
	chrIII	140584	1	0.5	25
	chrIII	140630	0	0.5	25
	chrIII	140640	0	0.5	25
	chrIII	140642	0	0.5	25
	chrIII	140663	0	0.5	25
	chrIII	140674	1	0.5	25
	chrIII	140675	0	0.5	25
	chrIII	140691	1	0.5	25
	chrIII	140709	1	0.5	25
	chrIII	140715	1	0.5	25
	chrIII	140738	0	0.5	25
	chrIII	140762	1	0.5	25
	chrIII	140774	0	0.5	25
	chrIII	140792	1	0.5	25
	chrIII	140799	0	0.5	25
	chrIII	140806	0	0.5	25
	chrIII	140859	0	0.5	25
	chrIII	140859	1	0.5	25
	chrIII	140865	1	0.5	25
	chrIII	140868	1	0.5	25
	chrIII	140891	1	0.5	25
	chrIII	140892	0	1.0	25
	chrIII	140897	0	0.5	25
	chrIII	140905	0	1.0	25
	chrIII	140913	0	0.5	25
	chrIII	140925	0	0.5	25
	chrIII	140933	0	0.5	25
	chrIII	140942	0	0.5	25
	chrIII	140949	1	0.5	25
	chrIII	140960	1	0.5	25
	chrIII	140962	0	0.5	25
	chrIII	140981	1	0.5	25
	chrIII	140983	1	0.5	25
	chrIII	140989	1	0.5	25
	chrIII	140990	1	0.5	25
	chrIII	140993	0	0.5	25
	chrIII	140999	0	0.5	25
	chrIII	141000	0	0.5	25
	chrIII	141018	0	0.5	25
	chrIII	141026	0	0.5	25
	chrIII	141026	1	0.5	25
	chrIII	141061	1	0.5	25
	chrIII	141067	1	1.5	25
	chrIII	141076	1	0.5	25
	chrIII	141077	0	0.5	25
	chrIII	141082	1	0.5	25
	chrIII	141085	0	0.5	25
	chrIII	141106	0	0.5	25
	chrIII	141106	1	0.5	25
	chrIII	141109	1	0.5	25
	chrIII	141112	0	0.5	25
	chrIII	141116	0	0.5	23
	chrIII	141125	0	0.5	25
	chrIII	141148	1	0.5	25
	chrIII	141157	0	0.5	25
	chrIII	141159	1	0.5	25
	chrIII	141168	0	0.5	25
	chrIII	141177	1	0.5	25
	chrIII	141182	1	0.5	25
	chrIII	141185	1	0.5	25
	chrIII	141194	1	0.5	25
	chrIII	141229	1	0.5	25
	chrIII	141244	1	0.5	25
	chrIII	141249	0	0.5	25
	chrIII	141251	0	0.5	25
	chrIII	141263	0	0.5	25
	chrIII	141267	0	0.5	25
	chrIII	141274	1	0.5	25
	chrIII	141295	1	0.5	25
	chrIII	141297	1	0.5	25
	chrIII	141346	1	0.5	25
	chrIII	141349	1	0.5	25
	chrIII	141382	0	0.5	25
	chrIII	141421	0	1.0	25
	chrIII	141450	0	0.5	25
	chrIII	141467	0	1.0	25
	chrIII	141481	1	0.5	25
	chrIII	141486	0	0.5	25
	chrIII	141502	1	0.5	25
	chrIII	141533	1	0.5	25
	chrIII	141539	1	1.0	25
	chrIII	141545	0	0.5	25
	chrIII	141553	0	0.5	25
	chrIII	141565	1	1.0	25
	chrIII	141586	0	0.5	25
	chrIII	141615	0	0.5	25
	chrIII	141637	1	0.5	25
	chrIII	141672	1	0.5	25
	chrIII	141673	1	0.5	25
	chrIII	141696	0	0.5	25
	chrIII	141710	0	0.5	25
	chrIII	141711	1	0.5	25
	chrIII	141717	0	0.5	25
	chrIII	141718	0	0.5	25
	chrIII	141722	0	0.5	25
	chrIII	141734	0	0.5	25
	chrIII	141748	0	0.5	25
	chrIII	141755	0	0.5	25
	chrIII	141766	1	0.5	25
	chrIII	141781	1	0.5	25
	chrIII	141785	0	0.5	25
	chrIII	141793	0	0.5	25
	chrIII	141798	1	0.5	25
	chrIII	141813	0	0.5	25
	chrIII	141826	1	0.5	25
	chrIII	141827	0	0.5	25
	chrIII	141856	1	0.5	25
	chrIII	141869	1	0.5	25
	chrIII	141876	1	0.5	25
	chrIII	141880	1	0.5	25
	chrIII	141884	1	0.5	25
	chrIII	141885	1	1.5	25
	chrIII	141886	0	0.5	25
	chrIII	141916	1	0.5	25
	chrIII	141926	0	0.5	25
	chrIII	141927	0	0.5	25
	chrIII	141945	0	0.5	25
	chrIII	141994	1	0.5	25
	chrIII	141996	0	0.5	25
	chrIII	142010	1	0.5	25
	chrIII	142013	1	0.5	25
	chrIII	142071	0	0.5	25
	chrIII	142088	0	0.5	25
	chrIII	142132	1	0.5	25
	chrIII	142135	0	0.5	25
	chrIII	142171	0	1.0	25
	chrIII	142172	0	0.5	25
	chrIII	142183	1	0.5	25
	chrIII	142202	0	0.5	25
	chrIII	142203	0	0.5	25
	chrIII	142207	0	0.5	25
	chrIII	142208	0	0.5	25
	chrIII	142224	0	0.5	25
	chrIII	142236	1	1.0	25
	chrIII	142238	0	0.5	25
	chrIII	142239	0	0.5	25
	chrIII	142244	0	0.5	25
	chrIII	142244	1	0.5	25
	chrIII	142247	1	0.5	25
	chrIII	142259	1	0.5	25
	chrIII	142260	0	0.5	25
	chrIII	142260	1	0.5	25
	chrIII	142261	0	0.5	25
	chrIII	142278	1	0.5	25
	chrIII	142285	1	1.5	25
	chrIII	142292	1	0.5	25
	chrIII	142294	1	0.5	25
	chrIII	142299	1	0.5	25
	chrIII	142312	1	0.5	25
	chrIII	142323	0	0.5	25
	chrIII	142342	0	0.5	25
	chrIII	142356	1	0.5	25
	chrIII	142387	1	0.5	25
	chrIII	142398	0	1.0	25
	chrIII	142401	0	0.5	25
	chrIII	142403	0	1.0	25
	chrIII	142404	0	0.5	25
	chrIII	142404	1	0.5	25
	chrIII	142451	0	0.5	25
	chrIII	142460	1	0.5	25
	chrIII	142471	0	0.5	25
	chrIII	142479	0	0.5	25
	chrIII	142490	1	1.0	25
	chrIII	142501	0	0.5	25
	chrIII	142501	1	0.5	25
	chrIII	142502	0	0.5	25
	chrIII	142529	0	0.5	25
	chrIII	142530	0	0.5	25
	chrIII	142530	1	0.5	25
	chrIII	142532	1	0.5	25
	chrIII	142537	0	0.5	25
	chrIII	142545	1	0.5	25
	chrIII	142561	0	0.5	25
	chrIII	142563	1	1.0	25
	chrIII	142576	1	0.5	25
	chrIII	142581	0	0.5	25
	chrIII	142585	0	0.5	25
	chrIII	142587	1	0.5	25
	chrIII	142588	0	0.5	25
	chrIII	142601	0	1.0	25
	chrIII	142602	0	1.0	25
	chrIII	142610	1	0.5	25
	chrIII	142611	0	0.5	25
	chrIII	142615	0	1.0	25
	chrIII	142615	1	0.5	25
	chrIII	142620	0	1.5	25
	chrIII	142620	1	0.5	25
	chrIII	142621	0	1.5	25
	chrIII	142625	0	0.5	25
	chrIII	142634	0	0.5	25
	chrIII	142646	1	0.5	25
	chrIII	142649	0	0.5	25
	chrIII	142655	1	0.5	25
	chrIII	142681	1	0.5	25
	chrIII	142683	1	1.0	25
	chrIII	142684	1	2.0	25
	chrIII	142685	1	2.5	25
	chrIII	142686	0	1.0	25
	chrIII	142686	1	1.5	25
	chrIII	142687	1	0.5	25
	chrIII	142688	0	2.5	25
	chrIII	142688	1	0.5	25
	chrIII	142694	0	0.5	25
	chrIII	142699	0	0.5	25
	chrIII	142706	1	0.5	25
	chrIII	142736	0	0.5	25
	chrIII	142752	0	0.5	25
	chrIII	142763	1	1.0	25
	chrIII	142785	0	0.5	25
	chrIII	142787	0	0.5	25
	chrIII	142787	1	0.5	25
	chrIII	142814	1	0.5	25
	chrIII	142820	0	0.5	25
	chrIII	142829	1	2.5	25
	chrIII	142830	0	0.5	25
	chrIII	142840	1	0.5	25
	chrIII	142843	1	0.5	25
	chrIII	142844	0	0.5	25
	chrIII	142872	1	0.5	25
	chrIII	142874	1	0.5	25
	chrIII	142883	1	0.5	25
	chrIII	142912	1	0.5	25
	chrIII	142918	1	0.5	25
	chrIII	142991	0	0.5	25
	chrIII	143054	0	0.5	25
	chrIII	143088	1	0.5	25
	chrIII	143137	0	0.5	25
	chrIII	143141	0	0.5	25
	chrIII	143151	0	1.0	25
	chrIII	143177	1	0.5	25
	chrIII	143187	0	0.5	25
	chrIII	143195	1	0.5	25
	chrIII	143204	1	1.0	25
	chrIII	143234	0	0.5	25
	chrIII	143241	1	0.5	25
	chrIII	143256	1	0.5	25
	chrIII	143259	0	0.5	25
	chrIII	143274	0	0.5	25
	chrIII	143311	1	0.5	25
	chrIII	143318	1	0.5	25
	chrIII	143360	1	0.5	25
	chrIII	143361	0	0.5	25
	chrIII	143371	0	0.5	25
	chrIII	143403	1	0.5	25
	chrIII	143418	0	0.5	25
	chrIII	143426	0	1.5	25
	chrIII	143428	1	0.5	25
	chrIII	143448	0	0.5	25
	chrIII	143450	0	0.5	25
	chrIII	143454	0	1.5	25
	chrIII	143455	0	1.0	25
	chrIII	143465	0	0.5	25
	chrIII	143477	0	0.5	25
	chrIII	143478	0	0.5	25
	chrIII	143480	0	0.5	25
	chrIII	143482	0	0.5	25
	chrIII	143483	0	1.0	25
	chrIII	143487	0	1.5	25
	chrIII	143488	1	0.5	25
	chrIII	143495	0	0.5	25
	chrIII	143496	0	1.0	25
	chrIII	143497	0	0.5	25
	chrIII	143502	1	0.5	25
	chrIII	143503	1	0.5	25
	chrIII	143504	1	1.0	25
	chrIII	143506	0	1.0	25
	chrIII	143506	1	0.5	25
	chrIII	143509	0	1.0	25
	chrIII	143524	0	0.5	25
	chrIII	143527	1	0.5	25
	chrIII	143539	0	0.5	25
	chrIII	143543	0	0.5	25
	chrIII	143551	1	1.0	25
	chrIII	143552	1	1.0	25
	chrIII	143560	1	0.5	25
	chrIII	143568	0	0.5	25
	chrIII	143570	1	0.5	25
	chrIII	143572	1	0.5	25
	chrIII	143574	1	0.5	25
	chrIII	143576	1	1.0	25
	chrIII	143577	0	0.5	25
	chrIII	143577	1	5.0	25
	chrIII	143578	1	1.0	25
	chrIII	143594	0	0.5	25
	chrIII	143619	0	0.5	25
	chrIII	143625	1	0.5	25
	chrIII	143642	1	0.5	25
	chrIII	143673	1	0.5	25
	chrIII	143674	1	0.5	25
	chrIII	143724	0	0.5	25
	chrIII	143732	1	0.5	25
	chrIII	143733	1	0.5	25
	chrIII	143734	1	0.5	25
	chrIII	143745	0	0.5	25
	chrIII	143749	0	0.5	25
	chrIII	143803	1	0.5	25
	chrIII	143811	1	0.5	25
	chrIII	143813	0	0.5	25
	chrIII	143818	0	0.5	25
	chrIII	143827	0	0.5	25
	chrIII	143839	0	0.5	25
	chrIII	143845	0	0.5	25
	chrIII	143864	0	0.5	25
	chrIII	143866	1	0.5	25
	chrIII	143867	1	0.5	25
	chrIII	143878	0	0.5	25
	chrIII	143914	1	0.5	25
	chrIII	143920	1	0.5	25
	chrIII	143923	1	0.5	25
	chrIII	143926	0	0.5	25
	chrIII	143941	0	0.5	25
	chrIII	143948	0	1.0	25
	chrIII	143965	1	0.5	25
	chrIII	143967	0	0.5	25
	chrIII	143970	1	0.5	25
	chrIII	143973	0	0.5	25
	chrIII	143979	0	1.0	25
	chrIII	143982	0	0.5	25
	chrIII	143989	0	0.5	25
	chrIII	143992	1	0.5	25
	chrIII	143995	1	0.5	25
	chrIII	144000	0	0.5	25
	chrIII	144007	0	0.5	25
	chrIII	144013	0	0.5	25
	chrIII	144014	0	0.5	25
	chrIII	144019	1	0.5	25
	chrIII	144021	0	1.0	25
	chrIII	144029	0	0.5	25
	chrIII	144037	1	0.5	25
	chrIII	144040	1	0.5	25
	chrIII	144042	0	0.5	25
	chrIII	144045	1	0.5	25
	chrIII	144066	1	0.5	25
	chrIII	144067	0	0.5	25
	chrIII	144068	1	0.5	25
	chrIII	144072	1	0.5	25
	chrIII	144073	1	0.5	25
	chrIII	144082	0	0.5	25
	chrIII	144083	1	0.5	25
	chrIII	144088	0	0.5	25
	chrIII	144099	1	0.5	25
	chrIII	144101	1	0.5	25
	chrIII	144103	1	0.5	25
	chrIII	144111	0	0.5	25
	chrIII	144111	1	1.0	25
	chrIII	144120	1	0.5	25
	chrIII	144139	1	0.5	25
	chrIII	144144	1	0.5	25
	chrIII	144153	1	0.5	25
	chrIII	144172	1	0.5	25
	chrIII	144192	0	0.5	25
	chrIII	144245	1	1.0	25
	chrIII	144259	0	0.5	25
	chrIII	144293	0	0.5	25
	chrIII	144318	0	0.5	25
	chrIII	144322	0	0.5	25
	chrIII	144348	1	0.5	25
	chrIII	144353	1	0.5	25
	chrIII	144359	0	0.5	25
	chrIII	144368	0	1.0	25
	chrIII	144370	0	0.5	25
	chrIII	144377	0	0.5	25
	chrIII	144396	0	0.5	25
	chrIII	144400	1	0.5	25
	chrIII	144411	1	0.5	25
	chrIII	144425	0	0.5	25
	chrIII	144439	0	0.5	25
	chrIII	144440	0	0.5	25
	chrIII	144442	1	1.0	25
	chrIII	144449	1	0.5	25
	chrIII	144457	1	1.0	25
	chrIII	144459	0	0.5	25
	chrIII	144475	1	0.5	25
	chrIII	144477	1	0.5	25
	chrIII	144481	0	0.5	25
	chrIII	144482	0	0.5	25
	chrIII	144482	1	0.5	25
	chrIII	144497	0	0.5	25
	chrIII	144504	0	0.5	25
	chrIII	144509	0	0.5	25
	chrIII	144516	1	0.5	25
	chrIII	144519	1	0.5	25
	chrIII	144532	1	0.5	25
	chrIII	144535	1	0.5	25
	chrIII	144540	0	0.5	25
	chrIII	144548	1	0.5	25
	chrIII	144558	0	0.5	25
	chrIII	144571	0	0.5	25
	chrIII	144576	1	0.5	25
	chrIII	144579	0	1.0	25
	chrIII	144580	1	0.5	25
	chrIII	144587	0	0.5	25
	chrIII	144595	1	0.5	25
	chrIII	144597	1	0.5	25
	chrIII	144604	1	0.5	25
	chrIII	144605	0	0.5	25
	chrIII	144616	0	0.5	25
	chrIII	144631	1	0.5	25
	chrIII	144642	1	1.0	25
	chrIII	144648	0	1.0	25
	chrIII	144656	1	0.5	25
	chrIII	144659	0	0.5	25
	chrIII	144669	0	1.0	25
	chrIII	144673	0	1.0	25
	chrIII	144692	1	0.5	25
	chrIII	144709	1	1.0	25
	chrIII	144717	1	0.5	25
	chrIII	144719	0	0.5	25
	chrIII	144725	1	1.0	25
	chrIII	144747	1	1.0	25
	chrIII	144757	1	0.5	25
	chrIII	144764	0	0.5	25
	chrIII	144784	0	0.5	25
	chrIII	144787	0	0.5	25
	chrIII	144791	0	0.5	25
	chrIII	144842	1	0.5	25
	chrIII	144844	0	1.0	25
	chrIII	144844	1	0.5	25
	chrIII	144850	1	0.5	25
	chrIII	144864	1	0.5	25
	chrIII	144867	0	0.5	25
	chrIII	144917	1	0.5	25
	chrIII	144923	0	0.5	25
	chrIII	144924	0	0.5	25
	chrIII	144935	0	0.5	25
	chrIII	144946	0	0.5	25
	chrIII	144948	1	0.5	25
	chrIII	144964	1	1.0	25
	chrIII	144985	0	0.5	25
	chrIII	145017	1	0.5	25
	chrIII	145030	0	0.5	25
	chrIII	145052	1	0.5	23
	chrIII	145059	0	0.5	25
	chrIII	145085	1	0.5	25
	chrIII	145088	0	1.0	25
	chrIII	145119	1	0.5	25
	chrIII	145133	1	0.5	25
	chrIII	145142	0	0.5	25
	chrIII	145173	1	0.5	25
	chrIII	145201	1	1.0	25
	chrIII	145226	1	0.5	25
	chrIII	145259	1	0.5	25
	chrIII	145298	0	0.5	25
	chrIII	145341	0	0.5	25
	chrIII	145370	1	0.5	25
	chrIII	145436	0	0.5	25
	chrIII	145447	0	0.5	25
	chrIII	145458	0	0.5	25
	chrIII	145495	1	0.5	25
	chrIII	145522	0	1.0	25
	chrIII	145522	1	0.5	25
	chrIII	145527	1	0.5	25
	chrIII	145547	1	0.5	25
	chrIII	145596	1	1.0	25
	chrIII	145623	0	0.5	25
	chrIII	145624	0	0.5	24
	chrIII	145648	0	1.0	25
	chrIII	145665	0	0.5	25
	chrIII	145696	0	0.5	25
	chrIII	145709	1	1.0	25
	chrIII	145723	0	0.5	25
	chrIII	145734	1	0.5	25
	chrIII	145771	1	0.5	25
	chrIII	145895	1	0.5	25
	chrIII	145903	0	0.5	25
	chrIII	145912	0	0.5	25
	chrIII	145930	0	0.5	25
	chrIII	145952	0	0.5	25
	chrIII	145957	1	1.0	25
	chrIII	145988	1	0.5	25
	chrIII	145995	1	0.5	25
	chrIII	146000	1	0.5	25
	chrIII	146045	0	0.5	25
	chrIII	146081	0	0.5	25
	chrIII	146084	0	0.5	25
	chrIII	146107	1	0.5	25
	chrIII	146166	1	0.5	25
	chrIII	146169	0	0.5	25
	chrIII	146174	1	0.5	25
	chrIII	146187	0	0.5	25
	chrIII	146212	0	0.5	25
	chrIII	146263	1	0.5	25
	chrIII	146264	1	0.5	25
	chrIII	146266	0	0.5	25
	chrIII	146281	1	0.5	25
	chrIII	146302	0	0.5	25
	chrIII	146328	0	0.5	25
	chrIII	146333	0	1.0	25
	chrIII	146354	1	0.5	25
	chrIII	146360	0	0.5	25
	chrIII	146361	0	0.5	25
	chrIII	146377	1	0.5	25
	chrIII	146411	1	0.5	25
	chrIII	146429	0	0.5	25
	chrIII	146441	0	0.5	25
	chrIII	146449	0	0.5	25
	chrIII	146452	1	0.5	25
	chrIII	146455	1	0.5	25
	chrIII	146468	1	1.0	25
	chrIII	146477	0	1.0	25
	chrIII	146493	1	0.5	25
	chrIII	146506	0	0.5	25
	chrIII	146526	1	0.5	25
	chrIII	146552	1	1.0	25
	chrIII	146601	0	0.5	25
	chrIII	146603	0	0.5	25
	chrIII	146604	0	0.5	25
	chrIII	146630	1	1.0	25
	chrIII	146633	0	0.5	25
	chrIII	146643	0	0.5	25
	chrIII	146663	0	0.5	25
	chrIII	146672	1	0.5	25
	chrIII	146673	1	0.5	25
	chrIII	146676	0	0.5	25
	chrIII	146677	1	0.5	25
	chrIII	146683	1	0.5	25
	chrIII	146702	1	0.5	25
	chrIII	146740	1	0.5	25
	chrIII	146741	1	0.5	25
	chrIII	146742	0	0.5	25
	chrIII	146766	0	0.5	25
	chrIII	146779	0	0.5	25
	chrIII	146809	1	0.5	25
	chrIII	146821	0	0.5	25
	chrIII	146826	0	0.5	25
	chrIII	146835	1	0.5	25
	chrIII	146840	0	0.5	25
	chrIII	146845	1	0.5	25
	chrIII	146854	0	0.5	25
	chrIII	146855	0	0.5	25
	chrIII	146874	0	1.0	25
	chrIII	146883	1	0.5	25
	chrIII	146894	0	0.5	25
	chrIII	146898	0	0.5	25
	chrIII	146915	1	0.5	25
	chrIII	146926	1	0.5	25
	chrIII	146936	1	0.5	25
	chrIII	146939	1	0.5	25
	chrIII	146940	1	0.5	25
	chrIII	146950	1	1.5	25
	chrIII	146959	0	0.5	25
	chrIII	146977	1	0.5	25
	chrIII	146999	0	0.5	25
	chrIII	147014	0	0.5	25
	chrIII	147035	0	0.5	25
	chrIII	147065	1	0.5	25
	chrIII	147076	0	0.5	25
	chrIII	147085	0	0.5	25
	chrIII	147092	0	0.5	25
	chrIII	147093	0	0.5	25
	chrIII	147148	1	0.5	25
	chrIII	147158	1	0.5	25
	chrIII	147164	0	0.5	25
	chrIII	147172	1	0.5	25
	chrIII	147180	0	0.5	25
	chrIII	147189	1	1.0	25
	chrIII	147203	0	0.5	25
	chrIII	147205	0	2.0	25
	chrIII	147215	0	0.5	25
	chrIII	147215	1	0.5	25
	chrIII	147222	0	1.0	25
	chrIII	147224	0	0.5	25
	chrIII	147230	1	0.5	25
	chrIII	147239	0	0.5	25
	chrIII	147250	1	0.5	25
	chrIII	147260	1	0.5	25
	chrIII	147272	1	0.5	25
	chrIII	147277	1	0.5	25
	chrIII	147279	1	0.5	25
	chrIII	147304	1	0.5	25
	chrIII	147306	0	0.5	25
	chrIII	147307	1	1.0	25
	chrIII	147310	0	0.5	25
	chrIII	147314	0	0.5	25
	chrIII	147320	0	0.5	25
	chrIII	147325	1	0.5	25
	chrIII	147334	0	0.5	25
	chrIII	147364	1	0.5	25
	chrIII	147365	1	0.5	25
	chrIII	147366	1	0.5	25
	chrIII	147379	0	0.5	25
	chrIII	147382	0	1.0	25
	chrIII	147392	1	0.5	25
	chrIII	147399	1	0.5	25
	chrIII	147400	1	0.5	25
	chrIII	147405	0	0.5	25
	chrIII	147407	1	0.5	25
	chrIII	147408	1	0.5	25
	chrIII	147419	0	0.5	25
	chrIII	147420	0	0.5	25
	chrIII	147426	0	0.5	25
	chrIII	147455	0	0.5	25
	chrIII	147458	0	0.5	25
	chrIII	147460	0	0.5	25
	chrIII	147469	1	1.0	25
	chrIII	147480	0	0.5	25
	chrIII	147484	1	0.5	25
	chrIII	147485	0	0.5	25
	chrIII	147488	0	0.5	25
	chrIII	147510	0	0.5	25
	chrIII	147522	0	0.5	25
	chrIII	147524	1	0.5	25
	chrIII	147526	1	0.5	25
	chrIII	147527	1	1.0	25
	chrIII	147538	1	0.5	25
	chrIII	147542	1	0.5	25
	chrIII	147543	1	0.5	25
	chrIII	147559	1	0.5	25
	chrIII	147560	1	0.5	25
	chrIII	147562	0	0.5	25
	chrIII	147584	1	0.5	25
	chrIII	147591	1	0.5	25
	chrIII	147603	1	0.5	25
	chrIII	147604	0	0.5	25
	chrIII	147605	0	0.5	25
	chrIII	147613	0	0.5	25
	chrIII	147622	0	0.5	25
	chrIII	147635	0	0.5	25
	chrIII	147638	0	1.0	25
	chrIII	147639	1	0.5	25
	chrIII	147642	0	0.5	25
	chrIII	147674	0	0.5	25
	chrIII	147680	0	0.5	25
	chrIII	147683	1	0.5	25
	chrIII	147693	1	0.5	25
	chrIII	147694	0	1.0	25
	chrIII	147695	0	0.5	25
	chrIII	147695	1	0.5	25
	chrIII	147706	0	0.5	25
	chrIII	147707	0	0.5	25
	chrIII	147708	0	0.5	25
	chrIII	147714	1	1.0	25
	chrIII	147719	1	0.5	25
	chrIII	147720	1	0.5	25
	chrIII	147722	1	0.5	25
	chrIII	147724	0	0.5	25
	chrIII	147725	0	1.5	25
	chrIII	147733	0	0.5	25
	chrIII	147747	0	0.5	25
	chrIII	147754	0	0.5	25
	chrIII	147756	0	1.5	25
	chrIII	147757	1	0.5	25
	chrIII	147758	0	0.5	23
	chrIII	147759	0	0.5	25
	chrIII	147761	0	1.0	25
	chrIII	147768	1	1.0	25
	chrIII	147777	0	0.5	25
	chrIII	147779	1	0.5	25
	chrIII	147780	0	0.5	25
	chrIII	147783	1	0.5	25
	chrIII	147792	0	1.5	25
	chrIII	147801	0	1.0	25
	chrIII	147802	0	0.5	25
	chrIII	147804	0	0.5	25
	chrIII	147804	1	2.0	25
	chrIII	147805	0	1.5	25
	chrIII	147806	1	1.0	25
	chrIII	147807	0	1.0	25
	chrIII	147809	0	2.0	25
	chrIII	147810	1	0.5	25
	chrIII	147811	0	0.5	25
	chrIII	147814	0	0.5	25
	chrIII	147817	1	0.5	25
	chrIII	147821	0	0.5	25
	chrIII	147828	0	0.5	25
	chrIII	147832	0	0.5	25
	chrIII	147834	0	0.5	25
	chrIII	147847	1	0.5	25
	chrIII	147851	0	0.5	25
	chrIII	147852	1	0.5	25
	chrIII	147859	1	1.0	25
	chrIII	147861	0	0.5	25
	chrIII	147864	0	0.5	25
	chrIII	147864	1	1.0	25
	chrIII	147865	1	1.0	25
	chrIII	147866	1	4.5	25
	chrIII	147867	1	1.0	25
	chrIII	147868	1	1.0	25
	chrIII	147869	0	1.0	25
	chrIII	147872	0	0.5	25
	chrIII	147874	0	0.5	25
	chrIII	147880	1	0.5	25
	chrIII	147882	1	0.5	25
	chrIII	147899	1	0.5	25
	chrIII	147906	1	0.5	25
	chrIII	147913	1	1.5	25
	chrIII	147916	1	0.5	25
	chrIII	147920	1	0.5	25
	chrIII	147928	1	0.5	25
	chrIII	147930	1	0.5	25
	chrIII	147938	0	0.5	25
	chrIII	147942	1	1.5	25
	chrIII	147970	0	0.5	25
	chrIII	147970	1	0.5	25
	chrIII	147976	0	0.5	25
	chrIII	147984	1	0.5	25
	chrIII	148003	0	0.5	25
	chrIII	148010	0	0.5	25
	chrIII	148018	0	0.5	25
	chrIII	148025	1	0.5	25
	chrIII	148034	1	0.5	25
	chrIII	148037	1	0.5	25
	chrIII	148041	1	1.0	25
	chrIII	148044	0	0.5	25
	chrIII	148049	1	0.5	25
	chrIII	148065	1	0.5	25
	chrIII	148071	1	0.5	25
	chrIII	148075	0	0.5	25
	chrIII	148084	1	0.5	25
	chrIII	148111	0	0.5	25
	chrIII	148136	0	0.5	25
	chrIII	148165	1	0.5	25
	chrIII	148169	0	1.0	25
	chrIII	148170	0	1.0	25
	chrIII	148180	1	0.5	25
	chrIII	148183	0	0.5	25
	chrIII	148194	1	0.5	25
	chrIII	148195	0	1.0	25
	chrIII	148211	0	0.5	25
	chrIII	148214	0	0.5	25
	chrIII	148219	0	0.5	25
	chrIII	148229	0	0.5	25
	chrIII	148232	1	0.5	25
	chrIII	148233	0	0.5	25
	chrIII	148233	1	0.5	25
	chrIII	148240	1	0.5	25
	chrIII	148248	1	0.5	25
	chrIII	148249	0	0.5	25
	chrIII	148256	0	1.0	25
	chrIII	148261	1	1.5	25
	chrIII	148270	1	0.5	25
	chrIII	148273	1	0.5	25
	chrIII	148295	1	0.5	25
	chrIII	148308	1	0.5	25
	chrIII	148313	0	1.0	25
	chrIII	148313	1	0.5	25
	chrIII	148314	1	1.5	25
	chrIII	148315	0	1.0	25
	chrIII	148322	0	0.5	25
	chrIII	148353	0	0.5	25
	chrIII	148363	0	0.5	25
	chrIII	148370	1	0.5	25
	chrIII	148371	1	0.5	25
	chrIII	148380	1	0.5	25
	chrIII	148388	1	0.5	25
	chrIII	148397	0	0.5	25
	chrIII	148405	1	0.5	25
	chrIII	148408	1	0.5	25
	chrIII	148414	0	0.5	25
	chrIII	148441	1	0.5	25
	chrIII	148464	0	0.5	25
	chrIII	148487	1	0.5	25
	chrIII	148488	0	0.5	25
	chrIII	148504	1	0.5	25
	chrIII	148513	0	0.5	25
	chrIII	148523	1	0.5	25
	chrIII	148539	1	0.5	25
	chrIII	148542	1	0.5	25
	chrIII	148550	1	0.5	25
	chrIII	151683	0	1.0	25
	chrIII	151728	0	0.5	25
	chrIII	151743	0	0.5	25
	chrIII	151750	0	0.5	25
	chrIII	151773	0	1.0	25
	chrIII	151789	1	0.5	25
	chrIII	151811	0	0.5	25
	chrIII	151812	0	0.5	25
	chrIII	151821	1	0.5	25
	chrIII	151827	1	1.0	25
	chrIII	151829	0	0.5	25
	chrIII	151839	0	0.5	25
	chrIII	151841	0	0.5	25
	chrIII	151851	1	0.5	25
	chrIII	151862	0	0.5	25
	chrIII	151867	0	0.5	25
	chrIII	151879	0	1.0	25
	chrIII	151881	0	1.0	25
	chrIII	151911	1	1.0	25
	chrIII	151919	1	0.5	25
	chrIII	151926	1	0.5	25
	chrIII	151928	1	0.5	25
	chrIII	151931	1	1.0	25
	chrIII	151933	0	0.5	25
	chrIII	151934	0	0.5	25
	chrIII	151939	1	0.5	25
	chrIII	151945	0	0.5	25
	chrIII	151962	0	0.5	25
	chrIII	151971	1	1.0	25
	chrIII	151976	0	0.5	25
	chrIII	151982	0	0.5	25
	chrIII	151983	1	0.5	25
	chrIII	151984	0	0.5	25
	chrIII	152027	1	1.0	25
	chrIII	152029	0	0.5	25
	chrIII	152031	0	0.5	25
	chrIII	152037	1	1.0	25
	chrIII	152045	0	0.5	25
	chrIII	152060	1	0.5	25
	chrIII	152066	1	0.5	25
	chrIII	152067	1	0.5	25
	chrIII	152069	1	0.5	25
	chrIII	152070	1	0.5	25
	chrIII	152095	1	0.5	25
	chrIII	152144	1	0.5	25
	chrIII	152150	0	1.0	25
	chrIII	152156	0	1.0	25
	chrIII	152178	0	1.5	25
	chrIII	152218	0	0.5	25
	chrIII	152219	0	0.5	25
	chrIII	152222	0	1.5	25
	chrIII	152237	1	1.0	25
	chrIII	152238	1	0.5	25
	chrIII	152240	1	0.5	25
	chrIII	152241	1	0.5	25
	chrIII	152243	1	0.5	25
	chrIII	152271	0	0.5	24
	chrIII	152272	1	0.5	25
	chrIII	152274	0	0.5	25
	chrIII	152274	1	0.5	25
	chrIII	152277	0	0.5	25
	chrIII	152281	1	0.5	25
	chrIII	152291	1	1.0	25
	chrIII	152309	0	0.5	25
	chrIII	152319	0	0.5	25
	chrIII	152339	0	0.5	25
	chrIII	152339	1	0.5	25
	chrIII	152354	0	0.5	25
	chrIII	152365	1	0.5	25
	chrIII	152369	0	0.5	25
	chrIII	152373	1	0.5	25
	chrIII	152374	0	0.5	25
	chrIII	152387	1	0.5	25
	chrIII	152391	1	0.5	25
	chrIII	152405	1	0.5	25
	chrIII	152410	1	0.5	25
	chrIII	152420	0	0.5	25
	chrIII	152436	1	0.5	25
	chrIII	152441	1	0.5	25
	chrIII	152455	0	0.5	25
	chrIII	152464	0	0.5	25
	chrIII	152486	1	0.5	25
	chrIII	152513	0	0.5	25
	chrIII	152513	1	0.5	25
	chrIII	152515	1	0.5	25
	chrIII	152526	1	0.5	25
	chrIII	152544	1	0.5	25
	chrIII	152558	0	0.5	25
	chrIII	152581	1	0.5	25
	chrIII	152583	0	1.0	25
	chrIII	152597	0	0.5	25
	chrIII	152601	0	1.0	25
	chrIII	152602	0	0.5	25
	chrIII	152607	0	0.5	25
	chrIII	152611	1	0.5	25
	chrIII	152618	0	4.0	25
	chrIII	152641	0	0.5	25
	chrIII	152665	1	0.5	25
	chrIII	152668	1	0.5	25
	chrIII	152669	1	1.0	25
	chrIII	152676	1	0.5	25
	chrIII	152677	1	0.5	25
	chrIII	152681	1	0.5	25
	chrIII	152683	0	0.5	25
	chrIII	152686	1	0.5	25
	chrIII	152687	1	0.5	25
	chrIII	152695	1	1.0	25
	chrIII	152699	1	0.5	25
	chrIII	152704	0	0.5	25
	chrIII	152705	0	0.5	25
	chrIII	152707	1	0.5	25
	chrIII	152714	1	0.5	25
	chrIII	152739	1	0.5	25
	chrIII	152752	1	1.0	25
	chrIII	152754	0	0.5	25
	chrIII	152757	1	0.5	25
	chrIII	152769	0	0.5	25
	chrIII	152771	0	0.5	25
	chrIII	152776	1	0.5	25
	chrIII	152781	0	0.5	25
	chrIII	152808	0	0.5	25
	chrIII	152812	1	0.5	25
	chrIII	152816	0	0.5	25
	chrIII	152823	1	0.5	25
	chrIII	152864	1	0.5	25
	chrIII	152885	1	0.5	25
	chrIII	152896	1	0.5	25
	chrIII	152910	0	0.5	25
	chrIII	152937	0	0.5	25
	chrIII	152938	1	0.5	25
	chrIII	152953	0	0.5	25
	chrIII	152958	0	0.5	25
	chrIII	152970	1	0.5	25
	chrIII	152987	0	0.5	25
	chrIII	152993	1	0.5	25
	chrIII	153012	1	0.5	25
	chrIII	153076	0	0.5	25
	chrIII	153118	1	0.5	25
	chrIII	153150	1	0.5	25
	chrIII	153161	1	0.5	25
	chrIII	153174	0	0.5	25
	chrIII	153182	0	0.5	25
	chrIII	153186	0	0.5	25
	chrIII	153200	0	0.5	25
	chrIII	153211	0	1.5	25
	chrIII	153244	1	0.5	25
	chrIII	153258	1	0.5	25
	chrIII	153265	1	0.5	25
	chrIII	153267	1	1.5	25
	chrIII	153270	1	0.5	25
	chrIII	153292	0	0.5	25
	chrIII	153344	0	0.5	25
	chrIII	153357	0	0.5	25
	chrIII	153387	1	1.0	25
	chrIII	153396	0	1.0	25
	chrIII	153410	0	0.5	25
	chrIII	153439	0	0.5	25
	chrIII	153457	0	0.5	25
	chrIII	153460	1	0.5	25
	chrIII	153468	1	0.5	25
	chrIII	153472	0	0.5	25
	chrIII	153477	1	0.5	25
	chrIII	153511	1	0.5	25
	chrIII	153518	1	1.0	25
	chrIII	153554	1	0.5	25
	chrIII	153557	0	1.0	25
	chrIII	153591	1	0.5	25
	chrIII	153661	0	0.5	25
	chrIII	153662	0	0.5	25
	chrIII	153703	0	0.5	25
	chrIII	153728	1	0.5	25
	chrIII	153729	1	0.5	25
	chrIII	153748	0	1.0	25
	chrIII	153751	1	1.0	25
	chrIII	153798	0	0.5	25
	chrIII	153840	0	0.5	25
	chrIII	153854	0	0.5	25
	chrIII	153879	1	0.5	25
	chrIII	153890	0	0.5	25
	chrIII	153896	1	1.0	25
	chrIII	153898	0	1.0	25
	chrIII	153905	0	0.5	25
	chrIII	153908	0	0.5	25
	chrIII	153914	0	0.5	25
	chrIII	153918	1	1.0	25
	chrIII	153932	1	0.5	25
	chrIII	153961	1	0.5	25
	chrIII	153965	1	0.5	25
	chrIII	153970	0	0.5	25
	chrIII	153973	1	0.5	25
	chrIII	153975	1	0.5	25
	chrIII	154026	1	0.5	25
	chrIII	154031	1	0.5	25
	chrIII	154036	0	0.5	25
	chrIII	154065	0	0.5	25
	chrIII	154068	0	0.5	25
	chrIII	154113	1	0.5	25
	chrIII	154116	1	0.5	25
	chrIII	154137	0	0.5	25
	chrIII	154138	1	0.5	25
	chrIII	154180	0	0.5	25
	chrIII	154197	0	1.0	25
	chrIII	154198	0	0.5	25
	chrIII	154217	1	0.5	25
	chrIII	154230	0	0.5	25
	chrIII	154242	1	0.5	25
	chrIII	154266	1	0.5	25
	chrIII	154307	0	1.5	25
	chrIII	154309	0	0.5	25
	chrIII	154310	0	0.5	25
	chrIII	154311	0	1.0	25
	chrIII	154350	0	0.5	25
	chrIII	154355	0	0.5	25
	chrIII	154355	1	0.5	25
	chrIII	154381	1	0.5	25
	chrIII	154382	1	1.0	25
	chrIII	154383	0	0.5	25
	chrIII	154396	1	0.5	25
	chrIII	154397	0	1.0	25
	chrIII	154398	0	1.0	25
	chrIII	154399	1	0.5	25
	chrIII	154412	1	0.5	25
	chrIII	154414	1	0.5	25
	chrIII	154420	0	0.5	25
	chrIII	154421	1	0.5	25
	chrIII	154432	1	0.5	25
	chrIII	154440	0	0.5	25
	chrIII	154441	1	0.5	25
	chrIII	154445	1	1.5	25
	chrIII	154466	0	1.0	25
	chrIII	154474	1	0.5	25
	chrIII	154476	1	0.5	25
	chrIII	154504	1	0.5	25
	chrIII	154533	0	0.5	25
	chrIII	154551	1	1.0	25
	chrIII	154598	1	0.5	25
	chrIII	154612	0	0.5	25
	chrIII	154637	0	0.5	25
	chrIII	154640	0	0.5	25
	chrIII	154641	0	0.5	25
	chrIII	154642	1	1.0	25
	chrIII	154660	0	0.5	25
	chrIII	154694	1	0.5	25
	chrIII	154704	1	0.5	25
	chrIII	154705	1	0.5	25
	chrIII	154709	1	0.5	25
	chrIII	154710	1	0.5	25
	chrIII	154730	0	0.5	25
	chrIII	154760	0	0.5	25
	chrIII	154761	0	1.0	25
	chrIII	154764	0	0.5	25
	chrIII	154768	1	0.5	25
	chrIII	154769	0	0.5	25
	chrIII	154805	0	1.5	25
	chrIII	154817	0	0.5	25
	chrIII	154818	0	0.5	25
	chrIII	154823	1	0.5	25
	chrIII	154824	1	0.5	25
	chrIII	154826	0	0.5	25
	chrIII	154840	1	0.5	25
	chrIII	154846	0	1.0	25
	chrIII	154861	0	0.5	25
	chrIII	154862	1	0.5	25
	chrIII	154879	0	0.5	25
	chrIII	154915	1	0.5	25
	chrIII	154941	1	1.0	25
	chrIII	154944	1	1.0	25
	chrIII	154963	1	0.5	25
	chrIII	154966	0	1.0	25
	chrIII	154969	1	0.5	25
	chrIII	154973	0	0.5	25
	chrIII	154974	0	0.5	25
	chrIII	154981	1	0.5	25
	chrIII	154983	0	0.5	25
	chrIII	154984	0	0.5	25
	chrIII	154986	0	0.5	23
	chrIII	154989	0	0.5	25
	chrIII	155022	1	0.5	25
	chrIII	155023	1	0.5	25
	chrIII	155030	1	0.5	25
	chrIII	155035	1	0.5	25
	chrIII	155044	0	0.5	25
	chrIII	155049	1	0.5	24
	chrIII	155082	1	0.5	25
	chrIII	155085	1	1.0	25
	chrIII	155105	0	0.5	25
	chrIII	155114	1	0.5	25
	chrIII	155134	0	0.5	25
	chrIII	155140	0	0.5	25
	chrIII	155144	0	0.5	25
	chrIII	155144	1	1.0	25
	chrIII	155145	0	0.5	25
	chrIII	155150	0	0.5	24
	chrIII	155150	0	0.5	25
	chrIII	155154	0	0.5	25
	chrIII	155155	0	0.5	25
	chrIII	155165	0	0.5	25
	chrIII	155166	0	1.0	25
	chrIII	155173	0	1.0	25
	chrIII	155173	1	0.5	25
	chrIII	155174	0	0.5	25
	chrIII	155175	0	0.5	25
	chrIII	155177	0	1.5	25
	chrIII	155180	0	0.5	25
	chrIII	155184	0	0.5	25
	chrIII	155185	0	1.0	25
	chrIII	155200	1	0.5	25
	chrIII	155201	1	0.5	25
	chrIII	155222	1	0.5	25
	chrIII	155229	1	0.5	25
	chrIII	155230	1	0.5	25
	chrIII	155232	1	1.5	25
	chrIII	155233	1	1.0	25
	chrIII	155234	1	1.5	25
	chrIII	155248	0	0.5	25
	chrIII	155253	1	2.5	25
	chrIII	155254	1	0.5	25
	chrIII	155255	0	0.5	25
	chrIII	155255	1	1.0	25
	chrIII	155270	1	0.5	25
	chrIII	155280	1	0.5	25
	chrIII	155307	1	0.5	25
	chrIII	155350	0	0.5	25
	chrIII	155409	0	0.5	25
	chrIII	155411	0	0.5	25
	chrIII	155415	0	1.0	25
	chrIII	155425	1	0.5	25
	chrIII	155427	0	1.0	25
	chrIII	155432	1	0.5	25
	chrIII	155447	1	1.0	25
	chrIII	155448	0	0.5	25
	chrIII	155467	1	0.5	25
	chrIII	155483	0	0.5	25
	chrIII	155487	0	0.5	25
	chrIII	155492	1	0.5	25
	chrIII	155517	0	0.5	25
	chrIII	155522	0	0.5	25
	chrIII	155528	1	0.5	25
	chrIII	155538	1	0.5	25
	chrIII	155541	1	0.5	25
	chrIII	155560	0	0.5	25
	chrIII	155574	1	0.5	25
	chrIII	155582	1	0.5	25
	chrIII	155584	0	0.5	25
	chrIII	155588	0	0.5	25
	chrIII	155590	0	0.5	25
	chrIII	155592	1	0.5	25
	chrIII	155614	1	0.5	25
	chrIII	155637	0	0.5	25
	chrIII	155639	1	0.5	25
	chrIII	155652	1	0.5	25
	chrIII	155661	0	0.5	25
	chrIII	155665	1	0.5	25
	chrIII	155670	1	0.5	25
	chrIII	155706	1	0.5	25
	chrIII	155721	0	1.0	25
	chrIII	155737	1	0.5	25
	chrIII	155757	0	0.5	25
	chrIII	155790	0	0.5	25
	chrIII	155795	0	0.5	25
	chrIII	155828	0	0.5	25
	chrIII	155830	0	0.5	25
	chrIII	155833	0	0.5	25
	chrIII	155839	0	1.0	25
	chrIII	155849	1	0.5	25
	chrIII	155856	0	0.5	25
	chrIII	155858	0	0.5	25
	chrIII	155859	1	0.5	25
	chrIII	155869	0	0.5	25
	chrIII	155870	1	1.0	25
	chrIII	155880	0	0.5	25
	chrIII	155884	1	0.5	25
	chrIII	155888	0	0.5	25
	chrIII	155908	1	0.5	25
	chrIII	155912	0	0.5	25
	chrIII	155919	1	1.0	25
	chrIII	155922	1	0.5	25
	chrIII	155935	1	0.5	25
	chrIII	155948	0	1.0	25
	chrIII	155948	1	0.5	25
	chrIII	155955	0	0.5	25
	chrIII	155956	1	0.5	25
	chrIII	155957	1	0.5	25
	chrIII	155982	1	0.5	25
	chrIII	155993	1	0.5	25
	chrIII	155994	1	0.5	25
	chrIII	156008	0	0.5	25
	chrIII	156013	1	0.5	25
	chrIII	156014	0	1.0	25
	chrIII	156032	1	0.5	25
	chrIII	156060	1	0.5	25
	chrIII	156075	1	1.0	25
	chrIII	156084	0	0.5	25
	chrIII	156102	1	0.5	25
	chrIII	156135	0	0.5	25
	chrIII	156154	0	0.5	25
	chrIII	156156	1	0.5	25
	chrIII	156221	1	0.5	25
	chrIII	156226	1	0.5	25
	chrIII	156232	0	0.5	25
	chrIII	156258	0	0.5	25
	chrIII	156277	0	0.5	25
	chrIII	156307	0	1.0	25
	chrIII	156347	1	1.0	25
	chrIII	156353	1	0.5	25
	chrIII	156360	0	0.5	25
	chrIII	156361	1	0.5	25
	chrIII	156363	1	0.5	25
	chrIII	156364	0	0.5	25
	chrIII	156391	0	0.5	25
	chrIII	156447	1	0.5	25
	chrIII	156463	0	0.5	25
	chrIII	156475	1	0.5	25
	chrIII	156510	0	0.5	25
	chrIII	156518	1	0.5	25
	chrIII	156520	1	0.5	25
	chrIII	156549	0	0.5	25
	chrIII	156549	1	0.5	25
	chrIII	156619	0	0.5	25
	chrIII	156623	0	0.5	25
	chrIII	156639	1	0.5	25
	chrIII	156687	0	0.5	25
	chrIII	156698	1	0.5	25
	chrIII	156719	0	0.5	25
	chrIII	156740	0	1.0	25
	chrIII	156753	0	0.5	25
	chrIII	156766	0	0.5	25
	chrIII	156769	0	1.0	25
	chrIII	156810	0	0.5	25
	chrIII	156813	1	0.5	25
	chrIII	156824	0	0.5	25
	chrIII	156832	1	0.5	25
	chrIII	156842	1	1.0	25
	chrIII	156846	0	0.5	25
	chrIII	156851	1	0.5	25
	chrIII	156858	1	0.5	25
	chrIII	156863	1	1.0	25
	chrIII	156874	1	0.5	25
	chrIII	156878	1	0.5	25
	chrIII	156879	0	0.5	25
	chrIII	156917	0	0.5	25
	chrIII	156930	1	0.5	25
	chrIII	156943	1	0.5	25
	chrIII	156968	0	0.5	25
	chrIII	156978	0	0.5	25
	chrIII	157002	1	0.5	25
	chrIII	157024	0	0.5	25
	chrIII	157026	0	0.5	25
	chrIII	157027	0	0.5	25
	chrIII	157028	0	0.5	25
	chrIII	157034	1	0.5	25
	chrIII	157035	1	0.5	25
	chrIII	157040	0	0.5	25
	chrIII	157046	0	0.5	25
	chrIII	157057	0	0.5	25
	chrIII	157062	1	0.5	25
	chrIII	157063	1	0.5	25
	chrIII	157075	0	0.5	25
	chrIII	157094	0	0.5	25
	chrIII	157099	0	0.5	25
	chrIII	157104	0	0.5	25
	chrIII	157117	0	0.5	25
	chrIII	157119	0	0.5	25
	chrIII	157121	1	0.5	25
	chrIII	157122	1	0.5	25
	chrIII	157131	1	0.5	25
	chrIII	157139	1	0.5	25
	chrIII	157143	1	0.5	25
	chrIII	157154	1	0.5	25
	chrIII	157159	1	0.5	25
	chrIII	157164	0	0.5	25
	chrIII	157170	1	0.5	25
	chrIII	157186	1	0.5	25
	chrIII	157189	0	1.5	25
	chrIII	157198	1	0.5	25
	chrIII	157199	0	0.5	25
	chrIII	157209	1	0.5	25
	chrIII	157219	1	0.5	25
	chrIII	157227	0	0.5	25
	chrIII	157234	0	0.5	25
	chrIII	157242	1	1.0	25
	chrIII	157248	1	0.5	25
	chrIII	157258	1	0.5	25
	chrIII	157260	0	1.0	25
	chrIII	157266	1	0.5	25
	chrIII	157277	0	0.5	25
	chrIII	157289	1	0.5	25
	chrIII	157302	0	0.5	25
	chrIII	157310	0	0.5	25
	chrIII	157311	1	0.5	25
	chrIII	157318	0	1.0	25
	chrIII	157323	1	0.5	25
	chrIII	157330	1	0.5	25
	chrIII	157353	1	0.5	25
	chrIII	157363	1	1.0	25
	chrIII	157366	0	0.5	25
	chrIII	157372	1	0.5	25
	chrIII	157376	0	0.5	25
	chrIII	157387	1	0.5	25
	chrIII	157394	0	0.5	25
	chrIII	157423	0	1.5	25
	chrIII	157440	1	0.5	25
	chrIII	157444	1	0.5	25
	chrIII	157493	0	0.5	25
	chrIII	157495	0	0.5	25
	chrIII	157503	0	0.5	25
	chrIII	157518	0	0.5	25
	chrIII	157530	0	1.0	25
	chrIII	157554	0	0.5	25
	chrIII	157557	1	0.5	25
	chrIII	157563	1	0.5	25
	chrIII	157570	0	0.5	25
	chrIII	157571	0	0.5	25
	chrIII	157576	1	0.5	25
	chrIII	157577	0	0.5	25
	chrIII	157583	1	1.0	25
	chrIII	157588	0	0.5	25
	chrIII	157589	0	1.0	25
	chrIII	157590	0	1.5	25
	chrIII	157592	1	0.5	25
	chrIII	157593	0	0.5	25
	chrIII	157594	0	0.5	25
	chrIII	157598	0	0.5	25
	chrIII	157599	1	0.5	25
	chrIII	157604	1	0.5	25
	chrIII	157620	1	0.5	25
	chrIII	157627	0	0.5	25
	chrIII	157634	1	0.5	25
	chrIII	157636	1	1.0	25
	chrIII	157637	0	0.5	25
	chrIII	157648	0	0.5	25
	chrIII	157660	1	2.5	25
	chrIII	157661	0	2.5	25
	chrIII	157661	1	1.0	25
	chrIII	157673	0	0.5	25
	chrIII	157681	1	0.5	25
	chrIII	157685	1	0.5	25
	chrIII	157704	1	0.5	25
	chrIII	157705	1	0.5	25
	chrIII	157707	1	0.5	25
	chrIII	157708	1	1.0	25
	chrIII	157709	1	0.5	25
	chrIII	157723	1	0.5	25
	chrIII	157730	0	0.5	25
	chrIII	157733	1	1.0	25
	chrIII	157742	0	0.5	25
	chrIII	157747	0	0.5	25
	chrIII	157780	0	0.5	25
	chrIII	157785	1	0.5	25
	chrIII	157786	0	0.5	25
	chrIII	157799	0	0.5	25
	chrIII	157803	1	0.5	25
	chrIII	157804	0	0.5	25
	chrIII	157810	0	0.5	25
	chrIII	157811	0	0.5	25
	chrIII	157825	1	0.5	25
	chrIII	157838	1	0.5	25
	chrIII	157848	1	0.5	25
	chrIII	157855	1	0.5	25
	chrIII	157868	1	0.5	25
	chrIII	157873	1	0.5	25
	chrIII	157889	1	0.5	25
	chrIII	157897	0	0.5	25
	chrIII	157902	0	0.5	25
	chrIII	157914	0	1.5	25
	chrIII	157957	1	0.5	25
	chrIII	157966	0	0.5	25
	chrIII	157966	1	0.5	25
	chrIII	157968	0	0.5	25
	chrIII	157969	0	0.5	25
	chrIII	157972	1	0.5	25
	chrIII	157989	1	0.5	25
	chrIII	157999	0	0.5	25
	chrIII	158011	0	0.5	25
	chrIII	158035	0	0.5	25
	chrIII	158039	1	0.5	25
	chrIII	158044	1	0.5	25
	chrIII	158061	0	1.0	25
	chrIII	158066	1	1.5	25
	chrIII	158067	1	1.0	25
	chrIII	158070	0	0.5	25
	chrIII	158081	0	0.5	25
	chrIII	158105	1	1.0	25
	chrIII	158138	1	0.5	25
	chrIII	158141	0	0.5	25
	chrIII	158143	1	0.5	25
	chrIII	158147	0	0.5	25
	chrIII	158165	0	0.5	25
	chrIII	158165	1	0.5	25
	chrIII	158186	1	0.5	25
	chrIII	158189	0	1.0	25
	chrIII	158191	0	0.5	25
	chrIII	158207	1	0.5	25
	chrIII	158208	1	0.5	25
	chrIII	158210	0	0.5	25
	chrIII	158217	0	1.0	25
	chrIII	158218	0	0.5	25
	chrIII	158218	1	0.5	25
	chrIII	158225	0	0.5	25
	chrIII	158241	1	0.5	25
	chrIII	158254	0	0.5	25
	chrIII	158254	1	0.5	25
	chrIII	158255	0	0.5	25
	chrIII	158256	0	0.5	25
	chrIII	158259	1	1.0	25
	chrIII	158272	1	0.5	25
	chrIII	158282	1	0.5	25
	chrIII	158284	0	0.5	25
	chrIII	158302	0	0.5	25
	chrIII	158312	1	0.5	25
	chrIII	158321	1	0.5	25
	chrIII	158326	1	0.5	25
	chrIII	158327	0	0.5	25
	chrIII	158330	0	0.5	25
	chrIII	158336	0	0.5	25
	chrIII	158337	1	0.5	25
	chrIII	158360	1	0.5	25
	chrIII	158364	0	0.5	25
	chrIII	158373	0	0.5	25
	chrIII	158375	0	1.0	25
	chrIII	158377	1	0.5	25
	chrIII	158381	1	0.5	25
	chrIII	158388	1	0.5	25
	chrIII	158394	0	0.5	25
	chrIII	158398	1	0.5	25
	chrIII	158413	1	0.5	25
	chrIII	158415	1	0.5	25
	chrIII	158444	1	0.5	25
	chrIII	158454	1	0.5	25
	chrIII	158464	1	0.5	25
	chrIII	158472	0	0.5	25
	chrIII	158477	1	0.5	25
	chrIII	158499	0	0.5	25
	chrIII	158520	0	0.5	25
	chrIII	158573	1	0.5	25
	chrIII	158597	1	0.5	25
	chrIII	158599	0	0.5	25
	chrIII	158642	0	0.5	25
	chrIII	158678	1	0.5	25
	chrIII	158696	0	0.5	25
	chrIII	158707	1	0.5	25
	chrIII	158708	1	0.5	25
	chrIII	158722	0	0.5	25
	chrIII	158723	0	0.5	25
	chrIII	158732	0	0.5	25
	chrIII	158772	1	0.5	25
	chrIII	158787	1	0.5	25
	chrIII	158788	1	0.5	25
	chrIII	158822	0	0.5	25
	chrIII	158863	0	0.5	25
	chrIII	158874	1	0.5	25
	chrIII	158883	1	0.5	25
	chrIII	158887	0	0.5	25
	chrIII	158919	1	0.5	25
	chrIII	158934	1	0.5	25
	chrIII	158939	0	0.5	25
	chrIII	158953	0	1.0	25
	chrIII	158957	0	0.5	25
	chrIII	158964	0	0.5	25
	chrIII	158968	0	0.5	25
	chrIII	158996	0	0.5	25
	chrIII	159010	1	1.0	25
	chrIII	159018	0	1.0	25
	chrIII	159028	1	0.5	25
	chrIII	159034	1	0.5	25
	chrIII	159039	0	0.5	25
	chrIII	159059	0	0.5	25
	chrIII	159075	1	2.0	25
	chrIII	159107	0	0.5	25
	chrIII	159108	1	0.5	25
	chrIII	159112	1	0.5	25
	chrIII	159116	0	0.5	25
	chrIII	159133	0	0.5	25
	chrIII	159139	0	0.5	25
	chrIII	159159	1	0.5	25
	chrIII	159170	0	0.5	25
	chrIII	159180	1	0.5	25
	chrIII	159183	1	0.5	25
	chrIII	159191	1	0.5	25
	chrIII	159199	0	0.5	25
	chrIII	159203	1	0.5	25
	chrIII	159206	1	0.5	25
	chrIII	159226	0	1.0	25
	chrIII	159232	0	0.5	25
	chrIII	159233	0	0.5	25
	chrIII	159234	0	0.5	25
	chrIII	159238	0	1.0	25
	chrIII	159264	1	0.5	25
	chrIII	159265	0	0.5	25
	chrIII	159283	0	0.5	25
	chrIII	159287	0	0.5	25
	chrIII	159287	1	0.5	25
	chrIII	159288	0	0.5	25
	chrIII	159289	1	1.0	25
	chrIII	159290	1	0.5	25
	chrIII	159301	0	0.5	25
	chrIII	159302	1	0.5	25
	chrIII	159308	1	0.5	25
	chrIII	159311	1	0.5	25
	chrIII	159336	1	0.5	25
	chrIII	159344	1	0.5	25
	chrIII	159362	0	0.5	25
	chrIII	159363	1	0.5	25
	chrIII	159370	1	0.5	25
	chrIII	159377	1	0.5	25
	chrIII	159416	0	1.0	25
	chrIII	159425	0	0.5	25
	chrIII	159453	1	0.5	25
	chrIII	159461	0	0.5	25
	chrIII	159467	1	0.5	25
	chrIII	159474	0	0.5	25
	chrIII	159511	0	0.5	25
	chrIII	159515	1	1.0	25
	chrIII	159524	1	0.5	25
	chrIII	159552	1	0.5	25
	chrIII	159568	1	0.5	25
	chrIII	159572	0	0.5	25
	chrIII	159575	0	0.5	25
	chrIII	159579	0	1.0	25
	chrIII	159637	1	0.5	25
	chrIII	159639	1	1.0	25
	chrIII	159645	0	0.5	25
	chrIII	159650	1	0.5	25
	chrIII	159657	0	0.5	25
	chrIII	159658	0	0.5	25
	chrIII	159668	0	0.5	25
	chrIII	159670	0	1.5	25
	chrIII	159678	1	0.5	25
	chrIII	159716	1	0.5	25
	chrIII	159725	0	0.5	25
	chrIII	159726	1	0.5	25
	chrIII	159736	1	0.5	25
	chrIII	159747	0	0.5	25
	chrIII	159775	0	0.5	25
	chrIII	159814	1	0.5	25
	chrIII	159818	0	0.5	25
	chrIII	159823	1	0.5	25
	chrIII	159825	0	0.5	25
	chrIII	159841	1	0.5	25
	chrIII	159875	0	0.5	25
	chrIII	159886	1	0.5	25
	chrIII	159909	0	0.5	25
	chrIII	159909	1	0.5	25
	chrIII	159918	0	0.5	25
	chrIII	159935	1	0.5	25
	chrIII	159957	1	1.0	25
	chrIII	159966	1	1.0	25
	chrIII	159967	0	0.5	25
	chrIII	159969	0	0.5	25
	chrIII	159978	0	0.5	25
	chrIII	159991	1	0.5	25
	chrIII	160011	0	0.5	25
	chrIII	160040	1	0.5	25
	chrIII	160047	1	0.5	25
	chrIII	160063	1	0.5	25
	chrIII	160070	0	0.5	24
	chrIII	160125	1	0.5	25
	chrIII	160163	1	0.5	25
	chrIII	160178	0	0.5	25
	chrIII	160199	0	0.5	25
	chrIII	160206	0	0.5	25
	chrIII	160239	0	0.5	25
	chrIII	160253	0	0.5	25
	chrIII	160261	0	0.5	25
	chrIII	160264	0	0.5	25
	chrIII	160278	0	0.5	25
	chrIII	160300	1	0.5	25
	chrIII	160308	1	0.5	25
	chrIII	160309	0	0.5	25
	chrIII	160311	1	0.5	25
	chrIII	160329	1	0.5	25
	chrIII	160338	0	0.5	25
	chrIII	160340	1	0.5	25
	chrIII	160343	1	0.5	25
	chrIII	160356	0	1.0	25
	chrIII	160357	0	0.5	25
	chrIII	160374	1	0.5	25
	chrIII	160378	1	0.5	25
	chrIII	160379	0	0.5	25
	chrIII	160427	0	0.5	25
	chrIII	160436	1	0.5	25
	chrIII	160440	0	0.5	25
	chrIII	160456	1	0.5	25
	chrIII	160464	0	0.5	25
	chrIII	160465	0	0.5	25
	chrIII	160474	0	0.5	25
	chrIII	160475	0	0.5	25
	chrIII	160486	0	1.0	25
	chrIII	160489	1	0.5	25
	chrIII	160490	0	1.0	25
	chrIII	160494	0	1.0	25
	chrIII	160494	1	0.5	25
	chrIII	160495	0	5.0	25
	chrIII	160498	0	0.5	25
	chrIII	160498	1	1.0	25
	chrIII	160499	0	1.5	25
	chrIII	160504	0	0.5	25
	chrIII	160508	0	0.5	25
	chrIII	160509	0	2.0	25
	chrIII	160510	0	1.5	25
	chrIII	160512	0	1.0	25
	chrIII	160514	0	0.5	25
	chrIII	160524	0	0.5	25
	chrIII	160531	1	0.5	25
	chrIII	160532	0	0.5	25
	chrIII	160545	1	2.5	25
	chrIII	160546	1	0.5	25
	chrIII	160553	1	0.5	25
	chrIII	160563	1	0.5	25
	chrIII	160569	1	0.5	25
	chrIII	160570	1	0.5	25
	chrIII	160572	1	2.5	25
	chrIII	160574	1	1.5	25
	chrIII	160575	1	2.0	25
	chrIII	160576	1	0.5	25
	chrIII	160579	1	1.5	25
	chrIII	160580	0	1.0	25
	chrIII	160580	1	4.5	25
	chrIII	160581	0	1.0	25
	chrIII	160600	1	0.5	25
	chrIII	160611	1	0.5	25
	chrIII	160618	1	0.5	25
	chrIII	160619	1	0.5	25
	chrIII	160620	0	0.5	25
	chrIII	160626	0	0.5	25
	chrIII	160645	1	0.5	25
	chrIII	160660	1	0.5	25
	chrIII	160669	0	0.5	25
	chrIII	160679	1	0.5	25
	chrIII	160684	1	0.5	25
	chrIII	160705	1	0.5	25
	chrIII	160719	0	0.5	25
	chrIII	160742	1	0.5	25
	chrIII	160746	0	0.5	25
	chrIII	160795	1	0.5	25
	chrIII	160840	1	0.5	25
	chrIII	160853	1	0.5	25
	chrIII	160871	0	0.5	25
	chrIII	160879	0	0.5	25
	chrIII	160889	0	0.5	25
	chrIII	160914	0	0.5	25
	chrIII	160928	0	0.5	25
	chrIII	160938	1	0.5	25
	chrIII	160960	0	0.5	25
	chrIII	160965	1	0.5	25
	chrIII	160972	1	0.5	25
	chrIII	160996	0	0.5	25
	chrIII	160998	0	0.5	25
	chrIII	161006	1	0.5	25
	chrIII	161020	1	0.5	25
	chrIII	161024	1	0.5	25
	chrIII	161041	0	0.5	25
	chrIII	161052	1	0.5	25
	chrIII	161054	0	0.5	25
	chrIII	161069	0	0.5	25
	chrIII	161077	1	0.5	25
	chrIII	161082	0	0.5	25
	chrIII	161086	0	1.0	25
	chrIII	161092	0	0.5	25
	chrIII	161094	0	0.5	25
	chrIII	161108	1	0.5	25
	chrIII	161114	1	0.5	25
	chrIII	161122	0	0.5	25
	chrIII	161124	0	0.5	25
	chrIII	161132	1	0.5	25
	chrIII	161154	1	0.5	25
	chrIII	161157	1	0.5	25
	chrIII	161172	1	1.0	25
	chrIII	161173	0	0.5	25
	chrIII	161188	1	0.5	25
	chrIII	161194	0	1.0	25
	chrIII	161198	1	0.5	25
	chrIII	161224	1	1.0	25
	chrIII	161257	0	0.5	25
	chrIII	161287	1	0.5	25
	chrIII	161293	0	0.5	25
	chrIII	161296	1	0.5	25
	chrIII	161319	0	0.5	25
	chrIII	161323	1	0.5	25
	chrIII	161360	1	0.5	25
	chrIII	161371	1	0.5	25
	chrIII	161413	0	0.5	25
	chrIII	161417	0	1.0	25
	chrIII	161420	0	0.5	25
	chrIII	161437	0	0.5	25
	chrIII	161471	1	1.0	25
	chrIII	161491	1	0.5	25
	chrIII	161514	1	0.5	25
	chrIII	161529	0	0.5	25
	chrIII	161536	0	0.5	25
	chrIII	161545	1	0.5	25
	chrIII	161567	1	0.5	25
	chrIII	161568	0	1.0	25
	chrIII	161582	0	0.5	25
	chrIII	161593	0	0.5	25
	chrIII	161604	0	0.5	25
	chrIII	161645	1	0.5	25
	chrIII	161671	1	0.5	25
	chrIII	161674	1	0.5	25
	chrIII	161687	0	0.5	25
	chrIII	161707	0	0.5	25
	chrIII	161719	1	1.0	25
	chrIII	161739	0	0.5	25
	chrIII	161749	1	0.5	25
	chrIII	161762	0	1.0	25
	chrIII	161773	1	0.5	25
	chrIII	161811	1	1.0	25
	chrIII	161832	1	0.5	25
	chrIII	161835	0	0.5	25
	chrIII	161907	0	0.5	25
	chrIII	161913	1	0.5	25
	chrIII	161922	1	0.5	25
	chrIII	161929	0	2.0	25
	chrIII	161958	0	1.0	25
	chrIII	161968	0	0.5	25
	chrIII	161976	1	0.5	25
	chrIII	162020	0	1.0	25
	chrIII	162047	0	0.5	25
	chrIII	162065	0	0.5	25
	chrIII	162076	1	1.0	25
	chrIII	162078	1	0.5	25
	chrIII	162085	0	0.5	25
	chrIII	162088	0	0.5	25
	chrIII	162094	1	1.0	25
	chrIII	162096	0	0.5	25
	chrIII	162103	0	0.5	25
	chrIII	162104	1	0.5	25
	chrIII	162108	1	0.5	25
	chrIII	162115	1	1.5	25
	chrIII	162118	0	0.5	25
	chrIII	162129	0	0.5	25
	chrIII	162135	1	0.5	25
	chrIII	162137	0	0.5	25
	chrIII	162151	0	0.5	25
	chrIII	162158	1	0.5	25
	chrIII	162168	0	0.5	25
	chrIII	162173	1	0.5	25
	chrIII	162198	1	0.5	25
	chrIII	162204	0	0.5	25
	chrIII	162216	0	1.0	25
	chrIII	162228	0	1.0	25
	chrIII	162235	0	0.5	25
	chrIII	162254	0	0.5	25
	chrIII	162260	1	0.5	25
	chrIII	162261	0	2.5	25
	chrIII	162261	1	0.5	25
	chrIII	162262	0	2.5	25
	chrIII	162265	0	1.5	25
	chrIII	162266	0	2.0	25
	chrIII	162272	0	1.0	25
	chrIII	162272	1	0.5	25
	chrIII	162288	1	1.0	25
	chrIII	162290	0	0.5	25
	chrIII	162297	1	1.5	25
	chrIII	162305	1	0.5	25
	chrIII	162315	1	3.0	25
	chrIII	162316	0	1.0	25
	chrIII	162316	1	0.5	25
	chrIII	162317	1	1.0	25
	chrIII	162318	1	2.0	25
	chrIII	162320	1	1.0	25
	chrIII	162321	1	1.5	25
	chrIII	162322	1	0.5	25
	chrIII	162323	0	0.5	25
	chrIII	162353	1	0.5	25
	chrIII	162354	1	0.5	25
	chrIII	162358	1	0.5	25
	chrIII	162359	1	0.5	25
	chrIII	162413	0	0.5	25
	chrIII	162414	0	1.0	25
	chrIII	162419	0	0.5	25
	chrIII	162419	1	0.5	23
	chrIII	162421	1	0.5	25
	chrIII	162424	0	0.5	25
	chrIII	162427	0	0.5	25
	chrIII	162475	1	0.5	25
	chrIII	162476	1	0.5	25
	chrIII	162481	1	1.5	25
	chrIII	162489	1	0.5	25
	chrIII	162493	1	0.5	25
	chrIII	162516	0	0.5	25
	chrIII	162525	1	0.5	25
	chrIII	162536	0	0.5	25
	chrIII	162565	1	0.5	25
	chrIII	162609	1	0.5	25
	chrIII	162718	0	0.5	25
	chrIII	162730	0	0.5	25
	chrIII	162731	0	0.5	25
	chrIII	162741	0	1.0	25
	chrIII	162790	1	0.5	25
	chrIII	162800	0	0.5	25
	chrIII	162810	1	0.5	25
	chrIII	162811	0	1.0	25
	chrIII	162811	1	0.5	25
	chrIII	162822	1	1.0	25
	chrIII	162868	1	0.5	25
	chrIII	162897	0	0.5	25
	chrIII	162912	0	1.0	25
	chrIII	162919	0	0.5	25
	chrIII	162925	0	0.5	25
	chrIII	162969	1	0.5	25
	chrIII	162988	0	1.0	25
	chrIII	162988	1	1.0	25
	chrIII	162995	1	1.0	25
	chrIII	163011	1	0.5	25
	chrIII	163025	0	0.5	25
	chrIII	163058	1	0.5	23
	chrIII	163060	1	0.5	25
	chrIII	163061	0	0.5	25
	chrIII	163070	0	0.5	25
	chrIII	163090	0	0.5	25
	chrIII	163103	0	1.0	25
	chrIII	163119	1	0.5	25
	chrIII	163141	1	0.5	25
	chrIII	163145	1	0.5	25
	chrIII	163168	0	0.5	25
	chrIII	163193	0	0.5	23
	chrIII	163193	0	0.5	25
	chrIII	163203	0	0.5	25
	chrIII	163209	0	0.5	25
	chrIII	163212	0	0.5	25
	chrIII	163213	0	0.5	25
	chrIII	163216	0	0.5	25
	chrIII	163218	1	0.5	25
	chrIII	163223	1	0.5	25
	chrIII	163226	1	0.5	25
	chrIII	163229	0	0.5	25
	chrIII	163230	1	0.5	25
	chrIII	163233	0	0.5	25
	chrIII	163242	0	0.5	25
	chrIII	163243	0	0.5	25
	chrIII	163248	0	0.5	25
	chrIII	163251	0	1.0	25
	chrIII	163253	0	0.5	25
	chrIII	163254	1	0.5	25
	chrIII	163255	0	0.5	25
	chrIII	163258	0	0.5	25
	chrIII	163265	0	0.5	25
	chrIII	163268	1	0.5	25
	chrIII	163273	1	0.5	25
	chrIII	163282	0	0.5	25
	chrIII	163285	1	0.5	25
	chrIII	163286	0	0.5	25
	chrIII	163286	1	0.5	25
	chrIII	163296	0	0.5	25
	chrIII	163303	1	0.5	25
	chrIII	163305	0	1.0	25
	chrIII	163306	0	1.0	25
	chrIII	163306	1	1.0	25
	chrIII	163307	0	1.0	25
	chrIII	163313	1	0.5	25
	chrIII	163317	1	0.5	25
	chrIII	163321	1	1.0	25
	chrIII	163325	1	0.5	25
	chrIII	163326	1	0.5	25
	chrIII	163331	1	1.0	25
	chrIII	163334	1	0.5	25
	chrIII	163340	1	0.5	25
	chrIII	163346	0	0.5	25
	chrIII	163347	0	0.5	25
	chrIII	163356	0	0.5	25
	chrIII	163357	1	1.0	25
	chrIII	163362	1	0.5	25
	chrIII	163363	0	0.5	25
	chrIII	163364	1	0.5	25
	chrIII	163365	0	1.0	25
	chrIII	163366	1	0.5	25
	chrIII	163367	1	0.5	25
	chrIII	163369	0	1.5	25
	chrIII	163379	0	1.0	25
	chrIII	163383	0	0.5	25
	chrIII	163386	1	0.5	25
	chrIII	163388	1	0.5	25
	chrIII	163389	1	0.5	25
	chrIII	163395	0	0.5	25
	chrIII	163398	1	0.5	25
	chrIII	163400	0	0.5	25
	chrIII	163417	1	0.5	25
	chrIII	163418	0	0.5	25
	chrIII	163431	0	0.5	25
	chrIII	163436	1	0.5	25
	chrIII	163437	1	2.0	25
	chrIII	163438	0	0.5	25
	chrIII	163441	1	0.5	25
	chrIII	163444	1	0.5	25
	chrIII	163445	1	0.5	25
	chrIII	163446	1	1.0	25
	chrIII	163448	0	1.0	25
	chrIII	163463	1	1.0	25
	chrIII	163473	0	0.5	25
	chrIII	163483	0	0.5	25
	chrIII	163484	1	0.5	25
	chrIII	163491	0	0.5	25
	chrIII	163493	1	0.5	25
	chrIII	163511	1	0.5	25
	chrIII	163513	0	0.5	25
	chrIII	163513	1	0.5	25
	chrIII	163520	1	0.5	25
	chrIII	163548	0	1.0	25
	chrIII	163553	0	0.5	25
	chrIII	163557	0	0.5	25
	chrIII	163578	1	0.5	25
	chrIII	163579	0	0.5	25
	chrIII	163603	1	0.5	25
	chrIII	163604	1	0.5	25
	chrIII	163614	0	0.5	25
	chrIII	163619	0	0.5	25
	chrIII	163627	1	0.5	25
	chrIII	163629	1	1.0	25
	chrIII	163641	0	0.5	25
	chrIII	163668	0	0.5	25
	chrIII	163668	1	1.0	25
	chrIII	163672	1	0.5	25
	chrIII	163677	0	0.5	25
	chrIII	163701	0	0.5	25
	chrIII	163701	1	1.5	25
	chrIII	163702	0	0.5	25
	chrIII	163726	0	1.0	25
	chrIII	163730	0	0.5	25
	chrIII	163730	1	0.5	25
	chrIII	163752	1	0.5	25
	chrIII	163762	1	0.5	25
	chrIII	163763	0	0.5	25
	chrIII	163764	0	1.0	25
	chrIII	163765	0	0.5	25
	chrIII	163774	1	0.5	25
	chrIII	163791	0	0.5	25
	chrIII	163792	0	0.5	25
	chrIII	163793	0	1.0	25
	chrIII	163800	1	0.5	25
	chrIII	163809	0	0.5	25
	chrIII	163809	1	0.5	25
	chrIII	163810	0	1.0	25
	chrIII	163812	1	1.0	25
	chrIII	163814	0	0.5	25
	chrIII	163834	0	0.5	25
	chrIII	163846	0	1.0	25
	chrIII	163854	1	1.0	25
	chrIII	163857	0	0.5	25
	chrIII	163864	1	1.0	25
	chrIII	163869	1	0.5	25
	chrIII	163870	1	1.5	25
	chrIII	163871	0	0.5	25
	chrIII	163872	0	0.5	25
	chrIII	163876	0	0.5	25
	chrIII	163876	1	1.0	25
	chrIII	163884	0	0.5	25
	chrIII	163890	1	0.5	25
	chrIII	163895	1	1.0	25
	chrIII	163899	1	0.5	25
	chrIII	163925	1	0.5	25
	chrIII	163934	0	0.5	25
	chrIII	163936	0	0.5	25
	chrIII	163942	1	0.5	25
	chrIII	163945	1	0.5	25
	chrIII	163946	0	0.5	25
	chrIII	163948	0	0.5	25
	chrIII	163956	0	0.5	25
	chrIII	163973	1	0.5	25
	chrIII	163987	0	0.5	25
	chrIII	163990	1	0.5	25
	chrIII	163997	1	0.5	25
	chrIII	163999	1	1.0	25
	chrIII	164011	1	0.5	25
	chrIII	164013	0	0.5	25
	chrIII	164028	1	0.5	25
	chrIII	164042	1	0.5	25
	chrIII	164067	0	0.5	25
	chrIII	164071	0	0.5	25
	chrIII	164079	0	0.5	25
	chrIII	164090	1	0.5	25
	chrIII	164105	1	0.5	25
	chrIII	164106	1	0.5	25
	chrIII	164108	0	0.5	25
	chrIII	164111	1	0.5	25
	chrIII	164122	0	0.5	25
	chrIII	164138	1	0.5	25
	chrIII	164177	1	0.5	25
	chrIII	164243	0	0.5	25
	chrIII	164245	0	0.5	25
	chrIII	164277	0	1.0	25
	chrIII	164280	0	0.5	25
	chrIII	164282	0	1.0	25
	chrIII	164301	0	0.5	25
	chrIII	164314	0	0.5	25
	chrIII	164324	0	1.0	25
	chrIII	164346	1	1.5	25
	chrIII	164348	0	0.5	25
	chrIII	164350	0	1.0	25
	chrIII	164354	1	0.5	25
	chrIII	164355	0	0.5	25
	chrIII	164363	1	0.5	25
	chrIII	164372	1	0.5	25
	chrIII	164405	0	0.5	25
	chrIII	164406	1	1.0	25
	chrIII	164414	1	2.0	25
	chrIII	164446	1	1.0	25
	chrIII	164483	0	0.5	25
	chrIII	164496	1	0.5	25
	chrIII	164545	1	0.5	25
	chrIII	164551	0	0.5	25
	chrIII	164575	1	0.5	25
	chrIII	164589	1	0.5	25
	chrIII	164603	1	0.5	25
	chrIII	164653	0	0.5	25
	chrIII	164659	0	0.5	25
	chrIII	164679	0	0.5	25
	chrIII	164724	0	0.5	25
	chrIII	164731	1	0.5	25
	chrIII	164733	1	0.5	25
	chrIII	164755	1	0.5	25
	chrIII	164798	1	0.5	25
	chrIII	164823	0	0.5	25
	chrIII	164838	0	0.5	25
	chrIII	164849	0	0.5	25
	chrIII	164874	1	0.5	25
	chrIII	164881	0	0.5	25
	chrIII	164900	0	0.5	25
	chrIII	164911	1	0.5	25
	chrIII	164957	1	0.5	25
	chrIII	164965	0	0.5	25
	chrIII	164969	0	0.5	25
	chrIII	164970	0	0.5	25
	chrIII	164984	1	0.5	25
	chrIII	165001	0	1.0	25
	chrIII	165010	0	0.5	25
	chrIII	165013	1	0.5	25
	chrIII	165018	0	0.5	25
	chrIII	165037	0	0.5	25
	chrIII	165041	1	0.5	25
	chrIII	165047	1	0.5	25
	chrIII	165053	1	0.5	25
	chrIII	165092	1	0.5	25
	chrIII	165097	1	0.5	23
	chrIII	165103	1	0.5	25
	chrIII	165119	0	0.5	25
	chrIII	165140	1	1.0	25
	chrIII	165186	0	0.5	25
	chrIII	165200	0	1.0	25
	chrIII	165203	1	0.5	25
	chrIII	165232	0	0.5	25
	chrIII	165241	0	0.5	25
	chrIII	165264	0	0.5	25
	chrIII	165273	1	1.0	25
	chrIII	165289	0	0.5	25
	chrIII	165298	0	0.5	25
	chrIII	165317	0	0.5	25
	chrIII	165326	1	0.5	25
	chrIII	165333	0	0.5	25
	chrIII	165398	1	0.5	25
	chrIII	165401	1	1.0	25
	chrIII	165402	1	0.5	25
	chrIII	165418	1	0.5	25
	chrIII	165423	0	1.0	25
	chrIII	165471	0	0.5	25
	chrIII	165474	1	1.0	25
	chrIII	165508	1	0.5	25
	chrIII	165523	0	0.5	25
	chrIII	165530	1	0.5	25
	chrIII	165550	0	0.5	25
	chrIII	165565	1	0.5	25
	chrIII	165584	1	0.5	25
	chrIII	165588	0	0.5	25
	chrIII	165594	1	0.5	25
	chrIII	165613	0	0.5	25
	chrIII	165618	0	0.5	25
	chrIII	165625	0	0.5	25
	chrIII	165629	1	0.5	25
	chrIII	165630	0	0.5	25
	chrIII	165658	0	0.5	25
	chrIII	165666	0	0.5	25
	chrIII	165677	0	0.5	25
	chrIII	165710	1	0.5	25
	chrIII	165721	1	0.5	25
	chrIII	165727	1	0.5	25
	chrIII	165743	0	0.5	25
	chrIII	165751	0	0.5	25
	chrIII	165758	0	1.5	25
	chrIII	165760	0	0.5	25
	chrIII	165766	1	0.5	25
	chrIII	165786	0	0.5	25
	chrIII	165791	1	1.0	25
	chrIII	165803	0	0.5	25
	chrIII	165815	1	0.5	25
	chrIII	165816	1	0.5	25
	chrIII	165820	1	0.5	25
	chrIII	165824	0	0.5	25
	chrIII	165856	1	0.5	25
	chrIII	165866	0	0.5	25
	chrIII	165872	0	1.0	25
	chrIII	165872	1	0.5	25
	chrIII	165874	0	0.5	25
	chrIII	165875	0	0.5	25
	chrIII	165883	1	0.5	25
	chrIII	165885	0	0.5	25
	chrIII	165900	1	0.5	25
	chrIII	165904	1	0.5	25
	chrIII	165911	0	0.5	25
	chrIII	165921	1	0.5	25
	chrIII	165950	1	0.5	25
	chrIII	165951	1	0.5	25
	chrIII	165961	0	0.5	25
	chrIII	165965	0	0.5	25
	chrIII	165965	1	0.5	25
	chrIII	165966	0	0.5	25
	chrIII	165967	0	0.5	25
	chrIII	165968	1	0.5	25
	chrIII	165971	0	0.5	25
	chrIII	166006	0	0.5	25
	chrIII	166011	1	0.5	25
	chrIII	166021	0	0.5	25
	chrIII	166024	0	0.5	25
	chrIII	166026	1	0.5	25
	chrIII	166031	0	0.5	25
	chrIII	166037	0	0.5	25
	chrIII	166039	1	0.5	25
	chrIII	166041	1	0.5	25
	chrIII	166048	1	0.5	25
	chrIII	166066	1	0.5	25
	chrIII	166069	1	0.5	25
	chrIII	166089	1	0.5	25
	chrIII	166091	1	0.5	25
	chrIII	166098	1	1.0	25
	chrIII	166100	1	0.5	25
	chrIII	166101	0	1.5	25
	chrIII	166119	1	0.5	25
	chrIII	166143	0	0.5	25
	chrIII	166160	1	0.5	25
	chrIII	166161	0	0.5	25
	chrIII	166204	1	0.5	25
	chrIII	166270	1	0.5	25
	chrIII	166306	0	0.5	25
	chrIII	166319	1	0.5	25
	chrIII	166332	0	0.5	25
	chrIII	166344	0	1.0	25
	chrIII	166348	0	0.5	25
	chrIII	166360	1	0.5	25
	chrIII	166383	0	0.5	25
	chrIII	166391	1	0.5	25
	chrIII	166409	1	0.5	25
	chrIII	166421	1	1.0	25
	chrIII	166422	0	1.0	25
	chrIII	166430	1	0.5	25
	chrIII	166431	0	0.5	25
	chrIII	166443	1	0.5	25
	chrIII	166444	0	1.5	25
	chrIII	166445	0	0.5	25
	chrIII	166446	0	1.0	25
	chrIII	166453	0	0.5	25
	chrIII	166463	0	1.5	25
	chrIII	166465	0	0.5	25
	chrIII	166467	0	0.5	25
	chrIII	166482	0	0.5	25
	chrIII	166483	0	0.5	25
	chrIII	166485	1	0.5	25
	chrIII	166494	1	1.0	25
	chrIII	166496	1	0.5	25
	chrIII	166499	1	0.5	25
	chrIII	166501	1	0.5	25
	chrIII	166503	0	0.5	25
	chrIII	166506	1	0.5	25
	chrIII	166514	1	0.5	25
	chrIII	166515	1	1.0	25
	chrIII	166520	1	1.5	25
	chrIII	166529	1	0.5	25
	chrIII	166543	1	0.5	25
	chrIII	166549	1	0.5	25
	chrIII	166554	1	0.5	25
	chrIII	166560	0	0.5	25
	chrIII	166575	0	0.5	25
	chrIII	166585	1	0.5	25
	chrIII	166594	1	0.5	25
	chrIII	166597	0	1.0	25
	chrIII	166612	0	0.5	25
	chrIII	166614	0	0.5	25
	chrIII	166625	0	1.0	25
	chrIII	166625	1	0.5	25
	chrIII	166626	0	0.5	25
	chrIII	166636	0	0.5	25
	chrIII	166663	0	0.5	25
	chrIII	166666	1	1.0	25
	chrIII	166671	1	0.5	25
	chrIII	166672	0	0.5	25
	chrIII	166675	1	0.5	25
	chrIII	166676	0	0.5	25
	chrIII	166678	0	1.0	25
	chrIII	166679	0	2.0	25
	chrIII	166679	1	0.5	25
	chrIII	166680	0	0.5	25
	chrIII	166680	1	0.5	25
	chrIII	166681	0	0.5	25
	chrIII	166684	0	0.5	25
	chrIII	166688	0	0.5	25
	chrIII	166693	0	0.5	25
	chrIII	166694	0	2.0	25
	chrIII	166695	0	2.0	25
	chrIII	166702	1	0.5	25
	chrIII	166708	0	0.5	25
	chrIII	166712	0	0.5	25
	chrIII	166735	1	0.5	25
	chrIII	166736	1	1.0	25
	chrIII	166738	1	1.0	25
	chrIII	166739	1	1.0	25
	chrIII	166740	0	0.5	25
	chrIII	166740	1	2.5	25
	chrIII	166741	0	0.5	25
	chrIII	166742	1	0.5	25
	chrIII	166743	0	0.5	25
	chrIII	166747	0	0.5	25
	chrIII	166752	1	0.5	25
	chrIII	166756	1	1.0	25
	chrIII	166757	0	0.5	25
	chrIII	166757	1	0.5	25
	chrIII	166761	0	0.5	25
	chrIII	166762	1	1.0	25
	chrIII	166768	1	0.5	25
	chrIII	166770	1	0.5	25
	chrIII	166771	1	0.5	25
	chrIII	166772	0	0.5	25
	chrIII	166773	1	0.5	25
	chrIII	166776	1	1.0	25
	chrIII	166777	0	0.5	25
	chrIII	166778	0	0.5	25
	chrIII	166781	0	0.5	25
	chrIII	166785	1	1.0	25
	chrIII	166789	0	0.5	25
	chrIII	166790	1	0.5	25
	chrIII	166802	1	0.5	25
	chrIII	166813	0	0.5	25
	chrIII	166815	0	0.5	25
	chrIII	166822	1	0.5	25
	chrIII	166824	0	0.5	25
	chrIII	166824	1	0.5	25
	chrIII	166828	1	0.5	25
	chrIII	166833	1	0.5	25
	chrIII	166838	0	0.5	25
	chrIII	166842	1	0.5	25
	chrIII	166843	0	0.5	25
	chrIII	166850	0	0.5	25
	chrIII	166851	0	0.5	25
	chrIII	166864	1	0.5	25
	chrIII	166867	1	0.5	25
	chrIII	166871	1	1.0	25
	chrIII	166872	1	0.5	25
	chrIII	166884	1	0.5	25
	chrIII	166889	1	0.5	25
	chrIII	166895	1	0.5	25
	chrIII	166927	0	0.5	25
	chrIII	166935	0	0.5	25
	chrIII	166940	0	1.0	25
	chrIII	166943	1	0.5	25
	chrIII	166947	0	0.5	23
	chrIII	166966	0	0.5	25
	chrIII	166974	1	1.0	25
	chrIII	166989	0	1.0	25
	chrIII	167000	1	0.5	25
	chrIII	167017	1	1.0	25
	chrIII	167026	0	0.5	25
	chrIII	167042	1	0.5	25
	chrIII	167046	0	0.5	25
	chrIII	167056	1	1.0	25
	chrIII	167061	0	0.5	25
	chrIII	167064	1	0.5	25
	chrIII	167069	1	0.5	25
	chrIII	167076	0	0.5	25
	chrIII	167078	0	0.5	25
	chrIII	167096	1	0.5	25
	chrIII	167103	0	0.5	25
	chrIII	167115	0	0.5	25
	chrIII	167119	0	0.5	25
	chrIII	167120	1	0.5	25
	chrIII	167145	1	0.5	25
	chrIII	167160	1	0.5	25
	chrIII	167171	1	0.5	25
	chrIII	167190	1	0.5	25
	chrIII	167245	0	1.0	25
	chrIII	167258	0	0.5	25
	chrIII	167259	0	0.5	25
	chrIII	167275	1	0.5	25
	chrIII	167282	1	0.5	25
	chrIII	167296	1	0.5	25
	chrIII	167307	0	0.5	25
	chrIII	167350	0	0.5	25
	chrIII	167354	0	0.5	25
	chrIII	167355	1	0.5	25
	chrIII	167366	0	0.5	25
	chrIII	167368	0	0.5	25
	chrIII	167380	1	0.5	25
	chrIII	167391	0	0.5	25
	chrIII	167398	0	0.5	25
	chrIII	167420	1	0.5	25
	chrIII	167426	1	0.5	25
	chrIII	167435	1	0.5	25
	chrIII	167448	0	0.5	25
	chrIII	167454	0	0.5	25
	chrIII	167479	0	0.5	25
	chrIII	167491	1	0.5	25
	chrIII	167520	0	0.5	25
	chrIII	167524	0	0.5	25
	chrIII	167525	1	0.5	25
	chrIII	167544	1	0.5	25
	chrIII	167554	1	0.5	25
	chrIII	167562	1	1.0	25
	chrIII	167580	1	0.5	25
	chrIII	167608	0	0.5	25
	chrIII	167616	0	0.5	25
	chrIII	167625	0	0.5	25
	chrIII	167630	1	0.5	25
	chrIII	167634	0	0.5	25
	chrIII	167676	0	0.5	25
	chrIII	167685	0	0.5	25
	chrIII	167697	0	0.5	25
	chrIII	167714	1	1.0	25
	chrIII	167716	0	1.5	25
	chrIII	167717	0	0.5	25
	chrIII	167723	1	0.5	25
	chrIII	167728	0	1.0	25
	chrIII	167733	0	0.5	25
	chrIII	167747	1	0.5	25
	chrIII	167748	1	0.5	25
	chrIII	167752	0	0.5	25
	chrIII	167756	1	0.5	25
	chrIII	167764	0	1.5	25
	chrIII	167780	1	0.5	25
	chrIII	167783	0	0.5	25
	chrIII	167818	1	0.5	25
	chrIII	167822	1	0.5	25
	chrIII	167829	1	0.5	25
	chrIII	167855	1	0.5	25
	chrIII	167856	0	0.5	25
	chrIII	167866	1	0.5	25
	chrIII	167884	1	1.0	25
	chrIII	167887	0	0.5	25
	chrIII	167889	1	1.5	25
	chrIII	167901	0	0.5	25
	chrIII	167904	1	0.5	25
	chrIII	167931	0	0.5	25
	chrIII	167937	0	0.5	25
	chrIII	167944	1	0.5	25
	chrIII	167953	1	0.5	25
	chrIII	167959	0	0.5	25
	chrIII	167985	0	1.0	25
	chrIII	167992	1	0.5	25
	chrIII	168000	0	0.5	25
	chrIII	168011	1	0.5	25
	chrIII	168013	0	0.5	25
	chrIII	168034	1	0.5	25
	chrIII	168055	1	0.5	25
	chrIII	168056	0	0.5	25
	chrIII	168063	0	0.5	25
	chrIII	168070	0	0.5	25
	chrIII	168075	1	0.5	25
	chrIII	168076	0	1.0	25
	chrIII	168081	1	1.0	25
	chrIII	168084	1	1.0	25
	chrIII	168090	1	0.5	25
	chrIII	168099	0	0.5	25
	chrIII	168101	0	1.5	25
	chrIII	168112	1	0.5	25
	chrIII	168118	0	0.5	25
	chrIII	168142	1	0.5	25
	chrIII	168153	0	0.5	25
	chrIII	168176	1	0.5	25
	chrIII	168190	1	1.5	25
	chrIII	168218	0	0.5	25
	chrIII	168218	1	0.5	25
	chrIII	168219	1	0.5	25
	chrIII	168223	1	0.5	25
	chrIII	168224	0	2.0	25
	chrIII	168225	0	0.5	25
	chrIII	168226	0	2.0	25
	chrIII	168241	0	0.5	25
	chrIII	168251	1	1.0	25
	chrIII	168257	0	1.0	25
	chrIII	168257	1	0.5	25
	chrIII	168264	0	0.5	25
	chrIII	168266	1	0.5	25
	chrIII	168272	0	0.5	25
	chrIII	168284	1	0.5	25
	chrIII	168290	1	0.5	25
	chrIII	168291	1	0.5	25
	chrIII	168292	1	1.5	25
	chrIII	168293	0	0.5	25
	chrIII	168303	1	0.5	25
	chrIII	168321	1	1.0	25
	chrIII	168352	1	0.5	25
	chrIII	168360	0	0.5	25
	chrIII	168362	0	0.5	25
	chrIII	168364	0	0.5	25
	chrIII	168364	1	0.5	25
	chrIII	168371	0	0.5	25
	chrIII	168377	1	0.5	25
	chrIII	168381	1	0.5	25
	chrIII	168382	0	0.5	25
	chrIII	168404	0	0.5	25
	chrIII	168426	1	0.5	25
	chrIII	168435	1	0.5	25
	chrIII	168436	1	0.5	25
	chrIII	168437	0	0.5	25
	chrIII	168444	1	0.5	25
	chrIII	168456	1	0.5	25
	chrIII	168464	1	0.5	25
	chrIII	168469	1	0.5	25
	chrIII	168470	0	0.5	25
	chrIII	168580	0	0.5	25
	chrIII	168592	0	0.5	25
	chrIII	168597	0	0.5	25
	chrIII	168599	0	0.5	25
	chrIII	168600	0	0.5	25
	chrIII	168620	1	0.5	25
	chrIII	168666	1	0.5	25
	chrIII	168726	1	0.5	25
	chrIII	168766	1	0.5	25
	chrIII	168790	0	0.5	25
	chrIII	168811	0	1.0	25
	chrIII	168841	0	0.5	25
	chrIII	168846	1	0.5	25
	chrIII	168870	0	0.5	25
	chrIII	168885	0	1.0	25
	chrIII	168904	0	0.5	25
	chrIII	168906	0	0.5	25
	chrIII	168914	0	1.0	25
	chrIII	168934	1	0.5	25
	chrIII	168940	1	0.5	25
	chrIII	168944	1	0.5	25
	chrIII	168967	1	1.0	25
	chrIII	168979	1	0.5	25
	chrIII	168985	1	1.0	25
	chrIII	169000	0	0.5	25
	chrIII	169007	1	0.5	25
	chrIII	169028	0	0.5	25
	chrIII	169033	0	1.0	25
	chrIII	169034	0	0.5	25
	chrIII	169079	1	0.5	25
	chrIII	169084	0	0.5	25
	chrIII	169093	1	0.5	25
	chrIII	169109	0	0.5	25
	chrIII	169122	1	0.5	25
	chrIII	169126	0	0.5	25
	chrIII	169142	0	0.5	25
	chrIII	169166	1	0.5	25
	chrIII	169167	1	0.5	25
	chrIII	169174	0	0.5	25
	chrIII	169177	0	0.5	25
	chrIII	169205	1	1.0	25
	chrIII	169207	0	1.0	25
	chrIII	169240	1	0.5	25
	chrIII	169246	1	0.5	25
	chrIII	169253	0	0.5	25
	chrIII	169262	1	0.5	25
	chrIII	169270	1	0.5	25
	chrIII	169279	0	0.5	25
	chrIII	169282	1	0.5	25
	chrIII	169319	0	0.5	25
	chrIII	169329	0	0.5	25
	chrIII	169331	0	1.0	25
	chrIII	169332	0	0.5	25
	chrIII	169342	0	0.5	25
	chrIII	169352	0	0.5	25
	chrIII	169354	0	2.5	25
	chrIII	169378	0	0.5	25
	chrIII	169393	0	0.5	25
	chrIII	169400	0	0.5	25
	chrIII	169400	1	0.5	25
	chrIII	169406	0	1.0	25
	chrIII	169436	0	0.5	25
	chrIII	169443	0	4.0	25
	chrIII	169444	0	0.5	25
	chrIII	169445	0	0.5	24
	chrIII	169445	0	0.5	25
	chrIII	169449	0	0.5	25
	chrIII	169449	1	1.0	25
	chrIII	169451	0	1.0	24
	chrIII	169454	0	1.5	25
	chrIII	169456	0	0.5	25
	chrIII	169457	0	0.5	25
	chrIII	169459	0	0.5	25
	chrIII	169460	0	1.5	25
	chrIII	169461	0	0.5	25
	chrIII	169462	0	1.0	25
	chrIII	169463	0	0.5	24
	chrIII	169463	0	1.0	25
	chrIII	169464	0	5.0	25
	chrIII	169467	0	2.5	25
	chrIII	169468	0	2.0	25
	chrIII	169469	0	2.0	25
	chrIII	169470	0	0.5	25
	chrIII	169471	0	1.5	25
	chrIII	169473	0	1.0	25
	chrIII	169475	0	0.5	25
	chrIII	169476	0	4.5	25
	chrIII	169477	0	4.5	25
	chrIII	169478	0	3.0	25
	chrIII	169482	0	2.5	25
	chrIII	169483	0	1.0	23
	chrIII	169483	0	1.0	25
	chrIII	169484	0	0.5	25
	chrIII	169485	0	1.5	25
	chrIII	169486	0	1.0	25
	chrIII	169487	0	0.5	25
	chrIII	169488	0	4.5	25
	chrIII	169489	0	3.5	25
	chrIII	169490	0	8.5	25
	chrIII	169492	0	0.5	23
	chrIII	169496	0	1.5	25
	chrIII	169497	0	1.5	25
	chrIII	169498	0	0.5	25
	chrIII	169499	0	1.0	25
	chrIII	169500	0	0.5	25
	chrIII	169503	0	0.5	25
	chrIII	169504	0	2.0	25
	chrIII	169505	0	0.5	25
	chrIII	169514	0	0.5	25
	chrIII	169529	0	1.0	25
	chrIII	169536	1	1.5	25
	chrIII	169537	0	0.5	25
	chrIII	169537	1	2.0	25
	chrIII	169539	1	2.0	25
	chrIII	169541	1	1.0	25
	chrIII	169542	1	2.0	25
	chrIII	169543	1	0.5	24
	chrIII	169543	1	18.0	25
	chrIII	169544	1	14.5	24
	chrIII	169544	1	41.0	25
	chrIII	169546	1	0.5	25
	chrIII	169547	0	1.0	25
	chrIII	169547	1	0.5	25
	chrIII	169548	1	0.5	25
	chrIII	169554	0	0.5	25
	chrIII	169562	1	0.5	25
	chrIII	169566	0	0.5	25
	chrIII	169566	1	1.0	25
	chrIII	169582	0	0.5	25
	chrIII	169594	0	0.5	25
	chrIII	169594	1	0.5	25
	chrIII	169614	1	0.5	25
	chrIII	169623	1	0.5	25
	chrIII	169638	0	0.5	25
	chrIII	169640	0	0.5	25
	chrIII	169648	1	0.5	25
	chrIII	169665	1	0.5	25
	chrIII	169669	1	0.5	25
	chrIII	169684	1	1.0	25
	chrIII	169689	0	0.5	25
	chrIII	169709	1	0.5	25
	chrIII	169716	1	0.5	25
	chrIII	169736	0	0.5	25
	chrIII	169749	0	0.5	25
	chrIII	169759	0	0.5	25
	chrIII	169760	0	0.5	25
	chrIII	169786	0	0.5	25
	chrIII	169788	0	0.5	25
	chrIII	169794	1	0.5	25
	chrIII	169799	0	0.5	25
	chrIII	169801	0	0.5	25
	chrIII	169814	1	0.5	25
	chrIII	169820	1	0.5	25
	chrIII	169822	1	0.5	25
	chrIII	169832	0	0.5	25
	chrIII	169834	1	0.5	25
	chrIII	169840	1	1.0	25
	chrIII	169841	0	0.5	25
	chrIII	169856	1	0.5	25
	chrIII	169861	0	0.5	25
	chrIII	169874	1	0.5	25
	chrIII	169893	0	0.5	25
	chrIII	169909	1	0.5	25
	chrIII	169910	0	1.0	25
	chrIII	169913	1	0.5	25
	chrIII	169928	1	0.5	25
	chrIII	169929	0	1.0	25
	chrIII	169942	0	0.5	25
	chrIII	169946	1	0.5	25
	chrIII	169982	1	0.5	25
	chrIII	170006	0	0.5	25
	chrIII	170025	1	1.0	25
	chrIII	170031	0	0.5	25
	chrIII	170037	1	0.5	25
	chrIII	170068	0	0.5	25
	chrIII	170119	1	0.5	25
	chrIII	170122	0	0.5	25
	chrIII	170148	0	0.5	25
	chrIII	170161	1	1.0	25
	chrIII	170162	0	0.5	25
	chrIII	170164	0	0.5	25
	chrIII	170168	0	0.5	25
	chrIII	170173	1	0.5	25
	chrIII	170176	1	0.5	25
	chrIII	170188	0	0.5	25
	chrIII	170228	1	0.5	25
	chrIII	170229	1	0.5	25
	chrIII	170231	0	0.5	25
	chrIII	170237	0	0.5	25
	chrIII	170238	0	0.5	25
	chrIII	170245	0	0.5	25
	chrIII	170245	1	0.5	25
	chrIII	170247	1	1.5	25
	chrIII	170248	0	0.5	25
	chrIII	170256	0	0.5	25
	chrIII	170279	1	0.5	25
	chrIII	170293	0	1.0	25
	chrIII	170294	0	0.5	25
	chrIII	170297	1	1.0	25
	chrIII	170298	0	1.0	25
	chrIII	170298	1	0.5	25
	chrIII	170303	1	0.5	25
	chrIII	170315	1	0.5	25
	chrIII	170322	0	0.5	25
	chrIII	170338	1	1.0	25
	chrIII	170344	0	1.0	25
	chrIII	170362	0	0.5	25
	chrIII	170373	1	1.0	25
	chrIII	170393	1	0.5	25
	chrIII	170396	1	0.5	25
	chrIII	170412	0	0.5	25
	chrIII	170433	1	0.5	25
	chrIII	170458	0	0.5	25
	chrIII	170470	0	0.5	25
	chrIII	170473	1	0.5	25
	chrIII	170489	1	0.5	25
	chrIII	170526	0	0.5	25
	chrIII	170528	0	0.5	25
	chrIII	170528	1	0.5	25
	chrIII	170536	1	0.5	25
	chrIII	170550	1	1.0	25
	chrIII	170560	0	0.5	25
	chrIII	170571	1	0.5	25
	chrIII	170572	0	0.5	25
	chrIII	170595	0	0.5	25
	chrIII	170602	0	0.5	25
	chrIII	170615	0	0.5	25
	chrIII	170635	1	0.5	25
	chrIII	170651	1	1.0	25
	chrIII	170652	1	0.5	25
	chrIII	170697	0	1.0	25
	chrIII	170707	1	0.5	25
	chrIII	170708	0	0.5	25
	chrIII	170713	0	0.5	25
	chrIII	170734	1	0.5	25
	chrIII	170759	0	0.5	25
	chrIII	170773	0	0.5	25
	chrIII	170779	1	0.5	25
	chrIII	170799	1	0.5	25
	chrIII	170800	1	0.5	25
	chrIII	170811	1	1.0	25
	chrIII	170813	0	0.5	25
	chrIII	170847	0	1.0	25
	chrIII	170856	1	0.5	25
	chrIII	170863	1	0.5	25
	chrIII	170864	0	0.5	25
	chrIII	170865	0	0.5	25
	chrIII	170884	0	0.5	25
	chrIII	170902	1	1.0	25
	chrIII	170908	0	0.5	25
	chrIII	170922	1	0.5	25
	chrIII	170923	0	0.5	25
	chrIII	170923	1	0.5	25
	chrIII	170924	0	0.5	25
	chrIII	170932	0	0.5	25
	chrIII	170967	1	0.5	25
	chrIII	170968	0	0.5	25
	chrIII	170971	0	0.5	25
	chrIII	170990	1	0.5	25
	chrIII	170992	0	0.5	25
	chrIII	171008	1	0.5	25
	chrIII	171012	1	0.5	25
	chrIII	171031	1	0.5	25
	chrIII	171033	1	0.5	25
	chrIII	171039	0	0.5	25
	chrIII	171044	1	0.5	25
	chrIII	171065	1	0.5	25
	chrIII	171092	1	0.5	25
	chrIII	171097	0	0.5	25
	chrIII	171137	0	0.5	25
	chrIII	171140	0	0.5	25
	chrIII	171162	1	0.5	25
	chrIII	171173	0	0.5	25
	chrIII	171210	1	0.5	25
	chrIII	171216	1	0.5	25
	chrIII	171222	0	0.5	25
	chrIII	171238	0	0.5	25
	chrIII	171250	1	0.5	25
	chrIII	171279	1	0.5	25
	chrIII	171285	0	0.5	25
	chrIII	171327	1	0.5	25
	chrIII	171330	1	0.5	25
	chrIII	171353	0	0.5	25
	chrIII	171382	0	0.5	25
	chrIII	171386	0	0.5	25
	chrIII	171405	0	1.0	25
	chrIII	171418	0	0.5	25
	chrIII	171432	1	0.5	25
	chrIII	171434	0	0.5	25
	chrIII	171435	1	0.5	25
	chrIII	171477	0	0.5	25
	chrIII	171485	1	0.5	25
	chrIII	171499	1	0.5	25
	chrIII	171509	1	0.5	25
	chrIII	171515	1	0.5	25
	chrIII	171522	0	0.5	25
	chrIII	171526	0	0.5	25
	chrIII	171542	1	0.5	25
	chrIII	171543	0	0.5	25
	chrIII	171549	0	0.5	25
	chrIII	171563	0	0.5	25
	chrIII	171589	0	0.5	25
	chrIII	171600	1	0.5	25
	chrIII	171604	1	0.5	25
	chrIII	171605	0	0.5	25
	chrIII	171626	1	0.5	25
	chrIII	171646	1	0.5	25
	chrIII	171657	1	0.5	25
	chrIII	171665	1	0.5	25
	chrIII	171699	1	0.5	25
	chrIII	171703	0	0.5	25
	chrIII	171725	0	1.0	25
	chrIII	171726	0	0.5	25
	chrIII	171730	1	0.5	25
	chrIII	171756	0	0.5	25
	chrIII	171784	1	0.5	25
	chrIII	171796	1	0.5	25
	chrIII	171814	1	1.0	25
	chrIII	171818	1	0.5	25
	chrIII	171848	0	0.5	25
	chrIII	171872	0	0.5	25
	chrIII	171891	0	0.5	25
	chrIII	171919	0	0.5	25
	chrIII	171949	1	0.5	25
	chrIII	171956	0	0.5	25
	chrIII	171984	0	0.5	25
	chrIII	171984	1	0.5	25
	chrIII	172017	0	0.5	25
	chrIII	172021	1	0.5	25
	chrIII	172033	1	0.5	25
	chrIII	172041	1	0.5	25
	chrIII	172091	0	0.5	25
	chrIII	172102	0	0.5	25
	chrIII	172111	1	0.5	25
	chrIII	172122	1	0.5	25
	chrIII	172138	0	0.5	25
	chrIII	172154	1	0.5	25
	chrIII	172211	0	1.0	25
	chrIII	172231	1	0.5	25
	chrIII	172232	1	0.5	25
	chrIII	172250	0	1.0	25
	chrIII	172285	1	1.0	25
	chrIII	172323	0	0.5	25
	chrIII	172334	0	0.5	25
	chrIII	172393	0	0.5	25
	chrIII	172396	0	1.0	25
	chrIII	172402	1	1.0	25
	chrIII	172403	1	0.5	25
	chrIII	172404	0	0.5	25
	chrIII	172406	0	0.5	25
	chrIII	172459	1	0.5	25
	chrIII	172461	1	0.5	25
	chrIII	172479	0	0.5	25
	chrIII	172481	1	0.5	25
	chrIII	172484	0	1.0	25
	chrIII	172488	0	1.0	25
	chrIII	172510	0	1.0	25
	chrIII	172533	0	1.5	25
	chrIII	172533	1	0.5	25
	chrIII	172546	1	0.5	25
	chrIII	172550	1	0.5	25
	chrIII	172551	1	0.5	25
	chrIII	172552	1	0.5	25
	chrIII	172553	0	1.0	25
	chrIII	172555	0	0.5	25
	chrIII	172555	1	0.5	25
	chrIII	172556	0	1.0	25
	chrIII	172558	0	2.0	25
	chrIII	172560	0	1.0	25
	chrIII	172564	0	0.5	25
	chrIII	172564	1	0.5	25
	chrIII	172567	0	0.5	25
	chrIII	172567	1	0.5	25
	chrIII	172568	0	1.0	25
	chrIII	172570	1	0.5	25
	chrIII	172571	0	0.5	25
	chrIII	172574	0	0.5	25
	chrIII	172577	1	0.5	25
	chrIII	172578	0	0.5	25
	chrIII	172580	0	0.5	25
	chrIII	172588	0	0.5	25
	chrIII	172593	1	1.0	25
	chrIII	172594	0	0.5	25
	chrIII	172596	0	0.5	25
	chrIII	172596	1	0.5	25
	chrIII	172613	1	0.5	25
	chrIII	172618	1	0.5	24
	chrIII	172627	1	0.5	25
	chrIII	172630	0	0.5	25
	chrIII	172632	1	0.5	25
	chrIII	172641	1	3.0	25
	chrIII	172643	0	1.0	25
	chrIII	172644	1	0.5	25
	chrIII	172649	1	0.5	25
	chrIII	172655	1	0.5	25
	chrIII	172658	1	0.5	25
	chrIII	172662	1	1.0	25
	chrIII	172663	1	0.5	25
	chrIII	172665	0	0.5	25
	chrIII	172667	1	0.5	25
	chrIII	172672	1	0.5	25
	chrIII	172689	0	0.5	25
	chrIII	172690	0	0.5	25
	chrIII	172696	0	0.5	25
	chrIII	172722	1	1.0	25
	chrIII	172726	1	0.5	25
	chrIII	172728	0	0.5	25
	chrIII	172728	1	1.0	25
	chrIII	172748	1	1.0	25
	chrIII	172754	0	0.5	25
	chrIII	172755	1	0.5	25
	chrIII	172774	1	0.5	25
	chrIII	172802	0	0.5	25
	chrIII	172818	0	0.5	25
	chrIII	172836	0	0.5	25
	chrIII	172859	1	0.5	25
	chrIII	172867	1	0.5	25
	chrIII	172875	1	0.5	25
	chrIII	172877	1	0.5	25
	chrIII	172881	1	0.5	25
	chrIII	172889	0	0.5	25
	chrIII	172899	1	0.5	25
	chrIII	172900	0	0.5	25
	chrIII	172929	0	0.5	25
	chrIII	172959	0	0.5	25
	chrIII	172969	1	0.5	25
	chrIII	172975	0	1.0	25
	chrIII	172981	0	0.5	25
	chrIII	172992	1	0.5	25
	chrIII	173021	0	1.0	25
	chrIII	173026	1	0.5	25
	chrIII	173028	0	0.5	25
	chrIII	173055	0	0.5	25
	chrIII	173074	0	0.5	25
	chrIII	173085	0	1.0	25
	chrIII	173087	0	0.5	25
	chrIII	173107	0	0.5	25
	chrIII	173113	1	0.5	25
	chrIII	173115	1	1.0	25
	chrIII	173124	1	0.5	25
	chrIII	173135	0	0.5	25
	chrIII	173142	1	1.0	25
	chrIII	173152	0	0.5	25
	chrIII	173153	0	0.5	25
	chrIII	173160	1	0.5	25
	chrIII	173171	0	0.5	25
	chrIII	173172	0	0.5	25
	chrIII	173180	1	0.5	25
	chrIII	173181	1	0.5	25
	chrIII	173187	1	1.0	25
	chrIII	173196	0	0.5	25
	chrIII	173198	1	0.5	25
	chrIII	173205	0	0.5	25
	chrIII	173207	1	0.5	25
	chrIII	173209	1	1.0	25
	chrIII	173240	1	0.5	25
	chrIII	173247	0	0.5	25
	chrIII	173253	1	0.5	25
	chrIII	173264	0	0.5	25
	chrIII	173276	1	0.5	25
	chrIII	173289	1	1.0	25
	chrIII	173308	0	0.5	25
	chrIII	173313	1	0.5	25
	chrIII	173319	1	0.5	25
	chrIII	173333	0	0.5	25
	chrIII	173343	0	0.5	25
	chrIII	173369	1	0.5	25
	chrIII	173379	1	0.5	25
	chrIII	173411	1	0.5	25
	chrIII	173414	0	0.5	25
	chrIII	173420	0	0.5	25
	chrIII	173429	0	0.5	25
	chrIII	173434	0	0.5	25
	chrIII	173436	0	0.5	25
	chrIII	173474	0	0.5	25
	chrIII	173491	1	0.5	25
	chrIII	173494	0	1.0	25
	chrIII	173499	1	0.5	25
	chrIII	173504	0	0.5	25
	chrIII	173509	0	0.5	25
	chrIII	173514	0	0.5	25
	chrIII	173515	0	1.0	25
	chrIII	173524	0	0.5	25
	chrIII	173532	0	0.5	25
	chrIII	173538	0	0.5	25
	chrIII	173540	0	0.5	25
	chrIII	173541	0	1.0	25
	chrIII	173543	0	0.5	25
	chrIII	173549	0	2.5	25
	chrIII	173561	0	0.5	25
	chrIII	173567	0	0.5	25
	chrIII	173568	1	0.5	25
	chrIII	173571	0	1.0	25
	chrIII	173575	1	0.5	25
	chrIII	173577	1	0.5	25
	chrIII	173581	1	1.0	25
	chrIII	173584	0	0.5	25
	chrIII	173584	1	1.0	25
	chrIII	173585	0	0.5	25
	chrIII	173588	1	0.5	25
	chrIII	173597	1	0.5	25
	chrIII	173598	1	0.5	25
	chrIII	173601	0	0.5	25
	chrIII	173603	1	0.5	25
	chrIII	173605	1	0.5	25
	chrIII	173606	1	0.5	25
	chrIII	173609	1	2.0	25
	chrIII	173611	0	0.5	25
	chrIII	173611	1	0.5	25
	chrIII	173612	1	0.5	25
	chrIII	173613	0	1.5	25
	chrIII	173616	0	1.5	25
	chrIII	173618	1	0.5	25
	chrIII	173623	0	0.5	25
	chrIII	173626	1	2.0	25
	chrIII	173633	1	0.5	25
	chrIII	173644	1	0.5	25
	chrIII	173646	1	1.0	25
	chrIII	173673	1	0.5	25
	chrIII	173677	1	0.5	25
	chrIII	173679	1	0.5	25
	chrIII	173685	1	1.0	25
	chrIII	173686	0	0.5	25
	chrIII	173686	1	0.5	25
	chrIII	173692	1	1.0	25
	chrIII	173709	1	0.5	25
	chrIII	173718	0	0.5	25
	chrIII	173730	0	1.0	25
	chrIII	173737	1	0.5	25
	chrIII	173770	0	0.5	25
	chrIII	173772	1	0.5	25
	chrIII	173774	1	0.5	25
	chrIII	173776	0	1.0	25
	chrIII	173781	0	0.5	25
	chrIII	173789	1	0.5	25
	chrIII	173791	1	0.5	25
	chrIII	173795	0	1.0	25
	chrIII	173814	0	0.5	25
	chrIII	173846	1	1.0	25
	chrIII	173849	1	1.0	25
	chrIII	173851	1	0.5	25
	chrIII	173858	1	0.5	25
	chrIII	173916	0	0.5	25
	chrIII	173955	0	0.5	25
	chrIII	173956	0	1.0	25
	chrIII	173957	0	0.5	25
	chrIII	173969	1	0.5	25
	chrIII	173970	0	0.5	25
	chrIII	173973	1	0.5	25
	chrIII	173996	0	0.5	25
	chrIII	174002	0	1.0	25
	chrIII	174017	0	0.5	25
	chrIII	174033	0	0.5	25
	chrIII	174036	1	0.5	25
	chrIII	174040	1	0.5	25
	chrIII	174068	1	0.5	25
	chrIII	174077	1	0.5	25
	chrIII	174086	0	0.5	25
	chrIII	174089	1	0.5	25
	chrIII	174098	1	0.5	25
	chrIII	174110	1	0.5	25
	chrIII	174111	1	0.5	25
	chrIII	174115	0	0.5	25
	chrIII	174119	0	0.5	25
	chrIII	174136	1	0.5	25
	chrIII	174143	1	0.5	25
	chrIII	174169	1	1.0	25
	chrIII	174170	0	1.0	25
	chrIII	174174	0	0.5	25
	chrIII	174176	1	0.5	25
	chrIII	174209	1	0.5	25
	chrIII	174227	0	0.5	25
	chrIII	174250	0	0.5	25
	chrIII	174273	1	0.5	25
	chrIII	174283	0	0.5	25
	chrIII	174285	0	0.5	25
	chrIII	174287	0	0.5	25
	chrIII	174288	0	1.0	25
	chrIII	174306	1	0.5	25
	chrIII	174309	0	0.5	25
	chrIII	174312	0	1.0	25
	chrIII	174315	1	0.5	25
	chrIII	174319	0	0.5	25
	chrIII	174332	1	0.5	25
	chrIII	174341	1	0.5	25
	chrIII	174343	1	0.5	25
	chrIII	174351	1	0.5	25
	chrIII	174358	1	0.5	25
	chrIII	174369	1	0.5	25
	chrIII	174375	1	0.5	25
	chrIII	174376	1	0.5	25
	chrIII	174380	1	0.5	25
	chrIII	174382	1	0.5	25
	chrIII	174391	0	0.5	25
	chrIII	174392	0	0.5	25
	chrIII	174395	0	0.5	25
	chrIII	174399	0	0.5	25
	chrIII	174414	0	0.5	25
	chrIII	174416	0	0.5	25
	chrIII	174430	0	0.5	25
	chrIII	174438	1	0.5	25
	chrIII	174441	1	0.5	25
	chrIII	174447	0	0.5	25
	chrIII	174455	1	0.5	25
	chrIII	174458	1	0.5	25
	chrIII	174467	1	0.5	25
	chrIII	174471	1	0.5	25
	chrIII	174519	0	0.5	25
	chrIII	174535	0	0.5	25
	chrIII	174544	0	0.5	25
	chrIII	174559	1	0.5	25
	chrIII	174576	1	0.5	25
	chrIII	174593	1	0.5	25
	chrIII	174597	1	0.5	25
	chrIII	174618	0	0.5	25
	chrIII	174620	0	0.5	25
	chrIII	174623	0	0.5	25
	chrIII	174627	0	1.0	25
	chrIII	174629	1	0.5	25
	chrIII	174630	0	0.5	25
	chrIII	174710	1	0.5	25
	chrIII	174717	1	0.5	25
	chrIII	174725	0	0.5	25
	chrIII	174745	0	0.5	25
	chrIII	174753	0	0.5	25
	chrIII	174753	1	0.5	25
	chrIII	174768	0	0.5	25
	chrIII	174787	1	0.5	25
	chrIII	174792	1	0.5	25
	chrIII	174794	1	0.5	25
	chrIII	174802	0	1.0	25
	chrIII	174803	0	0.5	25
	chrIII	174825	0	0.5	25
	chrIII	174839	1	0.5	25
	chrIII	174861	1	0.5	25
	chrIII	174889	1	0.5	25
	chrIII	174906	1	0.5	25
	chrIII	174922	0	0.5	25
	chrIII	174933	0	1.0	25
	chrIII	174937	0	0.5	25
	chrIII	174946	0	0.5	25
	chrIII	174963	0	0.5	25
	chrIII	174968	1	0.5	25
	chrIII	174976	1	0.5	25
	chrIII	174984	0	0.5	25
	chrIII	174994	1	0.5	25
	chrIII	175001	1	0.5	25
	chrIII	175009	1	1.0	25
	chrIII	175017	1	0.5	25
	chrIII	175078	1	0.5	25
	chrIII	175080	1	0.5	25
	chrIII	175120	0	0.5	25
	chrIII	175145	0	0.5	25
	chrIII	175153	0	0.5	25
	chrIII	175216	1	0.5	25
	chrIII	175218	0	0.5	25
	chrIII	175218	1	0.5	25
	chrIII	175233	1	0.5	25
	chrIII	175240	1	0.5	25
	chrIII	175241	0	0.5	25
	chrIII	175243	0	0.5	25
	chrIII	175258	0	0.5	25
	chrIII	175269	0	0.5	25
	chrIII	175282	1	0.5	25
	chrIII	175299	0	0.5	25
	chrIII	175310	0	0.5	25
	chrIII	175332	1	0.5	25
	chrIII	175347	0	1.5	25
	chrIII	175357	0	1.0	25
	chrIII	175366	1	0.5	25
	chrIII	175381	1	0.5	25
	chrIII	175399	1	0.5	25
	chrIII	175416	1	0.5	25
	chrIII	175417	0	2.5	25
	chrIII	175419	1	2.0	25
	chrIII	175445	1	1.0	25
	chrIII	175462	1	0.5	25
	chrIII	175491	1	0.5	25
	chrIII	175492	1	1.0	25
	chrIII	175506	0	0.5	25
	chrIII	175509	0	0.5	25
	chrIII	175510	0	0.5	25
	chrIII	175532	0	0.5	25
	chrIII	175552	1	0.5	25
	chrIII	175564	1	0.5	25
	chrIII	175568	0	0.5	25
	chrIII	175574	0	0.5	25
	chrIII	175577	1	0.5	25
	chrIII	175593	0	0.5	25
	chrIII	175593	1	0.5	25
	chrIII	175607	0	0.5	25
	chrIII	175610	0	0.5	25
	chrIII	175617	0	0.5	25
	chrIII	175650	1	0.5	25
	chrIII	175655	1	1.0	25
	chrIII	175686	1	0.5	25
	chrIII	175689	0	0.5	25
	chrIII	175690	0	1.0	25
	chrIII	175695	1	0.5	25
	chrIII	175708	0	0.5	25
	chrIII	175710	0	0.5	25
	chrIII	175727	0	0.5	25
	chrIII	175749	1	0.5	25
	chrIII	175751	1	0.5	25
	chrIII	175764	1	0.5	25
	chrIII	175767	1	0.5	25
	chrIII	175773	1	0.5	25
	chrIII	175792	1	0.5	25
	chrIII	175797	1	1.0	25
	chrIII	175836	1	0.5	25
	chrIII	175862	0	0.5	25
	chrIII	175883	0	1.0	25
	chrIII	175892	0	0.5	25
	chrIII	175896	0	0.5	25
	chrIII	175898	0	0.5	25
	chrIII	175912	0	1.0	25
	chrIII	175916	0	0.5	25
	chrIII	175926	0	0.5	25
	chrIII	175929	1	0.5	25
	chrIII	175938	0	0.5	25
	chrIII	175947	1	1.0	25
	chrIII	175951	1	0.5	25
	chrIII	175956	0	0.5	25
	chrIII	175958	1	0.5	23
	chrIII	175959	1	0.5	25
	chrIII	175960	1	0.5	25
	chrIII	175961	0	1.0	25
	chrIII	175972	1	0.5	25
	chrIII	175977	1	0.5	25
	chrIII	175996	0	0.5	25
	chrIII	176002	0	0.5	25
	chrIII	176003	0	0.5	25
	chrIII	176013	1	0.5	25
	chrIII	176020	1	0.5	25
	chrIII	176025	0	0.5	25
	chrIII	176028	0	0.5	25
	chrIII	176035	1	0.5	25
	chrIII	176047	1	0.5	25
	chrIII	176049	0	0.5	25
	chrIII	176052	0	1.0	25
	chrIII	176064	1	0.5	25
	chrIII	176075	1	0.5	25
	chrIII	176081	0	0.5	25
	chrIII	176087	0	0.5	25
	chrIII	176095	1	0.5	25
	chrIII	176112	1	1.0	25
	chrIII	176113	0	0.5	25
	chrIII	176115	1	1.0	25
	chrIII	176116	0	0.5	25
	chrIII	176120	0	0.5	25
	chrIII	176128	0	0.5	25
	chrIII	176144	0	0.5	25
	chrIII	176146	0	0.5	25
	chrIII	176154	1	0.5	25
	chrIII	176181	1	0.5	25
	chrIII	176187	0	0.5	25
	chrIII	176203	0	0.5	25
	chrIII	176211	1	0.5	25
	chrIII	176213	1	0.5	25
	chrIII	176218	0	0.5	25
	chrIII	176225	1	0.5	25
	chrIII	176228	0	0.5	25
	chrIII	176232	1	0.5	25
	chrIII	176235	1	0.5	25
	chrIII	176236	1	0.5	25
	chrIII	176237	1	0.5	25
	chrIII	176243	0	0.5	25
	chrIII	176246	1	0.5	25
	chrIII	176250	1	0.5	25
	chrIII	176278	1	0.5	25
	chrIII	176330	0	0.5	25
	chrIII	176335	1	0.5	25
	chrIII	176347	0	0.5	25
	chrIII	176352	0	0.5	25
	chrIII	176362	0	0.5	25
	chrIII	176384	0	1.5	25
	chrIII	176385	0	0.5	25
	chrIII	176393	0	0.5	25
	chrIII	176394	1	0.5	25
	chrIII	176402	0	0.5	25
	chrIII	176403	0	1.0	25
	chrIII	176405	0	0.5	25
	chrIII	176412	1	0.5	25
	chrIII	176419	0	0.5	25
	chrIII	176419	1	0.5	25
	chrIII	176428	0	1.0	25
	chrIII	176434	1	0.5	25
	chrIII	176449	1	0.5	25
	chrIII	176450	0	0.5	25
	chrIII	176457	1	0.5	25
	chrIII	176476	0	0.5	25
	chrIII	176484	0	0.5	25
	chrIII	176486	0	0.5	25
	chrIII	176490	0	0.5	25
	chrIII	176499	0	1.0	25
	chrIII	176499	1	0.5	25
	chrIII	176504	1	0.5	25
	chrIII	176506	1	0.5	25
	chrIII	176507	1	0.5	25
	chrIII	176525	1	0.5	25
	chrIII	176531	0	0.5	25
	chrIII	176532	1	0.5	25
	chrIII	176536	0	0.5	25
	chrIII	176539	1	0.5	25
	chrIII	176540	0	0.5	25
	chrIII	176543	0	0.5	25
	chrIII	176555	1	0.5	25
	chrIII	176556	0	0.5	25
	chrIII	176558	0	1.0	25
	chrIII	176561	1	0.5	25
	chrIII	176562	0	0.5	25
	chrIII	176563	0	1.0	25
	chrIII	176563	1	0.5	25
	chrIII	176564	0	5.0	25
	chrIII	176565	0	1.5	25
	chrIII	176566	0	2.0	25
	chrIII	176571	0	0.5	25
	chrIII	176571	1	0.5	25
	chrIII	176578	0	1.0	25
	chrIII	176583	1	1.0	25
	chrIII	176584	0	0.5	25
	chrIII	176589	1	1.0	25
	chrIII	176590	0	0.5	25
	chrIII	176591	0	3.0	25
	chrIII	176592	0	1.5	25
	chrIII	176595	0	0.5	25
	chrIII	176600	1	1.0	25
	chrIII	176603	0	1.0	25
	chrIII	176603	1	0.5	25
	chrIII	176604	1	0.5	25
	chrIII	176607	1	1.0	25
	chrIII	176610	1	0.5	25
	chrIII	176613	1	1.0	25
	chrIII	176614	0	2.0	25
	chrIII	176614	1	0.5	25
	chrIII	176615	0	0.5	25
	chrIII	176615	1	0.5	25
	chrIII	176616	1	2.5	25
	chrIII	176617	0	0.5	25
	chrIII	176618	1	1.5	25
	chrIII	176619	0	1.5	25
	chrIII	176619	1	0.5	25
	chrIII	176622	0	0.5	25
	chrIII	176624	0	0.5	25
	chrIII	176625	0	0.5	25
	chrIII	176648	1	0.5	25
	chrIII	176650	1	1.0	25
	chrIII	176651	1	1.0	25
	chrIII	176654	1	1.0	25
	chrIII	176655	1	1.5	25
	chrIII	176656	1	0.5	25
	chrIII	176660	0	1.0	25
	chrIII	176660	1	0.5	25
	chrIII	176661	1	3.0	25
	chrIII	176662	1	3.5	25
	chrIII	176663	1	1.0	25
	chrIII	176678	1	0.5	25
	chrIII	176680	1	0.5	25
	chrIII	176682	1	0.5	25
	chrIII	176683	1	0.5	25
	chrIII	176684	1	0.5	25
	chrIII	176685	1	0.5	25
	chrIII	176686	0	1.0	25
	chrIII	176691	1	0.5	25
	chrIII	176693	1	1.0	25
	chrIII	176694	0	1.0	25
	chrIII	176702	1	0.5	25
	chrIII	176714	1	0.5	25
	chrIII	176727	0	0.5	25
	chrIII	176747	1	0.5	25
	chrIII	176755	0	0.5	25
	chrIII	176760	1	0.5	25
	chrIII	176781	0	0.5	25
	chrIII	176788	1	0.5	25
	chrIII	176821	0	0.5	25
	chrIII	176826	1	0.5	25
	chrIII	176834	1	0.5	25
	chrIII	176840	0	0.5	25
	chrIII	176845	1	0.5	25
	chrIII	176860	0	0.5	25
	chrIII	176874	0	0.5	25
	chrIII	176884	1	0.5	25
	chrIII	176887	1	1.0	25
	chrIII	176905	0	0.5	25
	chrIII	176922	1	0.5	25
	chrIII	176928	0	0.5	25
	chrIII	176929	1	0.5	25
	chrIII	176944	1	1.5	25
	chrIII	176945	0	4.0	25
	chrIII	176946	0	2.5	25
	chrIII	176950	0	2.0	25
	chrIII	176959	0	1.0	25
	chrIII	176961	0	0.5	25
	chrIII	176977	0	0.5	25
	chrIII	176989	1	0.5	25
	chrIII	177003	1	0.5	25
	chrIII	177006	1	1.5	25
	chrIII	177007	1	2.5	25
	chrIII	177009	1	0.5	25
	chrIII	177015	1	1.0	25
	chrIII	177016	1	2.5	25
	chrIII	177020	0	1.0	25
	chrIII	177029	1	0.5	25
	chrIII	177035	0	0.5	25
	chrIII	177035	1	0.5	25
	chrIII	177044	1	1.0	25
	chrIII	177045	1	1.0	25
	chrIII	177047	0	0.5	25
	chrIII	177059	0	0.5	25
	chrIII	177068	0	0.5	25
	chrIII	177090	0	0.5	25
	chrIII	177093	1	0.5	25
	chrIII	177128	0	0.5	25
	chrIII	177133	1	0.5	25
	chrIII	177143	0	0.5	25
	chrIII	177148	1	0.5	25
	chrIII	177189	1	0.5	25
	chrIII	177199	0	1.0	25
	chrIII	177211	1	0.5	25
	chrIII	177216	1	0.5	25
	chrIII	177217	0	0.5	25
	chrIII	177221	0	0.5	25
	chrIII	177230	0	0.5	25
	chrIII	177236	0	0.5	25
	chrIII	177252	0	0.5	25
	chrIII	177262	1	1.0	25
	chrIII	177278	1	1.0	25
	chrIII	177281	1	0.5	25
	chrIII	177306	1	0.5	25
	chrIII	177313	0	0.5	25
	chrIII	177324	1	0.5	25
	chrIII	177326	0	1.0	25
	chrIII	177332	0	0.5	25
	chrIII	177332	1	0.5	25
	chrIII	177333	0	0.5	25
	chrIII	177349	0	0.5	25
	chrIII	177356	1	0.5	25
	chrIII	177359	0	1.5	25
	chrIII	177360	0	1.0	25
	chrIII	177364	0	0.5	25
	chrIII	177366	0	0.5	25
	chrIII	177372	0	1.0	25
	chrIII	177373	0	0.5	25
	chrIII	177373	1	0.5	25
	chrIII	177374	0	3.5	25
	chrIII	177374	1	0.5	25
	chrIII	177375	0	0.5	25
	chrIII	177376	0	0.5	25
	chrIII	177387	1	0.5	25
	chrIII	177390	1	0.5	25
	chrIII	177394	1	0.5	25
	chrIII	177395	0	0.5	25
	chrIII	177398	0	0.5	25
	chrIII	177404	0	0.5	25
	chrIII	177405	1	0.5	25
	chrIII	177412	1	0.5	25
	chrIII	177415	0	0.5	25
	chrIII	177418	1	1.5	25
	chrIII	177419	1	1.5	25
	chrIII	177420	0	1.0	25
	chrIII	177421	1	0.5	25
	chrIII	177428	1	1.0	25
	chrIII	177429	1	1.0	25
	chrIII	177430	1	2.0	25
	chrIII	177431	1	1.0	25
	chrIII	177436	1	0.5	25
	chrIII	177437	0	0.5	25
	chrIII	177438	1	1.0	25
	chrIII	177442	1	0.5	25
	chrIII	177457	1	0.5	25
	chrIII	177469	1	0.5	25
	chrIII	177489	1	0.5	25
	chrIII	177496	1	0.5	25
	chrIII	177516	1	0.5	25
	chrIII	177545	0	0.5	25
	chrIII	177554	0	0.5	25
	chrIII	177566	0	0.5	25
	chrIII	177568	0	0.5	25
	chrIII	177625	1	0.5	25
	chrIII	177642	0	0.5	25
	chrIII	177645	1	0.5	25
	chrIII	177647	0	0.5	25
	chrIII	177680	0	0.5	25
	chrIII	177699	1	0.5	25
	chrIII	177751	0	0.5	25
	chrIII	177758	1	0.5	25
	chrIII	177769	1	0.5	25
	chrIII	177770	1	0.5	25
	chrIII	177777	0	1.0	25
	chrIII	177810	1	0.5	25
	chrIII	177830	1	0.5	25
	chrIII	177836	0	0.5	25
	chrIII	177875	0	0.5	25
	chrIII	177886	0	0.5	25
	chrIII	177892	1	0.5	25
	chrIII	177917	0	0.5	25
	chrIII	177930	0	0.5	25
	chrIII	177936	1	0.5	25
	chrIII	177952	0	0.5	25
	chrIII	177954	1	1.0	25
	chrIII	177957	1	0.5	25
	chrIII	177983	0	0.5	25
	chrIII	177986	1	0.5	25
	chrIII	178000	1	0.5	25
	chrIII	178023	0	0.5	25
	chrIII	178024	1	0.5	25
	chrIII	178027	0	1.0	25
	chrIII	178029	0	0.5	25
	chrIII	178031	0	0.5	25
	chrIII	178034	0	0.5	25
	chrIII	178048	0	0.5	25
	chrIII	178051	0	1.0	25
	chrIII	178055	0	0.5	25
	chrIII	178069	0	0.5	25
	chrIII	178077	1	0.5	25
	chrIII	178089	1	0.5	25
	chrIII	178097	1	0.5	25
	chrIII	178098	1	0.5	25
	chrIII	178101	1	0.5	25
	chrIII	178105	0	0.5	25
	chrIII	178105	1	0.5	25
	chrIII	178108	1	1.5	25
	chrIII	178116	0	0.5	25
	chrIII	178118	0	0.5	25
	chrIII	178125	0	0.5	25
	chrIII	178133	0	0.5	25
	chrIII	178140	1	0.5	25
	chrIII	178160	0	0.5	25
	chrIII	178161	1	0.5	25
	chrIII	178173	1	0.5	25
	chrIII	178174	0	0.5	25
	chrIII	178183	1	0.5	25
	chrIII	178200	1	0.5	25
	chrIII	178257	1	1.0	25
	chrIII	178273	0	0.5	25
	chrIII	178274	0	1.0	25
	chrIII	178287	0	0.5	25
	chrIII	178287	1	0.5	25
	chrIII	178290	1	0.5	25
	chrIII	178292	0	0.5	25
	chrIII	178293	0	0.5	25
	chrIII	178294	0	0.5	25
	chrIII	178295	0	2.0	25
	chrIII	178297	0	1.5	25
	chrIII	178304	1	0.5	25
	chrIII	178307	0	0.5	25
	chrIII	178312	0	0.5	25
	chrIII	178319	0	0.5	25
	chrIII	178330	0	0.5	25
	chrIII	178334	0	0.5	25
	chrIII	178337	0	0.5	25
	chrIII	178349	1	1.5	25
	chrIII	178350	0	1.0	25
	chrIII	178350	1	4.5	25
	chrIII	178351	0	1.0	25
	chrIII	178352	1	0.5	25
	chrIII	178361	0	0.5	25
	chrIII	178376	0	0.5	25
	chrIII	178377	0	0.5	25
	chrIII	178395	1	0.5	25
	chrIII	178397	1	0.5	25
	chrIII	178402	1	0.5	25
	chrIII	178411	1	0.5	25
	chrIII	178412	1	0.5	25
	chrIII	178419	1	0.5	25
	chrIII	178420	1	0.5	25
	chrIII	178422	1	1.0	25
	chrIII	178425	1	0.5	25
	chrIII	178430	1	0.5	25
	chrIII	178432	1	0.5	25
	chrIII	178446	0	0.5	25
	chrIII	178467	0	0.5	25
	chrIII	178473	0	0.5	25
	chrIII	178502	0	1.0	25
	chrIII	178508	1	0.5	25
	chrIII	178529	0	0.5	25
	chrIII	178529	1	0.5	25
	chrIII	178531	1	0.5	25
	chrIII	178538	1	0.5	25
	chrIII	178550	1	0.5	25
	chrIII	178556	1	1.0	25
	chrIII	178584	1	0.5	25
	chrIII	178610	0	1.0	25
	chrIII	178611	0	0.5	25
	chrIII	178641	0	0.5	25
	chrIII	178651	1	0.5	25
	chrIII	178654	0	0.5	25
	chrIII	178694	1	1.0	25
	chrIII	178707	0	1.0	25
	chrIII	178709	1	1.0	25
	chrIII	178741	0	0.5	25
	chrIII	178769	0	0.5	25
	chrIII	178798	0	0.5	25
	chrIII	178799	1	1.0	25
	chrIII	178809	0	1.5	25
	chrIII	178816	0	0.5	25
	chrIII	178831	0	0.5	25
	chrIII	178845	1	0.5	25
	chrIII	178850	0	0.5	25
	chrIII	178851	0	1.0	25
	chrIII	178855	0	0.5	25
	chrIII	178871	0	2.0	25
	chrIII	178871	1	0.5	25
	chrIII	178873	0	0.5	25
	chrIII	178875	1	0.5	25
	chrIII	178878	0	0.5	25
	chrIII	178885	0	0.5	25
	chrIII	178897	0	0.5	25
	chrIII	178897	1	1.0	25
	chrIII	178898	0	0.5	25
	chrIII	178899	0	0.5	25
	chrIII	178899	1	1.0	25
	chrIII	178911	0	0.5	25
	chrIII	178917	1	0.5	25
	chrIII	178921	1	0.5	25
	chrIII	178927	1	0.5	25
	chrIII	178928	0	0.5	25
	chrIII	178931	1	0.5	25
	chrIII	178932	1	0.5	25
	chrIII	178937	1	0.5	25
	chrIII	178943	0	1.0	25
	chrIII	178944	0	1.0	25
	chrIII	178953	0	0.5	25
	chrIII	178956	1	1.5	25
	chrIII	178963	1	0.5	25
	chrIII	178966	0	0.5	25
	chrIII	178966	1	0.5	25
	chrIII	178971	1	0.5	25
	chrIII	178976	1	0.5	24
	chrIII	178976	1	0.5	25
	chrIII	178977	0	0.5	25
	chrIII	178977	1	1.0	25
	chrIII	178986	0	0.5	25
	chrIII	178989	0	0.5	25
	chrIII	178990	0	0.5	25
	chrIII	179006	1	0.5	25
	chrIII	179010	1	1.5	25
	chrIII	179026	1	0.5	25
	chrIII	179034	1	0.5	25
	chrIII	179035	1	0.5	25
	chrIII	179038	1	0.5	25
	chrIII	179041	1	1.0	25
	chrIII	179054	0	0.5	25
	chrIII	179062	0	0.5	25
	chrIII	179070	0	0.5	25
	chrIII	179081	0	0.5	25
	chrIII	179100	1	0.5	25
	chrIII	179119	1	0.5	25
	chrIII	179131	1	0.5	25
	chrIII	179153	0	0.5	25
	chrIII	179167	1	0.5	25
	chrIII	179169	0	0.5	25
	chrIII	179171	0	0.5	25
	chrIII	179186	0	0.5	25
	chrIII	179200	0	0.5	25
	chrIII	179201	0	0.5	25
	chrIII	179233	1	0.5	25
	chrIII	179236	0	1.0	25
	chrIII	179237	1	0.5	25
	chrIII	179243	0	0.5	25
	chrIII	179243	1	0.5	25
	chrIII	179254	0	0.5	25
	chrIII	179260	0	1.5	25
	chrIII	179262	0	0.5	25
	chrIII	179263	0	1.0	25
	chrIII	179264	0	0.5	25
	chrIII	179267	0	0.5	25
	chrIII	179267	1	0.5	25
	chrIII	179268	0	2.5	25
	chrIII	179271	0	0.5	25
	chrIII	179284	0	0.5	25
	chrIII	179285	0	0.5	25
	chrIII	179292	0	1.5	25
	chrIII	179299	0	0.5	25
	chrIII	179300	0	0.5	25
	chrIII	179301	0	0.5	25
	chrIII	179311	1	0.5	25
	chrIII	179319	1	0.5	25
	chrIII	179324	1	0.5	25
	chrIII	179332	1	1.0	25
	chrIII	179335	1	1.0	25
	chrIII	179340	1	1.0	25
	chrIII	179341	1	2.5	25
	chrIII	179342	1	3.5	25
	chrIII	179349	0	0.5	25
	chrIII	179349	1	0.5	25
	chrIII	179355	1	2.0	25
	chrIII	179356	0	0.5	25
	chrIII	179371	1	0.5	25
	chrIII	179381	1	0.5	25
	chrIII	179382	1	0.5	25
	chrIII	179432	0	1.0	25
	chrIII	179444	1	0.5	25
	chrIII	179447	0	0.5	25
	chrIII	179468	0	0.5	25
	chrIII	179499	0	0.5	25
	chrIII	179510	1	0.5	25
	chrIII	179513	1	0.5	25
	chrIII	179525	1	1.0	25
	chrIII	179531	1	0.5	25
	chrIII	179535	0	0.5	25
	chrIII	179539	0	0.5	25
	chrIII	179541	0	0.5	25
	chrIII	179587	1	0.5	25
	chrIII	179615	1	0.5	25
	chrIII	179620	1	0.5	25
	chrIII	179640	0	0.5	25
	chrIII	179653	0	0.5	25
	chrIII	179670	0	0.5	25
	chrIII	179699	0	0.5	25
	chrIII	179702	1	0.5	25
	chrIII	179717	1	0.5	25
	chrIII	179724	1	0.5	25
	chrIII	179726	0	0.5	25
	chrIII	179728	0	0.5	25
	chrIII	179731	1	0.5	25
	chrIII	179735	0	0.5	25
	chrIII	179793	1	0.5	25
	chrIII	179794	1	0.5	25
	chrIII	179800	1	0.5	25
	chrIII	179824	0	0.5	25
	chrIII	179841	1	0.5	25
	chrIII	179854	0	0.5	25
	chrIII	179891	0	0.5	25
	chrIII	179905	0	0.5	23
	chrIII	179966	1	0.5	25
	chrIII	180001	1	0.5	25
	chrIII	180003	0	0.5	25
	chrIII	180006	0	0.5	25
	chrIII	180034	1	0.5	25
	chrIII	180035	0	0.5	25
	chrIII	180037	0	0.5	25
	chrIII	180037	1	0.5	25
	chrIII	180050	0	0.5	25
	chrIII	180072	1	0.5	25
	chrIII	180089	1	0.5	25
	chrIII	180095	1	0.5	25
	chrIII	180098	1	0.5	25
	chrIII	180104	1	0.5	25
	chrIII	180105	0	0.5	25
	chrIII	180124	0	0.5	25
	chrIII	180153	0	0.5	25
	chrIII	180153	1	0.5	25
	chrIII	180164	0	0.5	25
	chrIII	180198	1	0.5	25
	chrIII	180201	0	0.5	25
	chrIII	180226	0	1.0	25
	chrIII	180256	1	0.5	25
	chrIII	180257	0	1.0	25
	chrIII	180258	1	0.5	25
	chrIII	180260	0	0.5	25
	chrIII	180264	0	0.5	25
	chrIII	180272	1	0.5	25
	chrIII	180289	0	1.5	25
	chrIII	180297	1	1.0	25
	chrIII	180300	0	1.0	25
	chrIII	180313	1	0.5	25
	chrIII	180317	1	0.5	25
	chrIII	180320	1	0.5	25
	chrIII	180322	0	0.5	25
	chrIII	180324	0	0.5	25
	chrIII	180331	1	0.5	25
	chrIII	180342	0	0.5	25
	chrIII	180366	0	0.5	25
	chrIII	180367	1	0.5	25
	chrIII	180407	1	0.5	25
	chrIII	180431	1	1.0	25
	chrIII	180433	1	0.5	25
	chrIII	180438	1	0.5	25
	chrIII	180447	0	0.5	25
	chrIII	180455	0	0.5	25
	chrIII	180482	1	0.5	25
	chrIII	180494	1	1.0	25
	chrIII	180496	1	0.5	25
	chrIII	180497	0	0.5	25
	chrIII	180533	1	0.5	25
	chrIII	180551	1	0.5	25
	chrIII	180562	0	0.5	25
	chrIII	180609	0	0.5	25
	chrIII	180610	0	0.5	25
	chrIII	180630	0	1.0	25
	chrIII	180631	1	0.5	25
	chrIII	180649	0	0.5	25
	chrIII	180664	1	0.5	25
	chrIII	180666	0	0.5	25
	chrIII	180666	1	0.5	25
	chrIII	180694	0	0.5	25
	chrIII	180704	0	0.5	25
	chrIII	180706	0	1.0	25
	chrIII	180716	1	0.5	25
	chrIII	180727	1	0.5	25
	chrIII	180733	0	0.5	25
	chrIII	180739	0	0.5	25
	chrIII	180741	1	0.5	25
	chrIII	180746	0	0.5	25
	chrIII	180773	1	0.5	25
	chrIII	180786	0	1.0	25
	chrIII	180797	1	0.5	25
	chrIII	180804	0	0.5	25
	chrIII	180807	1	0.5	25
	chrIII	180811	1	1.0	25
	chrIII	180822	1	0.5	25
	chrIII	180850	1	1.0	25
	chrIII	180863	1	0.5	25
	chrIII	180873	0	0.5	25
	chrIII	180896	1	1.0	25
	chrIII	180897	0	0.5	25
	chrIII	180903	0	1.0	25
	chrIII	180929	0	0.5	25
	chrIII	180976	0	0.5	25
	chrIII	180984	0	0.5	25
	chrIII	180985	1	0.5	25
	chrIII	180986	0	1.0	25
	chrIII	180994	0	0.5	25
	chrIII	181006	1	0.5	25
	chrIII	181011	1	0.5	25
	chrIII	181025	1	1.0	25
	chrIII	181038	1	0.5	25
	chrIII	181050	0	0.5	25
	chrIII	181078	1	1.0	25
	chrIII	181086	1	0.5	25
	chrIII	181129	1	0.5	25
	chrIII	181131	0	0.5	25
	chrIII	181133	0	0.5	25
	chrIII	181168	0	0.5	25
	chrIII	181170	0	0.5	25
	chrIII	181187	0	2.0	25
	chrIII	181193	0	0.5	25
	chrIII	181198	1	0.5	25
	chrIII	181208	1	0.5	25
	chrIII	181219	0	0.5	25
	chrIII	181226	1	0.5	25
	chrIII	181252	0	0.5	25
	chrIII	181255	0	0.5	25
	chrIII	181268	1	0.5	25
	chrIII	181274	0	1.0	25
	chrIII	181287	1	0.5	25
	chrIII	181293	1	0.5	25
	chrIII	181302	0	0.5	25
	chrIII	181305	1	0.5	25
	chrIII	181310	0	0.5	25
	chrIII	181328	1	0.5	25
	chrIII	181330	0	0.5	25
	chrIII	181345	1	1.0	25
	chrIII	181349	1	2.0	25
	chrIII	181370	1	0.5	25
	chrIII	181378	1	0.5	25
	chrIII	181379	0	1.0	25
	chrIII	181380	0	0.5	25
	chrIII	181390	1	0.5	25
	chrIII	181401	1	0.5	25
	chrIII	181420	0	0.5	25
	chrIII	181444	0	1.0	25
	chrIII	181454	1	1.0	25
	chrIII	181468	1	0.5	25
	chrIII	181484	0	0.5	25
	chrIII	181492	0	0.5	25
	chrIII	181500	0	0.5	25
	chrIII	181506	0	1.0	25
	chrIII	181524	0	0.5	25
	chrIII	181536	1	1.0	25
	chrIII	181540	1	0.5	25
	chrIII	181543	1	0.5	25
	chrIII	181552	0	0.5	25
	chrIII	181571	0	0.5	25
	chrIII	181574	1	0.5	25
	chrIII	181575	0	0.5	25
	chrIII	181575	1	1.0	25
	chrIII	181593	1	0.5	25
	chrIII	181606	0	0.5	25
	chrIII	181614	0	0.5	25
	chrIII	181624	1	0.5	25
	chrIII	181625	1	0.5	25
	chrIII	181634	0	0.5	25
	chrIII	181660	0	0.5	25
	chrIII	181662	0	0.5	25
	chrIII	181667	1	0.5	25
	chrIII	181670	0	0.5	25
	chrIII	181681	0	0.5	25
	chrIII	181694	0	0.5	25
	chrIII	181703	1	0.5	25
	chrIII	181711	1	0.5	25
	chrIII	181715	1	0.5	25
	chrIII	181716	0	0.5	25
	chrIII	181716	1	0.5	25
	chrIII	181730	1	0.5	25
	chrIII	181733	1	0.5	25
	chrIII	181734	0	0.5	25
	chrIII	181745	1	0.5	25
	chrIII	181750	0	0.5	25
	chrIII	181763	1	0.5	25
	chrIII	181782	1	0.5	25
	chrIII	181805	0	0.5	25
	chrIII	181812	1	0.5	25
	chrIII	181817	0	0.5	25
	chrIII	181817	1	0.5	25
	chrIII	181828	0	0.5	25
	chrIII	181840	0	0.5	25
	chrIII	181841	0	0.5	25
	chrIII	181872	0	1.0	25
	chrIII	181885	0	0.5	25
	chrIII	181890	0	1.5	25
	chrIII	181892	0	0.5	25
	chrIII	181900	0	0.5	25
	chrIII	181910	1	0.5	25
	chrIII	181921	0	0.5	25
	chrIII	181927	0	0.5	25
	chrIII	181940	0	0.5	25
	chrIII	181942	0	0.5	25
	chrIII	181942	1	1.0	25
	chrIII	181957	0	0.5	25
	chrIII	181965	1	1.0	25
	chrIII	181966	1	0.5	25
	chrIII	181973	1	0.5	25
	chrIII	181981	1	0.5	25
	chrIII	181984	1	0.5	25
	chrIII	182000	1	0.5	25
	chrIII	182005	1	0.5	25
	chrIII	182006	0	0.5	25
	chrIII	182009	1	0.5	25
	chrIII	182019	1	0.5	25
	chrIII	182023	1	0.5	25
	chrIII	182067	0	0.5	25
	chrIII	182069	1	0.5	25
	chrIII	182075	1	0.5	25
	chrIII	182102	1	0.5	25
	chrIII	182108	0	1.0	25
	chrIII	182117	1	0.5	25
	chrIII	182120	0	0.5	25
	chrIII	182124	0	0.5	25
	chrIII	182136	1	0.5	25
	chrIII	182140	0	0.5	25
	chrIII	182142	1	0.5	25
	chrIII	182156	0	0.5	25
	chrIII	182162	1	0.5	25
	chrIII	182167	1	1.0	25
	chrIII	182179	0	0.5	25
	chrIII	182184	0	0.5	25
	chrIII	182188	0	0.5	25
	chrIII	182198	0	0.5	25
	chrIII	182199	0	0.5	25
	chrIII	182204	0	0.5	25
	chrIII	182206	0	0.5	25
	chrIII	182209	0	0.5	25
	chrIII	182214	0	0.5	25
	chrIII	182220	1	0.5	25
	chrIII	182228	1	0.5	25
	chrIII	182243	1	0.5	25
	chrIII	182246	0	1.0	25
	chrIII	182249	0	0.5	25
	chrIII	182255	1	0.5	25
	chrIII	182259	0	0.5	25
	chrIII	182266	1	0.5	25
	chrIII	182270	1	0.5	25
	chrIII	182275	1	0.5	25
	chrIII	182277	0	0.5	25
	chrIII	182277	1	0.5	25
	chrIII	182280	1	0.5	25
	chrIII	182285	1	0.5	25
	chrIII	182286	1	0.5	25
	chrIII	182291	0	0.5	25
	chrIII	182301	1	0.5	25
	chrIII	182304	0	0.5	25
	chrIII	182313	1	1.0	25
	chrIII	182325	1	0.5	25
	chrIII	182327	1	0.5	25
	chrIII	182331	0	1.0	25
	chrIII	182335	0	0.5	25
	chrIII	182359	1	0.5	25
	chrIII	182362	0	0.5	25
	chrIII	182364	1	0.5	25
	chrIII	182371	0	0.5	25
	chrIII	182374	1	0.5	25
	chrIII	182392	1	0.5	25
	chrIII	182395	1	0.5	25
	chrIII	182399	1	0.5	25
	chrIII	182406	0	1.0	25
	chrIII	182409	1	0.5	25
	chrIII	182421	0	0.5	25
	chrIII	182428	1	0.5	25
	chrIII	182436	0	0.5	25
	chrIII	182446	0	0.5	25
	chrIII	182447	0	0.5	25
	chrIII	182474	0	0.5	25
	chrIII	182508	1	0.5	25
	chrIII	182511	1	0.5	25
	chrIII	182519	1	0.5	25
	chrIII	182533	0	0.5	25
	chrIII	182537	1	0.5	25
	chrIII	182557	0	1.0	25
	chrIII	182565	0	0.5	25
	chrIII	182566	0	1.0	25
	chrIII	182568	1	0.5	25
	chrIII	182577	0	0.5	25
	chrIII	182589	0	0.5	25
	chrIII	182597	1	0.5	25
	chrIII	182598	1	0.5	25
	chrIII	182604	0	0.5	25
	chrIII	182609	1	0.5	25
	chrIII	182618	0	0.5	25
	chrIII	182628	1	0.5	25
	chrIII	182633	1	1.0	25
	chrIII	182634	0	0.5	25
	chrIII	182668	1	1.5	25
	chrIII	182677	1	0.5	25
	chrIII	182679	1	0.5	25
	chrIII	182681	0	1.0	25
	chrIII	182682	0	0.5	25
	chrIII	182766	1	1.0	25
	chrIII	182776	1	0.5	25
	chrIII	182788	1	0.5	25
	chrIII	182794	0	0.5	25
	chrIII	182801	0	0.5	25
	chrIII	182804	1	0.5	25
	chrIII	182809	0	0.5	25
	chrIII	182815	0	0.5	25
	chrIII	182847	0	0.5	25
	chrIII	182849	1	0.5	25
	chrIII	182864	1	0.5	25
	chrIII	182867	0	0.5	25
	chrIII	182868	1	0.5	25
	chrIII	182870	1	0.5	25
	chrIII	182872	0	0.5	25
	chrIII	182897	0	0.5	25
	chrIII	182911	0	0.5	25
	chrIII	182926	0	0.5	25
	chrIII	182926	1	0.5	25
	chrIII	182959	1	0.5	25
	chrIII	182962	1	0.5	25
	chrIII	182978	1	0.5	25
	chrIII	182980	0	0.5	25
	chrIII	182991	0	0.5	25
	chrIII	182996	0	1.0	25
	chrIII	183006	1	0.5	25
	chrIII	183032	0	0.5	25
	chrIII	183032	1	0.5	25
	chrIII	183037	0	0.5	25
	chrIII	183055	0	0.5	25
	chrIII	183104	1	0.5	25
	chrIII	183107	0	0.5	25
	chrIII	183111	1	1.0	25
	chrIII	183121	1	0.5	25
	chrIII	183126	1	0.5	25
	chrIII	183153	1	0.5	25
	chrIII	183166	1	0.5	25
	chrIII	183172	1	1.0	25
	chrIII	183178	0	0.5	25
	chrIII	183206	0	0.5	25
	chrIII	183231	1	0.5	25
	chrIII	183241	0	0.5	25
	chrIII	183254	0	0.5	25
	chrIII	183258	0	1.0	25
	chrIII	183283	1	0.5	25
	chrIII	183300	0	0.5	25
	chrIII	183303	1	0.5	25
	chrIII	183310	1	1.0	25
	chrIII	183342	1	0.5	25
	chrIII	183343	0	0.5	25
	chrIII	183378	1	0.5	25
	chrIII	183402	0	0.5	25
	chrIII	183410	0	0.5	25
	chrIII	183417	1	0.5	25
	chrIII	183432	0	0.5	25
	chrIII	183454	0	0.5	25
	chrIII	183476	1	0.5	25
	chrIII	183488	1	0.5	25
	chrIII	183493	1	0.5	25
	chrIII	183503	1	0.5	25
	chrIII	183509	0	0.5	25
	chrIII	183539	0	0.5	25
	chrIII	183548	0	0.5	25
	chrIII	183551	0	0.5	25
	chrIII	183556	0	0.5	25
	chrIII	183577	1	0.5	25
	chrIII	183600	0	0.5	25
	chrIII	183610	0	0.5	25
	chrIII	183618	1	0.5	25
	chrIII	183623	0	1.0	25
	chrIII	183624	1	0.5	25
	chrIII	183638	0	0.5	25
	chrIII	183639	1	0.5	25
	chrIII	183657	0	0.5	25
	chrIII	183671	1	0.5	25
	chrIII	183680	1	0.5	25
	chrIII	183699	0	0.5	25
	chrIII	183708	1	1.0	25
	chrIII	183732	1	0.5	25
	chrIII	183741	0	0.5	25
	chrIII	183746	0	0.5	25
	chrIII	183761	0	0.5	25
	chrIII	183784	1	0.5	25
	chrIII	183787	1	0.5	25
	chrIII	183797	1	0.5	25
	chrIII	183800	0	0.5	25
	chrIII	183811	1	0.5	25
	chrIII	183812	0	1.0	25
	chrIII	183815	0	0.5	25
	chrIII	183839	0	0.5	25
	chrIII	183843	0	0.5	25
	chrIII	183852	0	0.5	25
	chrIII	183859	1	0.5	25
	chrIII	183865	1	0.5	25
	chrIII	183878	0	0.5	25
	chrIII	183884	1	0.5	25
	chrIII	183893	1	0.5	25
	chrIII	183899	0	0.5	25
	chrIII	183901	1	1.0	25
	chrIII	183903	0	0.5	25
	chrIII	183906	0	0.5	25
	chrIII	183909	1	0.5	25
	chrIII	183930	0	0.5	25
	chrIII	183932	0	0.5	25
	chrIII	183937	1	0.5	25
	chrIII	183947	0	0.5	25
	chrIII	183964	1	0.5	25
	chrIII	183966	1	0.5	25
	chrIII	183968	1	0.5	25
	chrIII	184006	1	0.5	25
	chrIII	184007	1	0.5	25
	chrIII	184011	1	0.5	25
	chrIII	184016	1	0.5	25
	chrIII	184102	0	0.5	25
	chrIII	184106	1	0.5	25
	chrIII	184112	0	1.0	25
	chrIII	184113	0	0.5	25
	chrIII	184117	0	0.5	25
	chrIII	184118	0	0.5	25
	chrIII	184139	0	0.5	25
	chrIII	184144	1	0.5	25
	chrIII	184167	0	0.5	25
	chrIII	184168	1	1.5	25
	chrIII	184170	0	0.5	25
	chrIII	184181	0	0.5	25
	chrIII	184181	1	0.5	25
	chrIII	184207	0	1.0	25
	chrIII	184209	0	0.5	25
	chrIII	184214	0	0.5	25
	chrIII	184214	1	0.5	25
	chrIII	184238	0	0.5	25
	chrIII	184244	1	1.0	25
	chrIII	184248	0	0.5	25
	chrIII	184249	1	1.0	25
	chrIII	184268	1	0.5	25
	chrIII	184302	1	1.0	25
	chrIII	184304	0	0.5	25
	chrIII	184304	1	0.5	25
	chrIII	184312	0	0.5	25
	chrIII	184320	1	0.5	25
	chrIII	184341	0	0.5	25
	chrIII	184344	1	0.5	25
	chrIII	184360	1	0.5	25
	chrIII	184382	1	0.5	25
	chrIII	184391	0	1.0	25
	chrIII	184393	0	0.5	25
	chrIII	184397	0	0.5	25
	chrIII	184417	0	0.5	25
	chrIII	184431	1	0.5	25
	chrIII	184432	1	0.5	25
	chrIII	184460	0	0.5	25
	chrIII	184465	0	0.5	25
	chrIII	184487	1	1.0	25
	chrIII	184491	0	0.5	25
	chrIII	184499	1	0.5	25
	chrIII	184510	0	0.5	25
	chrIII	184546	0	0.5	25
	chrIII	184549	1	0.5	25
	chrIII	184579	1	0.5	25
	chrIII	184585	0	0.5	25
	chrIII	184617	1	0.5	25
	chrIII	184626	0	0.5	25
	chrIII	184628	0	0.5	25
	chrIII	184637	1	0.5	25
	chrIII	184648	1	0.5	25
	chrIII	184653	1	0.5	25
	chrIII	184671	1	0.5	25
	chrIII	184676	0	0.5	25
	chrIII	184682	1	0.5	25
	chrIII	184688	0	0.5	25
	chrIII	184692	0	0.5	25
	chrIII	184706	0	0.5	25
	chrIII	184715	1	0.5	25
	chrIII	184716	0	0.5	25
	chrIII	184741	1	0.5	25
	chrIII	184771	1	0.5	25
	chrIII	184777	1	0.5	25
	chrIII	184783	0	0.5	25
	chrIII	184787	0	0.5	25
	chrIII	184795	0	0.5	25
	chrIII	184812	1	0.5	25
	chrIII	184813	0	0.5	25
	chrIII	184844	1	0.5	25
	chrIII	184850	1	0.5	25
	chrIII	184860	1	0.5	25
	chrIII	184885	0	1.0	25
	chrIII	184890	0	0.5	25
	chrIII	184892	1	0.5	25
	chrIII	184893	1	0.5	25
	chrIII	184928	0	0.5	25
	chrIII	184937	0	0.5	25
	chrIII	184938	0	0.5	25
	chrIII	184941	0	0.5	25
	chrIII	184952	1	0.5	25
	chrIII	184953	1	1.0	25
	chrIII	184978	1	0.5	25
	chrIII	184992	0	0.5	25
	chrIII	184994	1	0.5	25
	chrIII	185020	0	0.5	25
	chrIII	185026	1	0.5	25
	chrIII	185032	1	0.5	25
	chrIII	185044	1	0.5	25
	chrIII	185097	0	0.5	25
	chrIII	185099	1	0.5	25
	chrIII	185101	0	0.5	25
	chrIII	185130	0	0.5	25
	chrIII	185169	1	0.5	25
	chrIII	185182	0	1.5	25
	chrIII	185185	0	1.0	25
	chrIII	185189	1	0.5	25
	chrIII	185231	0	0.5	25
	chrIII	185236	1	0.5	25
	chrIII	185247	0	0.5	25
	chrIII	185270	1	0.5	25
	chrIII	185281	1	2.0	25
	chrIII	185296	0	0.5	25
	chrIII	185298	0	0.5	25
	chrIII	185313	1	0.5	25
	chrIII	185315	0	0.5	25
	chrIII	185332	0	0.5	25
	chrIII	185340	1	0.5	25
	chrIII	185374	1	0.5	25
	chrIII	185379	1	0.5	25
	chrIII	185393	1	0.5	25
	chrIII	185399	1	0.5	25
	chrIII	185418	0	0.5	25
	chrIII	185423	0	0.5	25
	chrIII	185440	0	1.0	25
	chrIII	185444	0	0.5	25
	chrIII	185458	0	0.5	25
	chrIII	185484	0	0.5	25
	chrIII	185486	1	0.5	25
	chrIII	185492	1	0.5	25
	chrIII	185503	1	1.0	25
	chrIII	185521	0	0.5	25
	chrIII	185532	1	0.5	25
	chrIII	185539	1	0.5	25
	chrIII	185558	0	0.5	25
	chrIII	185568	0	0.5	25
	chrIII	185582	0	0.5	25
	chrIII	185582	1	0.5	25
	chrIII	185616	1	0.5	25
	chrIII	185621	1	0.5	25
	chrIII	185640	0	0.5	25
	chrIII	185650	0	0.5	25
	chrIII	185669	1	0.5	25
	chrIII	185686	0	0.5	25
	chrIII	185712	1	0.5	25
	chrIII	185713	0	0.5	25
	chrIII	185732	0	0.5	25
	chrIII	185732	1	0.5	25
	chrIII	185746	1	0.5	25
	chrIII	185749	0	0.5	25
	chrIII	185761	1	0.5	25
	chrIII	185778	0	0.5	25
	chrIII	185779	1	0.5	25
	chrIII	185789	0	0.5	25
	chrIII	185810	1	0.5	25
	chrIII	185811	0	1.0	25
	chrIII	185813	0	0.5	25
	chrIII	185831	1	0.5	25
	chrIII	185843	1	0.5	25
	chrIII	185844	0	0.5	25
	chrIII	185851	0	0.5	25
	chrIII	185864	0	0.5	25
	chrIII	185887	0	0.5	25
	chrIII	185892	1	1.5	25
	chrIII	185899	0	0.5	25
	chrIII	185900	0	0.5	25
	chrIII	185903	0	0.5	25
	chrIII	185904	0	0.5	25
	chrIII	185909	0	1.0	25
	chrIII	185920	1	0.5	25
	chrIII	185931	0	0.5	25
	chrIII	185932	0	0.5	25
	chrIII	185939	0	0.5	25
	chrIII	185941	1	0.5	25
	chrIII	185961	0	1.0	25
	chrIII	185982	1	1.0	25
	chrIII	185990	1	0.5	25
	chrIII	186019	0	0.5	25
	chrIII	186030	1	1.0	25
	chrIII	186036	0	0.5	25
	chrIII	186042	1	1.0	25
	chrIII	186046	0	1.0	25
	chrIII	186067	1	0.5	25
	chrIII	186069	1	0.5	25
	chrIII	186070	1	0.5	25
	chrIII	186072	0	1.0	25
	chrIII	186074	0	1.5	25
	chrIII	186075	0	0.5	25
	chrIII	186076	0	0.5	25
	chrIII	186078	0	0.5	25
	chrIII	186078	1	0.5	25
	chrIII	186079	0	0.5	25
	chrIII	186079	1	0.5	25
	chrIII	186085	0	0.5	25
	chrIII	186087	0	0.5	25
	chrIII	186088	0	0.5	25
	chrIII	186090	0	0.5	25
	chrIII	186091	1	0.5	25
	chrIII	186100	0	0.5	25
	chrIII	186106	0	0.5	25
	chrIII	186107	0	0.5	25
	chrIII	186108	1	1.5	25
	chrIII	186109	0	5.0	25
	chrIII	186114	0	1.0	25
	chrIII	186114	1	0.5	25
	chrIII	186115	0	0.5	25
	chrIII	186117	0	1.0	25
	chrIII	186117	1	0.5	25
	chrIII	186118	0	2.0	25
	chrIII	186124	0	0.5	25
	chrIII	186125	0	1.0	25
	chrIII	186132	1	0.5	25
	chrIII	186134	0	1.5	25
	chrIII	186135	0	0.5	25
	chrIII	186136	0	0.5	25
	chrIII	186136	1	0.5	25
	chrIII	186141	0	1.0	25
	chrIII	186152	1	0.5	25
	chrIII	186160	1	0.5	25
	chrIII	186164	1	3.5	25
	chrIII	186165	0	2.0	25
	chrIII	186167	1	1.5	25
	chrIII	186168	0	0.5	25
	chrIII	186169	0	0.5	25
	chrIII	186170	0	0.5	25
	chrIII	186174	0	0.5	25
	chrIII	186174	1	0.5	25
	chrIII	186179	1	1.0	25
	chrIII	186180	0	0.5	25
	chrIII	186187	0	0.5	25
	chrIII	186187	1	7.0	25
	chrIII	186188	0	2.0	25
	chrIII	186188	1	1.5	25
	chrIII	186189	0	1.0	25
	chrIII	186190	0	0.5	25
	chrIII	186199	1	0.5	25
	chrIII	186202	0	0.5	25
	chrIII	186203	0	1.5	25
	chrIII	186206	1	0.5	25
	chrIII	186209	1	0.5	25
	chrIII	186213	0	0.5	25
	chrIII	186221	1	0.5	25
	chrIII	186222	1	0.5	25
	chrIII	186228	0	0.5	25
	chrIII	186228	1	1.5	25
	chrIII	186229	1	0.5	25
	chrIII	186230	0	0.5	25
	chrIII	186234	1	0.5	25
	chrIII	186236	1	0.5	25
	chrIII	186237	0	0.5	25
	chrIII	186237	1	1.0	25
	chrIII	186239	1	0.5	25
	chrIII	186241	1	1.0	25
	chrIII	186243	1	1.5	25
	chrIII	186244	1	3.0	25
	chrIII	186246	0	0.5	25
	chrIII	186247	0	0.5	25
	chrIII	186248	1	0.5	25
	chrIII	186250	1	0.5	25
	chrIII	186252	1	0.5	25
	chrIII	186253	0	0.5	25
	chrIII	186260	0	1.0	25
	chrIII	186264	0	0.5	25
	chrIII	186269	1	1.0	25
	chrIII	186273	1	0.5	25
	chrIII	186278	1	0.5	25
	chrIII	186297	1	0.5	25
	chrIII	186309	0	0.5	25
	chrIII	186309	1	0.5	25
	chrIII	186320	1	1.0	25
	chrIII	186322	1	0.5	25
	chrIII	186326	0	0.5	25
	chrIII	186334	1	1.0	25
	chrIII	186339	1	0.5	25
	chrIII	186352	1	0.5	25
	chrIII	186360	1	0.5	25
	chrIII	186383	1	0.5	25
	chrIII	186387	0	0.5	25
	chrIII	186447	1	0.5	25
	chrIII	186455	0	0.5	25
	chrIII	186455	1	0.5	25
	chrIII	186491	0	0.5	25
	chrIII	186503	1	0.5	25
	chrIII	186516	0	0.5	25
	chrIII	186536	1	0.5	25
	chrIII	186580	0	0.5	25
	chrIII	186611	1	0.5	25
	chrIII	186623	0	0.5	25
	chrIII	186633	0	1.0	25
	chrIII	186635	1	0.5	25
	chrIII	186638	0	0.5	25
	chrIII	186649	0	1.0	25
	chrIII	186651	0	0.5	25
	chrIII	186672	1	1.0	25
	chrIII	186677	0	0.5	25
	chrIII	186714	1	0.5	25
	chrIII	186715	0	0.5	25
	chrIII	186743	1	0.5	25
	chrIII	186758	0	1.0	25
	chrIII	186776	0	0.5	25
	chrIII	186778	1	0.5	25
	chrIII	186783	1	0.5	25
	chrIII	186791	0	0.5	25
	chrIII	186800	0	0.5	25
	chrIII	186804	1	0.5	25
	chrIII	186812	1	0.5	25
	chrIII	186816	1	0.5	25
	chrIII	186817	0	0.5	25
	chrIII	186833	1	0.5	25
	chrIII	186873	0	0.5	25
	chrIII	186886	0	0.5	25
	chrIII	186897	0	0.5	25
	chrIII	186918	1	1.0	25
	chrIII	186919	1	1.0	25
	chrIII	186942	1	0.5	25
	chrIII	186952	1	0.5	25
	chrIII	186957	0	0.5	25
	chrIII	187014	1	0.5	25
	chrIII	187017	1	0.5	25
	chrIII	187021	0	0.5	25
	chrIII	187058	1	0.5	25
	chrIII	187076	0	0.5	25
	chrIII	187083	0	1.0	25
	chrIII	187097	1	0.5	25
	chrIII	187098	0	0.5	25
	chrIII	187107	0	0.5	25
	chrIII	187122	0	0.5	25
	chrIII	187138	1	1.0	25
	chrIII	187153	0	0.5	25
	chrIII	187161	1	0.5	25
	chrIII	187162	0	0.5	25
	chrIII	187166	1	0.5	25
	chrIII	187177	0	0.5	25
	chrIII	187186	1	0.5	25
	chrIII	187187	1	0.5	25
	chrIII	187197	1	0.5	25
	chrIII	187215	1	0.5	25
	chrIII	187226	0	0.5	25
	chrIII	187238	1	0.5	25
	chrIII	187241	0	0.5	25
	chrIII	187286	1	1.0	25
	chrIII	187297	0	0.5	25
	chrIII	187301	0	0.5	25
	chrIII	187309	0	0.5	25
	chrIII	187355	0	0.5	25
	chrIII	187358	1	0.5	25
	chrIII	187368	1	0.5	25
	chrIII	187398	0	0.5	25
	chrIII	187411	0	0.5	25
	chrIII	187424	0	0.5	25
	chrIII	187427	0	0.5	25
	chrIII	187442	0	0.5	25
	chrIII	187475	1	0.5	25
	chrIII	187491	1	0.5	25
	chrIII	187500	1	0.5	25
	chrIII	187514	1	0.5	25
	chrIII	187515	0	0.5	25
	chrIII	187533	1	0.5	25
	chrIII	187535	1	0.5	25
	chrIII	187540	1	0.5	25
	chrIII	187552	0	0.5	25
	chrIII	187590	0	0.5	25
	chrIII	187604	1	0.5	25
	chrIII	187606	1	0.5	25
	chrIII	187664	0	1.0	25
	chrIII	187672	0	0.5	25
	chrIII	187672	1	0.5	25
	chrIII	187700	0	0.5	25
	chrIII	187728	0	1.0	25
	chrIII	187728	1	1.5	25
	chrIII	187734	0	0.5	25
	chrIII	187759	0	0.5	25
	chrIII	187764	1	0.5	25
	chrIII	187787	1	0.5	25
	chrIII	187802	0	0.5	25
	chrIII	187805	1	1.0	25
	chrIII	187814	0	0.5	25
	chrIII	187817	1	0.5	25
	chrIII	187821	0	0.5	25
	chrIII	187828	0	0.5	25
	chrIII	187883	0	0.5	25
	chrIII	187886	1	0.5	25
	chrIII	187887	1	0.5	25
	chrIII	187902	1	0.5	25
	chrIII	187919	0	0.5	25
	chrIII	187928	0	0.5	25
	chrIII	187938	0	0.5	25
	chrIII	187944	0	0.5	25
	chrIII	187953	1	0.5	25
	chrIII	187971	1	0.5	25
	chrIII	187978	0	1.0	25
	chrIII	187979	0	0.5	25
	chrIII	187983	1	0.5	25
	chrIII	188018	1	0.5	25
	chrIII	188032	1	0.5	25
	chrIII	188038	1	0.5	25
	chrIII	188048	1	1.0	25
	chrIII	188110	0	1.0	25
	chrIII	188110	1	0.5	25
	chrIII	188111	0	0.5	25
	chrIII	188129	0	0.5	25
	chrIII	188136	0	0.5	25
	chrIII	188160	0	0.5	25
	chrIII	188162	0	0.5	25
	chrIII	188165	1	0.5	25
	chrIII	188167	0	0.5	25
	chrIII	188170	1	1.0	25
	chrIII	188175	0	0.5	25
	chrIII	188214	1	0.5	25
	chrIII	188224	1	0.5	25
	chrIII	188226	1	0.5	25
	chrIII	188231	1	0.5	25
	chrIII	188252	1	0.5	25
	chrIII	188268	0	0.5	25
	chrIII	188284	0	0.5	25
	chrIII	188313	1	0.5	25
	chrIII	188324	1	0.5	25
	chrIII	188327	0	0.5	25
	chrIII	188339	0	0.5	25
	chrIII	188406	0	0.5	25
	chrIII	188415	1	0.5	25
	chrIII	188436	0	1.0	25
	chrIII	188442	1	0.5	25
	chrIII	188443	0	0.5	25
	chrIII	188445	1	0.5	25
	chrIII	188469	0	0.5	25
	chrIII	188477	1	0.5	25
	chrIII	188489	0	0.5	25
	chrIII	188508	1	0.5	25
	chrIII	188527	1	1.0	25
	chrIII	188535	0	0.5	25
	chrIII	188564	0	0.5	25
	chrIII	188619	1	0.5	25
	chrIII	188627	1	1.5	25
	chrIII	188643	0	0.5	25
	chrIII	188676	0	0.5	25
	chrIII	188712	1	0.5	25
	chrIII	188725	1	0.5	25
	chrIII	188775	0	0.5	25
	chrIII	188818	0	0.5	25
	chrIII	188848	0	1.0	25
	chrIII	188862	0	1.0	25
	chrIII	188892	0	0.5	25
	chrIII	188900	0	0.5	25
	chrIII	188903	0	0.5	25
	chrIII	188916	0	0.5	25
	chrIII	188923	0	0.5	25
	chrIII	188927	1	0.5	25
	chrIII	188938	1	1.0	25
	chrIII	188942	1	0.5	25
	chrIII	188947	1	0.5	25
	chrIII	188951	1	1.0	25
	chrIII	188955	1	0.5	25
	chrIII	188961	0	0.5	25
	chrIII	188970	1	0.5	25
	chrIII	188971	0	0.5	25
	chrIII	188976	0	0.5	25
	chrIII	188998	1	0.5	25
	chrIII	189023	0	0.5	25
	chrIII	189033	0	0.5	25
	chrIII	189037	1	0.5	25
	chrIII	189039	1	0.5	25
	chrIII	189045	0	0.5	25
	chrIII	189047	0	0.5	25
	chrIII	189055	1	0.5	25
	chrIII	189075	0	1.5	25
	chrIII	189079	0	0.5	25
	chrIII	189085	1	0.5	25
	chrIII	189089	0	0.5	25
	chrIII	189106	1	0.5	25
	chrIII	189110	0	1.0	25
	chrIII	189115	1	0.5	25
	chrIII	189125	0	0.5	25
	chrIII	189134	1	1.5	25
	chrIII	189155	0	0.5	25
	chrIII	189159	0	0.5	25
	chrIII	189169	1	0.5	25
	chrIII	189177	1	0.5	25
	chrIII	189181	1	0.5	25
	chrIII	189199	1	0.5	25
	chrIII	189215	1	0.5	25
	chrIII	189216	1	0.5	25
	chrIII	189217	1	0.5	25
	chrIII	189242	1	0.5	25
	chrIII	189245	1	0.5	25
	chrIII	189265	0	0.5	25
	chrIII	189266	0	0.5	25
	chrIII	189267	0	0.5	25
	chrIII	189285	0	0.5	25
	chrIII	189303	1	0.5	25
	chrIII	189313	1	0.5	25
	chrIII	189321	0	0.5	25
	chrIII	189343	1	0.5	25
	chrIII	189355	1	0.5	25
	chrIII	189385	1	0.5	25
	chrIII	189399	0	0.5	25
	chrIII	189414	0	0.5	25
	chrIII	189422	0	0.5	25
	chrIII	189451	0	0.5	25
	chrIII	189459	0	0.5	25
	chrIII	189461	0	0.5	25
	chrIII	189466	1	0.5	25
	chrIII	189479	1	0.5	25
	chrIII	189483	0	0.5	25
	chrIII	189484	0	0.5	25
	chrIII	189510	0	0.5	25
	chrIII	189513	1	0.5	25
	chrIII	189520	1	0.5	25
	chrIII	189527	1	0.5	25
	chrIII	189537	1	0.5	25
	chrIII	189546	1	0.5	25
	chrIII	189549	0	0.5	25
	chrIII	189551	1	0.5	25
	chrIII	189556	0	1.0	25
	chrIII	189584	1	0.5	25
	chrIII	189614	1	1.0	25
	chrIII	189637	0	0.5	25
	chrIII	189651	0	0.5	25
	chrIII	189708	0	0.5	25
	chrIII	189713	1	0.5	25
	chrIII	189723	1	0.5	25
	chrIII	189726	1	0.5	25
	chrIII	189729	0	0.5	25
	chrIII	189752	0	0.5	25
	chrIII	189785	1	0.5	25
	chrIII	189811	1	0.5	25
	chrIII	189833	0	1.0	25
	chrIII	189874	1	0.5	25
	chrIII	189885	0	0.5	25
	chrIII	189890	0	0.5	25
	chrIII	189896	1	1.0	25
	chrIII	189927	0	0.5	25
	chrIII	189929	0	0.5	25
	chrIII	189934	0	0.5	25
	chrIII	189989	1	0.5	25
	chrIII	189998	0	1.0	25
	chrIII	190014	1	0.5	25
	chrIII	190027	0	1.0	25
	chrIII	190052	1	0.5	25
	chrIII	190063	0	0.5	25
	chrIII	190069	0	0.5	25
	chrIII	190072	1	0.5	25
	chrIII	190078	0	1.0	25
	chrIII	190081	1	0.5	25
	chrIII	190094	1	0.5	25
	chrIII	190101	0	0.5	25
	chrIII	190135	1	0.5	25
	chrIII	190148	1	0.5	25
	chrIII	190149	1	0.5	25
	chrIII	190152	0	0.5	25
	chrIII	190167	1	0.5	25
	chrIII	190172	1	0.5	25
	chrIII	190179	0	0.5	25
	chrIII	190184	1	0.5	25
	chrIII	190189	1	0.5	25
	chrIII	190219	0	0.5	25
	chrIII	190252	1	0.5	25
	chrIII	190269	1	1.0	25
	chrIII	190299	0	0.5	25
	chrIII	190303	0	0.5	25
	chrIII	190306	0	0.5	25
	chrIII	190309	0	0.5	25
	chrIII	190320	0	0.5	25
	chrIII	190321	1	0.5	25
	chrIII	190328	0	0.5	25
	chrIII	190331	0	0.5	25
	chrIII	190345	0	0.5	25
	chrIII	190349	1	1.0	25
	chrIII	190351	0	1.0	25
	chrIII	190364	0	0.5	25
	chrIII	190376	1	0.5	25
	chrIII	190378	1	1.0	25
	chrIII	190384	0	0.5	25
	chrIII	190387	0	0.5	25
	chrIII	190390	1	0.5	25
	chrIII	190393	0	1.0	25
	chrIII	190396	0	1.0	25
	chrIII	190398	0	1.0	25
	chrIII	190409	1	0.5	25
	chrIII	190417	1	0.5	25
	chrIII	190421	0	1.0	25
	chrIII	190429	0	0.5	25
	chrIII	190430	1	0.5	25
	chrIII	190435	0	1.0	25
	chrIII	190439	0	0.5	25
	chrIII	190446	1	2.0	25
	chrIII	190448	0	0.5	25
	chrIII	190454	1	0.5	25
	chrIII	190456	0	0.5	25
	chrIII	190457	0	0.5	25
	chrIII	190457	1	0.5	25
	chrIII	190467	1	0.5	25
	chrIII	190470	1	1.0	25
	chrIII	190475	1	0.5	25
	chrIII	190476	0	1.0	25
	chrIII	190478	0	0.5	25
	chrIII	190478	1	0.5	25
	chrIII	190500	1	0.5	25
	chrIII	190509	1	0.5	25
	chrIII	190524	1	0.5	25
	chrIII	190528	1	2.5	25
	chrIII	190529	0	0.5	25
	chrIII	190530	1	1.0	25
	chrIII	190543	0	0.5	25
	chrIII	190577	0	0.5	25
	chrIII	190606	0	1.0	25
	chrIII	190607	0	0.5	25
	chrIII	190614	0	0.5	25
	chrIII	190624	0	0.5	25
	chrIII	190626	0	0.5	25
	chrIII	190646	1	0.5	25
	chrIII	190655	1	0.5	25
	chrIII	190657	1	1.5	25
	chrIII	190679	1	0.5	25
	chrIII	190683	1	0.5	25
	chrIII	190686	1	0.5	25
	chrIII	190707	1	0.5	25
	chrIII	190728	1	0.5	25
	chrIII	190740	0	0.5	25
	chrIII	190754	0	1.0	25
	chrIII	190768	0	1.5	25
	chrIII	190790	0	0.5	25
	chrIII	190793	0	0.5	25
	chrIII	190803	0	0.5	25
	chrIII	190803	1	0.5	25
	chrIII	190809	0	0.5	25
	chrIII	190833	1	1.5	25
	chrIII	190834	1	1.0	25
	chrIII	190847	1	0.5	25
	chrIII	190871	1	0.5	25
	chrIII	190881	0	1.5	25
	chrIII	190884	1	0.5	25
	chrIII	190897	0	0.5	25
	chrIII	190915	0	0.5	25
	chrIII	190947	1	0.5	25
	chrIII	190985	0	0.5	25
	chrIII	190987	0	0.5	25
	chrIII	190996	1	0.5	25
	chrIII	191008	0	0.5	25
	chrIII	191017	1	1.5	25
	chrIII	191022	1	0.5	25
	chrIII	191033	0	0.5	25
	chrIII	191054	0	0.5	25
	chrIII	191059	1	0.5	25
	chrIII	191076	0	0.5	25
	chrIII	191077	0	1.0	25
	chrIII	191087	1	0.5	25
	chrIII	191090	1	0.5	25
	chrIII	191112	0	0.5	25
	chrIII	191130	1	0.5	25
	chrIII	191150	1	1.0	25
	chrIII	191151	1	0.5	25
	chrIII	191160	0	0.5	25
	chrIII	191176	1	0.5	25
	chrIII	191192	0	0.5	25
	chrIII	191231	0	0.5	25
	chrIII	191237	0	0.5	25
	chrIII	191244	0	0.5	25
	chrIII	191267	1	0.5	25
	chrIII	191274	0	0.5	25
	chrIII	191275	0	0.5	25
	chrIII	191299	1	0.5	25
	chrIII	191325	1	0.5	25
	chrIII	191352	0	0.5	25
	chrIII	191361	1	0.5	25
	chrIII	191364	0	0.5	25
	chrIII	191367	1	0.5	25
	chrIII	191370	1	0.5	25
	chrIII	191392	0	0.5	25
	chrIII	191401	1	0.5	25
	chrIII	191436	1	0.5	25
	chrIII	191441	1	0.5	25
	chrIII	191459	1	0.5	25
	chrIII	191495	0	0.5	25
	chrIII	191497	0	0.5	25
	chrIII	191513	0	0.5	25
	chrIII	191514	0	0.5	25
	chrIII	191561	0	0.5	25
	chrIII	191562	1	0.5	25
	chrIII	191566	1	0.5	25
	chrIII	191567	1	0.5	25
	chrIII	191571	1	0.5	25
	chrIII	191610	0	0.5	25
	chrIII	191621	0	0.5	25
	chrIII	191658	0	0.5	25
	chrIII	191663	0	0.5	25
	chrIII	191663	1	0.5	25
	chrIII	191675	1	0.5	25
	chrIII	191676	0	0.5	25
	chrIII	191681	1	0.5	25
	chrIII	191691	0	0.5	25
	chrIII	191705	1	0.5	25
	chrIII	191706	0	0.5	25
	chrIII	191721	0	0.5	25
	chrIII	191735	0	1.0	25
	chrIII	191752	1	0.5	25
	chrIII	191753	1	0.5	25
	chrIII	191758	1	0.5	25
	chrIII	191763	1	0.5	25
	chrIII	191769	0	0.5	25
	chrIII	191782	0	0.5	25
	chrIII	191795	0	0.5	25
	chrIII	191814	0	0.5	25
	chrIII	191833	1	0.5	25
	chrIII	191835	1	0.5	25
	chrIII	191838	0	0.5	25
	chrIII	191838	1	0.5	25
	chrIII	191853	0	1.0	25
	chrIII	191869	1	0.5	25
	chrIII	191877	0	0.5	25
	chrIII	191881	1	0.5	25
	chrIII	191891	1	0.5	25
	chrIII	191895	1	0.5	25
	chrIII	191920	0	0.5	25
	chrIII	191934	1	0.5	25
	chrIII	191943	1	0.5	25
	chrIII	191984	0	0.5	25
	chrIII	191990	1	0.5	25
	chrIII	192020	0	0.5	25
	chrIII	192033	1	0.5	25
	chrIII	192056	0	0.5	25
	chrIII	192079	1	1.0	25
	chrIII	192096	1	0.5	25
	chrIII	192124	1	0.5	25
	chrIII	192129	0	0.5	25
	chrIII	192157	0	0.5	25
	chrIII	192183	0	0.5	25
	chrIII	192194	0	0.5	25
	chrIII	192195	0	0.5	25
	chrIII	192210	1	0.5	25
	chrIII	192215	1	1.0	25
	chrIII	192217	0	0.5	25
	chrIII	192231	1	0.5	25
	chrIII	192242	1	0.5	25
	chrIII	192261	1	0.5	25
	chrIII	192285	0	0.5	25
	chrIII	192292	0	0.5	25
	chrIII	192312	1	0.5	25
	chrIII	192317	0	0.5	25
	chrIII	192340	0	0.5	25
	chrIII	192357	1	0.5	25
	chrIII	192386	1	0.5	25
	chrIII	192388	0	1.0	25
	chrIII	192394	0	0.5	25
	chrIII	192430	1	0.5	25
	chrIII	192434	1	0.5	25
	chrIII	192440	1	0.5	25
	chrIII	192441	1	0.5	25
	chrIII	192444	0	0.5	25
	chrIII	192449	1	0.5	25
	chrIII	192453	0	0.5	25
	chrIII	192465	0	0.5	25
	chrIII	192505	0	0.5	25
	chrIII	192510	1	0.5	25
	chrIII	192521	0	0.5	25
	chrIII	192524	1	0.5	25
	chrIII	192530	1	0.5	25
	chrIII	192543	0	0.5	25
	chrIII	192552	1	0.5	25
	chrIII	192567	1	0.5	25
	chrIII	192599	0	0.5	25
	chrIII	192628	0	0.5	25
	chrIII	192651	0	1.0	25
	chrIII	192663	0	1.0	25
	chrIII	192676	0	0.5	25
	chrIII	192686	1	0.5	25
	chrIII	192704	1	1.0	25
	chrIII	192721	1	1.0	25
	chrIII	192728	1	0.5	25
	chrIII	192732	0	0.5	25
	chrIII	192734	0	0.5	25
	chrIII	192737	0	0.5	25
	chrIII	192746	1	0.5	25
	chrIII	192749	0	0.5	25
	chrIII	192756	0	0.5	25
	chrIII	192757	0	0.5	25
	chrIII	192787	0	0.5	25
	chrIII	192796	0	0.5	25
	chrIII	192804	1	0.5	25
	chrIII	192821	0	0.5	25
	chrIII	192823	0	0.5	25
	chrIII	192834	1	1.0	25
	chrIII	192835	1	0.5	25
	chrIII	192853	1	0.5	25
	chrIII	192858	0	0.5	25
	chrIII	192860	0	0.5	25
	chrIII	192860	1	0.5	25
	chrIII	192882	0	0.5	25
	chrIII	192882	1	0.5	25
	chrIII	192890	0	0.5	25
	chrIII	192908	1	1.0	25
	chrIII	192909	0	2.5	25
	chrIII	192914	0	0.5	25
	chrIII	192914	1	0.5	25
	chrIII	192929	0	1.5	25
	chrIII	192944	1	0.5	25
	chrIII	192964	0	0.5	25
	chrIII	192965	1	0.5	25
	chrIII	192969	1	1.0	25
	chrIII	192975	0	0.5	25
	chrIII	192980	0	0.5	25
	chrIII	192996	1	0.5	25
	chrIII	193021	1	0.5	25
	chrIII	193038	0	0.5	25
	chrIII	193041	0	0.5	25
	chrIII	193041	1	0.5	25
	chrIII	193044	1	0.5	25
	chrIII	193065	0	0.5	25
	chrIII	193068	1	0.5	25
	chrIII	193092	1	1.0	25
	chrIII	193093	0	0.5	25
	chrIII	193094	0	0.5	25
	chrIII	193098	1	0.5	25
	chrIII	193099	1	0.5	25
	chrIII	193100	0	1.5	25
	chrIII	193100	1	0.5	25
	chrIII	193101	0	0.5	25
	chrIII	193104	0	1.0	25
	chrIII	193121	1	0.5	25
	chrIII	193122	1	0.5	25
	chrIII	193124	0	0.5	25
	chrIII	193134	0	0.5	25
	chrIII	193134	1	1.0	25
	chrIII	193135	0	1.5	25
	chrIII	193135	1	0.5	25
	chrIII	193136	1	0.5	25
	chrIII	193152	0	0.5	25
	chrIII	193165	1	0.5	25
	chrIII	193166	1	0.5	25
	chrIII	193169	1	1.0	25
	chrIII	193184	1	0.5	25
	chrIII	193193	1	1.5	25
	chrIII	193198	1	0.5	25
	chrIII	193202	0	0.5	25
	chrIII	193215	1	0.5	25
	chrIII	193220	1	0.5	25
	chrIII	193224	1	0.5	25
	chrIII	193230	0	1.0	25
	chrIII	193235	1	0.5	25
	chrIII	193245	1	0.5	25
	chrIII	193248	1	0.5	25
	chrIII	193257	0	0.5	25
	chrIII	193269	0	1.0	25
	chrIII	193285	1	0.5	25
	chrIII	193310	1	0.5	25
	chrIII	193320	0	0.5	25
	chrIII	193351	0	0.5	25
	chrIII	193358	1	1.0	25
	chrIII	193394	0	0.5	25
	chrIII	193403	1	0.5	25
	chrIII	193412	0	0.5	25
	chrIII	193450	1	0.5	25
	chrIII	193460	0	0.5	25
	chrIII	193494	1	0.5	25
	chrIII	193500	1	0.5	25
	chrIII	193511	1	0.5	25
	chrIII	193520	0	0.5	25
	chrIII	193578	1	0.5	25
	chrIII	193605	0	0.5	25
	chrIII	193611	0	0.5	25
	chrIII	193640	1	0.5	25
	chrIII	193670	0	0.5	25
	chrIII	193671	0	0.5	25
	chrIII	193693	1	0.5	25
	chrIII	193720	1	0.5	25
	chrIII	193722	1	0.5	25
	chrIII	193763	1	0.5	25
	chrIII	193767	0	0.5	25
	chrIII	193778	0	0.5	25
	chrIII	193793	0	0.5	25
	chrIII	193836	1	0.5	25
	chrIII	193852	0	0.5	25
	chrIII	193854	0	0.5	25
	chrIII	193862	1	0.5	25
	chrIII	193871	0	0.5	25
	chrIII	193888	1	0.5	25
	chrIII	193920	1	0.5	25
	chrIII	193921	0	0.5	25
	chrIII	193927	1	0.5	25
	chrIII	193932	0	0.5	25
	chrIII	193934	0	0.5	25
	chrIII	193935	1	0.5	25
	chrIII	193987	1	0.5	25
	chrIII	193989	0	0.5	25
	chrIII	193993	1	0.5	25
	chrIII	194012	0	1.0	25
	chrIII	194016	1	0.5	25
	chrIII	194025	0	0.5	25
	chrIII	194028	0	0.5	25
	chrIII	194041	0	0.5	25
	chrIII	194077	1	0.5	25
	chrIII	194086	0	0.5	25
	chrIII	194092	1	0.5	25
	chrIII	194103	1	0.5	25
	chrIII	194105	1	1.0	25
	chrIII	194106	1	0.5	25
	chrIII	194110	0	0.5	25
	chrIII	194126	0	0.5	25
	chrIII	194132	0	0.5	25
	chrIII	194171	1	0.5	25
	chrIII	194187	0	0.5	25
	chrIII	194191	1	0.5	25
	chrIII	194196	1	0.5	25
	chrIII	194217	0	0.5	25
	chrIII	194217	1	0.5	25
	chrIII	194240	1	0.5	25
	chrIII	194247	0	1.0	25
	chrIII	194251	0	0.5	25
	chrIII	194272	0	0.5	25
	chrIII	194273	0	0.5	25
	chrIII	194274	0	0.5	25
	chrIII	194275	0	0.5	25
	chrIII	194276	0	0.5	25
	chrIII	194279	0	0.5	25
	chrIII	194280	0	0.5	25
	chrIII	194283	0	1.0	25
	chrIII	194285	0	0.5	25
	chrIII	194285	1	0.5	25
	chrIII	194289	0	0.5	25
	chrIII	194296	0	1.0	25
	chrIII	194297	0	1.0	25
	chrIII	194298	0	0.5	24
	chrIII	194302	0	0.5	25
	chrIII	194303	0	1.0	25
	chrIII	194305	1	0.5	25
	chrIII	194310	0	0.5	25
	chrIII	194320	1	1.0	25
	chrIII	194323	0	1.0	25
	chrIII	194330	0	0.5	25
	chrIII	194339	1	0.5	25
	chrIII	194340	1	0.5	25
	chrIII	194341	1	0.5	25
	chrIII	194343	0	0.5	25
	chrIII	194348	1	1.0	25
	chrIII	194349	1	0.5	25
	chrIII	194350	1	0.5	25
	chrIII	194352	1	2.5	25
	chrIII	194353	0	0.5	25
	chrIII	194354	1	1.5	25
	chrIII	194356	0	0.5	25
	chrIII	194356	1	1.0	25
	chrIII	194357	0	0.5	25
	chrIII	194361	0	0.5	25
	chrIII	194362	0	0.5	25
	chrIII	194373	1	0.5	25
	chrIII	194382	1	0.5	25
	chrIII	194384	1	0.5	25
	chrIII	194389	0	0.5	25
	chrIII	194391	1	0.5	25
	chrIII	194396	1	0.5	25
	chrIII	194398	1	0.5	25
	chrIII	194403	1	0.5	25
	chrIII	194413	1	0.5	25
	chrIII	194420	1	0.5	25
	chrIII	194437	1	0.5	25
	chrIII	194440	1	0.5	25
	chrIII	194442	1	0.5	25
	chrIII	194461	1	0.5	25
	chrIII	194518	0	0.5	25
	chrIII	194560	0	0.5	25
	chrIII	194561	0	0.5	25
	chrIII	194596	1	0.5	25
	chrIII	194598	0	0.5	25
	chrIII	194598	1	0.5	25
	chrIII	194602	1	0.5	25
	chrIII	194651	0	1.0	25
	chrIII	194655	0	0.5	25
	chrIII	194668	0	0.5	25
	chrIII	194675	0	0.5	25
	chrIII	194679	1	0.5	25
	chrIII	194716	0	0.5	25
	chrIII	194719	0	0.5	25
	chrIII	194733	1	0.5	25
	chrIII	194744	0	0.5	25
	chrIII	194757	0	0.5	25
	chrIII	194767	1	1.0	25
	chrIII	194772	1	0.5	25
	chrIII	194783	0	0.5	25
	chrIII	194798	1	0.5	25
	chrIII	194799	1	0.5	25
	chrIII	194810	0	0.5	25
	chrIII	194812	1	0.5	25
	chrIII	194827	0	0.5	25
	chrIII	194829	0	0.5	25
	chrIII	194849	1	0.5	25
	chrIII	194853	0	0.5	25
	chrIII	194866	0	0.5	25
	chrIII	194869	1	0.5	25
	chrIII	194875	1	0.5	25
	chrIII	194883	0	0.5	25
	chrIII	194891	0	0.5	25
	chrIII	194912	1	0.5	25
	chrIII	194921	0	0.5	25
	chrIII	194922	0	0.5	25
	chrIII	194939	0	0.5	25
	chrIII	194944	1	0.5	25
	chrIII	194946	0	0.5	25
	chrIII	194946	1	0.5	25
	chrIII	194947	1	0.5	25
	chrIII	194953	1	0.5	25
	chrIII	194960	1	0.5	25
	chrIII	194985	1	0.5	25
	chrIII	195002	1	0.5	25
	chrIII	195020	0	0.5	25
	chrIII	195028	0	0.5	25
	chrIII	195030	1	0.5	25
	chrIII	195048	0	0.5	25
	chrIII	195074	1	1.0	25
	chrIII	195083	0	0.5	25
	chrIII	195084	1	0.5	25
	chrIII	195087	0	0.5	25
	chrIII	195096	0	1.0	25
	chrIII	195107	1	1.0	25
	chrIII	195129	0	0.5	25
	chrIII	195134	0	0.5	25
	chrIII	195139	1	0.5	25
	chrIII	195148	1	0.5	25
	chrIII	195152	0	0.5	25
	chrIII	195199	1	0.5	25
	chrIII	195203	1	0.5	25
	chrIII	195205	0	0.5	25
	chrIII	195206	0	0.5	25
	chrIII	195219	1	0.5	25
	chrIII	195220	1	0.5	25
	chrIII	195221	1	0.5	25
	chrIII	195225	0	0.5	25
	chrIII	195227	0	0.5	25
	chrIII	195251	0	0.5	25
	chrIII	195253	1	0.5	25
	chrIII	195299	1	0.5	25
	chrIII	195300	1	0.5	25
	chrIII	195309	0	1.5	25
	chrIII	195314	1	0.5	25
	chrIII	195315	1	0.5	25
	chrIII	195331	0	0.5	25
	chrIII	195367	0	0.5	25
	chrIII	195420	1	0.5	25
	chrIII	195430	0	0.5	25
	chrIII	195432	0	1.0	25
	chrIII	195433	0	0.5	25
	chrIII	195443	1	1.5	25
	chrIII	195485	0	0.5	25
	chrIII	195512	1	0.5	25
	chrIII	195514	0	0.5	25
	chrIII	195514	1	0.5	25
	chrIII	195519	1	1.0	25
	chrIII	195534	1	0.5	25
	chrIII	195535	0	0.5	25
	chrIII	195570	0	0.5	25
	chrIII	195600	0	0.5	25
	chrIII	195600	1	0.5	25
	chrIII	195623	1	0.5	25
	chrIII	195625	1	0.5	25
	chrIII	195630	1	0.5	25
	chrIII	195650	0	0.5	25
	chrIII	195668	1	0.5	25
	chrIII	195697	0	0.5	25
	chrIII	195714	0	0.5	25
	chrIII	195719	1	0.5	25
	chrIII	195722	0	0.5	25
	chrIII	195750	0	0.5	25
	chrIII	195757	1	0.5	25
	chrIII	195793	0	0.5	25
	chrIII	195808	0	0.5	25
	chrIII	195824	0	0.5	25
	chrIII	195828	0	0.5	25
	chrIII	195848	0	0.5	25
	chrIII	195850	1	0.5	25
	chrIII	195853	1	0.5	25
	chrIII	195856	1	0.5	25
	chrIII	195866	1	0.5	25
	chrIII	195880	1	0.5	25
	chrIII	195884	1	0.5	25
	chrIII	195899	0	0.5	25
	chrIII	195909	0	0.5	25
	chrIII	195925	1	0.5	25
	chrIII	195958	0	0.5	25
	chrIII	195981	1	0.5	25
	chrIII	195990	1	0.5	25
	chrIII	195993	1	0.5	25
	chrIII	196022	0	1.0	25
	chrIII	196091	0	0.5	25
	chrIII	196091	1	0.5	25
	chrIII	196094	1	0.5	25
	chrIII	196097	1	0.5	25
	chrIII	196167	0	1.0	25
	chrIII	196171	0	0.5	25
	chrIII	196178	1	0.5	25
	chrIII	196194	0	0.5	25
	chrIII	196229	1	0.5	25
	chrIII	196231	0	0.5	25
	chrIII	196254	1	1.0	25
	chrIII	196258	1	0.5	25
	chrIII	196263	1	0.5	25
	chrIII	196264	0	0.5	25
	chrIII	196271	0	0.5	25
	chrIII	196273	0	0.5	25
	chrIII	196295	1	0.5	25
	chrIII	196326	1	0.5	25
	chrIII	196328	0	0.5	25
	chrIII	196338	0	1.0	25
	chrIII	196339	1	0.5	25
	chrIII	196357	0	0.5	25
	chrIII	196367	0	0.5	25
	chrIII	196369	0	1.0	25
	chrIII	196378	1	0.5	25
	chrIII	196379	0	0.5	25
	chrIII	196386	1	1.0	25
	chrIII	196407	0	0.5	25
	chrIII	196419	0	0.5	25
	chrIII	196424	1	0.5	25
	chrIII	196427	0	0.5	25
	chrIII	196441	1	0.5	25
	chrIII	196442	0	0.5	25
	chrIII	196451	1	0.5	25
	chrIII	196458	1	0.5	25
	chrIII	196486	1	0.5	25
	chrIII	196491	1	0.5	25
	chrIII	196500	1	1.0	25
	chrIII	196532	0	1.5	25
	chrIII	196535	0	0.5	25
	chrIII	196585	0	0.5	25
	chrIII	196585	1	0.5	25
	chrIII	196592	0	0.5	25
	chrIII	196595	1	0.5	25
	chrIII	196613	1	1.5	25
	chrIII	196631	1	0.5	25
	chrIII	196642	0	0.5	25
	chrIII	196673	0	0.5	25
	chrIII	196697	0	0.5	25
	chrIII	196712	0	0.5	25
	chrIII	196720	0	0.5	25
	chrIII	196729	0	1.5	25
	chrIII	196747	1	0.5	25
	chrIII	196748	1	0.5	25
	chrIII	196758	0	0.5	25
	chrIII	196771	1	0.5	25
	chrIII	196772	1	0.5	25
	chrIII	196797	1	0.5	25
	chrIII	196798	1	0.5	25
	chrIII	196799	0	0.5	25
	chrIII	196799	1	0.5	25
	chrIII	196803	0	0.5	25
	chrIII	196822	1	0.5	25
	chrIII	196842	0	0.5	25
	chrIII	196894	1	1.0	25
	chrIII	196899	1	0.5	25
	chrIII	196900	1	0.5	25
	chrIII	196912	0	0.5	25
	chrIII	196938	0	0.5	25
	chrIII	196953	0	0.5	25
	chrIII	196959	0	0.5	25
	chrIII	196961	0	0.5	25
	chrIII	196989	1	0.5	25
	chrIII	196992	1	0.5	25
	chrIII	197007	0	0.5	25
	chrIII	197013	1	0.5	25
	chrIII	197019	1	0.5	25
	chrIII	197046	1	0.5	25
	chrIII	197055	1	0.5	25
	chrIII	197082	1	0.5	25
	chrIII	197113	0	0.5	25
	chrIII	197128	0	0.5	25
	chrIII	197146	0	0.5	25
	chrIII	197170	0	0.5	25
	chrIII	197181	0	0.5	25
	chrIII	197184	0	0.5	25
	chrIII	197196	1	1.0	25
	chrIII	197208	0	0.5	25
	chrIII	197210	1	0.5	25
	chrIII	197221	0	0.5	25
	chrIII	197222	0	0.5	25
	chrIII	197226	1	0.5	25
	chrIII	197233	0	0.5	25
	chrIII	197234	0	0.5	25
	chrIII	197237	0	0.5	25
	chrIII	197237	1	0.5	25
	chrIII	197253	0	0.5	25
	chrIII	197263	0	0.5	25
	chrIII	197269	1	0.5	25
	chrIII	197280	1	0.5	25
	chrIII	197281	0	0.5	25
	chrIII	197282	0	1.5	25
	chrIII	197283	0	0.5	25
	chrIII	197288	0	0.5	25
	chrIII	197289	0	0.5	25
	chrIII	197291	1	1.0	25
	chrIII	197292	1	0.5	25
	chrIII	197294	0	0.5	25
	chrIII	197302	0	1.0	25
	chrIII	197303	0	0.5	25
	chrIII	197320	1	0.5	25
	chrIII	197323	0	0.5	25
	chrIII	197327	0	0.5	25
	chrIII	197336	0	0.5	25
	chrIII	197339	0	0.5	25
	chrIII	197339	1	0.5	25
	chrIII	197340	0	1.0	25
	chrIII	197342	1	0.5	25
	chrIII	197346	0	0.5	25
	chrIII	197352	0	0.5	25
	chrIII	197352	1	0.5	25
	chrIII	197353	0	0.5	25
	chrIII	197361	1	0.5	25
	chrIII	197362	1	1.0	25
	chrIII	197369	0	0.5	25
	chrIII	197380	1	2.5	25
	chrIII	197381	0	0.5	25
	chrIII	197381	1	0.5	25
	chrIII	197392	1	0.5	25
	chrIII	197406	1	0.5	25
	chrIII	197407	1	1.0	25
	chrIII	197408	1	0.5	25
	chrIII	197414	1	0.5	25
	chrIII	197417	1	0.5	25
	chrIII	197420	0	0.5	25
	chrIII	197420	1	0.5	25
	chrIII	197425	0	0.5	25
	chrIII	197433	1	0.5	25
	chrIII	197436	1	1.0	25
	chrIII	197471	0	0.5	25
	chrIII	197478	0	0.5	25
	chrIII	197485	1	0.5	25
	chrIII	197486	1	0.5	25
	chrIII	197487	1	0.5	25
	chrIII	197513	0	0.5	25
	chrIII	197547	0	0.5	25
	chrIII	197547	1	0.5	25
	chrIII	197560	1	0.5	25
	chrIII	197564	1	0.5	25
	chrIII	197580	0	1.5	25
	chrIII	197589	0	0.5	25
	chrIII	197594	1	0.5	25
	chrIII	197613	0	0.5	25
	chrIII	197620	1	0.5	25
	chrIII	197645	1	0.5	25
	chrIII	197651	0	0.5	25
	chrIII	197667	1	0.5	25
	chrIII	197679	1	0.5	25
	chrIII	197685	1	0.5	25
	chrIII	197699	1	0.5	25
	chrIII	197703	0	0.5	25
	chrIII	197732	0	0.5	25
	chrIII	197735	0	0.5	25
	chrIII	197756	0	0.5	25
	chrIII	197770	1	0.5	25
	chrIII	197771	0	0.5	25
	chrIII	197774	0	0.5	25
	chrIII	197789	1	0.5	25
	chrIII	197790	0	0.5	25
	chrIII	197793	1	0.5	25
	chrIII	197800	0	0.5	25
	chrIII	197819	0	0.5	25
	chrIII	197828	1	0.5	25
	chrIII	197839	1	0.5	25
	chrIII	197840	0	0.5	25
	chrIII	197843	0	0.5	25
	chrIII	197864	1	0.5	25
	chrIII	197873	0	0.5	25
	chrIII	197876	1	0.5	25
	chrIII	197879	1	0.5	25
	chrIII	197881	0	0.5	25
	chrIII	197883	1	0.5	25
	chrIII	197897	1	1.0	25
	chrIII	197913	0	0.5	25
	chrIII	197918	0	0.5	25
	chrIII	197926	1	0.5	25
	chrIII	197940	1	0.5	25
	chrIII	197949	1	0.5	25
	chrIII	197972	0	1.5	25
	chrIII	197990	0	0.5	25
	chrIII	198001	0	0.5	25
	chrIII	198030	1	1.5	25
	chrIII	198032	1	0.5	25
	chrIII	198036	1	0.5	25
	chrIII	198043	0	0.5	25
	chrIII	198078	0	0.5	25
	chrIII	198095	1	0.5	25
	chrIII	198102	0	0.5	25
	chrIII	198130	0	0.5	25
	chrIII	198139	1	0.5	25
	chrIII	198155	0	0.5	25
	chrIII	198196	1	0.5	25
	chrIII	198208	1	0.5	25
	chrIII	198217	1	0.5	25
	chrIII	198248	1	0.5	25
	chrIII	198300	0	1.0	25
	chrIII	198359	1	0.5	25
	chrIII	198437	0	0.5	25
	chrIII	198438	0	0.5	25
	chrIII	198447	0	0.5	25
	chrIII	198457	0	0.5	25
	chrIII	198457	1	1.0	25
	chrIII	198482	0	0.5	25
	chrIII	198485	1	0.5	25
	chrIII	198497	1	0.5	25
	chrIII	198503	1	0.5	25
	chrIII	198516	1	0.5	25
	chrIII	198521	1	0.5	25
	chrIII	198545	0	0.5	25
	chrIII	198583	0	0.5	25
	chrIII	198616	1	0.5	25
	chrIII	198629	1	0.5	25
	chrIII	198655	0	1.5	25
	chrIII	198664	0	0.5	25
	chrIII	198710	1	0.5	25
	chrIII	198711	1	0.5	25
	chrIII	198712	1	0.5	25
	chrIII	198824	1	0.5	25
	chrIII	198830	0	0.5	25
	chrIII	198867	0	0.5	25
	chrIII	198954	1	0.5	25
	chrIII	198956	1	0.5	25
	chrIII	199335	0	0.5	25
	chrIII	199343	0	1.0	25
	chrIII	199350	0	0.5	25
	chrIII	199388	1	0.5	25
	chrIII	199409	1	0.5	25
	chrIII	199501	1	1.0	25
	chrIII	201033	0	0.5	25
	chrIII	201067	0	0.5	25
	chrIII	201097	0	0.5	25
	chrIII	201111	0	0.5	25
	chrIII	201153	0	0.5	25
	chrIII	201185	1	0.5	25
	chrIII	201193	1	0.5	25
	chrIII	201195	0	0.5	25
	chrIII	201201	0	0.5	25
	chrIII	201206	1	0.5	25
	chrIII	201220	0	0.5	25
	chrIII	201223	1	0.5	25
	chrIII	201232	0	0.5	25
	chrIII	201248	0	0.5	25
	chrIII	201254	0	0.5	25
	chrIII	201255	1	1.0	25
	chrIII	201272	1	0.5	25
	chrIII	201290	0	0.5	25
	chrIII	201308	1	0.5	25
	chrIII	201309	0	0.5	25
	chrIII	201315	1	0.5	25
	chrIII	201319	1	0.5	25
	chrIII	201325	0	0.5	25
	chrIII	201336	1	0.5	25
	chrIII	201347	1	0.5	25
	chrIII	201373	1	0.5	25
	chrIII	201388	0	0.5	25
	chrIII	201401	0	0.5	25
	chrIII	201419	1	0.5	25
	chrIII	201429	0	0.5	25
	chrIII	201453	0	0.5	25
	chrIII	201459	1	0.5	25
	chrIII	201471	0	1.0	25
	chrIII	201489	1	0.5	25
	chrIII	201492	0	0.5	25
	chrIII	201509	1	0.5	25
	chrIII	201512	1	0.5	25
	chrIII	201528	0	1.0	25
	chrIII	201532	0	1.0	25
	chrIII	201539	1	0.5	25
	chrIII	201543	1	0.5	25
	chrIII	201548	0	1.0	25
	chrIII	201549	1	0.5	25
	chrIII	201565	0	0.5	25
	chrIII	201573	0	0.5	25
	chrIII	201583	0	0.5	25
	chrIII	201592	1	0.5	25
	chrIII	201614	1	0.5	25
	chrIII	201615	0	0.5	25
	chrIII	201622	1	1.0	25
	chrIII	201641	1	0.5	25
	chrIII	201652	0	0.5	25
	chrIII	201660	1	0.5	25
	chrIII	201669	0	0.5	25
	chrIII	201671	1	0.5	25
	chrIII	201684	1	0.5	25
	chrIII	201685	0	0.5	25
	chrIII	201694	1	1.0	25
	chrIII	201695	1	0.5	25
	chrIII	201740	1	0.5	25
	chrIII	201744	0	0.5	25
	chrIII	201764	0	0.5	25
	chrIII	201800	0	0.5	25
	chrIII	201817	1	0.5	25
	chrIII	201834	0	0.5	25
	chrIII	201835	0	0.5	25
	chrIII	201843	0	0.5	25
	chrIII	201847	1	0.5	25
	chrIII	201897	1	0.5	25
	chrIII	201902	1	0.5	25
	chrIII	201903	1	0.5	25
	chrIII	201904	1	0.5	25
	chrIII	201926	1	0.5	25
	chrIII	201927	0	0.5	25
	chrIII	201932	0	0.5	25
	chrIII	201952	0	0.5	25
	chrIII	201962	0	1.0	25
	chrIII	201979	1	0.5	25
	chrIII	202011	1	0.5	25
	chrIII	202016	1	0.5	25
	chrIII	202028	0	0.5	25
	chrIII	202044	0	0.5	25
	chrIII	202054	0	0.5	25
	chrIII	202084	1	0.5	25
	chrIII	202090	0	0.5	25
	chrIII	202108	1	0.5	25
	chrIII	202118	1	0.5	25
	chrIII	202123	1	1.0	25
	chrIII	202246	0	0.5	25
	chrIII	202297	1	0.5	25
	chrIII	202298	0	0.5	25
	chrIII	202330	0	0.5	25
	chrIII	202355	0	0.5	25
	chrIII	202360	1	0.5	25
	chrIII	202365	1	0.5	25
	chrIII	202408	0	0.5	25
	chrIII	202426	1	0.5	25
	chrIII	202453	0	0.5	25
	chrIII	202492	1	0.5	25
	chrIII	202496	0	0.5	25
	chrIII	202518	0	0.5	25
	chrIII	202527	0	0.5	25
	chrIII	202533	1	0.5	25
	chrIII	202547	0	0.5	25
	chrIII	202552	0	0.5	25
	chrIII	202559	0	0.5	25
	chrIII	202582	0	1.5	25
	chrIII	202589	1	0.5	25
	chrIII	202590	0	2.0	25
	chrIII	202591	0	0.5	25
	chrIII	202611	1	0.5	25
	chrIII	202615	0	1.0	25
	chrIII	202616	0	3.0	25
	chrIII	202616	1	0.5	25
	chrIII	202617	0	1.5	25
	chrIII	202618	0	3.0	25
	chrIII	202619	0	0.5	25
	chrIII	202620	0	1.0	25
	chrIII	202621	1	0.5	25
	chrIII	202622	0	0.5	25
	chrIII	202625	1	0.5	25
	chrIII	202626	0	0.5	25
	chrIII	202628	0	1.0	25
	chrIII	202628	1	1.5	25
	chrIII	202629	0	2.5	25
	chrIII	202630	0	3.5	25
	chrIII	202636	0	0.5	25
	chrIII	202652	1	1.0	25
	chrIII	202653	1	1.5	25
	chrIII	202654	1	0.5	25
	chrIII	202670	1	0.5	25
	chrIII	202672	1	0.5	25
	chrIII	202683	1	0.5	25
	chrIII	202688	0	0.5	25
	chrIII	202688	1	7.5	25
	chrIII	202689	1	3.0	25
	chrIII	202693	1	0.5	25
	chrIII	202695	1	1.0	25
	chrIII	202696	0	0.5	25
	chrIII	202697	1	1.0	25
	chrIII	202698	0	0.5	25
	chrIII	202700	1	2.5	25
	chrIII	202701	1	0.5	25
	chrIII	202703	1	1.0	25
	chrIII	202706	0	0.5	25
	chrIII	202782	1	0.5	25
	chrIII	202786	0	0.5	25
	chrIII	202810	1	0.5	25
	chrIII	202812	0	0.5	25
	chrIII	202830	1	0.5	25
	chrIII	202855	0	0.5	25
	chrIII	202857	0	0.5	25
	chrIII	202860	1	0.5	25
	chrIII	202863	1	0.5	25
	chrIII	202874	1	0.5	25
	chrIII	202895	1	0.5	25
	chrIII	202896	0	0.5	25
	chrIII	202923	1	0.5	25
	chrIII	202945	1	0.5	25
	chrIII	202953	1	0.5	25
	chrIII	202980	0	0.5	25
	chrIII	202988	0	0.5	25
	chrIII	202989	0	0.5	25
	chrIII	203001	0	0.5	25
	chrIII	203030	0	0.5	25
	chrIII	203036	0	0.5	25
	chrIII	203037	0	0.5	25
	chrIII	203044	1	0.5	25
	chrIII	203064	0	0.5	25
	chrIII	203081	1	0.5	25
	chrIII	203097	0	1.0	25
	chrIII	203100	1	0.5	25
	chrIII	203114	0	0.5	25
	chrIII	203114	1	1.0	25
	chrIII	203132	1	0.5	25
	chrIII	203133	0	0.5	25
	chrIII	203137	1	0.5	25
	chrIII	203144	0	0.5	25
	chrIII	203172	0	1.0	25
	chrIII	203177	0	1.0	25
	chrIII	203220	1	0.5	25
	chrIII	203242	1	1.0	25
	chrIII	203244	1	1.0	25
	chrIII	203248	1	0.5	25
	chrIII	203256	0	0.5	25
	chrIII	203259	1	0.5	25
	chrIII	203260	0	0.5	25
	chrIII	203276	0	1.0	25
	chrIII	203284	0	0.5	25
	chrIII	203301	1	0.5	25
	chrIII	203316	0	0.5	25
	chrIII	203322	1	0.5	25
	chrIII	203323	0	0.5	25
	chrIII	203330	1	0.5	25
	chrIII	203333	1	0.5	25
	chrIII	203354	0	0.5	24
	chrIII	203356	0	0.5	25
	chrIII	203376	1	1.0	25
	chrIII	203387	0	0.5	25
	chrIII	203390	1	0.5	25
	chrIII	203394	1	0.5	25
	chrIII	203400	1	0.5	25
	chrIII	203402	0	0.5	25
	chrIII	203403	0	0.5	25
	chrIII	203405	1	0.5	25
	chrIII	203414	1	0.5	25
	chrIII	203427	0	0.5	25
	chrIII	203445	1	0.5	25
	chrIII	203447	1	0.5	25
	chrIII	203467	1	0.5	25
	chrIII	203470	0	0.5	25
	chrIII	203479	0	0.5	25
	chrIII	203499	1	0.5	25
	chrIII	203522	0	0.5	25
	chrIII	203542	1	0.5	25
	chrIII	203559	0	0.5	25
	chrIII	203566	0	0.5	25
	chrIII	203582	1	0.5	25
	chrIII	203587	0	0.5	25
	chrIII	203588	1	0.5	25
	chrIII	203600	0	0.5	25
	chrIII	203604	0	1.0	25
	chrIII	203617	0	0.5	25
	chrIII	203626	1	0.5	25
	chrIII	203637	1	0.5	25
	chrIII	203649	1	0.5	25
	chrIII	203650	0	0.5	25
	chrIII	203676	1	0.5	25
	chrIII	203680	0	0.5	25
	chrIII	203683	1	0.5	25
	chrIII	203691	0	0.5	25
	chrIII	203692	1	0.5	25
	chrIII	203696	0	0.5	25
	chrIII	203699	0	0.5	25
	chrIII	203720	1	0.5	25
	chrIII	203734	1	0.5	25
	chrIII	203746	1	1.0	25
	chrIII	203755	1	0.5	25
	chrIII	203767	0	0.5	25
	chrIII	203787	0	0.5	25
	chrIII	203793	0	0.5	25
	chrIII	203827	0	0.5	25
	chrIII	203833	1	0.5	25
	chrIII	203853	0	0.5	25
	chrIII	203867	1	0.5	25
	chrIII	203882	1	0.5	25
	chrIII	203887	0	1.0	25
	chrIII	203899	1	0.5	25
	chrIII	203902	0	0.5	25
	chrIII	203905	1	0.5	25
	chrIII	203909	0	0.5	25
	chrIII	203923	1	0.5	25
	chrIII	203928	0	0.5	25
	chrIII	203931	0	0.5	25
	chrIII	203937	1	0.5	25
	chrIII	203946	0	0.5	25
	chrIII	203957	1	0.5	25
	chrIII	203980	0	0.5	25
	chrIII	203985	0	0.5	25
	chrIII	204003	1	0.5	25
	chrIII	204010	1	0.5	25
	chrIII	204011	0	0.5	25
	chrIII	204018	1	0.5	25
	chrIII	204044	1	0.5	25
	chrIII	204047	1	0.5	25
	chrIII	204050	1	1.0	25
	chrIII	204055	0	0.5	25
	chrIII	204063	1	0.5	25
	chrIII	204066	1	0.5	25
	chrIII	204108	0	0.5	25
	chrIII	204118	1	0.5	25
	chrIII	204167	1	0.5	25
	chrIII	204265	0	0.5	25
	chrIII	204285	0	0.5	25
	chrIII	204324	0	1.0	25
	chrIII	204325	1	0.5	25
	chrIII	204336	1	0.5	25
	chrIII	204388	1	1.0	25
	chrIII	204399	0	0.5	25
	chrIII	204407	0	0.5	25
	chrIII	204415	0	0.5	25
	chrIII	204443	0	1.0	25
	chrIII	204471	1	0.5	25
	chrIII	204473	0	0.5	25
	chrIII	204473	1	0.5	25
	chrIII	204479	0	0.5	25
	chrIII	204498	0	0.5	25
	chrIII	204510	1	1.5	25
	chrIII	204531	0	0.5	25
	chrIII	204569	1	0.5	25
	chrIII	204590	1	0.5	25
	chrIII	204639	1	0.5	25
	chrIII	204653	1	0.5	23
	chrIII	204672	0	0.5	25
	chrIII	204697	0	1.0	25
	chrIII	204727	0	0.5	25
	chrIII	204734	1	0.5	25
	chrIII	204750	1	0.5	25
	chrIII	204770	0	0.5	25
	chrIII	204772	1	0.5	25
	chrIII	204782	0	0.5	25
	chrIII	204830	1	0.5	25
	chrIII	204838	1	0.5	25
	chrIII	204848	0	1.0	25
	chrIII	204885	0	0.5	25
	chrIII	204889	1	0.5	25
	chrIII	204917	1	1.0	25
	chrIII	204918	1	0.5	25
	chrIII	204942	0	0.5	25
	chrIII	204961	0	0.5	25
	chrIII	204972	0	0.5	25
	chrIII	204986	1	0.5	25
	chrIII	205015	0	0.5	25
	chrIII	205023	0	0.5	25
	chrIII	205023	1	0.5	25
	chrIII	205027	0	0.5	25
	chrIII	205050	1	0.5	25
	chrIII	205065	0	0.5	25
	chrIII	205080	1	0.5	25
	chrIII	205081	1	0.5	25
	chrIII	205110	0	0.5	25
	chrIII	205122	0	0.5	25
	chrIII	205123	0	0.5	25
	chrIII	205135	1	0.5	25
	chrIII	205144	0	0.5	25
	chrIII	205172	1	0.5	25
	chrIII	205176	1	0.5	25
	chrIII	205204	1	0.5	25
	chrIII	205210	1	0.5	25
	chrIII	205241	0	0.5	25
	chrIII	205260	0	0.5	25
	chrIII	205291	0	0.5	25
	chrIII	205302	1	0.5	25
	chrIII	205303	0	1.0	25
	chrIII	205310	0	0.5	25
	chrIII	205336	0	0.5	25
	chrIII	205346	0	0.5	25
	chrIII	205349	1	0.5	25
	chrIII	205352	1	0.5	25
	chrIII	205385	1	0.5	25
	chrIII	205386	1	0.5	25
	chrIII	205393	0	0.5	25
	chrIII	205426	0	0.5	25
	chrIII	205436	1	0.5	25
	chrIII	205440	0	0.5	25
	chrIII	205460	0	0.5	25
	chrIII	205466	0	0.5	25
	chrIII	205479	0	1.0	25
	chrIII	205480	0	0.5	25
	chrIII	205481	0	0.5	25
	chrIII	205481	1	1.0	25
	chrIII	205482	0	9.5	25
	chrIII	205483	0	4.0	25
	chrIII	205484	0	7.0	25
	chrIII	205487	0	1.5	25
	chrIII	205492	0	0.5	25
	chrIII	205495	0	1.0	25
	chrIII	205496	0	0.5	25
	chrIII	205502	0	0.5	25
	chrIII	205505	0	0.5	25
	chrIII	205509	0	0.5	25
	chrIII	205517	0	0.5	25
	chrIII	205523	1	0.5	25
	chrIII	205524	1	1.0	25
	chrIII	205532	0	0.5	25
	chrIII	205533	0	0.5	25
	chrIII	205533	1	1.0	25
	chrIII	205534	1	0.5	25
	chrIII	205551	1	2.0	25
	chrIII	205552	1	14.5	25
	chrIII	205553	1	4.5	25
	chrIII	205554	1	1.0	25
	chrIII	205557	1	1.0	25
	chrIII	205558	1	1.0	25
	chrIII	205561	1	0.5	25
	chrIII	205564	1	0.5	25
	chrIII	205570	0	0.5	25
	chrIII	205574	1	0.5	25
	chrIII	205576	1	2.5	25
	chrIII	205594	0	0.5	25
	chrIII	205607	1	0.5	25
	chrIII	205612	0	0.5	25
	chrIII	205614	0	0.5	25
	chrIII	205638	1	0.5	25
	chrIII	205640	1	0.5	25
	chrIII	205644	0	0.5	25
	chrIII	205651	0	0.5	23
	chrIII	205661	1	0.5	25
	chrIII	205695	1	0.5	25
	chrIII	205698	1	0.5	25
	chrIII	205709	0	0.5	25
	chrIII	205725	0	0.5	25
	chrIII	205741	0	0.5	25
	chrIII	205741	1	0.5	25
	chrIII	205742	0	0.5	25
	chrIII	205763	0	0.5	25
	chrIII	205772	0	0.5	25
	chrIII	205791	0	0.5	25
	chrIII	205796	1	0.5	25
	chrIII	205797	1	0.5	25
	chrIII	205799	1	0.5	25
	chrIII	205803	0	0.5	25
	chrIII	205804	0	0.5	25
	chrIII	205808	0	0.5	25
	chrIII	205810	0	0.5	25
	chrIII	205812	0	0.5	25
	chrIII	205817	1	0.5	25
	chrIII	205835	1	0.5	25
	chrIII	205848	0	0.5	25
	chrIII	205860	1	0.5	25
	chrIII	205867	1	0.5	25
	chrIII	205871	0	0.5	25
	chrIII	205874	0	0.5	25
	chrIII	205882	1	0.5	25
	chrIII	205887	1	0.5	25
	chrIII	205891	0	1.0	25
	chrIII	205894	1	0.5	25
	chrIII	205910	1	0.5	25
	chrIII	205913	1	0.5	25
	chrIII	205922	1	0.5	25
	chrIII	205924	0	0.5	25
	chrIII	205931	1	1.0	25
	chrIII	205937	1	0.5	25
	chrIII	205952	1	0.5	25
	chrIII	205962	1	0.5	25
	chrIII	205985	0	0.5	25
	chrIII	205996	1	0.5	25
	chrIII	206011	0	1.0	25
	chrIII	206045	0	0.5	25
	chrIII	206045	1	0.5	25
	chrIII	206051	1	1.0	25
	chrIII	206052	0	0.5	25
	chrIII	206054	0	0.5	25
	chrIII	206086	0	0.5	25
	chrIII	206091	0	0.5	25
	chrIII	206096	0	0.5	25
	chrIII	206098	1	0.5	25
	chrIII	206113	1	0.5	25
	chrIII	206133	1	0.5	25
	chrIII	206139	1	0.5	25
	chrIII	206141	0	1.0	25
	chrIII	206162	1	0.5	25
	chrIII	206167	1	0.5	25
	chrIII	206185	0	0.5	25
	chrIII	206271	0	0.5	25
	chrIII	206275	0	0.5	25
	chrIII	206277	0	0.5	25
	chrIII	206295	1	0.5	25
	chrIII	206308	0	0.5	25
	chrIII	206317	0	0.5	25
	chrIII	206329	0	0.5	25
	chrIII	206329	1	0.5	25
	chrIII	206335	1	0.5	25
	chrIII	206336	0	0.5	25
	chrIII	206363	1	0.5	25
	chrIII	206372	0	0.5	25
	chrIII	206372	1	0.5	25
	chrIII	206374	0	0.5	25
	chrIII	206380	0	0.5	25
	chrIII	206382	1	0.5	25
	chrIII	206388	1	0.5	25
	chrIII	206394	0	0.5	25
	chrIII	206399	0	0.5	25
	chrIII	206430	1	0.5	25
	chrIII	206432	1	0.5	25
	chrIII	206433	1	0.5	25
	chrIII	206439	1	0.5	25
	chrIII	206449	1	0.5	25
	chrIII	206450	1	0.5	25
	chrIII	206454	1	0.5	25
	chrIII	206460	0	1.0	25
	chrIII	206464	0	0.5	25
	chrIII	206486	0	1.0	25
	chrIII	206523	1	0.5	25
	chrIII	206524	0	1.5	25
	chrIII	206525	1	0.5	25
	chrIII	206534	0	0.5	25
	chrIII	206536	0	0.5	25
	chrIII	206552	0	0.5	25
	chrIII	206555	0	0.5	25
	chrIII	206561	0	0.5	25
	chrIII	206576	0	0.5	25
	chrIII	206594	1	1.0	25
	chrIII	206599	1	0.5	25
	chrIII	206609	0	1.5	25
	chrIII	206610	0	1.5	25
	chrIII	206625	1	0.5	25
	chrIII	206627	1	0.5	25
	chrIII	206635	0	1.0	25
	chrIII	206636	1	0.5	25
	chrIII	206651	1	0.5	25
	chrIII	206655	0	0.5	25
	chrIII	206663	0	1.0	25
	chrIII	206681	1	1.5	25
	chrIII	206693	0	0.5	25
	chrIII	206694	0	0.5	25
	chrIII	206702	1	0.5	25
	chrIII	206704	0	0.5	25
	chrIII	206709	0	1.0	25
	chrIII	206709	1	0.5	25
	chrIII	206710	0	0.5	25
	chrIII	206713	1	1.0	25
	chrIII	206718	1	1.5	25
	chrIII	206722	1	1.0	25
	chrIII	206724	0	1.0	25
	chrIII	206730	0	0.5	25
	chrIII	206735	1	0.5	25
	chrIII	206736	0	0.5	25
	chrIII	206737	0	1.0	25
	chrIII	206743	1	0.5	25
	chrIII	206744	0	1.5	25
	chrIII	206744	1	1.0	25
	chrIII	206745	0	2.0	25
	chrIII	206746	0	1.0	25
	chrIII	206747	0	0.5	25
	chrIII	206749	0	1.5	25
	chrIII	206749	1	0.5	25
	chrIII	206750	0	0.5	25
	chrIII	206756	0	1.0	25
	chrIII	206758	1	0.5	25
	chrIII	206761	1	0.5	25
	chrIII	206763	1	0.5	25
	chrIII	206777	0	1.0	25
	chrIII	206780	0	0.5	25
	chrIII	206791	1	0.5	25
	chrIII	206792	1	1.5	25
	chrIII	206793	0	0.5	25
	chrIII	206793	1	1.0	25
	chrIII	206798	1	1.5	25
	chrIII	206799	1	1.0	25
	chrIII	206800	1	1.0	25
	chrIII	206801	1	0.5	25
	chrIII	206802	0	1.0	25
	chrIII	206812	1	0.5	25
	chrIII	206815	1	1.0	25
	chrIII	206832	1	2.0	25
	chrIII	206833	1	1.5	25
	chrIII	206834	0	0.5	25
	chrIII	206834	1	0.5	25
	chrIII	206835	1	1.0	25
	chrIII	206839	0	0.5	25
	chrIII	206841	1	1.0	25
	chrIII	206854	0	0.5	25
	chrIII	206856	0	0.5	25
	chrIII	206874	1	1.0	25
	chrIII	206878	1	0.5	25
	chrIII	206892	1	0.5	25
	chrIII	206900	0	0.5	25
	chrIII	206903	0	1.5	25
	chrIII	206912	0	0.5	25
	chrIII	206916	0	1.0	25
	chrIII	206940	1	0.5	25
	chrIII	206963	1	1.0	25
	chrIII	206966	1	1.0	25
	chrIII	206968	0	1.5	25
	chrIII	206973	1	0.5	25
	chrIII	207003	0	1.0	25
	chrIII	207009	0	0.5	25
	chrIII	207023	0	0.5	25
	chrIII	207033	1	0.5	25
	chrIII	207040	1	0.5	25
	chrIII	207046	1	0.5	25
	chrIII	207056	1	1.0	25
	chrIII	207058	0	0.5	25
	chrIII	207077	0	0.5	25
	chrIII	207100	1	0.5	25
	chrIII	207117	0	1.0	25
	chrIII	207124	1	0.5	25
	chrIII	207125	1	1.0	25
	chrIII	207127	1	0.5	25
	chrIII	207169	0	0.5	25
	chrIII	207175	1	0.5	25
	chrIII	207178	1	0.5	25
	chrIII	207182	1	0.5	25
	chrIII	207189	0	0.5	25
	chrIII	207203	1	0.5	25
	chrIII	207209	0	0.5	25
	chrIII	207235	1	0.5	25
	chrIII	207246	1	0.5	25
	chrIII	207308	0	0.5	25
	chrIII	207327	0	0.5	25
	chrIII	207384	0	0.5	25
	chrIII	207386	1	0.5	25
	chrIII	207448	1	0.5	25
	chrIII	207483	1	0.5	25
	chrIII	207489	1	0.5	25
	chrIII	207490	0	0.5	25
	chrIII	207491	0	0.5	25
	chrIII	207539	1	0.5	25
	chrIII	207542	0	0.5	25
	chrIII	207549	0	0.5	25
	chrIII	207573	0	0.5	25
	chrIII	207576	0	0.5	25
	chrIII	207583	0	0.5	25
	chrIII	207588	0	0.5	25
	chrIII	207589	1	0.5	25
	chrIII	207592	1	0.5	25
	chrIII	207620	0	1.0	25
	chrIII	207625	0	0.5	25
	chrIII	207631	0	0.5	25
	chrIII	207645	0	0.5	25
	chrIII	207650	1	1.0	25
	chrIII	207651	0	0.5	25
	chrIII	207651	1	0.5	25
	chrIII	207657	1	0.5	25
	chrIII	207658	0	0.5	25
	chrIII	207681	1	0.5	25
	chrIII	207684	1	0.5	25
	chrIII	207689	0	0.5	25
	chrIII	207691	1	0.5	25
	chrIII	207710	1	0.5	25
	chrIII	207742	0	0.5	25
	chrIII	207770	0	0.5	25
	chrIII	207772	1	0.5	25
	chrIII	207778	0	0.5	25
	chrIII	207790	1	0.5	25
	chrIII	207792	0	1.0	25
	chrIII	207798	0	0.5	25
	chrIII	207802	0	0.5	25
	chrIII	207807	1	0.5	25
	chrIII	207814	1	0.5	25
	chrIII	207817	0	0.5	25
	chrIII	207820	0	0.5	25
	chrIII	207841	0	0.5	25
	chrIII	207843	1	0.5	25
	chrIII	207844	0	0.5	25
	chrIII	207851	1	1.0	25
	chrIII	207856	1	0.5	25
	chrIII	207861	1	0.5	25
	chrIII	207871	1	0.5	25
	chrIII	207912	0	0.5	25
	chrIII	207943	0	0.5	25
	chrIII	207951	0	0.5	25
	chrIII	207955	0	0.5	25
	chrIII	207963	0	0.5	25
	chrIII	207971	1	0.5	25
	chrIII	207975	0	0.5	25
	chrIII	207985	0	0.5	25
	chrIII	207986	0	0.5	25
	chrIII	207994	1	0.5	25
	chrIII	208003	1	1.0	25
	chrIII	208004	0	0.5	25
	chrIII	208005	0	2.0	25
	chrIII	208014	1	0.5	25
	chrIII	208017	0	0.5	25
	chrIII	208018	0	0.5	25
	chrIII	208019	0	0.5	24
	chrIII	208022	0	0.5	25
	chrIII	208024	1	0.5	25
	chrIII	208025	0	0.5	25
	chrIII	208026	0	0.5	25
	chrIII	208026	1	1.5	25
	chrIII	208027	0	1.0	25
	chrIII	208028	0	0.5	25
	chrIII	208030	1	0.5	25
	chrIII	208033	0	0.5	25
	chrIII	208043	0	1.0	25
	chrIII	208048	1	0.5	25
	chrIII	208050	1	0.5	25
	chrIII	208052	0	1.0	25
	chrIII	208053	0	0.5	25
	chrIII	208056	1	0.5	25
	chrIII	208057	1	0.5	25
	chrIII	208058	0	2.0	25
	chrIII	208063	0	1.5	25
	chrIII	208065	1	0.5	25
	chrIII	208079	0	0.5	25
	chrIII	208082	1	2.0	25
	chrIII	208083	1	0.5	25
	chrIII	208087	1	0.5	25
	chrIII	208091	1	1.5	25
	chrIII	208096	1	0.5	25
	chrIII	208098	1	1.5	25
	chrIII	208099	1	0.5	25
	chrIII	208100	0	0.5	25
	chrIII	208103	1	0.5	25
	chrIII	208109	1	1.0	25
	chrIII	208112	1	0.5	25
	chrIII	208117	0	0.5	25
	chrIII	208120	1	1.0	25
	chrIII	208122	1	0.5	25
	chrIII	208123	0	0.5	25
	chrIII	208140	0	0.5	25
	chrIII	208148	1	1.0	25
	chrIII	208151	0	0.5	25
	chrIII	208163	1	0.5	25
	chrIII	208167	1	0.5	25
	chrIII	208181	0	0.5	25
	chrIII	208227	1	0.5	25
	chrIII	208233	0	0.5	25
	chrIII	208255	1	0.5	25
	chrIII	208258	0	0.5	25
	chrIII	208259	1	0.5	25
	chrIII	208265	1	1.0	25
	chrIII	208269	0	1.5	25
	chrIII	208279	0	0.5	25
	chrIII	208284	1	1.0	25
	chrIII	208285	0	0.5	25
	chrIII	208286	1	0.5	25
	chrIII	208289	0	0.5	25
	chrIII	208299	0	0.5	25
	chrIII	208326	1	0.5	25
	chrIII	208328	1	2.0	25
	chrIII	208329	0	2.5	25
	chrIII	208330	0	0.5	25
	chrIII	208355	1	0.5	25
	chrIII	208357	1	0.5	25
	chrIII	208362	0	0.5	25
	chrIII	208378	1	0.5	25
	chrIII	208383	1	0.5	25
	chrIII	208392	0	0.5	25
	chrIII	208401	1	1.5	25
	chrIII	208402	1	0.5	25
	chrIII	208409	1	1.0	25
	chrIII	208440	1	0.5	25
	chrIII	208463	1	0.5	25
	chrIII	208569	0	0.5	25
	chrIII	208636	1	0.5	25
	chrIII	208646	0	0.5	25
	chrIII	208648	0	0.5	25
	chrIII	208662	0	0.5	25
	chrIII	208694	0	0.5	25
	chrIII	208709	0	0.5	25
	chrIII	208719	1	0.5	25
	chrIII	208729	1	1.0	25
	chrIII	208768	1	0.5	25
	chrIII	208779	0	1.0	25
	chrIII	208783	0	0.5	25
	chrIII	208792	1	0.5	25
	chrIII	208810	0	0.5	25
	chrIII	208811	0	0.5	25
	chrIII	208823	1	1.0	25
	chrIII	208833	0	0.5	25
	chrIII	208853	0	0.5	25
	chrIII	208869	1	1.0	25
	chrIII	208909	1	0.5	25
	chrIII	208912	1	0.5	25
	chrIII	208920	0	0.5	25
	chrIII	208947	0	0.5	25
	chrIII	208961	0	0.5	25
	chrIII	208968	1	0.5	25
	chrIII	209028	1	0.5	25
	chrIII	209036	0	0.5	25
	chrIII	209046	1	0.5	25
	chrIII	209055	1	0.5	25
	chrIII	209071	0	0.5	25
	chrIII	209118	1	0.5	25
	chrIII	209121	0	1.0	25
	chrIII	209128	0	0.5	25
	chrIII	209146	0	0.5	25
	chrIII	209172	1	0.5	25
	chrIII	209183	1	1.0	25
	chrIII	209190	1	0.5	25
	chrIII	209192	0	0.5	25
	chrIII	209231	1	0.5	25
	chrIII	209301	1	0.5	25
	chrIII	209346	0	0.5	25
	chrIII	209404	0	1.0	25
	chrIII	209405	0	0.5	25
	chrIII	209413	1	0.5	25
	chrIII	209430	0	0.5	25
	chrIII	209444	0	0.5	25
	chrIII	209450	0	0.5	25
	chrIII	209469	0	0.5	25
	chrIII	209476	1	1.0	25
	chrIII	209484	1	0.5	25
	chrIII	209487	1	0.5	25
	chrIII	209502	1	1.0	25
	chrIII	209514	0	0.5	25
	chrIII	209516	0	1.0	25
	chrIII	209528	0	0.5	25
	chrIII	209536	1	0.5	25
	chrIII	209551	0	0.5	25
	chrIII	209565	0	0.5	25
	chrIII	209576	1	1.0	25
	chrIII	209582	1	0.5	25
	chrIII	209588	0	0.5	25
	chrIII	209658	1	0.5	25
	chrIII	209660	1	0.5	25
	chrIII	209710	0	0.5	25
	chrIII	209759	0	1.0	25
	chrIII	209759	1	0.5	25
	chrIII	209760	0	5.5	25
	chrIII	209761	0	1.5	25
	chrIII	209762	0	2.5	25
	chrIII	209764	0	0.5	25
	chrIII	209775	0	0.5	25
	chrIII	209778	1	0.5	25
	chrIII	209779	0	0.5	23
	chrIII	209796	1	1.0	25
	chrIII	209812	1	0.5	25
	chrIII	209822	1	0.5	25
	chrIII	209826	1	1.0	25
	chrIII	209827	1	0.5	25
	chrIII	209829	0	0.5	25
	chrIII	209833	1	2.0	25
	chrIII	209834	1	0.5	25
	chrIII	209835	1	0.5	25
	chrIII	209841	1	2.0	25
	chrIII	209842	1	1.0	25
	chrIII	209843	0	0.5	25
	chrIII	209843	1	2.0	25
	chrIII	209847	1	0.5	25
	chrIII	209862	0	0.5	25
	chrIII	209863	0	0.5	25
	chrIII	209874	1	0.5	25
	chrIII	209877	0	0.5	25
	chrIII	209877	1	0.5	25
	chrIII	209910	1	0.5	25
	chrIII	209916	0	1.0	25
	chrIII	209925	1	0.5	25
	chrIII	209928	1	0.5	25
	chrIII	209930	0	0.5	25
	chrIII	209964	1	0.5	25
	chrIII	209972	1	0.5	25
	chrIII	209976	0	1.0	25
	chrIII	209985	0	0.5	25
	chrIII	210021	0	0.5	25
	chrIII	210035	1	0.5	25
	chrIII	210082	1	0.5	25
	chrIII	210104	0	0.5	25
	chrIII	210130	0	1.5	25
	chrIII	210133	1	1.0	25
	chrIII	210152	0	0.5	25
	chrIII	210183	0	0.5	25
	chrIII	210198	1	0.5	25
	chrIII	210208	1	0.5	25
	chrIII	210229	1	1.0	25
	chrIII	210250	1	0.5	25
	chrIII	210252	1	0.5	25
	chrIII	210270	1	1.0	25
	chrIII	210302	0	0.5	25
	chrIII	210305	0	0.5	25
	chrIII	210320	0	0.5	25
	chrIII	210387	0	0.5	25
	chrIII	210404	0	0.5	25
	chrIII	210438	0	2.0	25
	chrIII	210446	1	0.5	25
	chrIII	210455	0	0.5	25
	chrIII	210465	0	0.5	25
	chrIII	210472	0	0.5	25
	chrIII	210473	1	0.5	25
	chrIII	210480	1	0.5	25
	chrIII	210487	0	1.0	25
	chrIII	210490	0	2.5	25
	chrIII	210491	0	0.5	25
	chrIII	210498	1	2.0	25
	chrIII	210502	0	0.5	25
	chrIII	210503	0	0.5	25
	chrIII	210503	1	0.5	25
	chrIII	210504	0	0.5	25
	chrIII	210509	1	0.5	25
	chrIII	210513	0	0.5	25
	chrIII	210525	0	0.5	25
	chrIII	210537	1	0.5	25
	chrIII	210538	0	0.5	25
	chrIII	210538	1	0.5	25
	chrIII	210543	1	0.5	25
	chrIII	210548	1	2.0	25
	chrIII	210549	0	0.5	25
	chrIII	210549	1	0.5	25
	chrIII	210551	0	0.5	25
	chrIII	210552	1	1.0	25
	chrIII	210556	0	1.0	25
	chrIII	210570	1	0.5	25
	chrIII	210577	1	0.5	25
	chrIII	210588	1	0.5	25
	chrIII	210589	0	1.5	25
	chrIII	210591	1	0.5	25
	chrIII	210592	1	0.5	25
	chrIII	210597	1	0.5	25
	chrIII	210600	1	0.5	25
	chrIII	210612	0	0.5	25
	chrIII	210625	1	0.5	25
	chrIII	210631	1	0.5	25
	chrIII	210635	1	0.5	25
	chrIII	210643	0	0.5	25
	chrIII	210662	0	0.5	25
	chrIII	210665	1	1.0	25
	chrIII	210682	1	0.5	25
	chrIII	210731	1	0.5	25
	chrIII	210748	1	0.5	25
	chrIII	210797	1	0.5	25
	chrIII	210798	0	0.5	25
	chrIII	210812	0	0.5	25
	chrIII	210830	1	0.5	25
	chrIII	210886	0	0.5	25
	chrIII	210894	0	0.5	25
	chrIII	210916	1	0.5	25
	chrIII	210935	1	0.5	25
	chrIII	210966	0	0.5	25
	chrIII	211001	1	0.5	25
	chrIII	211039	1	1.0	25
	chrIII	211051	0	0.5	25
	chrIII	211112	1	0.5	25
	chrIII	211125	0	0.5	25
	chrIII	211158	0	0.5	25
	chrIII	211172	1	0.5	25
	chrIII	211229	1	0.5	25
	chrIII	211261	0	1.0	25
	chrIII	211277	0	0.5	25
	chrIII	211307	0	0.5	25
	chrIII	211312	0	0.5	25
	chrIII	211314	1	1.0	25
	chrIII	211334	0	0.5	25
	chrIII	211421	0	1.0	25
	chrIII	211434	1	0.5	25
	chrIII	211436	0	0.5	25
	chrIII	211488	0	0.5	25
	chrIII	211497	1	2.0	25
	chrIII	211504	0	0.5	25
	chrIII	211505	1	0.5	25
	chrIII	211506	0	0.5	25
	chrIII	211510	0	0.5	25
	chrIII	211526	0	0.5	25
	chrIII	211530	0	0.5	25
	chrIII	211533	0	0.5	25
	chrIII	211570	1	0.5	25
	chrIII	211580	1	0.5	25
	chrIII	211589	1	0.5	25
	chrIII	211596	1	0.5	25
	chrIII	211601	1	0.5	25
	chrIII	211637	0	0.5	25
	chrIII	211645	1	0.5	25
	chrIII	211649	1	0.5	25
	chrIII	211655	0	0.5	25
	chrIII	211659	0	0.5	25
	chrIII	211660	0	0.5	25
	chrIII	211662	0	0.5	25
	chrIII	211663	0	0.5	25
	chrIII	211672	0	0.5	25
	chrIII	211676	0	0.5	25
	chrIII	211685	0	0.5	25
	chrIII	211686	0	0.5	25
	chrIII	211687	0	1.0	25
	chrIII	211704	0	0.5	25
	chrIII	211707	1	0.5	25
	chrIII	211716	1	1.5	25
	chrIII	211717	0	1.5	25
	chrIII	211717	1	0.5	25
	chrIII	211737	0	1.0	25
	chrIII	211750	1	0.5	25
	chrIII	211753	0	0.5	25
	chrIII	211759	0	0.5	25
	chrIII	211779	1	1.5	25
	chrIII	211781	0	1.0	25
	chrIII	211781	1	0.5	25
	chrIII	211785	1	0.5	25
	chrIII	211788	1	1.5	25
	chrIII	211790	0	0.5	25
	chrIII	211790	1	0.5	25
	chrIII	211810	1	1.0	25
	chrIII	211811	1	0.5	25
	chrIII	211815	0	0.5	25
	chrIII	211815	1	0.5	25
	chrIII	211822	1	0.5	25
	chrIII	211824	1	1.0	25
	chrIII	211825	1	0.5	25
	chrIII	211837	0	0.5	25
	chrIII	211884	0	0.5	25
	chrIII	211929	0	0.5	25
	chrIII	211955	1	0.5	25
	chrIII	211970	1	0.5	25
	chrIII	211986	0	0.5	25
	chrIII	211991	1	0.5	25
	chrIII	212002	1	0.5	25
	chrIII	212013	0	0.5	25
	chrIII	212023	0	0.5	25
	chrIII	212027	0	0.5	25
	chrIII	212045	0	0.5	25
	chrIII	212051	1	0.5	25
	chrIII	212055	1	0.5	25
	chrIII	212087	1	0.5	25
	chrIII	212102	1	0.5	25
	chrIII	212126	1	0.5	25
	chrIII	212128	1	0.5	25
	chrIII	212192	0	0.5	25
	chrIII	212257	0	0.5	25
	chrIII	212260	0	0.5	25
	chrIII	212270	1	0.5	25
	chrIII	212303	1	0.5	25
	chrIII	212342	1	0.5	25
	chrIII	212355	0	0.5	25
	chrIII	212370	0	0.5	25
	chrIII	212387	0	0.5	25
	chrIII	212389	0	0.5	25
	chrIII	212398	0	0.5	25
	chrIII	212402	0	0.5	25
	chrIII	212417	1	0.5	25
	chrIII	212428	1	0.5	25
	chrIII	212429	0	1.0	25
	chrIII	212449	1	0.5	25
	chrIII	212467	1	0.5	25
	chrIII	212484	1	0.5	25
	chrIII	212497	0	1.0	25
	chrIII	212507	1	0.5	25
	chrIII	212537	1	0.5	25
	chrIII	212546	1	1.0	25
	chrIII	212579	1	0.5	25
	chrIII	212629	0	0.5	25
	chrIII	212666	0	0.5	25
	chrIII	212676	0	0.5	25
	chrIII	212685	0	1.0	25
	chrIII	212703	1	0.5	25
	chrIII	212720	1	0.5	25
	chrIII	212732	1	0.5	25
	chrIII	212740	0	0.5	25
	chrIII	212741	0	0.5	25
	chrIII	212772	0	0.5	25
	chrIII	212776	1	0.5	25
	chrIII	212790	0	0.5	25
	chrIII	212832	1	0.5	25
	chrIII	212846	0	0.5	25
	chrIII	212853	1	0.5	25
	chrIII	212865	1	0.5	25
	chrIII	212905	1	0.5	25
	chrIII	212928	1	0.5	25
	chrIII	212937	1	0.5	25
	chrIII	212989	0	0.5	25
	chrIII	213021	0	0.5	25
	chrIII	213041	0	0.5	25
	chrIII	213062	0	0.5	25
	chrIII	213087	0	0.5	25
	chrIII	213103	0	0.5	25
	chrIII	213103	1	0.5	25
	chrIII	213104	0	0.5	25
	chrIII	213107	0	0.5	25
	chrIII	213117	1	0.5	25
	chrIII	213123	1	0.5	25
	chrIII	213131	0	0.5	25
	chrIII	213133	1	0.5	25
	chrIII	213158	1	1.0	25
	chrIII	213182	0	0.5	25
	chrIII	213190	1	0.5	25
	chrIII	213260	1	0.5	25
	chrIII	213308	1	0.5	25
	chrIII	213316	1	0.5	25
	chrIII	213354	0	0.5	25
	chrIII	213480	0	0.5	25
	chrIII	213502	0	0.5	25
	chrIII	213541	0	0.5	25
	chrIII	213543	1	0.5	25
	chrIII	213567	1	0.5	25
	chrIII	213571	0	0.5	25
	chrIII	213597	0	1.0	25
	chrIII	213626	0	1.0	25
	chrIII	213643	0	0.5	25
	chrIII	213645	1	0.5	25
	chrIII	213646	1	0.5	25
	chrIII	213648	0	0.5	25
	chrIII	213693	1	0.5	25
	chrIII	213698	0	0.5	25
	chrIII	213704	0	0.5	25
	chrIII	213706	1	0.5	25
	chrIII	213729	1	0.5	25
	chrIII	213738	0	0.5	25
	chrIII	213739	0	1.5	25
	chrIII	213745	0	0.5	25
	chrIII	213751	1	1.0	25
	chrIII	213754	0	0.5	25
	chrIII	213755	1	1.0	25
	chrIII	213756	1	0.5	25
	chrIII	213768	1	0.5	25
	chrIII	213811	0	0.5	25
	chrIII	213812	0	1.0	25
	chrIII	213813	0	1.0	25
	chrIII	213818	0	1.0	25
	chrIII	213847	0	0.5	25
	chrIII	213868	1	0.5	25
	chrIII	213872	1	0.5	25
	chrIII	213883	1	0.5	25
	chrIII	213884	0	0.5	25
	chrIII	213885	0	0.5	25
	chrIII	213886	0	0.5	25
	chrIII	213890	1	0.5	25
	chrIII	213891	1	0.5	25
	chrIII	213898	0	1.0	25
	chrIII	213899	0	0.5	25
	chrIII	213899	1	0.5	25
	chrIII	213901	0	0.5	25
	chrIII	213904	1	0.5	25
	chrIII	213906	0	1.0	25
	chrIII	213907	0	0.5	25
	chrIII	213907	1	1.0	25
	chrIII	213914	0	1.0	25
	chrIII	213914	1	0.5	25
	chrIII	213915	0	1.0	25
	chrIII	213917	1	0.5	25
	chrIII	213918	0	1.0	25
	chrIII	213920	0	1.5	25
	chrIII	213921	0	1.5	25
	chrIII	213922	0	3.5	25
	chrIII	213925	0	2.5	25
	chrIII	213926	0	2.0	25
	chrIII	213926	1	0.5	25
	chrIII	213927	0	7.5	25
	chrIII	213928	0	2.0	25
	chrIII	213929	0	1.5	25
	chrIII	213934	0	1.0	25
	chrIII	213937	0	0.5	25
	chrIII	213938	0	2.0	25
	chrIII	213940	1	0.5	25
	chrIII	213941	0	0.5	25
	chrIII	213941	1	0.5	25
	chrIII	213942	0	1.0	25
	chrIII	213942	1	0.5	25
	chrIII	213953	0	0.5	25
	chrIII	213955	0	1.0	25
	chrIII	213970	1	3.5	25
	chrIII	213971	1	0.5	25
	chrIII	213975	1	0.5	24
	chrIII	213975	1	2.0	25
	chrIII	213976	0	1.0	25
	chrIII	213976	1	0.5	25
	chrIII	213980	1	0.5	25
	chrIII	213987	1	1.0	25
	chrIII	213990	0	0.5	25
	chrIII	213993	1	0.5	25
	chrIII	213994	1	0.5	25
	chrIII	213999	1	2.5	25
	chrIII	214000	1	5.5	25
	chrIII	214001	0	1.0	25
	chrIII	214001	1	1.5	25
	chrIII	214003	1	1.5	25
	chrIII	214004	1	1.5	25
	chrIII	214005	0	1.5	25
	chrIII	214005	1	2.5	25
	chrIII	214006	1	3.0	25
	chrIII	214007	1	3.5	25
	chrIII	214008	0	0.5	25
	chrIII	214009	0	0.5	25
	chrIII	214009	1	2.0	25
	chrIII	214010	1	0.5	25
	chrIII	214012	1	0.5	25
	chrIII	214017	1	1.0	25
	chrIII	214025	1	0.5	25
	chrIII	214026	1	0.5	25
	chrIII	214031	0	0.5	25
	chrIII	214042	0	0.5	25
	chrIII	214051	1	0.5	25
	chrIII	214053	0	0.5	25
	chrIII	214071	1	0.5	25
	chrIII	214075	1	0.5	25
	chrIII	214079	1	1.5	25
	chrIII	214084	1	0.5	25
	chrIII	214142	1	0.5	25
	chrIII	214143	0	0.5	25
	chrIII	214143	1	0.5	25
	chrIII	214172	0	1.0	25
	chrIII	214181	1	0.5	25
	chrIII	214208	1	0.5	25
	chrIII	214210	0	0.5	25
	chrIII	214242	1	2.5	25
	chrIII	214244	0	0.5	25
	chrIII	214275	0	0.5	25
	chrIII	214281	0	1.0	25
	chrIII	214288	0	0.5	25
	chrIII	214333	1	0.5	25
	chrIII	214337	1	0.5	25
	chrIII	214353	1	0.5	25
	chrIII	214354	0	0.5	25
	chrIII	214356	0	0.5	25
	chrIII	214379	1	1.0	25
	chrIII	214394	0	0.5	25
	chrIII	214410	0	0.5	25
	chrIII	214444	0	0.5	25
	chrIII	214461	1	0.5	25
	chrIII	214509	0	0.5	25
	chrIII	214513	1	0.5	25
	chrIII	214528	1	0.5	25
	chrIII	214538	1	0.5	25
	chrIII	214540	0	0.5	25
	chrIII	214553	0	1.0	25
	chrIII	214575	1	0.5	25
	chrIII	214588	1	0.5	25
	chrIII	214623	0	0.5	25
	chrIII	214634	0	0.5	25
	chrIII	214646	0	0.5	25
	chrIII	214662	0	0.5	25
	chrIII	214663	0	0.5	25
	chrIII	214681	1	0.5	25
	chrIII	214705	1	1.0	25
	chrIII	214716	1	0.5	25
	chrIII	214739	0	0.5	25
	chrIII	214744	1	0.5	25
	chrIII	214771	0	0.5	25
	chrIII	214793	0	1.0	25
	chrIII	214800	0	0.5	25
	chrIII	214814	0	0.5	25
	chrIII	214815	0	0.5	25
	chrIII	214819	0	1.0	25
	chrIII	214830	0	0.5	25
	chrIII	214831	0	1.5	25
	chrIII	214831	1	0.5	25
	chrIII	214832	0	2.0	25
	chrIII	214833	0	1.0	25
	chrIII	214835	1	0.5	25
	chrIII	214844	0	0.5	25
	chrIII	214847	1	0.5	25
	chrIII	214849	1	0.5	25
	chrIII	214850	0	0.5	25
	chrIII	214851	0	1.0	25
	chrIII	214853	0	0.5	25
	chrIII	214854	0	1.5	25
	chrIII	214855	0	4.0	25
	chrIII	214864	0	0.5	25
	chrIII	214864	1	0.5	25
	chrIII	214865	0	0.5	25
	chrIII	214867	1	1.0	25
	chrIII	214868	0	1.0	25
	chrIII	214871	0	0.5	25
	chrIII	214874	1	0.5	25
	chrIII	214877	0	0.5	25
	chrIII	214886	1	0.5	25
	chrIII	214889	1	0.5	25
	chrIII	214890	0	0.5	25
	chrIII	214890	1	1.0	25
	chrIII	214891	1	0.5	25
	chrIII	214893	1	0.5	25
	chrIII	214894	1	1.0	25
	chrIII	214895	0	0.5	25
	chrIII	214895	1	1.5	25
	chrIII	214897	1	0.5	25
	chrIII	214898	0	0.5	25
	chrIII	214899	1	0.5	25
	chrIII	214900	1	0.5	25
	chrIII	214910	0	0.5	25
	chrIII	214913	0	0.5	25
	chrIII	214913	1	2.0	25
	chrIII	214914	0	0.5	25
	chrIII	214914	1	1.0	25
	chrIII	214918	0	0.5	25
	chrIII	214920	1	0.5	25
	chrIII	214922	0	0.5	25
	chrIII	214922	1	0.5	25
	chrIII	214924	1	0.5	25
	chrIII	214932	1	1.0	25
	chrIII	214934	1	0.5	25
	chrIII	214936	1	1.0	25
	chrIII	214938	1	3.0	25
	chrIII	214944	0	0.5	25
	chrIII	214948	1	0.5	25
	chrIII	214949	0	0.5	25
	chrIII	214960	1	0.5	25
	chrIII	214962	1	1.0	25
	chrIII	214967	0	0.5	25
	chrIII	214969	0	0.5	25
	chrIII	214981	0	0.5	25
	chrIII	214984	1	1.0	25
	chrIII	214989	1	1.0	25
	chrIII	214992	1	0.5	25
	chrIII	215015	0	0.5	25
	chrIII	215018	1	0.5	25
	chrIII	215035	0	0.5	25
	chrIII	215040	1	0.5	25
	chrIII	215054	1	0.5	25
	chrIII	215069	1	0.5	25
	chrIII	215074	1	0.5	25
	chrIII	215078	1	0.5	25
	chrIII	215090	1	0.5	25
	chrIII	215104	0	0.5	25
	chrIII	215120	0	0.5	25
	chrIII	215128	1	0.5	25
	chrIII	215141	0	0.5	25
	chrIII	215162	1	0.5	25
	chrIII	215171	0	0.5	25
	chrIII	215198	1	0.5	25
	chrIII	215213	0	0.5	25
	chrIII	215218	1	0.5	25
	chrIII	215225	0	0.5	25
	chrIII	215236	1	0.5	25
	chrIII	215247	0	0.5	25
	chrIII	215290	1	0.5	25
	chrIII	215294	1	0.5	25
	chrIII	215301	1	0.5	25
	chrIII	215305	0	0.5	25
	chrIII	215320	0	0.5	25
	chrIII	215364	0	0.5	25
	chrIII	215385	1	0.5	25
	chrIII	215386	1	0.5	25
	chrIII	215417	1	0.5	25
	chrIII	215445	1	0.5	25
	chrIII	215460	0	0.5	25
	chrIII	215514	1	0.5	25
	chrIII	215531	0	0.5	25
	chrIII	215603	0	0.5	25
	chrIII	215609	1	0.5	25
	chrIII	215649	0	0.5	25
	chrIII	215675	1	0.5	25
	chrIII	215679	0	1.0	25
	chrIII	215685	0	0.5	25
	chrIII	215691	0	0.5	25
	chrIII	215699	0	0.5	25
	chrIII	215716	0	1.0	25
	chrIII	215730	1	0.5	25
	chrIII	215746	1	1.0	25
	chrIII	215755	1	0.5	25
	chrIII	215765	1	0.5	25
	chrIII	215769	0	0.5	25
	chrIII	215778	1	0.5	25
	chrIII	215784	0	0.5	25
	chrIII	215804	0	1.0	25
	chrIII	215830	1	0.5	25
	chrIII	215843	1	0.5	25
	chrIII	215846	0	0.5	25
	chrIII	215913	0	0.5	25
	chrIII	215926	1	1.0	25
	chrIII	215932	1	1.0	25
	chrIII	215936	0	0.5	25
	chrIII	215948	1	0.5	25
	chrIII	215988	0	0.5	25
	chrIII	216011	1	0.5	25
	chrIII	216019	0	0.5	25
	chrIII	216050	1	0.5	25
	chrIII	216067	0	0.5	25
	chrIII	216069	0	1.0	25
	chrIII	216074	0	0.5	25
	chrIII	216079	0	0.5	25
	chrIII	216081	0	1.0	25
	chrIII	216085	0	0.5	25
	chrIII	216101	0	0.5	25
	chrIII	216102	1	0.5	25
	chrIII	216136	1	0.5	25
	chrIII	216137	1	0.5	25
	chrIII	216144	0	0.5	25
	chrIII	216150	1	0.5	25
	chrIII	216154	0	0.5	25
	chrIII	216156	1	1.0	25
	chrIII	216157	0	0.5	25
	chrIII	216174	1	1.0	25
	chrIII	216185	1	0.5	25
	chrIII	216212	0	0.5	25
	chrIII	216225	1	0.5	25
	chrIII	216231	1	0.5	25
	chrIII	216237	1	0.5	25
	chrIII	216248	0	0.5	25
	chrIII	216254	0	0.5	25
	chrIII	216262	1	0.5	25
	chrIII	216270	1	0.5	25
	chrIII	216294	0	0.5	25
	chrIII	216295	1	0.5	25
	chrIII	216300	1	0.5	25
	chrIII	216331	1	0.5	25
	chrIII	216338	0	0.5	25
	chrIII	216356	0	0.5	25
	chrIII	216359	0	0.5	25
	chrIII	216403	0	0.5	25
	chrIII	216404	0	0.5	25
	chrIII	216433	0	1.0	25
	chrIII	216440	0	1.0	25
	chrIII	216441	0	0.5	25
	chrIII	216443	0	0.5	25
	chrIII	216451	0	0.5	25
	chrIII	216455	0	1.0	25
	chrIII	216456	0	2.5	25
	chrIII	216457	0	1.0	25
	chrIII	216459	0	1.0	25
	chrIII	216464	0	0.5	25
	chrIII	216469	0	1.0	25
	chrIII	216474	1	0.5	25
	chrIII	216477	0	0.5	25
	chrIII	216488	1	0.5	25
	chrIII	216495	0	0.5	25
	chrIII	216498	1	1.0	25
	chrIII	216514	1	1.0	25
	chrIII	216517	0	1.0	25
	chrIII	216517	1	0.5	25
	chrIII	216518	1	0.5	25
	chrIII	216521	1	1.0	25
	chrIII	216523	1	1.0	25
	chrIII	216524	1	1.0	25
	chrIII	216525	0	1.5	25
	chrIII	216526	0	1.0	25
	chrIII	216529	0	0.5	25
	chrIII	216535	0	0.5	25
	chrIII	216535	1	0.5	25
	chrIII	216536	1	0.5	25
	chrIII	216538	0	0.5	25
	chrIII	216538	1	2.0	25
	chrIII	216539	0	1.5	25
	chrIII	216539	1	0.5	25
	chrIII	216542	0	0.5	25
	chrIII	216544	1	1.0	25
	chrIII	216556	1	0.5	25
	chrIII	216569	1	1.0	25
	chrIII	216570	1	0.5	25
	chrIII	216571	1	2.0	25
	chrIII	216572	0	0.5	25
	chrIII	216577	1	0.5	25
	chrIII	216581	1	1.0	25
	chrIII	216585	1	1.0	25
	chrIII	216586	0	0.5	25
	chrIII	216592	1	1.0	25
	chrIII	216593	1	0.5	25
	chrIII	216594	1	1.5	25
	chrIII	216617	0	0.5	25
	chrIII	216619	0	1.0	25
	chrIII	216619	1	0.5	25
	chrIII	216635	0	0.5	25
	chrIII	216641	1	0.5	25
	chrIII	216642	0	0.5	25
	chrIII	216650	1	0.5	25
	chrIII	216660	1	0.5	25
	chrIII	216671	1	1.0	25
	chrIII	216682	1	0.5	25
	chrIII	216683	0	0.5	25
	chrIII	216726	1	0.5	25
	chrIII	216732	1	0.5	25
	chrIII	216773	0	0.5	25
	chrIII	216781	0	0.5	25
	chrIII	216838	1	0.5	25
	chrIII	216839	0	0.5	25
	chrIII	216839	1	0.5	25
	chrIII	216892	1	0.5	25
	chrIII	216907	0	0.5	25
	chrIII	216913	0	0.5	25
	chrIII	216965	0	0.5	25
	chrIII	216981	0	0.5	25
	chrIII	216991	0	0.5	25
	chrIII	216996	1	0.5	25
	chrIII	217005	0	0.5	25
	chrIII	217008	1	0.5	25
	chrIII	217030	1	0.5	25
	chrIII	217049	0	0.5	25
	chrIII	217053	1	0.5	25
	chrIII	217069	0	0.5	25
	chrIII	217075	0	0.5	25
	chrIII	217084	1	0.5	25
	chrIII	217090	0	0.5	25
	chrIII	217120	0	0.5	25
	chrIII	217123	1	0.5	25
	chrIII	217133	0	0.5	25
	chrIII	217162	1	0.5	25
	chrIII	217190	1	0.5	25
	chrIII	217204	1	0.5	25
	chrIII	217211	1	0.5	25
	chrIII	217216	1	0.5	25
	chrIII	217229	1	0.5	25
	chrIII	217244	0	0.5	25
	chrIII	217246	0	0.5	25
	chrIII	217256	0	0.5	25
	chrIII	217300	0	0.5	25
	chrIII	217318	0	0.5	25
	chrIII	217320	0	0.5	25
	chrIII	217342	1	0.5	25
	chrIII	217351	1	0.5	25
	chrIII	217356	1	0.5	25
	chrIII	217364	0	0.5	25
	chrIII	217366	0	0.5	25
	chrIII	217375	0	0.5	25
	chrIII	217393	0	1.0	25
	chrIII	217398	0	0.5	25
	chrIII	217409	1	0.5	25
	chrIII	217440	1	0.5	25
	chrIII	217448	1	0.5	25
	chrIII	217453	1	0.5	25
	chrIII	217454	1	0.5	25
	chrIII	217455	1	0.5	25
	chrIII	217472	0	0.5	25
	chrIII	217477	1	0.5	25
	chrIII	217498	0	1.0	25
	chrIII	217500	0	0.5	25
	chrIII	217507	1	0.5	25
	chrIII	217508	0	0.5	23
	chrIII	217531	0	0.5	25
	chrIII	217556	0	0.5	25
	chrIII	217561	1	0.5	25
	chrIII	217575	1	0.5	25
	chrIII	217578	1	1.0	25
	chrIII	217579	0	0.5	25
	chrIII	217581	0	0.5	25
	chrIII	217582	1	0.5	25
	chrIII	217584	0	1.0	25
	chrIII	217595	1	0.5	25
	chrIII	217603	0	0.5	25
	chrIII	217642	1	0.5	25
	chrIII	217643	1	0.5	25
	chrIII	217645	1	1.0	25
	chrIII	217646	0	1.0	25
	chrIII	217646	1	0.5	25
	chrIII	217664	1	0.5	25
	chrIII	217721	1	0.5	25
	chrIII	217736	0	0.5	25
	chrIII	217744	1	1.0	25
	chrIII	217811	1	0.5	25
	chrIII	217890	0	0.5	25
	chrIII	217911	0	0.5	25
	chrIII	217919	0	0.5	25
	chrIII	217921	0	0.5	25
	chrIII	217932	0	0.5	25
	chrIII	217976	0	0.5	25
	chrIII	217998	1	0.5	25
	chrIII	218003	1	1.0	25
	chrIII	218022	0	0.5	25
	chrIII	218025	0	0.5	25
	chrIII	218036	1	1.0	25
	chrIII	218078	1	0.5	25
	chrIII	218079	0	0.5	25
	chrIII	218082	1	0.5	25
	chrIII	218088	1	0.5	25
	chrIII	218104	0	0.5	25
	chrIII	218131	0	0.5	25
	chrIII	218152	1	0.5	25
	chrIII	218153	0	0.5	25
	chrIII	218156	0	0.5	25
	chrIII	218196	0	0.5	25
	chrIII	218216	1	0.5	25
	chrIII	218239	0	0.5	25
	chrIII	218252	1	0.5	25
	chrIII	218272	1	0.5	25
	chrIII	218276	0	0.5	25
	chrIII	218283	0	0.5	25
	chrIII	218284	1	0.5	25
	chrIII	218285	0	1.0	25
	chrIII	218287	0	0.5	25
	chrIII	218295	0	0.5	25
	chrIII	218301	0	0.5	25
	chrIII	218301	1	0.5	25
	chrIII	218312	0	0.5	25
	chrIII	218329	0	0.5	25
	chrIII	218338	1	0.5	25
	chrIII	218344	1	0.5	25
	chrIII	218355	1	0.5	25
	chrIII	218368	1	0.5	25
	chrIII	218374	0	0.5	25
	chrIII	218375	0	0.5	25
	chrIII	218377	1	0.5	25
	chrIII	218386	0	0.5	25
	chrIII	218388	1	0.5	25
	chrIII	218409	0	0.5	25
	chrIII	218435	1	0.5	25
	chrIII	218436	0	0.5	25
	chrIII	218436	1	1.0	25
	chrIII	218437	0	1.0	25
	chrIII	218438	1	0.5	25
	chrIII	218440	1	0.5	25
	chrIII	218458	1	0.5	25
	chrIII	218463	0	0.5	25
	chrIII	218467	1	0.5	25
	chrIII	218472	0	0.5	25
	chrIII	218480	0	0.5	25
	chrIII	218484	0	0.5	25
	chrIII	218499	1	0.5	25
	chrIII	218501	1	1.0	25
	chrIII	218502	1	0.5	25
	chrIII	218524	1	0.5	25
	chrIII	218538	1	0.5	25
	chrIII	218563	1	0.5	25
	chrIII	218591	0	0.5	25
	chrIII	218592	1	0.5	25
	chrIII	218628	0	1.0	25
	chrIII	218632	0	0.5	25
	chrIII	218666	1	0.5	25
	chrIII	218667	0	0.5	25
	chrIII	218674	0	0.5	25
	chrIII	218698	1	0.5	25
	chrIII	218714	0	0.5	25
	chrIII	218720	0	0.5	25
	chrIII	218720	1	0.5	25
	chrIII	218724	1	1.0	25
	chrIII	218733	1	0.5	25
	chrIII	218758	0	0.5	25
	chrIII	218765	0	0.5	25
	chrIII	218766	1	0.5	25
	chrIII	218768	0	0.5	25
	chrIII	218806	1	0.5	25
	chrIII	218843	1	0.5	25
	chrIII	218855	0	0.5	25
	chrIII	218866	1	0.5	25
	chrIII	218914	0	0.5	25
	chrIII	218970	0	0.5	25
	chrIII	218976	1	0.5	25
	chrIII	218983	0	0.5	25
	chrIII	219001	0	0.5	25
	chrIII	219007	1	0.5	25
	chrIII	219012	0	0.5	25
	chrIII	219048	0	0.5	25
	chrIII	219050	1	0.5	25
	chrIII	219056	1	0.5	25
	chrIII	219058	0	0.5	25
	chrIII	219065	1	0.5	25
	chrIII	219080	0	0.5	25
	chrIII	219091	1	0.5	25
	chrIII	219113	0	0.5	25
	chrIII	219135	1	0.5	25
	chrIII	219136	0	0.5	25
	chrIII	219145	1	0.5	25
	chrIII	219150	1	0.5	25
	chrIII	219152	0	0.5	25
	chrIII	219154	1	0.5	25
	chrIII	219170	1	0.5	25
	chrIII	219187	1	0.5	25
	chrIII	219225	1	0.5	25
	chrIII	219237	0	1.0	25
	chrIII	219266	0	1.0	25
	chrIII	219292	0	0.5	25
	chrIII	219301	0	0.5	25
	chrIII	219314	1	1.0	25
	chrIII	219318	1	1.0	25
	chrIII	219381	1	0.5	25
	chrIII	219383	1	0.5	25
	chrIII	219390	0	1.0	25
	chrIII	219410	0	0.5	25
	chrIII	219424	0	0.5	25
	chrIII	219474	0	0.5	25
	chrIII	219484	1	0.5	25
	chrIII	219491	1	0.5	25
	chrIII	219496	0	0.5	25
	chrIII	219499	1	0.5	25
	chrIII	219518	1	0.5	25
	chrIII	219556	0	0.5	25
	chrIII	219557	0	0.5	25
	chrIII	219557	1	0.5	25
	chrIII	219580	0	0.5	25
	chrIII	219600	0	0.5	25
	chrIII	219625	0	0.5	25
	chrIII	219627	0	0.5	25
	chrIII	219629	0	1.5	25
	chrIII	219642	1	0.5	25
	chrIII	219643	0	0.5	25
	chrIII	219655	1	0.5	25
	chrIII	219658	0	0.5	25
	chrIII	219660	0	1.0	25
	chrIII	219669	0	1.0	25
	chrIII	219669	1	0.5	25
	chrIII	219687	1	0.5	25
	chrIII	219695	1	1.0	25
	chrIII	219705	0	0.5	25
	chrIII	219712	0	0.5	25
	chrIII	219733	1	0.5	25
	chrIII	219736	1	1.0	25
	chrIII	219737	1	0.5	25
	chrIII	219749	0	0.5	25
	chrIII	219763	1	1.0	25
	chrIII	219765	1	0.5	25
	chrIII	219792	0	0.5	25
	chrIII	219794	0	1.5	25
	chrIII	219798	0	0.5	25
	chrIII	219809	1	0.5	25
	chrIII	219812	1	1.0	25
	chrIII	219814	1	0.5	25
	chrIII	219818	0	0.5	25
	chrIII	219819	1	1.0	25
	chrIII	219828	0	1.0	25
	chrIII	219847	1	0.5	25
	chrIII	219855	1	0.5	25
	chrIII	219877	0	0.5	25
	chrIII	219884	1	0.5	25
	chrIII	219889	1	0.5	25
	chrIII	219890	1	1.5	25
	chrIII	219918	0	0.5	25
	chrIII	219947	0	0.5	25
	chrIII	219978	1	0.5	25
	chrIII	219995	0	0.5	25
	chrIII	220005	0	1.0	25
	chrIII	220005	1	0.5	25
	chrIII	220033	1	0.5	25
	chrIII	220037	0	0.5	25
	chrIII	220042	0	0.5	25
	chrIII	220047	1	0.5	25
	chrIII	220062	0	0.5	25
	chrIII	220065	0	0.5	25
	chrIII	220071	1	0.5	25
	chrIII	220080	0	1.0	25
	chrIII	220083	0	0.5	25
	chrIII	220099	0	0.5	25
	chrIII	220101	0	0.5	25
	chrIII	220109	0	0.5	25
	chrIII	220112	0	0.5	25
	chrIII	220117	1	0.5	25
	chrIII	220118	1	0.5	25
	chrIII	220120	0	0.5	25
	chrIII	220122	1	1.0	25
	chrIII	220123	0	1.5	25
	chrIII	220124	0	0.5	25
	chrIII	220137	0	0.5	25
	chrIII	220141	0	1.0	25
	chrIII	220144	0	0.5	25
	chrIII	220145	0	1.0	25
	chrIII	220153	1	0.5	25
	chrIII	220154	0	1.0	25
	chrIII	220161	1	0.5	25
	chrIII	220162	1	1.0	25
	chrIII	220165	0	0.5	25
	chrIII	220170	1	0.5	25
	chrIII	220178	1	0.5	25
	chrIII	220179	1	1.0	25
	chrIII	220185	1	0.5	25
	chrIII	220191	0	0.5	25
	chrIII	220192	0	0.5	25
	chrIII	220194	0	0.5	25
	chrIII	220196	0	0.5	25
	chrIII	220199	0	0.5	25
	chrIII	220200	1	0.5	25
	chrIII	220203	0	0.5	25
	chrIII	220208	1	0.5	25
	chrIII	220212	0	0.5	25
	chrIII	220215	1	0.5	25
	chrIII	220216	0	1.0	25
	chrIII	220216	1	1.0	25
	chrIII	220220	1	0.5	25
	chrIII	220228	0	0.5	25
	chrIII	220245	1	2.0	25
	chrIII	220246	0	0.5	25
	chrIII	220246	1	1.0	25
	chrIII	220247	0	1.5	25
	chrIII	220247	1	1.5	25
	chrIII	220248	0	1.0	25
	chrIII	220248	1	0.5	25
	chrIII	220249	0	0.5	25
	chrIII	220250	0	1.0	25
	chrIII	220251	0	1.0	25
	chrIII	220251	1	1.0	25
	chrIII	220252	0	0.5	25
	chrIII	220253	1	1.0	25
	chrIII	220254	0	1.5	25
	chrIII	220267	0	0.5	25
	chrIII	220270	0	0.5	25
	chrIII	220275	1	0.5	25
	chrIII	220284	0	0.5	25
	chrIII	220290	1	0.5	25
	chrIII	220292	0	0.5	25
	chrIII	220292	1	0.5	25
	chrIII	220299	1	0.5	25
	chrIII	220307	0	0.5	25
	chrIII	220307	1	0.5	25
	chrIII	220309	1	2.0	25
	chrIII	220311	1	1.0	25
	chrIII	220312	1	1.0	25
	chrIII	220317	1	0.5	25
	chrIII	220329	1	0.5	25
	chrIII	220332	1	1.0	25
	chrIII	220334	0	0.5	25
	chrIII	220343	0	0.5	25
	chrIII	220343	1	0.5	25
	chrIII	220352	1	0.5	25
	chrIII	220369	1	0.5	25
	chrIII	220376	0	0.5	25
	chrIII	220389	1	0.5	25
	chrIII	220391	1	0.5	25
	chrIII	220394	0	0.5	25
	chrIII	220396	0	1.0	25
	chrIII	220401	0	0.5	25
	chrIII	220428	1	0.5	25
	chrIII	220432	1	0.5	25
	chrIII	220438	0	0.5	25
	chrIII	220443	1	0.5	25
	chrIII	220447	1	0.5	25
	chrIII	220449	1	0.5	25
	chrIII	220451	1	0.5	25
	chrIII	220459	1	0.5	25
	chrIII	220462	0	0.5	25
	chrIII	220469	1	0.5	25
	chrIII	220476	0	0.5	25
	chrIII	220478	1	0.5	25
	chrIII	220491	0	0.5	25
	chrIII	220511	0	0.5	25
	chrIII	220517	1	0.5	25
	chrIII	220525	1	0.5	25
	chrIII	220570	1	0.5	25
	chrIII	220576	1	0.5	25
	chrIII	220631	1	0.5	25
	chrIII	220692	0	0.5	25
	chrIII	220750	1	0.5	25
	chrIII	220758	0	0.5	25
	chrIII	220764	0	1.0	25
	chrIII	220781	0	0.5	25
	chrIII	220838	1	1.0	25
	chrIII	220876	1	0.5	25
	chrIII	220882	1	0.5	25
	chrIII	220889	0	0.5	25
	chrIII	220914	0	0.5	25
	chrIII	220937	0	0.5	25
	chrIII	220977	1	0.5	25
	chrIII	220979	0	0.5	25
	chrIII	220995	0	0.5	25
	chrIII	221008	1	0.5	25
	chrIII	221027	0	0.5	25
	chrIII	221054	1	0.5	25
	chrIII	221056	1	0.5	25
	chrIII	221075	0	0.5	25
	chrIII	221081	1	0.5	25
	chrIII	221083	0	0.5	25
	chrIII	221114	0	0.5	25
	chrIII	221119	0	0.5	25
	chrIII	221123	0	0.5	25
	chrIII	221163	1	0.5	25
	chrIII	221172	1	0.5	25
	chrIII	221195	0	0.5	25
	chrIII	221230	1	0.5	25
	chrIII	221237	0	0.5	25
	chrIII	221258	1	0.5	25
	chrIII	221261	0	1.5	25
	chrIII	221269	0	0.5	25
	chrIII	221278	1	0.5	25
	chrIII	221299	0	0.5	25
	chrIII	221352	1	0.5	25
	chrIII	221356	1	0.5	25
	chrIII	221359	0	0.5	25
	chrIII	221385	0	0.5	25
	chrIII	221391	0	0.5	25
	chrIII	221393	1	0.5	25
	chrIII	221409	0	0.5	25
	chrIII	221414	1	1.5	25
	chrIII	221421	0	2.5	25
	chrIII	221433	1	0.5	25
	chrIII	221451	1	0.5	25
	chrIII	221453	1	0.5	25
	chrIII	221461	1	0.5	25
	chrIII	221464	1	0.5	25
	chrIII	221467	0	0.5	25
	chrIII	221475	1	1.0	25
	chrIII	221488	1	0.5	25
	chrIII	221502	0	0.5	25
	chrIII	221503	1	1.0	25
	chrIII	221538	1	0.5	25
	chrIII	221580	1	0.5	25
	chrIII	221581	1	0.5	25
	chrIII	221625	0	0.5	25
	chrIII	221661	0	0.5	25
	chrIII	221686	1	0.5	25
	chrIII	221753	1	0.5	25
	chrIII	221768	0	0.5	25
	chrIII	221781	0	0.5	25
	chrIII	221826	1	0.5	25
	chrIII	221834	0	0.5	25
	chrIII	221844	0	0.5	25
	chrIII	221872	0	0.5	25
	chrIII	221873	0	0.5	25
	chrIII	221874	1	0.5	25
	chrIII	221879	0	0.5	25
	chrIII	221891	1	0.5	25
	chrIII	221896	0	0.5	25
	chrIII	221913	1	0.5	25
	chrIII	221921	0	0.5	25
	chrIII	221923	1	0.5	25
	chrIII	221925	1	0.5	25
	chrIII	221930	1	1.0	25
	chrIII	221951	0	0.5	25
	chrIII	221979	1	0.5	25
	chrIII	221994	0	0.5	25
	chrIII	222017	1	0.5	25
	chrIII	222036	0	0.5	25
	chrIII	222085	1	0.5	25
	chrIII	222106	1	0.5	25
	chrIII	222107	0	0.5	25
	chrIII	222113	0	0.5	25
	chrIII	222173	1	0.5	25
	chrIII	222206	1	0.5	25
	chrIII	222212	0	0.5	25
	chrIII	222246	0	0.5	25
	chrIII	222251	1	0.5	25
	chrIII	222298	0	0.5	25
	chrIII	222317	0	0.5	25
	chrIII	222335	0	0.5	25
	chrIII	222344	1	0.5	25
	chrIII	222356	0	0.5	25
	chrIII	222380	0	0.5	25
	chrIII	222391	1	0.5	25
	chrIII	222392	1	0.5	25
	chrIII	222430	0	1.0	25
	chrIII	222440	1	0.5	25
	chrIII	222441	1	0.5	25
	chrIII	222461	1	0.5	25
	chrIII	222471	0	0.5	25
	chrIII	222560	1	0.5	25
	chrIII	222609	1	1.0	25
	chrIII	222633	0	0.5	25
	chrIII	222634	0	0.5	25
	chrIII	222648	0	0.5	25
	chrIII	222674	0	0.5	25
	chrIII	222677	0	0.5	25
	chrIII	222684	0	0.5	25
	chrIII	222693	1	0.5	25
	chrIII	222701	0	0.5	25
	chrIII	222704	1	0.5	25
	chrIII	222708	0	0.5	25
	chrIII	222743	1	0.5	25
	chrIII	222761	1	0.5	25
	chrIII	222763	1	0.5	25
	chrIII	222771	1	0.5	25
	chrIII	222781	1	0.5	25
	chrIII	222811	1	0.5	25
	chrIII	222812	0	0.5	25
	chrIII	222813	0	0.5	25
	chrIII	222843	0	0.5	25
	chrIII	222867	0	1.0	25
	chrIII	222879	1	0.5	25
	chrIII	222899	0	0.5	25
	chrIII	222926	1	1.5	25
	chrIII	222939	0	0.5	25
	chrIII	222952	1	0.5	25
	chrIII	222975	0	0.5	25
	chrIII	222983	1	0.5	25
	chrIII	223019	1	0.5	25
	chrIII	223065	0	0.5	25
	chrIII	223083	0	0.5	25
	chrIII	223089	1	0.5	25
	chrIII	223117	0	0.5	25
	chrIII	223126	0	0.5	25
	chrIII	223180	0	0.5	25
	chrIII	223196	1	0.5	25
	chrIII	223209	1	0.5	25
	chrIII	223215	0	0.5	25
	chrIII	223251	1	0.5	25
	chrIII	223282	1	0.5	25
	chrIII	223290	1	0.5	25
	chrIII	223304	0	0.5	25
	chrIII	223308	0	0.5	25
	chrIII	223308	1	0.5	25
	chrIII	223310	0	0.5	25
	chrIII	223317	0	0.5	25
	chrIII	223328	0	0.5	25
	chrIII	223333	0	0.5	23
	chrIII	223338	0	0.5	25
	chrIII	223339	0	0.5	25
	chrIII	223361	1	0.5	25
	chrIII	223363	0	0.5	25
	chrIII	223370	0	0.5	25
	chrIII	223387	0	0.5	25
	chrIII	223388	1	0.5	25
	chrIII	223397	0	0.5	25
	chrIII	223398	1	1.0	25
	chrIII	223399	0	1.0	25
	chrIII	223402	0	0.5	25
	chrIII	223414	1	1.0	25
	chrIII	223421	1	0.5	25
	chrIII	223426	1	1.0	25
	chrIII	223440	0	0.5	25
	chrIII	223441	1	0.5	25
	chrIII	223442	1	0.5	25
	chrIII	223443	1	0.5	25
	chrIII	223450	1	0.5	25
	chrIII	223454	1	0.5	25
	chrIII	223456	0	0.5	25
	chrIII	223466	1	0.5	25
	chrIII	223488	0	0.5	25
	chrIII	223519	1	0.5	25
	chrIII	223542	1	0.5	25
	chrIII	223577	0	0.5	25
	chrIII	223698	0	0.5	25
	chrIII	223708	1	0.5	25
	chrIII	223756	0	0.5	25
	chrIII	223759	0	0.5	25
	chrIII	223771	1	0.5	25
	chrIII	223778	1	0.5	25
	chrIII	223790	0	0.5	25
	chrIII	223810	1	0.5	25
	chrIII	223860	1	0.5	25
	chrIII	223901	1	0.5	25
	chrIII	223907	0	0.5	25
	chrIII	223918	0	1.0	25
	chrIII	223932	0	0.5	25
	chrIII	223940	0	0.5	25
	chrIII	223962	0	0.5	25
	chrIII	223971	0	0.5	25
	chrIII	223991	0	0.5	25
	chrIII	224004	1	1.0	25
	chrIII	224008	0	0.5	25
	chrIII	224018	0	0.5	25
	chrIII	224062	1	0.5	25
	chrIII	224079	0	0.5	25
	chrIII	224102	0	0.5	25
	chrIII	224103	1	1.5	25
	chrIII	224109	0	0.5	25
	chrIII	224112	1	0.5	25
	chrIII	224121	0	1.0	25
	chrIII	224139	1	0.5	25
	chrIII	224147	0	0.5	25
	chrIII	224149	0	0.5	25
	chrIII	224162	1	0.5	25
	chrIII	224170	1	0.5	25
	chrIII	224176	1	0.5	25
	chrIII	224189	0	0.5	25
	chrIII	224199	1	0.5	25
	chrIII	224200	1	0.5	25
	chrIII	224202	1	0.5	25
	chrIII	224246	1	1.0	25
	chrIII	224291	1	0.5	25
	chrIII	224294	0	0.5	25
	chrIII	224294	1	0.5	25
	chrIII	224305	0	1.0	25
	chrIII	224306	0	0.5	25
	chrIII	224308	0	1.5	25
	chrIII	224315	0	0.5	25
	chrIII	224321	0	1.5	25
	chrIII	224322	0	1.5	25
	chrIII	224324	0	0.5	25
	chrIII	224333	0	0.5	25
	chrIII	224346	1	0.5	25
	chrIII	224348	0	0.5	25
	chrIII	224349	1	0.5	25
	chrIII	224355	0	0.5	25
	chrIII	224359	1	0.5	25
	chrIII	224372	0	0.5	25
	chrIII	224375	1	1.0	25
	chrIII	224377	1	0.5	25
	chrIII	224386	1	0.5	25
	chrIII	224391	1	1.0	25
	chrIII	224392	1	2.0	25
	chrIII	224399	1	1.0	25
	chrIII	224421	0	0.5	25
	chrIII	224437	1	0.5	25
	chrIII	224440	1	0.5	25
	chrIII	224447	0	0.5	25
	chrIII	224476	1	0.5	25
	chrIII	224493	0	0.5	25
	chrIII	224525	1	0.5	25
	chrIII	224546	1	0.5	25
	chrIII	224555	1	0.5	25
	chrIII	224578	1	0.5	25
	chrIII	224629	0	1.0	25
	chrIII	224633	0	0.5	25
	chrIII	224653	0	0.5	25
	chrIII	224669	1	1.0	25
	chrIII	224679	1	0.5	25
	chrIII	224682	0	0.5	25
	chrIII	224746	0	0.5	25
	chrIII	224776	1	0.5	25
	chrIII	224793	0	1.0	25
	chrIII	224797	0	1.0	25
	chrIII	224804	0	1.5	25
	chrIII	224808	0	0.5	25
	chrIII	224814	0	0.5	25
	chrIII	224831	0	1.5	25
	chrIII	224832	0	2.5	25
	chrIII	224833	0	1.0	25
	chrIII	224837	0	0.5	25
	chrIII	224838	0	0.5	25
	chrIII	224841	0	7.0	25
	chrIII	224843	0	1.5	25
	chrIII	224844	0	6.5	25
	chrIII	224847	0	0.5	25
	chrIII	224848	0	0.5	25
	chrIII	224849	0	0.5	25
	chrIII	224851	0	0.5	25
	chrIII	224853	0	1.0	25
	chrIII	224854	0	1.0	25
	chrIII	224859	0	0.5	25
	chrIII	224864	0	0.5	25
	chrIII	224867	0	2.0	25
	chrIII	224868	0	0.5	25
	chrIII	224873	1	0.5	25
	chrIII	224878	0	0.5	25
	chrIII	224890	1	0.5	25
	chrIII	224894	1	0.5	25
	chrIII	224898	1	2.0	25
	chrIII	224899	0	2.0	25
	chrIII	224900	0	1.0	25
	chrIII	224906	1	1.0	25
	chrIII	224909	1	1.0	25
	chrIII	224910	1	0.5	25
	chrIII	224911	1	0.5	25
	chrIII	224912	0	0.5	25
	chrIII	224912	1	0.5	25
	chrIII	224913	1	2.5	25
	chrIII	224914	1	1.0	25
	chrIII	224919	1	0.5	25
	chrIII	224921	1	1.0	25
	chrIII	224922	1	0.5	25
	chrIII	224923	1	1.5	25
	chrIII	224924	1	0.5	25
	chrIII	224928	1	0.5	25
	chrIII	224929	1	8.5	25
	chrIII	224930	1	2.5	25
	chrIII	224931	1	7.5	25
	chrIII	224932	0	1.0	25
	chrIII	224932	1	1.0	25
	chrIII	224936	0	0.5	25
	chrIII	224938	0	0.5	25
	chrIII	224939	0	0.5	25
	chrIII	224946	0	0.5	25
	chrIII	224955	0	1.0	25
	chrIII	224965	0	0.5	25
	chrIII	224966	1	1.0	25
	chrIII	224988	1	0.5	25
	chrIII	224990	0	1.0	25
	chrIII	224995	1	0.5	25
	chrIII	224996	1	0.5	25
	chrIII	225009	0	0.5	25
	chrIII	225010	0	0.5	25
	chrIII	225012	0	0.5	25
	chrIII	225018	0	0.5	25
	chrIII	225038	0	0.5	25
	chrIII	225042	1	0.5	25
	chrIII	225045	1	0.5	25
	chrIII	225047	1	1.0	25
	chrIII	225057	1	0.5	25
	chrIII	225059	1	0.5	25
	chrIII	225072	1	0.5	25
	chrIII	225084	1	0.5	25
	chrIII	225085	1	0.5	25
	chrIII	225099	1	0.5	25
	chrIII	225102	0	0.5	25
	chrIII	225106	1	0.5	25
	chrIII	225111	0	0.5	25
	chrIII	225115	0	0.5	25
	chrIII	225115	1	0.5	25
	chrIII	225117	1	0.5	25
	chrIII	225118	1	0.5	25
	chrIII	225119	1	0.5	25
	chrIII	225120	0	0.5	25
	chrIII	225132	0	0.5	25
	chrIII	225148	0	0.5	25
	chrIII	225156	1	0.5	25
	chrIII	225161	0	1.0	25
	chrIII	225194	1	0.5	25
	chrIII	225197	1	0.5	25
	chrIII	225211	1	1.0	25
	chrIII	225216	0	0.5	25
	chrIII	225216	1	0.5	25
	chrIII	225228	0	0.5	25
	chrIII	225247	0	1.0	25
	chrIII	225257	1	1.0	25
	chrIII	225264	0	0.5	25
	chrIII	225266	0	0.5	25
	chrIII	225277	0	1.0	25
	chrIII	225278	0	1.5	25
	chrIII	225278	1	0.5	25
	chrIII	225279	0	0.5	25
	chrIII	225291	1	0.5	25
	chrIII	225303	0	0.5	25
	chrIII	225304	1	0.5	25
	chrIII	225311	1	1.0	25
	chrIII	225333	1	0.5	25
	chrIII	225337	0	0.5	25
	chrIII	225338	0	0.5	25
	chrIII	225355	1	0.5	25
	chrIII	225368	0	0.5	25
	chrIII	225371	1	0.5	25
	chrIII	225377	1	0.5	25
	chrIII	225385	0	0.5	25
	chrIII	225388	1	0.5	25
	chrIII	225398	1	0.5	25
	chrIII	225400	0	0.5	25
	chrIII	225408	0	0.5	25
	chrIII	225409	0	2.0	25
	chrIII	225413	0	0.5	25
	chrIII	225425	1	0.5	25
	chrIII	225426	0	0.5	25
	chrIII	225427	0	0.5	25
	chrIII	225427	1	1.0	25
	chrIII	225428	1	0.5	25
	chrIII	225429	0	0.5	25
	chrIII	225448	1	0.5	25
	chrIII	225449	1	0.5	25
	chrIII	225450	0	0.5	25
	chrIII	225458	1	0.5	25
	chrIII	225462	1	3.0	25
	chrIII	225463	1	0.5	25
	chrIII	225464	0	1.0	25
	chrIII	225473	1	1.0	25
	chrIII	225489	1	1.0	25
	chrIII	225502	1	0.5	25
	chrIII	225504	1	0.5	25
	chrIII	225519	1	0.5	25
	chrIII	225571	0	0.5	25
	chrIII	225594	0	0.5	25
	chrIII	225676	0	0.5	25
	chrIII	225681	1	0.5	25
	chrIII	225700	0	0.5	25
	chrIII	225705	1	0.5	25
	chrIII	225745	1	0.5	25
	chrIII	225755	1	0.5	25
	chrIII	225773	0	0.5	25
	chrIII	225779	0	0.5	25
	chrIII	225793	1	0.5	25
	chrIII	225804	0	0.5	25
	chrIII	225844	0	0.5	25
	chrIII	225874	1	0.5	25
	chrIII	225877	0	0.5	25
	chrIII	225887	1	0.5	25
	chrIII	225891	0	0.5	25
	chrIII	225946	1	1.0	25
	chrIII	225953	0	0.5	25
	chrIII	225958	0	0.5	25
	chrIII	225968	1	0.5	25
	chrIII	225970	0	0.5	25
	chrIII	225973	0	0.5	25
	chrIII	225975	0	0.5	25
	chrIII	225988	1	0.5	25
	chrIII	226028	1	0.5	25
	chrIII	226031	1	0.5	25
	chrIII	226048	0	0.5	25
	chrIII	226053	1	0.5	25
	chrIII	226058	0	0.5	25
	chrIII	226061	1	0.5	25
	chrIII	226109	0	0.5	25
	chrIII	226122	1	1.0	25
	chrIII	226162	1	0.5	25
	chrIII	226184	1	0.5	25
	chrIII	226209	0	0.5	25
	chrIII	226217	0	1.5	25
	chrIII	226248	0	0.5	25
	chrIII	226262	1	0.5	25
	chrIII	226276	1	0.5	25
	chrIII	226305	1	0.5	25
	chrIII	226306	1	0.5	25
	chrIII	226310	0	0.5	25
	chrIII	226311	0	0.5	25
	chrIII	226345	0	0.5	25
	chrIII	226367	0	0.5	25
	chrIII	226389	1	0.5	25
	chrIII	226405	0	1.0	25
	chrIII	226411	1	0.5	25
	chrIII	226431	1	0.5	25
	chrIII	226462	0	0.5	25
	chrIII	226464	0	0.5	25
	chrIII	226464	1	0.5	25
	chrIII	226465	1	1.0	25
	chrIII	226466	0	1.5	25
	chrIII	226514	1	0.5	25
	chrIII	226521	0	1.0	25
	chrIII	226528	1	0.5	25
	chrIII	226534	1	1.0	25
	chrIII	226562	0	0.5	25
	chrIII	226570	0	0.5	25
	chrIII	226588	0	0.5	25
	chrIII	226620	1	0.5	25
	chrIII	226621	1	0.5	25
	chrIII	226622	0	1.0	25
	chrIII	226629	0	0.5	25
	chrIII	226639	1	0.5	25
	chrIII	226653	1	0.5	25
	chrIII	226668	0	0.5	25
	chrIII	226678	1	1.5	25
	chrIII	226679	1	0.5	25
	chrIII	226680	0	0.5	25
	chrIII	226680	1	0.5	25
	chrIII	226707	0	0.5	25
	chrIII	226717	1	0.5	25
	chrIII	226737	1	0.5	25
	chrIII	226739	0	0.5	25
	chrIII	226753	1	0.5	25
	chrIII	226776	1	0.5	25
	chrIII	226780	0	1.0	25
	chrIII	226804	1	0.5	25
	chrIII	226842	0	0.5	25
	chrIII	226887	0	1.0	25
	chrIII	226937	1	0.5	25
	chrIII	226959	1	1.0	25
	chrIII	226979	0	0.5	25
	chrIII	227000	1	1.0	25
	chrIII	227053	0	0.5	25
	chrIII	227072	0	0.5	25
	chrIII	227104	1	0.5	25
	chrIII	227113	0	0.5	25
	chrIII	227121	1	0.5	25
	chrIII	227145	0	0.5	25
	chrIII	227155	1	0.5	25
	chrIII	227183	1	0.5	25
	chrIII	227223	0	0.5	25
	chrIII	227244	0	0.5	25
	chrIII	227253	0	0.5	25
	chrIII	227256	0	0.5	25
	chrIII	227276	1	0.5	25
	chrIII	227291	1	0.5	25
	chrIII	227293	1	0.5	25
	chrIII	227316	1	0.5	25
	chrIII	227330	1	0.5	25
	chrIII	227333	0	1.0	25
	chrIII	227336	0	0.5	25
	chrIII	227341	0	0.5	25
	chrIII	227388	0	0.5	25
	chrIII	227388	1	0.5	25
	chrIII	227408	1	1.0	25
	chrIII	227459	1	0.5	25
	chrIII	227469	0	0.5	25
	chrIII	227491	0	1.0	25
	chrIII	227494	1	0.5	25
	chrIII	227511	0	0.5	25
	chrIII	227514	0	0.5	25
	chrIII	227518	1	0.5	25
	chrIII	227521	0	0.5	25
	chrIII	227527	0	0.5	25
	chrIII	227540	0	0.5	25
	chrIII	227554	1	1.0	25
	chrIII	227575	0	0.5	25
	chrIII	227583	0	0.5	25
	chrIII	227592	0	0.5	25
	chrIII	227616	1	0.5	25
	chrIII	227622	0	0.5	25
	chrIII	227624	1	0.5	25
	chrIII	227647	1	1.0	25
	chrIII	227673	0	1.0	25
	chrIII	227687	1	0.5	25
	chrIII	227689	1	0.5	25
	chrIII	227691	0	0.5	25
	chrIII	227694	0	0.5	25
	chrIII	227700	1	0.5	25
	chrIII	227714	0	0.5	25
	chrIII	227720	1	0.5	25
	chrIII	227724	1	0.5	25
	chrIII	227733	1	0.5	25
	chrIII	227780	1	1.0	25
	chrIII	227808	0	0.5	25
	chrIII	227820	0	0.5	25
	chrIII	227830	0	0.5	25
	chrIII	227833	0	0.5	25
	chrIII	227844	0	0.5	25
	chrIII	227846	0	0.5	25
	chrIII	227848	1	0.5	25
	chrIII	227866	0	0.5	25
	chrIII	227871	0	0.5	25
	chrIII	227871	1	0.5	25
	chrIII	227896	1	0.5	25
	chrIII	227912	1	0.5	25
	chrIII	227915	1	0.5	25
	chrIII	227926	1	1.0	25
	chrIII	227927	0	0.5	25
	chrIII	227927	1	1.0	25
	chrIII	227934	0	1.0	25
	chrIII	227939	0	0.5	25
	chrIII	227940	0	0.5	25
	chrIII	227949	0	1.0	25
	chrIII	227960	1	0.5	25
	chrIII	227977	1	0.5	25
	chrIII	228004	0	0.5	25
	chrIII	228023	1	0.5	25
	chrIII	228026	1	1.0	25
	chrIII	228055	1	0.5	25
	chrIII	228058	0	0.5	25
	chrIII	228078	1	0.5	25
	chrIII	228080	1	1.0	25
	chrIII	228088	0	0.5	25
	chrIII	228102	0	0.5	25
	chrIII	228123	0	0.5	25
	chrIII	228126	0	0.5	25
	chrIII	228131	0	0.5	25
	chrIII	228135	0	0.5	25
	chrIII	228148	1	0.5	25
	chrIII	228157	0	0.5	25
	chrIII	228166	0	0.5	25
	chrIII	228175	1	0.5	25
	chrIII	228181	0	0.5	25
	chrIII	228188	1	0.5	25
	chrIII	228189	0	0.5	25
	chrIII	228190	0	0.5	23
	chrIII	228190	0	5.5	25
	chrIII	228193	0	0.5	25
	chrIII	228194	0	0.5	25
	chrIII	228195	0	0.5	25
	chrIII	228212	1	0.5	25
	chrIII	228219	1	0.5	25
	chrIII	228220	1	0.5	25
	chrIII	228221	1	0.5	25
	chrIII	228225	1	0.5	25
	chrIII	228226	0	1.0	25
	chrIII	228247	1	2.0	25
	chrIII	228248	1	1.0	25
	chrIII	228249	0	1.5	25
	chrIII	228263	1	1.5	25
	chrIII	228268	1	0.5	25
	chrIII	228277	1	1.5	25
	chrIII	228278	0	1.0	25
	chrIII	228287	0	0.5	25
	chrIII	228293	0	0.5	25
	chrIII	228295	1	0.5	25
	chrIII	228296	1	1.0	25
	chrIII	228297	1	0.5	25
	chrIII	228314	0	0.5	25
	chrIII	228321	0	1.0	25
	chrIII	228333	0	0.5	25
	chrIII	228345	1	1.0	25
	chrIII	228358	1	0.5	25
	chrIII	228359	1	0.5	25
	chrIII	228366	0	0.5	25
	chrIII	228386	1	1.0	25
	chrIII	228390	1	0.5	25
	chrIII	228402	1	0.5	25
	chrIII	228403	1	1.0	25
	chrIII	228411	0	0.5	25
	chrIII	228418	1	0.5	25
	chrIII	228434	1	0.5	25
	chrIII	228436	0	0.5	25
	chrIII	228475	1	1.0	25
	chrIII	228506	0	0.5	25
	chrIII	228511	0	0.5	25
	chrIII	228562	1	0.5	25
	chrIII	228574	1	0.5	25
	chrIII	228576	0	0.5	25
	chrIII	228593	0	0.5	25
	chrIII	228594	0	0.5	25
	chrIII	228613	0	0.5	25
	chrIII	228615	1	0.5	25
	chrIII	228630	1	0.5	25
	chrIII	228655	1	0.5	25
	chrIII	228656	1	0.5	25
	chrIII	228659	1	1.0	25
	chrIII	228691	1	0.5	25
	chrIII	228704	0	0.5	25
	chrIII	228712	0	1.0	25
	chrIII	228716	0	0.5	25
	chrIII	228757	1	0.5	25
	chrIII	228774	0	0.5	25
	chrIII	228780	0	0.5	25
	chrIII	228796	1	1.0	25
	chrIII	228799	0	0.5	25
	chrIII	228852	0	1.0	25
	chrIII	228854	1	0.5	25
	chrIII	228855	0	0.5	25
	chrIII	228857	0	0.5	25
	chrIII	228858	1	0.5	25
	chrIII	228859	0	0.5	25
	chrIII	228880	0	0.5	25
	chrIII	228897	0	0.5	25
	chrIII	228914	0	0.5	25
	chrIII	228926	1	0.5	25
	chrIII	228946	1	0.5	25
	chrIII	228948	0	0.5	25
	chrIII	228953	1	0.5	25
	chrIII	228957	1	0.5	25
	chrIII	228965	1	0.5	25
	chrIII	228973	0	0.5	25
	chrIII	228978	0	1.5	25
	chrIII	228986	0	0.5	25
	chrIII	228991	0	0.5	25
	chrIII	228998	0	0.5	25
	chrIII	229015	1	0.5	25
	chrIII	229017	0	1.5	25
	chrIII	229017	1	0.5	25
	chrIII	229018	0	1.0	25
	chrIII	229019	1	1.0	25
	chrIII	229029	1	0.5	25
	chrIII	229032	1	0.5	25
	chrIII	229038	1	0.5	25
	chrIII	229052	1	0.5	25
	chrIII	229056	0	0.5	25
	chrIII	229058	0	0.5	25
	chrIII	229069	1	0.5	25
	chrIII	229072	1	0.5	25
	chrIII	229083	0	0.5	25
	chrIII	229084	0	1.5	25
	chrIII	229084	1	1.0	25
	chrIII	229096	0	1.0	25
	chrIII	229101	1	0.5	25
	chrIII	229109	0	0.5	25
	chrIII	229113	1	1.0	25
	chrIII	229123	1	0.5	25
	chrIII	229133	1	0.5	25
	chrIII	229143	1	1.0	25
	chrIII	229146	1	0.5	25
	chrIII	229147	1	0.5	25
	chrIII	229153	0	0.5	25
	chrIII	229160	0	0.5	25
	chrIII	229172	1	0.5	25
	chrIII	229179	1	0.5	25
	chrIII	229192	1	1.5	25
	chrIII	229193	1	0.5	25
	chrIII	229206	1	0.5	25
	chrIII	229211	1	0.5	25
	chrIII	229281	0	0.5	25
	chrIII	229306	0	0.5	25
	chrIII	229327	0	0.5	25
	chrIII	229328	0	0.5	25
	chrIII	229338	0	0.5	25
	chrIII	229345	1	0.5	25
	chrIII	229350	1	0.5	25
	chrIII	229363	0	1.0	25
	chrIII	229378	1	0.5	25
	chrIII	229391	1	0.5	25
	chrIII	229402	1	0.5	25
	chrIII	229405	0	0.5	25
	chrIII	229414	0	0.5	25
	chrIII	229431	1	1.0	25
	chrIII	229458	0	0.5	25
	chrIII	229468	0	0.5	25
	chrIII	229469	0	0.5	25
	chrIII	229487	0	0.5	25
	chrIII	229531	0	0.5	25
	chrIII	229544	0	0.5	25
	chrIII	229550	0	0.5	25
	chrIII	229562	1	0.5	25
	chrIII	229563	1	0.5	25
	chrIII	229577	1	0.5	25
	chrIII	229587	1	0.5	25
	chrIII	229589	0	0.5	25
	chrIII	229610	1	0.5	25
	chrIII	229617	1	0.5	25
	chrIII	229618	0	0.5	25
	chrIII	229658	1	0.5	25
	chrIII	229666	0	0.5	25
	chrIII	229676	1	0.5	25
	chrIII	229679	1	0.5	23
	chrIII	229694	1	0.5	25
	chrIII	229712	1	0.5	25
	chrIII	229717	0	1.0	25
	chrIII	229737	0	0.5	25
	chrIII	229740	1	0.5	25
	chrIII	229759	0	0.5	25
	chrIII	229779	1	1.0	25
	chrIII	229780	0	0.5	25
	chrIII	229788	0	0.5	25
	chrIII	229789	1	0.5	25
	chrIII	229823	1	0.5	25
	chrIII	229834	0	1.0	25
	chrIII	229838	0	0.5	25
	chrIII	229839	0	0.5	25
	chrIII	229879	1	0.5	25
	chrIII	229881	1	0.5	25
	chrIII	229905	1	1.0	25
	chrIII	229907	1	0.5	25
	chrIII	229927	1	0.5	25
	chrIII	229936	0	0.5	25
	chrIII	229989	0	1.0	25
	chrIII	230015	1	0.5	25
	chrIII	230023	0	1.0	25
	chrIII	230053	1	1.0	25
	chrIII	230054	1	1.0	25
	chrIII	230070	0	0.5	25
	chrIII	230109	0	1.5	25
	chrIII	230131	1	0.5	25
	chrIII	230158	0	0.5	25
	chrIII	230198	0	0.5	25
	chrIII	230200	1	1.5	25
	chrIII	230236	1	0.5	25
	chrIII	230313	0	0.5	25
	chrIII	230324	0	0.5	25
	chrIII	230335	0	0.5	25
	chrIII	230340	0	0.5	25
	chrIII	230341	1	0.5	25
	chrIII	230351	0	0.5	25
	chrIII	230369	1	0.5	25
	chrIII	230382	0	0.5	25
	chrIII	230387	1	0.5	25
	chrIII	230393	1	0.5	25
	chrIII	230403	0	0.5	25
	chrIII	230410	0	0.5	25
	chrIII	230424	1	0.5	25
	chrIII	230425	0	1.0	25
	chrIII	230434	0	1.0	25
	chrIII	230441	1	0.5	25
	chrIII	230449	1	0.5	25
	chrIII	230467	1	0.5	25
	chrIII	230468	0	0.5	25
	chrIII	230495	1	0.5	25
	chrIII	230507	0	0.5	25
	chrIII	230507	1	1.0	25
	chrIII	230518	0	0.5	25
	chrIII	230532	1	0.5	25
	chrIII	230534	1	0.5	25
	chrIII	230543	0	0.5	25
	chrIII	230573	1	0.5	25
	chrIII	230587	0	0.5	25
	chrIII	230589	1	0.5	25
	chrIII	230614	0	0.5	25
	chrIII	230619	0	0.5	25
	chrIII	230641	1	0.5	25
	chrIII	230650	1	0.5	25
	chrIII	230654	0	0.5	25
	chrIII	230673	0	1.5	25
	chrIII	230677	1	0.5	25
	chrIII	230699	1	0.5	25
	chrIII	230730	0	0.5	25
	chrIII	230759	0	1.0	25
	chrIII	230776	1	0.5	25
	chrIII	230791	1	0.5	25
	chrIII	230801	1	1.5	25
	chrIII	230827	1	0.5	25
	chrIII	230831	0	0.5	25
	chrIII	230857	1	0.5	25
	chrIII	230864	0	0.5	25
	chrIII	230895	0	0.5	25
	chrIII	230901	1	0.5	25
	chrIII	230922	0	0.5	25
	chrIII	230946	0	0.5	25
	chrIII	230962	1	0.5	25
	chrIII	230967	0	0.5	25
	chrIII	230975	0	0.5	25
	chrIII	230990	1	0.5	25
	chrIII	231001	1	0.5	25
	chrIII	231008	1	0.5	25
	chrIII	231032	1	0.5	25
	chrIII	231049	1	0.5	25
	chrIII	231056	0	0.5	25
	chrIII	231064	0	0.5	25
	chrIII	231067	0	0.5	25
	chrIII	231072	0	0.5	25
	chrIII	231095	0	0.5	25
	chrIII	231118	1	0.5	25
	chrIII	231119	0	0.5	25
	chrIII	231122	1	1.0	25
	chrIII	231145	1	0.5	25
	chrIII	231147	1	0.5	25
	chrIII	231148	0	0.5	25
	chrIII	231166	0	0.5	25
	chrIII	231188	1	0.5	25
	chrIII	231189	0	0.5	25
	chrIII	231192	0	0.5	25
	chrIII	231193	0	0.5	25
	chrIII	231194	0	0.5	25
	chrIII	231201	0	1.0	25
	chrIII	231206	1	0.5	25
	chrIII	231227	1	0.5	25
	chrIII	231239	0	0.5	25
	chrIII	231243	1	0.5	25
	chrIII	231244	0	1.0	25
	chrIII	231245	1	0.5	25
	chrIII	231247	1	0.5	25
	chrIII	231258	0	0.5	25
	chrIII	231265	1	0.5	25
	chrIII	231266	0	0.5	25
	chrIII	231267	1	0.5	25
	chrIII	231276	1	0.5	25
	chrIII	231277	0	0.5	25
	chrIII	231279	0	0.5	25
	chrIII	231282	1	0.5	25
	chrIII	231295	1	0.5	25
	chrIII	231296	0	2.0	25
	chrIII	231307	0	0.5	25
	chrIII	231307	1	0.5	25
	chrIII	231333	0	0.5	25
	chrIII	231337	1	0.5	25
	chrIII	231342	1	1.5	25
	chrIII	231343	0	0.5	25
	chrIII	231358	1	0.5	25
	chrIII	231362	1	0.5	25
	chrIII	231370	0	0.5	25
	chrIII	231371	0	0.5	25
	chrIII	231383	1	1.0	25
	chrIII	231390	0	0.5	25
	chrIII	231394	1	0.5	25
	chrIII	231409	0	0.5	25
	chrIII	231411	1	0.5	25
	chrIII	231412	0	0.5	25
	chrIII	231413	0	0.5	25
	chrIII	231427	1	0.5	25
	chrIII	231438	0	0.5	25
	chrIII	231439	1	0.5	25
	chrIII	231453	0	0.5	25
	chrIII	231457	0	0.5	25
	chrIII	231472	1	0.5	25
	chrIII	231473	0	0.5	25
	chrIII	231479	0	0.5	25
	chrIII	231482	1	0.5	25
	chrIII	231492	1	0.5	25
	chrIII	231494	1	0.5	25
	chrIII	231495	0	0.5	25
	chrIII	231531	1	0.5	25
	chrIII	231532	1	0.5	25
	chrIII	231539	0	0.5	25
	chrIII	231547	0	0.5	25
	chrIII	231551	1	0.5	25
	chrIII	231558	1	0.5	25
	chrIII	231569	0	0.5	25
	chrIII	231572	1	0.5	25
	chrIII	231573	0	0.5	25
	chrIII	231593	1	0.5	25
	chrIII	231594	0	0.5	25
	chrIII	231603	1	0.5	25
	chrIII	231607	0	0.5	25
	chrIII	231618	1	0.5	25
	chrIII	231626	1	0.5	25
	chrIII	231634	1	0.5	25
	chrIII	231648	1	0.5	25
	chrIII	231666	1	0.5	25
	chrIII	231715	0	0.5	25
	chrIII	231720	0	1.0	25
	chrIII	231737	0	0.5	25
	chrIII	231768	1	0.5	25
	chrIII	231773	1	0.5	25
	chrIII	231779	1	0.5	25
	chrIII	231783	1	1.0	25
	chrIII	231794	0	0.5	25
	chrIII	231825	0	0.5	25
	chrIII	231832	0	1.0	25
	chrIII	231857	1	0.5	25
	chrIII	231891	1	0.5	25
	chrIII	231914	0	1.0	25
	chrIII	231919	0	0.5	25
	chrIII	231927	0	0.5	25
	chrIII	231938	0	0.5	25
	chrIII	231942	1	0.5	25
	chrIII	231953	1	1.0	25
	chrIII	231969	1	1.0	25
	chrIII	231973	0	0.5	25
	chrIII	231978	0	0.5	25
	chrIII	231993	0	0.5	25
	chrIII	232003	1	0.5	25
	chrIII	232028	0	0.5	25
	chrIII	232031	1	0.5	25
	chrIII	232033	1	0.5	25
	chrIII	232045	1	0.5	25
	chrIII	232047	1	0.5	25
	chrIII	232048	0	0.5	25
	chrIII	232095	0	0.5	25
	chrIII	232099	1	0.5	25
	chrIII	232113	1	0.5	25
	chrIII	232119	0	0.5	25
	chrIII	232143	1	0.5	25
	chrIII	232152	0	0.5	25
	chrIII	232162	1	0.5	25
	chrIII	232174	1	0.5	25
	chrIII	232190	1	0.5	25
	chrIII	232206	0	0.5	25
	chrIII	232232	0	0.5	25
	chrIII	232235	0	0.5	25
	chrIII	232244	0	0.5	25
	chrIII	232267	1	0.5	25
	chrIII	232270	1	0.5	25
	chrIII	232302	1	0.5	25
	chrIII	232355	0	0.5	25
	chrIII	232362	0	0.5	25
	chrIII	232364	0	0.5	25
	chrIII	232410	1	0.5	25
	chrIII	232434	0	0.5	25
	chrIII	232440	1	0.5	25
	chrIII	232445	1	0.5	25
	chrIII	232447	1	0.5	25
	chrIII	232468	0	1.5	25
	chrIII	232486	0	0.5	25
	chrIII	232495	0	0.5	25
	chrIII	232500	1	0.5	25
	chrIII	232514	1	0.5	25
	chrIII	232520	0	0.5	25
	chrIII	232541	0	0.5	25
	chrIII	232547	1	0.5	25
	chrIII	232550	0	0.5	25
	chrIII	232563	0	0.5	25
	chrIII	232567	1	1.0	25
	chrIII	232585	1	0.5	25
	chrIII	232602	1	0.5	25
	chrIII	232608	0	0.5	25
	chrIII	232609	1	0.5	25
	chrIII	232610	0	1.0	25
	chrIII	232618	1	0.5	25
	chrIII	232619	0	0.5	25
	chrIII	232640	1	0.5	25
	chrIII	232666	1	0.5	25
	chrIII	232673	1	0.5	25
	chrIII	232687	0	0.5	25
	chrIII	232702	1	0.5	25
	chrIII	232703	0	0.5	25
	chrIII	232708	1	0.5	25
	chrIII	232735	1	0.5	25
	chrIII	232748	0	0.5	25
	chrIII	232756	0	0.5	25
	chrIII	232759	1	0.5	25
	chrIII	232775	0	0.5	25
	chrIII	232813	1	0.5	25
	chrIII	232817	1	0.5	25
	chrIII	232824	0	0.5	25
	chrIII	232852	1	0.5	25
	chrIII	232860	1	0.5	25
	chrIII	232941	0	0.5	25
	chrIII	232961	0	0.5	25
	chrIII	232962	0	0.5	25
	chrIII	232990	0	0.5	25
	chrIII	232995	0	0.5	25
	chrIII	233008	0	0.5	25
	chrIII	233017	0	0.5	25
	chrIII	233026	0	0.5	25
	chrIII	233028	1	0.5	25
	chrIII	233042	0	0.5	25
	chrIII	233044	1	0.5	25
	chrIII	233050	1	0.5	25
	chrIII	233059	0	1.0	25
	chrIII	233062	1	0.5	25
	chrIII	233063	1	0.5	25
	chrIII	233064	1	0.5	25
	chrIII	233079	1	0.5	25
	chrIII	233103	0	1.0	25
	chrIII	233104	1	0.5	25
	chrIII	233110	0	0.5	25
	chrIII	233121	1	1.0	25
	chrIII	233134	1	0.5	25
	chrIII	233188	1	0.5	25
	chrIII	233215	0	0.5	25
	chrIII	233262	0	1.0	25
	chrIII	233274	1	1.0	25
	chrIII	233289	1	0.5	25
	chrIII	233291	0	0.5	25
	chrIII	233341	0	0.5	25
	chrIII	233361	0	1.0	25
	chrIII	233372	1	0.5	25
	chrIII	233410	0	0.5	25
	chrIII	233428	1	1.0	25
	chrIII	233431	1	0.5	25
	chrIII	233467	0	0.5	25
	chrIII	233481	0	0.5	25
	chrIII	233517	0	0.5	25
	chrIII	233542	1	0.5	25
	chrIII	233599	1	1.0	25
	chrIII	233646	0	0.5	25
	chrIII	233649	0	0.5	25
	chrIII	233654	0	1.0	25
	chrIII	233667	1	0.5	25
	chrIII	233679	0	0.5	25
	chrIII	233684	1	0.5	25
	chrIII	233686	1	0.5	25
	chrIII	233687	0	0.5	25
	chrIII	233688	0	1.0	25
	chrIII	233689	0	0.5	25
	chrIII	233713	0	1.0	25
	chrIII	233713	1	0.5	25
	chrIII	233719	1	1.0	25
	chrIII	233723	0	1.0	25
	chrIII	233731	0	0.5	25
	chrIII	233742	1	0.5	25
	chrIII	233743	0	0.5	25
	chrIII	233744	1	0.5	25
	chrIII	233746	1	0.5	25
	chrIII	233772	1	0.5	25
	chrIII	233773	1	1.0	25
	chrIII	233775	1	1.0	25
	chrIII	233807	1	0.5	25
	chrIII	233814	0	0.5	25
	chrIII	233849	0	0.5	25
	chrIII	233864	1	0.5	25
	chrIII	233868	0	0.5	25
	chrIII	233872	1	0.5	25
	chrIII	233883	1	0.5	25
	chrIII	233888	1	0.5	25
	chrIII	233898	1	0.5	25
	chrIII	233914	1	0.5	25
	chrIII	233942	0	0.5	25
	chrIII	234018	0	0.5	25
	chrIII	234019	1	0.5	25
	chrIII	234053	0	0.5	25
	chrIII	234056	0	0.5	25
	chrIII	234064	0	0.5	25
	chrIII	234088	1	0.5	25
	chrIII	234108	1	0.5	25
	chrIII	234121	0	1.5	25
	chrIII	234125	0	0.5	25
	chrIII	234126	0	0.5	25
	chrIII	234139	1	0.5	25
	chrIII	234142	0	0.5	25
	chrIII	234161	1	0.5	25
	chrIII	234187	1	0.5	25
	chrIII	234193	1	0.5	25
	chrIII	234201	1	0.5	25
	chrIII	234202	0	0.5	25
	chrIII	234214	1	0.5	25
	chrIII	234216	0	0.5	25
	chrIII	234218	1	0.5	25
	chrIII	234241	0	1.0	25
	chrIII	234250	1	0.5	25
	chrIII	234252	1	0.5	25
	chrIII	234318	0	0.5	25
	chrIII	234327	0	0.5	25
	chrIII	234340	0	0.5	25
	chrIII	234342	1	1.0	25
	chrIII	234373	1	0.5	25
	chrIII	234388	0	0.5	23
	chrIII	234394	1	0.5	25
	chrIII	234405	1	0.5	25
	chrIII	234460	1	0.5	25
	chrIII	234584	0	0.5	25
	chrIII	234614	0	0.5	25
	chrIII	234663	0	0.5	25
	chrIII	234671	1	0.5	25
	chrIII	234682	1	0.5	25
	chrIII	234688	1	0.5	25
	chrIII	234705	0	0.5	25
	chrIII	234721	0	0.5	25
	chrIII	234722	1	0.5	25
	chrIII	234764	0	0.5	25
	chrIII	234832	1	0.5	25
	chrIII	234833	1	0.5	25
	chrIII	234874	0	0.5	25
	chrIII	234877	1	0.5	25
	chrIII	234954	0	0.5	25
	chrIII	235024	1	0.5	25
	chrIII	235030	1	0.5	25
	chrIII	235054	0	0.5	25
	chrIII	235055	0	0.5	25
	chrIII	235071	0	0.5	25
	chrIII	235072	0	0.5	25
	chrIII	235107	1	0.5	25
	chrIII	235117	1	0.5	25
	chrIII	235185	0	0.5	25
	chrIII	235198	0	0.5	25
	chrIII	235199	0	0.5	25
	chrIII	235203	0	0.5	25
	chrIII	235206	0	0.5	25
	chrIII	235223	1	0.5	25
	chrIII	235225	0	0.5	25
	chrIII	235242	1	1.0	25
	chrIII	235255	1	0.5	25
	chrIII	235267	0	0.5	25
	chrIII	235277	0	0.5	25
	chrIII	235285	1	1.0	25
	chrIII	235292	1	0.5	25
	chrIII	235313	1	0.5	25
	chrIII	235341	0	0.5	25
	chrIII	235346	1	0.5	25
	chrIII	235352	1	0.5	25
	chrIII	235370	0	0.5	25
	chrIII	235402	0	0.5	25
	chrIII	235430	0	0.5	25
	chrIII	235439	1	0.5	25
	chrIII	235464	0	0.5	25
	chrIII	235473	0	1.0	25
	chrIII	235489	1	0.5	25
	chrIII	235499	0	0.5	25
	chrIII	235502	0	1.0	25
	chrIII	235504	1	0.5	25
	chrIII	235505	1	0.5	25
	chrIII	235525	1	0.5	25
	chrIII	235584	0	0.5	25
	chrIII	235593	1	1.0	25
	chrIII	235613	0	0.5	25
	chrIII	235615	0	0.5	25
	chrIII	235621	0	0.5	25
	chrIII	235621	1	0.5	25
	chrIII	235633	0	0.5	25
	chrIII	235639	0	0.5	25
	chrIII	235678	1	0.5	25
	chrIII	235680	1	0.5	25
	chrIII	235681	0	0.5	25
	chrIII	235682	0	0.5	25
	chrIII	235684	0	1.0	25
	chrIII	235687	1	0.5	25
	chrIII	235688	0	0.5	25
	chrIII	235688	1	0.5	25
	chrIII	235695	1	0.5	25
	chrIII	235696	0	0.5	25
	chrIII	235722	1	0.5	25
	chrIII	235730	1	1.0	25
	chrIII	235731	0	0.5	25
	chrIII	235734	1	0.5	25
	chrIII	235749	1	1.0	25
	chrIII	235755	1	0.5	25
	chrIII	235759	0	0.5	25
	chrIII	235767	1	0.5	25
	chrIII	235769	1	0.5	25
	chrIII	235819	1	0.5	25
	chrIII	235836	1	0.5	25
	chrIII	235841	0	0.5	25
	chrIII	235844	0	0.5	25
	chrIII	235867	0	0.5	25
	chrIII	235908	0	0.5	25
	chrIII	235909	1	0.5	25
	chrIII	235920	1	0.5	25
	chrIII	235946	1	0.5	25
	chrIII	235970	0	0.5	25
	chrIII	235971	0	0.5	25
	chrIII	236006	0	0.5	25
	chrIII	236023	1	0.5	25
	chrIII	236034	0	0.5	25
	chrIII	236044	1	0.5	25
	chrIII	236051	0	0.5	25
	chrIII	236063	1	0.5	25
	chrIII	236067	0	1.0	25
	chrIII	236067	1	0.5	25
	chrIII	236070	0	1.0	25
	chrIII	236092	1	0.5	25
	chrIII	236093	0	0.5	25
	chrIII	236099	0	1.0	25
	chrIII	236112	0	0.5	25
	chrIII	236119	0	1.0	25
	chrIII	236134	1	0.5	25
	chrIII	236135	0	1.0	25
	chrIII	236142	1	1.0	25
	chrIII	236144	0	0.5	25
	chrIII	236155	1	1.0	25
	chrIII	236160	1	0.5	25
	chrIII	236164	1	1.0	25
	chrIII	236168	1	0.5	25
	chrIII	236189	0	0.5	25
	chrIII	236206	1	0.5	25
	chrIII	236242	0	0.5	25
	chrIII	236257	1	0.5	25
	chrIII	236281	1	0.5	25
	chrIII	236298	0	0.5	25
	chrIII	236301	1	0.5	25
	chrIII	236323	1	0.5	25
	chrIII	236325	1	0.5	25
	chrIII	236342	1	0.5	25
	chrIII	236343	1	0.5	25
	chrIII	236356	0	0.5	25
	chrIII	236403	0	0.5	25
	chrIII	236421	1	0.5	25
	chrIII	236433	0	0.5	25
	chrIII	236436	0	0.5	25
	chrIII	236437	0	0.5	25
	chrIII	236446	0	1.0	25
	chrIII	236468	0	0.5	25
	chrIII	236469	1	0.5	25
	chrIII	236478	0	0.5	25
	chrIII	236492	1	0.5	25
	chrIII	236493	1	0.5	25
	chrIII	236497	0	0.5	25
	chrIII	236520	1	0.5	25
	chrIII	236524	1	0.5	25
	chrIII	236527	1	0.5	25
	chrIII	236528	1	1.0	25
	chrIII	236551	0	0.5	25
	chrIII	236612	1	0.5	25
	chrIII	236645	0	0.5	25
	chrIII	236663	0	0.5	25
	chrIII	236666	0	1.0	25
	chrIII	236683	0	0.5	25
	chrIII	236686	1	0.5	25
	chrIII	236700	0	1.0	25
	chrIII	236705	0	0.5	25
	chrIII	236706	0	0.5	25
	chrIII	236731	1	0.5	25
	chrIII	236739	1	0.5	25
	chrIII	236740	1	0.5	25
	chrIII	236755	1	0.5	25
	chrIII	236773	1	1.5	25
	chrIII	236774	0	0.5	25
	chrIII	236775	0	0.5	25
	chrIII	236788	0	0.5	25
	chrIII	236793	1	0.5	25
	chrIII	236822	0	0.5	25
	chrIII	236826	0	0.5	25
	chrIII	236827	0	0.5	25
	chrIII	236827	1	0.5	25
	chrIII	236829	0	1.0	25
	chrIII	236834	1	0.5	25
	chrIII	236838	0	0.5	25
	chrIII	236840	0	1.5	25
	chrIII	236841	0	1.5	25
	chrIII	236845	0	1.5	25
	chrIII	236860	1	0.5	25
	chrIII	236861	0	0.5	25
	chrIII	236867	1	0.5	25
	chrIII	236886	1	0.5	25
	chrIII	236889	0	0.5	25
	chrIII	236898	1	0.5	25
	chrIII	236899	1	0.5	25
	chrIII	236904	1	0.5	25
	chrIII	236905	0	0.5	25
	chrIII	236907	1	0.5	25
	chrIII	236910	1	0.5	25
	chrIII	236911	0	0.5	25
	chrIII	236913	0	1.0	25
	chrIII	236913	1	1.0	25
	chrIII	236914	0	1.0	25
	chrIII	236915	0	1.5	25
	chrIII	236915	1	0.5	25
	chrIII	236916	0	1.0	25
	chrIII	236918	0	0.5	25
	chrIII	236921	0	1.0	25
	chrIII	236952	0	0.5	25
	chrIII	236957	0	0.5	25
	chrIII	236957	1	1.0	25
	chrIII	236958	0	0.5	25
	chrIII	236981	1	0.5	25
	chrIII	236985	1	0.5	25
	chrIII	236987	1	0.5	25
	chrIII	236997	1	1.5	25
	chrIII	236998	0	1.0	25
	chrIII	236998	1	1.5	25
	chrIII	236999	1	1.5	25
	chrIII	237000	1	0.5	25
	chrIII	237003	0	0.5	25
	chrIII	237004	0	0.5	25
	chrIII	237009	1	0.5	25
	chrIII	237011	1	1.5	25
	chrIII	237014	1	0.5	25
	chrIII	237015	1	1.0	25
	chrIII	237017	1	0.5	25
	chrIII	237021	0	0.5	25
	chrIII	237023	1	0.5	25
	chrIII	237039	1	0.5	25
	chrIII	237041	0	0.5	25
	chrIII	237051	0	0.5	25
	chrIII	237074	0	0.5	25
	chrIII	237074	1	0.5	25
	chrIII	237082	1	0.5	25
	chrIII	237096	0	0.5	25
	chrIII	237101	0	0.5	25
	chrIII	237107	1	0.5	25
	chrIII	237112	1	0.5	25
	chrIII	237127	0	0.5	25
	chrIII	237159	1	0.5	25
	chrIII	237166	1	0.5	25
	chrIII	237168	1	0.5	25
	chrIII	237182	0	0.5	25
	chrIII	237186	0	1.0	25
	chrIII	237187	1	1.0	25
	chrIII	237190	0	0.5	25
	chrIII	237204	1	0.5	25
	chrIII	237211	0	0.5	25
	chrIII	237236	0	0.5	25
	chrIII	237237	1	0.5	25
	chrIII	237251	1	0.5	25
	chrIII	237255	1	0.5	25
	chrIII	237273	1	1.0	25
	chrIII	237275	1	0.5	25
	chrIII	237349	0	0.5	25
	chrIII	237354	0	0.5	25
	chrIII	237405	1	0.5	25
	chrIII	237423	0	0.5	25
	chrIII	237468	0	0.5	25
	chrIII	237500	1	0.5	25
	chrIII	237517	0	0.5	25
	chrIII	237519	0	0.5	25
	chrIII	237536	1	1.0	25
	chrIII	237537	0	2.0	25
	chrIII	237555	0	0.5	25
	chrIII	237557	0	0.5	25
	chrIII	237588	0	1.0	25
	chrIII	237610	0	0.5	25
	chrIII	237610	1	0.5	25
	chrIII	237632	1	0.5	25
	chrIII	237639	1	1.0	25
	chrIII	237648	0	0.5	25
	chrIII	237653	0	0.5	25
	chrIII	237656	0	0.5	25
	chrIII	237657	0	0.5	24
	chrIII	237659	1	0.5	25
	chrIII	237660	1	1.0	25
	chrIII	237674	0	1.5	25
	chrIII	237690	0	1.5	25
	chrIII	237701	1	0.5	25
	chrIII	237731	1	0.5	24
	chrIII	237732	1	0.5	25
	chrIII	237737	1	0.5	25
	chrIII	237752	1	0.5	24
	chrIII	237752	1	1.0	25
	chrIII	237762	0	0.5	25
	chrIII	237763	1	0.5	25
	chrIII	237770	0	0.5	25
	chrIII	237783	1	0.5	25
	chrIII	237790	1	0.5	25
	chrIII	237795	0	0.5	25
	chrIII	237816	1	0.5	25
	chrIII	237837	0	0.5	25
	chrIII	237842	0	0.5	25
	chrIII	237857	1	0.5	25
	chrIII	237877	1	1.5	25
	chrIII	237878	1	0.5	25
	chrIII	237879	0	0.5	25
	chrIII	237893	0	0.5	25
	chrIII	237897	0	0.5	25
	chrIII	237898	1	1.0	25
	chrIII	237956	1	0.5	25
	chrIII	237990	1	0.5	25
	chrIII	237991	1	0.5	25
	chrIII	238012	1	0.5	25
	chrIII	238050	0	0.5	25
	chrIII	238085	0	0.5	25
	chrIII	238103	0	0.5	25
	chrIII	238110	0	0.5	25
	chrIII	238133	1	0.5	25
	chrIII	238141	0	1.0	25
	chrIII	238151	1	0.5	25
	chrIII	238157	0	0.5	25
	chrIII	238184	1	0.5	25
	chrIII	238195	0	0.5	25
	chrIII	238210	1	1.0	25
	chrIII	238211	0	1.0	25
	chrIII	238235	1	0.5	25
	chrIII	238246	1	0.5	25
	chrIII	238251	1	0.5	25
	chrIII	238267	1	0.5	25
	chrIII	238300	0	0.5	25
	chrIII	238303	1	1.0	25
	chrIII	238319	0	0.5	25
	chrIII	238340	0	0.5	25
	chrIII	238357	0	0.5	25
	chrIII	238392	0	0.5	25
	chrIII	238396	1	0.5	25
	chrIII	238405	0	1.0	25
	chrIII	238407	0	1.0	25
	chrIII	238411	1	0.5	25
	chrIII	238414	0	1.0	25
	chrIII	238448	1	0.5	25
	chrIII	238471	1	0.5	25
	chrIII	238483	1	0.5	25
	chrIII	238502	1	0.5	25
	chrIII	238506	1	1.0	25
	chrIII	238537	1	1.0	25
	chrIII	238539	0	0.5	25
	chrIII	238611	0	0.5	25
	chrIII	238614	0	0.5	25
	chrIII	238616	1	0.5	25
	chrIII	238624	0	0.5	25
	chrIII	238643	1	0.5	25
	chrIII	238646	0	0.5	25
	chrIII	238665	1	0.5	25
	chrIII	238704	1	0.5	25
	chrIII	238713	1	0.5	25
	chrIII	238717	0	0.5	25
	chrIII	238726	0	0.5	25
	chrIII	238729	0	0.5	25
	chrIII	238732	0	0.5	25
	chrIII	238733	0	0.5	25
	chrIII	238733	1	0.5	25
	chrIII	238736	0	0.5	25
	chrIII	238741	0	0.5	25
	chrIII	238744	0	0.5	25
	chrIII	238749	0	0.5	25
	chrIII	238759	0	0.5	25
	chrIII	238763	0	0.5	25
	chrIII	238766	0	1.0	25
	chrIII	238772	0	0.5	25
	chrIII	238774	0	0.5	25
	chrIII	238792	0	0.5	25
	chrIII	238792	1	0.5	25
	chrIII	238800	1	1.0	25
	chrIII	238801	1	0.5	25
	chrIII	238810	0	0.5	25
	chrIII	238811	0	0.5	25
	chrIII	238818	1	1.0	25
	chrIII	238824	0	0.5	25
	chrIII	238828	0	0.5	25
	chrIII	238830	1	0.5	25
	chrIII	238835	1	1.0	25
	chrIII	238846	1	0.5	25
	chrIII	238850	1	0.5	25
	chrIII	238858	1	0.5	25
	chrIII	238864	0	0.5	25
	chrIII	238864	1	0.5	25
	chrIII	238874	0	0.5	25
	chrIII	238879	1	1.0	25
	chrIII	238886	1	0.5	25
	chrIII	238897	1	0.5	25
	chrIII	238902	1	0.5	25
	chrIII	238907	1	0.5	25
	chrIII	238908	0	0.5	25
	chrIII	238924	0	0.5	25
	chrIII	238971	1	0.5	25
	chrIII	238980	1	0.5	25
	chrIII	238991	1	0.5	25
	chrIII	239003	0	0.5	25
	chrIII	239033	1	0.5	25
	chrIII	239044	0	0.5	25
	chrIII	239073	0	1.0	25
	chrIII	239077	1	0.5	25
	chrIII	239089	1	0.5	25
	chrIII	239108	0	0.5	25
	chrIII	239137	1	1.0	25
	chrIII	239138	0	0.5	25
	chrIII	239139	0	0.5	25
	chrIII	239169	0	0.5	25
	chrIII	239189	1	0.5	25
	chrIII	239191	1	0.5	25
	chrIII	239219	0	0.5	25
	chrIII	239223	0	0.5	25
	chrIII	239229	1	0.5	25
	chrIII	239237	1	0.5	25
	chrIII	239248	0	0.5	25
	chrIII	239263	1	0.5	25
	chrIII	239272	0	0.5	25
	chrIII	239306	1	0.5	25
	chrIII	239320	1	0.5	25
	chrIII	239348	0	0.5	25
	chrIII	239353	0	0.5	25
	chrIII	239382	0	0.5	25
	chrIII	239394	0	0.5	25
	chrIII	239396	1	0.5	25
	chrIII	239407	1	0.5	25
	chrIII	239410	0	0.5	25
	chrIII	239413	0	0.5	25
	chrIII	239417	1	0.5	25
	chrIII	239447	1	0.5	25
	chrIII	239469	0	0.5	25
	chrIII	239472	1	0.5	25
	chrIII	239486	1	0.5	25
	chrIII	239493	1	0.5	25
	chrIII	239494	0	0.5	25
	chrIII	239501	0	0.5	25
	chrIII	239517	0	0.5	25
	chrIII	239544	1	0.5	25
	chrIII	239549	1	0.5	25
	chrIII	239576	1	0.5	25
	chrIII	239577	0	0.5	25
	chrIII	239629	0	1.0	25
	chrIII	239651	1	0.5	25
	chrIII	239652	1	0.5	25
	chrIII	239661	0	0.5	25
	chrIII	239693	0	0.5	25
	chrIII	239706	0	0.5	25
	chrIII	239707	0	0.5	25
	chrIII	239718	1	1.5	25
	chrIII	239720	0	0.5	25
	chrIII	239728	1	0.5	25
	chrIII	239729	0	0.5	25
	chrIII	239743	1	0.5	25
	chrIII	239789	1	0.5	25
	chrIII	239790	1	0.5	25
	chrIII	239791	0	0.5	25
	chrIII	239798	1	0.5	25
	chrIII	239801	0	0.5	25
	chrIII	239809	0	0.5	25
	chrIII	239810	0	0.5	25
	chrIII	239828	0	0.5	25
	chrIII	239840	0	0.5	25
	chrIII	239844	0	0.5	25
	chrIII	239855	0	1.0	25
	chrIII	239856	1	0.5	25
	chrIII	239867	0	1.0	25
	chrIII	239884	1	0.5	25
	chrIII	239917	1	0.5	25
	chrIII	239931	1	0.5	25
	chrIII	239942	1	0.5	25
	chrIII	239947	1	1.0	25
	chrIII	239950	1	1.0	25
	chrIII	239956	0	0.5	25
	chrIII	239987	1	0.5	25
	chrIII	239988	0	0.5	25
	chrIII	240009	0	1.0	25
	chrIII	240018	1	0.5	25
	chrIII	240019	1	0.5	25
	chrIII	240032	1	0.5	25
	chrIII	240042	0	0.5	25
	chrIII	240074	1	0.5	25
	chrIII	240084	1	1.0	25
	chrIII	240094	0	0.5	25
	chrIII	240114	1	0.5	25
	chrIII	240118	0	0.5	25
	chrIII	240126	1	0.5	25
	chrIII	240127	0	0.5	25
	chrIII	240128	0	0.5	25
	chrIII	240153	0	0.5	25
	chrIII	240156	0	0.5	25
	chrIII	240165	0	0.5	25
	chrIII	240173	0	0.5	25
	chrIII	240190	0	0.5	25
	chrIII	240192	1	0.5	25
	chrIII	240222	0	0.5	25
	chrIII	240234	1	0.5	25
	chrIII	240236	1	0.5	25
	chrIII	240242	1	0.5	25
	chrIII	240249	1	0.5	25
	chrIII	240264	0	0.5	25
	chrIII	240275	1	0.5	25
	chrIII	240277	1	0.5	25
	chrIII	240278	0	0.5	25
	chrIII	240291	1	0.5	25
	chrIII	240292	1	0.5	25
	chrIII	240300	0	0.5	25
	chrIII	240317	0	1.0	25
	chrIII	240340	1	0.5	25
	chrIII	240364	1	1.0	25
	chrIII	240365	0	1.0	25
	chrIII	240376	1	0.5	25
	chrIII	240377	0	0.5	25
	chrIII	240443	1	1.5	25
	chrIII	240447	0	0.5	25
	chrIII	240451	0	0.5	25
	chrIII	240452	0	0.5	25
	chrIII	240472	0	0.5	25
	chrIII	240483	0	0.5	25
	chrIII	240495	0	0.5	25
	chrIII	240527	0	0.5	25
	chrIII	240554	0	0.5	25
	chrIII	240570	1	0.5	25
	chrIII	240578	1	0.5	25
	chrIII	240580	0	0.5	25
	chrIII	240584	0	0.5	25
	chrIII	240595	1	0.5	25
	chrIII	240611	0	0.5	25
	chrIII	240614	1	0.5	25
	chrIII	240617	1	0.5	25
	chrIII	240618	0	0.5	25
	chrIII	240628	0	0.5	25
	chrIII	240628	1	0.5	25
	chrIII	240629	0	1.0	25
	chrIII	240636	0	3.0	25
	chrIII	240636	1	0.5	25
	chrIII	240637	0	4.0	25
	chrIII	240637	1	0.5	25
	chrIII	240638	0	1.5	25
	chrIII	240638	1	0.5	25
	chrIII	240639	0	2.5	25
	chrIII	240639	1	0.5	25
	chrIII	240642	0	0.5	25
	chrIII	240646	0	0.5	25
	chrIII	240648	0	0.5	25
	chrIII	240652	0	1.0	25
	chrIII	240659	0	1.0	25
	chrIII	240660	0	3.0	25
	chrIII	240661	0	0.5	25
	chrIII	240664	0	1.5	25
	chrIII	240677	1	0.5	25
	chrIII	240678	1	0.5	25
	chrIII	240688	0	0.5	25
	chrIII	240688	1	2.0	25
	chrIII	240689	1	1.0	25
	chrIII	240690	0	1.0	25
	chrIII	240690	1	1.0	25
	chrIII	240699	1	3.5	25
	chrIII	240708	1	0.5	25
	chrIII	240709	1	1.5	25
	chrIII	240711	1	0.5	25
	chrIII	240712	1	2.0	25
	chrIII	240713	0	0.5	25
	chrIII	240713	1	1.5	25
	chrIII	240716	1	0.5	25
	chrIII	240717	1	1.0	25
	chrIII	240719	1	1.0	25
	chrIII	240729	0	0.5	25
	chrIII	240737	1	1.0	25
	chrIII	240746	1	1.5	25
	chrIII	240747	1	1.5	25
	chrIII	240751	0	1.0	25
	chrIII	240765	1	0.5	25
	chrIII	240769	1	0.5	25
	chrIII	240770	1	0.5	25
	chrIII	240773	0	0.5	25
	chrIII	240823	1	0.5	25
	chrIII	240831	1	0.5	25
	chrIII	240835	0	1.5	25
	chrIII	240835	1	0.5	25
	chrIII	240860	0	0.5	25
	chrIII	240879	0	0.5	25
	chrIII	240885	0	0.5	25
	chrIII	240891	0	0.5	25
	chrIII	240892	1	0.5	25
	chrIII	240894	1	1.0	25
	chrIII	240895	1	0.5	25
	chrIII	240904	0	0.5	25
	chrIII	240909	0	0.5	25
	chrIII	240919	1	1.5	25
	chrIII	240927	1	1.0	25
	chrIII	240943	1	0.5	25
	chrIII	240954	1	0.5	25
	chrIII	240982	1	0.5	25
	chrIII	241020	0	1.0	25
	chrIII	241043	1	0.5	25
	chrIII	241060	0	0.5	25
	chrIII	241064	0	1.5	25
	chrIII	241071	0	0.5	25
	chrIII	241077	1	0.5	25
	chrIII	241084	0	0.5	25
	chrIII	241091	0	1.0	25
	chrIII	241131	1	1.5	25
	chrIII	241152	1	0.5	25
	chrIII	241168	0	0.5	25
	chrIII	241168	1	0.5	25
	chrIII	241170	1	1.0	25
	chrIII	241172	1	0.5	25
	chrIII	241198	1	1.0	25
	chrIII	241212	0	0.5	25
	chrIII	241251	1	0.5	25
	chrIII	241291	1	0.5	25
	chrIII	241295	0	0.5	25
	chrIII	241304	0	0.5	25
	chrIII	241312	0	0.5	25
	chrIII	241334	0	0.5	25
	chrIII	241386	0	0.5	25
	chrIII	241410	1	0.5	25
	chrIII	241413	0	0.5	25
	chrIII	241414	1	0.5	25
	chrIII	241418	1	0.5	25
	chrIII	241433	1	0.5	25
	chrIII	241459	1	1.0	25
	chrIII	241510	0	0.5	25
	chrIII	241540	0	0.5	25
	chrIII	241563	0	0.5	25
	chrIII	241575	0	0.5	25
	chrIII	241628	0	0.5	25
	chrIII	241636	0	0.5	25
	chrIII	241643	1	0.5	25
	chrIII	241644	1	0.5	25
	chrIII	241690	1	0.5	25
	chrIII	241717	0	0.5	25
	chrIII	241717	1	0.5	25
	chrIII	241718	1	0.5	25
	chrIII	241720	0	0.5	25
	chrIII	241723	0	0.5	25
	chrIII	241750	1	0.5	25
	chrIII	241762	0	0.5	25
	chrIII	241771	0	0.5	25
	chrIII	241791	1	0.5	25
	chrIII	241792	1	0.5	25
	chrIII	241819	0	0.5	25
	chrIII	241833	1	0.5	25
	chrIII	241835	0	0.5	25
	chrIII	241854	1	1.0	25
	chrIII	241884	0	1.0	25
	chrIII	241892	1	0.5	25
	chrIII	241917	1	0.5	25
	chrIII	241925	0	0.5	25
	chrIII	241928	0	0.5	25
	chrIII	241948	0	0.5	25
	chrIII	241951	0	0.5	25
	chrIII	241958	1	1.0	25
	chrIII	241984	1	0.5	25
	chrIII	241989	1	0.5	25
	chrIII	242015	1	0.5	25
	chrIII	242062	0	0.5	25
	chrIII	242063	0	0.5	25
	chrIII	242069	0	0.5	25
	chrIII	242098	0	0.5	25
	chrIII	242102	0	0.5	25
	chrIII	242108	1	0.5	25
	chrIII	242150	1	0.5	25
	chrIII	242151	1	0.5	25
	chrIII	242181	0	0.5	25
	chrIII	242197	0	0.5	25
	chrIII	242219	0	0.5	25
	chrIII	242238	1	0.5	25
	chrIII	242246	1	0.5	25
	chrIII	242275	1	0.5	25
	chrIII	242284	0	0.5	25
	chrIII	242346	1	0.5	25
	chrIII	242361	0	0.5	25
	chrIII	242382	0	0.5	25
	chrIII	242394	1	0.5	25
	chrIII	242404	1	0.5	25
	chrIII	242409	0	1.0	25
	chrIII	242410	0	0.5	25
	chrIII	242412	0	2.0	25
	chrIII	242416	1	0.5	25
	chrIII	242419	1	0.5	25
	chrIII	242420	0	1.0	25
	chrIII	242421	0	0.5	25
	chrIII	242422	0	1.0	25
	chrIII	242426	0	0.5	25
	chrIII	242431	0	1.0	25
	chrIII	242432	0	0.5	25
	chrIII	242434	0	0.5	25
	chrIII	242441	0	0.5	25
	chrIII	242452	1	0.5	25
	chrIII	242468	0	1.0	25
	chrIII	242469	0	1.5	25
	chrIII	242470	1	0.5	23
	chrIII	242480	1	1.0	25
	chrIII	242487	0	0.5	25
	chrIII	242503	0	0.5	25
	chrIII	242503	1	1.5	25
	chrIII	242504	0	2.0	25
	chrIII	242504	1	2.0	25
	chrIII	242505	0	0.5	25
	chrIII	242505	1	0.5	25
	chrIII	242507	0	0.5	25
	chrIII	242508	1	0.5	25
	chrIII	242519	0	0.5	25
	chrIII	242520	1	1.5	25
	chrIII	242521	1	0.5	25
	chrIII	242529	1	0.5	25
	chrIII	242530	1	0.5	25
	chrIII	242531	1	0.5	25
	chrIII	242532	1	0.5	25
	chrIII	242537	1	1.0	25
	chrIII	242541	1	0.5	25
	chrIII	242547	1	1.0	25
	chrIII	242550	0	0.5	25
	chrIII	242551	0	0.5	25
	chrIII	242552	1	1.0	25
	chrIII	242557	1	0.5	25
	chrIII	242558	0	0.5	25
	chrIII	242560	1	0.5	25
	chrIII	242566	0	0.5	25
	chrIII	242589	1	0.5	25
	chrIII	242613	1	0.5	25
	chrIII	242662	0	0.5	25
	chrIII	242672	1	0.5	25
	chrIII	242713	0	0.5	25
	chrIII	242720	1	0.5	25
	chrIII	242727	0	0.5	25
	chrIII	242730	0	0.5	25
	chrIII	242758	1	0.5	25
	chrIII	242768	0	0.5	25
	chrIII	242775	1	0.5	25
	chrIII	242800	1	0.5	25
	chrIII	242803	1	0.5	25
	chrIII	242822	1	0.5	25
	chrIII	242827	0	0.5	25
	chrIII	242831	0	0.5	25
	chrIII	242869	1	0.5	25
	chrIII	242871	0	0.5	25
	chrIII	242879	1	0.5	25
	chrIII	242880	1	0.5	25
	chrIII	242890	0	0.5	25
	chrIII	242905	1	0.5	25
	chrIII	242906	0	0.5	25
	chrIII	242907	0	0.5	25
	chrIII	242936	1	0.5	25
	chrIII	242951	1	0.5	25
	chrIII	242968	1	0.5	25
	chrIII	242977	1	0.5	25
	chrIII	242996	0	0.5	25
	chrIII	243011	1	0.5	25
	chrIII	243026	0	0.5	25
	chrIII	243049	0	0.5	25
	chrIII	243061	1	0.5	25
	chrIII	243062	1	0.5	25
	chrIII	243081	0	0.5	25
	chrIII	243117	0	0.5	25
	chrIII	243136	1	0.5	25
	chrIII	243142	0	0.5	25
	chrIII	243148	1	0.5	25
	chrIII	243177	0	0.5	25
	chrIII	243180	0	0.5	25
	chrIII	243187	1	0.5	25
	chrIII	243189	1	0.5	25
	chrIII	243232	1	0.5	25
	chrIII	243245	0	0.5	25
	chrIII	243251	0	0.5	25
	chrIII	243264	1	0.5	25
	chrIII	243267	0	0.5	25
	chrIII	243310	1	0.5	25
	chrIII	243393	0	0.5	25
	chrIII	243397	1	0.5	25
	chrIII	243406	0	0.5	25
	chrIII	243430	0	0.5	25
	chrIII	243483	1	0.5	25
	chrIII	243489	1	0.5	25
	chrIII	243498	0	1.0	25
	chrIII	243501	1	0.5	25
	chrIII	243514	0	0.5	25
	chrIII	243541	0	0.5	25
	chrIII	243581	1	0.5	25
	chrIII	243587	1	1.0	25
	chrIII	243588	1	0.5	25
	chrIII	243611	0	0.5	25
	chrIII	243612	0	0.5	25
	chrIII	243615	0	1.0	25
	chrIII	243638	0	1.0	25
	chrIII	243643	1	0.5	25
	chrIII	243656	0	0.5	25
	chrIII	243673	0	0.5	25
	chrIII	243689	0	0.5	25
	chrIII	243707	1	0.5	25
	chrIII	243712	1	0.5	25
	chrIII	243734	0	0.5	25
	chrIII	243746	1	0.5	25
	chrIII	243759	0	0.5	25
	chrIII	243759	1	0.5	25
	chrIII	243765	1	0.5	25
	chrIII	243783	1	0.5	25
	chrIII	243792	0	1.0	25
	chrIII	243795	1	2.0	25
	chrIII	243825	1	0.5	25
	chrIII	243833	0	0.5	25
	chrIII	243857	0	0.5	25
	chrIII	243912	0	0.5	25
	chrIII	243919	0	0.5	25
	chrIII	243944	0	0.5	25
	chrIII	243944	1	0.5	25
	chrIII	243994	1	0.5	25
	chrIII	243996	0	1.0	25
	chrIII	244004	0	1.0	25
	chrIII	244019	1	0.5	25
	chrIII	244025	0	0.5	25
	chrIII	244028	1	0.5	25
	chrIII	244032	0	1.0	25
	chrIII	244070	1	0.5	25
	chrIII	244076	0	0.5	25
	chrIII	244079	1	0.5	25
	chrIII	244080	1	1.0	25
	chrIII	244092	1	0.5	25
	chrIII	244105	1	0.5	25
	chrIII	244107	0	0.5	25
	chrIII	244108	1	0.5	25
	chrIII	244111	1	0.5	25
	chrIII	244122	0	0.5	25
	chrIII	244149	0	0.5	25
	chrIII	244165	0	0.5	25
	chrIII	244167	1	0.5	25
	chrIII	244177	1	0.5	25
	chrIII	244184	1	1.0	25
	chrIII	244185	0	0.5	25
	chrIII	244199	1	0.5	25
	chrIII	244218	0	0.5	25
	chrIII	244231	0	0.5	25
	chrIII	244244	1	0.5	25
	chrIII	244256	1	0.5	25
	chrIII	244258	1	0.5	25
	chrIII	244263	0	0.5	25
	chrIII	244266	0	0.5	25
	chrIII	244266	1	0.5	25
	chrIII	244331	1	0.5	25
	chrIII	244424	0	0.5	25
	chrIII	244437	1	0.5	25
	chrIII	244474	0	0.5	25
	chrIII	244488	0	0.5	25
	chrIII	244488	1	0.5	25
	chrIII	244490	0	0.5	25
	chrIII	244526	1	0.5	25
	chrIII	244530	1	0.5	25
	chrIII	244543	1	0.5	25
	chrIII	244561	0	0.5	25
	chrIII	244564	0	0.5	25
	chrIII	244599	0	0.5	25
	chrIII	244603	1	0.5	25
	chrIII	244634	1	0.5	25
	chrIII	244641	0	0.5	25
	chrIII	244671	0	0.5	25
	chrIII	244671	1	0.5	25
	chrIII	244673	0	0.5	25
	chrIII	244679	1	0.5	25
	chrIII	244680	0	0.5	25
	chrIII	244688	0	0.5	25
	chrIII	244716	0	0.5	25
	chrIII	244732	1	0.5	25
	chrIII	244737	1	0.5	25
	chrIII	244743	1	0.5	25
	chrIII	244746	0	0.5	25
	chrIII	244800	1	0.5	25
	chrIII	244810	1	0.5	25
	chrIII	244824	1	0.5	25
	chrIII	244825	0	1.0	25
	chrIII	244825	1	0.5	25
	chrIII	244832	0	0.5	25
	chrIII	244834	0	0.5	25
	chrIII	244912	1	0.5	25
	chrIII	244917	0	0.5	25
	chrIII	244922	1	0.5	25
	chrIII	244986	0	0.5	25
	chrIII	245008	1	0.5	25
	chrIII	245041	1	0.5	25
	chrIII	245074	0	1.0	25
	chrIII	245081	0	0.5	25
	chrIII	245088	1	1.0	25
	chrIII	245092	0	0.5	25
	chrIII	245115	0	1.0	25
	chrIII	245127	0	0.5	25
	chrIII	245143	1	0.5	25
	chrIII	245150	1	0.5	25
	chrIII	245152	0	0.5	25
	chrIII	245166	0	0.5	25
	chrIII	245189	1	0.5	25
	chrIII	245195	1	0.5	25
	chrIII	245196	1	0.5	25
	chrIII	245203	1	0.5	25
	chrIII	245209	0	0.5	25
	chrIII	245210	1	0.5	25
	chrIII	245224	0	0.5	25
	chrIII	245245	0	0.5	25
	chrIII	245245	1	0.5	25
	chrIII	245253	1	0.5	25
	chrIII	245271	1	0.5	25
	chrIII	245293	1	0.5	25
	chrIII	245330	1	0.5	25
	chrIII	245336	0	1.0	25
	chrIII	245337	0	0.5	25
	chrIII	245348	0	0.5	25
	chrIII	245349	0	0.5	25
	chrIII	245365	0	0.5	25
	chrIII	245381	1	0.5	25
	chrIII	245389	1	0.5	25
	chrIII	245394	0	0.5	25
	chrIII	245434	0	0.5	25
	chrIII	245467	0	0.5	25
	chrIII	245472	0	0.5	25
	chrIII	245474	1	0.5	25
	chrIII	245490	1	0.5	25
	chrIII	245498	0	0.5	25
	chrIII	245506	1	0.5	25
	chrIII	245513	1	0.5	25
	chrIII	245529	1	0.5	25
	chrIII	245534	1	0.5	25
	chrIII	245538	1	0.5	25
	chrIII	245541	0	0.5	25
	chrIII	245542	0	0.5	25
	chrIII	245571	0	0.5	25
	chrIII	245576	1	1.0	25
	chrIII	245587	0	0.5	25
	chrIII	245603	0	1.0	25
	chrIII	245604	0	0.5	25
	chrIII	245604	1	0.5	25
	chrIII	245605	0	0.5	25
	chrIII	245635	0	0.5	25
	chrIII	245642	0	0.5	25
	chrIII	245645	1	0.5	25
	chrIII	245647	0	0.5	25
	chrIII	245661	1	1.0	25
	chrIII	245662	1	0.5	25
	chrIII	245690	0	0.5	25
	chrIII	245699	1	0.5	25
	chrIII	245708	1	0.5	25
	chrIII	245709	1	0.5	25
	chrIII	245716	0	1.0	25
	chrIII	245735	1	0.5	25
	chrIII	245740	0	0.5	25
	chrIII	245760	1	0.5	25
	chrIII	245761	1	0.5	25
	chrIII	245771	0	0.5	25
	chrIII	245778	1	0.5	25
	chrIII	245781	1	1.0	25
	chrIII	245821	1	0.5	25
	chrIII	245857	0	1.0	25
	chrIII	245887	0	0.5	25
	chrIII	245943	1	1.0	25
	chrIII	245964	0	0.5	25
	chrIII	245999	1	0.5	25
	chrIII	246021	0	0.5	25
	chrIII	246028	1	0.5	25
	chrIII	246040	0	0.5	25
	chrIII	246060	0	1.5	25
	chrIII	246097	1	0.5	25
	chrIII	246103	0	0.5	25
	chrIII	246112	1	0.5	25
	chrIII	246117	1	0.5	25
	chrIII	246142	1	0.5	25
	chrIII	246151	0	0.5	25
	chrIII	246204	1	0.5	25
	chrIII	246221	1	1.0	25
	chrIII	246250	0	0.5	25
	chrIII	246251	0	1.0	25
	chrIII	246289	0	0.5	25
	chrIII	246319	1	0.5	25
	chrIII	246322	0	0.5	25
	chrIII	246324	1	0.5	25
	chrIII	246332	1	0.5	25
	chrIII	246333	0	1.0	25
	chrIII	246334	0	0.5	25
	chrIII	246347	0	0.5	25
	chrIII	246348	1	0.5	25
	chrIII	246351	1	0.5	25
	chrIII	246363	0	0.5	25
	chrIII	246372	1	0.5	25
	chrIII	246389	1	0.5	25
	chrIII	246406	0	0.5	25
	chrIII	246418	0	0.5	25
	chrIII	246419	1	0.5	25
	chrIII	246438	1	0.5	25
	chrIII	246443	0	0.5	25
	chrIII	246480	1	0.5	25
	chrIII	246483	1	0.5	25
	chrIII	246503	0	0.5	25
	chrIII	246508	0	0.5	25
	chrIII	246514	1	0.5	25
	chrIII	246521	0	0.5	25
	chrIII	246573	1	0.5	25
	chrIII	246595	0	0.5	25
	chrIII	246602	1	0.5	25
	chrIII	246608	1	0.5	25
	chrIII	246638	1	0.5	25
	chrIII	246650	0	0.5	25
	chrIII	246651	0	0.5	25
	chrIII	246661	0	0.5	25
	chrIII	246671	1	0.5	25
	chrIII	246676	0	0.5	25
	chrIII	246693	0	0.5	25
	chrIII	246707	0	0.5	25
	chrIII	246710	0	0.5	25
	chrIII	246712	1	0.5	25
	chrIII	246714	0	1.0	25
	chrIII	246716	0	0.5	25
	chrIII	246720	1	0.5	25
	chrIII	246721	1	0.5	25
	chrIII	246722	0	0.5	25
	chrIII	246727	1	0.5	25
	chrIII	246761	1	0.5	25
	chrIII	246764	1	0.5	25
	chrIII	246770	1	0.5	25
	chrIII	246791	1	0.5	25
	chrIII	246848	0	1.0	25
	chrIII	246862	0	0.5	25
	chrIII	246862	1	0.5	25
	chrIII	246873	1	0.5	25
	chrIII	246874	0	0.5	25
	chrIII	246874	1	0.5	25
	chrIII	246887	0	1.0	25
	chrIII	246893	0	0.5	25
	chrIII	246896	1	0.5	25
	chrIII	246921	1	0.5	25
	chrIII	246925	1	0.5	25
	chrIII	246933	0	0.5	25
	chrIII	246961	1	0.5	25
	chrIII	246967	1	1.0	25
	chrIII	247012	0	0.5	25
	chrIII	247046	0	0.5	25
	chrIII	247057	1	0.5	25
	chrIII	247060	0	0.5	25
	chrIII	247063	0	0.5	25
	chrIII	247099	1	0.5	25
	chrIII	247128	1	0.5	25
	chrIII	247133	1	1.0	25
	chrIII	247137	0	0.5	25
	chrIII	247185	1	0.5	25
	chrIII	247210	0	0.5	25
	chrIII	247214	0	0.5	25
	chrIII	247216	0	0.5	25
	chrIII	247228	1	0.5	25
	chrIII	247235	1	0.5	25
	chrIII	247274	0	0.5	25
	chrIII	247281	1	0.5	25
	chrIII	247282	0	0.5	25
	chrIII	247300	0	0.5	25
	chrIII	247333	1	0.5	25
	chrIII	247353	1	0.5	25
	chrIII	247358	0	0.5	25
	chrIII	247362	1	0.5	25
	chrIII	247373	1	0.5	25
	chrIII	247387	1	0.5	25
	chrIII	247392	0	0.5	25
	chrIII	247400	1	0.5	25
	chrIII	247437	0	0.5	25
	chrIII	247499	1	0.5	25
	chrIII	247603	0	1.5	25
	chrIII	247613	0	1.0	25
	chrIII	247655	1	1.5	25
	chrIII	247685	1	0.5	25
	chrIII	247688	0	0.5	25
	chrIII	247707	0	0.5	25
	chrIII	247719	0	1.0	25
	chrIII	247727	0	0.5	25
	chrIII	247756	1	0.5	25
	chrIII	247760	0	0.5	25
	chrIII	247762	1	0.5	25
	chrIII	247778	1	0.5	25
	chrIII	247780	0	1.0	25
	chrIII	247817	1	0.5	25
	chrIII	247825	1	0.5	25
	chrIII	247831	0	0.5	25
	chrIII	247835	1	0.5	25
	chrIII	247864	0	0.5	25
	chrIII	247869	1	1.0	25
	chrIII	247877	0	1.0	25
	chrIII	247897	1	0.5	25
	chrIII	247925	1	0.5	25
	chrIII	247941	1	1.0	25
	chrIII	247967	0	0.5	25
	chrIII	247968	1	1.0	25
	chrIII	248000	0	0.5	25
	chrIII	248029	1	0.5	25
	chrIII	248035	0	0.5	25
	chrIII	248097	0	0.5	25
	chrIII	248126	0	0.5	25
	chrIII	248132	1	0.5	25
	chrIII	248157	1	0.5	25
	chrIII	248167	0	0.5	25
	chrIII	248171	0	0.5	25
	chrIII	248185	1	0.5	25
	chrIII	248192	0	0.5	25
	chrIII	248215	0	0.5	25
	chrIII	248238	0	0.5	25
	chrIII	248240	1	0.5	25
	chrIII	248255	1	0.5	25
	chrIII	248264	1	0.5	25
	chrIII	248275	0	0.5	25
	chrIII	248279	1	0.5	25
	chrIII	248300	0	0.5	25
	chrIII	248305	1	0.5	25
	chrIII	248308	0	0.5	25
	chrIII	248340	1	0.5	25
	chrIII	248354	1	0.5	25
	chrIII	248369	1	0.5	25
	chrIII	248413	0	0.5	25
	chrIII	248428	1	0.5	25
	chrIII	248463	1	0.5	25
	chrIII	248542	0	1.0	25
	chrIII	248544	0	0.5	25
	chrIII	248629	0	0.5	25
	chrIII	248631	1	0.5	25
	chrIII	248634	0	0.5	25
	chrIII	248634	1	1.0	25
	chrIII	248643	0	0.5	25
	chrIII	248688	0	0.5	25
	chrIII	248692	0	1.0	25
	chrIII	248693	1	0.5	25
	chrIII	248697	1	0.5	25
	chrIII	248742	1	0.5	25
	chrIII	248762	0	0.5	25
	chrIII	248787	0	0.5	25
	chrIII	248802	0	1.0	25
	chrIII	248814	0	0.5	25
	chrIII	248816	0	0.5	25
	chrIII	248835	0	0.5	25
	chrIII	248844	0	0.5	25
	chrIII	248846	0	0.5	25
	chrIII	248860	0	1.5	25
	chrIII	248864	1	1.5	25
	chrIII	248867	1	1.5	25
	chrIII	248868	0	1.0	25
	chrIII	248869	0	5.5	25
	chrIII	248870	0	5.0	25
	chrIII	248871	0	0.5	25
	chrIII	248875	0	0.5	25
	chrIII	248878	1	0.5	25
	chrIII	248883	0	1.5	25
	chrIII	248893	0	0.5	25
	chrIII	248893	1	0.5	25
	chrIII	248907	1	0.5	25
	chrIII	248908	1	0.5	25
	chrIII	248910	0	0.5	25
	chrIII	248910	1	1.5	25
	chrIII	248917	0	0.5	25
	chrIII	248922	1	7.5	25
	chrIII	248923	1	0.5	25
	chrIII	248924	1	1.0	25
	chrIII	248925	1	2.0	25
	chrIII	248926	0	0.5	25
	chrIII	248926	1	2.0	25
	chrIII	248927	0	0.5	25
	chrIII	248928	0	1.0	25
	chrIII	248933	1	0.5	25
	chrIII	248935	1	1.0	25
	chrIII	248967	1	0.5	25
	chrIII	248970	0	0.5	25
	chrIII	248986	0	1.5	25
	chrIII	248988	1	0.5	25
	chrIII	249023	0	0.5	25
	chrIII	249024	1	0.5	25
	chrIII	249047	1	0.5	25
	chrIII	249055	0	0.5	25
	chrIII	249059	1	0.5	25
	chrIII	249060	0	0.5	25
	chrIII	249065	1	1.5	25
	chrIII	249086	1	0.5	25
	chrIII	249088	1	0.5	25
	chrIII	249109	0	1.0	25
	chrIII	249123	1	0.5	25
	chrIII	249128	1	0.5	25
	chrIII	249141	0	1.0	25
	chrIII	249156	0	0.5	25
	chrIII	249157	0	0.5	25
	chrIII	249165	0	0.5	25
	chrIII	249167	0	0.5	25
	chrIII	249200	1	1.0	25
	chrIII	249231	1	0.5	25
	chrIII	249232	1	0.5	25
	chrIII	249239	0	0.5	25
	chrIII	249241	1	0.5	25
	chrIII	249243	1	0.5	25
	chrIII	249263	1	1.0	25
	chrIII	249265	1	0.5	25
	chrIII	249279	1	0.5	25
	chrIII	249294	1	0.5	25
	chrIII	249298	0	0.5	25
	chrIII	249308	1	0.5	25
	chrIII	249322	0	0.5	25
	chrIII	249368	1	0.5	25
	chrIII	249410	1	0.5	25
	chrIII	249565	0	1.5	25
	chrIII	249597	0	0.5	25
	chrIII	249642	1	0.5	25
	chrIII	249660	1	1.5	25
	chrIII	249680	0	0.5	25
	chrIII	249713	0	0.5	25
	chrIII	249752	1	0.5	25
	chrIII	249759	0	0.5	25
	chrIII	249769	0	0.5	25
	chrIII	249774	0	0.5	25
	chrIII	249778	1	0.5	25
	chrIII	249792	0	0.5	25
	chrIII	249847	1	0.5	25
	chrIII	249853	0	0.5	25
	chrIII	249883	0	1.0	25
	chrIII	249887	0	0.5	25
	chrIII	249902	0	0.5	25
	chrIII	249903	1	0.5	25
	chrIII	249904	1	0.5	25
	chrIII	249916	0	0.5	25
	chrIII	249931	0	0.5	25
	chrIII	249940	0	0.5	25
	chrIII	249948	0	0.5	25
	chrIII	249966	0	0.5	25
	chrIII	249968	1	0.5	25
	chrIII	249969	0	0.5	25
	chrIII	249977	1	0.5	25
	chrIII	249985	1	1.0	25
	chrIII	249992	0	0.5	25
	chrIII	250008	1	0.5	25
	chrIII	250033	1	0.5	25
	chrIII	250044	1	0.5	25
	chrIII	250046	0	0.5	25
	chrIII	250051	0	1.0	25
	chrIII	250054	1	0.5	25
	chrIII	250057	1	0.5	25
	chrIII	250061	0	0.5	25
	chrIII	250062	0	0.5	25
	chrIII	250063	0	0.5	25
	chrIII	250066	0	2.5	25
	chrIII	250067	0	3.0	25
	chrIII	250070	0	0.5	25
	chrIII	250073	1	0.5	25
	chrIII	250075	0	1.0	25
	chrIII	250076	0	2.0	25
	chrIII	250079	0	0.5	25
	chrIII	250082	0	1.0	25
	chrIII	250085	1	1.0	25
	chrIII	250086	0	0.5	25
	chrIII	250086	1	0.5	25
	chrIII	250087	0	2.0	25
	chrIII	250088	0	0.5	25
	chrIII	250103	1	0.5	25
	chrIII	250123	1	1.0	25
	chrIII	250124	1	1.5	25
	chrIII	250126	1	3.5	25
	chrIII	250127	0	0.5	25
	chrIII	250133	1	0.5	25
	chrIII	250134	1	0.5	25
	chrIII	250135	1	3.0	25
	chrIII	250136	0	0.5	25
	chrIII	250136	1	1.0	25
	chrIII	250137	0	0.5	25
	chrIII	250138	0	0.5	25
	chrIII	250138	1	0.5	25
	chrIII	250139	0	1.0	25
	chrIII	250146	1	1.0	25
	chrIII	250147	0	0.5	25
	chrIII	250147	1	1.0	25
	chrIII	250148	1	1.0	25
	chrIII	250150	1	0.5	25
	chrIII	250152	1	0.5	25
	chrIII	250158	0	0.5	25
	chrIII	250172	0	0.5	25
	chrIII	250200	1	0.5	25
	chrIII	250202	1	0.5	25
	chrIII	250210	1	0.5	25
	chrIII	250212	1	0.5	25
	chrIII	250214	1	0.5	25
	chrIII	250219	1	0.5	25
	chrIII	250226	0	0.5	25
	chrIII	250228	0	0.5	25
	chrIII	250238	1	0.5	25
	chrIII	250250	1	0.5	25
	chrIII	250263	0	0.5	25
	chrIII	250282	1	0.5	25
	chrIII	250289	0	1.0	25
	chrIII	250307	1	0.5	25
	chrIII	250317	1	0.5	25
	chrIII	250322	1	0.5	25
	chrIII	250342	1	0.5	25
	chrIII	250362	0	0.5	25
	chrIII	250394	0	0.5	25
	chrIII	250453	1	0.5	25
	chrIII	250455	1	0.5	25
	chrIII	250457	1	0.5	25
	chrIII	250493	0	0.5	25
	chrIII	250524	1	0.5	25
	chrIII	250535	0	0.5	25
	chrIII	250561	1	0.5	25
	chrIII	250605	0	0.5	25
	chrIII	250606	0	0.5	25
	chrIII	250612	1	0.5	25
	chrIII	250665	1	0.5	25
	chrIII	250666	1	0.5	25
	chrIII	250762	0	0.5	25
	chrIII	250790	0	0.5	25
	chrIII	250806	1	0.5	25
	chrIII	250834	0	0.5	25
	chrIII	250856	1	0.5	25
	chrIII	250857	0	0.5	25
	chrIII	250870	0	0.5	25
	chrIII	250872	0	0.5	25
	chrIII	250888	0	0.5	25
	chrIII	250905	0	0.5	25
	chrIII	250929	1	0.5	25
	chrIII	250931	1	0.5	25
	chrIII	250932	0	0.5	25
	chrIII	250936	1	0.5	25
	chrIII	250959	1	0.5	25
	chrIII	250970	0	0.5	25
	chrIII	250970	1	0.5	25
	chrIII	250972	1	0.5	25
	chrIII	250996	0	0.5	25
	chrIII	250996	1	0.5	25
	chrIII	251007	0	0.5	25
	chrIII	251018	1	0.5	25
	chrIII	251022	0	0.5	25
	chrIII	251045	0	0.5	25
	chrIII	251078	1	0.5	25
	chrIII	251096	1	0.5	25
	chrIII	251105	0	0.5	25
	chrIII	251108	1	0.5	25
	chrIII	251169	0	0.5	25
	chrIII	251203	0	0.5	25
	chrIII	251221	1	0.5	25
	chrIII	251236	1	0.5	25
	chrIII	251237	0	0.5	25
	chrIII	251256	1	0.5	25
	chrIII	251261	0	0.5	25
	chrIII	251281	0	0.5	25
	chrIII	251290	1	0.5	25
	chrIII	251307	1	0.5	25
	chrIII	251319	0	1.0	25
	chrIII	251331	1	0.5	25
	chrIII	251337	0	0.5	25
	chrIII	251363	1	0.5	25
	chrIII	251375	0	0.5	25
	chrIII	251386	0	0.5	25
	chrIII	251416	1	1.0	25
	chrIII	251424	0	0.5	25
	chrIII	251431	0	0.5	25
	chrIII	251464	0	0.5	25
	chrIII	251479	1	0.5	25
	chrIII	251485	1	0.5	25
	chrIII	251497	0	0.5	25
	chrIII	251503	0	0.5	25
	chrIII	251504	1	0.5	25
	chrIII	251505	1	0.5	25
	chrIII	251556	1	0.5	25
	chrIII	251567	1	0.5	25
	chrIII	251574	1	0.5	25
	chrIII	251579	1	0.5	25
	chrIII	251608	0	0.5	25
	chrIII	251645	0	0.5	25
	chrIII	251658	0	0.5	25
	chrIII	251695	1	0.5	25
	chrIII	251707	1	0.5	25
	chrIII	251730	1	0.5	25
	chrIII	251733	0	0.5	25
	chrIII	251780	1	0.5	25
	chrIII	251808	0	0.5	25
	chrIII	251832	0	0.5	25
	chrIII	251889	1	0.5	25
	chrIII	251895	0	1.5	25
	chrIII	251921	0	0.5	25
	chrIII	251954	0	0.5	25
	chrIII	251986	1	0.5	25
	chrIII	251987	1	0.5	25
	chrIII	252005	0	1.0	25
	chrIII	252028	1	0.5	25
	chrIII	252050	1	1.5	25
	chrIII	252058	0	0.5	25
	chrIII	252087	0	0.5	25
	chrIII	252116	0	0.5	25
	chrIII	252169	1	0.5	25
	chrIII	252200	0	0.5	25
	chrIII	252204	1	0.5	25
	chrIII	252223	1	0.5	25
	chrIII	252224	1	0.5	25
	chrIII	252268	1	0.5	25
	chrIII	252358	1	0.5	25
	chrIII	252359	0	1.0	25
	chrIII	252375	0	0.5	25
	chrIII	252392	1	0.5	25
	chrIII	252405	0	0.5	25
	chrIII	252426	0	0.5	25
	chrIII	252456	1	0.5	25
	chrIII	252458	0	0.5	25
	chrIII	252471	1	0.5	25
	chrIII	252478	1	0.5	25
	chrIII	252493	0	0.5	25
	chrIII	252512	1	0.5	25
	chrIII	252521	0	0.5	25
	chrIII	252544	1	0.5	25
	chrIII	252564	0	0.5	25
	chrIII	252572	1	0.5	25
	chrIII	252597	1	0.5	25
	chrIII	252618	0	1.0	25
	chrIII	252670	0	0.5	25
	chrIII	252693	0	0.5	25
	chrIII	252699	0	0.5	25
	chrIII	252701	0	0.5	25
	chrIII	252709	0	1.0	25
	chrIII	252712	0	1.0	25
	chrIII	252717	0	0.5	25
	chrIII	252721	0	0.5	25
	chrIII	252722	0	1.5	25
	chrIII	252722	1	1.0	25
	chrIII	252723	0	1.0	25
	chrIII	252724	1	0.5	25
	chrIII	252755	0	0.5	25
	chrIII	252755	1	1.0	25
	chrIII	252764	0	0.5	25
	chrIII	252769	1	1.5	25
	chrIII	252772	1	0.5	25
	chrIII	252773	1	1.0	25
	chrIII	252780	1	0.5	25
	chrIII	252787	1	1.5	25
	chrIII	252788	1	0.5	25
	chrIII	252789	1	0.5	25
	chrIII	252790	0	1.0	25
	chrIII	252797	1	0.5	25
	chrIII	252838	0	0.5	25
	chrIII	252839	1	1.0	25
	chrIII	252856	0	0.5	25
	chrIII	252907	1	0.5	25
	chrIII	252913	0	0.5	25
	chrIII	252915	0	1.0	25
	chrIII	252931	1	0.5	25
	chrIII	252948	0	0.5	25
	chrIII	252949	0	0.5	25
	chrIII	252964	1	0.5	25
	chrIII	253005	1	1.0	25
	chrIII	253017	1	0.5	25
	chrIII	253023	1	0.5	25
	chrIII	253040	1	0.5	25
	chrIII	253041	1	0.5	25
	chrIII	253043	0	0.5	25
	chrIII	253066	0	0.5	25
	chrIII	253101	1	0.5	25
	chrIII	253116	1	0.5	25
	chrIII	253143	0	1.5	25
	chrIII	253155	0	0.5	25
	chrIII	253204	1	0.5	25
	chrIII	253233	1	1.0	25
	chrIII	253235	1	0.5	25
	chrIII	253243	0	0.5	25
	chrIII	253251	0	0.5	25
	chrIII	253348	1	0.5	25
	chrIII	253371	0	0.5	25
	chrIII	253465	0	0.5	25
	chrIII	253469	0	0.5	25
	chrIII	253470	1	0.5	25
	chrIII	253472	1	0.5	25
	chrIII	253525	1	0.5	25
	chrIII	253552	0	0.5	25
	chrIII	253575	1	0.5	25
	chrIII	253612	1	0.5	25
	chrIII	253735	0	0.5	25
	chrIII	253762	0	0.5	25
	chrIII	253763	0	1.0	25
	chrIII	253790	0	0.5	25
	chrIII	253791	0	0.5	25
	chrIII	253810	0	0.5	25
	chrIII	253823	1	0.5	25
	chrIII	253825	1	0.5	25
	chrIII	253841	1	1.0	25
	chrIII	253861	1	0.5	25
	chrIII	253876	0	0.5	25
	chrIII	253882	1	0.5	25
	chrIII	253892	0	0.5	25
	chrIII	253936	1	0.5	25
	chrIII	253965	1	0.5	25
	chrIII	253994	0	0.5	25
	chrIII	254023	0	0.5	25
	chrIII	254064	1	0.5	25
	chrIII	254077	1	1.0	25
	chrIII	254082	0	0.5	25
	chrIII	254084	0	0.5	25
	chrIII	254125	0	0.5	25
	chrIII	254134	0	0.5	25
	chrIII	254136	0	0.5	25
	chrIII	254139	0	0.5	25
	chrIII	254143	0	0.5	25
	chrIII	254181	1	0.5	25
	chrIII	254183	0	0.5	25
	chrIII	254193	1	0.5	25
	chrIII	254206	1	0.5	25
	chrIII	254238	0	0.5	25
	chrIII	254246	0	0.5	25
	chrIII	254246	1	0.5	25
	chrIII	254247	0	0.5	25
	chrIII	254248	0	0.5	25
	chrIII	254250	1	0.5	25
	chrIII	254252	0	0.5	25
	chrIII	254252	1	0.5	25
	chrIII	254253	0	1.0	25
	chrIII	254254	0	1.0	25
	chrIII	254255	1	0.5	25
	chrIII	254256	0	1.5	25
	chrIII	254258	0	1.5	25
	chrIII	254266	0	0.5	25
	chrIII	254274	0	1.5	25
	chrIII	254275	0	2.0	25
	chrIII	254277	0	2.0	25
	chrIII	254285	0	0.5	25
	chrIII	254287	0	1.0	25
	chrIII	254288	0	0.5	25
	chrIII	254289	0	0.5	25
	chrIII	254296	0	0.5	25
	chrIII	254298	1	0.5	25
	chrIII	254318	1	1.0	25
	chrIII	254320	1	0.5	25
	chrIII	254324	1	1.5	25
	chrIII	254325	1	1.5	25
	chrIII	254330	1	2.0	25
	chrIII	254331	1	0.5	25
	chrIII	254333	1	0.5	25
	chrIII	254335	1	0.5	25
	chrIII	254342	1	0.5	25
	chrIII	254345	1	0.5	25
	chrIII	254347	1	0.5	25
	chrIII	254348	1	3.0	25
	chrIII	254349	1	1.5	25
	chrIII	254350	1	0.5	25
	chrIII	254351	0	0.5	25
	chrIII	254353	0	0.5	25
	chrIII	254365	0	0.5	25
	chrIII	254377	0	0.5	25
	chrIII	254403	1	0.5	25
	chrIII	254424	0	1.0	25
	chrIII	254425	1	0.5	25
	chrIII	254435	0	0.5	25
	chrIII	254456	1	0.5	25
	chrIII	254480	0	0.5	25
	chrIII	254492	1	1.0	25
	chrIII	254494	1	0.5	25
	chrIII	254497	0	0.5	25
	chrIII	254525	1	1.0	25
	chrIII	254545	1	0.5	25
	chrIII	254557	1	0.5	25
	chrIII	254566	0	0.5	25
	chrIII	254618	0	0.5	25
	chrIII	254637	1	0.5	25
	chrIII	254638	1	0.5	25
	chrIII	254644	1	0.5	25
	chrIII	254654	0	0.5	25
	chrIII	254659	0	0.5	25
	chrIII	254666	0	0.5	25
	chrIII	254668	0	1.0	25
	chrIII	254693	1	0.5	25
	chrIII	254714	1	0.5	25
	chrIII	254719	1	0.5	25
	chrIII	254733	0	0.5	25
	chrIII	254733	1	0.5	25
	chrIII	254734	0	0.5	25
	chrIII	254739	1	1.0	25
	chrIII	254763	0	0.5	25
	chrIII	254773	0	0.5	25
	chrIII	254784	1	0.5	25
	chrIII	254790	1	0.5	25
	chrIII	254808	1	0.5	25
	chrIII	254809	0	0.5	25
	chrIII	254833	0	0.5	25
	chrIII	254834	1	0.5	25
	chrIII	254858	1	0.5	25
	chrIII	254894	0	0.5	25
	chrIII	254902	1	0.5	25
	chrIII	254912	0	0.5	25
	chrIII	254914	1	0.5	25
	chrIII	254941	1	0.5	25
	chrIII	254948	0	1.0	25
	chrIII	254972	1	0.5	25
	chrIII	254990	0	0.5	25
	chrIII	255009	0	0.5	25
	chrIII	255014	0	0.5	25
	chrIII	255021	0	0.5	25
	chrIII	255022	1	1.0	25
	chrIII	255034	0	0.5	25
	chrIII	255049	1	0.5	25
	chrIII	255080	1	0.5	25
	chrIII	255096	1	0.5	25
	chrIII	255104	0	0.5	25
	chrIII	255106	0	0.5	25
	chrIII	255106	1	0.5	25
	chrIII	255109	0	0.5	25
	chrIII	255129	0	0.5	25
	chrIII	255131	0	0.5	25
	chrIII	255141	0	0.5	25
	chrIII	255142	0	0.5	25
	chrIII	255154	1	0.5	25
	chrIII	255174	1	0.5	25
	chrIII	255185	0	0.5	25
	chrIII	255192	0	0.5	25
	chrIII	255194	1	0.5	25
	chrIII	255201	1	0.5	25
	chrIII	255215	1	0.5	25
	chrIII	255223	1	1.0	25
	chrIII	255237	1	0.5	25
	chrIII	255239	0	1.0	25
	chrIII	255245	0	0.5	25
	chrIII	255247	0	1.0	25
	chrIII	255252	1	0.5	25
	chrIII	255258	1	0.5	25
	chrIII	255263	0	0.5	25
	chrIII	255296	1	0.5	25
	chrIII	255298	0	0.5	25
	chrIII	255299	0	0.5	25
	chrIII	255309	0	0.5	25
	chrIII	255328	1	0.5	25
	chrIII	255330	1	0.5	25
	chrIII	255341	0	0.5	25
	chrIII	255345	1	0.5	25
	chrIII	255348	1	1.0	25
	chrIII	255350	0	0.5	25
	chrIII	255351	1	0.5	25
	chrIII	255352	1	0.5	25
	chrIII	255360	0	1.0	25
	chrIII	255366	0	0.5	25
	chrIII	255369	0	0.5	25
	chrIII	255378	1	0.5	25
	chrIII	255384	0	0.5	25
	chrIII	255385	0	0.5	25
	chrIII	255410	1	0.5	25
	chrIII	255427	1	0.5	25
	chrIII	255431	1	1.0	25
	chrIII	255432	1	0.5	25
	chrIII	255436	0	0.5	25
	chrIII	255441	0	0.5	25
	chrIII	255445	1	0.5	25
	chrIII	255456	0	0.5	25
	chrIII	255457	1	0.5	25
	chrIII	255463	0	0.5	25
	chrIII	255485	1	0.5	25
	chrIII	255493	1	0.5	25
	chrIII	255495	1	0.5	25
	chrIII	255501	0	0.5	25
	chrIII	255518	0	0.5	25
	chrIII	255538	1	0.5	25
	chrIII	255549	1	0.5	25
	chrIII	255585	0	0.5	25
	chrIII	255586	0	0.5	25
	chrIII	255587	1	0.5	25
	chrIII	255614	0	0.5	25
	chrIII	255642	1	0.5	25
	chrIII	255646	0	0.5	25
	chrIII	255647	1	0.5	25
	chrIII	255648	0	0.5	25
	chrIII	255664	0	1.0	25
	chrIII	255689	1	0.5	25
	chrIII	255696	1	0.5	25
	chrIII	255708	1	0.5	25
	chrIII	255739	1	0.5	25
	chrIII	255790	0	0.5	25
	chrIII	255818	0	0.5	25
	chrIII	255861	0	0.5	25
	chrIII	255914	1	0.5	25
	chrIII	255920	0	0.5	25
	chrIII	255922	1	0.5	25
	chrIII	255925	1	0.5	25
	chrIII	255930	0	0.5	25
	chrIII	255948	0	0.5	25
	chrIII	255971	0	0.5	25
	chrIII	255972	0	1.5	25
	chrIII	255972	1	0.5	25
	chrIII	255977	1	1.0	25
	chrIII	256018	0	0.5	25
	chrIII	256027	1	0.5	25
	chrIII	256038	1	0.5	25
	chrIII	256041	1	1.0	25
	chrIII	256061	1	0.5	25
	chrIII	256071	1	0.5	25
	chrIII	256132	0	0.5	25
	chrIII	256149	0	0.5	25
	chrIII	256152	0	0.5	25
	chrIII	256174	1	0.5	25
	chrIII	256182	0	0.5	25
	chrIII	256187	0	0.5	25
	chrIII	256227	1	0.5	25
	chrIII	256238	1	0.5	25
	chrIII	256255	1	0.5	25
	chrIII	256262	1	0.5	25
	chrIII	256263	0	0.5	25
	chrIII	256271	0	0.5	25
	chrIII	256310	0	0.5	25
	chrIII	256320	1	0.5	25
	chrIII	256330	0	0.5	25
	chrIII	256350	1	0.5	25
	chrIII	256352	0	0.5	25
	chrIII	256367	1	0.5	25
	chrIII	256377	1	0.5	25
	chrIII	256389	1	0.5	25
	chrIII	256392	0	0.5	25
	chrIII	256403	1	0.5	25
	chrIII	256451	0	0.5	25
	chrIII	256453	0	0.5	25
	chrIII	256454	1	0.5	25
	chrIII	256472	0	0.5	25
	chrIII	256487	0	1.0	25
	chrIII	256505	1	0.5	25
	chrIII	256506	1	0.5	25
	chrIII	256512	0	0.5	25
	chrIII	256525	0	0.5	25
	chrIII	256531	0	0.5	25
	chrIII	256534	1	0.5	25
	chrIII	256559	0	0.5	25
	chrIII	256571	0	0.5	25
	chrIII	256572	1	1.0	25
	chrIII	256582	1	0.5	25
	chrIII	256589	1	0.5	25
	chrIII	256602	1	0.5	25
	chrIII	256617	1	0.5	25
	chrIII	256623	0	1.0	25
	chrIII	256625	0	0.5	25
	chrIII	256626	1	0.5	25
	chrIII	256652	0	0.5	25
	chrIII	256657	0	0.5	25
	chrIII	256658	0	0.5	25
	chrIII	256664	0	0.5	25
	chrIII	256669	0	0.5	25
	chrIII	256678	1	0.5	25
	chrIII	256693	1	1.0	25
	chrIII	256709	1	0.5	25
	chrIII	256722	0	0.5	25
	chrIII	256731	1	0.5	25
	chrIII	256739	1	0.5	25
	chrIII	256749	1	0.5	25
	chrIII	256777	0	0.5	25
	chrIII	256788	0	0.5	25
	chrIII	256799	0	0.5	25
	chrIII	256800	0	0.5	25
	chrIII	256803	0	0.5	25
	chrIII	256808	0	0.5	25
	chrIII	256831	1	0.5	25
	chrIII	256838	1	0.5	25
	chrIII	256855	1	0.5	25
	chrIII	256871	1	0.5	25
	chrIII	256872	1	0.5	25
	chrIII	256881	0	1.0	25
	chrIII	256885	1	0.5	24
	chrIII	256886	0	0.5	25
	chrIII	256888	1	0.5	25
	chrIII	256890	0	0.5	25
	chrIII	256896	0	0.5	25
	chrIII	256896	1	0.5	25
	chrIII	256928	0	0.5	25
	chrIII	256933	1	0.5	25
	chrIII	256942	1	0.5	25
	chrIII	256944	0	1.0	25
	chrIII	256947	0	1.0	25
	chrIII	256957	1	0.5	25
	chrIII	256966	0	0.5	25
	chrIII	256989	1	0.5	25
	chrIII	257003	1	0.5	25
	chrIII	257005	1	1.0	25
	chrIII	257008	1	0.5	25
	chrIII	257020	0	0.5	25
	chrIII	257033	0	1.0	25
	chrIII	257064	1	0.5	25
	chrIII	257070	1	1.0	25
	chrIII	257073	0	0.5	25
	chrIII	257082	1	0.5	25
	chrIII	257096	1	0.5	25
	chrIII	257108	0	0.5	25
	chrIII	257115	1	0.5	25
	chrIII	257132	0	0.5	25
	chrIII	257146	1	0.5	25
	chrIII	257152	0	0.5	25
	chrIII	257160	0	1.0	25
	chrIII	257164	0	0.5	25
	chrIII	257185	0	0.5	25
	chrIII	257206	1	0.5	25
	chrIII	257213	0	0.5	25
	chrIII	257220	1	1.0	25
	chrIII	257228	1	0.5	25
	chrIII	257230	0	1.0	25
	chrIII	257244	0	0.5	25
	chrIII	257245	1	0.5	25
	chrIII	257246	1	0.5	25
	chrIII	257272	0	0.5	25
	chrIII	257279	1	0.5	25
	chrIII	257280	0	0.5	25
	chrIII	257286	0	0.5	25
	chrIII	257300	1	0.5	25
	chrIII	257310	1	0.5	25
	chrIII	257311	0	0.5	25
	chrIII	257328	0	0.5	25
	chrIII	257338	0	0.5	25
	chrIII	257346	0	0.5	25
	chrIII	257349	1	0.5	25
	chrIII	257351	0	0.5	25
	chrIII	257352	0	0.5	25
	chrIII	257355	0	0.5	25
	chrIII	257356	0	0.5	25
	chrIII	257377	1	0.5	25
	chrIII	257390	1	0.5	25
	chrIII	257399	1	0.5	25
	chrIII	257403	1	0.5	25
	chrIII	257415	0	1.0	25
	chrIII	257423	1	0.5	25
	chrIII	257436	1	1.0	25
	chrIII	257443	1	0.5	25
	chrIII	257455	0	1.0	25
	chrIII	257456	1	0.5	25
	chrIII	257461	0	0.5	25
	chrIII	257464	0	0.5	25
	chrIII	257479	0	0.5	25
	chrIII	257489	1	0.5	25
	chrIII	257493	0	0.5	25
	chrIII	257497	1	0.5	25
	chrIII	257501	1	0.5	25
	chrIII	257508	1	0.5	25
	chrIII	257526	0	0.5	25
	chrIII	257529	0	0.5	25
	chrIII	257531	1	0.5	25
	chrIII	257532	1	0.5	25
	chrIII	257534	1	0.5	25
	chrIII	257536	1	1.0	25
	chrIII	257580	1	0.5	25
	chrIII	257593	1	0.5	25
	chrIII	257599	1	0.5	25
	chrIII	257602	1	0.5	25
	chrIII	257652	0	0.5	25
	chrIII	257686	0	0.5	25
	chrIII	257693	0	0.5	25
	chrIII	257745	1	0.5	25
	chrIII	257749	1	0.5	25
	chrIII	257751	0	0.5	25
	chrIII	257756	1	0.5	25
	chrIII	257761	0	0.5	25
	chrIII	257791	0	0.5	25
	chrIII	257814	1	0.5	25
	chrIII	257817	0	0.5	25
	chrIII	257841	1	0.5	25
	chrIII	257863	0	0.5	25
	chrIII	257881	1	0.5	25
	chrIII	257886	0	1.5	25
	chrIII	257893	0	0.5	25
	chrIII	257918	1	1.0	25
	chrIII	257922	1	0.5	25
	chrIII	257943	1	0.5	25
	chrIII	257964	1	0.5	25
	chrIII	257972	0	1.0	25
	chrIII	257975	1	0.5	25
	chrIII	257983	0	0.5	25
	chrIII	257991	0	0.5	25
	chrIII	257992	0	0.5	25
	chrIII	258000	0	0.5	25
	chrIII	258029	1	0.5	25
	chrIII	258043	0	1.0	25
	chrIII	258068	1	0.5	25
	chrIII	258099	0	0.5	25
	chrIII	258134	0	0.5	25
	chrIII	258136	1	1.0	25
	chrIII	258139	1	1.0	25
	chrIII	258149	1	0.5	25
	chrIII	258170	1	0.5	25
	chrIII	258187	1	0.5	25
	chrIII	258224	0	0.5	25
	chrIII	258225	0	0.5	25
	chrIII	258268	1	0.5	25
	chrIII	258285	1	0.5	25
	chrIII	258292	0	0.5	25
	chrIII	258358	0	2.0	25
	chrIII	258367	0	0.5	25
	chrIII	258368	0	0.5	25
	chrIII	258377	0	0.5	25
	chrIII	258382	1	0.5	25
	chrIII	258391	0	0.5	25
	chrIII	258399	1	0.5	25
	chrIII	258432	1	0.5	25
	chrIII	258434	1	0.5	25
	chrIII	258436	1	0.5	25
	chrIII	258438	0	0.5	25
	chrIII	258476	0	0.5	25
	chrIII	258485	1	0.5	25
	chrIII	258486	1	0.5	25
	chrIII	258505	0	0.5	25
	chrIII	258529	1	0.5	25
	chrIII	258535	1	1.0	25
	chrIII	258539	0	0.5	25
	chrIII	258548	0	1.0	25
	chrIII	258549	1	0.5	25
	chrIII	258560	0	0.5	25
	chrIII	258590	0	0.5	25
	chrIII	258596	0	0.5	25
	chrIII	258600	1	0.5	25
	chrIII	258610	0	0.5	25
	chrIII	258632	0	1.0	25
	chrIII	258633	1	0.5	25
	chrIII	258643	1	0.5	25
	chrIII	258649	1	0.5	25
	chrIII	258661	1	1.0	25
	chrIII	258670	1	0.5	25
	chrIII	258685	1	0.5	25
	chrIII	258686	0	1.0	25
	chrIII	258689	0	0.5	25
	chrIII	258690	0	1.0	25
	chrIII	258697	0	0.5	25
	chrIII	258704	0	0.5	25
	chrIII	258705	0	0.5	25
	chrIII	258706	0	0.5	25
	chrIII	258708	0	1.5	25
	chrIII	258710	0	0.5	25
	chrIII	258719	0	1.0	25
	chrIII	258720	0	2.0	25
	chrIII	258721	0	0.5	25
	chrIII	258721	1	0.5	25
	chrIII	258722	0	0.5	25
	chrIII	258732	0	0.5	25
	chrIII	258733	0	3.0	25
	chrIII	258734	0	2.0	25
	chrIII	258743	0	0.5	25
	chrIII	258743	1	2.0	25
	chrIII	258744	0	1.5	25
	chrIII	258747	0	1.0	25
	chrIII	258748	0	0.5	25
	chrIII	258749	1	0.5	25
	chrIII	258770	1	0.5	25
	chrIII	258776	1	0.5	25
	chrIII	258777	1	0.5	25
	chrIII	258780	1	1.5	25
	chrIII	258781	1	2.0	25
	chrIII	258782	1	1.0	25
	chrIII	258784	1	1.0	25
	chrIII	258785	1	0.5	25
	chrIII	258792	1	1.0	25
	chrIII	258794	1	0.5	25
	chrIII	258795	1	0.5	25
	chrIII	258796	1	0.5	25
	chrIII	258797	1	0.5	25
	chrIII	258803	1	0.5	25
	chrIII	258805	1	0.5	25
	chrIII	258808	1	0.5	25
	chrIII	258809	1	3.0	25
	chrIII	258810	1	0.5	25
	chrIII	258816	1	1.0	25
	chrIII	258819	1	0.5	25
	chrIII	258841	0	0.5	25
	chrIII	258893	1	0.5	25
	chrIII	258920	0	0.5	25
	chrIII	258955	1	0.5	25
	chrIII	258962	1	0.5	25
	chrIII	259008	1	0.5	25
	chrIII	259021	0	1.0	25
	chrIII	259029	0	0.5	25
	chrIII	259104	0	1.0	25
	chrIII	259107	0	0.5	25
	chrIII	259122	1	1.0	25
	chrIII	259127	0	0.5	25
	chrIII	259128	0	1.0	25
	chrIII	259130	0	0.5	25
	chrIII	259145	0	0.5	25
	chrIII	259150	1	0.5	25
	chrIII	259159	0	0.5	25
	chrIII	259180	1	1.0	25
	chrIII	259181	1	1.5	25
	chrIII	259189	0	0.5	25
	chrIII	259193	0	0.5	25
	chrIII	259216	0	0.5	25
	chrIII	259216	1	0.5	25
	chrIII	259219	0	0.5	25
	chrIII	259235	1	1.0	25
	chrIII	259261	1	0.5	25
	chrIII	259282	1	1.0	25
	chrIII	259296	1	0.5	25
	chrIII	259310	1	0.5	25
	chrIII	259323	0	0.5	25
	chrIII	259324	0	0.5	25
	chrIII	259348	0	0.5	25
	chrIII	259366	0	0.5	25
	chrIII	259392	0	0.5	25
	chrIII	259394	1	1.0	25
	chrIII	259395	0	0.5	25
	chrIII	259427	1	0.5	25
	chrIII	259429	1	0.5	25
	chrIII	259430	0	0.5	25
	chrIII	259431	1	0.5	25
	chrIII	259433	0	0.5	25
	chrIII	259439	0	0.5	25
	chrIII	259461	1	0.5	25
	chrIII	259473	0	0.5	25
	chrIII	259473	1	0.5	25
	chrIII	259474	0	1.0	25
	chrIII	259485	0	0.5	25
	chrIII	259492	0	0.5	25
	chrIII	259505	1	0.5	25
	chrIII	259529	1	1.0	25
	chrIII	259534	0	0.5	25
	chrIII	259544	1	0.5	25
	chrIII	259552	1	0.5	25
	chrIII	259595	1	0.5	25
	chrIII	259613	0	0.5	25
	chrIII	259626	0	0.5	25
	chrIII	259645	1	0.5	25
	chrIII	259655	1	0.5	25
	chrIII	259658	0	0.5	25
	chrIII	259666	0	0.5	25
	chrIII	259675	1	0.5	25
	chrIII	259676	0	1.0	25
	chrIII	259685	1	0.5	25
	chrIII	259699	0	1.5	25
	chrIII	259702	1	0.5	25
	chrIII	259710	1	0.5	25
	chrIII	259726	1	0.5	25
	chrIII	259730	0	0.5	25
	chrIII	259761	1	0.5	25
	chrIII	259777	1	1.0	25
	chrIII	259799	0	0.5	25
	chrIII	259831	0	0.5	25
	chrIII	259865	1	0.5	25
	chrIII	259871	0	0.5	25
	chrIII	259874	1	0.5	25
	chrIII	259876	0	0.5	25
	chrIII	259877	0	0.5	25
	chrIII	259877	1	0.5	25
	chrIII	259907	0	1.0	25
	chrIII	259930	1	0.5	25
	chrIII	259936	1	0.5	25
	chrIII	259942	0	0.5	25
	chrIII	259942	1	0.5	25
	chrIII	259954	1	0.5	25
	chrIII	259959	0	0.5	25
	chrIII	259961	0	0.5	25
	chrIII	259967	0	1.0	25
	chrIII	259967	1	0.5	25
	chrIII	259968	1	0.5	25
	chrIII	259969	0	0.5	25
	chrIII	260023	1	0.5	25
	chrIII	260026	1	0.5	25
	chrIII	260028	1	0.5	25
	chrIII	260029	1	0.5	25
	chrIII	260033	1	0.5	25
	chrIII	260035	1	0.5	25
	chrIII	260040	0	0.5	25
	chrIII	260048	0	1.0	25
	chrIII	260056	0	1.0	25
	chrIII	260065	0	0.5	25
	chrIII	260102	0	0.5	25
	chrIII	260106	0	0.5	25
	chrIII	260107	0	0.5	25
	chrIII	260131	0	0.5	25
	chrIII	260133	1	0.5	25
	chrIII	260139	0	0.5	25
	chrIII	260163	1	1.5	25
	chrIII	260175	0	1.0	25
	chrIII	260182	1	0.5	25
	chrIII	260184	0	0.5	25
	chrIII	260187	0	0.5	25
	chrIII	260195	1	0.5	25
	chrIII	260211	0	0.5	25
	chrIII	260215	1	0.5	25
	chrIII	260220	1	1.0	25
	chrIII	260230	0	0.5	25
	chrIII	260236	1	0.5	25
	chrIII	260249	0	0.5	25
	chrIII	260254	1	0.5	25
	chrIII	260255	1	1.0	25
	chrIII	260256	0	1.0	25
	chrIII	260262	1	0.5	25
	chrIII	260264	0	0.5	25
	chrIII	260270	1	0.5	25
	chrIII	260288	0	0.5	25
	chrIII	260312	0	0.5	25
	chrIII	260316	0	0.5	25
	chrIII	260316	1	1.0	25
	chrIII	260318	1	0.5	25
	chrIII	260327	1	0.5	25
	chrIII	260350	1	0.5	25
	chrIII	260377	1	0.5	25
	chrIII	260382	1	0.5	25
	chrIII	260386	0	1.0	25
	chrIII	260388	1	0.5	25
	chrIII	260424	1	0.5	25
	chrIII	260436	0	0.5	25
	chrIII	260457	1	1.0	25
	chrIII	260505	0	0.5	25
	chrIII	260571	1	0.5	25
	chrIII	260587	0	0.5	25
	chrIII	260601	1	0.5	25
	chrIII	260642	0	0.5	25
	chrIII	260663	1	0.5	25
	chrIII	260667	0	0.5	25
	chrIII	260703	0	0.5	25
	chrIII	260743	1	0.5	25
	chrIII	260814	1	0.5	25
	chrIII	260941	0	0.5	25
	chrIII	260994	1	0.5	25
	chrIII	261028	1	0.5	25
	chrIII	261033	0	0.5	25
	chrIII	261059	0	0.5	25
	chrIII	261081	0	0.5	25
	chrIII	261083	1	0.5	25
	chrIII	261090	0	0.5	25
	chrIII	261123	1	0.5	25
	chrIII	261153	0	0.5	25
	chrIII	261156	1	0.5	25
	chrIII	261205	0	0.5	25
	chrIII	261217	1	0.5	25
	chrIII	261248	1	0.5	25
	chrIII	261279	0	0.5	25
	chrIII	261319	1	0.5	25
	chrIII	261320	0	0.5	25
	chrIII	261331	0	0.5	25
	chrIII	261353	0	0.5	25
	chrIII	261369	1	0.5	25
	chrIII	261382	1	0.5	25
	chrIII	261383	0	0.5	25
	chrIII	261390	0	0.5	25
	chrIII	261395	1	0.5	25
	chrIII	261438	1	0.5	25
	chrIII	261453	1	0.5	25
	chrIII	261492	0	0.5	25
	chrIII	261503	0	0.5	25
	chrIII	261546	1	0.5	25
	chrIII	261566	1	0.5	25
	chrIII	261574	0	0.5	25
	chrIII	261596	0	0.5	25
	chrIII	261612	1	0.5	25
	chrIII	261618	0	0.5	25
	chrIII	261645	1	1.0	25
	chrIII	261654	1	0.5	25
	chrIII	261705	0	0.5	25
	chrIII	261742	0	0.5	25
	chrIII	261761	1	0.5	25
	chrIII	261794	1	0.5	25
	chrIII	261802	0	0.5	25
	chrIII	261860	0	0.5	25
	chrIII	261890	1	0.5	25
	chrIII	261936	0	0.5	25
	chrIII	261993	0	0.5	25
	chrIII	262010	0	0.5	25
	chrIII	262085	1	0.5	25
	chrIII	262088	0	0.5	25
	chrIII	262164	1	0.5	25
	chrIII	262165	0	0.5	25
	chrIII	262171	1	0.5	25
	chrIII	262173	0	0.5	25
	chrIII	262180	1	0.5	25
	chrIII	262197	1	0.5	25
	chrIII	262220	1	0.5	25
	chrIII	262221	0	0.5	25
	chrIII	262262	1	0.5	25
	chrIII	262330	0	0.5	25
	chrIII	262346	0	0.5	25
	chrIII	262351	0	0.5	25
	chrIII	262386	0	0.5	25
	chrIII	262397	0	0.5	25
	chrIII	262401	0	0.5	25
	chrIII	262432	1	0.5	25
	chrIII	262451	1	0.5	25
	chrIII	262454	1	0.5	25
	chrIII	262473	1	0.5	25
	chrIII	262487	1	0.5	25
	chrIII	262497	1	0.5	25
	chrIII	262513	0	0.5	25
	chrIII	262517	0	1.0	25
	chrIII	262520	0	0.5	25
	chrIII	262533	0	0.5	25
	chrIII	262539	1	0.5	25
	chrIII	262557	1	0.5	25
	chrIII	262573	0	1.0	25
	chrIII	262583	1	0.5	24
	chrIII	262588	0	0.5	25
	chrIII	262593	0	1.0	25
	chrIII	262653	0	0.5	25
	chrIII	262661	1	0.5	25
	chrIII	262665	1	0.5	25
	chrIII	262667	1	0.5	25
	chrIII	262673	1	0.5	25
	chrIII	262677	0	0.5	25
	chrIII	262678	0	0.5	25
	chrIII	262693	0	0.5	25
	chrIII	262697	1	0.5	25
	chrIII	262698	1	1.0	25
	chrIII	262709	1	0.5	25
	chrIII	262711	1	0.5	25
	chrIII	262757	0	0.5	25
	chrIII	262757	1	0.5	25
	chrIII	262764	0	1.0	25
	chrIII	262765	1	1.0	25
	chrIII	262777	0	0.5	25
	chrIII	262801	0	0.5	25
	chrIII	262824	1	1.0	25
	chrIII	262845	1	0.5	25
	chrIII	262851	0	0.5	25
	chrIII	262851	1	0.5	25
	chrIII	262861	0	0.5	25
	chrIII	262876	0	0.5	25
	chrIII	262879	0	1.0	25
	chrIII	262894	0	0.5	25
	chrIII	262898	1	0.5	25
	chrIII	262899	0	0.5	25
	chrIII	262903	1	0.5	25
	chrIII	262904	0	0.5	25
	chrIII	262906	0	0.5	25
	chrIII	262909	0	0.5	25
	chrIII	262923	1	0.5	25
	chrIII	262931	0	0.5	25
	chrIII	262941	0	0.5	25
	chrIII	262961	1	0.5	25
	chrIII	262964	1	0.5	25
	chrIII	262968	1	0.5	25
	chrIII	262987	1	1.0	25
	chrIII	262988	0	0.5	25
	chrIII	262990	0	0.5	25
	chrIII	262995	0	0.5	25
	chrIII	263004	1	1.0	25
	chrIII	263017	1	0.5	25
	chrIII	263018	0	0.5	25
	chrIII	263019	0	0.5	25
	chrIII	263020	0	1.0	25
	chrIII	263054	0	0.5	25
	chrIII	263056	1	0.5	25
	chrIII	263060	1	0.5	25
	chrIII	263066	0	0.5	25
	chrIII	263086	1	1.0	25
	chrIII	263099	1	0.5	25
	chrIII	263103	0	0.5	25
	chrIII	263103	1	0.5	25
	chrIII	263107	1	0.5	25
	chrIII	263110	0	0.5	25
	chrIII	263111	1	0.5	25
	chrIII	263121	0	0.5	25
	chrIII	263128	1	0.5	25
	chrIII	263135	0	0.5	25
	chrIII	263148	0	0.5	25
	chrIII	263165	1	0.5	25
	chrIII	263166	1	0.5	25
	chrIII	263168	0	0.5	25
	chrIII	263169	0	0.5	25
	chrIII	263178	1	0.5	25
	chrIII	263179	1	0.5	25
	chrIII	263188	0	0.5	25
	chrIII	263209	1	1.0	25
	chrIII	263211	0	0.5	25
	chrIII	263220	0	0.5	25
	chrIII	263234	0	0.5	25
	chrIII	263239	0	0.5	25
	chrIII	263240	1	0.5	25
	chrIII	263244	1	0.5	25
	chrIII	263256	0	0.5	25
	chrIII	263257	1	0.5	25
	chrIII	263259	1	0.5	25
	chrIII	263271	0	0.5	25
	chrIII	263278	0	0.5	25
	chrIII	263286	0	1.0	25
	chrIII	263286	1	0.5	25
	chrIII	263287	0	0.5	25
	chrIII	263287	1	0.5	25
	chrIII	263298	1	0.5	25
	chrIII	263326	1	0.5	25
	chrIII	263329	1	0.5	25
	chrIII	263357	0	0.5	25
	chrIII	263362	0	0.5	25
	chrIII	263371	0	0.5	25
	chrIII	263372	1	0.5	25
	chrIII	263383	1	0.5	25
	chrIII	263433	1	0.5	25
	chrIII	263434	0	0.5	25
	chrIII	263442	1	0.5	25
	chrIII	263453	1	0.5	25
	chrIII	263456	1	1.0	25
	chrIII	263506	0	0.5	25
	chrIII	263512	1	0.5	25
	chrIII	263516	0	0.5	25
	chrIII	263540	1	0.5	25
	chrIII	263552	0	0.5	25
	chrIII	263553	0	0.5	25
	chrIII	263555	0	0.5	25
	chrIII	263563	1	0.5	25
	chrIII	263593	1	0.5	25
	chrIII	263623	0	0.5	25
	chrIII	263628	1	1.0	25
	chrIII	263653	0	0.5	25
	chrIII	263659	1	0.5	25
	chrIII	263680	1	0.5	25
	chrIII	263683	0	0.5	25
	chrIII	263711	0	1.0	25
	chrIII	263742	1	0.5	25
	chrIII	263745	0	0.5	25
	chrIII	263755	0	0.5	25
	chrIII	263771	0	0.5	25
	chrIII	263791	0	0.5	25
	chrIII	263805	0	0.5	25
	chrIII	263813	0	0.5	25
	chrIII	263830	0	1.0	25
	chrIII	263831	0	0.5	25
	chrIII	263838	0	1.0	25
	chrIII	263843	0	0.5	25
	chrIII	263855	1	0.5	25
	chrIII	263857	1	0.5	25
	chrIII	263865	1	0.5	25
	chrIII	263881	0	0.5	25
	chrIII	263894	1	2.0	25
	chrIII	263901	1	0.5	25
	chrIII	263906	1	1.0	25
	chrIII	263908	1	1.0	25
	chrIII	263910	0	0.5	25
	chrIII	263919	1	0.5	25
	chrIII	263931	1	0.5	25
	chrIII	263949	0	0.5	25
	chrIII	263955	1	0.5	25
	chrIII	263956	0	0.5	25
	chrIII	263956	1	0.5	25
	chrIII	263986	1	1.0	25
	chrIII	264017	0	1.0	25
	chrIII	264019	1	0.5	25
	chrIII	264026	0	0.5	25
	chrIII	264063	0	0.5	25
	chrIII	264068	1	0.5	25
	chrIII	264075	1	1.0	25
	chrIII	264081	0	1.0	25
	chrIII	264087	0	0.5	25
	chrIII	264122	0	1.0	25
	chrIII	264122	1	0.5	25
	chrIII	264158	0	0.5	25
	chrIII	264162	1	1.0	25
	chrIII	264176	0	0.5	25
	chrIII	264185	0	0.5	25
	chrIII	264194	0	0.5	25
	chrIII	264194	1	1.0	25
	chrIII	264253	1	0.5	25
	chrIII	264258	0	0.5	25
	chrIII	264270	1	0.5	25
	chrIII	264284	1	0.5	25
	chrIII	264291	0	0.5	25
	chrIII	264349	0	0.5	25
	chrIII	264352	0	0.5	25
	chrIII	264358	1	0.5	25
	chrIII	264359	0	0.5	25
	chrIII	264362	0	0.5	25
	chrIII	264371	1	0.5	25
	chrIII	264378	0	0.5	25
	chrIII	264389	1	0.5	25
	chrIII	264398	1	0.5	25
	chrIII	264416	0	0.5	25
	chrIII	264418	1	0.5	25
	chrIII	264430	0	0.5	25
	chrIII	264446	1	0.5	25
	chrIII	264475	1	0.5	25
	chrIII	264506	0	0.5	25
	chrIII	264508	1	0.5	25
	chrIII	264512	0	0.5	25
	chrIII	264513	0	0.5	25
	chrIII	264519	0	0.5	25
	chrIII	264526	1	1.0	25
	chrIII	264527	0	3.0	25
	chrIII	264532	0	0.5	25
	chrIII	264533	1	0.5	25
	chrIII	264537	0	0.5	25
	chrIII	264550	0	0.5	25
	chrIII	264554	1	0.5	25
	chrIII	264555	0	1.0	25
	chrIII	264559	0	0.5	25
	chrIII	264565	0	0.5	25
	chrIII	264568	0	0.5	25
	chrIII	264569	1	0.5	25
	chrIII	264574	0	0.5	25
	chrIII	264578	1	2.0	25
	chrIII	264579	0	1.0	25
	chrIII	264586	0	0.5	25
	chrIII	264591	1	0.5	25
	chrIII	264599	1	0.5	25
	chrIII	264607	1	0.5	25
	chrIII	264609	1	0.5	25
	chrIII	264622	1	1.5	25
	chrIII	264623	0	0.5	25
	chrIII	264623	1	0.5	25
	chrIII	264627	1	0.5	25
	chrIII	264631	0	0.5	25
	chrIII	264634	1	0.5	25
	chrIII	264635	1	0.5	25
	chrIII	264637	1	0.5	25
	chrIII	264652	1	0.5	25
	chrIII	264661	0	0.5	25
	chrIII	264661	1	0.5	25
	chrIII	264666	0	0.5	25
	chrIII	264667	0	0.5	25
	chrIII	264670	0	0.5	25
	chrIII	264681	1	0.5	25
	chrIII	264694	1	0.5	25
	chrIII	264698	0	0.5	25
	chrIII	264709	1	0.5	25
	chrIII	264727	0	0.5	25
	chrIII	264728	0	0.5	25
	chrIII	264730	0	2.0	25
	chrIII	264740	1	0.5	25
	chrIII	264741	0	0.5	25
	chrIII	264751	1	0.5	25
	chrIII	264753	1	0.5	25
	chrIII	264766	1	0.5	25
	chrIII	264776	1	0.5	25
	chrIII	264785	0	0.5	25
	chrIII	264800	0	0.5	25
	chrIII	264846	0	0.5	25
	chrIII	264849	1	0.5	25
	chrIII	264853	0	0.5	25
	chrIII	264858	1	0.5	25
	chrIII	264862	1	0.5	25
	chrIII	264864	0	1.0	25
	chrIII	264874	0	0.5	25
	chrIII	264877	1	0.5	25
	chrIII	264887	0	0.5	25
	chrIII	264888	0	0.5	25
	chrIII	264890	0	1.0	25
	chrIII	264890	1	1.0	25
	chrIII	264896	1	0.5	25
	chrIII	264909	1	0.5	25
	chrIII	264910	0	2.5	25
	chrIII	264918	1	1.0	25
	chrIII	264919	0	2.5	25
	chrIII	264919	1	1.0	25
	chrIII	264920	0	1.5	25
	chrIII	264922	0	0.5	25
	chrIII	264923	0	2.0	25
	chrIII	264936	0	0.5	25
	chrIII	264941	0	1.5	25
	chrIII	264949	0	0.5	25
	chrIII	264958	1	0.5	25
	chrIII	264959	1	0.5	25
	chrIII	264964	0	0.5	25
	chrIII	264966	1	0.5	25
	chrIII	264968	1	0.5	25
	chrIII	264972	0	0.5	25
	chrIII	264976	1	1.5	25
	chrIII	264977	1	1.0	25
	chrIII	264978	0	0.5	25
	chrIII	264978	1	1.5	25
	chrIII	264979	1	1.5	25
	chrIII	264981	1	2.0	25
	chrIII	264982	0	0.5	25
	chrIII	264982	1	0.5	25
	chrIII	264988	1	1.0	25
	chrIII	264989	1	1.5	25
	chrIII	264990	0	0.5	25
	chrIII	264993	1	0.5	25
	chrIII	264995	1	0.5	25
	chrIII	265001	1	0.5	25
	chrIII	265033	0	1.0	25
	chrIII	265037	1	0.5	25
	chrIII	265047	1	0.5	25
	chrIII	265060	0	0.5	25
	chrIII	265082	1	0.5	25
	chrIII	265085	0	0.5	25
	chrIII	265093	1	0.5	25
	chrIII	265121	1	1.0	25
	chrIII	265126	1	0.5	25
	chrIII	265136	0	0.5	25
	chrIII	265137	1	0.5	25
	chrIII	265169	1	0.5	25
	chrIII	265170	0	0.5	25
	chrIII	265170	1	0.5	25
	chrIII	265180	0	0.5	25
	chrIII	265192	1	0.5	25
	chrIII	265207	0	0.5	25
	chrIII	265222	1	0.5	25
	chrIII	265227	1	0.5	25
	chrIII	265240	1	0.5	25
	chrIII	265248	1	0.5	25
	chrIII	265332	0	0.5	25
	chrIII	265378	0	0.5	25
	chrIII	265382	0	1.5	25
	chrIII	265398	1	0.5	25
	chrIII	265414	0	0.5	25
	chrIII	265418	1	0.5	25
	chrIII	265446	1	1.5	25
	chrIII	265454	0	0.5	25
	chrIII	265464	0	0.5	25
	chrIII	265486	1	0.5	25
	chrIII	265502	1	0.5	25
	chrIII	265542	0	0.5	25
	chrIII	265559	0	0.5	25
	chrIII	265561	1	0.5	25
	chrIII	265590	0	0.5	25
	chrIII	265618	1	0.5	25
	chrIII	265626	1	0.5	25
	chrIII	265640	1	0.5	25
	chrIII	265661	0	0.5	25
	chrIII	265695	0	1.0	25
	chrIII	265718	1	0.5	25
	chrIII	265747	1	1.0	25
	chrIII	265749	0	0.5	25
	chrIII	265819	0	0.5	25
	chrIII	265825	1	0.5	25
	chrIII	265826	0	0.5	25
	chrIII	265835	0	0.5	25
	chrIII	265875	1	0.5	25
	chrIII	265894	1	0.5	25
	chrIII	265928	1	0.5	25
	chrIII	265932	0	0.5	25
	chrIII	265982	0	0.5	25
	chrIII	265986	1	0.5	25
	chrIII	266010	0	0.5	25
	chrIII	266026	0	0.5	25
	chrIII	266043	0	0.5	25
	chrIII	266050	1	0.5	25
	chrIII	266058	1	0.5	25
	chrIII	266079	0	0.5	25
	chrIII	266086	1	0.5	25
	chrIII	266090	0	0.5	25
	chrIII	266096	0	0.5	25
	chrIII	266104	0	0.5	25
	chrIII	266122	1	0.5	25
	chrIII	266135	0	0.5	25
	chrIII	266143	0	0.5	25
	chrIII	266175	1	0.5	25
	chrIII	266176	0	1.0	25
	chrIII	266199	1	0.5	25
	chrIII	266216	0	0.5	25
	chrIII	266251	0	0.5	25
	chrIII	266268	0	0.5	25
	chrIII	266275	0	0.5	25
	chrIII	266277	0	0.5	25
	chrIII	266278	1	0.5	25
	chrIII	266279	0	0.5	25
	chrIII	266291	1	2.0	25
	chrIII	266293	0	1.5	25
	chrIII	266300	1	0.5	25
	chrIII	266301	0	0.5	25
	chrIII	266305	0	0.5	25
	chrIII	266308	0	0.5	25
	chrIII	266325	1	0.5	25
	chrIII	266336	1	1.5	25
	chrIII	266337	1	0.5	25
	chrIII	266338	1	0.5	25
	chrIII	266341	1	0.5	25
	chrIII	266342	0	0.5	25
	chrIII	266349	1	1.0	25
	chrIII	266365	1	0.5	25
	chrIII	266382	1	0.5	25
	chrIII	266388	0	0.5	25
	chrIII	266415	0	0.5	25
	chrIII	266432	0	0.5	25
	chrIII	266448	1	0.5	25
	chrIII	266456	1	0.5	25
	chrIII	266483	1	0.5	25
	chrIII	266501	1	1.0	25
	chrIII	266505	0	0.5	25
	chrIII	266570	0	0.5	25
	chrIII	266581	0	0.5	25
	chrIII	266591	0	0.5	25
	chrIII	266593	0	1.0	25
	chrIII	266613	0	0.5	25
	chrIII	266662	1	1.0	25
	chrIII	266664	1	0.5	25
	chrIII	266668	1	0.5	25
	chrIII	266688	0	0.5	25
	chrIII	266707	1	0.5	25
	chrIII	266718	0	1.0	25
	chrIII	266753	0	0.5	25
	chrIII	266754	0	0.5	25
	chrIII	266757	1	0.5	25
	chrIII	266780	0	0.5	25
	chrIII	266802	1	0.5	25
	chrIII	266813	1	0.5	25
	chrIII	266817	1	0.5	25
	chrIII	266819	1	0.5	25
	chrIII	266824	0	0.5	25
	chrIII	266841	1	1.0	25
	chrIII	266850	0	0.5	25
	chrIII	266864	1	0.5	25
	chrIII	266894	0	0.5	25
	chrIII	266910	0	1.0	25
	chrIII	266912	0	0.5	25
	chrIII	266922	1	0.5	25
	chrIII	266931	0	0.5	25
	chrIII	266933	1	0.5	25
	chrIII	266975	0	0.5	25
	chrIII	266976	0	0.5	25
	chrIII	266983	1	0.5	25
	chrIII	266985	1	0.5	25
	chrIII	266988	0	0.5	25
	chrIII	266993	1	0.5	25
	chrIII	266999	0	0.5	25
	chrIII	267000	0	0.5	25
	chrIII	267000	1	1.0	25
	chrIII	267001	0	1.0	25
	chrIII	267002	0	0.5	25
	chrIII	267011	0	1.0	25
	chrIII	267012	0	1.0	25
	chrIII	267019	0	0.5	25
	chrIII	267028	0	0.5	25
	chrIII	267041	0	0.5	25
	chrIII	267045	0	0.5	25
	chrIII	267062	1	0.5	25
	chrIII	267068	1	1.0	25
	chrIII	267069	1	2.0	25
	chrIII	267070	1	1.5	25
	chrIII	267073	0	0.5	25
	chrIII	267080	1	0.5	25
	chrIII	267082	1	0.5	25
	chrIII	267087	0	0.5	25
	chrIII	267091	1	0.5	25
	chrIII	267092	1	0.5	25
	chrIII	267093	1	0.5	25
	chrIII	267099	1	0.5	25
	chrIII	267138	0	1.0	25
	chrIII	267139	0	0.5	25
	chrIII	267144	0	1.0	25
	chrIII	267149	0	0.5	25
	chrIII	267170	1	0.5	25
	chrIII	267176	0	0.5	25
	chrIII	267185	1	0.5	25
	chrIII	267192	1	0.5	25
	chrIII	267212	0	0.5	25
	chrIII	267219	1	0.5	25
	chrIII	267230	1	1.0	25
	chrIII	267231	0	0.5	25
	chrIII	267255	1	0.5	25
	chrIII	267258	1	0.5	25
	chrIII	267306	0	0.5	25
	chrIII	267317	0	0.5	25
	chrIII	267325	1	1.0	25
	chrIII	267338	1	0.5	25
	chrIII	267373	0	0.5	25
	chrIII	267397	1	0.5	25
	chrIII	267418	0	0.5	25
	chrIII	267423	0	0.5	25
	chrIII	267427	0	0.5	25
	chrIII	267469	0	0.5	25
	chrIII	267486	1	0.5	25
	chrIII	267487	1	0.5	25
	chrIII	267491	1	0.5	25
	chrIII	267512	1	0.5	25
	chrIII	267521	0	0.5	25
	chrIII	267523	0	0.5	25
	chrIII	267535	0	0.5	25
	chrIII	267556	1	0.5	25
	chrIII	267565	0	0.5	25
	chrIII	267599	1	0.5	25
	chrIII	267616	1	0.5	25
	chrIII	267628	1	0.5	25
	chrIII	267636	0	0.5	25
	chrIII	267641	1	0.5	25
	chrIII	267654	0	0.5	25
	chrIII	267743	1	0.5	25
	chrIII	267748	1	0.5	25
	chrIII	267754	1	0.5	25
	chrIII	267775	0	1.0	25
	chrIII	267787	0	1.0	25
	chrIII	267806	0	0.5	25
	chrIII	267838	1	0.5	25
	chrIII	267842	1	0.5	25
	chrIII	267874	1	1.0	25
	chrIII	267894	0	0.5	25
	chrIII	267928	1	0.5	25
	chrIII	267938	0	0.5	25
	chrIII	267939	1	0.5	25
	chrIII	267947	0	0.5	25
	chrIII	267973	0	0.5	25
	chrIII	267982	0	0.5	25
	chrIII	267986	0	0.5	25
	chrIII	268007	0	0.5	25
	chrIII	268009	0	0.5	25
	chrIII	268015	1	0.5	25
	chrIII	268028	0	0.5	25
	chrIII	268036	0	0.5	25
	chrIII	268038	1	0.5	25
	chrIII	268048	1	0.5	25
	chrIII	268070	0	0.5	25
	chrIII	268073	0	0.5	25
	chrIII	268076	1	0.5	25
	chrIII	268080	1	0.5	25
	chrIII	268081	1	0.5	25
	chrIII	268090	1	0.5	25
	chrIII	268108	1	0.5	25
	chrIII	268118	1	0.5	25
	chrIII	268123	1	0.5	25
	chrIII	268148	1	0.5	25
	chrIII	268169	0	0.5	25
	chrIII	268185	0	0.5	25
	chrIII	268244	0	0.5	25
	chrIII	268261	1	0.5	25
	chrIII	268301	1	0.5	25
	chrIII	268311	0	0.5	25
	chrIII	268316	0	0.5	25
	chrIII	268321	0	0.5	25
	chrIII	268325	0	0.5	25
	chrIII	268327	1	0.5	25
	chrIII	268364	1	0.5	25
	chrIII	268375	1	0.5	25
	chrIII	268379	1	0.5	25
	chrIII	268394	0	0.5	25
	chrIII	268397	1	0.5	25
	chrIII	268438	0	0.5	25
	chrIII	268457	0	1.0	25
	chrIII	268467	1	0.5	25
	chrIII	268469	0	0.5	25
	chrIII	268493	0	0.5	25
	chrIII	268500	1	0.5	25
	chrIII	268530	1	0.5	25
	chrIII	268531	0	0.5	25
	chrIII	268558	1	0.5	25
	chrIII	268597	1	1.0	25
	chrIII	268616	1	0.5	25
	chrIII	268952	0	0.5	25
	chrIII	269057	1	0.5	25
	chrIII	269169	0	1.0	25
	chrIII	269187	0	0.5	25
	chrIII	269202	0	0.5	25
	chrIII	269267	1	0.5	25
	chrIII	269352	1	1.0	25
	chrIII	269359	1	0.5	25
	chrIII	269378	0	0.5	25
	chrIII	269420	0	0.5	25
	chrIII	269428	0	1.0	25
	chrIII	269496	1	0.5	25
	chrIII	269508	0	0.5	25
	chrIII	269515	0	0.5	25
	chrIII	269517	0	0.5	25
	chrIII	269550	1	0.5	25
	chrIII	269566	1	0.5	25
	chrIII	269595	1	0.5	25
	chrIII	269629	0	0.5	25
	chrIII	269635	1	0.5	25
	chrIII	269687	0	0.5	25
	chrIII	269697	1	0.5	25
	chrIII	269732	1	0.5	25
	chrIII	269733	0	0.5	25
	chrIII	269756	0	0.5	25
	chrIII	269769	1	1.0	25
	chrIII	269779	0	0.5	25
	chrIII	269789	1	0.5	25
	chrIII	269836	1	0.5	25
	chrIII	269873	0	0.5	25
	chrIII	269901	0	0.5	25
	chrIII	269903	0	1.0	25
	chrIII	269919	0	0.5	25
	chrIII	269941	1	0.5	25
	chrIII	269951	0	0.5	25
	chrIII	269956	0	0.5	25
	chrIII	269965	1	0.5	25
	chrIII	269976	0	0.5	25
	chrIII	270011	0	0.5	25
	chrIII	270023	1	0.5	25
	chrIII	270026	1	0.5	25
	chrIII	270027	1	0.5	25
	chrIII	270076	1	0.5	25
	chrIII	270079	0	0.5	25
	chrIII	270080	0	0.5	25
	chrIII	270086	1	0.5	25
	chrIII	270106	0	1.0	25
	chrIII	270120	1	1.0	25
	chrIII	270121	0	0.5	25
	chrIII	270124	0	0.5	25
	chrIII	270130	0	0.5	25
	chrIII	270134	1	0.5	25
	chrIII	270149	1	0.5	25
	chrIII	270158	0	0.5	25
	chrIII	270159	0	0.5	25
	chrIII	270160	0	0.5	24
	chrIII	270162	0	0.5	25
	chrIII	270174	1	0.5	25
	chrIII	270184	1	0.5	25
	chrIII	270187	1	0.5	25
	chrIII	270203	1	1.0	25
	chrIII	270219	1	0.5	25
	chrIII	270227	0	0.5	25
	chrIII	270235	1	0.5	25
	chrIII	270236	1	0.5	25
	chrIII	270258	1	0.5	24
	chrIII	270258	1	0.5	25
	chrIII	270267	0	0.5	25
	chrIII	270279	0	0.5	25
	chrIII	270282	0	0.5	25
	chrIII	270292	1	0.5	25
	chrIII	270320	0	0.5	25
	chrIII	270337	0	0.5	25
	chrIII	270347	1	0.5	25
	chrIII	270373	1	0.5	25
	chrIII	270397	1	0.5	25
	chrIII	270405	0	0.5	25
	chrIII	270422	1	0.5	25
	chrIII	270436	0	0.5	25
	chrIII	270451	0	0.5	25
	chrIII	270464	0	0.5	25
	chrIII	270475	0	1.0	25
	chrIII	270475	1	0.5	25
	chrIII	270478	0	0.5	25
	chrIII	270481	0	0.5	25
	chrIII	270482	0	0.5	25
	chrIII	270482	1	0.5	25
	chrIII	270487	0	0.5	25
	chrIII	270496	0	0.5	25
	chrIII	270502	0	0.5	25
	chrIII	270508	0	0.5	25
	chrIII	270509	1	0.5	25
	chrIII	270526	1	0.5	25
	chrIII	270528	0	0.5	25
	chrIII	270538	1	0.5	25
	chrIII	270562	1	0.5	25
	chrIII	270564	1	0.5	25
	chrIII	270571	1	0.5	25
	chrIII	270577	1	0.5	25
	chrIII	270581	1	1.0	25
	chrIII	270582	1	0.5	25
	chrIII	270602	0	0.5	25
	chrIII	270605	0	1.0	25
	chrIII	270605	1	0.5	25
	chrIII	270640	0	1.0	25
	chrIII	270644	1	0.5	25
	chrIII	270648	0	0.5	25
	chrIII	270660	0	0.5	25
	chrIII	270669	0	1.0	25
	chrIII	270671	1	1.0	25
	chrIII	270676	1	0.5	25
	chrIII	270696	0	0.5	25
	chrIII	270701	0	0.5	25
	chrIII	270708	1	0.5	25
	chrIII	270722	1	0.5	25
	chrIII	270723	1	1.5	25
	chrIII	270736	0	0.5	25
	chrIII	270746	0	0.5	25
	chrIII	270753	1	0.5	25
	chrIII	270783	0	0.5	25
	chrIII	270786	0	0.5	25
	chrIII	270824	1	0.5	25
	chrIII	270856	0	0.5	25
	chrIII	270878	0	0.5	25
	chrIII	270883	1	0.5	25
	chrIII	270896	0	0.5	25
	chrIII	270921	0	1.0	25
	chrIII	270931	0	0.5	25
	chrIII	270937	0	0.5	25
	chrIII	270940	1	0.5	25
	chrIII	270947	0	0.5	25
	chrIII	270956	1	1.0	25
	chrIII	270958	1	0.5	25
	chrIII	270975	0	0.5	25
	chrIII	270982	1	0.5	25
	chrIII	270985	1	0.5	25
	chrIII	270988	1	0.5	25
	chrIII	271004	0	0.5	25
	chrIII	271008	1	0.5	24
	chrIII	271011	1	0.5	25
	chrIII	271012	1	0.5	25
	chrIII	271038	0	0.5	25
	chrIII	271042	0	0.5	25
	chrIII	271048	1	0.5	25
	chrIII	271074	1	0.5	25
	chrIII	271081	1	0.5	25
	chrIII	271113	1	0.5	25
	chrIII	271123	0	0.5	25
	chrIII	271203	1	0.5	25
	chrIII	271233	1	1.0	25
	chrIII	271242	0	0.5	25
	chrIII	271245	0	0.5	25
	chrIII	271262	0	0.5	25
	chrIII	271282	1	0.5	25
	chrIII	271283	0	0.5	25
	chrIII	271284	1	0.5	25
	chrIII	271285	0	0.5	25
	chrIII	271323	1	0.5	25
	chrIII	271330	0	0.5	25
	chrIII	271345	1	0.5	25
	chrIII	271354	0	0.5	25
	chrIII	271354	1	0.5	25
	chrIII	271392	0	0.5	25
	chrIII	271396	0	0.5	25
	chrIII	271411	1	0.5	25
	chrIII	271420	1	0.5	25
	chrIII	271446	0	0.5	25
	chrIII	271450	1	0.5	25
	chrIII	271461	0	1.5	25
	chrIII	271472	1	0.5	25
	chrIII	271501	1	0.5	25
	chrIII	271515	1	0.5	25
	chrIII	271540	1	1.5	25
	chrIII	271700	0	0.5	25
	chrIII	271789	1	0.5	25
	chrIII	271809	0	0.5	25
	chrIII	271860	1	0.5	25
	chrIII	271890	0	0.5	25
	chrIII	271965	1	0.5	25
	chrIII	271979	0	1.0	25
	chrIII	272000	0	1.0	25
	chrIII	272028	0	0.5	25
	chrIII	272032	1	1.0	25
	chrIII	272034	0	0.5	25
	chrIII	272037	0	0.5	25
	chrIII	272041	0	0.5	25
	chrIII	272064	0	0.5	25
	chrIII	272064	1	1.0	25
	chrIII	272071	0	0.5	25
	chrIII	272098	1	0.5	25
	chrIII	272100	1	0.5	25
	chrIII	272111	0	0.5	25
	chrIII	272116	1	0.5	25
	chrIII	272122	1	0.5	25
	chrIII	272158	1	0.5	25
	chrIII	272222	0	1.0	25
	chrIII	272227	1	0.5	25
	chrIII	272229	1	0.5	25
	chrIII	272231	0	0.5	25
	chrIII	272237	0	1.0	25
	chrIII	272238	0	0.5	25
	chrIII	272271	1	0.5	25
	chrIII	272296	0	0.5	25
	chrIII	272301	0	0.5	25
	chrIII	272326	1	1.0	25
	chrIII	272336	0	0.5	25
	chrIII	272344	1	1.0	25
	chrIII	272354	0	0.5	25
	chrIII	272369	1	0.5	25
	chrIII	272393	1	0.5	25
	chrIII	272406	0	0.5	25
	chrIII	272417	1	0.5	25
	chrIII	272431	1	0.5	25
	chrIII	272436	1	0.5	25
	chrIII	272459	0	0.5	25
	chrIII	272495	0	0.5	25
	chrIII	272515	1	0.5	25
	chrIII	272517	0	0.5	25
	chrIII	272526	0	0.5	25
	chrIII	272527	0	0.5	25
	chrIII	272538	0	0.5	25
	chrIII	272557	0	0.5	25
	chrIII	272558	1	0.5	25
	chrIII	272559	0	1.0	25
	chrIII	272565	1	0.5	25
	chrIII	272569	0	0.5	25
	chrIII	272578	1	0.5	25
	chrIII	272583	1	0.5	25
	chrIII	272589	1	0.5	25
	chrIII	272627	0	1.0	25
	chrIII	272633	1	0.5	25
	chrIII	272636	1	0.5	25
	chrIII	272642	0	0.5	25
	chrIII	272643	0	0.5	25
	chrIII	272653	1	0.5	25
	chrIII	272654	0	0.5	25
	chrIII	272683	1	0.5	25
	chrIII	272693	1	1.0	25
	chrIII	272701	0	0.5	25
	chrIII	272701	1	0.5	25
	chrIII	272711	1	1.0	25
	chrIII	272715	0	0.5	25
	chrIII	272722	1	0.5	25
	chrIII	272731	0	0.5	25
	chrIII	272744	0	0.5	25
	chrIII	272756	0	0.5	25
	chrIII	272763	1	0.5	25
	chrIII	272792	0	0.5	25
	chrIII	272795	1	0.5	25
	chrIII	272807	0	0.5	25
	chrIII	272807	1	0.5	25
	chrIII	272810	0	0.5	25
	chrIII	272834	0	0.5	25
	chrIII	272840	0	1.0	25
	chrIII	272851	1	0.5	25
	chrIII	272856	0	0.5	25
	chrIII	272870	0	0.5	25
	chrIII	272887	0	1.0	25
	chrIII	272888	1	0.5	25
	chrIII	272899	1	0.5	25
	chrIII	272903	1	0.5	25
	chrIII	272904	1	1.0	25
	chrIII	272906	0	0.5	25
	chrIII	272910	1	0.5	25
	chrIII	272913	0	0.5	25
	chrIII	272923	0	0.5	25
	chrIII	272930	0	0.5	25
	chrIII	272931	0	2.0	25
	chrIII	272932	0	1.5	25
	chrIII	272933	0	0.5	25
	chrIII	272934	0	2.5	25
	chrIII	272937	0	0.5	25
	chrIII	272943	1	0.5	25
	chrIII	272959	1	0.5	25
	chrIII	272961	1	1.0	25
	chrIII	272964	1	0.5	25
	chrIII	272972	1	0.5	25
	chrIII	272975	0	1.5	25
	chrIII	272975	1	1.0	25
	chrIII	272976	0	1.0	25
	chrIII	272978	0	0.5	25
	chrIII	272979	1	1.0	25
	chrIII	272985	0	0.5	25
	chrIII	272985	1	0.5	25
	chrIII	272993	1	1.5	25
	chrIII	272994	1	0.5	25
	chrIII	273003	1	1.0	25
	chrIII	273006	0	0.5	23
	chrIII	273008	1	0.5	25
	chrIII	273010	0	0.5	25
	chrIII	273012	1	0.5	25
	chrIII	273018	1	1.0	25
	chrIII	273045	0	0.5	25
	chrIII	273048	0	0.5	25
	chrIII	273054	1	1.0	25
	chrIII	273056	1	0.5	25
	chrIII	273063	1	1.0	25
	chrIII	273072	1	2.0	25
	chrIII	273074	0	0.5	25
	chrIII	273076	0	1.0	25
	chrIII	273097	1	0.5	25
	chrIII	273104	1	0.5	25
	chrIII	273108	1	0.5	25
	chrIII	273112	0	0.5	25
	chrIII	273113	0	0.5	25
	chrIII	273127	1	0.5	25
	chrIII	273130	0	0.5	25
	chrIII	273131	1	0.5	25
	chrIII	273132	1	0.5	25
	chrIII	273140	1	0.5	25
	chrIII	273174	0	0.5	25
	chrIII	273179	1	0.5	25
	chrIII	273181	1	0.5	25
	chrIII	273191	1	0.5	25
	chrIII	273228	0	0.5	25
	chrIII	273239	0	0.5	25
	chrIII	273255	1	0.5	25
	chrIII	273274	0	0.5	25
	chrIII	273275	0	0.5	25
	chrIII	273285	0	0.5	25
	chrIII	273293	1	0.5	25
	chrIII	273326	1	0.5	25
	chrIII	273334	1	0.5	25
	chrIII	273353	0	1.0	25
	chrIII	273354	0	0.5	25
	chrIII	273356	1	0.5	25
	chrIII	273371	0	0.5	25
	chrIII	273395	1	0.5	25
	chrIII	273414	0	0.5	25
	chrIII	273422	0	0.5	25
	chrIII	273442	1	1.0	25
	chrIII	273460	1	0.5	25
	chrIII	273469	1	0.5	25
	chrIII	273487	1	1.0	25
	chrIII	273501	0	0.5	25
	chrIII	273524	0	0.5	25
	chrIII	273525	0	0.5	25
	chrIII	273539	0	1.0	25
	chrIII	273562	1	0.5	25
	chrIII	273578	0	1.0	25
	chrIII	273580	0	1.0	25
	chrIII	273600	1	0.5	25
	chrIII	273616	1	1.0	25
	chrIII	273621	1	0.5	25
	chrIII	273646	0	0.5	25
	chrIII	273651	0	0.5	25
	chrIII	273665	1	0.5	25
	chrIII	273671	0	0.5	25
	chrIII	273678	1	1.0	25
	chrIII	273686	0	0.5	25
	chrIII	273694	0	0.5	25
	chrIII	273699	0	1.5	25
	chrIII	273712	1	0.5	24
	chrIII	273719	0	0.5	25
	chrIII	273721	1	0.5	25
	chrIII	273736	1	0.5	25
	chrIII	273747	0	1.0	25
	chrIII	273754	0	0.5	25
	chrIII	273765	1	0.5	25
	chrIII	273770	1	0.5	25
	chrIII	273802	1	0.5	25
	chrIII	273811	1	0.5	25
	chrIII	273815	0	0.5	25
	chrIII	273815	1	0.5	25
	chrIII	273817	0	0.5	25
	chrIII	273827	0	1.0	25
	chrIII	273835	1	0.5	25
	chrIII	273841	0	0.5	25
	chrIII	273842	1	0.5	25
	chrIII	273853	1	0.5	25
	chrIII	273859	1	0.5	25
	chrIII	273862	1	0.5	25
	chrIII	273866	1	0.5	25
	chrIII	273871	0	0.5	25
	chrIII	273882	0	0.5	25
	chrIII	273888	0	0.5	25
	chrIII	273915	0	0.5	25
	chrIII	273923	1	1.0	25
	chrIII	273941	1	0.5	25
	chrIII	273950	0	0.5	25
	chrIII	273964	0	0.5	25
	chrIII	273965	0	1.0	25
	chrIII	273967	1	0.5	25
	chrIII	273970	0	0.5	25
	chrIII	273972	0	0.5	25
	chrIII	273975	1	0.5	25
	chrIII	273991	1	0.5	25
	chrIII	274003	1	0.5	25
	chrIII	274005	0	0.5	25
	chrIII	274006	1	0.5	25
	chrIII	274009	1	0.5	25
	chrIII	274011	1	0.5	24
	chrIII	274027	0	0.5	25
	chrIII	274037	1	0.5	25
	chrIII	274075	1	1.0	25
	chrIII	274088	0	0.5	25
	chrIII	274111	0	0.5	25
	chrIII	274130	1	0.5	25
	chrIII	274142	0	0.5	25
	chrIII	274146	0	0.5	25
	chrIII	274155	0	0.5	25
	chrIII	274159	0	0.5	25
	chrIII	274163	0	0.5	25
	chrIII	274169	1	0.5	25
	chrIII	274180	0	1.5	25
	chrIII	274181	0	0.5	25
	chrIII	274182	0	0.5	25
	chrIII	274184	0	0.5	25
	chrIII	274186	0	1.0	25
	chrIII	274187	0	0.5	25
	chrIII	274188	0	0.5	25
	chrIII	274189	0	1.0	25
	chrIII	274196	0	0.5	25
	chrIII	274212	0	0.5	25
	chrIII	274216	1	1.0	25
	chrIII	274218	1	1.0	25
	chrIII	274220	0	0.5	25
	chrIII	274228	0	0.5	25
	chrIII	274237	1	0.5	25
	chrIII	274247	1	0.5	25
	chrIII	274249	0	0.5	25
	chrIII	274250	0	0.5	25
	chrIII	274254	1	1.5	25
	chrIII	274255	1	1.5	25
	chrIII	274256	1	1.5	25
	chrIII	274257	0	0.5	25
	chrIII	274258	0	0.5	25
	chrIII	274262	0	0.5	25
	chrIII	274264	1	0.5	25
	chrIII	274271	1	0.5	25
	chrIII	274274	1	1.5	25
	chrIII	274275	1	1.5	25
	chrIII	274276	0	0.5	25
	chrIII	274277	0	0.5	25
	chrIII	274283	0	1.0	25
	chrIII	274283	1	0.5	25
	chrIII	274284	0	0.5	25
	chrIII	274293	0	1.5	25
	chrIII	274295	0	0.5	25
	chrIII	274313	1	0.5	25
	chrIII	274315	1	0.5	25
	chrIII	274326	0	1.0	25
	chrIII	274328	1	0.5	25
	chrIII	274333	1	0.5	25
	chrIII	274334	0	0.5	25
	chrIII	274335	1	0.5	25
	chrIII	274339	0	0.5	25
	chrIII	274347	1	0.5	25
	chrIII	274349	0	0.5	25
	chrIII	274350	1	1.5	25
	chrIII	274362	1	0.5	25
	chrIII	274366	0	0.5	25
	chrIII	274403	0	0.5	25
	chrIII	274403	1	0.5	25
	chrIII	274410	1	0.5	25
	chrIII	274417	0	0.5	25
	chrIII	274419	0	0.5	25
	chrIII	274426	0	0.5	25
	chrIII	274441	1	0.5	25
	chrIII	274451	1	0.5	25
	chrIII	274453	1	0.5	25
	chrIII	274468	1	0.5	25
	chrIII	274472	1	1.0	25
	chrIII	274474	1	1.0	25
	chrIII	274482	0	0.5	25
	chrIII	274486	1	0.5	25
	chrIII	274518	0	1.0	25
	chrIII	274519	0	0.5	25
	chrIII	274552	1	0.5	25
	chrIII	274568	1	0.5	25
	chrIII	274572	0	0.5	25
	chrIII	274590	1	0.5	25
	chrIII	274598	1	1.0	25
	chrIII	274599	1	0.5	25
	chrIII	274601	1	0.5	25
	chrIII	274604	0	0.5	25
	chrIII	274646	0	1.0	25
	chrIII	274665	0	0.5	25
	chrIII	274679	1	0.5	25
	chrIII	274706	0	1.0	25
	chrIII	274735	0	0.5	25
	chrIII	274748	0	0.5	25
	chrIII	274755	1	0.5	25
	chrIII	274762	1	1.0	25
	chrIII	274763	1	1.0	25
	chrIII	274776	1	0.5	25
	chrIII	274804	0	0.5	25
	chrIII	274835	0	0.5	25
	chrIII	274862	0	0.5	25
	chrIII	274888	1	0.5	25
	chrIII	274897	1	0.5	25
	chrIII	274914	0	0.5	25
	chrIII	274922	1	0.5	25
	chrIII	274960	1	0.5	25
	chrIII	274964	1	0.5	25
	chrIII	274973	0	0.5	25
	chrIII	274980	1	0.5	25
	chrIII	274999	0	0.5	25
	chrIII	275048	1	0.5	25
	chrIII	275069	0	0.5	25
	chrIII	275076	1	0.5	25
	chrIII	275159	1	0.5	25
	chrIII	275195	0	0.5	25
	chrIII	275209	0	0.5	25
	chrIII	275255	1	0.5	25
	chrIII	275306	0	0.5	24
	chrIII	275354	0	0.5	25
	chrIII	275384	1	0.5	25
	chrIII	275408	0	0.5	25
	chrIII	275418	1	0.5	25
	chrIII	275422	1	0.5	25
	chrIII	275480	1	0.5	25
	chrIII	275538	0	0.5	25
	chrIII	275561	0	1.0	25
	chrIII	275566	0	0.5	25
	chrIII	275567	0	0.5	25
	chrIII	275601	1	0.5	25
	chrIII	275607	0	0.5	25
	chrIII	275611	0	0.5	25
	chrIII	275624	0	0.5	25
	chrIII	275666	0	0.5	25
	chrIII	275683	1	0.5	25
	chrIII	275684	1	0.5	25
	chrIII	275686	0	0.5	25
	chrIII	275699	0	0.5	25
	chrIII	275729	1	0.5	25
	chrIII	275730	1	0.5	25
	chrIII	275736	1	1.0	25
	chrIII	275743	0	0.5	25
	chrIII	275778	0	0.5	25
	chrIII	275780	0	0.5	25
	chrIII	275803	0	0.5	25
	chrIII	275810	1	0.5	25
	chrIII	275814	0	0.5	25
	chrIII	275815	0	0.5	25
	chrIII	275817	1	0.5	25
	chrIII	275819	0	0.5	25
	chrIII	275824	0	0.5	25
	chrIII	275840	1	0.5	25
	chrIII	275846	1	0.5	25
	chrIII	275848	1	0.5	25
	chrIII	275862	1	0.5	25
	chrIII	275897	1	0.5	25
	chrIII	275908	1	0.5	25
	chrIII	275929	1	0.5	25
	chrIII	275939	0	0.5	25
	chrIII	275941	1	0.5	25
	chrIII	275942	0	0.5	25
	chrIII	275944	0	0.5	25
	chrIII	275946	0	0.5	25
	chrIII	275949	0	0.5	25
	chrIII	275954	0	0.5	25
	chrIII	275971	1	0.5	25
	chrIII	275986	1	0.5	25
	chrIII	275997	1	0.5	25
	chrIII	276013	0	0.5	25
	chrIII	276015	0	0.5	25
	chrIII	276019	1	0.5	25
	chrIII	276027	0	0.5	25
	chrIII	276046	0	0.5	25
	chrIII	276047	0	0.5	25
	chrIII	276054	1	0.5	25
	chrIII	276096	0	1.0	25
	chrIII	276120	1	0.5	25
	chrIII	276139	1	1.0	25
	chrIII	276146	0	1.0	25
	chrIII	276158	0	0.5	25
	chrIII	276159	1	0.5	25
	chrIII	276164	1	0.5	25
	chrIII	276184	1	0.5	25
	chrIII	276185	0	0.5	25
	chrIII	276191	0	0.5	25
	chrIII	276191	1	0.5	25
	chrIII	276204	1	0.5	25
	chrIII	276212	1	0.5	25
	chrIII	276215	0	0.5	25
	chrIII	276216	0	0.5	25
	chrIII	276232	1	0.5	25
	chrIII	276233	0	0.5	25
	chrIII	276233	1	0.5	25
	chrIII	276236	0	0.5	25
	chrIII	276242	0	0.5	25
	chrIII	276251	1	0.5	25
	chrIII	276257	0	0.5	25
	chrIII	276263	0	0.5	25
	chrIII	276269	1	0.5	25
	chrIII	276271	0	0.5	25
	chrIII	276286	1	0.5	25
	chrIII	276292	1	0.5	25
	chrIII	276296	0	0.5	25
	chrIII	276296	1	0.5	25
	chrIII	276298	0	0.5	25
	chrIII	276343	1	0.5	25
	chrIII	276355	1	0.5	25
	chrIII	276356	1	0.5	25
	chrIII	276357	1	0.5	25
	chrIII	276359	1	0.5	25
	chrIII	276387	1	0.5	25
	chrIII	276397	0	0.5	25
	chrIII	276406	1	0.5	25
	chrIII	276415	1	0.5	25
	chrIII	276453	1	0.5	25
	chrIII	276456	1	0.5	25
	chrIII	276471	0	0.5	25
	chrIII	276485	0	1.5	25
	chrIII	276495	0	0.5	25
	chrIII	276504	0	0.5	25
	chrIII	276513	1	0.5	25
	chrIII	276521	0	0.5	25
	chrIII	276531	0	0.5	25
	chrIII	276541	0	0.5	25
	chrIII	276542	0	0.5	25
	chrIII	276545	0	0.5	25
	chrIII	276548	0	0.5	25
	chrIII	276551	1	1.5	25
	chrIII	276573	1	0.5	25
	chrIII	276581	0	0.5	25
	chrIII	276583	0	0.5	25
	chrIII	276585	1	0.5	25
	chrIII	276590	1	0.5	25
	chrIII	276591	1	1.0	25
	chrIII	276605	1	0.5	25
	chrIII	276606	0	0.5	25
	chrIII	276616	1	0.5	25
	chrIII	276626	1	0.5	25
	chrIII	276627	0	0.5	25
	chrIII	276628	0	0.5	25
	chrIII	276634	1	0.5	25
	chrIII	276660	1	0.5	25
	chrIII	276672	0	0.5	25
	chrIII	276696	0	0.5	25
	chrIII	276699	1	0.5	25
	chrIII	276721	0	0.5	25
	chrIII	276731	0	0.5	25
	chrIII	276733	0	0.5	25
	chrIII	276734	1	0.5	25
	chrIII	276736	0	0.5	25
	chrIII	276743	0	0.5	25
	chrIII	276764	0	1.0	25
	chrIII	276772	1	0.5	25
	chrIII	276776	1	0.5	25
	chrIII	276781	0	0.5	25
	chrIII	276782	1	0.5	25
	chrIII	276790	0	0.5	25
	chrIII	276794	1	0.5	25
	chrIII	276804	1	0.5	25
	chrIII	276814	1	0.5	25
	chrIII	276818	0	1.0	25
	chrIII	276822	1	0.5	25
	chrIII	276823	1	0.5	25
	chrIII	276829	0	0.5	25
	chrIII	276837	1	1.0	25
	chrIII	276838	1	0.5	25
	chrIII	276841	0	0.5	25
	chrIII	276855	1	0.5	25
	chrIII	276872	0	2.0	25
	chrIII	276874	0	0.5	25
	chrIII	276877	1	1.0	25
	chrIII	276893	0	0.5	25
	chrIII	276901	0	0.5	25
	chrIII	276902	0	0.5	25
	chrIII	276909	0	0.5	25
	chrIII	276917	1	0.5	25
	chrIII	276921	1	0.5	25
	chrIII	276925	0	0.5	25
	chrIII	276964	1	0.5	25
	chrIII	276965	1	1.0	25
	chrIII	276967	1	0.5	25
	chrIII	276968	0	0.5	25
	chrIII	276970	0	0.5	25
	chrIII	276982	0	0.5	25
	chrIII	276985	1	0.5	25
	chrIII	276997	1	0.5	25
	chrIII	277001	1	0.5	25
	chrIII	277040	0	0.5	25
	chrIII	277044	0	1.0	25
	chrIII	277047	0	0.5	25
	chrIII	277055	0	0.5	25
	chrIII	277055	1	1.5	25
	chrIII	277065	1	0.5	25
	chrIII	277068	0	0.5	25
	chrIII	277103	1	0.5	25
	chrIII	277124	1	1.0	25
	chrIII	277125	1	0.5	25
	chrIII	277126	0	1.0	25
	chrIII	277137	0	0.5	25
	chrIII	277151	1	0.5	25
	chrIII	277158	0	0.5	25
	chrIII	277159	0	0.5	25
	chrIII	277159	1	0.5	25
	chrIII	277164	0	0.5	25
	chrIII	277176	0	0.5	25
	chrIII	277191	0	0.5	25
	chrIII	277209	0	0.5	25
	chrIII	277218	1	0.5	25
	chrIII	277219	0	0.5	25
	chrIII	277221	1	0.5	25
	chrIII	277223	1	0.5	25
	chrIII	277229	1	1.0	25
	chrIII	277234	1	0.5	25
	chrIII	277238	1	0.5	25
	chrIII	277242	1	0.5	25
	chrIII	277246	1	0.5	25
	chrIII	277252	1	0.5	25
	chrIII	277288	0	0.5	25
	chrIII	277300	0	0.5	25
	chrIII	277302	0	0.5	25
	chrIII	277328	1	0.5	25
	chrIII	277365	1	0.5	25
	chrIII	277380	1	0.5	25
	chrIII	277391	1	0.5	25
	chrIII	277401	0	0.5	25
	chrIII	277423	0	0.5	25
	chrIII	277462	0	0.5	25
	chrIII	277462	1	0.5	25
	chrIII	277472	0	0.5	25
	chrIII	277485	1	0.5	25
	chrIII	277507	0	0.5	25
	chrIII	277512	0	0.5	25
	chrIII	277528	0	0.5	25
	chrIII	277528	1	0.5	25
	chrIII	277533	0	0.5	25
	chrIII	277556	1	1.0	25
	chrIII	277586	0	0.5	25
	chrIII	277588	1	0.5	25
	chrIII	277593	1	0.5	25
	chrIII	277600	1	0.5	25
	chrIII	277606	1	0.5	25
	chrIII	277615	0	0.5	25
	chrIII	277621	0	1.0	25
	chrIII	277630	0	0.5	25
	chrIII	277639	0	0.5	25
	chrIII	277662	1	0.5	25
	chrIII	277667	1	0.5	25
	chrIII	277673	1	0.5	25
	chrIII	277674	0	0.5	25
	chrIII	277674	1	0.5	25
	chrIII	277680	0	0.5	25
	chrIII	277692	1	0.5	25
	chrIII	277708	1	0.5	25
	chrIII	277710	0	0.5	25
	chrIII	277736	0	1.0	25
	chrIII	277752	0	0.5	25
	chrIII	277808	0	0.5	25
	chrIII	277811	1	0.5	25
	chrIII	277813	1	1.0	25
	chrIII	277820	1	0.5	25
	chrIII	277821	0	0.5	25
	chrIII	277822	0	0.5	25
	chrIII	277829	0	0.5	25
	chrIII	277830	0	0.5	25
	chrIII	277845	1	0.5	25
	chrIII	277863	0	0.5	25
	chrIII	277875	1	0.5	25
	chrIII	277876	1	0.5	25
	chrIII	277883	1	0.5	25
	chrIII	277899	0	0.5	25
	chrIII	277900	1	0.5	25
	chrIII	277903	1	0.5	25
	chrIII	277926	0	0.5	25
	chrIII	277927	0	1.0	25
	chrIII	277931	1	0.5	25
	chrIII	277944	1	0.5	25
	chrIII	277950	0	0.5	25
	chrIII	277968	1	0.5	25
	chrIII	277975	0	0.5	25
	chrIII	277989	1	0.5	25
	chrIII	277993	1	1.0	25
	chrIII	278041	0	0.5	25
	chrIII	278044	0	0.5	25
	chrIII	278052	0	0.5	25
	chrIII	278054	1	0.5	25
	chrIII	278059	0	0.5	25
	chrIII	278061	0	0.5	25
	chrIII	278069	0	0.5	25
	chrIII	278101	1	0.5	25
	chrIII	278104	1	0.5	25
	chrIII	278126	1	0.5	25
	chrIII	278131	1	0.5	25
	chrIII	278132	1	0.5	25
	chrIII	278215	0	0.5	25
	chrIII	278224	0	0.5	25
	chrIII	278244	0	0.5	25
	chrIII	278247	1	0.5	25
	chrIII	278249	1	0.5	25
	chrIII	278256	0	0.5	25
	chrIII	278258	0	0.5	25
	chrIII	278275	0	0.5	25
	chrIII	278283	1	0.5	25
	chrIII	278295	0	0.5	25
	chrIII	278301	1	0.5	25
	chrIII	278309	1	0.5	25
	chrIII	278313	1	0.5	25
	chrIII	278318	1	0.5	25
	chrIII	278338	0	0.5	25
	chrIII	278341	1	0.5	25
	chrIII	278377	1	0.5	25
	chrIII	278385	0	1.0	25
	chrIII	278395	0	0.5	25
	chrIII	278397	1	0.5	25
	chrIII	278419	0	0.5	25
	chrIII	278432	0	0.5	25
	chrIII	278456	1	0.5	25
	chrIII	278481	1	1.0	25
	chrIII	278483	0	0.5	25
	chrIII	278491	0	0.5	25
	chrIII	278491	1	0.5	25
	chrIII	278527	0	0.5	25
	chrIII	278555	1	0.5	25
	chrIII	278558	1	0.5	25
	chrIII	278565	0	0.5	25
	chrIII	278569	1	0.5	25
	chrIII	278571	0	0.5	25
	chrIII	278571	1	0.5	25
	chrIII	278604	0	0.5	25
	chrIII	278608	0	0.5	25
	chrIII	278612	0	0.5	25
	chrIII	278664	1	0.5	25
	chrIII	278676	0	1.0	25
	chrIII	278681	1	0.5	25
	chrIII	278682	0	0.5	25
	chrIII	278686	0	0.5	25
	chrIII	278699	1	0.5	25
	chrIII	278714	0	0.5	25
	chrIII	278728	0	0.5	25
	chrIII	278748	0	0.5	25
	chrIII	278750	1	0.5	25
	chrIII	278756	1	0.5	25
	chrIII	278758	1	0.5	25
	chrIII	278762	0	0.5	25
	chrIII	278768	0	0.5	25
	chrIII	278786	0	0.5	25
	chrIII	278791	1	0.5	25
	chrIII	278799	0	0.5	25
	chrIII	278819	1	0.5	25
	chrIII	278829	1	1.0	25
	chrIII	278839	1	0.5	25
	chrIII	278847	0	0.5	25
	chrIII	278847	1	0.5	25
	chrIII	278848	0	1.5	25
	chrIII	278858	0	0.5	25
	chrIII	278864	1	0.5	25
	chrIII	278882	0	0.5	25
	chrIII	278889	1	0.5	25
	chrIII	278892	1	0.5	25
	chrIII	278929	1	1.0	25
	chrIII	278932	1	0.5	25
	chrIII	278941	1	1.5	25
	chrIII	278957	0	0.5	25
	chrIII	278998	1	0.5	25
	chrIII	279000	0	0.5	25
	chrIII	279001	0	0.5	25
	chrIII	279002	1	0.5	25
	chrIII	279015	0	0.5	25
	chrIII	279060	0	1.0	25
	chrIII	279062	0	0.5	25
	chrIII	279069	1	0.5	25
	chrIII	279072	0	0.5	25
	chrIII	279081	1	0.5	25
	chrIII	279129	1	1.0	25
	chrIII	279137	1	0.5	25
	chrIII	279154	1	0.5	25
	chrIII	279229	0	0.5	25
	chrIII	279238	1	0.5	25
	chrIII	279252	0	1.0	25
	chrIII	279279	1	0.5	25
	chrIII	279305	0	0.5	25
	chrIII	279307	0	0.5	25
	chrIII	279339	1	0.5	25
	chrIII	279356	0	0.5	25
	chrIII	279356	1	0.5	25
	chrIII	279361	0	0.5	25
	chrIII	279376	1	0.5	25
	chrIII	279382	1	0.5	25
	chrIII	279417	1	0.5	25
	chrIII	279429	1	0.5	25
	chrIII	279462	0	0.5	25
	chrIII	279484	0	0.5	25
	chrIII	279499	0	0.5	25
	chrIII	279539	1	0.5	25
	chrIII	279542	1	0.5	25
	chrIII	279547	0	0.5	25
	chrIII	279558	0	0.5	25
	chrIII	279583	1	0.5	25
	chrIII	279587	0	0.5	25
	chrIII	279607	1	0.5	25
	chrIII	279658	0	1.0	25
	chrIII	279660	0	0.5	25
	chrIII	279702	0	0.5	25
	chrIII	279704	0	0.5	25
	chrIII	279714	0	0.5	25
	chrIII	279722	0	0.5	24
	chrIII	279742	1	0.5	25
	chrIII	279745	1	0.5	24
	chrIII	279748	1	1.0	25
	chrIII	279752	1	0.5	25
	chrIII	279757	1	1.0	25
	chrIII	279766	0	0.5	25
	chrIII	279769	1	0.5	25
	chrIII	279824	0	0.5	25
	chrIII	279831	0	0.5	25
	chrIII	279848	0	0.5	25
	chrIII	279877	1	0.5	25
	chrIII	279891	0	0.5	25
	chrIII	279896	0	0.5	25
	chrIII	279902	0	0.5	25
	chrIII	279906	0	0.5	25
	chrIII	279907	0	0.5	25
	chrIII	279907	1	0.5	25
	chrIII	279908	0	1.0	25
	chrIII	279918	1	0.5	25
	chrIII	279922	0	2.0	25
	chrIII	279924	0	0.5	25
	chrIII	279928	0	1.5	25
	chrIII	279929	0	0.5	25
	chrIII	279949	0	1.0	25
	chrIII	279971	0	0.5	25
	chrIII	279971	1	0.5	25
	chrIII	279978	1	1.0	25
	chrIII	279979	1	1.0	25
	chrIII	279985	1	0.5	25
	chrIII	279986	1	0.5	25
	chrIII	280002	1	0.5	25
	chrIII	280005	1	1.5	25
	chrIII	280010	1	0.5	25
	chrIII	280023	0	0.5	25
	chrIII	280027	1	0.5	25
	chrIII	280028	1	3.0	25
	chrIII	280029	0	0.5	25
	chrIII	280033	1	0.5	25
	chrIII	280038	0	0.5	25
	chrIII	280056	0	0.5	25
	chrIII	280066	1	0.5	25
	chrIII	280074	0	0.5	25
	chrIII	280075	0	0.5	25
	chrIII	280090	0	0.5	25
	chrIII	280115	1	0.5	25
	chrIII	280132	1	0.5	25
	chrIII	280134	1	0.5	25
	chrIII	280140	1	0.5	25
	chrIII	280171	1	0.5	25
	chrIII	280208	1	0.5	25
	chrIII	280227	1	0.5	25
	chrIII	280272	0	0.5	25
	chrIII	280276	0	0.5	25
	chrIII	280277	0	0.5	25
	chrIII	280317	0	0.5	25
	chrIII	280318	1	0.5	25
	chrIII	280320	1	0.5	25
	chrIII	280324	0	0.5	25
	chrIII	280331	0	0.5	25
	chrIII	280332	0	0.5	25
	chrIII	280340	1	0.5	25
	chrIII	280345	0	0.5	25
	chrIII	280351	0	0.5	24
	chrIII	280364	0	1.0	25
	chrIII	280372	1	0.5	25
	chrIII	280374	0	0.5	25
	chrIII	280378	0	0.5	25
	chrIII	280382	1	0.5	25
	chrIII	280386	1	0.5	25
	chrIII	280391	0	1.0	25
	chrIII	280397	1	1.0	25
	chrIII	280400	0	0.5	25
	chrIII	280406	0	0.5	25
	chrIII	280431	1	0.5	25
	chrIII	280434	0	0.5	25
	chrIII	280440	1	1.0	25
	chrIII	280442	1	1.5	25
	chrIII	280456	1	0.5	25
	chrIII	280464	0	0.5	25
	chrIII	280465	1	1.0	25
	chrIII	280481	0	0.5	25
	chrIII	280515	1	0.5	25
	chrIII	280532	1	0.5	25
	chrIII	280540	1	0.5	25
	chrIII	280554	0	0.5	25
	chrIII	280592	0	0.5	25
	chrIII	280601	0	0.5	25
	chrIII	280609	0	0.5	25
	chrIII	280611	1	0.5	25
	chrIII	280659	0	1.0	25
	chrIII	280667	0	0.5	25
	chrIII	280670	0	0.5	25
	chrIII	280670	1	0.5	25
	chrIII	280671	0	1.0	25
	chrIII	280675	1	0.5	25
	chrIII	280678	1	0.5	25
	chrIII	280682	0	0.5	25
	chrIII	280698	0	0.5	25
	chrIII	280713	1	0.5	25
	chrIII	280715	0	0.5	25
	chrIII	280715	1	0.5	25
	chrIII	280729	1	0.5	25
	chrIII	280739	1	0.5	25
	chrIII	280740	0	0.5	25
	chrIII	280747	1	0.5	25
	chrIII	280756	1	0.5	25
	chrIII	280808	0	0.5	25
	chrIII	280841	1	0.5	25
	chrIII	280848	0	1.0	25
	chrIII	280874	1	0.5	25
	chrIII	280889	1	0.5	25
	chrIII	280922	0	0.5	25
	chrIII	280923	0	0.5	25
	chrIII	280953	1	0.5	25
	chrIII	280962	0	0.5	25
	chrIII	280986	0	0.5	25
	chrIII	280986	1	0.5	25
	chrIII	281003	0	0.5	25
	chrIII	281014	1	1.0	25
	chrIII	281015	1	0.5	25
	chrIII	281030	0	0.5	25
	chrIII	281034	1	0.5	25
	chrIII	281041	0	0.5	25
	chrIII	281050	1	0.5	25
	chrIII	281064	1	0.5	25
	chrIII	281074	1	0.5	25
	chrIII	281079	1	0.5	25
	chrIII	281088	0	0.5	25
	chrIII	281096	1	0.5	25
	chrIII	281106	0	0.5	25
	chrIII	281118	0	0.5	25
	chrIII	281153	0	0.5	25
	chrIII	281179	0	0.5	25
	chrIII	281180	1	0.5	25
	chrIII	281218	1	0.5	25
	chrIII	281219	0	0.5	25
	chrIII	281246	0	0.5	25
	chrIII	281254	0	0.5	25
	chrIII	281260	0	0.5	25
	chrIII	281277	1	0.5	25
	chrIII	281278	1	0.5	25
	chrIII	281287	0	0.5	25
	chrIII	281288	0	0.5	25
	chrIII	281300	0	0.5	25
	chrIII	281303	0	0.5	25
	chrIII	281308	1	0.5	25
	chrIII	281316	1	0.5	25
	chrIII	281320	1	0.5	25
	chrIII	281325	1	0.5	25
	chrIII	281339	1	1.0	25
	chrIII	281340	0	0.5	25
	chrIII	281360	0	0.5	25
	chrIII	281367	0	0.5	25
	chrIII	281379	1	0.5	25
	chrIII	281384	0	0.5	25
	chrIII	281410	0	0.5	25
	chrIII	281412	1	0.5	25
	chrIII	281427	1	0.5	25
	chrIII	281428	1	0.5	25
	chrIII	281433	1	0.5	25
	chrIII	281438	0	0.5	25
	chrIII	281457	0	0.5	25
	chrIII	281458	0	0.5	25
	chrIII	281476	1	0.5	25
	chrIII	281481	0	0.5	25
	chrIII	281487	0	0.5	25
	chrIII	281504	1	0.5	25
	chrIII	281508	1	0.5	25
	chrIII	281510	1	0.5	25
	chrIII	281535	1	0.5	25
	chrIII	281541	0	1.0	25
	chrIII	281545	0	0.5	25
	chrIII	281547	0	0.5	25
	chrIII	281558	0	0.5	25
	chrIII	281562	1	0.5	25
	chrIII	281563	0	0.5	25
	chrIII	281565	0	0.5	25
	chrIII	281582	1	0.5	25
	chrIII	281590	0	0.5	25
	chrIII	281599	1	1.0	25
	chrIII	281604	1	0.5	25
	chrIII	281622	1	1.0	25
	chrIII	281626	0	1.0	25
	chrIII	281627	1	0.5	25
	chrIII	281639	1	0.5	25
	chrIII	281644	0	0.5	25
	chrIII	281658	0	0.5	25
	chrIII	281659	1	0.5	25
	chrIII	281660	1	0.5	25
	chrIII	281663	0	0.5	25
	chrIII	281676	0	0.5	25
	chrIII	281685	1	0.5	25
	chrIII	281698	1	0.5	25
	chrIII	281708	0	0.5	25
	chrIII	281718	1	1.0	25
	chrIII	281724	1	0.5	25
	chrIII	281726	0	0.5	25
	chrIII	281749	0	0.5	25
	chrIII	281750	1	0.5	25
	chrIII	281767	0	0.5	25
	chrIII	281780	1	0.5	25
	chrIII	281782	1	0.5	25
	chrIII	281789	1	0.5	25
	chrIII	281790	0	1.0	25
	chrIII	281792	0	1.0	25
	chrIII	281816	0	1.0	25
	chrIII	281823	1	0.5	25
	chrIII	281833	1	0.5	25
	chrIII	281834	0	1.0	25
	chrIII	281842	0	0.5	25
	chrIII	281861	1	0.5	25
	chrIII	281864	0	0.5	25
	chrIII	281866	0	0.5	25
	chrIII	281870	0	0.5	25
	chrIII	281883	1	0.5	25
	chrIII	281888	1	1.0	25
	chrIII	281897	0	0.5	25
	chrIII	281897	1	1.0	25
	chrIII	281898	1	0.5	25
	chrIII	281899	1	1.0	25
	chrIII	281930	0	0.5	25
	chrIII	281941	1	0.5	25
	chrIII	281942	1	0.5	25
	chrIII	281944	0	1.0	25
	chrIII	281961	1	0.5	25
	chrIII	281967	0	0.5	25
	chrIII	281991	0	0.5	25
	chrIII	281997	1	0.5	25
	chrIII	282003	0	0.5	25
	chrIII	282005	0	0.5	25
	chrIII	282010	0	0.5	25
	chrIII	282035	1	0.5	25
	chrIII	282045	1	0.5	25
	chrIII	282048	0	0.5	25
	chrIII	282048	1	0.5	25
	chrIII	282050	0	0.5	25
	chrIII	282051	0	0.5	25
	chrIII	282080	1	0.5	25
	chrIII	282091	1	0.5	25
	chrIII	282110	1	0.5	25
	chrIII	282134	1	0.5	25
	chrIII	282140	0	0.5	25
	chrIII	282148	1	0.5	25
	chrIII	282176	0	0.5	25
	chrIII	282209	0	0.5	25
	chrIII	282209	1	0.5	25
	chrIII	282237	0	1.0	25
	chrIII	282238	1	1.0	25
	chrIII	282245	1	0.5	25
	chrIII	282272	1	0.5	25
	chrIII	282317	0	0.5	25
	chrIII	282345	0	0.5	25
	chrIII	282345	1	1.0	25
	chrIII	282410	0	0.5	25
	chrIII	282413	1	0.5	25
	chrIII	282417	0	0.5	25
	chrIII	282420	0	0.5	25
	chrIII	282451	0	0.5	25
	chrIII	282458	0	0.5	25
	chrIII	282462	0	0.5	25
	chrIII	282483	1	0.5	25
	chrIII	282486	0	0.5	25
	chrIII	282489	0	0.5	25
	chrIII	282501	0	0.5	25
	chrIII	282501	1	0.5	25
	chrIII	282504	0	0.5	25
	chrIII	282504	1	0.5	25
	chrIII	282515	1	0.5	25
	chrIII	282516	1	0.5	25
	chrIII	282526	0	0.5	25
	chrIII	282528	1	0.5	25
	chrIII	282553	0	0.5	25
	chrIII	282560	1	0.5	25
	chrIII	282561	1	0.5	25
	chrIII	282562	1	0.5	25
	chrIII	282563	1	0.5	25
	chrIII	282576	1	0.5	25
	chrIII	282588	0	1.0	25
	chrIII	282592	0	0.5	25
	chrIII	282594	0	0.5	25
	chrIII	282608	1	0.5	25
	chrIII	282620	0	0.5	25
	chrIII	282623	0	0.5	25
	chrIII	282633	1	0.5	25
	chrIII	282642	0	0.5	25
	chrIII	282645	1	0.5	25
	chrIII	282652	1	0.5	25
	chrIII	282665	1	0.5	25
	chrIII	282669	0	0.5	25
	chrIII	282684	1	0.5	25
	chrIII	282713	1	0.5	25
	chrIII	282720	0	0.5	25
	chrIII	282721	0	0.5	25
	chrIII	282727	0	0.5	25
	chrIII	282744	1	0.5	25
	chrIII	282755	1	0.5	25
	chrIII	282756	0	0.5	25
	chrIII	282785	1	0.5	25
	chrIII	282801	0	1.5	25
	chrIII	282803	0	0.5	25
	chrIII	282810	0	0.5	25
	chrIII	282811	0	0.5	25
	chrIII	282831	0	0.5	25
	chrIII	282836	1	0.5	25
	chrIII	282840	1	1.0	25
	chrIII	282873	0	0.5	25
	chrIII	282886	1	1.0	25
	chrIII	282887	1	0.5	25
	chrIII	282888	1	0.5	25
	chrIII	282890	1	0.5	25
	chrIII	282894	1	0.5	25
	chrIII	282901	0	0.5	25
	chrIII	282905	1	0.5	25
	chrIII	282906	0	1.5	25
	chrIII	282927	0	0.5	25
	chrIII	282929	0	0.5	25
	chrIII	282934	0	0.5	25
	chrIII	282939	1	0.5	25
	chrIII	282940	1	0.5	25
	chrIII	282944	0	0.5	25
	chrIII	282950	1	0.5	25
	chrIII	282962	1	1.0	25
	chrIII	282978	1	0.5	25
	chrIII	282998	0	0.5	25
	chrIII	283004	1	0.5	25
	chrIII	283014	1	0.5	25
	chrIII	283040	1	0.5	25
	chrIII	283041	1	0.5	25
	chrIII	283044	0	0.5	25
	chrIII	283059	0	0.5	25
	chrIII	283071	1	0.5	25
	chrIII	283099	1	0.5	25
	chrIII	283100	0	0.5	25
	chrIII	283100	1	0.5	25
	chrIII	283110	0	0.5	25
	chrIII	283166	1	0.5	25
	chrIII	283171	0	0.5	25
	chrIII	283172	1	0.5	25
	chrIII	283217	0	0.5	25
	chrIII	283222	1	0.5	25
	chrIII	283263	0	0.5	25
	chrIII	283273	0	0.5	25
	chrIII	283280	1	0.5	25
	chrIII	283299	0	0.5	25
	chrIII	283344	0	1.0	25
	chrIII	283351	0	0.5	25
	chrIII	283361	0	0.5	25
	chrIII	283361	1	1.0	25
	chrIII	283369	0	0.5	25
	chrIII	283398	0	0.5	25
	chrIII	283402	1	0.5	25
	chrIII	283427	1	0.5	25
	chrIII	283430	0	0.5	25
	chrIII	283434	0	0.5	25
	chrIII	283453	1	0.5	25
	chrIII	283485	1	0.5	25
	chrIII	283487	1	0.5	25
	chrIII	283489	0	0.5	25
	chrIII	283499	1	0.5	25
	chrIII	283506	1	0.5	25
	chrIII	283518	1	1.0	25
	chrIII	283519	0	0.5	25
	chrIII	283545	0	0.5	25
	chrIII	283547	0	0.5	25
	chrIII	283564	0	0.5	25
	chrIII	283567	1	0.5	25
	chrIII	283580	1	0.5	25
	chrIII	283599	0	0.5	25
	chrIII	283622	1	0.5	25
	chrIII	283636	0	0.5	25
	chrIII	283637	1	0.5	25
	chrIII	283645	0	0.5	25
	chrIII	283652	0	0.5	25
	chrIII	283654	0	0.5	25
	chrIII	283658	1	0.5	25
	chrIII	283665	0	1.0	25
	chrIII	283675	1	0.5	25
	chrIII	283681	1	0.5	25
	chrIII	283688	0	1.0	25
	chrIII	283695	0	0.5	25
	chrIII	283704	1	0.5	25
	chrIII	283710	1	0.5	25
	chrIII	283711	1	0.5	25
	chrIII	283727	1	1.0	25
	chrIII	283754	0	0.5	25
	chrIII	283754	1	1.0	25
	chrIII	283765	1	0.5	25
	chrIII	283792	0	0.5	25
	chrIII	283803	1	0.5	25
	chrIII	283859	1	0.5	25
	chrIII	283860	0	0.5	25
	chrIII	283898	0	0.5	25
	chrIII	283915	1	0.5	25
	chrIII	283925	0	0.5	25
	chrIII	283932	0	0.5	25
	chrIII	283946	0	0.5	25
	chrIII	283961	0	0.5	25
	chrIII	283962	1	0.5	25
	chrIII	284001	0	0.5	25
	chrIII	284002	1	0.5	25
	chrIII	284031	1	0.5	25
	chrIII	284035	1	0.5	25
	chrIII	284065	0	0.5	25
	chrIII	284069	1	0.5	25
	chrIII	284073	0	0.5	25
	chrIII	284078	1	0.5	25
	chrIII	284122	0	0.5	25
	chrIII	284131	1	0.5	25
	chrIII	284194	1	0.5	25
	chrIII	284223	0	0.5	25
	chrIII	284243	0	0.5	25
	chrIII	284294	1	1.0	25
	chrIII	284301	0	0.5	25
	chrIII	284308	1	0.5	25
	chrIII	284317	0	0.5	25
	chrIII	284350	1	0.5	25
	chrIII	284351	0	0.5	25
	chrIII	284361	0	0.5	25
	chrIII	284361	1	0.5	25
	chrIII	284376	0	0.5	25
	chrIII	284391	0	1.0	25
	chrIII	284395	0	1.0	25
	chrIII	284399	1	0.5	25
	chrIII	284409	1	0.5	25
	chrIII	284433	0	0.5	25
	chrIII	284445	1	1.0	25
	chrIII	284459	0	0.5	25
	chrIII	284468	1	0.5	25
	chrIII	284484	0	0.5	25
	chrIII	284493	1	0.5	25
	chrIII	284503	1	0.5	25
	chrIII	284519	0	0.5	25
	chrIII	284535	0	0.5	25
	chrIII	284558	1	0.5	25
	chrIII	284559	1	0.5	25
	chrIII	284584	1	0.5	25
	chrIII	284601	0	0.5	25
	chrIII	284627	0	0.5	25
	chrIII	284628	1	0.5	25
	chrIII	284658	0	0.5	25
	chrIII	284670	1	0.5	25
	chrIII	284677	0	0.5	25
	chrIII	284677	1	0.5	25
	chrIII	284679	0	0.5	25
	chrIII	284699	1	0.5	25
	chrIII	284718	0	0.5	25
	chrIII	284719	1	0.5	25
	chrIII	284773	1	0.5	25
	chrIII	284781	1	0.5	25
	chrIII	284782	1	0.5	25
	chrIII	284788	0	0.5	25
	chrIII	284806	0	0.5	25
	chrIII	284840	1	0.5	25
	chrIII	284848	0	0.5	25
	chrIII	284857	0	0.5	25
	chrIII	284859	1	0.5	25
	chrIII	284866	0	0.5	25
	chrIII	284917	1	0.5	25
	chrIII	284926	1	0.5	25
	chrIII	284951	1	0.5	25
	chrIII	284989	0	1.0	25
	chrIII	285036	0	0.5	25
	chrIII	285044	1	1.0	25
	chrIII	285047	0	0.5	25
	chrIII	285060	0	0.5	25
	chrIII	285117	1	0.5	25
	chrIII	285123	0	0.5	25
	chrIII	285141	1	0.5	25
	chrIII	285160	1	0.5	25
	chrIII	285161	0	0.5	25
	chrIII	285194	0	1.5	25
	chrIII	285202	1	0.5	25
	chrIII	285224	0	0.5	25
	chrIII	285272	1	0.5	25
	chrIII	285293	1	0.5	25
	chrIII	285303	0	0.5	25
	chrIII	285308	0	0.5	25
	chrIII	285344	1	0.5	25
	chrIII	285353	1	1.0	25
	chrIII	285384	1	0.5	25
	chrIII	285435	0	0.5	25
	chrIII	285453	0	0.5	25
	chrIII	285479	0	0.5	25
	chrIII	285498	0	0.5	25
	chrIII	285510	0	0.5	25
	chrIII	285513	1	0.5	25
	chrIII	285532	1	0.5	25
	chrIII	285535	0	0.5	25
	chrIII	285536	0	0.5	25
	chrIII	285565	0	0.5	25
	chrIII	285568	1	0.5	25
	chrIII	285584	1	0.5	25
	chrIII	285585	0	1.0	25
	chrIII	285585	1	0.5	25
	chrIII	285601	1	0.5	25
	chrIII	285628	0	0.5	25
	chrIII	285633	1	0.5	25
	chrIII	285650	1	1.0	25
	chrIII	285655	0	0.5	25
	chrIII	285663	1	0.5	25
	chrIII	285709	1	0.5	25
	chrIII	285711	1	0.5	25
	chrIII	285712	0	0.5	25
	chrIII	285810	1	0.5	25
	chrIII	285830	0	0.5	25
	chrIII	285831	0	0.5	25
	chrIII	285862	0	0.5	25
	chrIII	285866	0	0.5	25
	chrIII	285901	1	0.5	25
	chrIII	285920	1	0.5	25
	chrIII	285942	0	0.5	25
	chrIII	285957	1	0.5	25
	chrIII	285959	1	0.5	25
	chrIII	285960	0	0.5	25
	chrIII	285966	0	0.5	25
	chrIII	285969	0	0.5	25
	chrIII	285979	0	0.5	25
	chrIII	285985	0	0.5	25
	chrIII	285996	0	0.5	25
	chrIII	285996	1	0.5	25
	chrIII	286007	1	0.5	25
	chrIII	286008	1	0.5	25
	chrIII	286011	1	0.5	25
	chrIII	286049	1	0.5	25
	chrIII	286059	1	0.5	25
	chrIII	286077	1	0.5	25
	chrIII	286132	0	0.5	25
	chrIII	286139	0	0.5	25
	chrIII	286177	0	0.5	25
	chrIII	286177	1	0.5	25
	chrIII	286179	0	1.5	25
	chrIII	286184	1	0.5	25
	chrIII	286191	1	0.5	25
	chrIII	286235	0	0.5	25
	chrIII	286241	0	0.5	25
	chrIII	286248	1	1.5	25
	chrIII	286250	1	0.5	25
	chrIII	286260	0	1.0	25
	chrIII	286279	1	0.5	25
	chrIII	286294	0	1.0	25
	chrIII	286296	0	0.5	25
	chrIII	286320	0	0.5	25
	chrIII	286321	1	0.5	25
	chrIII	286333	1	0.5	25
	chrIII	286355	1	1.0	25
	chrIII	286360	0	0.5	25
	chrIII	286376	1	0.5	25
	chrIII	286380	1	0.5	25
	chrIII	286395	0	0.5	25
	chrIII	286411	0	1.0	25
	chrIII	286445	1	0.5	25
	chrIII	286454	1	0.5	25
	chrIII	286462	1	0.5	25
	chrIII	286465	0	0.5	25
	chrIII	286490	0	0.5	25
	chrIII	286502	0	1.0	25
	chrIII	286504	0	1.0	25
	chrIII	286505	1	0.5	25
	chrIII	286508	0	0.5	25
	chrIII	286511	0	1.0	25
	chrIII	286518	0	0.5	25
	chrIII	286520	1	0.5	25
	chrIII	286526	0	0.5	25
	chrIII	286531	0	0.5	25
	chrIII	286536	0	0.5	25
	chrIII	286553	0	1.0	25
	chrIII	286557	0	1.0	25
	chrIII	286557	1	1.5	25
	chrIII	286559	0	0.5	25
	chrIII	286564	1	0.5	25
	chrIII	286568	0	0.5	25
	chrIII	286568	1	0.5	25
	chrIII	286569	0	1.0	25
	chrIII	286573	0	1.0	25
	chrIII	286574	0	1.0	25
	chrIII	286574	1	0.5	25
	chrIII	286575	0	3.0	25
	chrIII	286576	0	6.0	25
	chrIII	286576	1	0.5	25
	chrIII	286577	0	2.5	25
	chrIII	286578	0	0.5	25
	chrIII	286583	1	0.5	25
	chrIII	286587	0	1.0	25
	chrIII	286587	1	0.5	25
	chrIII	286597	0	0.5	25
	chrIII	286598	0	0.5	25
	chrIII	286600	0	0.5	25
	chrIII	286602	0	0.5	25
	chrIII	286615	1	0.5	25
	chrIII	286621	1	0.5	25
	chrIII	286623	1	0.5	25
	chrIII	286628	1	1.0	25
	chrIII	286631	1	1.0	25
	chrIII	286632	1	1.0	25
	chrIII	286634	1	0.5	25
	chrIII	286636	1	1.0	25
	chrIII	286637	1	1.5	25
	chrIII	286639	1	1.0	25
	chrIII	286640	1	0.5	25
	chrIII	286642	1	0.5	25
	chrIII	286643	1	0.5	25
	chrIII	286644	1	1.0	25
	chrIII	286645	1	0.5	25
	chrIII	286646	1	0.5	25
	chrIII	286650	1	0.5	25
	chrIII	286653	1	0.5	25
	chrIII	286654	1	0.5	25
	chrIII	286656	1	1.5	25
	chrIII	286660	1	0.5	25
	chrIII	286663	1	1.0	25
	chrIII	286664	1	1.0	25
	chrIII	286665	1	1.5	25
	chrIII	286667	0	0.5	25
	chrIII	286669	1	2.0	25
	chrIII	286682	0	0.5	25
	chrIII	286682	1	0.5	25
	chrIII	286683	1	0.5	25
	chrIII	286686	0	0.5	25
	chrIII	286689	1	0.5	25
	chrIII	286691	0	0.5	25
	chrIII	286693	0	0.5	25
	chrIII	286746	0	0.5	25
	chrIII	286756	1	0.5	25
	chrIII	286762	0	0.5	25
	chrIII	286763	0	0.5	25
	chrIII	286771	1	0.5	25
	chrIII	286778	1	0.5	25
	chrIII	286780	0	0.5	25
	chrIII	286784	0	0.5	25
	chrIII	286817	1	0.5	25
	chrIII	286822	0	0.5	25
	chrIII	286822	1	0.5	25
	chrIII	286830	1	0.5	25
	chrIII	286833	0	0.5	25
	chrIII	286833	1	0.5	25
	chrIII	286834	0	2.5	25
	chrIII	286838	1	0.5	25
	chrIII	286844	0	0.5	25
	chrIII	286862	1	0.5	25
	chrIII	286881	1	0.5	25
	chrIII	286894	1	0.5	25
	chrIII	286923	1	0.5	25
	chrIII	286926	0	0.5	25
	chrIII	286928	0	0.5	25
	chrIII	286933	1	1.5	25
	chrIII	286943	0	0.5	25
	chrIII	286964	0	0.5	25
	chrIII	286979	0	0.5	25
	chrIII	286990	0	0.5	25
	chrIII	286990	1	0.5	25
	chrIII	286998	1	0.5	25
	chrIII	287008	1	0.5	25
	chrIII	287009	1	0.5	25
	chrIII	287016	1	0.5	25
	chrIII	287017	0	1.0	25
	chrIII	287025	1	0.5	25
	chrIII	287043	1	0.5	25
	chrIII	287056	1	0.5	25
	chrIII	287079	0	0.5	25
	chrIII	287095	0	0.5	25
	chrIII	287109	0	0.5	25
	chrIII	287130	0	0.5	25
	chrIII	287141	0	0.5	25
	chrIII	287154	0	0.5	25
	chrIII	287164	1	0.5	25
	chrIII	287171	1	0.5	25
	chrIII	287172	1	0.5	25
	chrIII	287175	1	1.0	25
	chrIII	287177	1	0.5	25
	chrIII	287178	0	0.5	25
	chrIII	287180	1	1.0	25
	chrIII	287182	0	0.5	25
	chrIII	287211	0	0.5	25
	chrIII	287225	0	1.0	25
	chrIII	287225	1	0.5	25
	chrIII	287246	0	0.5	25
	chrIII	287249	1	0.5	25
	chrIII	287281	0	1.5	25
	chrIII	287295	0	0.5	25
	chrIII	287295	1	0.5	25
	chrIII	287299	1	1.0	25
	chrIII	287317	1	0.5	25
	chrIII	287322	0	0.5	25
	chrIII	287323	1	0.5	25
	chrIII	287335	1	0.5	25
	chrIII	287349	1	1.0	25
	chrIII	287365	1	0.5	25
	chrIII	287373	0	0.5	25
	chrIII	287386	1	0.5	25
	chrIII	287396	1	0.5	25
	chrIII	287445	1	0.5	25
	chrIII	287550	0	0.5	25
	chrIII	287552	0	0.5	25
	chrIII	287618	0	0.5	25
	chrIII	287629	1	0.5	25
	chrIII	287661	0	0.5	24
	chrIII	287661	1	0.5	25
	chrIII	287670	1	0.5	25
	chrIII	287677	0	0.5	25
	chrIII	287718	0	0.5	25
	chrIII	287728	1	0.5	25
	chrIII	287742	1	0.5	25
	chrIII	287750	0	0.5	25
	chrIII	287774	1	0.5	25
	chrIII	287796	0	0.5	25
	chrIII	287814	0	0.5	25
	chrIII	287818	1	0.5	25
	chrIII	287825	0	0.5	25
	chrIII	287836	0	0.5	25
	chrIII	287855	1	0.5	25
	chrIII	287860	1	0.5	25
	chrIII	287891	0	0.5	25
	chrIII	287895	0	0.5	25
	chrIII	287904	1	0.5	25
	chrIII	287924	1	0.5	25
	chrIII	287938	0	0.5	25
	chrIII	287941	0	0.5	25
	chrIII	287942	0	0.5	25
	chrIII	287951	1	0.5	25
	chrIII	287953	1	0.5	25
	chrIII	287957	0	0.5	25
	chrIII	287967	0	0.5	25
	chrIII	287983	0	0.5	25
	chrIII	287985	1	0.5	25
	chrIII	287986	0	0.5	25
	chrIII	287994	1	0.5	25
	chrIII	288007	0	1.0	25
	chrIII	288014	1	1.0	25
	chrIII	288015	0	0.5	25
	chrIII	288016	1	0.5	25
	chrIII	288036	1	0.5	25
	chrIII	288045	0	0.5	25
	chrIII	288045	1	0.5	25
	chrIII	288054	1	1.0	25
	chrIII	288058	1	0.5	25
	chrIII	288061	0	0.5	25
	chrIII	288075	0	0.5	25
	chrIII	288095	1	0.5	25
	chrIII	288108	0	0.5	25
	chrIII	288112	0	0.5	25
	chrIII	288152	1	0.5	25
	chrIII	288174	1	0.5	25
	chrIII	288179	1	0.5	25
	chrIII	288184	0	0.5	25
	chrIII	288191	0	1.0	25
	chrIII	288196	0	0.5	25
	chrIII	288204	0	0.5	25
	chrIII	288205	0	1.5	25
	chrIII	288217	1	0.5	25
	chrIII	288225	0	0.5	25
	chrIII	288240	0	0.5	25
	chrIII	288250	0	0.5	25
	chrIII	288273	0	0.5	25
	chrIII	288279	1	0.5	25
	chrIII	288284	1	0.5	25
	chrIII	288295	1	1.0	25
	chrIII	288307	1	0.5	25
	chrIII	288309	1	0.5	25
	chrIII	288316	0	1.0	25
	chrIII	288338	1	0.5	25
	chrIII	288350	0	0.5	25
	chrIII	288354	1	0.5	25
	chrIII	288356	0	0.5	25
	chrIII	288361	0	1.5	25
	chrIII	288366	0	0.5	25
	chrIII	288380	1	1.5	25
	chrIII	288381	1	1.0	25
	chrIII	288400	1	0.5	25
	chrIII	288403	0	0.5	25
	chrIII	288408	1	0.5	25
	chrIII	288421	1	1.0	25
	chrIII	288427	1	0.5	25
	chrIII	288434	1	0.5	25
	chrIII	288435	0	0.5	25
	chrIII	288446	1	0.5	25
	chrIII	288481	0	0.5	25
	chrIII	288483	0	0.5	23
	chrIII	288484	0	0.5	25
	chrIII	288498	0	1.0	25
	chrIII	288506	0	0.5	25
	chrIII	288528	0	0.5	25
	chrIII	288537	0	0.5	25
	chrIII	288538	1	0.5	25
	chrIII	288554	0	0.5	25
	chrIII	288555	1	1.0	25
	chrIII	288557	1	0.5	25
	chrIII	288564	0	0.5	25
	chrIII	288572	1	1.0	25
	chrIII	288577	0	0.5	25
	chrIII	288578	1	0.5	25
	chrIII	288583	0	0.5	25
	chrIII	288589	1	0.5	25
	chrIII	288623	0	0.5	25
	chrIII	288624	1	0.5	25
	chrIII	288638	1	0.5	25
	chrIII	288640	1	0.5	25
	chrIII	288652	0	0.5	25
	chrIII	288664	1	0.5	25
	chrIII	288679	0	0.5	25
	chrIII	288680	1	0.5	25
	chrIII	288682	1	0.5	25
	chrIII	288707	1	0.5	25
	chrIII	288730	1	0.5	25
	chrIII	288737	0	0.5	25
	chrIII	288739	1	0.5	25
	chrIII	288748	0	0.5	25
	chrIII	288752	0	0.5	25
	chrIII	288753	0	0.5	25
	chrIII	288766	0	0.5	25
	chrIII	288784	1	0.5	25
	chrIII	288817	0	0.5	25
	chrIII	288820	0	0.5	25
	chrIII	288828	1	0.5	25
	chrIII	288846	1	0.5	25
	chrIII	288857	1	0.5	25
	chrIII	288866	1	0.5	25
	chrIII	288896	1	0.5	25
	chrIII	288930	0	0.5	25
	chrIII	289006	1	0.5	25
	chrIII	289007	0	0.5	25
	chrIII	289015	0	0.5	25
	chrIII	289018	0	0.5	25
	chrIII	289022	0	1.0	25
	chrIII	289024	0	1.0	25
	chrIII	289041	1	0.5	25
	chrIII	289086	0	0.5	25
	chrIII	289091	0	0.5	25
	chrIII	289093	0	0.5	25
	chrIII	289099	1	0.5	25
	chrIII	289111	1	1.0	25
	chrIII	289139	1	0.5	25
	chrIII	289156	1	0.5	25
	chrIII	289157	0	0.5	25
	chrIII	289158	0	1.0	25
	chrIII	289159	1	0.5	25
	chrIII	289169	1	1.0	25
	chrIII	289171	0	0.5	25
	chrIII	289175	1	0.5	25
	chrIII	289177	0	0.5	25
	chrIII	289187	1	0.5	25
	chrIII	289204	1	1.0	25
	chrIII	289210	0	0.5	25
	chrIII	289217	0	1.0	25
	chrIII	289217	1	0.5	25
	chrIII	289237	1	0.5	25
	chrIII	289279	1	0.5	25
	chrIII	289301	1	1.0	25
	chrIII	289317	0	0.5	25
	chrIII	289324	0	0.5	25
	chrIII	289325	0	1.5	25
	chrIII	289326	0	1.0	25
	chrIII	289327	0	0.5	25
	chrIII	289328	0	1.0	25
	chrIII	289334	0	0.5	25
	chrIII	289347	0	1.0	25
	chrIII	289348	0	1.5	25
	chrIII	289349	0	0.5	25
	chrIII	289353	0	2.5	25
	chrIII	289354	0	1.0	25
	chrIII	289362	0	1.0	25
	chrIII	289364	0	1.5	25
	chrIII	289365	0	1.5	25
	chrIII	289366	0	1.5	25
	chrIII	289370	0	0.5	25
	chrIII	289371	0	4.0	25
	chrIII	289372	0	0.5	25
	chrIII	289375	0	1.5	25
	chrIII	289376	0	0.5	25
	chrIII	289379	0	0.5	25
	chrIII	289380	0	0.5	25
	chrIII	289382	0	0.5	25
	chrIII	289383	0	0.5	25
	chrIII	289383	1	0.5	25
	chrIII	289385	1	0.5	25
	chrIII	289387	0	2.0	25
	chrIII	289387	1	0.5	25
	chrIII	289388	0	0.5	25
	chrIII	289388	1	1.0	25
	chrIII	289391	0	0.5	25
	chrIII	289392	0	0.5	25
	chrIII	289393	1	0.5	25
	chrIII	289413	0	0.5	25
	chrIII	289413	1	1.0	25
	chrIII	289414	0	0.5	25
	chrIII	289420	1	2.0	25
	chrIII	289421	1	1.5	25
	chrIII	289422	0	0.5	25
	chrIII	289422	1	4.5	25
	chrIII	289423	1	0.5	25
	chrIII	289424	1	0.5	25
	chrIII	289425	0	0.5	25
	chrIII	289425	1	0.5	25
	chrIII	289426	1	1.5	25
	chrIII	289427	0	0.5	25
	chrIII	289431	1	0.5	25
	chrIII	289434	0	0.5	25
	chrIII	289437	1	0.5	25
	chrIII	289440	0	0.5	25
	chrIII	289440	1	0.5	25
	chrIII	289443	1	0.5	25
	chrIII	289445	1	0.5	25
	chrIII	289446	1	1.0	25
	chrIII	289449	1	1.5	25
	chrIII	289450	1	3.0	25
	chrIII	289451	1	3.0	25
	chrIII	289452	0	0.5	25
	chrIII	289459	1	1.0	25
	chrIII	289460	1	1.0	25
	chrIII	289465	1	1.5	25
	chrIII	289466	0	0.5	25
	chrIII	289466	1	1.0	25
	chrIII	289477	1	0.5	25
	chrIII	289478	0	0.5	25
	chrIII	289478	1	0.5	25
	chrIII	289486	1	1.0	25
	chrIII	289488	0	0.5	25
	chrIII	289516	1	0.5	25
	chrIII	289518	1	0.5	25
	chrIII	289519	0	0.5	25
	chrIII	289526	0	0.5	25
	chrIII	289532	1	0.5	25
	chrIII	289538	1	0.5	25
	chrIII	289539	0	0.5	25
	chrIII	289590	1	0.5	25
	chrIII	289597	1	0.5	25
	chrIII	289605	1	0.5	25
	chrIII	289606	0	0.5	25
	chrIII	289615	0	0.5	25
	chrIII	289616	0	0.5	25
	chrIII	289621	0	0.5	25
	chrIII	289624	1	0.5	25
	chrIII	289625	0	0.5	25
	chrIII	289627	1	0.5	25
	chrIII	289651	0	0.5	25
	chrIII	289662	0	1.0	25
	chrIII	289680	0	0.5	25
	chrIII	289681	0	0.5	25
	chrIII	289682	0	0.5	25
	chrIII	289694	1	0.5	25
	chrIII	289713	0	0.5	25
	chrIII	289714	1	1.0	25
	chrIII	289715	1	0.5	25
	chrIII	289716	1	0.5	25
	chrIII	289720	1	0.5	25
	chrIII	289741	1	0.5	25
	chrIII	289745	1	0.5	25
	chrIII	289775	1	1.5	25
	chrIII	289776	0	1.0	25
	chrIII	289780	1	0.5	25
	chrIII	289803	0	0.5	25
	chrIII	289821	0	0.5	25
	chrIII	289822	1	0.5	25
	chrIII	289827	0	0.5	25
	chrIII	289850	0	0.5	25
	chrIII	289868	1	0.5	25
	chrIII	289882	0	0.5	25
	chrIII	289893	1	0.5	25
	chrIII	289900	1	0.5	25
	chrIII	289904	0	0.5	25
	chrIII	289907	0	0.5	25
	chrIII	289910	0	0.5	25
	chrIII	289918	0	0.5	25
	chrIII	289923	0	0.5	25
	chrIII	289923	1	0.5	25
	chrIII	289927	1	0.5	25
	chrIII	289936	1	0.5	25
	chrIII	289937	1	0.5	25
	chrIII	289971	1	1.0	25
	chrIII	289976	1	1.0	25
	chrIII	289977	0	0.5	25
	chrIII	289996	0	0.5	25
	chrIII	290012	0	0.5	25
	chrIII	290017	1	0.5	25
	chrIII	290018	0	0.5	25
	chrIII	290039	0	0.5	25
	chrIII	290042	0	0.5	25
	chrIII	290047	0	0.5	25
	chrIII	290056	0	0.5	25
	chrIII	290074	0	0.5	25
	chrIII	290083	1	0.5	25
	chrIII	290090	1	0.5	25
	chrIII	290101	1	0.5	25
	chrIII	290102	1	0.5	25
	chrIII	290107	1	0.5	25
	chrIII	290119	1	0.5	25
	chrIII	290123	1	0.5	25
	chrIII	290125	0	0.5	25
	chrIII	290137	1	0.5	25
	chrIII	290184	1	0.5	25
	chrIII	290219	0	0.5	25
	chrIII	290272	1	0.5	25
	chrIII	290282	0	0.5	25
	chrIII	290284	0	0.5	25
	chrIII	290284	1	0.5	25
	chrIII	290287	0	0.5	25
	chrIII	290303	0	0.5	25
	chrIII	290307	0	0.5	25
	chrIII	290327	1	0.5	25
	chrIII	290364	1	0.5	25
	chrIII	290366	1	0.5	25
	chrIII	290369	0	0.5	25
	chrIII	290372	0	1.0	25
	chrIII	290374	0	0.5	25
	chrIII	290385	1	0.5	25
	chrIII	290389	1	0.5	25
	chrIII	290408	0	0.5	25
	chrIII	290432	1	0.5	25
	chrIII	290439	1	1.0	25
	chrIII	290446	0	0.5	25
	chrIII	290451	0	0.5	25
	chrIII	290457	0	0.5	25
	chrIII	290460	0	0.5	25
	chrIII	290490	1	0.5	25
	chrIII	290503	1	0.5	25
	chrIII	290524	1	0.5	25
	chrIII	290526	1	0.5	25
	chrIII	290579	0	1.0	25
	chrIII	290598	0	1.0	25
	chrIII	290605	0	0.5	25
	chrIII	290628	0	1.0	25
	chrIII	290660	1	1.0	25
	chrIII	290679	1	0.5	25
	chrIII	290688	1	1.0	25
	chrIII	290696	0	0.5	25
	chrIII	290698	1	0.5	25
	chrIII	290706	1	0.5	25
	chrIII	290709	1	0.5	25
	chrIII	290715	1	0.5	25
	chrIII	290754	0	0.5	25
	chrIII	290786	0	0.5	25
	chrIII	290852	1	0.5	25
	chrIII	290859	1	0.5	25
	chrIII	290862	1	0.5	25
	chrIII	290889	0	0.5	25
	chrIII	290906	0	0.5	25
	chrIII	290921	0	0.5	25
	chrIII	290950	0	1.0	25
	chrIII	290977	1	0.5	25
	chrIII	290979	1	0.5	25
	chrIII	291021	1	0.5	25
	chrIII	291022	0	0.5	25
	chrIII	291053	0	0.5	25
	chrIII	291063	1	1.0	25
	chrIII	291066	0	0.5	25
	chrIII	291067	1	0.5	25
	chrIII	291071	0	0.5	25
	chrIII	291073	0	1.0	25
	chrIII	291128	0	0.5	25
	chrIII	291147	1	0.5	25
	chrIII	291164	0	0.5	25
	chrIII	291174	1	1.0	25
	chrIII	291190	0	0.5	25
	chrIII	291193	1	0.5	25
	chrIII	291221	0	0.5	25
	chrIII	291224	0	0.5	25
	chrIII	291231	0	1.0	25
	chrIII	291242	1	0.5	25
	chrIII	291243	1	0.5	25
	chrIII	291244	0	0.5	25
	chrIII	291245	0	2.0	25
	chrIII	291247	0	2.0	25
	chrIII	291251	0	0.5	25
	chrIII	291264	1	0.5	25
	chrIII	291268	0	0.5	25
	chrIII	291269	0	1.0	25
	chrIII	291271	0	1.0	25
	chrIII	291274	0	0.5	25
	chrIII	291279	1	0.5	25
	chrIII	291289	0	0.5	25
	chrIII	291295	0	0.5	25
	chrIII	291296	0	0.5	25
	chrIII	291297	1	2.0	25
	chrIII	291298	1	1.0	25
	chrIII	291303	1	0.5	25
	chrIII	291310	1	2.0	25
	chrIII	291311	1	1.0	25
	chrIII	291319	1	0.5	25
	chrIII	291323	1	0.5	25
	chrIII	291324	0	0.5	25
	chrIII	291330	1	1.0	25
	chrIII	291331	0	1.0	25
	chrIII	291333	0	0.5	25
	chrIII	291336	1	0.5	25
	chrIII	291352	1	1.0	25
	chrIII	291369	1	0.5	25
	chrIII	291374	0	0.5	25
	chrIII	291381	1	0.5	25
	chrIII	291383	0	1.0	25
	chrIII	291385	1	0.5	25
	chrIII	291420	1	0.5	25
	chrIII	291455	0	0.5	25
	chrIII	291456	1	1.0	25
	chrIII	291469	1	0.5	25
	chrIII	291485	0	0.5	25
	chrIII	291490	0	1.0	25
	chrIII	291514	1	0.5	25
	chrIII	291518	1	1.0	25
	chrIII	291532	1	0.5	25
	chrIII	291553	1	1.0	25
	chrIII	291612	0	1.0	25
	chrIII	291639	0	0.5	25
	chrIII	291650	1	0.5	25
	chrIII	291652	1	1.0	25
	chrIII	291656	0	0.5	25
	chrIII	291658	0	0.5	25
	chrIII	291676	0	1.0	25
	chrIII	291717	1	0.5	25
	chrIII	291723	0	0.5	25
	chrIII	291729	0	0.5	25
	chrIII	291733	0	0.5	25
	chrIII	291748	1	1.0	25
	chrIII	291753	0	0.5	25
	chrIII	291757	0	0.5	25
	chrIII	291777	0	0.5	25
	chrIII	291779	0	0.5	25
	chrIII	291788	1	0.5	25
	chrIII	291789	1	0.5	25
	chrIII	291800	0	0.5	25
	chrIII	291801	1	0.5	25
	chrIII	291830	1	0.5	25
	chrIII	291831	1	0.5	25
	chrIII	291837	1	0.5	25
	chrIII	291840	1	0.5	25
	chrIII	291851	0	0.5	25
	chrIII	291852	1	0.5	25
	chrIII	291854	0	0.5	25
	chrIII	291860	1	0.5	25
	chrIII	291896	0	0.5	25
	chrIII	291915	1	0.5	25
	chrIII	291916	1	0.5	25
	chrIII	291927	0	0.5	25
	chrIII	291942	1	0.5	25
	chrIII	291974	0	0.5	25
	chrIII	291976	0	0.5	25
	chrIII	291979	0	0.5	25
	chrIII	291982	1	0.5	25
	chrIII	291990	0	0.5	25
	chrIII	292005	0	0.5	25
	chrIII	292006	0	0.5	25
	chrIII	292029	1	0.5	25
	chrIII	292032	1	0.5	25
	chrIII	292047	1	0.5	25
	chrIII	292051	1	0.5	25
	chrIII	292070	1	0.5	25
	chrIII	292071	1	0.5	25
	chrIII	292088	0	1.0	25
	chrIII	292090	0	0.5	25
	chrIII	292091	1	0.5	25
	chrIII	292092	0	0.5	25
	chrIII	292094	0	1.5	25
	chrIII	292097	0	0.5	25
	chrIII	292139	0	1.0	25
	chrIII	292160	0	0.5	25
	chrIII	292166	0	0.5	25
	chrIII	292169	1	1.5	25
	chrIII	292170	1	1.0	25
	chrIII	292174	1	0.5	25
	chrIII	292190	1	0.5	25
	chrIII	292193	1	0.5	25
	chrIII	292209	1	0.5	25
	chrIII	292218	0	0.5	25
	chrIII	292219	1	0.5	25
	chrIII	292220	0	0.5	25
	chrIII	292228	0	0.5	25
	chrIII	292232	1	0.5	25
	chrIII	292246	0	0.5	25
	chrIII	292266	1	0.5	25
	chrIII	292277	1	0.5	25
	chrIII	292282	1	0.5	25
	chrIII	292284	0	0.5	25
	chrIII	292320	1	0.5	25
	chrIII	292323	0	0.5	25
	chrIII	292338	0	0.5	25
	chrIII	292381	1	0.5	25
	chrIII	292389	1	0.5	25
	chrIII	292403	0	0.5	25
	chrIII	292406	0	0.5	25
	chrIII	292423	1	0.5	25
	chrIII	292449	1	0.5	25
	chrIII	292453	0	0.5	25
	chrIII	292455	0	0.5	25
	chrIII	292465	0	0.5	25
	chrIII	292474	0	0.5	25
	chrIII	292485	0	0.5	25
	chrIII	292495	1	0.5	25
	chrIII	292498	0	1.0	25
	chrIII	292506	0	0.5	25
	chrIII	292509	1	0.5	25
	chrIII	292511	0	0.5	25
	chrIII	292513	0	0.5	25
	chrIII	292514	1	0.5	25
	chrIII	292517	1	0.5	25
	chrIII	292539	0	0.5	25
	chrIII	292546	1	0.5	25
	chrIII	292549	1	0.5	25
	chrIII	292553	1	0.5	25
	chrIII	292558	1	0.5	25
	chrIII	292569	0	0.5	24
	chrIII	292569	0	0.5	25
	chrIII	292570	0	0.5	25
	chrIII	292574	1	1.0	25
	chrIII	292576	1	1.0	25
	chrIII	292585	0	0.5	25
	chrIII	292586	0	1.0	25
	chrIII	292588	0	1.0	25
	chrIII	292589	0	1.0	25
	chrIII	292597	0	0.5	25
	chrIII	292599	0	0.5	25
	chrIII	292605	0	0.5	25
	chrIII	292608	0	1.0	25
	chrIII	292613	1	0.5	25
	chrIII	292614	0	0.5	25
	chrIII	292615	0	1.0	25
	chrIII	292626	1	0.5	25
	chrIII	292633	1	1.0	25
	chrIII	292634	1	0.5	25
	chrIII	292635	0	0.5	25
	chrIII	292636	0	1.5	25
	chrIII	292636	1	1.5	25
	chrIII	292640	0	0.5	25
	chrIII	292663	1	0.5	25
	chrIII	292664	1	1.0	25
	chrIII	292667	1	0.5	25
	chrIII	292676	1	0.5	25
	chrIII	292678	1	0.5	25
	chrIII	292682	1	0.5	25
	chrIII	292691	1	0.5	25
	chrIII	292693	0	0.5	25
	chrIII	292693	1	0.5	25
	chrIII	292694	1	1.0	25
	chrIII	292695	0	1.0	25
	chrIII	292697	0	1.0	25
	chrIII	292697	1	2.0	25
	chrIII	292698	0	3.0	25
	chrIII	292721	1	0.5	25
	chrIII	292739	1	0.5	25
	chrIII	292741	0	0.5	25
	chrIII	292748	0	2.0	25
	chrIII	292748	1	2.0	25
	chrIII	292770	0	0.5	25
	chrIII	292788	0	0.5	25
	chrIII	292788	1	1.0	25
	chrIII	292790	1	1.5	25
	chrIII	292796	1	0.5	25
	chrIII	292797	1	0.5	25
	chrIII	292805	1	0.5	25
	chrIII	292808	0	0.5	25
	chrIII	292811	0	0.5	25
	chrIII	292814	0	0.5	25
	chrIII	292815	0	0.5	25
	chrIII	292816	1	1.5	25
	chrIII	292826	0	0.5	25
	chrIII	292826	1	1.0	25
	chrIII	292835	0	0.5	25
	chrIII	292843	1	0.5	25
	chrIII	292862	1	0.5	25
	chrIII	292868	0	0.5	25
	chrIII	292871	0	0.5	25
	chrIII	292874	1	0.5	25
	chrIII	292875	1	0.5	25
	chrIII	292877	1	0.5	25
	chrIII	292886	1	0.5	25
	chrIII	292906	0	0.5	25
	chrIII	292907	0	0.5	25
	chrIII	292915	0	0.5	25
	chrIII	292936	0	0.5	25
	chrIII	292951	1	0.5	25
	chrIII	292953	0	0.5	25
	chrIII	292960	0	0.5	25
	chrIII	292965	1	0.5	25
	chrIII	292985	1	0.5	25
	chrIII	292987	1	0.5	25
	chrIII	292989	0	0.5	25
	chrIII	293001	0	0.5	25
	chrIII	293014	1	0.5	25
	chrIII	293022	1	0.5	25
	chrIII	293041	1	0.5	25
	chrIII	293044	1	0.5	25
	chrIII	293060	1	0.5	25
	chrIII	293064	1	0.5	25
	chrIII	293639	0	0.5	25
	chrIII	293658	0	0.5	25
	chrIII	293688	0	0.5	25
	chrIII	293696	0	0.5	25
	chrIII	293697	0	0.5	25
	chrIII	293703	0	0.5	25
	chrIII	293734	0	0.5	25
	chrIII	293746	1	0.5	25
	chrIII	293753	0	0.5	25
	chrIII	293768	0	1.5	25
	chrIII	293770	1	0.5	25
	chrIII	293772	1	0.5	25
	chrIII	293774	0	0.5	25
	chrIII	293778	1	0.5	25
	chrIII	293795	1	0.5	25
	chrIII	293808	0	0.5	25
	chrIII	293808	1	0.5	25
	chrIII	293809	1	0.5	25
	chrIII	293827	0	0.5	25
	chrIII	293828	0	0.5	25
	chrIII	293836	1	0.5	25
	chrIII	293837	1	0.5	25
	chrIII	293846	0	0.5	25
	chrIII	293847	0	0.5	25
	chrIII	293872	1	0.5	25
	chrIII	293913	0	0.5	25
	chrIII	293916	1	0.5	25
	chrIII	293920	1	0.5	25
	chrIII	293921	1	0.5	25
	chrIII	293925	1	1.0	25
	chrIII	293938	0	0.5	25
	chrIII	293944	0	0.5	25
	chrIII	293945	0	0.5	25
	chrIII	293947	1	0.5	25
	chrIII	293958	1	0.5	25
	chrIII	294005	1	0.5	25
	chrIII	294006	0	0.5	25
	chrIII	294011	1	0.5	25
	chrIII	294023	0	0.5	25
	chrIII	294032	1	0.5	25
	chrIII	294048	0	0.5	25
	chrIII	294051	0	0.5	25
	chrIII	294059	0	0.5	25
	chrIII	294080	1	0.5	25
	chrIII	294082	0	0.5	25
	chrIII	294090	1	0.5	23
	chrIII	294095	0	1.0	25
	chrIII	294101	1	0.5	25
	chrIII	294129	1	0.5	25
	chrIII	294160	0	0.5	25
	chrIII	294163	0	0.5	25
	chrIII	294164	1	0.5	25
	chrIII	294169	1	0.5	25
	chrIII	294181	1	1.0	25
	chrIII	294206	0	0.5	25
	chrIII	294208	1	0.5	25
	chrIII	294214	1	0.5	25
	chrIII	294215	1	0.5	25
	chrIII	294261	1	0.5	25
	chrIII	294263	0	0.5	25
	chrIII	294303	0	0.5	25
	chrIII	294363	0	0.5	25
	chrIII	294372	0	0.5	25
	chrIII	294378	0	0.5	25
	chrIII	294398	0	0.5	25
	chrIII	294415	1	0.5	25
	chrIII	294429	0	0.5	25
	chrIII	294430	1	0.5	25
	chrIII	294435	0	0.5	25
	chrIII	294437	1	0.5	25
	chrIII	294459	1	0.5	25
	chrIII	294461	1	0.5	25
	chrIII	294577	0	0.5	25
	chrIII	294600	0	0.5	25
	chrIII	294600	1	0.5	25
	chrIII	294604	1	0.5	25
	chrIII	294608	0	0.5	25
	chrIII	294621	1	0.5	25
	chrIII	294634	0	0.5	25
	chrIII	294647	0	0.5	25
	chrIII	294651	0	0.5	25
	chrIII	294652	1	0.5	25
	chrIII	294656	0	0.5	25
	chrIII	294666	1	0.5	25
	chrIII	294674	1	0.5	25
	chrIII	294711	1	0.5	25
	chrIII	294718	0	0.5	25
	chrIII	294720	0	0.5	25
	chrIII	294724	0	0.5	25
	chrIII	294730	1	0.5	25
	chrIII	294737	1	0.5	25
	chrIII	294750	1	0.5	25
	chrIII	294760	0	0.5	25
	chrIII	294765	0	0.5	25
	chrIII	294778	0	1.0	25
	chrIII	294782	0	0.5	25
	chrIII	294786	0	0.5	25
	chrIII	294787	0	0.5	25
	chrIII	294787	1	0.5	25
	chrIII	294792	0	0.5	25
	chrIII	294796	0	0.5	25
	chrIII	294807	1	0.5	25
	chrIII	294822	1	0.5	25
	chrIII	294829	1	0.5	25
	chrIII	294833	1	1.0	25
	chrIII	294838	0	0.5	25
	chrIII	294842	1	0.5	25
	chrIII	294848	1	0.5	25
	chrIII	294851	0	1.0	25
	chrIII	294851	1	0.5	25
	chrIII	294855	1	0.5	25
	chrIII	294863	1	0.5	25
	chrIII	294882	0	0.5	25
	chrIII	294888	1	0.5	25
	chrIII	294903	0	0.5	25
	chrIII	294904	0	0.5	25
	chrIII	294925	1	0.5	25
	chrIII	294926	1	0.5	25
	chrIII	294932	1	0.5	25
	chrIII	294946	1	0.5	25
	chrIII	294950	0	0.5	25
	chrIII	294952	0	0.5	25
	chrIII	294957	1	0.5	25
	chrIII	294972	0	0.5	25
	chrIII	294978	0	0.5	25
	chrIII	294993	1	0.5	25
	chrIII	295014	0	0.5	25
	chrIII	295015	0	0.5	25
	chrIII	295020	0	0.5	25
	chrIII	295028	1	0.5	25
	chrIII	295054	1	0.5	25
	chrIII	295067	1	0.5	25
	chrIII	295068	0	0.5	25
	chrIII	295073	1	0.5	25
	chrIII	295082	1	0.5	25
	chrIII	295088	0	0.5	25
	chrIII	295097	1	0.5	25
	chrIII	295101	1	0.5	25
	chrIII	295139	0	0.5	24
	chrIII	295164	0	1.0	25
	chrIII	295200	0	1.0	25
	chrIII	295207	0	0.5	25
	chrIII	295244	1	0.5	25
	chrIII	295253	1	1.0	25
	chrIII	295254	1	0.5	25
	chrIII	295255	1	0.5	25
	chrIII	295260	1	0.5	25
	chrIII	295262	1	1.0	25
	chrIII	295265	0	0.5	25
	chrIII	295281	0	0.5	25
	chrIII	295358	1	0.5	25
	chrIII	295365	0	0.5	25
	chrIII	295366	0	0.5	25
	chrIII	295366	1	0.5	25
	chrIII	295413	0	0.5	25
	chrIII	295444	1	0.5	25
	chrIII	295448	0	0.5	25
	chrIII	295451	0	0.5	25
	chrIII	295466	0	0.5	25
	chrIII	295469	1	0.5	25
	chrIII	295473	1	0.5	25
	chrIII	295504	0	1.0	25
	chrIII	295505	0	0.5	25
	chrIII	295519	1	0.5	25
	chrIII	295521	0	1.0	25
	chrIII	295544	1	0.5	25
	chrIII	295569	1	0.5	25
	chrIII	295571	1	0.5	25
	chrIII	295572	0	1.0	25
	chrIII	295583	1	0.5	25
	chrIII	295585	0	0.5	25
	chrIII	295594	0	0.5	25
	chrIII	295601	0	0.5	25
	chrIII	295605	0	1.0	25
	chrIII	295610	0	0.5	25
	chrIII	295625	0	0.5	25
	chrIII	295627	1	0.5	25
	chrIII	295634	0	1.0	25
	chrIII	295636	0	1.0	25
	chrIII	295637	1	0.5	25
	chrIII	295643	1	0.5	25
	chrIII	295654	1	0.5	25
	chrIII	295658	1	0.5	25
	chrIII	295662	1	0.5	25
	chrIII	295673	0	0.5	25
	chrIII	295679	0	0.5	25
	chrIII	295680	1	0.5	25
	chrIII	295682	0	0.5	25
	chrIII	295683	1	1.0	25
	chrIII	295685	1	0.5	25
	chrIII	295689	0	0.5	25
	chrIII	295705	0	0.5	25
	chrIII	295723	1	0.5	25
	chrIII	295725	0	0.5	25
	chrIII	295725	1	1.0	25
	chrIII	295726	0	0.5	25
	chrIII	295734	0	1.0	25
	chrIII	295737	0	0.5	25
	chrIII	295739	1	0.5	25
	chrIII	295748	1	0.5	25
	chrIII	295769	0	0.5	25
	chrIII	295788	1	1.0	25
	chrIII	295796	0	0.5	25
	chrIII	295797	0	0.5	25
	chrIII	295799	1	0.5	25
	chrIII	295801	1	0.5	25
	chrIII	295808	1	0.5	25
	chrIII	295813	1	0.5	25
	chrIII	295821	1	0.5	25
	chrIII	295823	1	1.0	25
	chrIII	295828	1	0.5	25
	chrIII	295829	1	0.5	25
	chrIII	295830	0	0.5	25
	chrIII	295844	1	0.5	25
	chrIII	295879	0	0.5	25
	chrIII	295882	0	0.5	25
	chrIII	295901	1	0.5	25
	chrIII	295936	1	1.0	25
	chrIII	295995	1	0.5	25
	chrIII	295998	0	0.5	25
	chrIII	296001	0	0.5	25
	chrIII	296013	0	0.5	25
	chrIII	296043	0	0.5	25
	chrIII	296045	0	0.5	25
	chrIII	296054	1	0.5	25
	chrIII	296057	0	0.5	25
	chrIII	296059	0	0.5	25
	chrIII	296064	0	0.5	25
	chrIII	296075	0	0.5	25
	chrIII	296079	1	0.5	25
	chrIII	296102	0	0.5	25
	chrIII	296123	1	0.5	25
	chrIII	296127	1	0.5	25
	chrIII	296128	1	0.5	25
	chrIII	296129	0	0.5	25
	chrIII	296131	1	0.5	25
	chrIII	296134	1	0.5	25
	chrIII	296145	0	0.5	25
	chrIII	296151	1	0.5	25
	chrIII	296152	0	0.5	25
	chrIII	296153	1	0.5	25
	chrIII	296154	0	0.5	25
	chrIII	296160	1	0.5	25
	chrIII	296180	1	0.5	25
	chrIII	296181	0	0.5	25
	chrIII	296205	0	0.5	25
	chrIII	296207	1	0.5	25
	chrIII	296211	1	0.5	25
	chrIII	296212	0	0.5	25
	chrIII	296231	1	0.5	25
	chrIII	296239	0	0.5	25
	chrIII	296253	1	0.5	25
	chrIII	296262	1	0.5	25
	chrIII	296300	1	0.5	25
	chrIII	296313	1	0.5	25
	chrIII	296353	0	1.0	25
	chrIII	296410	0	0.5	25
	chrIII	296411	0	0.5	25
	chrIII	296466	0	0.5	25
	chrIII	296492	0	0.5	25
	chrIII	296494	0	0.5	25
	chrIII	296502	0	1.0	25
	chrIII	296506	1	0.5	25
	chrIII	296516	1	0.5	25
	chrIII	296533	1	0.5	25
	chrIII	296535	0	0.5	25
	chrIII	296535	1	0.5	25
	chrIII	296538	0	0.5	25
	chrIII	296538	1	1.0	25
	chrIII	296541	0	1.0	25
	chrIII	296548	0	0.5	25
	chrIII	296552	0	0.5	25
	chrIII	296580	0	0.5	25
	chrIII	296585	1	0.5	25
	chrIII	296588	1	1.0	25
	chrIII	296593	1	0.5	25
	chrIII	296611	1	0.5	25
	chrIII	296614	1	1.0	25
	chrIII	296616	1	1.0	25
	chrIII	296635	0	0.5	25
	chrIII	296648	0	0.5	25
	chrIII	296650	0	0.5	25
	chrIII	296652	0	0.5	25
	chrIII	296655	1	0.5	25
	chrIII	296665	0	0.5	25
	chrIII	296692	0	0.5	25
	chrIII	296694	0	0.5	25
	chrIII	296697	1	0.5	25
	chrIII	296698	1	0.5	25
	chrIII	296719	0	0.5	25
	chrIII	296730	1	0.5	25
	chrIII	296732	1	0.5	25
	chrIII	296752	1	0.5	25
	chrIII	296779	0	0.5	25
	chrIII	296802	1	0.5	25
	chrIII	296806	1	0.5	25
	chrIII	296818	0	0.5	25
	chrIII	296837	1	0.5	25
	chrIII	296842	0	0.5	25
	chrIII	296846	1	0.5	25
	chrIII	296861	0	0.5	25
	chrIII	296871	1	0.5	25
	chrIII	296875	0	0.5	25
	chrIII	296887	0	0.5	25
	chrIII	296904	1	0.5	25
	chrIII	296908	0	1.0	25
	chrIII	296915	1	0.5	25
	chrIII	296931	1	0.5	25
	chrIII	296941	0	0.5	25
	chrIII	296945	0	1.5	25
	chrIII	296946	0	0.5	25
	chrIII	296950	1	0.5	25
	chrIII	296954	1	0.5	25
	chrIII	296959	0	0.5	25
	chrIII	296988	0	0.5	25
	chrIII	296991	1	1.0	25
	chrIII	296994	1	1.0	25
	chrIII	296995	1	0.5	25
	chrIII	296996	1	0.5	25
	chrIII	297006	0	0.5	25
	chrIII	297010	1	0.5	25
	chrIII	297023	1	0.5	25
	chrIII	297041	0	1.0	25
	chrIII	297074	1	0.5	25
	chrIII	297095	1	0.5	25
	chrIII	297102	0	0.5	25
	chrIII	297107	0	0.5	25
	chrIII	297140	1	1.0	25
	chrIII	297146	0	0.5	25
	chrIII	297175	0	0.5	25
	chrIII	297183	1	0.5	25
	chrIII	297245	0	0.5	25
	chrIII	297263	1	0.5	25
	chrIII	297281	0	0.5	25
	chrIII	297285	1	0.5	25
	chrIII	297308	0	0.5	25
	chrIII	297309	1	0.5	25
	chrIII	297336	1	0.5	25
	chrIII	297361	0	0.5	25
	chrIII	297369	1	0.5	25
	chrIII	297443	0	0.5	25
	chrIII	297469	0	0.5	25
	chrIII	297480	0	0.5	25
	chrIII	297481	1	0.5	25
	chrIII	297525	0	0.5	25
	chrIII	297526	0	1.0	25
	chrIII	297538	1	0.5	25
	chrIII	297561	1	0.5	25
	chrIII	297569	1	0.5	25
	chrIII	297596	1	0.5	25
	chrIII	297598	1	0.5	25
	chrIII	297610	1	0.5	25
	chrIII	297620	1	0.5	25
	chrIII	297675	0	0.5	25
	chrIII	297693	0	0.5	25
	chrIII	297720	1	0.5	25
	chrIII	297735	0	0.5	25
	chrIII	297745	0	0.5	25
	chrIII	297749	0	0.5	25
	chrIII	297775	0	0.5	25
	chrIII	297782	0	0.5	25
	chrIII	297797	0	1.0	25
	chrIII	297806	1	0.5	25
	chrIII	297822	0	0.5	25
	chrIII	297833	1	0.5	25
	chrIII	297835	0	0.5	25
	chrIII	297835	1	0.5	25
	chrIII	297847	0	0.5	23
	chrIII	297852	0	0.5	25
	chrIII	297855	0	0.5	25
	chrIII	297855	1	0.5	25
	chrIII	297859	0	0.5	25
	chrIII	297860	1	1.0	25
	chrIII	297862	1	0.5	25
	chrIII	297867	0	0.5	25
	chrIII	297870	1	0.5	25
	chrIII	297874	0	1.0	25
	chrIII	297881	1	0.5	25
	chrIII	297884	0	0.5	25
	chrIII	297891	1	0.5	25
	chrIII	297903	1	0.5	25
	chrIII	297909	0	0.5	25
	chrIII	297912	1	0.5	25
	chrIII	297920	1	0.5	25
	chrIII	297928	1	0.5	25
	chrIII	297965	0	0.5	25
	chrIII	297968	1	0.5	25
	chrIII	297982	1	1.0	25
	chrIII	297988	0	0.5	25
	chrIII	298009	0	0.5	25
	chrIII	298019	0	0.5	25
	chrIII	298037	1	0.5	25
	chrIII	298042	0	0.5	25
	chrIII	298049	0	0.5	25
	chrIII	298060	1	0.5	25
	chrIII	298061	1	0.5	25
	chrIII	298069	1	0.5	25
	chrIII	298076	0	0.5	25
	chrIII	298092	0	0.5	25
	chrIII	298101	1	0.5	25
	chrIII	298102	1	0.5	25
	chrIII	298126	1	0.5	25
	chrIII	298162	0	1.0	25
	chrIII	298169	0	1.0	25
	chrIII	298171	0	0.5	25
	chrIII	298230	1	0.5	25
	chrIII	298235	1	0.5	25
	chrIII	298239	1	0.5	25
	chrIII	298258	1	0.5	25
	chrIII	298261	0	0.5	25
	chrIII	298268	0	0.5	25
	chrIII	298273	0	0.5	25
	chrIII	298277	0	0.5	25
	chrIII	298297	1	1.0	25
	chrIII	298301	0	0.5	25
	chrIII	298304	0	0.5	25
	chrIII	298320	0	0.5	25
	chrIII	298325	0	0.5	25
	chrIII	298345	1	0.5	25
	chrIII	298362	1	0.5	25
	chrIII	298364	1	1.0	25
	chrIII	298365	0	0.5	25
	chrIII	298385	1	0.5	25
	chrIII	298406	0	0.5	25
	chrIII	298406	1	0.5	25
	chrIII	298408	0	1.5	25
	chrIII	298427	1	0.5	25
	chrIII	298439	0	0.5	25
	chrIII	298462	1	0.5	25
	chrIII	298467	1	0.5	25
	chrIII	298469	0	0.5	25
	chrIII	298478	1	1.5	25
	chrIII	298479	0	1.0	25
	chrIII	298519	1	0.5	25
	chrIII	298536	1	0.5	25
	chrIII	298539	1	0.5	25
	chrIII	298540	0	0.5	25
	chrIII	298580	0	1.0	25
	chrIII	298603	1	0.5	25
	chrIII	298611	0	1.0	25
	chrIII	298620	1	1.0	25
	chrIII	298627	1	0.5	25
	chrIII	298634	1	0.5	25
	chrIII	298674	0	0.5	25
	chrIII	298677	1	1.0	25
	chrIII	298756	1	1.0	25
	chrIII	298758	0	0.5	25
	chrIII	298782	0	0.5	25
	chrIII	298799	0	0.5	25
	chrIII	298813	0	0.5	25
	chrIII	298813	1	0.5	25
	chrIII	298835	0	1.0	25
	chrIII	298841	1	0.5	25
	chrIII	298844	1	0.5	25
	chrIII	298866	0	1.0	25
	chrIII	298887	0	0.5	25
	chrIII	298904	1	1.0	25
	chrIII	298906	1	0.5	25
	chrIII	298915	0	0.5	25
	chrIII	298921	1	0.5	25
	chrIII	298929	0	0.5	25
	chrIII	298930	0	0.5	25
	chrIII	298954	0	0.5	25
	chrIII	298956	0	1.0	25
	chrIII	298961	0	0.5	25
	chrIII	298973	0	0.5	25
	chrIII	298998	1	0.5	25
	chrIII	299001	0	0.5	25
	chrIII	299004	1	0.5	25
	chrIII	299024	1	1.0	25
	chrIII	299033	0	0.5	25
	chrIII	299038	1	1.0	25
	chrIII	299040	0	0.5	25
	chrIII	299041	0	0.5	25
	chrIII	299056	1	0.5	25
	chrIII	299062	0	0.5	25
	chrIII	299072	0	0.5	25
	chrIII	299073	0	0.5	25
	chrIII	299073	1	0.5	25
	chrIII	299075	0	0.5	25
	chrIII	299095	0	0.5	25
	chrIII	299104	0	1.0	25
	chrIII	299106	1	1.0	25
	chrIII	299109	0	0.5	25
	chrIII	299116	0	1.5	25
	chrIII	299124	0	0.5	25
	chrIII	299126	0	0.5	25
	chrIII	299139	0	0.5	25
	chrIII	299139	1	1.5	25
	chrIII	299161	1	0.5	25
	chrIII	299163	1	0.5	25
	chrIII	299164	0	1.0	25
	chrIII	299170	1	0.5	25
	chrIII	299172	1	0.5	25
	chrIII	299181	1	0.5	25
	chrIII	299186	0	0.5	25
	chrIII	299187	0	0.5	25
	chrIII	299187	1	0.5	25
	chrIII	299200	1	0.5	25
	chrIII	299201	1	0.5	25
	chrIII	299202	1	1.0	25
	chrIII	299207	1	1.0	25
	chrIII	299208	1	1.0	25
	chrIII	299209	0	0.5	25
	chrIII	299222	1	0.5	25
	chrIII	299231	1	0.5	25
	chrIII	299261	1	0.5	25
	chrIII	299288	0	1.0	25
	chrIII	299298	1	0.5	25
	chrIII	299333	0	0.5	25
	chrIII	299341	0	0.5	25
	chrIII	299345	0	0.5	25
	chrIII	299352	1	1.0	25
	chrIII	299365	0	0.5	25
	chrIII	299367	0	1.0	25
	chrIII	299380	1	0.5	25
	chrIII	299381	0	0.5	25
	chrIII	299389	1	0.5	25
	chrIII	299390	0	0.5	25
	chrIII	299392	0	0.5	25
	chrIII	299394	0	0.5	25
	chrIII	299412	0	0.5	25
	chrIII	299414	0	0.5	25
	chrIII	299418	1	1.0	25
	chrIII	299419	0	0.5	25
	chrIII	299427	1	0.5	25
	chrIII	299428	1	1.5	25
	chrIII	299448	1	1.0	25
	chrIII	299449	1	0.5	25
	chrIII	299462	1	0.5	25
	chrIII	299476	0	0.5	25
	chrIII	299481	1	0.5	25
	chrIII	299483	0	0.5	25
	chrIII	299484	0	0.5	25
	chrIII	299497	1	0.5	25
	chrIII	299531	0	0.5	25
	chrIII	299543	1	0.5	25
	chrIII	299544	0	0.5	25
	chrIII	299550	1	0.5	25
	chrIII	299551	0	0.5	25
	chrIII	299584	0	0.5	25
	chrIII	299586	1	0.5	25
	chrIII	299590	0	1.0	25
	chrIII	299593	1	0.5	25
	chrIII	299603	1	1.0	25
	chrIII	299618	1	0.5	25
	chrIII	299620	1	0.5	25
	chrIII	299648	0	0.5	25
	chrIII	299664	0	0.5	25
	chrIII	299665	0	0.5	25
	chrIII	299669	1	0.5	25
	chrIII	299676	1	1.0	25
	chrIII	299681	0	0.5	25
	chrIII	299715	0	0.5	25
	chrIII	299723	1	0.5	25
	chrIII	299727	0	0.5	25
	chrIII	299728	0	0.5	25
	chrIII	299729	1	0.5	25
	chrIII	299733	1	0.5	25
	chrIII	299755	0	0.5	25
	chrIII	299757	0	1.0	25
	chrIII	299778	1	0.5	25
	chrIII	299784	1	0.5	25
	chrIII	299796	1	0.5	25
	chrIII	299816	1	0.5	25
	chrIII	299817	0	0.5	25
	chrIII	299820	1	0.5	25
	chrIII	299826	1	0.5	25
	chrIII	299827	0	0.5	25
	chrIII	299840	0	0.5	25
	chrIII	299863	0	0.5	25
	chrIII	299880	1	0.5	25
	chrIII	299891	1	0.5	25
	chrIII	299892	1	0.5	25
	chrIII	299900	0	0.5	25
	chrIII	299900	1	0.5	25
	chrIII	299939	1	0.5	25
	chrIII	299944	1	0.5	25
	chrIII	299947	0	0.5	25
	chrIII	299962	0	1.0	25
	chrIII	299966	0	0.5	25
	chrIII	299974	0	0.5	25
	chrIII	299976	0	0.5	25
	chrIII	300002	0	0.5	25
	chrIII	300020	1	0.5	25
	chrIII	300021	0	0.5	25
	chrIII	300037	1	0.5	25
	chrIII	300050	1	0.5	25
	chrIII	300057	1	1.0	25
	chrIII	300063	1	0.5	25
	chrIII	300071	1	0.5	25
	chrIII	300092	1	0.5	25
	chrIII	300129	0	0.5	25
	chrIII	300170	0	0.5	25
	chrIII	300179	1	0.5	25
	chrIII	300210	0	0.5	25
	chrIII	300212	1	0.5	25
	chrIII	300220	0	0.5	25
	chrIII	300225	0	0.5	25
	chrIII	300235	0	0.5	25
	chrIII	300256	0	0.5	25
	chrIII	300271	1	0.5	25
	chrIII	300273	0	0.5	25
	chrIII	300276	0	0.5	25
	chrIII	300277	0	0.5	25
	chrIII	300302	1	0.5	25
	chrIII	300303	1	0.5	25
	chrIII	300333	1	0.5	25
	chrIII	300343	0	0.5	25
	chrIII	300345	1	0.5	25
	chrIII	300362	1	0.5	25
	chrIII	300377	1	0.5	25
	chrIII	300436	0	0.5	25
	chrIII	300444	1	0.5	25
	chrIII	300468	0	0.5	25
	chrIII	300544	0	0.5	25
	chrIII	300563	1	0.5	25
	chrIII	300597	1	0.5	25
	chrIII	300599	0	1.0	25
	chrIII	300600	1	0.5	25
	chrIII	300617	1	0.5	25
	chrIII	300623	0	0.5	25
	chrIII	300644	0	0.5	25
	chrIII	300661	1	0.5	25
	chrIII	300672	1	0.5	25
	chrIII	300682	1	0.5	25
	chrIII	300699	0	0.5	25
	chrIII	300711	0	0.5	25
	chrIII	300727	0	0.5	25
	chrIII	300741	1	0.5	25
	chrIII	300752	0	0.5	25
	chrIII	300772	1	0.5	25
	chrIII	300776	0	0.5	25
	chrIII	300788	0	0.5	25
	chrIII	300790	1	0.5	25
	chrIII	300833	0	0.5	25
	chrIII	300850	1	0.5	25
	chrIII	300855	1	0.5	25
	chrIII	300866	0	0.5	25
	chrIII	300880	1	0.5	25
	chrIII	300891	1	0.5	25
	chrIII	300941	1	0.5	25
	chrIII	300944	1	0.5	25
	chrIII	301040	0	0.5	25
	chrIII	301119	1	0.5	25
	chrIII	301148	0	0.5	25
	chrIII	301162	0	0.5	25
	chrIII	301167	0	1.0	25
	chrIII	301217	1	0.5	25
	chrIII	301223	0	0.5	25
	chrIII	301224	0	0.5	25
	chrIII	301252	1	0.5	25
	chrIII	301290	1	0.5	25
	chrIII	301300	0	0.5	25
	chrIII	301318	1	1.5	25
	chrIII	301360	0	0.5	25
	chrIII	301388	0	0.5	25
	chrIII	301410	1	0.5	25
	chrIII	301426	1	0.5	25
	chrIII	301437	1	0.5	25
	chrIII	301439	0	0.5	25
	chrIII	301464	0	0.5	25
	chrIII	301474	0	0.5	25
	chrIII	301479	0	0.5	25
	chrIII	301482	0	0.5	25
	chrIII	301507	1	0.5	25
	chrIII	301519	1	0.5	25
	chrIII	301525	1	0.5	25
	chrIII	301529	0	0.5	25
	chrIII	301534	0	0.5	25
	chrIII	301536	0	0.5	25
	chrIII	301548	0	1.0	25
	chrIII	301552	1	0.5	25
	chrIII	301563	1	0.5	25
	chrIII	301574	0	0.5	25
	chrIII	301578	0	0.5	25
	chrIII	301581	0	0.5	25
	chrIII	301586	1	0.5	25
	chrIII	301613	0	0.5	25
	chrIII	301614	0	0.5	25
	chrIII	301627	1	1.0	25
	chrIII	301635	1	0.5	25
	chrIII	301645	0	1.0	25
	chrIII	301647	1	0.5	25
	chrIII	301656	1	0.5	25
	chrIII	301675	1	0.5	25
	chrIII	301689	1	0.5	25
	chrIII	301707	1	0.5	25
	chrIII	301731	1	0.5	25
	chrIII	301736	1	1.0	25
	chrIII	301772	0	0.5	25
	chrIII	301775	0	0.5	25
	chrIII	301787	0	0.5	25
	chrIII	301807	1	0.5	25
	chrIII	301842	1	0.5	25
	chrIII	301890	0	0.5	25
	chrIII	301894	1	0.5	25
	chrIII	301899	0	0.5	25
	chrIII	301940	1	0.5	25
	chrIII	301969	1	0.5	25
	chrIII	302022	0	0.5	25
	chrIII	302079	0	0.5	25
	chrIII	302090	0	0.5	25
	chrIII	302090	1	0.5	25
	chrIII	302108	0	0.5	25
	chrIII	302111	1	0.5	25
	chrIII	302139	0	0.5	25
	chrIII	302146	0	1.0	25
	chrIII	302156	0	0.5	25
	chrIII	302194	0	0.5	25
	chrIII	302212	1	0.5	25
	chrIII	302217	1	0.5	25
	chrIII	302224	1	0.5	25
	chrIII	302228	0	0.5	25
	chrIII	302228	1	1.0	25
	chrIII	302233	1	0.5	25
	chrIII	302279	0	0.5	25
	chrIII	302292	1	0.5	25
	chrIII	302303	0	0.5	25
	chrIII	302329	1	0.5	25
	chrIII	302342	0	0.5	25
	chrIII	302373	0	0.5	25
	chrIII	302379	1	0.5	25
	chrIII	302382	1	0.5	25
	chrIII	302389	0	1.0	25
	chrIII	302407	1	0.5	25
	chrIII	302415	0	0.5	23
	chrIII	302432	0	1.0	25
	chrIII	302432	1	0.5	25
	chrIII	302436	1	1.0	25
	chrIII	302469	1	0.5	25
	chrIII	302487	0	0.5	25
	chrIII	302488	1	0.5	25
	chrIII	302489	1	0.5	25
	chrIII	302528	0	0.5	25
	chrIII	302536	0	1.0	25
	chrIII	302540	0	0.5	25
	chrIII	302551	0	0.5	25
	chrIII	302562	1	0.5	25
	chrIII	302572	0	0.5	25
	chrIII	302586	1	0.5	25
	chrIII	302591	1	0.5	25
	chrIII	302603	0	0.5	25
	chrIII	302621	1	0.5	25
	chrIII	302623	1	0.5	25
	chrIII	302643	1	1.0	25
	chrIII	302689	1	0.5	25
	chrIII	302734	0	0.5	25
	chrIII	302756	0	0.5	25
	chrIII	302790	0	1.0	25
	chrIII	302820	0	0.5	25
	chrIII	302853	1	0.5	25
	chrIII	302858	1	0.5	25
	chrIII	302861	0	0.5	25
	chrIII	302864	0	0.5	25
	chrIII	302876	0	0.5	25
	chrIII	302878	1	1.0	25
	chrIII	302887	0	1.0	25
	chrIII	302915	0	1.0	25
	chrIII	302918	0	0.5	25
	chrIII	302923	0	0.5	25
	chrIII	302928	1	0.5	25
	chrIII	302932	1	0.5	25
	chrIII	302935	0	0.5	25
	chrIII	302938	1	0.5	25
	chrIII	302950	0	0.5	25
	chrIII	302983	1	0.5	25
	chrIII	302986	1	0.5	25
	chrIII	303008	1	0.5	25
	chrIII	303009	0	0.5	25
	chrIII	303016	1	0.5	25
	chrIII	303023	1	0.5	25
	chrIII	303034	0	0.5	25
	chrIII	303044	1	0.5	25
	chrIII	303045	0	0.5	25
	chrIII	303056	0	1.5	25
	chrIII	303075	0	0.5	25
	chrIII	303083	1	0.5	25
	chrIII	303086	1	0.5	25
	chrIII	303089	0	1.0	25
	chrIII	303089	1	0.5	25
	chrIII	303093	1	0.5	25
	chrIII	303096	1	0.5	25
	chrIII	303101	1	0.5	25
	chrIII	303108	1	1.0	25
	chrIII	303132	0	0.5	25
	chrIII	303132	1	0.5	25
	chrIII	303144	0	0.5	25
	chrIII	303152	1	0.5	25
	chrIII	303156	0	0.5	25
	chrIII	303164	0	1.0	25
	chrIII	303170	0	0.5	25
	chrIII	303178	1	0.5	25
	chrIII	303182	1	0.5	25
	chrIII	303196	0	0.5	25
	chrIII	303218	1	0.5	25
	chrIII	303223	1	0.5	25
	chrIII	303229	1	0.5	25
	chrIII	303232	0	1.5	25
	chrIII	303232	1	1.0	25
	chrIII	303250	1	0.5	23
	chrIII	303277	0	0.5	25
	chrIII	303327	0	0.5	25
	chrIII	303332	1	1.5	25
	chrIII	303345	0	0.5	25
	chrIII	303353	0	0.5	25
	chrIII	303357	0	0.5	25
	chrIII	303363	1	0.5	25
	chrIII	303379	1	0.5	25
	chrIII	303383	0	0.5	25
	chrIII	303401	1	0.5	25
	chrIII	303405	0	0.5	25
	chrIII	303418	0	0.5	25
	chrIII	303438	1	0.5	25
	chrIII	303451	0	0.5	25
	chrIII	303456	0	1.0	25
	chrIII	303465	1	0.5	25
	chrIII	303466	0	0.5	25
	chrIII	303486	0	0.5	25
	chrIII	303506	1	0.5	25
	chrIII	303513	1	0.5	25
	chrIII	303517	0	0.5	25
	chrIII	303531	0	0.5	25
	chrIII	303537	1	2.0	25
	chrIII	303539	0	0.5	25
	chrIII	303555	0	0.5	25
	chrIII	303573	1	0.5	25
	chrIII	303597	1	0.5	25
	chrIII	303600	1	0.5	25
	chrIII	303602	0	0.5	25
	chrIII	303602	1	0.5	25
	chrIII	303609	0	1.0	25
	chrIII	303614	1	0.5	25
	chrIII	303617	0	0.5	25
	chrIII	303632	0	0.5	25
	chrIII	303634	0	0.5	25
	chrIII	303656	1	0.5	25
	chrIII	303660	0	0.5	25
	chrIII	303663	1	0.5	25
	chrIII	303667	0	0.5	25
	chrIII	303676	0	0.5	25
	chrIII	303684	1	0.5	25
	chrIII	303720	0	0.5	25
	chrIII	303722	1	0.5	25
	chrIII	303723	0	0.5	25
	chrIII	303727	0	0.5	25
	chrIII	303731	1	0.5	25
	chrIII	303737	0	0.5	25
	chrIII	303737	1	0.5	25
	chrIII	303739	1	0.5	25
	chrIII	303740	0	1.0	25
	chrIII	303745	0	0.5	25
	chrIII	303746	1	0.5	24
	chrIII	303746	1	0.5	25
	chrIII	303774	1	0.5	25
	chrIII	303778	0	0.5	25
	chrIII	303786	1	0.5	25
	chrIII	303788	0	0.5	25
	chrIII	303795	1	0.5	25
	chrIII	303799	1	1.0	25
	chrIII	303800	1	1.0	25
	chrIII	303804	1	0.5	25
	chrIII	303819	0	0.5	25
	chrIII	303854	0	0.5	25
	chrIII	303857	1	0.5	25
	chrIII	303861	1	0.5	25
	chrIII	303886	0	1.0	25
	chrIII	303888	0	0.5	25
	chrIII	303889	0	0.5	25
	chrIII	303891	0	1.0	25
	chrIII	303905	0	0.5	25
	chrIII	303943	1	0.5	25
	chrIII	303950	1	0.5	25
	chrIII	303951	0	1.5	25
	chrIII	303955	0	0.5	25
	chrIII	303958	1	1.5	25
	chrIII	303959	0	1.0	25
	chrIII	303959	1	1.0	25
	chrIII	303960	0	2.0	25
	chrIII	303960	1	0.5	25
	chrIII	303965	0	0.5	25
	chrIII	303966	0	0.5	25
	chrIII	303973	0	0.5	25
	chrIII	303975	0	0.5	25
	chrIII	303976	0	2.5	25
	chrIII	303978	0	0.5	25
	chrIII	303998	1	0.5	25
	chrIII	304006	0	0.5	25
	chrIII	304012	0	0.5	25
	chrIII	304019	1	0.5	25
	chrIII	304020	1	0.5	25
	chrIII	304021	1	0.5	25
	chrIII	304022	1	0.5	25
	chrIII	304024	1	1.0	25
	chrIII	304028	1	0.5	25
	chrIII	304029	1	0.5	25
	chrIII	304039	1	3.0	25
	chrIII	304040	1	0.5	25
	chrIII	304054	1	1.0	25
	chrIII	304055	1	0.5	25
	chrIII	304102	1	0.5	25
	chrIII	304126	1	0.5	25
	chrIII	304142	0	0.5	25
	chrIII	304172	1	0.5	25
	chrIII	304220	1	0.5	25
	chrIII	304245	1	0.5	25
	chrIII	304256	0	1.0	25
	chrIII	304322	1	0.5	25
	chrIII	304329	1	0.5	25
	chrIII	304347	0	0.5	25
	chrIII	304351	0	0.5	25
	chrIII	304359	0	0.5	25
	chrIII	304365	0	0.5	25
	chrIII	304367	0	0.5	25
	chrIII	304399	1	0.5	25
	chrIII	304409	0	0.5	25
	chrIII	304428	1	0.5	25
	chrIII	304432	1	0.5	25
	chrIII	304459	1	0.5	25
	chrIII	304469	0	0.5	25
	chrIII	304478	0	0.5	25
	chrIII	304500	1	0.5	25
	chrIII	304522	0	0.5	25
	chrIII	304560	0	0.5	25
	chrIII	304561	1	0.5	25
	chrIII	304568	1	0.5	25
	chrIII	304577	0	0.5	25
	chrIII	304589	1	0.5	25
	chrIII	304594	0	0.5	25
	chrIII	304616	0	0.5	25
	chrIII	304621	1	0.5	25
	chrIII	304633	1	0.5	25
	chrIII	304635	1	0.5	25
	chrIII	304652	0	0.5	25
	chrIII	304655	1	0.5	25
	chrIII	304665	1	0.5	25
	chrIII	304744	1	0.5	25
	chrIII	304754	1	0.5	25
	chrIII	304794	0	0.5	25
	chrIII	304934	0	0.5	25
	chrIII	304940	0	0.5	25
	chrIII	304957	1	0.5	25
	chrIII	304978	0	0.5	25
	chrIII	305024	0	0.5	25
	chrIII	305050	1	0.5	25
	chrIII	305051	1	0.5	25
	chrIII	305068	1	0.5	25
	chrIII	305069	1	0.5	25
	chrIII	305082	0	0.5	25
	chrIII	305102	0	0.5	25
	chrIII	305139	1	0.5	25
	chrIII	305140	0	0.5	25
	chrIII	305213	0	0.5	25
	chrIII	305237	1	0.5	25
	chrIII	305249	0	0.5	25
	chrIII	305252	0	0.5	25
	chrIII	305274	0	0.5	25
	chrIII	305279	1	0.5	25
	chrIII	305299	0	0.5	25
	chrIII	305319	1	0.5	25
	chrIII	305321	1	0.5	25
	chrIII	305330	1	0.5	25
	chrIII	305332	0	0.5	25
	chrIII	305360	0	0.5	25
	chrIII	305362	1	0.5	25
	chrIII	305379	0	0.5	25
	chrIII	305386	1	0.5	25
	chrIII	305388	0	0.5	25
	chrIII	305402	0	0.5	25
	chrIII	305419	0	0.5	25
	chrIII	305421	0	0.5	25
	chrIII	305450	1	0.5	25
	chrIII	305461	0	1.0	25
	chrIII	305461	1	0.5	25
	chrIII	305464	1	0.5	25
	chrIII	305470	0	0.5	25
	chrIII	305492	1	0.5	25
	chrIII	305495	1	0.5	25
	chrIII	305505	0	0.5	25
	chrIII	305549	1	0.5	25
	chrIII	305553	0	0.5	25
	chrIII	305559	0	0.5	25
	chrIII	305569	1	1.0	25
	chrIII	305574	1	0.5	25
	chrIII	305583	1	1.0	25
	chrIII	305597	0	0.5	25
	chrIII	305615	1	0.5	25
	chrIII	305627	0	0.5	25
	chrIII	305634	0	0.5	25
	chrIII	305657	0	0.5	25
	chrIII	305662	0	0.5	25
	chrIII	305662	1	0.5	25
	chrIII	305669	1	0.5	25
	chrIII	305677	1	0.5	25
	chrIII	305681	0	1.0	25
	chrIII	305739	0	1.0	25
	chrIII	305739	1	0.5	25
	chrIII	305740	0	1.5	25
	chrIII	305741	0	0.5	25
	chrIII	305757	0	0.5	25
	chrIII	305761	0	1.0	25
	chrIII	305762	1	1.0	25
	chrIII	305763	0	1.5	25
	chrIII	305788	1	0.5	25
	chrIII	305800	1	0.5	25
	chrIII	305802	1	1.5	25
	chrIII	305817	1	1.0	25
	chrIII	305827	1	1.0	25
	chrIII	305842	1	0.5	25
	chrIII	305860	0	0.5	25
	chrIII	305936	1	0.5	25
	chrIII	305938	1	0.5	25
	chrIII	305970	0	0.5	25
	chrIII	305998	1	0.5	25
	chrIII	306040	1	1.0	25
	chrIII	306041	0	0.5	25
	chrIII	306045	1	0.5	25
	chrIII	306046	0	1.5	25
	chrIII	306049	0	0.5	25
	chrIII	306101	0	0.5	25
	chrIII	306105	1	1.0	25
	chrIII	306106	1	0.5	25
	chrIII	306128	0	0.5	25
	chrIII	306149	1	1.0	25
	chrIII	306190	0	0.5	25
	chrIII	306200	1	0.5	25
	chrIII	306205	0	0.5	25
	chrIII	306221	0	0.5	25
	chrIII	306242	0	0.5	25
	chrIII	306248	1	0.5	25
	chrIII	306270	1	0.5	25
	chrIII	306279	0	1.0	25
	chrIII	306287	0	0.5	25
	chrIII	306303	1	0.5	25
	chrIII	306334	0	0.5	25
	chrIII	306345	1	0.5	25
	chrIII	306346	1	1.0	25
	chrIII	306364	1	0.5	25
	chrIII	306387	0	0.5	25
	chrIII	306500	0	0.5	25
	chrIII	306522	1	0.5	25
	chrIII	306535	0	1.0	25
	chrIII	306537	0	1.0	25
	chrIII	306542	1	0.5	25
	chrIII	306546	1	1.0	25
	chrIII	306596	1	1.0	25
	chrIII	306603	0	0.5	25
	chrIII	306604	0	1.0	25
	chrIII	306652	0	0.5	25
	chrIII	306666	1	1.0	25
	chrIII	306696	1	1.0	25
	chrIII	306698	0	0.5	25
	chrIII	306698	1	0.5	25
	chrIII	306703	0	0.5	25
	chrIII	306708	1	0.5	25
	chrIII	306713	0	0.5	25
	chrIII	306722	0	0.5	25
	chrIII	306759	1	0.5	25
	chrIII	306772	1	0.5	25
	chrIII	306777	0	0.5	25
	chrIII	306778	0	0.5	25
	chrIII	306796	1	0.5	25
	chrIII	306800	0	0.5	25
	chrIII	306834	1	0.5	25
	chrIII	306842	1	0.5	25
	chrIII	306864	1	0.5	25
	chrIII	306889	0	0.5	25
	chrIII	306911	1	0.5	25
	chrIII	306932	0	0.5	25
	chrIII	306938	1	0.5	25
	chrIII	307021	0	0.5	25
	chrIII	307034	0	0.5	25
	chrIII	307039	1	0.5	25
	chrIII	307044	0	0.5	25
	chrIII	307054	0	0.5	25
	chrIII	307080	0	0.5	25
	chrIII	307086	1	0.5	25
	chrIII	307091	1	0.5	25
	chrIII	307103	1	0.5	25
	chrIII	307124	1	0.5	25
	chrIII	307144	1	0.5	25
	chrIII	307227	0	0.5	25
	chrIII	307344	1	0.5	25
	chrIII	307360	0	1.5	25
	chrIII	307367	0	0.5	25
	chrIII	307368	0	0.5	25
	chrIII	307374	0	0.5	25
	chrIII	307404	0	0.5	25
	chrIII	307406	0	0.5	25
	chrIII	307407	0	0.5	25
	chrIII	307411	1	0.5	25
	chrIII	307420	0	0.5	25
	chrIII	307443	0	0.5	25
	chrIII	307444	1	1.0	25
	chrIII	307445	1	0.5	25
	chrIII	307475	1	1.0	25
	chrIII	307476	1	0.5	25
	chrIII	307477	1	1.0	25
	chrIII	307478	1	0.5	25
	chrIII	307671	1	0.5	25
	chrIII	307672	0	0.5	25
	chrIII	307676	0	0.5	25
	chrIII	307681	0	0.5	25
	chrIII	307839	0	0.5	25
	chrIII	307878	0	0.5	25
	chrIII	307890	1	0.5	25
	chrIII	307933	1	0.5	25
	chrIII	307984	0	0.5	25
	chrIII	308006	1	0.5	25
	chrIII	308023	1	0.5	25
	chrIII	308028	0	0.5	25
	chrIII	308043	1	0.5	25
	chrIII	308049	0	0.5	25
	chrIII	308051	1	0.5	25
	chrIII	308088	1	0.5	25
	chrIII	308098	0	0.5	25
	chrIII	308131	1	0.5	25
	chrIII	308185	1	0.5	25
	chrIII	308191	0	0.5	25
	chrIII	308196	0	0.5	25
	chrIII	308242	1	0.5	25
	chrIII	308269	0	0.5	25
	chrIII	308272	1	0.5	25
	chrIII	308283	0	0.5	25
	chrIII	308330	0	1.0	25
	chrIII	308356	1	0.5	25
	chrIII	308357	0	0.5	25
	chrIII	308360	1	0.5	25
	chrIII	308361	0	0.5	25
	chrIII	308380	0	0.5	25
	chrIII	308385	0	0.5	25
	chrIII	308395	0	0.5	25
	chrIII	308422	0	0.5	25
	chrIII	308423	0	0.5	25
	chrIII	308423	1	1.0	25
	chrIII	308442	1	0.5	25
	chrIII	308455	1	0.5	25
	chrIII	308481	1	0.5	25
	chrIII	308483	1	0.5	25
	chrIII	308485	0	1.0	25
	chrIII	308523	0	0.5	25
	chrIII	308524	1	0.5	25
	chrIII	308545	0	0.5	25
	chrIII	308552	0	0.5	25
	chrIII	308556	1	0.5	25
	chrIII	308563	1	1.0	25
	chrIII	308570	0	0.5	25
	chrIII	308588	1	0.5	25
	chrIII	308598	0	1.0	25
	chrIII	308599	1	0.5	25
	chrIII	308602	0	0.5	25
	chrIII	308612	1	0.5	25
	chrIII	308625	0	0.5	24
	chrIII	308625	0	0.5	25
	chrIII	308636	1	0.5	25
	chrIII	308638	1	0.5	25
	chrIII	308657	0	0.5	25
	chrIII	308665	1	1.0	25
	chrIII	308683	1	1.0	25
	chrIII	308695	1	0.5	25
	chrIII	308708	1	0.5	25
	chrIII	308714	0	0.5	25
	chrIII	308718	0	0.5	25
	chrIII	308763	1	0.5	25
	chrIII	308766	0	0.5	25
	chrIII	308766	1	0.5	25
	chrIII	308786	0	1.0	25
	chrIII	308810	0	0.5	25
	chrIII	308831	1	0.5	25
	chrIII	308845	0	0.5	25
	chrIII	308846	0	0.5	25
	chrIII	308854	0	2.0	25
	chrIII	308856	0	0.5	25
	chrIII	308869	0	1.0	25
	chrIII	308879	0	0.5	25
	chrIII	308895	1	1.0	25
	chrIII	308910	1	0.5	25
	chrIII	308920	1	0.5	25
	chrIII	308921	1	0.5	25
	chrIII	308922	1	0.5	25
	chrIII	308924	1	0.5	25
	chrIII	308945	1	1.0	25
	chrIII	308957	1	0.5	25
	chrIII	308961	0	0.5	25
	chrIII	308970	1	0.5	25
	chrIII	308985	1	1.0	25
	chrIII	309020	1	0.5	25
	chrIII	309033	0	0.5	25
	chrIII	309037	0	0.5	25
	chrIII	309048	0	0.5	25
	chrIII	309090	0	0.5	25
	chrIII	309098	0	0.5	25
	chrIII	309103	1	0.5	25
	chrIII	309114	1	0.5	25
	chrIII	309133	0	0.5	25
	chrIII	309136	1	0.5	25
	chrIII	309154	1	0.5	25
	chrIII	309178	1	0.5	25
	chrIII	309239	0	1.0	25
	chrIII	309264	0	0.5	25
	chrIII	309302	0	0.5	25
	chrIII	309308	1	1.0	25
	chrIII	309319	0	1.0	25
	chrIII	309341	0	0.5	25
	chrIII	309356	1	0.5	25
	chrIII	309361	1	0.5	25
	chrIII	309382	1	0.5	25
	chrIII	309405	0	0.5	25
	chrIII	309412	0	0.5	25
	chrIII	309460	1	0.5	25
	chrIII	309462	0	0.5	25
	chrIII	309500	1	0.5	25
	chrIII	309519	0	0.5	25
	chrIII	309522	0	0.5	25
	chrIII	309543	0	0.5	25
	chrIII	309552	1	0.5	25
	chrIII	309566	1	0.5	25
	chrIII	309570	0	0.5	25
	chrIII	309590	1	0.5	25
	chrIII	309644	1	0.5	25
	chrIII	309650	1	0.5	25
	chrIII	309671	1	0.5	25
	chrIII	309759	1	0.5	25
	chrIII	309762	0	2.0	25
	chrIII	309774	0	0.5	25
	chrIII	309791	0	0.5	25
	chrIII	309813	0	0.5	25
	chrIII	309814	1	0.5	25
	chrIII	309822	0	0.5	25
	chrIII	309831	1	1.5	25
	chrIII	309838	1	0.5	25
	chrIII	309858	1	0.5	25
	chrIII	309867	0	0.5	25
	chrIII	309867	1	0.5	25
	chrIII	309901	0	1.0	25
	chrIII	309905	1	0.5	25
	chrIII	309912	0	0.5	25
	chrIII	309920	0	0.5	25
	chrIII	309928	0	0.5	25
	chrIII	309947	0	0.5	25
	chrIII	309960	0	0.5	25
	chrIII	309964	0	0.5	25
	chrIII	309964	1	0.5	25
	chrIII	309981	0	0.5	25
	chrIII	309995	1	0.5	25
	chrIII	309998	1	0.5	25
	chrIII	310001	1	0.5	25
	chrIII	310002	0	1.5	25
	chrIII	310003	0	1.5	25
	chrIII	310003	1	0.5	25
	chrIII	310004	1	0.5	25
	chrIII	310006	0	0.5	25
	chrIII	310010	0	1.0	25
	chrIII	310029	1	1.0	25
	chrIII	310031	1	0.5	25
	chrIII	310034	0	0.5	25
	chrIII	310034	1	0.5	25
	chrIII	310036	0	0.5	25
	chrIII	310054	0	1.0	25
	chrIII	310056	1	0.5	25
	chrIII	310076	1	1.0	25
	chrIII	310082	1	1.0	25
	chrIII	310086	1	2.0	25
	chrIII	310093	1	0.5	25
	chrIII	310096	0	0.5	25
	chrIII	310107	1	0.5	25
	chrIII	310113	1	0.5	25
	chrIII	310124	0	0.5	25
	chrIII	310149	0	0.5	25
	chrIII	310160	1	0.5	25
	chrIII	310163	0	0.5	25
	chrIII	310167	0	0.5	25
	chrIII	310169	1	0.5	25
	chrIII	310178	0	0.5	25
	chrIII	310189	0	1.0	25
	chrIII	310190	0	0.5	25
	chrIII	310196	1	0.5	25
	chrIII	310205	1	0.5	25
	chrIII	310208	1	0.5	25
	chrIII	310224	1	0.5	25
	chrIII	310226	0	0.5	25
	chrIII	310226	1	0.5	25
	chrIII	310231	0	0.5	25
	chrIII	310234	0	1.5	25
	chrIII	310241	0	0.5	25
	chrIII	310243	0	1.0	25
	chrIII	310250	1	1.0	25
	chrIII	310254	0	0.5	25
	chrIII	310256	1	0.5	25
	chrIII	310260	0	1.0	25
	chrIII	310261	0	0.5	25
	chrIII	310266	0	0.5	25
	chrIII	310282	1	0.5	25
	chrIII	310284	0	0.5	25
	chrIII	310295	1	1.0	25
	chrIII	310297	1	0.5	25
	chrIII	310298	0	0.5	25
	chrIII	310298	1	0.5	25
	chrIII	310299	1	0.5	25
	chrIII	310300	0	0.5	25
	chrIII	310300	1	0.5	24
	chrIII	310300	1	0.5	25
	chrIII	310302	0	1.0	25
	chrIII	310302	1	0.5	25
	chrIII	310304	0	0.5	25
	chrIII	310313	1	0.5	25
	chrIII	310321	0	0.5	25
	chrIII	310322	1	0.5	25
	chrIII	310335	1	0.5	25
	chrIII	310337	0	0.5	25
	chrIII	310340	1	0.5	25
	chrIII	310341	0	0.5	25
	chrIII	310341	1	0.5	25
	chrIII	310359	1	1.0	25
	chrIII	310366	1	0.5	25
	chrIII	310372	0	0.5	25
	chrIII	310383	1	0.5	25
	chrIII	310392	1	1.5	25
	chrIII	310404	1	0.5	25
	chrIII	310406	0	0.5	25
	chrIII	310406	1	0.5	25
	chrIII	310414	0	0.5	25
	chrIII	310419	0	0.5	25
	chrIII	310434	0	0.5	25
	chrIII	310441	1	0.5	25
	chrIII	310475	1	0.5	25
	chrIII	310476	1	0.5	25
	chrIII	310491	1	0.5	25
	chrIII	310502	1	0.5	25
	chrIII	310513	0	0.5	25
	chrIII	310524	0	0.5	25
	chrIII	310569	0	0.5	25
	chrIII	310590	1	0.5	25
	chrIII	310615	1	0.5	25
	chrIII	310634	0	0.5	25
	chrIII	310636	0	0.5	25
	chrIII	310638	0	0.5	25
	chrIII	310653	0	0.5	25
	chrIII	310683	1	0.5	25
	chrIII	310691	1	0.5	25
	chrIII	310699	0	1.0	25
	chrIII	310709	1	0.5	25
	chrIII	310718	0	0.5	25
	chrIII	310724	0	0.5	25
	chrIII	310729	0	0.5	25
	chrIII	310733	1	0.5	25
	chrIII	310743	1	0.5	25
	chrIII	310769	0	1.0	25
	chrIII	310769	1	0.5	25
	chrIII	310774	0	0.5	25
	chrIII	310782	1	0.5	25
	chrIII	310784	0	0.5	25
	chrIII	310787	1	0.5	25
	chrIII	310793	0	0.5	25
	chrIII	310799	0	0.5	25
	chrIII	310800	0	0.5	25
	chrIII	310803	0	1.0	25
	chrIII	310808	0	4.0	25
	chrIII	310825	0	0.5	25
	chrIII	310826	0	1.0	25
	chrIII	310828	0	1.5	25
	chrIII	310829	0	0.5	25
	chrIII	310835	1	1.0	25
	chrIII	310836	0	0.5	25
	chrIII	310837	0	0.5	25
	chrIII	310838	0	1.0	25
	chrIII	310840	0	1.0	25
	chrIII	310841	0	1.0	25
	chrIII	310861	0	0.5	25
	chrIII	310863	1	0.5	25
	chrIII	310872	1	1.0	25
	chrIII	310873	1	0.5	25
	chrIII	310876	1	1.5	25
	chrIII	310877	1	1.0	25
	chrIII	310880	1	0.5	25
	chrIII	310884	1	0.5	25
	chrIII	310885	1	0.5	25
	chrIII	310890	1	0.5	25
	chrIII	310891	1	3.5	25
	chrIII	310892	1	0.5	25
	chrIII	310893	1	0.5	25
	chrIII	310900	1	3.0	25
	chrIII	310903	1	0.5	25
	chrIII	310904	1	0.5	25
	chrIII	310905	0	0.5	25
	chrIII	310908	1	0.5	25
	chrIII	310920	0	0.5	25
	chrIII	310937	0	0.5	25
	chrIII	310943	1	0.5	25
	chrIII	310972	0	0.5	25
	chrIII	311008	0	0.5	25
	chrIII	311008	1	0.5	25
	chrIII	311021	1	0.5	25
	chrIII	311064	1	0.5	25
	chrIII	311067	1	0.5	25
	chrIII	311074	1	0.5	25
	chrIII	311077	0	0.5	25
	chrIII	311085	1	0.5	25
	chrIII	311199	0	0.5	25
	chrIII	311236	0	0.5	25
	chrIII	311239	1	0.5	25
	chrIII	311240	0	0.5	25
	chrIII	311272	0	0.5	25
	chrIII	311320	1	0.5	25
	chrIII	311391	1	0.5	25
	chrIII	311416	1	0.5	25
	chrIII	311445	0	0.5	25
	chrIII	311461	0	0.5	25
	chrIII	311491	0	0.5	25
	chrIII	311532	1	0.5	25
	chrIII	311537	0	0.5	25
	chrIII	311547	1	0.5	25
	chrIII	311561	1	0.5	25
	chrIII	311579	1	0.5	25
	chrIII	311610	1	0.5	25
	chrIII	311654	0	0.5	25
	chrIII	311695	1	0.5	25
	chrIII	311724	0	0.5	25
	chrIII	311728	0	0.5	25
	chrIII	311753	0	0.5	25
	chrIII	311756	0	0.5	25
	chrIII	311798	1	0.5	25
	chrIII	311814	1	0.5	25
	chrIII	311832	0	0.5	25
	chrIII	311849	1	0.5	25
	chrIII	311883	1	0.5	25
	chrIII	311916	0	0.5	25
	chrIII	311959	0	0.5	25
	chrIII	311970	1	0.5	25
	chrIII	311989	1	0.5	25
	chrIII	312015	1	0.5	25
	chrIII	312033	0	0.5	25
	chrIII	312082	0	0.5	25
	chrIII	312095	0	0.5	25
	chrIII	312123	0	0.5	25
	chrIII	312136	0	1.0	25
	chrIII	312150	1	0.5	25
	chrIII	312159	0	1.0	25
	chrIII	312180	1	0.5	25
	chrIII	312192	1	0.5	25
	chrIII	312211	1	0.5	25
	chrIII	312228	1	0.5	25
	chrIII	312256	1	0.5	25
	chrIII	312317	1	1.0	25
	chrIII	312318	0	0.5	25
	chrIII	312392	0	1.0	25
	chrIII	312397	0	1.0	25
	chrIII	312428	1	0.5	25
	chrIII	312434	0	1.5	25
	chrIII	312437	0	0.5	25
	chrIII	312465	1	1.0	25
	chrIII	312466	1	0.5	25
	chrIII	312472	1	0.5	25
	chrIII	312489	1	0.5	25
	chrIII	312497	0	0.5	25
	chrIII	312498	1	1.0	25
	chrIII	312516	0	0.5	25
	chrIII	312547	0	0.5	25
	chrIII	312550	0	0.5	25
	chrIII	312573	1	0.5	25
	chrIII	312580	1	0.5	25
	chrIII	312588	0	0.5	25
	chrIII	312595	1	0.5	25
	chrIII	312602	1	0.5	25
	chrIII	312650	0	1.0	25
	chrIII	312658	1	0.5	25
	chrIII	312675	0	0.5	25
	chrIII	312683	0	1.0	25
	chrIII	312705	0	1.0	25
	chrIII	312710	1	0.5	25
	chrIII	312764	1	1.0	25
	chrIII	312771	1	0.5	25
	chrIII	312779	1	0.5	25
	chrIII	312784	1	0.5	25
	chrIII	312795	1	0.5	25
	chrIII	312808	1	0.5	25
	chrIII	312864	0	0.5	25
	chrIII	312865	0	0.5	25
	chrIII	312911	0	0.5	25
	chrIII	312922	0	0.5	25
	chrIII	312962	1	0.5	25
	chrIII	312964	0	0.5	25
	chrIII	312966	1	0.5	25
	chrIII	312974	0	0.5	25
	chrIII	312989	1	0.5	25
	chrIII	313029	1	0.5	25
	chrIII	313046	0	0.5	25
	chrIII	313096	1	0.5	25
	chrIII	313114	1	0.5	25
	chrIII	313120	0	1.0	25
	chrIII	313130	0	0.5	25
	chrIII	313170	1	0.5	25
	chrIII	313189	1	1.0	25
	chrIII	313194	1	0.5	25
	chrIII	313231	0	0.5	25
	chrIII	313235	0	0.5	25
	chrIII	313258	0	0.5	25
	chrIII	313287	1	0.5	25
	chrIII	313314	0	0.5	25
	chrIII	313339	1	0.5	25
	chrIII	313355	0	0.5	25
	chrIII	313362	1	0.5	25
	chrIII	313386	0	0.5	25
	chrIII	313392	0	1.0	25
	chrIII	313403	1	0.5	25
	chrIII	313441	1	0.5	25
	chrIII	313450	0	1.0	25
	chrIII	313458	0	0.5	25
	chrIII	313473	1	1.0	25
	chrIII	313480	1	0.5	25
	chrIII	313517	0	0.5	25
	chrIII	313520	0	0.5	25
	chrIII	313520	1	0.5	25
	chrIII	313521	0	0.5	25
	chrIII	313535	1	1.0	25
	chrIII	313565	0	0.5	25
	chrIII	313569	1	0.5	25
	chrIII	313581	0	0.5	25
	chrIII	313591	1	0.5	25
	chrIII	313601	0	0.5	25
	chrIII	313632	0	0.5	25
	chrIII	313637	1	0.5	25
	chrIII	313644	0	0.5	25
	chrIII	313645	0	0.5	25
	chrIII	313646	0	0.5	25
	chrIII	313665	0	0.5	25
	chrIII	313666	0	0.5	25
	chrIII	313673	1	0.5	25
	chrIII	313678	0	0.5	25
	chrIII	313685	0	0.5	25
	chrIII	313685	1	0.5	25
	chrIII	313686	1	1.0	25
	chrIII	313708	1	0.5	25
	chrIII	313709	0	0.5	25
	chrIII	313716	1	0.5	25
	chrIII	313744	0	0.5	25
	chrIII	313749	1	0.5	25
	chrIII	313759	1	0.5	25
	chrIII	313783	1	0.5	25
	chrIII	313797	0	0.5	25
	chrIII	313806	0	0.5	25
	chrIII	313819	1	0.5	25
	chrIII	313825	0	0.5	25
	chrIII	313862	1	0.5	25
	chrIII	313873	1	1.0	25
	chrIII	313887	1	0.5	25
	chrIII	313891	0	0.5	25
	chrIII	313893	1	0.5	25
	chrIII	313894	0	0.5	25
	chrIII	313922	0	0.5	25
	chrIII	313934	0	0.5	25
	chrIII	313955	1	0.5	25
	chrIII	313958	1	0.5	25
	chrIII	313963	1	0.5	25
	chrIII	313989	1	0.5	25
	chrIII	314004	0	0.5	25
	chrIII	314008	1	0.5	25
	chrIII	314018	0	0.5	25
	chrIII	314063	1	0.5	25
	chrIII	314083	1	0.5	25
	chrIII	314091	0	0.5	25
	chrIII	314101	0	1.0	25
	chrIII	314170	1	0.5	25
	chrIII	314202	1	1.0	25
	chrIII	314317	0	0.5	25
	chrIII	314377	1	0.5	25
	chrIII	314484	0	0.5	25
	chrIII	314491	0	0.5	25
	chrIII	314557	0	0.5	25
	chrIII	314559	1	0.5	25
	chrIII	314569	1	0.5	25
	chrIII	314644	0	0.5	25
	chrIII	314693	1	0.5	25
	chrIII	314697	0	0.5	25
	chrIII	314705	0	0.5	25
	chrIII	314741	0	0.5	25
	chrIII	314766	1	0.5	25
	chrIII	314769	1	0.5	25
	chrIII	314773	0	0.5	25
	chrIII	314783	0	1.0	25
	chrIII	314784	0	1.5	25
	chrIII	314791	0	0.5	25
	chrIII	314817	1	0.5	25
	chrIII	314832	1	0.5	25
	chrIII	314838	0	0.5	25
	chrIII	314846	1	1.0	25
	chrIII	314847	1	0.5	25
	chrIII	314856	1	1.0	25
	chrIII	314877	1	0.5	25
	chrIII	314886	1	0.5	25
	chrIII	314900	0	0.5	25
	chrIII	314915	0	1.0	25
	chrIII	314921	1	0.5	25
	chrIII	314951	1	0.5	25
	chrIII	314986	1	0.5	25
	chrIII	314990	0	0.5	25
	chrIII	315004	1	0.5	25
	chrIII	315005	0	0.5	25
	chrIII	315070	1	0.5	25
	chrIII	315073	1	0.5	25
	chrIII	315128	0	0.5	25
	chrIII	315160	0	0.5	25
	chrIII	315175	0	0.5	25
	chrIII	315197	0	0.5	25
	chrIII	315205	1	0.5	25
	chrIII	315223	0	1.0	25
	chrIII	315297	0	0.5	25
	chrIII	315319	0	0.5	25
	chrIII	315328	1	0.5	25
	chrIII	315340	1	0.5	25
	chrIII	315352	1	0.5	25
	chrIII	315378	1	1.0	25
	chrIII	315379	0	0.5	25
	chrIII	315390	1	0.5	25
	chrIII	315416	0	0.5	25
	chrIII	315418	0	1.0	25
	chrIII	315438	1	0.5	25
	chrIII	315468	1	0.5	25
	chrIII	315497	1	0.5	25
	chrIII	315507	1	0.5	25
	chrIII	315512	1	0.5	25
	chrIII	315553	0	2.0	25
	chrIII	315581	0	1.0	25
	chrIII	315583	0	0.5	25
	chrIII	315621	0	1.0	25
	chrIII	315623	0	0.5	25
	chrIII	315638	0	1.0	25
	chrIII	315656	1	0.5	25
	chrIII	315662	1	0.5	25
	chrIII	315676	0	0.5	25
	chrIII	315682	0	0.5	25
	chrIII	315685	1	1.0	25
	chrIII	315687	0	0.5	25
	chrIII	315703	0	0.5	25
	chrIII	315707	1	0.5	25
	chrIII	315725	1	2.0	25
	chrIII	315727	0	0.5	25
	chrIII	315730	0	0.5	25
	chrIII	315731	1	0.5	25
	chrIII	315736	0	0.5	25
	chrIII	315737	0	0.5	25
	chrIII	315746	1	1.0	25
	chrIII	315747	1	0.5	25
	chrIII	315752	0	0.5	25
	chrIII	315753	0	0.5	25
	chrIII	315755	1	0.5	25
	chrIII	315756	0	0.5	25
	chrIII	315766	0	1.0	25
	chrIII	315785	0	1.0	25
	chrIII	315786	0	0.5	25
	chrIII	315786	1	1.0	25
	chrIII	315790	0	0.5	25
	chrIII	315795	0	1.0	25
	chrIII	315797	1	0.5	25
	chrIII	315799	0	1.0	25
	chrIII	315800	0	1.0	25
	chrIII	315800	1	0.5	25
	chrIII	315801	0	0.5	25
	chrIII	315802	0	1.0	25
	chrIII	315806	0	0.5	25
	chrIII	315808	1	0.5	25
	chrIII	315811	0	0.5	25
	chrIII	315813	0	0.5	25
	chrIII	315815	1	0.5	25
	chrIII	315830	1	1.0	25
	chrIII	315857	1	1.0	25
	chrIII	315860	1	0.5	25
	chrIII	315862	1	0.5	25
	chrIII	315867	1	1.0	25
	chrIII	315868	1	3.5	25
	chrIII	315869	0	0.5	25
	chrIII	315873	1	0.5	25
	chrIII	315874	1	1.0	25
	chrIII	315876	1	0.5	25
	chrIII	315877	1	0.5	25
	chrIII	315883	0	0.5	25
	chrIII	315886	0	0.5	25
	chrIII	315892	0	0.5	25
	chrIII	315905	0	0.5	25
	chrIII	315912	0	0.5	25
	chrIII	315922	1	0.5	25
	chrIII	315927	0	0.5	25
	chrIII	315964	1	0.5	25
	chrIII	315967	1	0.5	25
	chrIII	315971	1	0.5	25
	chrIII	315990	0	0.5	25
	chrIII	315996	1	0.5	25
	chrIII	316019	0	0.5	25
	chrIII	316019	1	0.5	25
	chrIII	316020	0	0.5	25
	chrIII	316021	0	0.5	25
	chrIII	316066	1	0.5	25
	chrIII	316074	1	0.5	25
	chrIII	316090	1	0.5	25
	chrIII	316091	1	0.5	25
	chrIII	316096	0	0.5	25
	chrIII	316128	1	1.0	25
	chrIII	316136	0	0.5	25
	chrIII	316165	0	0.5	25
	chrIII	316222	1	0.5	25
	chrIII	316283	1	0.5	25
	chrIII	316307	0	0.5	25
	chrIII	316310	0	0.5	25
	chrIII	316340	0	0.5	25
	chrIII	316357	0	0.5	25
	chrIII	316387	1	0.5	25
	chrIII	316391	1	0.5	25
	chrIII	316404	0	0.5	25
	chrIII	316441	0	0.5	25
	chrIII	316450	0	0.5	25
	chrIII	316490	1	0.5	25
	chrIII	316500	1	0.5	25
	chrIII	316515	0	1.0	25
	chrIII	316519	1	0.5	25
	chrIII	316529	0	0.5	25
	chrIII	316531	1	0.5	25
	chrIII	316543	0	0.5	25
	chrIII	316563	1	0.5	25
	chrIII	316577	1	0.5	25
	chrIII	316582	1	0.5	25
	chrIII	316583	1	0.5	25
	chrIII	316604	1	0.5	25
	chrIII	316620	1	0.5	24
